timestamp,listening,est_unreachable,knots_count,core_v30_count,bip110_count,total_count,datetime,date
1493334360,7449.0,37358.0,,,,44807.0,2017-04-27 23:06:00+00:00,2017-04-27
1493337605,7449.0,37358.0,,,,44807.0,2017-04-28 00:00:05+00:00,2017-04-28
1493424005,7537.0,38081.0,,,,45618.0,2017-04-29 00:00:05+00:00,2017-04-29
1493510405,7643.0,37748.0,,,,45391.0,2017-04-30 00:00:05+00:00,2017-04-30
1493596805,7655.0,36941.0,,,,44596.0,2017-05-01 00:00:05+00:00,2017-05-01
1493683203,7663.0,37515.0,,,,45178.0,2017-05-02 00:00:03+00:00,2017-05-02
1493769604,7631.0,38505.0,,,,46136.0,2017-05-03 00:00:04+00:00,2017-05-03
1493856005,7635.0,38289.0,,,,45924.0,2017-05-04 00:00:05+00:00,2017-05-04
1493942403,7647.0,38520.0,,,,46167.0,2017-05-05 00:00:03+00:00,2017-05-05
1494028804,7738.0,39756.0,,,,47494.0,2017-05-06 00:00:04+00:00,2017-05-06
1494115205,7776.0,38561.0,,,,46337.0,2017-05-07 00:00:05+00:00,2017-05-07
1494201605,7846.0,39136.0,,,,46982.0,2017-05-08 00:00:05+00:00,2017-05-08
1494288004,7886.0,39139.0,,,,47025.0,2017-05-09 00:00:04+00:00,2017-05-09
1494374407,7927.0,39312.0,,,,47239.0,2017-05-10 00:00:07+00:00,2017-05-10
1494460804,7978.0,40444.0,,,,48422.0,2017-05-11 00:00:04+00:00,2017-05-11
1494547204,8001.0,39812.0,,,,47813.0,2017-05-12 00:00:04+00:00,2017-05-12
1494633607,8061.0,39996.0,,,,48057.0,2017-05-13 00:00:07+00:00,2017-05-13
1494720007,8173.0,40001.0,,,,48174.0,2017-05-14 00:00:07+00:00,2017-05-14
1494806408,8180.0,39043.0,,,,47223.0,2017-05-15 00:00:08+00:00,2017-05-15
1494892806,8152.0,39480.0,,,,47632.0,2017-05-16 00:00:06+00:00,2017-05-16
1494979205,8068.0,38518.0,,,,46586.0,2017-05-17 00:00:05+00:00,2017-05-17
1495065605,8223.0,38655.0,,,,46878.0,2017-05-18 00:00:05+00:00,2017-05-18
1495152005,8387.0,39323.0,,,,47710.0,2017-05-19 00:00:05+00:00,2017-05-19
1495238421,8554.0,39961.0,,,,48515.0,2017-05-20 00:00:21+00:00,2017-05-20
1495324806,8754.0,40483.0,,,,49237.0,2017-05-21 00:00:06+00:00,2017-05-21
1495411206,8964.0,41140.0,,,,50104.0,2017-05-22 00:00:06+00:00,2017-05-22
1495497607,9117.0,42212.0,,,,51329.0,2017-05-23 00:00:07+00:00,2017-05-23
1495584021,9184.0,42888.0,,,,52072.0,2017-05-24 00:00:21+00:00,2017-05-24
1495670405,9243.0,44008.0,,,,53251.0,2017-05-25 00:00:05+00:00,2017-05-25
1495756807,9379.0,45560.0,,,,54939.0,2017-05-26 00:00:07+00:00,2017-05-26
1495843207,9483.0,47331.0,,,,56814.0,2017-05-27 00:00:07+00:00,2017-05-27
1495929608,9265.0,49211.0,,,,58476.0,2017-05-28 00:00:08+00:00,2017-05-28
1496016006,9339.0,50045.0,,,,59384.0,2017-05-29 00:00:06+00:00,2017-05-29
1496102406,9388.0,50484.0,,,,59872.0,2017-05-30 00:00:06+00:00,2017-05-30
1496188805,9445.0,51894.0,,,,61339.0,2017-05-31 00:00:05+00:00,2017-05-31
1496275207,9468.0,53016.0,,,,62484.0,2017-06-01 00:00:07+00:00,2017-06-01
1496361608,9509.0,55061.0,,,,64570.0,2017-06-02 00:00:08+00:00,2017-06-02
1496448007,9574.0,55740.0,,,,65314.0,2017-06-03 00:00:07+00:00,2017-06-03
1496534406,9657.0,56204.0,,,,65861.0,2017-06-04 00:00:06+00:00,2017-06-04
1496620807,9647.0,56382.0,,,,66029.0,2017-06-05 00:00:07+00:00,2017-06-05
1496707208,9695.0,57513.0,,,,67208.0,2017-06-06 00:00:08+00:00,2017-06-06
1496793624,9775.0,59043.0,,,,68818.0,2017-06-07 00:00:24+00:00,2017-06-07
1496880007,9788.0,59428.0,,,,69216.0,2017-06-08 00:00:07+00:00,2017-06-08
1496966407,9783.0,59759.0,,,,69542.0,2017-06-09 00:00:07+00:00,2017-06-09
1497052807,9841.0,60838.0,,,,70679.0,2017-06-10 00:00:07+00:00,2017-06-10
1497139208,9887.0,62000.0,,,,71887.0,2017-06-11 00:00:08+00:00,2017-06-11
1497225608,9954.0,63858.0,,,,73812.0,2017-06-12 00:00:08+00:00,2017-06-12
1497312013,9950.0,65216.0,,,,75166.0,2017-06-13 00:00:13+00:00,2017-06-13
1497398406,9948.0,65786.0,,,,75734.0,2017-06-14 00:00:06+00:00,2017-06-14
1497484806,10013.0,67476.0,,,,77489.0,2017-06-15 00:00:06+00:00,2017-06-15
1497571206,10054.0,68354.0,,,,78408.0,2017-06-16 00:00:06+00:00,2017-06-16
1497657608,10032.0,69639.0,,,,79671.0,2017-06-17 00:00:08+00:00,2017-06-17
1497744011,10069.0,70392.0,,,,80461.0,2017-06-18 00:00:11+00:00,2017-06-18
1497830412,10081.0,77135.0,,,,87216.0,2017-06-19 00:00:12+00:00,2017-06-19
1497916812,10078.0,73937.0,,,,84015.0,2017-06-20 00:00:12+00:00,2017-06-20
1498003206,10043.0,74248.0,,,,84291.0,2017-06-21 00:00:06+00:00,2017-06-21
1498089608,9997.0,77955.0,,,,87952.0,2017-06-22 00:00:08+00:00,2017-06-22
1498176008,9921.0,78943.0,,,,88864.0,2017-06-23 00:00:08+00:00,2017-06-23
1498262409,9869.0,78006.0,,,,87875.0,2017-06-24 00:00:09+00:00,2017-06-24
1498348807,9889.0,79416.0,,,,89305.0,2017-06-25 00:00:07+00:00,2017-06-25
1498435208,9887.0,81229.0,,,,91116.0,2017-06-26 00:00:08+00:00,2017-06-26
1498521609,9844.0,81635.0,,,,91479.0,2017-06-27 00:00:09+00:00,2017-06-27
1498608009,9817.0,82583.0,,,,92400.0,2017-06-28 00:00:09+00:00,2017-06-28
1498694408,9831.0,83428.0,,,,93259.0,2017-06-29 00:00:08+00:00,2017-06-29
1498780809,9799.0,83546.0,,,,93345.0,2017-06-30 00:00:09+00:00,2017-06-30
1498867210,9736.0,83066.0,,,,92802.0,2017-07-01 00:00:10+00:00,2017-07-01
1498953608,9728.0,83485.0,,,,93213.0,2017-07-02 00:00:08+00:00,2017-07-02
1499040012,9736.0,83993.0,,,,93729.0,2017-07-03 00:00:12+00:00,2017-07-03
1499126408,9725.0,85664.0,,,,95389.0,2017-07-04 00:00:08+00:00,2017-07-04
1499212809,9644.0,85286.0,,,,94930.0,2017-07-05 00:00:09+00:00,2017-07-05
1499299206,9595.0,85946.0,,,,95541.0,2017-07-06 00:00:06+00:00,2017-07-06
1499385618,9604.0,86887.0,,,,96491.0,2017-07-07 00:00:18+00:00,2017-07-07
1499472007,9576.0,87311.0,,,,96887.0,2017-07-08 00:00:07+00:00,2017-07-08
1499558458,9581.0,87627.0,,,,97208.0,2017-07-09 00:00:58+00:00,2017-07-09
1499644810,9521.0,90107.0,,,,99628.0,2017-07-10 00:00:10+00:00,2017-07-10
1499731214,9503.0,89853.0,,,,99356.0,2017-07-11 00:00:14+00:00,2017-07-11
1499817607,9492.0,90131.0,,,,99623.0,2017-07-12 00:00:07+00:00,2017-07-12
1499904008,9431.0,89109.0,,,,98540.0,2017-07-13 00:00:08+00:00,2017-07-13
1499990408,9444.0,91065.0,,,,100509.0,2017-07-14 00:00:08+00:00,2017-07-14
1500076812,9488.0,92168.0,,,,101656.0,2017-07-15 00:00:12+00:00,2017-07-15
1500163209,9534.0,91435.0,,,,100969.0,2017-07-16 00:00:09+00:00,2017-07-16
1500249612,9513.0,91178.0,,,,100691.0,2017-07-17 00:00:12+00:00,2017-07-17
1500336012,9481.0,91515.0,,,,100996.0,2017-07-18 00:00:12+00:00,2017-07-18
1500422415,9476.0,88980.0,,,,98456.0,2017-07-19 00:00:15+00:00,2017-07-19
1500508839,9507.0,88505.0,,,,98012.0,2017-07-20 00:00:39+00:00,2017-07-20
1500595227,9529.0,90406.0,,,,99935.0,2017-07-21 00:00:27+00:00,2017-07-21
1500681620,9563.0,90537.0,,,,100100.0,2017-07-22 00:00:20+00:00,2017-07-22
1500768023,9578.0,90551.0,,,,100129.0,2017-07-23 00:00:23+00:00,2017-07-23
1500854420,9641.0,91118.0,,,,100759.0,2017-07-24 00:00:20+00:00,2017-07-24
1500940816,9668.0,93169.0,,,,102837.0,2017-07-25 00:00:16+00:00,2017-07-25
1501027218,9724.0,93321.0,,,,103045.0,2017-07-26 00:00:18+00:00,2017-07-26
1501113616,9762.0,94451.0,,,,104213.0,2017-07-27 00:00:16+00:00,2017-07-27
1501200007,9819.0,95798.0,,,,105617.0,2017-07-28 00:00:07+00:00,2017-07-28
1501286406,9867.0,96020.0,,,,105887.0,2017-07-29 00:00:06+00:00,2017-07-29
1501372809,9934.0,96587.0,,,,106521.0,2017-07-30 00:00:09+00:00,2017-07-30
1501459209,10011.0,97346.0,,,,107357.0,2017-07-31 00:00:09+00:00,2017-07-31
1501545610,10029.0,97832.0,,,,107861.0,2017-08-01 00:00:10+00:00,2017-08-01
1501632006,10093.0,96813.0,,,,106906.0,2017-08-02 00:00:06+00:00,2017-08-02
1501718407,10093.0,96899.0,,,,106992.0,2017-08-03 00:00:07+00:00,2017-08-03
1501804806,10085.0,96784.0,,,,106869.0,2017-08-04 00:00:06+00:00,2017-08-04
1501891206,10100.0,97372.0,,,,107472.0,2017-08-05 00:00:06+00:00,2017-08-05
1501977607,10097.0,97911.0,,,,108008.0,2017-08-06 00:00:07+00:00,2017-08-06
1502064009,10152.0,98346.0,,,,108498.0,2017-08-07 00:00:09+00:00,2017-08-07
1502150408,10164.0,97687.0,,,,107851.0,2017-08-08 00:00:08+00:00,2017-08-08
1502236807,10110.0,96794.0,,,,106904.0,2017-08-09 00:00:07+00:00,2017-08-09
1502323209,10109.0,97357.0,,,,107466.0,2017-08-10 00:00:09+00:00,2017-08-10
1502409606,10134.0,98194.0,,,,108328.0,2017-08-11 00:00:06+00:00,2017-08-11
1502496006,10150.0,96130.0,,,,106280.0,2017-08-12 00:00:06+00:00,2017-08-12
1502582409,10130.0,97961.0,,,,108091.0,2017-08-13 00:00:09+00:00,2017-08-13
1502668810,10142.0,97213.0,,,,107355.0,2017-08-14 00:00:10+00:00,2017-08-14
1502755211,10196.0,97389.0,,,,107585.0,2017-08-15 00:00:11+00:00,2017-08-15
1502841618,10263.0,98519.0,,,,108782.0,2017-08-16 00:00:18+00:00,2017-08-16
1502928008,10275.0,98798.0,,,,109073.0,2017-08-17 00:00:08+00:00,2017-08-17
1503014408,10297.0,99126.0,,,,109423.0,2017-08-18 00:00:08+00:00,2017-08-18
1503100814,10301.0,99503.0,,,,109804.0,2017-08-19 00:00:14+00:00,2017-08-19
1503187231,10303.0,99406.0,,,,109709.0,2017-08-20 00:00:31+00:00,2017-08-20
1503273609,10305.0,100829.0,,,,111134.0,2017-08-21 00:00:09+00:00,2017-08-21
1503360009,10323.0,101361.0,,,,111684.0,2017-08-22 00:00:09+00:00,2017-08-22
1503446408,10328.0,100844.0,,,,111172.0,2017-08-23 00:00:08+00:00,2017-08-23
1503532808,10310.0,100434.0,,,,110744.0,2017-08-24 00:00:08+00:00,2017-08-24
1503619209,10311.0,100268.0,,,,110579.0,2017-08-25 00:00:09+00:00,2017-08-25
1503705610,10372.0,99887.0,,,,110259.0,2017-08-26 00:00:10+00:00,2017-08-26
1503792009,10406.0,99548.0,,,,109954.0,2017-08-27 00:00:09+00:00,2017-08-27
1503878410,10368.0,98432.0,,,,108800.0,2017-08-28 00:00:10+00:00,2017-08-28
1503964831,10359.0,97745.0,,,,108104.0,2017-08-29 00:00:31+00:00,2017-08-29
1504051212,10273.0,98718.0,,,,108991.0,2017-08-30 00:00:12+00:00,2017-08-30
1504137608,10226.0,98812.0,,,,109038.0,2017-08-31 00:00:08+00:00,2017-08-31
1504224009,10204.0,98105.0,,,,108309.0,2017-09-01 00:00:09+00:00,2017-09-01
1504310411,10227.0,99715.0,,,,109942.0,2017-09-02 00:00:11+00:00,2017-09-02
1504396810,10259.0,100406.0,,,,110665.0,2017-09-03 00:00:10+00:00,2017-09-03
1504483208,10255.0,100570.0,,,,110825.0,2017-09-04 00:00:08+00:00,2017-09-04
1504569610,10266.0,100073.0,,,,110339.0,2017-09-05 00:00:10+00:00,2017-09-05
1504656009,10265.0,99056.0,,,,109321.0,2017-09-06 00:00:09+00:00,2017-09-06
1504742410,10281.0,98885.0,,,,109166.0,2017-09-07 00:00:10+00:00,2017-09-07
1504828813,10273.0,98234.0,,,,108507.0,2017-09-08 00:00:13+00:00,2017-09-08
1504915209,10260.0,97768.0,,,,108028.0,2017-09-09 00:00:09+00:00,2017-09-09
1505001613,10277.0,98536.0,,,,108813.0,2017-09-10 00:00:13+00:00,2017-09-10
1505088009,10242.0,97758.0,,,,108000.0,2017-09-11 00:00:09+00:00,2017-09-11
1505174411,10138.0,96244.0,,,,106382.0,2017-09-12 00:00:11+00:00,2017-09-12
1505260808,10055.0,95520.0,,,,105575.0,2017-09-13 00:00:08+00:00,2017-09-13
1505347209,10099.0,95248.0,,,,105347.0,2017-09-14 00:00:09+00:00,2017-09-14
1505433609,10058.0,95223.0,,,,105281.0,2017-09-15 00:00:09+00:00,2017-09-15
1505520007,9896.0,96742.0,,,,106638.0,2017-09-16 00:00:07+00:00,2017-09-16
1505606414,9925.0,98046.0,,,,107971.0,2017-09-17 00:00:14+00:00,2017-09-17
1505692809,9926.0,99037.0,,,,108963.0,2017-09-18 00:00:09+00:00,2017-09-18
1505779209,9896.0,100219.0,,,,110115.0,2017-09-19 00:00:09+00:00,2017-09-19
1505865608,9895.0,100706.0,,,,110601.0,2017-09-20 00:00:08+00:00,2017-09-20
1505952017,9915.0,100755.0,,,,110670.0,2017-09-21 00:00:17+00:00,2017-09-21
1506038407,9907.0,101512.0,,,,111419.0,2017-09-22 00:00:07+00:00,2017-09-22
1506124808,9884.0,100090.0,,,,109974.0,2017-09-23 00:00:08+00:00,2017-09-23
1506211208,9843.0,99719.0,,,,109562.0,2017-09-24 00:00:08+00:00,2017-09-24
1506297608,9805.0,99122.0,,,,108927.0,2017-09-25 00:00:08+00:00,2017-09-25
1506384007,9741.0,99423.0,,,,109164.0,2017-09-26 00:00:07+00:00,2017-09-26
1506470410,9680.0,98177.0,,,,107857.0,2017-09-27 00:00:10+00:00,2017-09-27
1506556808,9654.0,97348.0,,,,107002.0,2017-09-28 00:00:08+00:00,2017-09-28
1506643208,9603.0,94897.0,,,,104500.0,2017-09-29 00:00:08+00:00,2017-09-29
1506729609,9605.0,93610.0,,,,103215.0,2017-09-30 00:00:09+00:00,2017-09-30
1506816009,9556.0,91898.0,,,,101454.0,2017-10-01 00:00:09+00:00,2017-10-01
1506902412,9500.0,90719.0,,,,100219.0,2017-10-02 00:00:12+00:00,2017-10-02
1506988809,9465.0,90675.0,,,,100140.0,2017-10-03 00:00:09+00:00,2017-10-03
1507075212,9396.0,90461.0,,,,99857.0,2017-10-04 00:00:12+00:00,2017-10-04
1507161639,9334.0,90345.0,,,,99679.0,2017-10-05 00:00:39+00:00,2017-10-05
1507248011,9284.0,89204.0,,,,98488.0,2017-10-06 00:00:11+00:00,2017-10-06
1507334414,9291.0,88326.0,,,,97617.0,2017-10-07 00:00:14+00:00,2017-10-07
1507420813,9248.0,87509.0,,,,96757.0,2017-10-08 00:00:13+00:00,2017-10-08
1507507212,9256.0,87272.0,,,,96528.0,2017-10-09 00:00:12+00:00,2017-10-09
1507593609,9270.0,86193.0,,,,95463.0,2017-10-10 00:00:09+00:00,2017-10-10
1507680013,9278.0,85095.0,,,,94373.0,2017-10-11 00:00:13+00:00,2017-10-11
1507766414,9213.0,83067.0,,,,92280.0,2017-10-12 00:00:14+00:00,2017-10-12
1507852832,9226.0,83358.0,,,,92584.0,2017-10-13 00:00:32+00:00,2017-10-13
1507939230,9221.0,84147.0,,,,93368.0,2017-10-14 00:00:30+00:00,2017-10-14
1508025620,9245.0,84524.0,,,,93769.0,2017-10-15 00:00:20+00:00,2017-10-15
1508112040,9228.0,84153.0,,,,93381.0,2017-10-16 00:00:40+00:00,2017-10-16
1508198407,9210.0,84492.0,,,,93702.0,2017-10-17 00:00:07+00:00,2017-10-17
1508284833,9187.0,84645.0,,,,93832.0,2017-10-18 00:00:33+00:00,2017-10-18
1508371216,9190.0,84635.0,,,,93825.0,2017-10-19 00:00:16+00:00,2017-10-19
1508457612,9211.0,84490.0,,,,93701.0,2017-10-20 00:00:12+00:00,2017-10-20
1508544033,9233.0,84452.0,,,,93685.0,2017-10-21 00:00:33+00:00,2017-10-21
1508630414,9318.0,85685.0,,,,95003.0,2017-10-22 00:00:14+00:00,2017-10-22
1508716812,9383.0,86573.0,,,,95956.0,2017-10-23 00:00:12+00:00,2017-10-23
1508803215,9425.0,86671.0,,,,96096.0,2017-10-24 00:00:15+00:00,2017-10-24
1508889609,9401.0,88284.0,,,,97685.0,2017-10-25 00:00:09+00:00,2017-10-25
1508976014,9546.0,88557.0,,,,98103.0,2017-10-26 00:00:14+00:00,2017-10-26
1509062415,9796.0,89739.0,,,,99535.0,2017-10-27 00:00:15+00:00,2017-10-27
1509148833,10082.0,90292.0,,,,100374.0,2017-10-28 00:00:33+00:00,2017-10-28
1509235215,10343.0,91389.0,,,,101732.0,2017-10-29 00:00:15+00:00,2017-10-29
1509321633,10578.0,92805.0,,,,103383.0,2017-10-30 00:00:33+00:00,2017-10-30
1509408011,10851.0,93967.0,,,,104818.0,2017-10-31 00:00:11+00:00,2017-10-31
1509494414,11141.0,97647.0,,,,108788.0,2017-11-01 00:00:14+00:00,2017-11-01
1509580831,11449.0,98318.0,,,,109767.0,2017-11-02 00:00:31+00:00,2017-11-02
1509667214,11742.0,101044.0,,,,112786.0,2017-11-03 00:00:14+00:00,2017-11-03
1509753620,12104.0,104436.0,,,,116540.0,2017-11-04 00:00:20+00:00,2017-11-04
1509840047,12468.0,107606.0,,,,120074.0,2017-11-05 00:00:47+00:00,2017-11-05
1509926413,12758.0,109759.0,,,,122517.0,2017-11-06 00:00:13+00:00,2017-11-06
1510012811,13089.0,112455.0,,,,125544.0,2017-11-07 00:00:11+00:00,2017-11-07
1510099217,13381.0,113752.0,,,,127133.0,2017-11-08 00:00:17+00:00,2017-11-08
1510185627,13734.0,115581.0,,,,129315.0,2017-11-09 00:00:27+00:00,2017-11-09
1510272011,14048.0,118471.0,,,,132519.0,2017-11-10 00:00:11+00:00,2017-11-10
1510358410,14339.0,118686.0,,,,133025.0,2017-11-11 00:00:10+00:00,2017-11-11
1510444825,14606.0,121263.0,,,,135869.0,2017-11-12 00:00:25+00:00,2017-11-12
1510531224,14838.0,124818.0,,,,139656.0,2017-11-13 00:00:24+00:00,2017-11-13
1510617609,15094.0,126937.0,,,,142031.0,2017-11-14 00:00:09+00:00,2017-11-14
1510704010,15367.0,131254.0,,,,146621.0,2017-11-15 00:00:10+00:00,2017-11-15
1510790430,15619.0,133383.0,,,,149002.0,2017-11-16 00:00:30+00:00,2017-11-16
1510876826,15853.0,135534.0,,,,151387.0,2017-11-17 00:00:26+00:00,2017-11-17
1510963217,16080.0,136450.0,,,,152530.0,2017-11-18 00:00:17+00:00,2017-11-18
1511049612,16330.0,136164.0,,,,152494.0,2017-11-19 00:00:12+00:00,2017-11-19
1511136013,16580.0,137810.0,,,,154390.0,2017-11-20 00:00:13+00:00,2017-11-20
1511222430,16825.0,138871.0,,,,155696.0,2017-11-21 00:00:30+00:00,2017-11-21
1511308825,17060.0,138520.0,,,,155580.0,2017-11-22 00:00:25+00:00,2017-11-22
1511395212,17095.0,138439.0,,,,155534.0,2017-11-23 00:00:12+00:00,2017-11-23
1511481615,17160.0,139446.0,,,,156606.0,2017-11-24 00:00:15+00:00,2017-11-24
1511568010,17183.0,142085.0,,,,159268.0,2017-11-25 00:00:10+00:00,2017-11-25
1511654417,17199.0,142881.0,,,,160080.0,2017-11-26 00:00:17+00:00,2017-11-26
1515888015,18390.0,187066.0,,,,205456.0,2018-01-14 00:00:15+00:00,2018-01-14
1515974413,18276.0,184914.0,,,,203190.0,2018-01-15 00:00:13+00:00,2018-01-15
1516060814,18148.0,182940.0,,,,201088.0,2018-01-16 00:00:14+00:00,2018-01-16
1516147212,18069.0,180527.0,,,,198596.0,2018-01-17 00:00:12+00:00,2018-01-17
1516233614,17944.0,180416.0,,,,198360.0,2018-01-18 00:00:14+00:00,2018-01-18
1516320011,17832.0,179175.0,,,,197007.0,2018-01-19 00:00:11+00:00,2018-01-19
1516406411,17751.0,178376.0,,,,196127.0,2018-01-20 00:00:11+00:00,2018-01-20
1516492815,17648.0,177669.0,,,,195317.0,2018-01-21 00:00:15+00:00,2018-01-21
1516579210,17612.0,176812.0,,,,194424.0,2018-01-22 00:00:10+00:00,2018-01-22
1516665611,17479.0,174712.0,,,,192191.0,2018-01-23 00:00:11+00:00,2018-01-23
1516752011,17516.0,172841.0,,,,190357.0,2018-01-24 00:00:11+00:00,2018-01-24
1516838410,17457.0,172124.0,,,,189581.0,2018-01-25 00:00:10+00:00,2018-01-25
1516924819,17353.0,171285.0,,,,188638.0,2018-01-26 00:00:19+00:00,2018-01-26
1517011214,17345.0,171189.0,,,,188534.0,2018-01-27 00:00:14+00:00,2018-01-27
1517097613,17334.0,169361.0,,,,186695.0,2018-01-28 00:00:13+00:00,2018-01-28
1517184010,17297.0,167905.0,,,,185202.0,2018-01-29 00:00:10+00:00,2018-01-29
1517270410,17207.0,166392.0,,,,183599.0,2018-01-30 00:00:10+00:00,2018-01-30
1517356810,17119.0,165105.0,,,,182224.0,2018-01-31 00:00:10+00:00,2018-01-31
1517443210,17011.0,163417.0,,,,180428.0,2018-02-01 00:00:10+00:00,2018-02-01
1517529611,16911.0,162437.0,,,,179348.0,2018-02-02 00:00:11+00:00,2018-02-02
1517616010,16845.0,162533.0,,,,179378.0,2018-02-03 00:00:10+00:00,2018-02-03
1517702417,16715.0,162669.0,,,,179384.0,2018-02-04 00:00:17+00:00,2018-02-04
1517788811,16561.0,161563.0,,,,178124.0,2018-02-05 00:00:11+00:00,2018-02-05
1517875210,16409.0,160597.0,,,,177006.0,2018-02-06 00:00:10+00:00,2018-02-06
1517961615,16334.0,157546.0,,,,173880.0,2018-02-07 00:00:15+00:00,2018-02-07
1518048011,16218.0,157363.0,,,,173581.0,2018-02-08 00:00:11+00:00,2018-02-08
1518134411,16157.0,156593.0,,,,172750.0,2018-02-09 00:00:11+00:00,2018-02-09
1518220814,16050.0,154759.0,,,,170809.0,2018-02-10 00:00:14+00:00,2018-02-10
1518307215,16030.0,155373.0,,,,171403.0,2018-02-11 00:00:15+00:00,2018-02-11
1518393611,15971.0,152896.0,,,,168867.0,2018-02-12 00:00:11+00:00,2018-02-12
1518480016,15895.0,150581.0,,,,166476.0,2018-02-13 00:00:16+00:00,2018-02-13
1518566415,15854.0,149529.0,,,,165383.0,2018-02-14 00:00:15+00:00,2018-02-14
1518652813,15740.0,147862.0,,,,163602.0,2018-02-15 00:00:13+00:00,2018-02-15
1518739211,15670.0,147150.0,,,,162820.0,2018-02-16 00:00:11+00:00,2018-02-16
1518825612,15650.0,146712.0,,,,162362.0,2018-02-17 00:00:12+00:00,2018-02-17
1518912011,15616.0,146246.0,,,,161862.0,2018-02-18 00:00:11+00:00,2018-02-18
1518998411,15535.0,145986.0,,,,161521.0,2018-02-19 00:00:11+00:00,2018-02-19
1519084812,15484.0,144541.0,,,,160025.0,2018-02-20 00:00:12+00:00,2018-02-20
1519171211,15382.0,142947.0,,,,158329.0,2018-02-21 00:00:11+00:00,2018-02-21
1519257614,15361.0,141781.0,,,,157142.0,2018-02-22 00:00:14+00:00,2018-02-22
1519344010,15341.0,140706.0,,,,156047.0,2018-02-23 00:00:10+00:00,2018-02-23
1519430418,15351.0,139491.0,,,,154842.0,2018-02-24 00:00:18+00:00,2018-02-24
1519516916,15313.0,137841.0,,,,153154.0,2018-02-25 00:01:56+00:00,2018-02-25
1519603217,15285.0,136715.0,,,,152000.0,2018-02-26 00:00:17+00:00,2018-02-26
1519689641,15346.0,136869.0,,,,152215.0,2018-02-27 00:00:41+00:00,2018-02-27
1519776013,15402.0,138945.0,,,,154347.0,2018-02-28 00:00:13+00:00,2018-02-28
1519862451,15531.0,139236.0,,,,154767.0,2018-03-01 00:00:51+00:00,2018-03-01
1519948814,15710.0,137370.0,,,,153080.0,2018-03-02 00:00:14+00:00,2018-03-02
1520035254,15827.0,137652.0,,,,153479.0,2018-03-03 00:00:54+00:00,2018-03-03
1520121627,16002.0,137722.0,,,,153724.0,2018-03-04 00:00:27+00:00,2018-03-04
1520208012,15992.0,134985.0,,,,150977.0,2018-03-05 00:00:12+00:00,2018-03-05
1520294411,16184.0,133701.0,,,,149885.0,2018-03-06 00:00:11+00:00,2018-03-06
1520380812,16302.0,132875.0,,,,149177.0,2018-03-07 00:00:12+00:00,2018-03-07
1520467210,16412.0,131831.0,,,,148243.0,2018-03-08 00:00:10+00:00,2018-03-08
1520553614,16703.0,133419.0,,,,150122.0,2018-03-09 00:00:14+00:00,2018-03-09
1520640012,16901.0,133257.0,,,,150158.0,2018-03-10 00:00:12+00:00,2018-03-10
1520726414,17151.0,134415.0,,,,151566.0,2018-03-11 00:00:14+00:00,2018-03-11
1520812813,17420.0,134585.0,,,,152005.0,2018-03-12 00:00:13+00:00,2018-03-12
1520899214,17641.0,134536.0,,,,152177.0,2018-03-13 00:00:14+00:00,2018-03-13
1520985611,18013.0,135471.0,,,,153484.0,2018-03-14 00:00:11+00:00,2018-03-14
1521072010,18431.0,137234.0,,,,155665.0,2018-03-15 00:00:10+00:00,2018-03-15
1521158415,18696.0,138539.0,,,,157235.0,2018-03-16 00:00:15+00:00,2018-03-16
1521244810,18937.0,139756.0,,,,158693.0,2018-03-17 00:00:10+00:00,2018-03-17
1521417615,19579.0,139312.0,,,,158891.0,2018-03-19 00:00:15+00:00,2018-03-19
1521504009,19871.0,139969.0,,,,159840.0,2018-03-20 00:00:09+00:00,2018-03-20
1521590409,20215.0,140986.0,,,,161201.0,2018-03-21 00:00:09+00:00,2018-03-21
1521676810,20469.0,140215.0,,,,160684.0,2018-03-22 00:00:10+00:00,2018-03-22
1521763211,20585.0,140383.0,,,,160968.0,2018-03-23 00:00:11+00:00,2018-03-23
1521849611,20801.0,140780.0,,,,161581.0,2018-03-24 00:00:11+00:00,2018-03-24
1521936011,20987.0,141641.0,,,,162628.0,2018-03-25 00:00:11+00:00,2018-03-25
1522022412,21130.0,141429.0,,,,162559.0,2018-03-26 00:00:12+00:00,2018-03-26
1522108811,21357.0,142011.0,,,,163368.0,2018-03-27 00:00:11+00:00,2018-03-27
1522195211,21751.0,143440.0,,,,165191.0,2018-03-28 00:00:11+00:00,2018-03-28
1522281615,21972.0,143088.0,,,,165060.0,2018-03-29 00:00:15+00:00,2018-03-29
1522368012,22479.0,142973.0,,,,165452.0,2018-03-30 00:00:12+00:00,2018-03-30
1522454411,22583.0,142289.0,,,,164872.0,2018-03-31 00:00:11+00:00,2018-03-31
1522540815,22862.0,141493.0,,,,164355.0,2018-04-01 00:00:15+00:00,2018-04-01
1522627212,23076.0,140542.0,,,,163618.0,2018-04-02 00:00:12+00:00,2018-04-02
1522713610,23189.0,138929.0,,,,162118.0,2018-04-03 00:00:10+00:00,2018-04-03
1522800009,23273.0,139421.0,,,,162694.0,2018-04-04 00:00:09+00:00,2018-04-04
1522886411,23369.0,138616.0,,,,161985.0,2018-04-05 00:00:11+00:00,2018-04-05
1522972811,23333.0,136015.0,,,,159348.0,2018-04-06 00:00:11+00:00,2018-04-06
1523059220,23383.0,135232.0,,,,158615.0,2018-04-07 00:00:20+00:00,2018-04-07
1523145610,23260.0,134992.0,,,,158252.0,2018-04-08 00:00:10+00:00,2018-04-08
1523232011,23233.0,133163.0,,,,156396.0,2018-04-09 00:00:11+00:00,2018-04-09
1523318410,23095.0,131222.0,,,,154317.0,2018-04-10 00:00:10+00:00,2018-04-10
1523404811,22875.0,130690.0,,,,153565.0,2018-04-11 00:00:11+00:00,2018-04-11
1523491212,22713.0,129711.0,,,,152424.0,2018-04-12 00:00:12+00:00,2018-04-12
1523577612,22699.0,129822.0,,,,152521.0,2018-04-13 00:00:12+00:00,2018-04-13
1523664011,22573.0,128776.0,,,,151349.0,2018-04-14 00:00:11+00:00,2018-04-14
1523750411,22445.0,126514.0,,,,148959.0,2018-04-15 00:00:11+00:00,2018-04-15
1523836812,22244.0,125669.0,,,,147913.0,2018-04-16 00:00:12+00:00,2018-04-16
1523923211,22096.0,123452.0,,,,145548.0,2018-04-17 00:00:11+00:00,2018-04-17
1524009612,22227.0,124538.0,,,,146765.0,2018-04-18 00:00:12+00:00,2018-04-18
1524096011,22278.0,124842.0,,,,147120.0,2018-04-19 00:00:11+00:00,2018-04-19
1524182410,22389.0,124473.0,,,,146862.0,2018-04-20 00:00:10+00:00,2018-04-20
1524268811,22285.0,123722.0,,,,146007.0,2018-04-21 00:00:11+00:00,2018-04-21
1524355216,22140.0,122597.0,,,,144737.0,2018-04-22 00:00:16+00:00,2018-04-22
1524441612,21994.0,121110.0,,,,143104.0,2018-04-23 00:00:12+00:00,2018-04-23
1524528012,21844.0,118910.0,,,,140754.0,2018-04-24 00:00:12+00:00,2018-04-24
1524614409,21645.0,118799.0,,,,140444.0,2018-04-25 00:00:09+00:00,2018-04-25
1524700809,21487.0,117450.0,,,,138937.0,2018-04-26 00:00:09+00:00,2018-04-26
1524787209,21230.0,117470.0,,,,138700.0,2018-04-27 00:00:09+00:00,2018-04-27
1524873611,21180.0,116660.0,,,,137840.0,2018-04-28 00:00:11+00:00,2018-04-28
1524960009,20990.0,116235.0,,,,137225.0,2018-04-29 00:00:09+00:00,2018-04-29
1525046408,20810.0,116127.0,,,,136937.0,2018-04-30 00:00:08+00:00,2018-04-30
1525132810,20743.0,115698.0,,,,136441.0,2018-05-01 00:00:10+00:00,2018-05-01
1525219209,20622.0,115355.0,,,,135977.0,2018-05-02 00:00:09+00:00,2018-05-02
1525305612,20586.0,115781.0,,,,136367.0,2018-05-03 00:00:12+00:00,2018-05-03
1525392010,20607.0,116562.0,,,,137169.0,2018-05-04 00:00:10+00:00,2018-05-04
1525478411,20583.0,116033.0,,,,136616.0,2018-05-05 00:00:11+00:00,2018-05-05
1525564814,20609.0,116950.0,,,,137559.0,2018-05-06 00:00:14+00:00,2018-05-06
1525651209,20520.0,116583.0,,,,137103.0,2018-05-07 00:00:09+00:00,2018-05-07
1525737612,20437.0,116207.0,,,,136644.0,2018-05-08 00:00:12+00:00,2018-05-08
1525824010,20388.0,116875.0,,,,137263.0,2018-05-09 00:00:10+00:00,2018-05-09
1525910414,20378.0,116868.0,,,,137246.0,2018-05-10 00:00:14+00:00,2018-05-10
1525996809,20376.0,117934.0,,,,138310.0,2018-05-11 00:00:09+00:00,2018-05-11
1526083212,20055.0,118631.0,,,,138686.0,2018-05-12 00:00:12+00:00,2018-05-12
1526169651,19541.0,118030.0,,,,137571.0,2018-05-13 00:00:51+00:00,2018-05-13
1526256026,19030.0,117030.0,,,,136060.0,2018-05-14 00:00:26+00:00,2018-05-14
1526342428,18493.0,115164.0,,,,133657.0,2018-05-15 00:00:28+00:00,2018-05-15
1526428807,17853.0,114013.0,,,,131866.0,2018-05-16 00:00:07+00:00,2018-05-16
1526515246,17308.0,110468.0,,,,127776.0,2018-05-17 00:00:46+00:00,2018-05-17
1526601633,16792.0,109403.0,,,,126195.0,2018-05-18 00:00:33+00:00,2018-05-18
1526688010,16219.0,107628.0,,,,123847.0,2018-05-19 00:00:10+00:00,2018-05-19
1526774412,15705.0,105394.0,,,,121099.0,2018-05-20 00:00:12+00:00,2018-05-20
1526860806,15118.0,103069.0,,,,118187.0,2018-05-21 00:00:06+00:00,2018-05-21
1526947216,14615.0,101620.0,,,,116235.0,2018-05-22 00:00:16+00:00,2018-05-22
1527033606,14168.0,101290.0,,,,115458.0,2018-05-23 00:00:06+00:00,2018-05-23
1527120042,13703.0,100347.0,,,,114050.0,2018-05-24 00:00:42+00:00,2018-05-24
1527206406,13249.0,99156.0,,,,112405.0,2018-05-25 00:00:06+00:00,2018-05-25
1527292805,12834.0,99093.0,,,,111927.0,2018-05-26 00:00:05+00:00,2018-05-26
1527379209,12359.0,98606.0,,,,110965.0,2018-05-27 00:00:09+00:00,2018-05-27
1527465606,11966.0,96667.0,,,,108633.0,2018-05-28 00:00:06+00:00,2018-05-28
1527552006,11504.0,96488.0,,,,107992.0,2018-05-29 00:00:06+00:00,2018-05-29
1527638407,11021.0,91418.0,,,,102439.0,2018-05-30 00:00:07+00:00,2018-05-30
1527724809,10542.0,89518.0,,,,100060.0,2018-05-31 00:00:09+00:00,2018-05-31
1527811206,10046.0,87795.0,,,,97841.0,2018-06-01 00:00:06+00:00,2018-06-01
1527897630,10280.0,93784.0,,,,104064.0,2018-06-02 00:00:30+00:00,2018-06-02
1527984011,11109.0,89535.0,,,,100644.0,2018-06-03 00:00:11+00:00,2018-06-03
1528070409,7047.0,75714.0,,,,82761.0,2018-06-04 00:00:09+00:00,2018-06-04
1528156817,7358.0,79567.0,,,,86925.0,2018-06-05 00:00:17+00:00,2018-06-05
1528243210,7106.0,73631.0,,,,80737.0,2018-06-06 00:00:10+00:00,2018-06-06
1528329609,7065.0,76900.0,,,,83965.0,2018-06-07 00:00:09+00:00,2018-06-07
1528416010,7135.0,77351.0,,,,84486.0,2018-06-08 00:00:10+00:00,2018-06-08
1528502410,7141.0,75936.0,,,,83077.0,2018-06-09 00:00:10+00:00,2018-06-09
1528588809,7223.0,76426.0,,,,83649.0,2018-06-10 00:00:09+00:00,2018-06-10
1528675211,7249.0,75727.0,,,,82976.0,2018-06-11 00:00:11+00:00,2018-06-11
1528761609,7425.0,77108.0,,,,84533.0,2018-06-12 00:00:09+00:00,2018-06-12
1528848011,7581.0,77463.0,,,,85044.0,2018-06-13 00:00:11+00:00,2018-06-13
1528934410,7784.0,79317.0,,,,87101.0,2018-06-14 00:00:10+00:00,2018-06-14
1529020810,7903.0,79530.0,,,,87433.0,2018-06-15 00:00:10+00:00,2018-06-15
1529107209,8000.0,80048.0,,,,88048.0,2018-06-16 00:00:09+00:00,2018-06-16
1529193610,7804.0,79184.0,,,,86988.0,2018-06-17 00:00:10+00:00,2018-06-17
1529280010,7827.0,78516.0,,,,86343.0,2018-06-18 00:00:10+00:00,2018-06-18
1529366409,7880.0,77594.0,,,,85474.0,2018-06-19 00:00:09+00:00,2018-06-19
1529452808,8119.0,79243.0,,,,87362.0,2018-06-20 00:00:08+00:00,2018-06-20
1529539210,8025.0,78773.0,,,,86798.0,2018-06-21 00:00:10+00:00,2018-06-21
1529625613,8261.0,79120.0,,,,87381.0,2018-06-22 00:00:13+00:00,2018-06-22
1529712008,8257.0,79028.0,,,,87285.0,2018-06-23 00:00:08+00:00,2018-06-23
1529798411,8387.0,79561.0,,,,87948.0,2018-06-24 00:00:11+00:00,2018-06-24
1529884809,8252.0,78559.0,,,,86811.0,2018-06-25 00:00:09+00:00,2018-06-25
1529971210,8289.0,80903.0,,,,89192.0,2018-06-26 00:00:10+00:00,2018-06-26
1530057611,8324.0,79689.0,,,,88013.0,2018-06-27 00:00:11+00:00,2018-06-27
1530144010,8494.0,79784.0,,,,88278.0,2018-06-28 00:00:10+00:00,2018-06-28
1530230409,8482.0,78952.0,,,,87434.0,2018-06-29 00:00:09+00:00,2018-06-29
1530316811,8502.0,80725.0,,,,89227.0,2018-06-30 00:00:11+00:00,2018-06-30
1530403210,8372.0,79010.0,,,,87382.0,2018-07-01 00:00:10+00:00,2018-07-01
1530489609,8306.0,79381.0,,,,87687.0,2018-07-02 00:00:09+00:00,2018-07-02
1530576009,8110.0,77758.0,,,,85868.0,2018-07-03 00:00:09+00:00,2018-07-03
1530662413,8091.0,77794.0,,,,85885.0,2018-07-04 00:00:13+00:00,2018-07-04
1530748810,8084.0,77258.0,,,,85342.0,2018-07-05 00:00:10+00:00,2018-07-05
1530835209,8067.0,76676.0,,,,84743.0,2018-07-06 00:00:09+00:00,2018-07-06
1530921609,8116.0,76725.0,,,,84841.0,2018-07-07 00:00:09+00:00,2018-07-07
1531008010,8110.0,77996.0,,,,86106.0,2018-07-08 00:00:10+00:00,2018-07-08
1531094410,8017.0,76462.0,,,,84479.0,2018-07-09 00:00:10+00:00,2018-07-09
1531180809,7917.0,74607.0,,,,82524.0,2018-07-10 00:00:09+00:00,2018-07-10
1531267209,7969.0,75360.0,,,,83329.0,2018-07-11 00:00:09+00:00,2018-07-11
1531353609,7924.0,71976.0,,,,79900.0,2018-07-12 00:00:09+00:00,2018-07-12
1531440009,7947.0,72039.0,,,,79986.0,2018-07-13 00:00:09+00:00,2018-07-13
1531526409,8048.0,73886.0,,,,81934.0,2018-07-14 00:00:09+00:00,2018-07-14
1531612811,8059.0,73417.0,,,,81476.0,2018-07-15 00:00:11+00:00,2018-07-15
1531699209,8098.0,72983.0,,,,81081.0,2018-07-16 00:00:09+00:00,2018-07-16
1531785608,8044.0,72715.0,,,,80759.0,2018-07-17 00:00:08+00:00,2018-07-17
1531872010,8001.0,72558.0,,,,80559.0,2018-07-18 00:00:10+00:00,2018-07-18
1531958410,8072.0,73528.0,,,,81600.0,2018-07-19 00:00:10+00:00,2018-07-19
1532044809,8249.0,74090.0,,,,82339.0,2018-07-20 00:00:09+00:00,2018-07-20
1532131210,8115.0,73444.0,,,,81559.0,2018-07-21 00:00:10+00:00,2018-07-21
1532217611,8128.0,74789.0,,,,82917.0,2018-07-22 00:00:11+00:00,2018-07-22
1532304011,8034.0,75556.0,,,,83590.0,2018-07-23 00:00:11+00:00,2018-07-23
1532390410,8078.0,75582.0,,,,83660.0,2018-07-24 00:00:10+00:00,2018-07-24
1532476811,8108.0,75786.0,,,,83894.0,2018-07-25 00:00:11+00:00,2018-07-25
1532563209,8132.0,77643.0,,,,85775.0,2018-07-26 00:00:09+00:00,2018-07-26
1532649610,8173.0,77611.0,,,,85784.0,2018-07-27 00:00:10+00:00,2018-07-27
1532736010,8096.0,77126.0,,,,85222.0,2018-07-28 00:00:10+00:00,2018-07-28
1532822411,8009.0,76715.0,,,,84724.0,2018-07-29 00:00:11+00:00,2018-07-29
1532908811,8043.0,76020.0,,,,84063.0,2018-07-30 00:00:11+00:00,2018-07-30
1532995211,7988.0,78641.0,,,,86629.0,2018-07-31 00:00:11+00:00,2018-07-31
1533081610,7972.0,78883.0,,,,86855.0,2018-08-01 00:00:10+00:00,2018-08-01
1533168009,8106.0,79347.0,,,,87453.0,2018-08-02 00:00:09+00:00,2018-08-02
1533254410,8151.0,81065.0,,,,89216.0,2018-08-03 00:00:10+00:00,2018-08-03
1533340825,7912.0,83053.0,,,,90965.0,2018-08-04 00:00:25+00:00,2018-08-04
1533427223,7946.0,83339.0,,,,91285.0,2018-08-05 00:00:23+00:00,2018-08-05
1533513612,7888.0,82855.0,,,,90743.0,2018-08-06 00:00:12+00:00,2018-08-06
1533600011,8013.0,83996.0,,,,92009.0,2018-08-07 00:00:11+00:00,2018-08-07
1533686410,7912.0,82219.0,,,,90131.0,2018-08-08 00:00:10+00:00,2018-08-08
1533772811,7820.0,81757.0,,,,89577.0,2018-08-09 00:00:11+00:00,2018-08-09
1533859211,7768.0,82421.0,,,,90189.0,2018-08-10 00:00:11+00:00,2018-08-10
1533945611,7878.0,84490.0,,,,92368.0,2018-08-11 00:00:11+00:00,2018-08-11
1534032011,7773.0,85655.0,,,,93428.0,2018-08-12 00:00:11+00:00,2018-08-12
1534118408,7757.0,84645.0,,,,92402.0,2018-08-13 00:00:08+00:00,2018-08-13
1534204810,7680.0,84722.0,,,,92402.0,2018-08-14 00:00:10+00:00,2018-08-14
1534291208,7965.0,86156.0,,,,94121.0,2018-08-15 00:00:08+00:00,2018-08-15
1534377611,8022.0,82378.0,,,,90400.0,2018-08-16 00:00:11+00:00,2018-08-16
1534464009,8136.0,82971.0,,,,91107.0,2018-08-17 00:00:09+00:00,2018-08-17
1534550415,8149.0,84973.0,,,,93122.0,2018-08-18 00:00:15+00:00,2018-08-18
1534636809,8056.0,85390.0,,,,93446.0,2018-08-19 00:00:09+00:00,2018-08-19
1534723209,7956.0,86702.0,,,,94658.0,2018-08-20 00:00:09+00:00,2018-08-20
1534809609,7977.0,84810.0,,,,92787.0,2018-08-21 00:00:09+00:00,2018-08-21
1534896009,8017.0,85189.0,,,,93206.0,2018-08-22 00:00:09+00:00,2018-08-22
1534982411,8015.0,81797.0,,,,89812.0,2018-08-23 00:00:11+00:00,2018-08-23
1535068809,8087.0,80528.0,,,,88615.0,2018-08-24 00:00:09+00:00,2018-08-24
1535155209,8123.0,81396.0,,,,89519.0,2018-08-25 00:00:09+00:00,2018-08-25
1535241610,8155.0,80448.0,,,,88603.0,2018-08-26 00:00:10+00:00,2018-08-26
1535328009,8068.0,81272.0,,,,89340.0,2018-08-27 00:00:09+00:00,2018-08-27
1535414410,8143.0,80404.0,,,,88547.0,2018-08-28 00:00:10+00:00,2018-08-28
1535500809,8117.0,80209.0,,,,88326.0,2018-08-29 00:00:09+00:00,2018-08-29
1535587209,8072.0,77944.0,,,,86016.0,2018-08-30 00:00:09+00:00,2018-08-30
1535673610,8085.0,78154.0,,,,86239.0,2018-08-31 00:00:10+00:00,2018-08-31
1535760010,8115.0,78779.0,,,,86894.0,2018-09-01 00:00:10+00:00,2018-09-01
1535846413,8019.0,78072.0,,,,86091.0,2018-09-02 00:00:13+00:00,2018-09-02
1535932809,7944.0,77690.0,,,,85634.0,2018-09-03 00:00:09+00:00,2018-09-03
1536019210,7589.0,73700.0,,,,81289.0,2018-09-04 00:00:10+00:00,2018-09-04
1536105610,7603.0,72806.0,,,,80409.0,2018-09-05 00:00:10+00:00,2018-09-05
1536192009,7655.0,72871.0,,,,80526.0,2018-09-06 00:00:09+00:00,2018-09-06
1536278411,7666.0,73508.0,,,,81174.0,2018-09-07 00:00:11+00:00,2018-09-07
1536364809,7722.0,72518.0,,,,80240.0,2018-09-08 00:00:09+00:00,2018-09-08
1536451210,7655.0,72180.0,,,,79835.0,2018-09-09 00:00:10+00:00,2018-09-09
1536537609,7858.0,71763.0,,,,79621.0,2018-09-10 00:00:09+00:00,2018-09-10
1536624010,7788.0,70595.0,,,,78383.0,2018-09-11 00:00:10+00:00,2018-09-11
1536710413,7726.0,70497.0,,,,78223.0,2018-09-12 00:00:13+00:00,2018-09-12
1536796810,7888.0,71369.0,,,,79257.0,2018-09-13 00:00:10+00:00,2018-09-13
1536883212,7794.0,71919.0,,,,79713.0,2018-09-14 00:00:12+00:00,2018-09-14
1536969616,7832.0,70852.0,,,,78684.0,2018-09-15 00:00:16+00:00,2018-09-15
1537056013,7792.0,71114.0,,,,78906.0,2018-09-16 00:00:13+00:00,2018-09-16
1537142409,7532.0,66308.0,,,,73840.0,2018-09-17 00:00:09+00:00,2018-09-17
1537228809,7372.0,64861.0,,,,72233.0,2018-09-18 00:00:09+00:00,2018-09-18
1537315210,7567.0,66706.0,,,,74273.0,2018-09-19 00:00:10+00:00,2018-09-19
1537401609,7611.0,73335.0,,,,80946.0,2018-09-20 00:00:09+00:00,2018-09-20
1537488009,7836.0,73480.0,,,,81316.0,2018-09-21 00:00:09+00:00,2018-09-21
1537574409,7811.0,72410.0,,,,80221.0,2018-09-22 00:00:09+00:00,2018-09-22
1537660811,7828.0,71070.0,,,,78898.0,2018-09-23 00:00:11+00:00,2018-09-23
1537747212,7721.0,69950.0,,,,77671.0,2018-09-24 00:00:12+00:00,2018-09-24
1537833610,7774.0,71133.0,,,,78907.0,2018-09-25 00:00:10+00:00,2018-09-25
1537920009,7823.0,71065.0,,,,78888.0,2018-09-26 00:00:09+00:00,2018-09-26
1538006411,7923.0,70528.0,,,,78451.0,2018-09-27 00:00:11+00:00,2018-09-27
1538092810,7625.0,70476.0,,,,78101.0,2018-09-28 00:00:10+00:00,2018-09-28
1538179220,7825.0,71082.0,,,,78907.0,2018-09-29 00:00:20+00:00,2018-09-29
1538265615,7358.0,70084.0,,,,77442.0,2018-09-30 00:00:15+00:00,2018-09-30
1542326460,7057.0,70653.0,,,,77710.0,2018-11-16 00:01:00+00:00,2018-11-16
1542412816,7097.0,70313.0,,,,77410.0,2018-11-17 00:00:16+00:00,2018-11-17
1542499264,6910.0,68891.0,,,,75801.0,2018-11-18 00:01:04+00:00,2018-11-18
1542585617,6946.0,70106.0,,,,77052.0,2018-11-19 00:00:17+00:00,2018-11-19
1542672086,6903.0,71015.0,,,,77918.0,2018-11-20 00:01:26+00:00,2018-11-20
1542758416,7056.0,70837.0,,,,77893.0,2018-11-21 00:00:16+00:00,2018-11-21
1542844817,6935.0,70278.0,,,,77213.0,2018-11-22 00:00:17+00:00,2018-11-22
1542931214,6883.0,69871.0,,,,76754.0,2018-11-23 00:00:14+00:00,2018-11-23
1543017617,6840.0,68816.0,,,,75656.0,2018-11-24 00:00:17+00:00,2018-11-24
1543104048,6804.0,67500.0,,,,74304.0,2018-11-25 00:00:48+00:00,2018-11-25
1543190426,6744.0,67156.0,,,,73900.0,2018-11-26 00:00:26+00:00,2018-11-26
1543276813,6855.0,66256.0,,,,73111.0,2018-11-27 00:00:13+00:00,2018-11-27
1543363218,6782.0,64427.0,,,,71209.0,2018-11-28 00:00:18+00:00,2018-11-28
1543449652,6718.0,64136.0,,,,70854.0,2018-11-29 00:00:52+00:00,2018-11-29
1543536060,6731.0,62990.0,,,,69721.0,2018-11-30 00:01:00+00:00,2018-11-30
1543622438,6680.0,63312.0,,,,69992.0,2018-12-01 00:00:38+00:00,2018-12-01
1543708849,6729.0,62319.0,,,,69048.0,2018-12-02 00:00:49+00:00,2018-12-02
1543795220,6718.0,63277.0,,,,69995.0,2018-12-03 00:00:20+00:00,2018-12-03
1543881654,6668.0,62155.0,,,,68823.0,2018-12-04 00:00:54+00:00,2018-12-04
1543968013,6619.0,61909.0,,,,68528.0,2018-12-05 00:00:13+00:00,2018-12-05
1544054478,6571.0,60923.0,,,,67494.0,2018-12-06 00:01:18+00:00,2018-12-06
1544140816,6540.0,60972.0,,,,67512.0,2018-12-07 00:00:16+00:00,2018-12-07
1544227239,6563.0,60378.0,,,,66941.0,2018-12-08 00:00:39+00:00,2018-12-08
1544313615,6476.0,59278.0,,,,65754.0,2018-12-09 00:00:15+00:00,2018-12-09
1544400068,6500.0,59605.0,,,,66105.0,2018-12-10 00:01:08+00:00,2018-12-10
1544486431,6569.0,59707.0,,,,66276.0,2018-12-11 00:00:31+00:00,2018-12-11
1544572859,6578.0,57719.0,,,,64297.0,2018-12-12 00:00:59+00:00,2018-12-12
1544659218,6611.0,59056.0,,,,65667.0,2018-12-13 00:00:18+00:00,2018-12-13
1544745657,6653.0,58621.0,,,,65274.0,2018-12-14 00:00:57+00:00,2018-12-14
1544832053,6665.0,58697.0,,,,65362.0,2018-12-15 00:00:53+00:00,2018-12-15
1544918454,6557.0,58654.0,,,,65211.0,2018-12-16 00:00:54+00:00,2018-12-16
1545004816,6210.0,60881.0,,,,67091.0,2018-12-17 00:00:16+00:00,2018-12-17
1545091253,6464.0,58039.0,,,,64503.0,2018-12-18 00:00:53+00:00,2018-12-18
1545177641,6634.0,58173.0,,,,64807.0,2018-12-19 00:00:41+00:00,2018-12-19
1545264070,6765.0,58141.0,,,,64906.0,2018-12-20 00:01:10+00:00,2018-12-20
1545350441,6758.0,58338.0,,,,65096.0,2018-12-21 00:00:41+00:00,2018-12-21
1545436845,6734.0,58068.0,,,,64802.0,2018-12-22 00:00:45+00:00,2018-12-22
1545523218,6753.0,57910.0,,,,64663.0,2018-12-23 00:00:18+00:00,2018-12-23
1545609616,6630.0,59889.0,,,,66519.0,2018-12-24 00:00:16+00:00,2018-12-24
1545696018,6557.0,60051.0,,,,66608.0,2018-12-25 00:00:18+00:00,2018-12-25
1545782440,6509.0,60261.0,,,,66770.0,2018-12-26 00:00:40+00:00,2018-12-26
1545868831,6456.0,56736.0,,,,63192.0,2018-12-27 00:00:31+00:00,2018-12-27
1545955232,6422.0,57827.0,,,,64249.0,2018-12-28 00:00:32+00:00,2018-12-28
1546041646,6380.0,57588.0,,,,63968.0,2018-12-29 00:00:46+00:00,2018-12-29
1546128060,6369.0,56360.0,,,,62729.0,2018-12-30 00:01:00+00:00,2018-12-30
1546214419,6339.0,56549.0,,,,62888.0,2018-12-31 00:00:19+00:00,2018-12-31
1546300849,6356.0,57947.0,,,,64303.0,2019-01-01 00:00:49+00:00,2019-01-01
1546387221,6344.0,58402.0,,,,64746.0,2019-01-02 00:00:21+00:00,2019-01-02
1546473649,6374.0,57792.0,,,,64166.0,2019-01-03 00:00:49+00:00,2019-01-03
1546560017,6418.0,58076.0,,,,64494.0,2019-01-04 00:00:17+00:00,2019-01-04
1546646433,6539.0,59389.0,,,,65928.0,2019-01-05 00:00:33+00:00,2019-01-05
1546732819,6566.0,58963.0,,,,65529.0,2019-01-06 00:00:19+00:00,2019-01-06
1546819232,6559.0,58154.0,,,,64713.0,2019-01-07 00:00:32+00:00,2019-01-07
1546905615,6488.0,57203.0,,,,63691.0,2019-01-08 00:00:15+00:00,2019-01-08
1546992065,6506.0,57643.0,,,,64149.0,2019-01-09 00:01:05+00:00,2019-01-09
1547078460,6444.0,56873.0,,,,63317.0,2019-01-10 00:01:00+00:00,2019-01-10
1547164850,6501.0,56731.0,,,,63232.0,2019-01-11 00:00:50+00:00,2019-01-11
1547251246,6539.0,57595.0,,,,64134.0,2019-01-12 00:00:46+00:00,2019-01-12
1547337649,6552.0,59203.0,,,,65755.0,2019-01-13 00:00:49+00:00,2019-01-13
1547424085,6573.0,58202.0,,,,64775.0,2019-01-14 00:01:25+00:00,2019-01-14
1547510418,6468.0,57794.0,,,,64262.0,2019-01-15 00:00:18+00:00,2019-01-15
1547596838,6595.0,58628.0,,,,65223.0,2019-01-16 00:00:38+00:00,2019-01-16
1547683263,6520.0,57544.0,,,,64064.0,2019-01-17 00:01:03+00:00,2019-01-17
1547769682,6461.0,57826.0,,,,64287.0,2019-01-18 00:01:22+00:00,2019-01-18
1547856041,6378.0,57909.0,,,,64287.0,2019-01-19 00:00:41+00:00,2019-01-19
1547942460,6366.0,57699.0,,,,64065.0,2019-01-20 00:01:00+00:00,2019-01-20
1548028879,6272.0,57862.0,,,,64134.0,2019-01-21 00:01:19+00:00,2019-01-21
1548115263,6278.0,57438.0,,,,63716.0,2019-01-22 00:01:03+00:00,2019-01-22
1548201653,6340.0,57662.0,,,,64002.0,2019-01-23 00:00:53+00:00,2019-01-23
1548288078,6279.0,57452.0,,,,63731.0,2019-01-24 00:01:18+00:00,2019-01-24
1548374455,6277.0,57380.0,,,,63657.0,2019-01-25 00:00:55+00:00,2019-01-25
1548460887,6223.0,57342.0,,,,63565.0,2019-01-26 00:01:27+00:00,2019-01-26
1548547219,6151.0,57657.0,,,,63808.0,2019-01-27 00:00:19+00:00,2019-01-27
1548633616,6157.0,56010.0,,,,62167.0,2019-01-28 00:00:16+00:00,2019-01-28
1548720055,6205.0,56990.0,,,,63195.0,2019-01-29 00:00:55+00:00,2019-01-29
1548806448,6138.0,55166.0,,,,61304.0,2019-01-30 00:00:48+00:00,2019-01-30
1548892874,6160.0,55270.0,,,,61430.0,2019-01-31 00:01:14+00:00,2019-01-31
1548979219,6115.0,54105.0,,,,60220.0,2019-02-01 00:00:19+00:00,2019-02-01
1549065697,6109.0,53667.0,,,,59776.0,2019-02-02 00:01:37+00:00,2019-02-02
1549152046,6071.0,52814.0,,,,58885.0,2019-02-03 00:00:46+00:00,2019-02-03
1549238456,6167.0,52424.0,,,,58591.0,2019-02-04 00:00:56+00:00,2019-02-04
1549324854,6190.0,53052.0,,,,59242.0,2019-02-05 00:00:54+00:00,2019-02-05
1549411242,6143.0,55956.0,,,,62099.0,2019-02-06 00:00:42+00:00,2019-02-06
1549497627,6152.0,55321.0,,,,61473.0,2019-02-07 00:00:27+00:00,2019-02-07
1549584037,6128.0,55525.0,,,,61653.0,2019-02-08 00:00:37+00:00,2019-02-08
1549670453,6145.0,55626.0,,,,61771.0,2019-02-09 00:00:53+00:00,2019-02-09
1549756857,6268.0,53039.0,,,,59307.0,2019-02-10 00:00:57+00:00,2019-02-10
1549843231,6349.0,53457.0,,,,59806.0,2019-02-11 00:00:31+00:00,2019-02-11
1549929624,6507.0,53364.0,,,,59871.0,2019-02-12 00:00:24+00:00,2019-02-12
1550016028,6576.0,52822.0,,,,59398.0,2019-02-13 00:00:28+00:00,2019-02-13
1550102411,6548.0,55388.0,,,,61936.0,2019-02-14 00:00:11+00:00,2019-02-14
1550188825,6498.0,53862.0,,,,60360.0,2019-02-15 00:00:25+00:00,2019-02-15
1550275229,6535.0,54051.0,,,,60586.0,2019-02-16 00:00:29+00:00,2019-02-16
1550361612,6527.0,54283.0,,,,60810.0,2019-02-17 00:00:12+00:00,2019-02-17
1550448031,6369.0,52761.0,,,,59130.0,2019-02-18 00:00:31+00:00,2019-02-18
1550534412,6358.0,52424.0,,,,58782.0,2019-02-19 00:00:12+00:00,2019-02-19
1550534412,6358.0,52424.0,,,,58782.0,2019-02-19 00:00:12+00:00,2019-02-19
1550620840,6393.0,50040.0,,,,56433.0,2019-02-20 00:00:40+00:00,2019-02-20
1550707215,6482.0,51537.0,,,,58019.0,2019-02-21 00:00:15+00:00,2019-02-21
1550793632,6421.0,48749.0,,,,55170.0,2019-02-22 00:00:32+00:00,2019-02-22
1550880033,6316.0,48326.0,,,,54642.0,2019-02-23 00:00:33+00:00,2019-02-23
1550966440,6367.0,49743.0,,,,56110.0,2019-02-24 00:00:40+00:00,2019-02-24
1551052837,6276.0,50342.0,,,,56618.0,2019-02-25 00:00:37+00:00,2019-02-25
1551139234,6377.0,49923.0,,,,56300.0,2019-02-26 00:00:34+00:00,2019-02-26
1551225635,6359.0,49449.0,,,,55808.0,2019-02-27 00:00:35+00:00,2019-02-27
1551312010,6469.0,50097.0,,,,56566.0,2019-02-28 00:00:10+00:00,2019-02-28
1551398428,6425.0,49783.0,,,,56208.0,2019-03-01 00:00:28+00:00,2019-03-01
1551484812,6449.0,50609.0,,,,57058.0,2019-03-02 00:00:12+00:00,2019-03-02
1551571233,6334.0,50269.0,,,,56603.0,2019-03-03 00:00:33+00:00,2019-03-03
1551657631,6340.0,50293.0,,,,56633.0,2019-03-04 00:00:31+00:00,2019-03-04
1551744039,6368.0,50790.0,,,,57158.0,2019-03-05 00:00:39+00:00,2019-03-05
1551830430,6550.0,51055.0,,,,57605.0,2019-03-06 00:00:30+00:00,2019-03-06
1551916813,6651.0,52022.0,,,,58673.0,2019-03-07 00:00:13+00:00,2019-03-07
1552003235,6630.0,53153.0,,,,59783.0,2019-03-08 00:00:35+00:00,2019-03-08
1552089613,6580.0,53231.0,,,,59811.0,2019-03-09 00:00:13+00:00,2019-03-09
1552176034,6593.0,53044.0,,,,59637.0,2019-03-10 00:00:34+00:00,2019-03-10
1552262413,6453.0,53314.0,,,,59767.0,2019-03-11 00:00:13+00:00,2019-03-11
1552348843,6436.0,54673.0,,,,61109.0,2019-03-12 00:00:43+00:00,2019-03-12
1552435243,6383.0,56005.0,,,,62388.0,2019-03-13 00:00:43+00:00,2019-03-13
1552521630,6426.0,58568.0,,,,64994.0,2019-03-14 00:00:30+00:00,2019-03-14
1552608046,6406.0,62001.0,,,,68407.0,2019-03-15 00:00:46+00:00,2019-03-15
1552694442,6394.0,65352.0,,,,71746.0,2019-03-16 00:00:42+00:00,2019-03-16
1552780845,6331.0,67300.0,,,,73631.0,2019-03-17 00:00:45+00:00,2019-03-17
1552867272,6238.0,71195.0,,,,77433.0,2019-03-18 00:01:12+00:00,2019-03-18
1552953620,6313.0,74625.0,,,,80938.0,2019-03-19 00:00:20+00:00,2019-03-19
1553040056,6398.0,74688.0,,,,81086.0,2019-03-20 00:00:56+00:00,2019-03-20
1553126468,6357.0,78446.0,,,,84803.0,2019-03-21 00:01:08+00:00,2019-03-21
1553212833,6394.0,76834.0,,,,83228.0,2019-03-22 00:00:33+00:00,2019-03-22
1553299283,6411.0,80561.0,,,,86972.0,2019-03-23 00:01:23+00:00,2019-03-23
1553385659,6295.0,76677.0,,,,82972.0,2019-03-24 00:00:59+00:00,2019-03-24
1553472091,6274.0,75077.0,,,,81351.0,2019-03-25 00:01:31+00:00,2019-03-25
1553558453,6659.0,79535.0,,,,86194.0,2019-03-26 00:00:53+00:00,2019-03-26
1553644861,6506.0,74884.0,,,,81390.0,2019-03-27 00:01:01+00:00,2019-03-27
1553731225,6682.0,76440.0,,,,83122.0,2019-03-28 00:00:25+00:00,2019-03-28
1553817675,6700.0,76579.0,,,,83279.0,2019-03-29 00:01:15+00:00,2019-03-29
1553904082,6689.0,77177.0,,,,83866.0,2019-03-30 00:01:22+00:00,2019-03-30
1553990482,6639.0,78576.0,,,,85215.0,2019-03-31 00:01:22+00:00,2019-03-31
1554076856,6614.0,81071.0,,,,87685.0,2019-04-01 00:00:56+00:00,2019-04-01
1554163220,6635.0,82094.0,,,,88729.0,2019-04-02 00:00:20+00:00,2019-04-02
1554249675,6667.0,87423.0,,,,94090.0,2019-04-03 00:01:15+00:00,2019-04-03
1554336051,6824.0,87556.0,,,,94380.0,2019-04-04 00:00:51+00:00,2019-04-04
1554422454,6817.0,93411.0,,,,100228.0,2019-04-05 00:00:54+00:00,2019-04-05
1554508867,6829.0,85814.0,,,,92643.0,2019-04-06 00:01:07+00:00,2019-04-06
1554595273,6766.0,86835.0,,,,93601.0,2019-04-07 00:01:13+00:00,2019-04-07
1554681624,6707.0,88690.0,,,,95397.0,2019-04-08 00:00:24+00:00,2019-04-08
1554768028,6732.0,94784.0,,,,101516.0,2019-04-09 00:00:28+00:00,2019-04-09
1554854456,6813.0,93687.0,,,,100500.0,2019-04-10 00:00:56+00:00,2019-04-10
1554940857,6898.0,96123.0,,,,103021.0,2019-04-11 00:00:57+00:00,2019-04-11
1555027257,6801.0,101869.0,,,,108670.0,2019-04-12 00:00:57+00:00,2019-04-12
1555113619,6819.0,98989.0,,,,105808.0,2019-04-13 00:00:19+00:00,2019-04-13
1555200105,6710.0,92164.0,,,,98874.0,2019-04-14 00:01:45+00:00,2019-04-14
1555286419,6744.0,96173.0,,,,102917.0,2019-04-15 00:00:19+00:00,2019-04-15
1555372860,6871.0,102429.0,,,,109300.0,2019-04-16 00:01:00+00:00,2019-04-16
1555459218,6780.0,99969.0,,,,106749.0,2019-04-17 00:00:18+00:00,2019-04-17
1555545659,6821.0,92966.0,,,,99787.0,2019-04-18 00:00:59+00:00,2019-04-18
1555632018,6636.0,98450.0,,,,105086.0,2019-04-19 00:00:18+00:00,2019-04-19
1555718499,6485.0,94591.0,,,,101076.0,2019-04-20 00:01:39+00:00,2019-04-20
1555804878,6440.0,94569.0,,,,101009.0,2019-04-21 00:01:18+00:00,2019-04-21
1555891264,6436.0,94365.0,,,,100801.0,2019-04-22 00:01:04+00:00,2019-04-22
1555977619,6494.0,87919.0,,,,94413.0,2019-04-23 00:00:19+00:00,2019-04-23
1556064064,6456.0,92551.0,,,,99007.0,2019-04-24 00:01:04+00:00,2019-04-24
1556150425,6532.0,94037.0,,,,100569.0,2019-04-25 00:00:25+00:00,2019-04-25
1556236857,6473.0,96280.0,,,,102753.0,2019-04-26 00:00:57+00:00,2019-04-26
1556323249,6405.0,95888.0,,,,102293.0,2019-04-27 00:00:49+00:00,2019-04-27
1556409681,6565.0,92483.0,,,,99048.0,2019-04-28 00:01:21+00:00,2019-04-28
1556496056,6496.0,92382.0,,,,98878.0,2019-04-29 00:00:56+00:00,2019-04-29
1556582453,6571.0,91358.0,,,,97929.0,2019-04-30 00:00:53+00:00,2019-04-30
1556668830,6600.0,95718.0,,,,102318.0,2019-05-01 00:00:30+00:00,2019-05-01
1556755267,6660.0,96925.0,,,,103585.0,2019-05-02 00:01:07+00:00,2019-05-02
1556841649,6580.0,90365.0,,,,96945.0,2019-05-03 00:00:49+00:00,2019-05-03
1556928059,6626.0,94628.0,,,,101254.0,2019-05-04 00:00:59+00:00,2019-05-04
1557014474,6668.0,89802.0,,,,96470.0,2019-05-05 00:01:14+00:00,2019-05-05
1557100849,6623.0,91839.0,,,,98462.0,2019-05-06 00:00:49+00:00,2019-05-06
1557187218,6488.0,88195.0,,,,94683.0,2019-05-07 00:00:18+00:00,2019-05-07
1557273658,6596.0,83195.0,,,,89791.0,2019-05-08 00:00:58+00:00,2019-05-08
1557360021,6511.0,85738.0,,,,92249.0,2019-05-09 00:00:21+00:00,2019-05-09
1557446458,6506.0,81267.0,,,,87773.0,2019-05-10 00:00:58+00:00,2019-05-10
1557532821,6538.0,82495.0,,,,89033.0,2019-05-11 00:00:21+00:00,2019-05-11
1557619274,6609.0,74764.0,,,,81373.0,2019-05-12 00:01:14+00:00,2019-05-12
1557705614,6700.0,75667.0,,,,82367.0,2019-05-13 00:00:14+00:00,2019-05-13
1557792064,6719.0,73941.0,,,,80660.0,2019-05-14 00:01:04+00:00,2019-05-14
1557878463,6752.0,72413.0,,,,79165.0,2019-05-15 00:01:03+00:00,2019-05-15
1557964863,6809.0,71126.0,,,,77935.0,2019-05-16 00:01:03+00:00,2019-05-16
1558051259,6834.0,75709.0,,,,82543.0,2019-05-17 00:00:59+00:00,2019-05-17
1558137652,6809.0,74213.0,,,,81022.0,2019-05-18 00:00:52+00:00,2019-05-18
1558224079,6830.0,73019.0,,,,79849.0,2019-05-19 00:01:19+00:00,2019-05-19
1558310427,6777.0,70565.0,,,,77342.0,2019-05-20 00:00:27+00:00,2019-05-20
1558396850,6709.0,71641.0,,,,78350.0,2019-05-21 00:00:50+00:00,2019-05-21
1558483228,6732.0,69000.0,,,,75732.0,2019-05-22 00:00:28+00:00,2019-05-22
1558569667,6758.0,69021.0,,,,75779.0,2019-05-23 00:01:07+00:00,2019-05-23
1558656022,6748.0,68791.0,,,,75539.0,2019-05-24 00:00:22+00:00,2019-05-24
1558742467,6808.0,69135.0,,,,75943.0,2019-05-25 00:01:07+00:00,2019-05-25
1558828820,6801.0,71685.0,,,,78486.0,2019-05-26 00:00:20+00:00,2019-05-26
1558915254,6773.0,71262.0,,,,78035.0,2019-05-27 00:00:54+00:00,2019-05-27
1559001670,6746.0,69396.0,,,,76142.0,2019-05-28 00:01:10+00:00,2019-05-28
1559088055,6654.0,69509.0,,,,76163.0,2019-05-29 00:00:55+00:00,2019-05-29
1559174464,6797.0,67606.0,,,,74403.0,2019-05-30 00:01:04+00:00,2019-05-30
1559260861,6742.0,69569.0,,,,76311.0,2019-05-31 00:01:01+00:00,2019-05-31
1559347257,6881.0,68960.0,,,,75841.0,2019-06-01 00:00:57+00:00,2019-06-01
1559433691,6816.0,71190.0,,,,78006.0,2019-06-02 00:01:31+00:00,2019-06-02
1559520049,6845.0,69889.0,,,,76734.0,2019-06-03 00:00:49+00:00,2019-06-03
1559606419,6860.0,67267.0,,,,74127.0,2019-06-04 00:00:19+00:00,2019-06-04
1559692858,6835.0,68191.0,,,,75026.0,2019-06-05 00:00:58+00:00,2019-06-05
1559779226,6900.0,70226.0,,,,77126.0,2019-06-06 00:00:26+00:00,2019-06-06
1559865665,6769.0,68041.0,,,,74810.0,2019-06-07 00:01:05+00:00,2019-06-07
1559952075,6791.0,67009.0,,,,73800.0,2019-06-08 00:01:15+00:00,2019-06-08
1560038481,6856.0,71778.0,,,,78634.0,2019-06-09 00:01:21+00:00,2019-06-09
1560124855,6916.0,71830.0,,,,78746.0,2019-06-10 00:00:55+00:00,2019-06-10
1560211224,6845.0,71585.0,,,,78430.0,2019-06-11 00:00:24+00:00,2019-06-11
1560297660,6855.0,70931.0,,,,77786.0,2019-06-12 00:01:00+00:00,2019-06-12
1560384061,6865.0,64374.0,,,,71239.0,2019-06-13 00:01:01+00:00,2019-06-13
1560470455,6865.0,62616.0,,,,69481.0,2019-06-14 00:00:55+00:00,2019-06-14
1560556850,6868.0,66539.0,,,,73407.0,2019-06-15 00:00:50+00:00,2019-06-15
1560643272,6755.0,72806.0,,,,79561.0,2019-06-16 00:01:12+00:00,2019-06-16
1560729664,6761.0,66010.0,,,,72771.0,2019-06-17 00:01:04+00:00,2019-06-17
1560816021,6759.0,62273.0,,,,69032.0,2019-06-18 00:00:21+00:00,2019-06-18
1560902471,6810.0,60715.0,,,,67525.0,2019-06-19 00:01:11+00:00,2019-06-19
1560988824,6851.0,61773.0,,,,68624.0,2019-06-20 00:00:24+00:00,2019-06-20
1561075252,6963.0,60964.0,,,,67927.0,2019-06-21 00:00:52+00:00,2019-06-21
1561161675,6851.0,61346.0,,,,68197.0,2019-06-22 00:01:15+00:00,2019-06-22
1561248084,6934.0,59770.0,,,,66704.0,2019-06-23 00:01:24+00:00,2019-06-23
1561334424,6851.0,60046.0,,,,66897.0,2019-06-24 00:00:24+00:00,2019-06-24
1561420863,6854.0,59574.0,,,,66428.0,2019-06-25 00:01:03+00:00,2019-06-25
1561507219,6952.0,65454.0,,,,72406.0,2019-06-26 00:00:19+00:00,2019-06-26
1561593662,7051.0,63303.0,,,,70354.0,2019-06-27 00:01:02+00:00,2019-06-27
1561680067,7164.0,64755.0,,,,71919.0,2019-06-28 00:01:07+00:00,2019-06-28
1561766446,7131.0,65292.0,,,,72423.0,2019-06-29 00:00:46+00:00,2019-06-29
1561852883,7122.0,66417.0,,,,73539.0,2019-06-30 00:01:23+00:00,2019-06-30
1561939270,7031.0,69288.0,,,,76319.0,2019-07-01 00:01:10+00:00,2019-07-01
1562025633,6991.0,72479.0,,,,79470.0,2019-07-02 00:00:33+00:00,2019-07-02
1562112076,7041.0,55017.0,,,,62058.0,2019-07-03 00:01:16+00:00,2019-07-03
1562198486,6982.0,72190.0,,,,79172.0,2019-07-04 00:01:26+00:00,2019-07-04
1562284857,6895.0,71929.0,,,,78824.0,2019-07-05 00:00:57+00:00,2019-07-05
1562371266,6914.0,68851.0,,,,75765.0,2019-07-06 00:01:06+00:00,2019-07-06
1562457679,6900.0,68842.0,,,,75742.0,2019-07-07 00:01:19+00:00,2019-07-07
1562544025,6897.0,70944.0,,,,77841.0,2019-07-08 00:00:25+00:00,2019-07-08
1562630478,6985.0,68747.0,,,,75732.0,2019-07-09 00:01:18+00:00,2019-07-09
1562716860,7080.0,71643.0,,,,78723.0,2019-07-10 00:01:00+00:00,2019-07-10
1562803217,7016.0,71230.0,,,,78246.0,2019-07-11 00:00:17+00:00,2019-07-11
1562889614,6987.0,67845.0,,,,74832.0,2019-07-12 00:00:14+00:00,2019-07-12
1562976079,6924.0,67921.0,,,,74845.0,2019-07-13 00:01:19+00:00,2019-07-13
1563062514,6899.0,68532.0,,,,75431.0,2019-07-14 00:01:54+00:00,2019-07-14
1563148830,6851.0,67780.0,,,,74631.0,2019-07-15 00:00:30+00:00,2019-07-15
1563235258,6855.0,67304.0,,,,74159.0,2019-07-16 00:00:58+00:00,2019-07-16
1563321656,6868.0,67624.0,,,,74492.0,2019-07-17 00:00:56+00:00,2019-07-17
1563408031,6936.0,66291.0,,,,73227.0,2019-07-18 00:00:31+00:00,2019-07-18
1563494457,6843.0,65151.0,,,,71994.0,2019-07-19 00:00:57+00:00,2019-07-19
1563580846,6834.0,64552.0,,,,71386.0,2019-07-20 00:00:46+00:00,2019-07-20
1563667282,6858.0,63922.0,,,,70780.0,2019-07-21 00:01:22+00:00,2019-07-21
1563753618,6857.0,64901.0,,,,71758.0,2019-07-22 00:00:18+00:00,2019-07-22
1563840062,6822.0,65285.0,,,,72107.0,2019-07-23 00:01:02+00:00,2019-07-23
1563926450,6787.0,65052.0,,,,71839.0,2019-07-24 00:00:50+00:00,2019-07-24
1564012854,6755.0,63857.0,,,,70612.0,2019-07-25 00:00:54+00:00,2019-07-25
1564099214,6722.0,62789.0,,,,69511.0,2019-07-26 00:00:14+00:00,2019-07-26
1564185654,6687.0,62685.0,,,,69372.0,2019-07-27 00:00:54+00:00,2019-07-27
1564272072,6659.0,60919.0,,,,67578.0,2019-07-28 00:01:12+00:00,2019-07-28
1564358463,6633.0,60426.0,,,,67059.0,2019-07-29 00:01:03+00:00,2019-07-29
1564444854,6591.0,59754.0,,,,66345.0,2019-07-30 00:00:54+00:00,2019-07-30
1564531270,6560.0,59569.0,,,,66129.0,2019-07-31 00:01:10+00:00,2019-07-31
1564617673,6508.0,60310.0,,,,66818.0,2019-08-01 00:01:13+00:00,2019-08-01
1564704073,6477.0,59864.0,,,,66341.0,2019-08-02 00:01:13+00:00,2019-08-02
1564790466,6422.0,61892.0,,,,68314.0,2019-08-03 00:01:06+00:00,2019-08-03
1564876892,6380.0,63523.0,,,,69903.0,2019-08-04 00:01:32+00:00,2019-08-04
1564963277,6346.0,61120.0,,,,67466.0,2019-08-05 00:01:17+00:00,2019-08-05
1565049676,6300.0,51156.0,,,,57456.0,2019-08-06 00:01:16+00:00,2019-08-06
1565136078,6246.0,61108.0,,,,67354.0,2019-08-07 00:01:18+00:00,2019-08-07
1565222475,6193.0,61935.0,,,,68128.0,2019-08-08 00:01:15+00:00,2019-08-08
1565308865,6143.0,51685.0,,,,57828.0,2019-08-09 00:01:05+00:00,2019-08-09
1565395282,6090.0,51983.0,,,,58073.0,2019-08-10 00:01:22+00:00,2019-08-10
1565481672,6042.0,52134.0,,,,58176.0,2019-08-11 00:01:12+00:00,2019-08-11
1565568067,5992.0,52757.0,,,,58749.0,2019-08-12 00:01:07+00:00,2019-08-12
1565654465,5955.0,53640.0,,,,59595.0,2019-08-13 00:01:05+00:00,2019-08-13
1565740857,5881.0,53449.0,,,,59330.0,2019-08-14 00:00:57+00:00,2019-08-14
1565827249,5825.0,53465.0,,,,59290.0,2019-08-15 00:00:49+00:00,2019-08-15
1565913648,5709.0,62536.0,,,,68245.0,2019-08-16 00:00:48+00:00,2019-08-16
1566000034,5465.0,59593.0,,,,65058.0,2019-08-17 00:00:34+00:00,2019-08-17
1566086468,5223.0,58643.0,,,,63866.0,2019-08-18 00:01:08+00:00,2019-08-18
1566345616,4921.0,53002.0,,,,57923.0,2019-08-21 00:00:16+00:00,2019-08-21
1566432054,5100.0,55318.0,,,,60418.0,2019-08-22 00:00:54+00:00,2019-08-22
1566518418,5427.0,57256.0,,,,62683.0,2019-08-23 00:00:18+00:00,2019-08-23
1566604815,5439.0,57333.0,,,,62772.0,2019-08-24 00:00:15+00:00,2019-08-24
1566691266,5452.0,48482.0,,,,53934.0,2019-08-25 00:01:06+00:00,2019-08-25
1566777616,5528.0,56500.0,,,,62028.0,2019-08-26 00:00:16+00:00,2019-08-26
1566864036,5593.0,56209.0,,,,61802.0,2019-08-27 00:00:36+00:00,2019-08-27
1566950420,5634.0,49020.0,,,,54654.0,2019-08-28 00:00:20+00:00,2019-08-28
1567036819,5951.0,56939.0,,,,62890.0,2019-08-29 00:00:19+00:00,2019-08-29
1567123243,5928.0,55251.0,,,,61179.0,2019-08-30 00:00:43+00:00,2019-08-30
1567209621,5961.0,55597.0,,,,61558.0,2019-08-31 00:00:21+00:00,2019-08-31
1567296016,6068.0,55108.0,,,,61176.0,2019-09-01 00:00:16+00:00,2019-09-01
1567382414,6082.0,53422.0,,,,59504.0,2019-09-02 00:00:14+00:00,2019-09-02
1567468816,5986.0,53853.0,,,,59839.0,2019-09-03 00:00:16+00:00,2019-09-03
1567555248,6013.0,51463.0,,,,57476.0,2019-09-04 00:00:48+00:00,2019-09-04
1567641613,6081.0,53022.0,,,,59103.0,2019-09-05 00:00:13+00:00,2019-09-05
1567728049,6125.0,52249.0,,,,58374.0,2019-09-06 00:00:49+00:00,2019-09-06
1567814417,6193.0,52399.0,,,,58592.0,2019-09-07 00:00:17+00:00,2019-09-07
1567900817,6186.0,53470.0,,,,59656.0,2019-09-08 00:00:17+00:00,2019-09-08
1567987250,6218.0,53321.0,,,,59539.0,2019-09-09 00:00:50+00:00,2019-09-09
1568073616,6240.0,55528.0,,,,61768.0,2019-09-10 00:00:16+00:00,2019-09-10
1568160048,6281.0,54615.0,,,,60896.0,2019-09-11 00:00:48+00:00,2019-09-11
1568246420,6356.0,54999.0,,,,61355.0,2019-09-12 00:00:20+00:00,2019-09-12
1568332817,6367.0,55365.0,,,,61732.0,2019-09-13 00:00:17+00:00,2019-09-13
1568419259,6420.0,56332.0,,,,62752.0,2019-09-14 00:00:59+00:00,2019-09-14
1568505617,6475.0,54276.0,,,,60751.0,2019-09-15 00:00:17+00:00,2019-09-15
1568592050,6456.0,54364.0,,,,60820.0,2019-09-16 00:00:50+00:00,2019-09-16
1568678415,6521.0,53485.0,,,,60006.0,2019-09-17 00:00:15+00:00,2019-09-17
1568764848,6580.0,51280.0,,,,57860.0,2019-09-18 00:00:48+00:00,2019-09-18
1568851219,6562.0,51075.0,,,,57637.0,2019-09-19 00:00:19+00:00,2019-09-19
1568937623,6512.0,50639.0,,,,57151.0,2019-09-20 00:00:23+00:00,2019-09-20
1569024065,6445.0,50910.0,,,,57355.0,2019-09-21 00:01:05+00:00,2019-09-21
1569110415,6443.0,50782.0,,,,57225.0,2019-09-22 00:00:15+00:00,2019-09-22
1569196850,6476.0,50392.0,,,,56868.0,2019-09-23 00:00:50+00:00,2019-09-23
1569283217,6475.0,51365.0,,,,57840.0,2019-09-24 00:00:17+00:00,2019-09-24
1569369653,6514.0,51908.0,,,,58422.0,2019-09-25 00:00:53+00:00,2019-09-25
1569456016,6456.0,49718.0,,,,56174.0,2019-09-26 00:00:16+00:00,2019-09-26
1569542454,6505.0,49368.0,,,,55873.0,2019-09-27 00:00:54+00:00,2019-09-27
1569628850,6473.0,49310.0,,,,55783.0,2019-09-28 00:00:50+00:00,2019-09-28
1569715222,6436.0,48491.0,,,,54927.0,2019-09-29 00:00:22+00:00,2019-09-29
1569801654,6378.0,49403.0,,,,55781.0,2019-09-30 00:00:54+00:00,2019-09-30
1569888017,6344.0,47295.0,,,,53639.0,2019-10-01 00:00:17+00:00,2019-10-01
1569974452,6440.0,48628.0,,,,55068.0,2019-10-02 00:00:52+00:00,2019-10-02
1570060819,6442.0,47920.0,,,,54362.0,2019-10-03 00:00:19+00:00,2019-10-03
1570147257,6380.0,46909.0,,,,53289.0,2019-10-04 00:00:57+00:00,2019-10-04
1570233617,6415.0,46361.0,,,,52776.0,2019-10-05 00:00:17+00:00,2019-10-05
1570320070,6418.0,45595.0,,,,52013.0,2019-10-06 00:01:10+00:00,2019-10-06
1570406418,6364.0,45208.0,,,,51572.0,2019-10-07 00:00:18+00:00,2019-10-07
1570492854,6253.0,44746.0,,,,50999.0,2019-10-08 00:00:54+00:00,2019-10-08
1570579219,6360.0,47678.0,,,,54038.0,2019-10-09 00:00:19+00:00,2019-10-09
1570665655,6302.0,45721.0,,,,52023.0,2019-10-10 00:00:55+00:00,2019-10-10
1570752020,6369.0,46326.0,,,,52695.0,2019-10-11 00:00:20+00:00,2019-10-11
1570838449,6408.0,47556.0,,,,53964.0,2019-10-12 00:00:49+00:00,2019-10-12
1570924817,6299.0,48072.0,,,,54371.0,2019-10-13 00:00:17+00:00,2019-10-13
1571011249,6319.0,48694.0,,,,55013.0,2019-10-14 00:00:49+00:00,2019-10-14
1571097615,6187.0,49537.0,,,,55724.0,2019-10-15 00:00:15+00:00,2019-10-15
1571184057,6271.0,47768.0,,,,54039.0,2019-10-16 00:00:57+00:00,2019-10-16
1571270422,6192.0,48192.0,,,,54384.0,2019-10-17 00:00:22+00:00,2019-10-17
1571356853,6193.0,50448.0,,,,56641.0,2019-10-18 00:00:53+00:00,2019-10-18
1571443220,6243.0,47512.0,,,,53755.0,2019-10-19 00:00:20+00:00,2019-10-19
1571529673,6190.0,47743.0,,,,53933.0,2019-10-20 00:01:13+00:00,2019-10-20
1571616017,6225.0,46818.0,,,,53043.0,2019-10-21 00:00:17+00:00,2019-10-21
1571702471,6175.0,46827.0,,,,53002.0,2019-10-22 00:01:11+00:00,2019-10-22
1571788817,6188.0,46505.0,,,,52693.0,2019-10-23 00:00:17+00:00,2019-10-23
1571875226,6173.0,46415.0,,,,52588.0,2019-10-24 00:00:26+00:00,2019-10-24
1571961648,6190.0,45340.0,,,,51530.0,2019-10-25 00:00:48+00:00,2019-10-25
1572048052,6170.0,45529.0,,,,51699.0,2019-10-26 00:00:52+00:00,2019-10-26
1572134430,6196.0,45950.0,,,,52146.0,2019-10-27 00:00:30+00:00,2019-10-27
1572220866,6159.0,47141.0,,,,53300.0,2019-10-28 00:01:06+00:00,2019-10-28
1572307218,6208.0,47089.0,,,,53297.0,2019-10-29 00:00:18+00:00,2019-10-29
1572393648,6188.0,48408.0,,,,54596.0,2019-10-30 00:00:48+00:00,2019-10-30
1572480014,6129.0,48505.0,,,,54634.0,2019-10-31 00:00:14+00:00,2019-10-31
1572566419,6074.0,47902.0,,,,53976.0,2019-11-01 00:00:19+00:00,2019-11-01
1572652822,6052.0,51606.0,,,,57658.0,2019-11-02 00:00:22+00:00,2019-11-02
1572739222,6011.0,47184.0,,,,53195.0,2019-11-03 00:00:22+00:00,2019-11-03
1572825622,6060.0,50690.0,,,,56750.0,2019-11-04 00:00:22+00:00,2019-11-04
1572912063,6064.0,49635.0,,,,55699.0,2019-11-05 00:01:03+00:00,2019-11-05
1572998417,6100.0,50444.0,,,,56544.0,2019-11-06 00:00:17+00:00,2019-11-06
1573084873,5989.0,45112.0,,,,51101.0,2019-11-07 00:01:13+00:00,2019-11-07
1573171218,6079.0,49431.0,,,,55510.0,2019-11-08 00:00:18+00:00,2019-11-08
1573257678,6102.0,49509.0,,,,55611.0,2019-11-09 00:01:18+00:00,2019-11-09
1573344020,6050.0,49272.0,,,,55322.0,2019-11-10 00:00:20+00:00,2019-11-10
1573430420,6087.0,49586.0,,,,55673.0,2019-11-11 00:00:20+00:00,2019-11-11
1573516826,6101.0,49208.0,,,,55309.0,2019-11-12 00:00:26+00:00,2019-11-12
1573603219,6037.0,48585.0,,,,54622.0,2019-11-13 00:00:19+00:00,2019-11-13
1573689628,6071.0,48221.0,,,,54292.0,2019-11-14 00:00:28+00:00,2019-11-14
1573776018,6047.0,49871.0,,,,55918.0,2019-11-15 00:00:18+00:00,2019-11-15
1573862460,6039.0,49119.0,,,,55158.0,2019-11-16 00:01:00+00:00,2019-11-16
1573948824,6099.0,48550.0,,,,54649.0,2019-11-17 00:00:24+00:00,2019-11-17
1574035228,6049.0,47223.0,,,,53272.0,2019-11-18 00:00:28+00:00,2019-11-18
1574121632,6068.0,48427.0,,,,54495.0,2019-11-19 00:00:32+00:00,2019-11-19
1574208018,6005.0,48271.0,,,,54276.0,2019-11-20 00:00:18+00:00,2019-11-20
1574294461,6022.0,49320.0,,,,55342.0,2019-11-21 00:01:01+00:00,2019-11-21
1574380819,5994.0,48819.0,,,,54813.0,2019-11-22 00:00:19+00:00,2019-11-22
1574467250,6035.0,49819.0,,,,55854.0,2019-11-23 00:00:50+00:00,2019-11-23
1574553625,6104.0,44939.0,,,,51043.0,2019-11-24 00:00:25+00:00,2019-11-24
1574640018,6040.0,47824.0,,,,53864.0,2019-11-25 00:00:18+00:00,2019-11-25
1574726461,6041.0,48737.0,,,,54778.0,2019-11-26 00:01:01+00:00,2019-11-26
1574812825,6092.0,49840.0,,,,55932.0,2019-11-27 00:00:25+00:00,2019-11-27
1574899261,6002.0,48174.0,,,,54176.0,2019-11-28 00:01:01+00:00,2019-11-28
1574985622,5958.0,48925.0,,,,54883.0,2019-11-29 00:00:22+00:00,2019-11-29
1575072058,6075.0,50748.0,,,,56823.0,2019-11-30 00:00:58+00:00,2019-11-30
1575158425,5963.0,50384.0,,,,56347.0,2019-12-01 00:00:25+00:00,2019-12-01
1575244824,6009.0,48762.0,,,,54771.0,2019-12-02 00:00:24+00:00,2019-12-02
1575331252,6294.0,49405.0,,,,55699.0,2019-12-03 00:00:52+00:00,2019-12-03
1575417617,6337.0,49323.0,,,,55660.0,2019-12-04 00:00:17+00:00,2019-12-04
1575504059,6327.0,48681.0,,,,55008.0,2019-12-05 00:00:59+00:00,2019-12-05
1575590419,6577.0,50683.0,,,,57260.0,2019-12-06 00:00:19+00:00,2019-12-06
1575676816,6554.0,51656.0,,,,58210.0,2019-12-07 00:00:16+00:00,2019-12-07
1575763229,6579.0,52005.0,,,,58584.0,2019-12-08 00:00:29+00:00,2019-12-08
1575849649,6576.0,51696.0,,,,58272.0,2019-12-09 00:00:49+00:00,2019-12-09
1575936016,6503.0,51027.0,,,,57530.0,2019-12-10 00:00:16+00:00,2019-12-10
1576022418,6469.0,50942.0,,,,57411.0,2019-12-11 00:00:18+00:00,2019-12-11
1576108842,6498.0,52198.0,,,,58696.0,2019-12-12 00:00:42+00:00,2019-12-12
1576195250,6455.0,51503.0,,,,57958.0,2019-12-13 00:00:50+00:00,2019-12-13
1576281621,6386.0,50931.0,,,,57317.0,2019-12-14 00:00:21+00:00,2019-12-14
1576368068,6473.0,51308.0,,,,57781.0,2019-12-15 00:01:08+00:00,2019-12-15
1576454416,6387.0,50726.0,,,,57113.0,2019-12-16 00:00:16+00:00,2019-12-16
1576540822,6443.0,49904.0,,,,56347.0,2019-12-17 00:00:22+00:00,2019-12-17
1576627216,6411.0,50333.0,,,,56744.0,2019-12-18 00:00:16+00:00,2019-12-18
1576713618,6417.0,49522.0,,,,55939.0,2019-12-19 00:00:18+00:00,2019-12-19
1576800053,6387.0,47153.0,,,,53540.0,2019-12-20 00:00:53+00:00,2019-12-20
1576886417,6369.0,47896.0,,,,54265.0,2019-12-21 00:00:17+00:00,2019-12-21
1576972820,6331.0,47544.0,,,,53875.0,2019-12-22 00:00:20+00:00,2019-12-22
1577059248,6267.0,48408.0,,,,54675.0,2019-12-23 00:00:48+00:00,2019-12-23
1577145618,6397.0,48024.0,,,,54421.0,2019-12-24 00:00:18+00:00,2019-12-24
1577232026,6395.0,47791.0,,,,54186.0,2019-12-25 00:00:26+00:00,2019-12-25
1577318446,6373.0,48657.0,,,,55030.0,2019-12-26 00:00:46+00:00,2019-12-26
1577404818,6323.0,47523.0,,,,53846.0,2019-12-27 00:00:18+00:00,2019-12-27
1577491215,6305.0,47173.0,,,,53478.0,2019-12-28 00:00:15+00:00,2019-12-28
1577577620,6168.0,44586.0,,,,50754.0,2019-12-29 00:00:20+00:00,2019-12-29
1577664014,6138.0,44617.0,,,,50755.0,2019-12-30 00:00:14+00:00,2019-12-30
1577750448,6154.0,44314.0,,,,50468.0,2019-12-31 00:00:48+00:00,2019-12-31
1577836814,5888.0,42066.0,,,,47954.0,2020-01-01 00:00:14+00:00,2020-01-01
1577923216,5859.0,42282.0,,,,48141.0,2020-01-02 00:00:16+00:00,2020-01-02
1578009657,5865.0,41676.0,,,,47541.0,2020-01-03 00:00:57+00:00,2020-01-03
1578096015,5860.0,43406.0,,,,49266.0,2020-01-04 00:00:15+00:00,2020-01-04
1578182482,5939.0,43484.0,,,,49423.0,2020-01-05 00:01:22+00:00,2020-01-05
1578268823,5893.0,43879.0,,,,49772.0,2020-01-06 00:00:23+00:00,2020-01-06
1578355225,5848.0,42228.0,,,,48076.0,2020-01-07 00:00:25+00:00,2020-01-07
1578441618,5921.0,43930.0,,,,49851.0,2020-01-08 00:00:18+00:00,2020-01-08
1578528017,5730.0,42624.0,,,,48354.0,2020-01-09 00:00:17+00:00,2020-01-09
1578614453,5863.0,43450.0,,,,49313.0,2020-01-10 00:00:53+00:00,2020-01-10
1578700814,5873.0,43002.0,,,,48875.0,2020-01-11 00:00:14+00:00,2020-01-11
1578787228,5878.0,44407.0,,,,50285.0,2020-01-12 00:00:28+00:00,2020-01-12
1578873618,5904.0,43007.0,,,,48911.0,2020-01-13 00:00:18+00:00,2020-01-13
1578960017,5884.0,42723.0,,,,48607.0,2020-01-14 00:00:17+00:00,2020-01-14
1579046417,5868.0,42616.0,,,,48484.0,2020-01-15 00:00:17+00:00,2020-01-15
1579132816,5825.0,44990.0,,,,50815.0,2020-01-16 00:00:16+00:00,2020-01-16
1579219215,5701.0,45566.0,,,,51267.0,2020-01-17 00:00:15+00:00,2020-01-17
1579305646,5816.0,45546.0,,,,51362.0,2020-01-18 00:00:46+00:00,2020-01-18
1579392015,5917.0,45473.0,,,,51390.0,2020-01-19 00:00:15+00:00,2020-01-19
1579478419,5906.0,46011.0,,,,51917.0,2020-01-20 00:00:19+00:00,2020-01-20
1579564838,5892.0,46462.0,,,,52354.0,2020-01-21 00:00:38+00:00,2020-01-21
1579651214,5858.0,46222.0,,,,52080.0,2020-01-22 00:00:14+00:00,2020-01-22
1579737646,5861.0,45619.0,,,,51480.0,2020-01-23 00:00:46+00:00,2020-01-23
1579824014,5858.0,46477.0,,,,52335.0,2020-01-24 00:00:14+00:00,2020-01-24
1579910420,5841.0,46036.0,,,,51877.0,2020-01-25 00:00:20+00:00,2020-01-25
1579996819,5867.0,47586.0,,,,53453.0,2020-01-26 00:00:19+00:00,2020-01-26
1580083215,5930.0,46441.0,,,,52371.0,2020-01-27 00:00:15+00:00,2020-01-27
1580169649,5876.0,45269.0,,,,51145.0,2020-01-28 00:00:49+00:00,2020-01-28
1580256013,5811.0,46632.0,,,,52443.0,2020-01-29 00:00:13+00:00,2020-01-29
1580342422,5856.0,43553.0,,,,49409.0,2020-01-30 00:00:22+00:00,2020-01-30
1580428813,5869.0,42964.0,,,,48833.0,2020-01-31 00:00:13+00:00,2020-01-31
1580515214,5882.0,43621.0,,,,49503.0,2020-02-01 00:00:14+00:00,2020-02-01
1580601620,5864.0,44890.0,,,,50754.0,2020-02-02 00:00:20+00:00,2020-02-02
1580688014,5827.0,44563.0,,,,50390.0,2020-02-03 00:00:14+00:00,2020-02-03
1580774448,5842.0,43538.0,,,,49380.0,2020-02-04 00:00:48+00:00,2020-02-04
1580860815,5759.0,43659.0,,,,49418.0,2020-02-05 00:00:15+00:00,2020-02-05
1580947217,5883.0,43146.0,,,,49029.0,2020-02-06 00:00:17+00:00,2020-02-06
1581033657,5839.0,44295.0,,,,50134.0,2020-02-07 00:00:57+00:00,2020-02-07
1581120015,5897.0,44795.0,,,,50692.0,2020-02-08 00:00:15+00:00,2020-02-08
1581206467,5799.0,44879.0,,,,50678.0,2020-02-09 00:01:07+00:00,2020-02-09
1581292818,5812.0,45894.0,,,,51706.0,2020-02-10 00:00:18+00:00,2020-02-10
1581379260,5858.0,46586.0,,,,52444.0,2020-02-11 00:01:00+00:00,2020-02-11
1581465616,5808.0,46814.0,,,,52622.0,2020-02-12 00:00:16+00:00,2020-02-12
1581552023,5868.0,44529.0,,,,50397.0,2020-02-13 00:00:23+00:00,2020-02-13
1581638463,5821.0,45840.0,,,,51661.0,2020-02-14 00:01:03+00:00,2020-02-14
1581724816,5819.0,46400.0,,,,52219.0,2020-02-15 00:00:16+00:00,2020-02-15
1581811276,5776.0,47701.0,,,,53477.0,2020-02-16 00:01:16+00:00,2020-02-16
1581897618,5781.0,47556.0,,,,53337.0,2020-02-17 00:00:18+00:00,2020-02-17
1581984065,5713.0,48741.0,,,,54454.0,2020-02-18 00:01:05+00:00,2020-02-18
1582070416,5823.0,47092.0,,,,52915.0,2020-02-19 00:00:16+00:00,2020-02-19
1582156862,5804.0,46964.0,,,,52768.0,2020-02-20 00:01:02+00:00,2020-02-20
1582243224,5805.0,47383.0,,,,53188.0,2020-02-21 00:00:24+00:00,2020-02-21
1582329618,5869.0,48309.0,,,,54178.0,2020-02-22 00:00:18+00:00,2020-02-22
1582416022,5807.0,49480.0,,,,55287.0,2020-02-23 00:00:22+00:00,2020-02-23
1582502418,5761.0,50343.0,,,,56104.0,2020-02-24 00:00:18+00:00,2020-02-24
1582588821,5772.0,49611.0,,,,55383.0,2020-02-25 00:00:21+00:00,2020-02-25
1582675220,5725.0,49900.0,,,,55625.0,2020-02-26 00:00:20+00:00,2020-02-26
1582761665,5804.0,50960.0,,,,56764.0,2020-02-27 00:01:05+00:00,2020-02-27
1582848019,5756.0,51504.0,,,,57260.0,2020-02-28 00:00:19+00:00,2020-02-28
1582934459,5769.0,51417.0,,,,57186.0,2020-02-29 00:00:59+00:00,2020-02-29
1583020823,5760.0,51576.0,,,,57336.0,2020-03-01 00:00:23+00:00,2020-03-01
1583107263,5807.0,49500.0,,,,55307.0,2020-03-02 00:01:03+00:00,2020-03-02
1583193616,5665.0,50370.0,,,,56035.0,2020-03-03 00:00:16+00:00,2020-03-03
1583280062,5693.0,51750.0,,,,57443.0,2020-03-04 00:01:02+00:00,2020-03-04
1583366420,5738.0,51236.0,,,,56974.0,2020-03-05 00:00:20+00:00,2020-03-05
1583452863,5641.0,48604.0,,,,54245.0,2020-03-06 00:01:03+00:00,2020-03-06
1583539232,5695.0,50627.0,,,,56322.0,2020-03-07 00:00:32+00:00,2020-03-07
1583625672,5583.0,49332.0,,,,54915.0,2020-03-08 00:01:12+00:00,2020-03-08
1583712019,5649.0,49743.0,,,,55392.0,2020-03-09 00:00:19+00:00,2020-03-09
1583798462,5579.0,49744.0,,,,55323.0,2020-03-10 00:01:02+00:00,2020-03-10
1583884824,5586.0,50158.0,,,,55744.0,2020-03-11 00:00:24+00:00,2020-03-11
1583971276,5566.0,49570.0,,,,55136.0,2020-03-12 00:01:16+00:00,2020-03-12
1584057627,5559.0,48492.0,,,,54051.0,2020-03-13 00:00:27+00:00,2020-03-13
1584144051,5615.0,48605.0,,,,54220.0,2020-03-14 00:00:51+00:00,2020-03-14
1584230420,5581.0,47660.0,,,,53241.0,2020-03-15 00:00:20+00:00,2020-03-15
1584316851,5539.0,49149.0,,,,54688.0,2020-03-16 00:00:51+00:00,2020-03-16
1584403229,5549.0,49064.0,,,,54613.0,2020-03-17 00:00:29+00:00,2020-03-17
1584489651,5473.0,49053.0,,,,54526.0,2020-03-18 00:00:51+00:00,2020-03-18
1584576017,5504.0,46820.0,,,,52324.0,2020-03-19 00:00:17+00:00,2020-03-19
1584662456,5459.0,45191.0,,,,50650.0,2020-03-20 00:00:56+00:00,2020-03-20
1584748822,5388.0,44917.0,,,,50305.0,2020-03-21 00:00:22+00:00,2020-03-21
1584835223,5395.0,44729.0,,,,50124.0,2020-03-22 00:00:23+00:00,2020-03-22
1584921619,5436.0,45582.0,,,,51018.0,2020-03-23 00:00:19+00:00,2020-03-23
1585008048,5407.0,45187.0,,,,50594.0,2020-03-24 00:00:48+00:00,2020-03-24
1585094423,5438.0,45678.0,,,,51116.0,2020-03-25 00:00:23+00:00,2020-03-25
1585180860,5362.0,45303.0,,,,50665.0,2020-03-26 00:01:00+00:00,2020-03-26
1585267223,4976.0,43070.0,,,,48046.0,2020-03-27 00:00:23+00:00,2020-03-27
1585353628,4878.0,42553.0,,,,47431.0,2020-03-28 00:00:28+00:00,2020-03-28
1585440032,4972.0,43027.0,,,,47999.0,2020-03-29 00:00:32+00:00,2020-03-29
1585526454,4909.0,42525.0,,,,47434.0,2020-03-30 00:00:54+00:00,2020-03-30
1585612824,4850.0,42746.0,,,,47596.0,2020-03-31 00:00:24+00:00,2020-03-31
1585699220,4845.0,44245.0,,,,49090.0,2020-04-01 00:00:20+00:00,2020-04-01
1585785619,4783.0,43602.0,,,,48385.0,2020-04-02 00:00:19+00:00,2020-04-02
1585872019,4836.0,43248.0,,,,48084.0,2020-04-03 00:00:19+00:00,2020-04-03
1585958449,4842.0,43313.0,,,,48155.0,2020-04-04 00:00:49+00:00,2020-04-04
1586044820,4806.0,42917.0,,,,47723.0,2020-04-05 00:00:20+00:00,2020-04-05
1586131223,4810.0,43359.0,,,,48169.0,2020-04-06 00:00:23+00:00,2020-04-06
1586217617,4781.0,42455.0,,,,47236.0,2020-04-07 00:00:17+00:00,2020-04-07
1586304028,4866.0,42682.0,,,,47548.0,2020-04-08 00:00:28+00:00,2020-04-08
1586390424,4853.0,43055.0,,,,47908.0,2020-04-09 00:00:24+00:00,2020-04-09
1586476826,4825.0,42520.0,,,,47345.0,2020-04-10 00:00:26+00:00,2020-04-10
1586563228,4848.0,42693.0,,,,47541.0,2020-04-11 00:00:28+00:00,2020-04-11
1586649682,4762.0,42612.0,,,,47374.0,2020-04-12 00:01:22+00:00,2020-04-12
1586736049,4802.0,42222.0,,,,47024.0,2020-04-13 00:00:49+00:00,2020-04-13
1586822418,4963.0,43279.0,,,,48242.0,2020-04-14 00:00:18+00:00,2020-04-14
1586908820,5125.0,44988.0,,,,50113.0,2020-04-15 00:00:20+00:00,2020-04-15
1586995230,5196.0,46084.0,,,,51280.0,2020-04-16 00:00:30+00:00,2020-04-16
1587081617,5194.0,45224.0,,,,50418.0,2020-04-17 00:00:17+00:00,2020-04-17
1587168020,5096.0,44476.0,,,,49572.0,2020-04-18 00:00:20+00:00,2020-04-18
1587254421,5162.0,45209.0,,,,50371.0,2020-04-19 00:00:21+00:00,2020-04-19
1587340819,5119.0,45071.0,,,,50190.0,2020-04-20 00:00:19+00:00,2020-04-20
1587427259,5058.0,45180.0,,,,50238.0,2020-04-21 00:00:59+00:00,2020-04-21
1587513662,5110.0,45736.0,,,,50846.0,2020-04-22 00:01:02+00:00,2020-04-22
1587600055,5082.0,46776.0,,,,51858.0,2020-04-23 00:00:55+00:00,2020-04-23
1587686424,5067.0,47643.0,,,,52710.0,2020-04-24 00:00:24+00:00,2020-04-24
1587772819,5058.0,46307.0,,,,51365.0,2020-04-25 00:00:19+00:00,2020-04-25
1587859220,5057.0,47114.0,,,,52171.0,2020-04-26 00:00:20+00:00,2020-04-26
1587945614,4943.0,46789.0,,,,51732.0,2020-04-27 00:00:14+00:00,2020-04-27
1588032016,4933.0,45809.0,,,,50742.0,2020-04-28 00:00:16+00:00,2020-04-28
1588118449,4927.0,45550.0,,,,50477.0,2020-04-29 00:00:49+00:00,2020-04-29
1588204819,4959.0,44435.0,,,,49394.0,2020-04-30 00:00:19+00:00,2020-04-30
1588291248,4984.0,44654.0,,,,49638.0,2020-05-01 00:00:48+00:00,2020-05-01
1588377621,4942.0,42655.0,,,,47597.0,2020-05-02 00:00:21+00:00,2020-05-02
1588464065,4933.0,42935.0,,,,47868.0,2020-05-03 00:01:05+00:00,2020-05-03
1588550419,4928.0,43027.0,,,,47955.0,2020-05-04 00:00:19+00:00,2020-05-04
1588636869,4867.0,42114.0,,,,46981.0,2020-05-05 00:01:09+00:00,2020-05-05
1588723217,4866.0,42608.0,,,,47474.0,2020-05-06 00:00:17+00:00,2020-05-06
1588809619,4863.0,41669.0,,,,46532.0,2020-05-07 00:00:19+00:00,2020-05-07
1588896047,4806.0,41931.0,,,,46737.0,2020-05-08 00:00:47+00:00,2020-05-08
1588982415,4716.0,40864.0,,,,45580.0,2020-05-09 00:00:15+00:00,2020-05-09
1589068861,4622.0,39235.0,,,,43857.0,2020-05-10 00:01:01+00:00,2020-05-10
1589155213,4726.0,40893.0,,,,45619.0,2020-05-11 00:00:13+00:00,2020-05-11
1589241630,4635.0,41375.0,,,,46010.0,2020-05-12 00:00:30+00:00,2020-05-12
1589328016,4713.0,41364.0,,,,46077.0,2020-05-13 00:00:16+00:00,2020-05-13
1589414432,4721.0,40996.0,,,,45717.0,2020-05-14 00:00:32+00:00,2020-05-14
1589500818,4711.0,41820.0,,,,46531.0,2020-05-15 00:00:18+00:00,2020-05-15
1589587241,4753.0,42184.0,,,,46937.0,2020-05-16 00:00:41+00:00,2020-05-16
1589673623,4808.0,41152.0,,,,45960.0,2020-05-17 00:00:23+00:00,2020-05-17
1589760019,4791.0,39958.0,,,,44749.0,2020-05-18 00:00:19+00:00,2020-05-18
1589846416,4700.0,40055.0,,,,44755.0,2020-05-19 00:00:16+00:00,2020-05-19
1589932818,4782.0,40004.0,,,,44786.0,2020-05-20 00:00:18+00:00,2020-05-20
1590019216,4736.0,39540.0,,,,44276.0,2020-05-21 00:00:16+00:00,2020-05-21
1590105618,4735.0,38921.0,,,,43656.0,2020-05-22 00:00:18+00:00,2020-05-22
1590192018,4785.0,38678.0,,,,43463.0,2020-05-23 00:00:18+00:00,2020-05-23
1590278419,4771.0,38388.0,,,,43159.0,2020-05-24 00:00:19+00:00,2020-05-24
1590364836,4813.0,38614.0,,,,43427.0,2020-05-25 00:00:36+00:00,2020-05-25
1590451215,4758.0,38755.0,,,,43513.0,2020-05-26 00:00:15+00:00,2020-05-26
1590537618,4751.0,39720.0,,,,44471.0,2020-05-27 00:00:18+00:00,2020-05-27
1590624087,4745.0,40064.0,,,,44809.0,2020-05-28 00:01:27+00:00,2020-05-28
1590710429,4607.0,39249.0,,,,43856.0,2020-05-29 00:00:29+00:00,2020-05-29
1590796841,4656.0,38917.0,,,,43573.0,2020-05-30 00:00:41+00:00,2020-05-30
1590883224,4638.0,38910.0,,,,43548.0,2020-05-31 00:00:24+00:00,2020-05-31
1590969639,4586.0,39327.0,,,,43913.0,2020-06-01 00:00:39+00:00,2020-06-01
1591056021,4558.0,38911.0,,,,43469.0,2020-06-02 00:00:21+00:00,2020-06-02
1591142443,4636.0,39127.0,,,,43763.0,2020-06-03 00:00:43+00:00,2020-06-03
1591228819,4607.0,39687.0,,,,44294.0,2020-06-04 00:00:19+00:00,2020-06-04
1591315230,4616.0,41052.0,,,,45668.0,2020-06-05 00:00:30+00:00,2020-06-05
1591401620,4641.0,41368.0,,,,46009.0,2020-06-06 00:00:20+00:00,2020-06-06
1591488020,4627.0,42178.0,,,,46805.0,2020-06-07 00:00:20+00:00,2020-06-07
1591574415,4679.0,41283.0,,,,45962.0,2020-06-08 00:00:15+00:00,2020-06-08
1591660846,4598.0,41322.0,,,,45920.0,2020-06-09 00:00:46+00:00,2020-06-09
1591747221,4609.0,41509.0,,,,46118.0,2020-06-10 00:00:21+00:00,2020-06-10
1591833627,4625.0,41692.0,,,,46317.0,2020-06-11 00:00:27+00:00,2020-06-11
1591920020,4601.0,40984.0,,,,45585.0,2020-06-12 00:00:20+00:00,2020-06-12
1592006442,4584.0,41720.0,,,,46304.0,2020-06-13 00:00:42+00:00,2020-06-13
1592092824,4628.0,41713.0,,,,46341.0,2020-06-14 00:00:24+00:00,2020-06-14
1592179242,4582.0,42997.0,,,,47579.0,2020-06-15 00:00:42+00:00,2020-06-15
1592265650,4551.0,42584.0,,,,47135.0,2020-06-16 00:00:50+00:00,2020-06-16
1592352019,4518.0,44195.0,,,,48713.0,2020-06-17 00:00:19+00:00,2020-06-17
1592438420,4569.0,43722.0,,,,48291.0,2020-06-18 00:00:20+00:00,2020-06-18
1592524848,4571.0,43418.0,,,,47989.0,2020-06-19 00:00:48+00:00,2020-06-19
1592611221,4499.0,44262.0,,,,48761.0,2020-06-20 00:00:21+00:00,2020-06-20
1592697632,4536.0,44147.0,,,,48683.0,2020-06-21 00:00:32+00:00,2020-06-21
1592784031,4532.0,44355.0,,,,48887.0,2020-06-22 00:00:31+00:00,2020-06-22
1592870420,4550.0,42649.0,,,,47199.0,2020-06-23 00:00:20+00:00,2020-06-23
1592956822,4488.0,43842.0,,,,48330.0,2020-06-24 00:00:22+00:00,2020-06-24
1593043215,4518.0,43756.0,,,,48274.0,2020-06-25 00:00:15+00:00,2020-06-25
1593129638,4540.0,43656.0,,,,48196.0,2020-06-26 00:00:38+00:00,2020-06-26
1593216017,4506.0,43091.0,,,,47597.0,2020-06-27 00:00:17+00:00,2020-06-27
1593302478,4418.0,40299.0,,,,44717.0,2020-06-28 00:01:18+00:00,2020-06-28
1593388817,4400.0,41030.0,,,,45430.0,2020-06-29 00:00:17+00:00,2020-06-29
1593475257,4416.0,42096.0,,,,46512.0,2020-06-30 00:00:57+00:00,2020-06-30
1593561620,4361.0,39309.0,,,,43670.0,2020-07-01 00:00:20+00:00,2020-07-01
1593648042,4382.0,40889.0,,,,45271.0,2020-07-02 00:00:42+00:00,2020-07-02
1593734421,4423.0,39876.0,,,,44299.0,2020-07-03 00:00:21+00:00,2020-07-03
1593820818,4403.0,40992.0,,,,45395.0,2020-07-04 00:00:18+00:00,2020-07-04
1593907257,4437.0,41179.0,,,,45616.0,2020-07-05 00:00:57+00:00,2020-07-05
1593993622,4392.0,42244.0,,,,46636.0,2020-07-06 00:00:22+00:00,2020-07-06
1594080045,4369.0,40958.0,,,,45327.0,2020-07-07 00:00:45+00:00,2020-07-07
1594166419,4407.0,41854.0,,,,46261.0,2020-07-08 00:00:19+00:00,2020-07-08
1594252842,4411.0,40033.0,,,,44444.0,2020-07-09 00:00:42+00:00,2020-07-09
1594339218,4428.0,40814.0,,,,45242.0,2020-07-10 00:00:18+00:00,2020-07-10
1594425630,4499.0,40075.0,,,,44574.0,2020-07-11 00:00:30+00:00,2020-07-11
1594512021,4415.0,41596.0,,,,46011.0,2020-07-12 00:00:21+00:00,2020-07-12
1594598422,4441.0,40526.0,,,,44967.0,2020-07-13 00:00:22+00:00,2020-07-13
1594684855,4411.0,40100.0,,,,44511.0,2020-07-14 00:00:55+00:00,2020-07-14
1594771229,4465.0,40640.0,,,,45105.0,2020-07-15 00:00:29+00:00,2020-07-15
1594857623,4407.0,41005.0,,,,45412.0,2020-07-16 00:00:23+00:00,2020-07-16
1594944039,4390.0,40907.0,,,,45297.0,2020-07-17 00:00:39+00:00,2020-07-17
1595030420,4411.0,39730.0,,,,44141.0,2020-07-18 00:00:20+00:00,2020-07-18
1595116871,4342.0,41284.0,,,,45626.0,2020-07-19 00:01:11+00:00,2020-07-19
1595203226,4270.0,40084.0,,,,44354.0,2020-07-20 00:00:26+00:00,2020-07-20
1595289616,4251.0,39764.0,,,,44015.0,2020-07-21 00:00:16+00:00,2020-07-21
1595376015,4234.0,39759.0,,,,43993.0,2020-07-22 00:00:15+00:00,2020-07-22
1595462419,4215.0,39297.0,,,,43512.0,2020-07-23 00:00:19+00:00,2020-07-23
1595548812,4198.0,38329.0,,,,42527.0,2020-07-24 00:00:12+00:00,2020-07-24
1595635242,4353.0,40247.0,,,,44600.0,2020-07-25 00:00:42+00:00,2020-07-25
1595721625,4320.0,41374.0,,,,45694.0,2020-07-26 00:00:25+00:00,2020-07-26
1595808030,4527.0,41051.0,,,,45578.0,2020-07-27 00:00:30+00:00,2020-07-27
1595894419,4633.0,41270.0,,,,45903.0,2020-07-28 00:00:19+00:00,2020-07-28
1595980845,4558.0,41695.0,,,,46253.0,2020-07-29 00:00:45+00:00,2020-07-29
1596067218,4565.0,45087.0,,,,49652.0,2020-07-30 00:00:18+00:00,2020-07-30
1596153627,4638.0,42398.0,,,,47036.0,2020-07-31 00:00:27+00:00,2020-07-31
1596240017,4586.0,42395.0,,,,46981.0,2020-08-01 00:00:17+00:00,2020-08-01
1596326471,4542.0,41628.0,,,,46170.0,2020-08-02 00:01:11+00:00,2020-08-02
1596412859,4561.0,40197.0,,,,44758.0,2020-08-03 00:00:59+00:00,2020-08-03
1596499220,4531.0,40171.0,,,,44702.0,2020-08-04 00:00:20+00:00,2020-08-04
1596585619,4536.0,39854.0,,,,44390.0,2020-08-05 00:00:19+00:00,2020-08-05
1596672024,4501.0,40570.0,,,,45071.0,2020-08-06 00:00:24+00:00,2020-08-06
1596758424,4552.0,41974.0,,,,46526.0,2020-08-07 00:00:24+00:00,2020-08-07
1596844822,4533.0,40989.0,,,,45522.0,2020-08-08 00:00:22+00:00,2020-08-08
1596931220,4496.0,42125.0,,,,46621.0,2020-08-09 00:00:20+00:00,2020-08-09
1597017617,4508.0,42083.0,,,,46591.0,2020-08-10 00:00:17+00:00,2020-08-10
1597104017,4467.0,42130.0,,,,46597.0,2020-08-11 00:00:17+00:00,2020-08-11
1597190418,4511.0,42043.0,,,,46554.0,2020-08-12 00:00:18+00:00,2020-08-12
1597276832,4548.0,41859.0,,,,46407.0,2020-08-13 00:00:32+00:00,2020-08-13
1597363213,4501.0,40479.0,,,,44980.0,2020-08-14 00:00:13+00:00,2020-08-14
1597449620,4445.0,40792.0,,,,45237.0,2020-08-15 00:00:20+00:00,2020-08-15
1597536016,4371.0,40032.0,,,,44403.0,2020-08-16 00:00:16+00:00,2020-08-16
1597622444,4322.0,40152.0,,,,44474.0,2020-08-17 00:00:44+00:00,2020-08-17
1597708813,4367.0,39909.0,,,,44276.0,2020-08-18 00:00:13+00:00,2020-08-18
1597795261,4415.0,39292.0,,,,43707.0,2020-08-19 00:01:01+00:00,2020-08-19
1597881621,4419.0,41379.0,,,,45798.0,2020-08-20 00:00:21+00:00,2020-08-20
1597968048,4383.0,41539.0,,,,45922.0,2020-08-21 00:00:48+00:00,2020-08-21
1598054424,4458.0,41354.0,,,,45812.0,2020-08-22 00:00:24+00:00,2020-08-22
1598140866,4363.0,39161.0,,,,43524.0,2020-08-23 00:01:06+00:00,2020-08-23
1598227216,4379.0,39895.0,,,,44274.0,2020-08-24 00:00:16+00:00,2020-08-24
1598313625,4346.0,41570.0,,,,45916.0,2020-08-25 00:00:25+00:00,2020-08-25
1598400016,4288.0,40877.0,,,,45165.0,2020-08-26 00:00:16+00:00,2020-08-26
1598486461,4295.0,38729.0,,,,43024.0,2020-08-27 00:01:01+00:00,2020-08-27
1598572822,4316.0,38626.0,,,,42942.0,2020-08-28 00:00:22+00:00,2020-08-28
1598659219,4387.0,39101.0,,,,43488.0,2020-08-29 00:00:19+00:00,2020-08-29
1598745676,4345.0,39247.0,,,,43592.0,2020-08-30 00:01:16+00:00,2020-08-30
1598832025,4292.0,38529.0,,,,42821.0,2020-08-31 00:00:25+00:00,2020-08-31
1598918453,4275.0,37469.0,,,,41744.0,2020-09-01 00:00:53+00:00,2020-09-01
1599004820,4295.0,38631.0,,,,42926.0,2020-09-02 00:00:20+00:00,2020-09-02
1599091256,4321.0,37351.0,,,,41672.0,2020-09-03 00:00:56+00:00,2020-09-03
1599177624,4194.0,37218.0,,,,41412.0,2020-09-04 00:00:24+00:00,2020-09-04
1599264042,4268.0,38211.0,,,,42479.0,2020-09-05 00:00:42+00:00,2020-09-05
1599350428,4271.0,37732.0,,,,42003.0,2020-09-06 00:00:28+00:00,2020-09-06
1599436823,4248.0,38655.0,,,,42903.0,2020-09-07 00:00:23+00:00,2020-09-07
1599523234,4291.0,38728.0,,,,43019.0,2020-09-08 00:00:34+00:00,2020-09-08
1599609618,4280.0,39274.0,,,,43554.0,2020-09-09 00:00:18+00:00,2020-09-09
1599696056,4333.0,39480.0,,,,43813.0,2020-09-10 00:00:56+00:00,2020-09-10
1599782418,4286.0,40831.0,,,,45117.0,2020-09-11 00:00:18+00:00,2020-09-11
1599868839,4253.0,41106.0,,,,45359.0,2020-09-12 00:00:39+00:00,2020-09-12
1599955222,4291.0,40011.0,,,,44302.0,2020-09-13 00:00:22+00:00,2020-09-13
1600041624,4321.0,42223.0,,,,46544.0,2020-09-14 00:00:24+00:00,2020-09-14
1600128074,4277.0,40374.0,,,,44651.0,2020-09-15 00:01:14+00:00,2020-09-15
1600214432,4257.0,39541.0,,,,43798.0,2020-09-16 00:00:32+00:00,2020-09-16
1600300848,4244.0,41952.0,,,,46196.0,2020-09-17 00:00:48+00:00,2020-09-17
1600387250,4320.0,41424.0,,,,45744.0,2020-09-18 00:00:50+00:00,2020-09-18
1600473652,4324.0,41610.0,,,,45934.0,2020-09-19 00:00:52+00:00,2020-09-19
1600560085,4283.0,42440.0,,,,46723.0,2020-09-20 00:01:25+00:00,2020-09-20
1600646424,4250.0,41394.0,,,,45644.0,2020-09-21 00:00:24+00:00,2020-09-21
1600732855,4240.0,41275.0,,,,45515.0,2020-09-22 00:00:55+00:00,2020-09-22
1600819217,4242.0,41359.0,,,,45601.0,2020-09-23 00:00:17+00:00,2020-09-23
1600905646,4284.0,42835.0,,,,47119.0,2020-09-24 00:00:46+00:00,2020-09-24
1600992027,4411.0,43380.0,,,,47791.0,2020-09-25 00:00:27+00:00,2020-09-25
1601078424,4298.0,42610.0,,,,46908.0,2020-09-26 00:00:24+00:00,2020-09-26
1601164819,4278.0,42560.0,,,,46838.0,2020-09-27 00:00:19+00:00,2020-09-27
1601251242,4260.0,42328.0,,,,46588.0,2020-09-28 00:00:42+00:00,2020-09-28
1601337617,4238.0,42210.0,,,,46448.0,2020-09-29 00:00:17+00:00,2020-09-29
1601424016,4218.0,41264.0,,,,45482.0,2020-09-30 00:00:16+00:00,2020-09-30
1601510414,4201.0,41855.0,,,,46056.0,2020-10-01 00:00:14+00:00,2020-10-01
1601596815,4177.0,40359.0,,,,44536.0,2020-10-02 00:00:15+00:00,2020-10-02
1601683242,4158.0,40215.0,,,,44373.0,2020-10-03 00:00:42+00:00,2020-10-03
1601769618,4135.0,39081.0,,,,43216.0,2020-10-04 00:00:18+00:00,2020-10-04
1601856051,4109.0,38851.0,,,,42960.0,2020-10-05 00:00:51+00:00,2020-10-05
1601942416,4451.0,37237.0,,,,41688.0,2020-10-06 00:00:16+00:00,2020-10-06
1602028833,4581.0,37893.0,,,,42474.0,2020-10-07 00:00:33+00:00,2020-10-07
1602115229,4722.0,38258.0,,,,42980.0,2020-10-08 00:00:29+00:00,2020-10-08
1602201617,4663.0,38799.0,,,,43462.0,2020-10-09 00:00:17+00:00,2020-10-09
1602288035,4680.0,38039.0,,,,42719.0,2020-10-10 00:00:35+00:00,2020-10-10
1602374422,4675.0,38330.0,,,,43005.0,2020-10-11 00:00:22+00:00,2020-10-11
1602460859,4713.0,38017.0,,,,42730.0,2020-10-12 00:00:59+00:00,2020-10-12
1602547217,4671.0,38908.0,,,,43579.0,2020-10-13 00:00:17+00:00,2020-10-13
1602633640,4682.0,37535.0,,,,42217.0,2020-10-14 00:00:40+00:00,2020-10-14
1602720016,4608.0,36415.0,,,,41023.0,2020-10-15 00:00:16+00:00,2020-10-15
1602806450,4649.0,37655.0,,,,42304.0,2020-10-16 00:00:50+00:00,2020-10-16
1602892818,4621.0,37338.0,,,,41959.0,2020-10-17 00:00:18+00:00,2020-10-17
1602979276,4646.0,38572.0,,,,43218.0,2020-10-18 00:01:16+00:00,2020-10-18
1603065618,4637.0,36248.0,,,,40885.0,2020-10-19 00:00:18+00:00,2020-10-19
1603152049,4671.0,36118.0,,,,40789.0,2020-10-20 00:00:49+00:00,2020-10-20
1603238416,4581.0,35917.0,,,,40498.0,2020-10-21 00:00:16+00:00,2020-10-21
1603324847,4536.0,34482.0,,,,39018.0,2020-10-22 00:00:47+00:00,2020-10-22
1603411221,4471.0,34591.0,,,,39062.0,2020-10-23 00:00:21+00:00,2020-10-23
1603497642,4491.0,35241.0,,,,39732.0,2020-10-24 00:00:42+00:00,2020-10-24
1603584025,4513.0,34769.0,,,,39282.0,2020-10-25 00:00:25+00:00,2020-10-25
1603670434,4467.0,33294.0,,,,37761.0,2020-10-26 00:00:34+00:00,2020-10-26
1603756819,4470.0,34226.0,,,,38696.0,2020-10-27 00:00:19+00:00,2020-10-27
1603843247,4448.0,33078.0,,,,37526.0,2020-10-28 00:00:47+00:00,2020-10-28
1603929623,4497.0,33012.0,,,,37509.0,2020-10-29 00:00:23+00:00,2020-10-29
1604016051,4525.0,34529.0,,,,39054.0,2020-10-30 00:00:51+00:00,2020-10-30
1604102429,4625.0,35260.0,,,,39885.0,2020-10-31 00:00:29+00:00,2020-10-31
1604188832,4684.0,35563.0,,,,40247.0,2020-11-01 00:00:32+00:00,2020-11-01
1604275273,4646.0,35332.0,,,,39978.0,2020-11-02 00:01:13+00:00,2020-11-02
1604361622,4672.0,35266.0,,,,39938.0,2020-11-03 00:00:22+00:00,2020-11-03
1604448042,4733.0,35185.0,,,,39918.0,2020-11-04 00:00:42+00:00,2020-11-04
1604534419,4689.0,35247.0,,,,39936.0,2020-11-05 00:00:19+00:00,2020-11-05
1605404061,4839.0,36021.0,,,,40860.0,2020-11-15 01:34:21+00:00,2020-11-15
1605484810,4833.0,36526.0,,,,41359.0,2020-11-16 00:00:10+00:00,2020-11-16
1605571213,4862.0,36806.0,,,,41668.0,2020-11-17 00:00:13+00:00,2020-11-17
1605657615,4868.0,38151.0,,,,43019.0,2020-11-18 00:00:15+00:00,2020-11-18
1605744011,4910.0,38424.0,,,,43334.0,2020-11-19 00:00:11+00:00,2020-11-19
1605830419,4878.0,38395.0,,,,43273.0,2020-11-20 00:00:19+00:00,2020-11-20
1605916809,4964.0,39902.0,,,,44866.0,2020-11-21 00:00:09+00:00,2020-11-21
1606003212,3919.0,35621.0,,,,39540.0,2020-11-22 00:00:12+00:00,2020-11-22
1606089609,4887.0,40620.0,,,,45507.0,2020-11-23 00:00:09+00:00,2020-11-23
1606176011,4985.0,41538.0,,,,46523.0,2020-11-24 00:00:11+00:00,2020-11-24
1606262410,4985.0,41399.0,,,,46384.0,2020-11-25 00:00:10+00:00,2020-11-25
1606348809,5026.0,43104.0,,,,48130.0,2020-11-26 00:00:09+00:00,2020-11-26
1606435209,5005.0,42736.0,,,,47741.0,2020-11-27 00:00:09+00:00,2020-11-27
1606521608,5011.0,43112.0,,,,48123.0,2020-11-28 00:00:08+00:00,2020-11-28
1606608011,4964.0,42536.0,,,,47500.0,2020-11-29 00:00:11+00:00,2020-11-29
1606694412,4980.0,45562.0,,,,50542.0,2020-11-30 00:00:12+00:00,2020-11-30
1606780811,4931.0,44879.0,,,,49810.0,2020-12-01 00:00:11+00:00,2020-12-01
1606867209,4885.0,45916.0,,,,50801.0,2020-12-02 00:00:09+00:00,2020-12-02
1606953629,4938.0,45184.0,,,,50122.0,2020-12-03 00:00:29+00:00,2020-12-03
1607040011,4902.0,43313.0,,,,48215.0,2020-12-04 00:00:11+00:00,2020-12-04
1607126409,4886.0,42965.0,,,,47851.0,2020-12-05 00:00:09+00:00,2020-12-05
1607212828,4854.0,44049.0,,,,48903.0,2020-12-06 00:00:28+00:00,2020-12-06
1607299208,4876.0,45770.0,,,,50646.0,2020-12-07 00:00:08+00:00,2020-12-07
1607385615,4827.0,43313.0,,,,48140.0,2020-12-08 00:00:15+00:00,2020-12-08
1607472008,4847.0,43025.0,,,,47872.0,2020-12-09 00:00:08+00:00,2020-12-09
1607558408,4748.0,43612.0,,,,48360.0,2020-12-10 00:00:08+00:00,2020-12-10
1607644807,4682.0,42291.0,,,,46973.0,2020-12-11 00:00:07+00:00,2020-12-11
1607731207,4656.0,42356.0,,,,47012.0,2020-12-12 00:00:07+00:00,2020-12-12
1607817612,4131.0,40858.0,,,,44989.0,2020-12-13 00:00:12+00:00,2020-12-13
1607904007,4646.0,44924.0,,,,49570.0,2020-12-14 00:00:07+00:00,2020-12-14
1607990408,4634.0,43804.0,,,,48438.0,2020-12-15 00:00:08+00:00,2020-12-15
1608076809,4626.0,42431.0,,,,47057.0,2020-12-16 00:00:09+00:00,2020-12-16
1608163232,4672.0,42992.0,,,,47664.0,2020-12-17 00:00:32+00:00,2020-12-17
1608249609,4711.0,44533.0,,,,49244.0,2020-12-18 00:00:09+00:00,2020-12-18
1608336010,4801.0,42614.0,,,,47415.0,2020-12-19 00:00:10+00:00,2020-12-19
1608422409,4845.0,43316.0,,,,48161.0,2020-12-20 00:00:09+00:00,2020-12-20
1608508809,4826.0,43397.0,,,,48223.0,2020-12-21 00:00:09+00:00,2020-12-21
1608595209,4748.0,42845.0,,,,47593.0,2020-12-22 00:00:09+00:00,2020-12-22
1608681609,4718.0,41634.0,,,,46352.0,2020-12-23 00:00:09+00:00,2020-12-23
1608768009,4725.0,41050.0,,,,45775.0,2020-12-24 00:00:09+00:00,2020-12-24
1608854409,4723.0,41331.0,,,,46054.0,2020-12-25 00:00:09+00:00,2020-12-25
1608940809,4734.0,40679.0,,,,45413.0,2020-12-26 00:00:09+00:00,2020-12-26
1609027224,4754.0,41207.0,,,,45961.0,2020-12-27 00:00:24+00:00,2020-12-27
1609113609,4706.0,41005.0,,,,45711.0,2020-12-28 00:00:09+00:00,2020-12-28
1609200013,4778.0,41910.0,,,,46688.0,2020-12-29 00:00:13+00:00,2020-12-29
1609286409,4802.0,41933.0,,,,46735.0,2020-12-30 00:00:09+00:00,2020-12-30
1609372809,4851.0,42656.0,,,,47507.0,2020-12-31 00:00:09+00:00,2020-12-31
1609459226,4854.0,42404.0,,,,47258.0,2021-01-01 00:00:26+00:00,2021-01-01
1609545608,4873.0,43644.0,,,,48517.0,2021-01-02 00:00:08+00:00,2021-01-02
1609632033,4876.0,43240.0,,,,48116.0,2021-01-03 00:00:33+00:00,2021-01-03
1609718412,4923.0,44120.0,,,,49043.0,2021-01-04 00:00:12+00:00,2021-01-04
1609804812,4966.0,44772.0,,,,49738.0,2021-01-05 00:00:12+00:00,2021-01-05
1609891212,5089.0,45225.0,,,,50314.0,2021-01-06 00:00:12+00:00,2021-01-06
1609977610,5117.0,44880.0,,,,49997.0,2021-01-07 00:00:10+00:00,2021-01-07
1610064029,5133.0,46134.0,,,,51267.0,2021-01-08 00:00:29+00:00,2021-01-08
1610150412,5242.0,49079.0,,,,54321.0,2021-01-09 00:00:12+00:00,2021-01-09
1610236832,5357.0,49895.0,,,,55252.0,2021-01-10 00:00:32+00:00,2021-01-10
1610323209,5399.0,49448.0,,,,54847.0,2021-01-11 00:00:09+00:00,2021-01-11
1610409613,5351.0,48819.0,,,,54170.0,2021-01-12 00:00:13+00:00,2021-01-12
1610496012,5299.0,49099.0,,,,54398.0,2021-01-13 00:00:12+00:00,2021-01-13
1610582413,5358.0,50855.0,,,,56213.0,2021-01-14 00:00:13+00:00,2021-01-14
1610668811,5387.0,49765.0,,,,55152.0,2021-01-15 00:00:11+00:00,2021-01-15
1610755209,7212.0,72436.0,,,,79648.0,2021-01-16 00:00:09+00:00,2021-01-16
1610841609,7191.0,73083.0,,,,80274.0,2021-01-17 00:00:09+00:00,2021-01-17
1610928009,7204.0,75907.0,,,,83111.0,2021-01-18 00:00:09+00:00,2021-01-18
1611014407,7065.0,76941.0,,,,84006.0,2021-01-19 00:00:07+00:00,2021-01-19
1611100811,7123.0,76420.0,,,,83543.0,2021-01-20 00:00:11+00:00,2021-01-20
1611187209,7209.0,77694.0,,,,84903.0,2021-01-21 00:00:09+00:00,2021-01-21
1611273615,7230.0,77720.0,,,,84950.0,2021-01-22 00:00:15+00:00,2021-01-22
1611360009,7259.0,77502.0,,,,84761.0,2021-01-23 00:00:09+00:00,2021-01-23
1611446412,7245.0,75931.0,,,,83176.0,2021-01-24 00:00:12+00:00,2021-01-24
1611532809,7270.0,76315.0,,,,83585.0,2021-01-25 00:00:09+00:00,2021-01-25
1611619209,7286.0,76759.0,,,,84045.0,2021-01-26 00:00:09+00:00,2021-01-26
1611705609,7316.0,77900.0,,,,85216.0,2021-01-27 00:00:09+00:00,2021-01-27
1611792011,7270.0,80148.0,,,,87418.0,2021-01-28 00:00:11+00:00,2021-01-28
1611878409,7328.0,76276.0,,,,83604.0,2021-01-29 00:00:09+00:00,2021-01-29
1611964809,7313.0,74933.0,,,,82246.0,2021-01-30 00:00:09+00:00,2021-01-30
1612051209,7441.0,75877.0,,,,83318.0,2021-01-31 00:00:09+00:00,2021-01-31
1612137609,7439.0,75513.0,,,,82952.0,2021-02-01 00:00:09+00:00,2021-02-01
1612224018,7433.0,78044.0,,,,85477.0,2021-02-02 00:00:18+00:00,2021-02-02
1612310409,7500.0,74882.0,,,,82382.0,2021-02-03 00:00:09+00:00,2021-02-03
1612396809,7352.0,74020.0,,,,81372.0,2021-02-04 00:00:09+00:00,2021-02-04
1612483210,7460.0,75309.0,,,,82769.0,2021-02-05 00:00:10+00:00,2021-02-05
1612569609,7358.0,73399.0,,,,80757.0,2021-02-06 00:00:09+00:00,2021-02-06
1612656011,7297.0,72098.0,,,,79395.0,2021-02-07 00:00:11+00:00,2021-02-07
1612742410,7258.0,71340.0,,,,78598.0,2021-02-08 00:00:10+00:00,2021-02-08
1612828813,7306.0,71686.0,,,,78992.0,2021-02-09 00:00:13+00:00,2021-02-09
1612915209,7323.0,70174.0,,,,77497.0,2021-02-10 00:00:09+00:00,2021-02-10
1613001612,7357.0,70614.0,,,,77971.0,2021-02-11 00:00:12+00:00,2021-02-11
1613088009,7341.0,70104.0,,,,77445.0,2021-02-12 00:00:09+00:00,2021-02-12
1613174432,7302.0,72833.0,,,,80135.0,2021-02-13 00:00:32+00:00,2021-02-13
1613260815,7374.0,72499.0,,,,79873.0,2021-02-14 00:00:15+00:00,2021-02-14
1616165714,7159.0,83714.0,,,,90873.0,2021-03-19 14:55:14+00:00,2021-03-19
1616198416,7154.0,83749.0,,,,90903.0,2021-03-20 00:00:16+00:00,2021-03-20
1616284813,7207.0,83138.0,,,,90345.0,2021-03-21 00:00:13+00:00,2021-03-21
1616371235,7177.0,84699.0,,,,91876.0,2021-03-22 00:00:35+00:00,2021-03-22
1616457615,7150.0,82820.0,,,,89970.0,2021-03-23 00:00:15+00:00,2021-03-23
1616544016,7209.0,81630.0,,,,88839.0,2021-03-24 00:00:16+00:00,2021-03-24
1616630421,7192.0,80678.0,,,,87870.0,2021-03-25 00:00:21+00:00,2021-03-25
1616716832,7157.0,80511.0,,,,87668.0,2021-03-26 00:00:32+00:00,2021-03-26
1616803210,7177.0,81194.0,,,,88371.0,2021-03-27 00:00:10+00:00,2021-03-27
1616889614,7137.0,82091.0,,,,89228.0,2021-03-28 00:00:14+00:00,2021-03-28
1616976015,7166.0,82306.0,,,,89472.0,2021-03-29 00:00:15+00:00,2021-03-29
1617062456,7134.0,83452.0,,,,90586.0,2021-03-30 00:00:56+00:00,2021-03-30
1617148812,7168.0,83855.0,,,,91023.0,2021-03-31 00:00:12+00:00,2021-03-31
1617235213,7083.0,82042.0,,,,89125.0,2021-04-01 00:00:13+00:00,2021-04-01
1617321610,7174.0,78180.0,,,,85354.0,2021-04-02 00:00:10+00:00,2021-04-02
1617408009,7073.0,87362.0,,,,94435.0,2021-04-03 00:00:09+00:00,2021-04-03
1617494416,6968.0,81624.0,,,,88592.0,2021-04-04 00:00:16+00:00,2021-04-04
1617580809,7027.0,82263.0,,,,89290.0,2021-04-05 00:00:09+00:00,2021-04-05
1617667210,6948.0,80313.0,,,,87261.0,2021-04-06 00:00:10+00:00,2021-04-06
1617753610,6950.0,80102.0,,,,87052.0,2021-04-07 00:00:10+00:00,2021-04-07
1617840011,6981.0,79791.0,,,,86772.0,2021-04-08 00:00:11+00:00,2021-04-08
1617926414,6954.0,77904.0,,,,84858.0,2021-04-09 00:00:14+00:00,2021-04-09
1618012809,6970.0,77319.0,,,,84289.0,2021-04-10 00:00:09+00:00,2021-04-10
1618099217,6944.0,78661.0,,,,85605.0,2021-04-11 00:00:17+00:00,2021-04-11
1618185610,6969.0,78622.0,,,,85591.0,2021-04-12 00:00:10+00:00,2021-04-12
1618272009,6883.0,80191.0,,,,87074.0,2021-04-13 00:00:09+00:00,2021-04-13
1618358414,6880.0,78520.0,,,,85400.0,2021-04-14 00:00:14+00:00,2021-04-14
1618444817,6979.0,77792.0,,,,84771.0,2021-04-15 00:00:17+00:00,2021-04-15
1618531255,6892.0,78891.0,,,,85783.0,2021-04-16 00:00:55+00:00,2021-04-16
1618617617,7010.0,79540.0,,,,86550.0,2021-04-17 00:00:17+00:00,2021-04-17
1618704019,7032.0,76037.0,,,,83069.0,2021-04-18 00:00:19+00:00,2021-04-18
1618790417,7090.0,73560.0,,,,80650.0,2021-04-19 00:00:17+00:00,2021-04-19
1618876845,7023.0,74880.0,,,,81903.0,2021-04-20 00:00:45+00:00,2021-04-20
1618963211,6966.0,76840.0,,,,83806.0,2021-04-21 00:00:11+00:00,2021-04-21
1619049639,6955.0,74018.0,,,,80973.0,2021-04-22 00:00:39+00:00,2021-04-22
1619136010,6961.0,77458.0,,,,84419.0,2021-04-23 00:00:10+00:00,2021-04-23
1619222410,6956.0,76290.0,,,,83246.0,2021-04-24 00:00:10+00:00,2021-04-24
1619308814,6939.0,74353.0,,,,81292.0,2021-04-25 00:00:14+00:00,2021-04-25
1619395220,6951.0,72545.0,,,,79496.0,2021-04-26 00:00:20+00:00,2021-04-26
1622079588,6674.0,69137.0,,,,75811.0,2021-05-27 01:39:48+00:00,2021-05-27
1622160014,6725.0,68159.0,,,,74884.0,2021-05-28 00:00:14+00:00,2021-05-28
1622246413,6728.0,66241.0,,,,72969.0,2021-05-29 00:00:13+00:00,2021-05-29
1622332864,6797.0,67474.0,,,,74271.0,2021-05-30 00:01:04+00:00,2021-05-30
1622419216,6720.0,66791.0,,,,73511.0,2021-05-31 00:00:16+00:00,2021-05-31
1622505634,6637.0,66105.0,,,,72742.0,2021-06-01 00:00:34+00:00,2021-06-01
1622592015,6658.0,65387.0,,,,72045.0,2021-06-02 00:00:15+00:00,2021-06-02
1622678414,6625.0,66138.0,,,,72763.0,2021-06-03 00:00:14+00:00,2021-06-03
1622764825,6629.0,66675.0,,,,73304.0,2021-06-04 00:00:25+00:00,2021-06-04
1622851212,6588.0,65831.0,,,,72419.0,2021-06-05 00:00:12+00:00,2021-06-05
1622937614,6643.0,63630.0,,,,70273.0,2021-06-06 00:00:14+00:00,2021-06-06
1623024012,6608.0,66290.0,,,,72898.0,2021-06-07 00:00:12+00:00,2021-06-07
1623110426,6396.0,64578.0,,,,70974.0,2021-06-08 00:00:26+00:00,2021-06-08
1623196815,6680.0,63477.0,,,,70157.0,2021-06-09 00:00:15+00:00,2021-06-09
1623283215,6676.0,63346.0,,,,70022.0,2021-06-10 00:00:15+00:00,2021-06-10
1623369622,6680.0,61539.0,,,,68219.0,2021-06-11 00:00:22+00:00,2021-06-11
1623456011,6544.0,61141.0,,,,67685.0,2021-06-12 00:00:11+00:00,2021-06-12
1623542413,6657.0,61389.0,,,,68046.0,2021-06-13 00:00:13+00:00,2021-06-13
1623628810,6592.0,61249.0,,,,67841.0,2021-06-14 00:00:10+00:00,2021-06-14
1623715216,6501.0,59602.0,,,,66103.0,2021-06-15 00:00:16+00:00,2021-06-15
1623801612,6469.0,61196.0,,,,67665.0,2021-06-16 00:00:12+00:00,2021-06-16
1623888022,6428.0,59859.0,,,,66287.0,2021-06-17 00:00:22+00:00,2021-06-17
1623974417,6524.0,59417.0,,,,65941.0,2021-06-18 00:00:17+00:00,2021-06-18
1624060819,6623.0,56945.0,,,,63568.0,2021-06-19 00:00:19+00:00,2021-06-19
1624147222,6572.0,58133.0,,,,64705.0,2021-06-20 00:00:22+00:00,2021-06-20
1624233616,6591.0,59270.0,,,,65861.0,2021-06-21 00:00:16+00:00,2021-06-21
1624320017,6637.0,58111.0,,,,64748.0,2021-06-22 00:00:17+00:00,2021-06-22
1624406419,6610.0,58139.0,,,,64749.0,2021-06-23 00:00:19+00:00,2021-06-23
1624492816,6590.0,57280.0,,,,63870.0,2021-06-24 00:00:16+00:00,2021-06-24
1624579217,6571.0,58429.0,,,,65000.0,2021-06-25 00:00:17+00:00,2021-06-25
1624665615,6550.0,58902.0,,,,65452.0,2021-06-26 00:00:15+00:00,2021-06-26
1624752023,6531.0,58196.0,,,,64727.0,2021-06-27 00:00:23+00:00,2021-06-27
1624838414,6510.0,57555.0,,,,64065.0,2021-06-28 00:00:14+00:00,2021-06-28
1624924821,6487.0,55836.0,,,,62323.0,2021-06-29 00:00:21+00:00,2021-06-29
1625011217,6462.0,55561.0,,,,62023.0,2021-06-30 00:00:17+00:00,2021-06-30
1625097618,6451.0,55278.0,,,,61729.0,2021-07-01 00:00:18+00:00,2021-07-01
1625184017,6431.0,54818.0,,,,61249.0,2021-07-02 00:00:17+00:00,2021-07-02
1625270418,6405.0,54278.0,,,,60683.0,2021-07-03 00:00:18+00:00,2021-07-03
1625356823,6372.0,54195.0,,,,60567.0,2021-07-04 00:00:23+00:00,2021-07-04
1625443211,6225.0,53029.0,,,,59254.0,2021-07-05 00:00:11+00:00,2021-07-05
1625529614,6333.0,54344.0,,,,60677.0,2021-07-06 00:00:14+00:00,2021-07-06
1625616012,6395.0,55691.0,,,,62086.0,2021-07-07 00:00:12+00:00,2021-07-07
1625702411,6167.0,55904.0,,,,62071.0,2021-07-08 00:00:11+00:00,2021-07-08
1625788810,6026.0,55262.0,,,,61288.0,2021-07-09 00:00:10+00:00,2021-07-09
1625875212,5869.0,55774.0,,,,61643.0,2021-07-10 00:00:12+00:00,2021-07-10
1625961618,5899.0,56979.0,,,,62878.0,2021-07-11 00:00:18+00:00,2021-07-11
1626048011,5911.0,58040.0,,,,63951.0,2021-07-12 00:00:11+00:00,2021-07-12
1626134414,6001.0,55527.0,,,,61528.0,2021-07-13 00:00:14+00:00,2021-07-13
1626220817,5800.0,55755.0,,,,61555.0,2021-07-14 00:00:17+00:00,2021-07-14
1626307209,5650.0,57663.0,,,,63313.0,2021-07-15 00:00:09+00:00,2021-07-15
1626393613,5547.0,60637.0,,,,66184.0,2021-07-16 00:00:13+00:00,2021-07-16
1626480010,5500.0,58444.0,,,,63944.0,2021-07-17 00:00:10+00:00,2021-07-17
1626566418,5364.0,63003.0,,,,68367.0,2021-07-18 00:00:18+00:00,2021-07-18
1626652813,5250.0,62155.0,,,,67405.0,2021-07-19 00:00:13+00:00,2021-07-19
1626739214,5165.0,61575.0,,,,66740.0,2021-07-20 00:00:14+00:00,2021-07-20
1626825609,5165.0,61244.0,,,,66409.0,2021-07-21 00:00:09+00:00,2021-07-21
1626912010,5165.0,60930.0,,,,66095.0,2021-07-22 00:00:10+00:00,2021-07-22
1626998415,5165.0,60798.0,,,,65963.0,2021-07-23 00:00:15+00:00,2021-07-23
1627084822,5165.0,60492.0,,,,65657.0,2021-07-24 00:00:22+00:00,2021-07-24
1633046403,6044.0,57437.0,,,,63481.0,2021-10-01 00:00:03+00:00,2021-10-01
1633132807,6296.0,57623.0,,,,63919.0,2021-10-02 00:00:07+00:00,2021-10-02
1633219204,6643.0,57492.0,,,,64135.0,2021-10-03 00:00:04+00:00,2021-10-03
1633305605,6288.0,53791.0,,,,60079.0,2021-10-04 00:00:05+00:00,2021-10-04
1633392005,6209.0,52779.0,,,,58988.0,2021-10-05 00:00:05+00:00,2021-10-05
1633478405,5968.0,48416.0,,,,54384.0,2021-10-06 00:00:05+00:00,2021-10-06
1633564805,6381.0,52091.0,,,,58472.0,2021-10-07 00:00:05+00:00,2021-10-07
1633651203,6347.0,53096.0,,,,59443.0,2021-10-08 00:00:03+00:00,2021-10-08
1633737604,6336.0,51611.0,,,,57947.0,2021-10-09 00:00:04+00:00,2021-10-09
1633824005,6325.0,51185.0,,,,57510.0,2021-10-10 00:00:05+00:00,2021-10-10
1633910404,6304.0,49609.0,,,,55913.0,2021-10-11 00:00:04+00:00,2021-10-11
1633996807,6295.0,48164.0,,,,54459.0,2021-10-12 00:00:07+00:00,2021-10-12
1634083206,6420.0,48569.0,,,,54989.0,2021-10-13 00:00:06+00:00,2021-10-13
1634169603,6474.0,48888.0,,,,55362.0,2021-10-14 00:00:03+00:00,2021-10-14
1634256004,6491.0,49814.0,,,,56305.0,2021-10-15 00:00:04+00:00,2021-10-15
1634342405,6425.0,50076.0,,,,56501.0,2021-10-16 00:00:05+00:00,2021-10-16
1634428812,6413.0,50083.0,,,,56496.0,2021-10-17 00:00:12+00:00,2021-10-17
1634515205,6453.0,49952.0,,,,56405.0,2021-10-18 00:00:05+00:00,2021-10-18
1634601604,6466.0,49986.0,,,,56452.0,2021-10-19 00:00:04+00:00,2021-10-19
1634688006,6447.0,50096.0,,,,56543.0,2021-10-20 00:00:06+00:00,2021-10-20
1634774407,6516.0,51425.0,,,,57941.0,2021-10-21 00:00:07+00:00,2021-10-21
1634860803,6531.0,51010.0,,,,57541.0,2021-10-22 00:00:03+00:00,2021-10-22
1634947205,6541.0,50175.0,,,,56716.0,2021-10-23 00:00:05+00:00,2021-10-23
1635033607,6653.0,51840.0,,,,58493.0,2021-10-24 00:00:07+00:00,2021-10-24
1635120003,6618.0,50662.0,,,,57280.0,2021-10-25 00:00:03+00:00,2021-10-25
1635206406,6647.0,51738.0,,,,58385.0,2021-10-26 00:00:06+00:00,2021-10-26
1635292805,6576.0,50540.0,,,,57116.0,2021-10-27 00:00:05+00:00,2021-10-27
1635379205,6753.0,51016.0,,,,57769.0,2021-10-28 00:00:05+00:00,2021-10-28
1635465606,6738.0,52199.0,,,,58937.0,2021-10-29 00:00:06+00:00,2021-10-29
1635552005,6466.0,52780.0,,,,59246.0,2021-10-30 00:00:05+00:00,2021-10-30
1635638409,6371.0,53427.0,,,,59798.0,2021-10-31 00:00:09+00:00,2021-10-31
1635724805,6318.0,53833.0,,,,60151.0,2021-11-01 00:00:05+00:00,2021-11-01
1635811205,6349.0,54097.0,,,,60446.0,2021-11-02 00:00:05+00:00,2021-11-02
1635897604,6272.0,53932.0,,,,60204.0,2021-11-03 00:00:04+00:00,2021-11-03
1635984005,6251.0,54141.0,,,,60392.0,2021-11-04 00:00:05+00:00,2021-11-04
1636070407,6346.0,55707.0,,,,62053.0,2021-11-05 00:00:07+00:00,2021-11-05
1636156809,6292.0,53724.0,,,,60016.0,2021-11-06 00:00:09+00:00,2021-11-06
1636243208,6143.0,53397.0,,,,59540.0,2021-11-07 00:00:08+00:00,2021-11-07
1636329606,6225.0,52286.0,,,,58511.0,2021-11-08 00:00:06+00:00,2021-11-08
1636416007,6144.0,54131.0,,,,60275.0,2021-11-09 00:00:07+00:00,2021-11-09
1636502405,6211.0,51427.0,,,,57638.0,2021-11-10 00:00:05+00:00,2021-11-10
1636588805,6133.0,51931.0,,,,58064.0,2021-11-11 00:00:05+00:00,2021-11-11
1636675205,6097.0,51471.0,,,,57568.0,2021-11-12 00:00:05+00:00,2021-11-12
1636761607,6138.0,54923.0,,,,61061.0,2021-11-13 00:00:07+00:00,2021-11-13
1636848007,6149.0,54121.0,,,,60270.0,2021-11-14 00:00:07+00:00,2021-11-14
1636934407,5973.0,54656.0,,,,60629.0,2021-11-15 00:00:07+00:00,2021-11-15
1637020805,6108.0,55217.0,,,,61325.0,2021-11-16 00:00:05+00:00,2021-11-16
1637107202,6122.0,54977.0,,,,61099.0,2021-11-17 00:00:02+00:00,2021-11-17
1637193604,6106.0,54910.0,,,,61016.0,2021-11-18 00:00:04+00:00,2021-11-18
1637280004,6307.0,54807.0,,,,61114.0,2021-11-19 00:00:04+00:00,2021-11-19
1637366404,6360.0,54379.0,,,,60739.0,2021-11-20 00:00:04+00:00,2021-11-20
1637452807,6310.0,53924.0,,,,60234.0,2021-11-21 00:00:07+00:00,2021-11-21
1637539204,6366.0,54485.0,,,,60851.0,2021-11-22 00:00:04+00:00,2021-11-22
1637625604,6200.0,52899.0,,,,59099.0,2021-11-23 00:00:04+00:00,2021-11-23
1637712006,6178.0,52079.0,,,,58257.0,2021-11-24 00:00:06+00:00,2021-11-24
1637798407,6223.0,52104.0,,,,58327.0,2021-11-25 00:00:07+00:00,2021-11-25
1637884805,6032.0,49870.0,,,,55902.0,2021-11-26 00:00:05+00:00,2021-11-26
1637971206,6206.0,50956.0,,,,57162.0,2021-11-27 00:00:06+00:00,2021-11-27
1638057606,6232.0,51595.0,,,,57827.0,2021-11-28 00:00:06+00:00,2021-11-28
1638144006,6154.0,50835.0,,,,56989.0,2021-11-29 00:00:06+00:00,2021-11-29
1638230406,6216.0,52276.0,,,,58492.0,2021-11-30 00:00:06+00:00,2021-11-30
1638316806,6203.0,53438.0,,,,59641.0,2021-12-01 00:00:06+00:00,2021-12-01
1638403206,6274.0,56358.0,,,,62632.0,2021-12-02 00:00:06+00:00,2021-12-02
1638489606,6262.0,54026.0,,,,60288.0,2021-12-03 00:00:06+00:00,2021-12-03
1638576007,5831.0,54553.0,,,,60384.0,2021-12-04 00:00:07+00:00,2021-12-04
1638662409,6154.0,53362.0,,,,59516.0,2021-12-05 00:00:09+00:00,2021-12-05
1638748812,6157.0,53627.0,,,,59784.0,2021-12-06 00:00:12+00:00,2021-12-06
1638835213,6244.0,53871.0,,,,60115.0,2021-12-07 00:00:13+00:00,2021-12-07
1638921605,6332.0,56166.0,,,,62498.0,2021-12-08 00:00:05+00:00,2021-12-08
1639008005,6331.0,54375.0,,,,60706.0,2021-12-09 00:00:05+00:00,2021-12-09
1639094406,6218.0,55436.0,,,,61654.0,2021-12-10 00:00:06+00:00,2021-12-10
1639180805,6347.0,55442.0,,,,61789.0,2021-12-11 00:00:05+00:00,2021-12-11
1639267210,6234.0,56417.0,,,,62651.0,2021-12-12 00:00:10+00:00,2021-12-12
1639353605,6245.0,56631.0,,,,62876.0,2021-12-13 00:00:05+00:00,2021-12-13
1639440007,6158.0,57223.0,,,,63381.0,2021-12-14 00:00:07+00:00,2021-12-14
1639526407,6159.0,56838.0,,,,62997.0,2021-12-15 00:00:07+00:00,2021-12-15
1639612807,6155.0,56789.0,,,,62944.0,2021-12-16 00:00:07+00:00,2021-12-16
1639699204,6131.0,56261.0,,,,62392.0,2021-12-17 00:00:04+00:00,2021-12-17
1639785606,6218.0,64440.0,,,,70658.0,2021-12-18 00:00:06+00:00,2021-12-18
1639872011,6158.0,64345.0,,,,70503.0,2021-12-19 00:00:11+00:00,2021-12-19
1639958402,6252.0,46404.0,,,,52656.0,2021-12-20 00:00:02+00:00,2021-12-20
1640044805,6176.0,46272.0,,,,52448.0,2021-12-21 00:00:05+00:00,2021-12-21
1640131206,6179.0,46592.0,,,,52771.0,2021-12-22 00:00:06+00:00,2021-12-22
1640217606,6205.0,45824.0,,,,52029.0,2021-12-23 00:00:06+00:00,2021-12-23
1640304004,6261.0,46005.0,,,,52266.0,2021-12-24 00:00:04+00:00,2021-12-24
1640390403,6251.0,45812.0,,,,52063.0,2021-12-25 00:00:03+00:00,2021-12-25
1640476806,6259.0,46129.0,,,,52388.0,2021-12-26 00:00:06+00:00,2021-12-26
1640563206,6002.0,46477.0,,,,52479.0,2021-12-27 00:00:06+00:00,2021-12-27
1640649605,6218.0,45436.0,,,,51654.0,2021-12-28 00:00:05+00:00,2021-12-28
1640736005,6364.0,45467.0,,,,51831.0,2021-12-29 00:00:05+00:00,2021-12-29
1640822406,6276.0,44232.0,,,,50508.0,2021-12-30 00:00:06+00:00,2021-12-30
1640908806,6233.0,43766.0,,,,49999.0,2021-12-31 00:00:06+00:00,2021-12-31
1640995205,6351.0,44121.0,,,,50472.0,2022-01-01 00:00:05+00:00,2022-01-01
1641081608,6245.0,43134.0,,,,49379.0,2022-01-02 00:00:08+00:00,2022-01-02
1641168003,6281.0,43075.0,,,,49356.0,2022-01-03 00:00:03+00:00,2022-01-03
1641254406,6172.0,42616.0,,,,48788.0,2022-01-04 00:00:06+00:00,2022-01-04
1641340804,6247.0,43289.0,,,,49536.0,2022-01-05 00:00:04+00:00,2022-01-05
1641427208,6043.0,42883.0,,,,48926.0,2022-01-06 00:00:08+00:00,2022-01-06
1641513604,6094.0,43475.0,,,,49569.0,2022-01-07 00:00:04+00:00,2022-01-07
1641600014,6131.0,43008.0,,,,49139.0,2022-01-08 00:00:14+00:00,2022-01-08
1641686406,6195.0,42954.0,,,,49149.0,2022-01-09 00:00:06+00:00,2022-01-09
1641772804,6197.0,42018.0,,,,48215.0,2022-01-10 00:00:04+00:00,2022-01-10
1641859204,6114.0,41664.0,,,,47778.0,2022-01-11 00:00:04+00:00,2022-01-11
1641945607,6193.0,41176.0,,,,47369.0,2022-01-12 00:00:07+00:00,2022-01-12
1642032009,6209.0,41616.0,,,,47825.0,2022-01-13 00:00:09+00:00,2022-01-13
1642118403,6212.0,42105.0,,,,48317.0,2022-01-14 00:00:03+00:00,2022-01-14
1642204806,6250.0,42177.0,,,,48427.0,2022-01-15 00:00:06+00:00,2022-01-15
1642291209,6299.0,41974.0,,,,48273.0,2022-01-16 00:00:09+00:00,2022-01-16
1642377607,6291.0,41977.0,,,,48268.0,2022-01-17 00:00:07+00:00,2022-01-17
1642464004,6074.0,41584.0,,,,47658.0,2022-01-18 00:00:04+00:00,2022-01-18
1642550405,6146.0,42286.0,,,,48432.0,2022-01-19 00:00:05+00:00,2022-01-19
1642636811,6155.0,42718.0,,,,48873.0,2022-01-20 00:00:11+00:00,2022-01-20
1642723207,6232.0,43763.0,,,,49995.0,2022-01-21 00:00:07+00:00,2022-01-21
1642809604,2001.0,38894.0,,,,40895.0,2022-01-22 00:00:04+00:00,2022-01-22
1642896006,6090.0,43109.0,,,,49199.0,2022-01-23 00:00:06+00:00,2022-01-23
1642982403,6201.0,43917.0,,,,50118.0,2022-01-24 00:00:03+00:00,2022-01-24
1643068807,6158.0,43773.0,,,,49931.0,2022-01-25 00:00:07+00:00,2022-01-25
1643155202,5999.0,42537.0,,,,48536.0,2022-01-26 00:00:02+00:00,2022-01-26
1643241605,5989.0,44094.0,,,,50083.0,2022-01-27 00:00:05+00:00,2022-01-27
1643328002,6118.0,44125.0,,,,50243.0,2022-01-28 00:00:02+00:00,2022-01-28
1643414412,6044.0,43845.0,,,,49889.0,2022-01-29 00:00:12+00:00,2022-01-29
1643500806,6096.0,43977.0,,,,50073.0,2022-01-30 00:00:06+00:00,2022-01-30
1643587206,6161.0,43298.0,,,,49459.0,2022-01-31 00:00:06+00:00,2022-01-31
1643673605,6074.0,42740.0,,,,48814.0,2022-02-01 00:00:05+00:00,2022-02-01
1643929930,6141.0,43366.0,,,,49507.0,2022-02-03 23:12:10+00:00,2022-02-03
1643932801,6140.0,43415.0,,,,49555.0,2022-02-04 00:00:01+00:00,2022-02-04
1644019203,5973.0,42967.0,,,,48940.0,2022-02-05 00:00:03+00:00,2022-02-05
1644105608,6022.0,43086.0,,,,49108.0,2022-02-06 00:00:08+00:00,2022-02-06
1644192004,5910.0,42516.0,,,,48426.0,2022-02-07 00:00:04+00:00,2022-02-07
1644451203,5859.0,43064.0,,,,48923.0,2022-02-10 00:00:03+00:00,2022-02-10
1644537604,5834.0,41931.0,,,,47765.0,2022-02-11 00:00:04+00:00,2022-02-11
1644624006,5830.0,42220.0,,,,48050.0,2022-02-12 00:00:06+00:00,2022-02-12
1644710409,5957.0,42040.0,,,,47997.0,2022-02-13 00:00:09+00:00,2022-02-13
1644796805,5872.0,41456.0,,,,47328.0,2022-02-14 00:00:05+00:00,2022-02-14
1644883207,5951.0,41347.0,,,,47298.0,2022-02-15 00:00:07+00:00,2022-02-15
1644969608,5887.0,41225.0,,,,47112.0,2022-02-16 00:00:08+00:00,2022-02-16
1645056006,5956.0,41855.0,,,,47811.0,2022-02-17 00:00:06+00:00,2022-02-17
1645142404,5990.0,42361.0,,,,48351.0,2022-02-18 00:00:04+00:00,2022-02-18
1645228806,6013.0,42456.0,,,,48469.0,2022-02-19 00:00:06+00:00,2022-02-19
1645315208,5992.0,42178.0,,,,48170.0,2022-02-20 00:00:08+00:00,2022-02-20
1645401604,5903.0,41988.0,,,,47891.0,2022-02-21 00:00:04+00:00,2022-02-21
1645488004,5975.0,42291.0,,,,48266.0,2022-02-22 00:00:04+00:00,2022-02-22
1645574404,5932.0,42608.0,,,,48540.0,2022-02-23 00:00:04+00:00,2022-02-23
1645660805,6010.0,42473.0,,,,48483.0,2022-02-24 00:00:05+00:00,2022-02-24
1645747214,5919.0,41615.0,,,,47534.0,2022-02-25 00:00:14+00:00,2022-02-25
1645833609,5978.0,42445.0,,,,48423.0,2022-02-26 00:00:09+00:00,2022-02-26
1645920009,6061.0,43100.0,,,,49161.0,2022-02-27 00:00:09+00:00,2022-02-27
1646006403,5893.0,43089.0,,,,48982.0,2022-02-28 00:00:03+00:00,2022-02-28
1646092809,5860.0,42797.0,,,,48657.0,2022-03-01 00:00:09+00:00,2022-03-01
1646179206,5847.0,42689.0,,,,48536.0,2022-03-02 00:00:06+00:00,2022-03-02
1646265606,5878.0,42756.0,,,,48634.0,2022-03-03 00:00:06+00:00,2022-03-03
1646352008,5779.0,42722.0,,,,48501.0,2022-03-04 00:00:08+00:00,2022-03-04
1646438406,5883.0,43354.0,,,,49237.0,2022-03-05 00:00:06+00:00,2022-03-05
1646524809,5808.0,42475.0,,,,48283.0,2022-03-06 00:00:09+00:00,2022-03-06
1646611210,5614.0,41990.0,,,,47604.0,2022-03-07 00:00:10+00:00,2022-03-07
1646697608,5659.0,42559.0,,,,48218.0,2022-03-08 00:00:08+00:00,2022-03-08
1646784005,5715.0,42869.0,,,,48584.0,2022-03-09 00:00:05+00:00,2022-03-09
1646870410,5635.0,43304.0,,,,48939.0,2022-03-10 00:00:10+00:00,2022-03-10
1646956806,5511.0,43823.0,,,,49334.0,2022-03-11 00:00:06+00:00,2022-03-11
1647043203,5559.0,43419.0,,,,48978.0,2022-03-12 00:00:03+00:00,2022-03-12
1647129606,5662.0,43857.0,,,,49519.0,2022-03-13 00:00:06+00:00,2022-03-13
1647216008,5764.0,44350.0,,,,50114.0,2022-03-14 00:00:08+00:00,2022-03-14
1647302410,5608.0,44738.0,,,,50346.0,2022-03-15 00:00:10+00:00,2022-03-15
1647388806,5646.0,44367.0,,,,50013.0,2022-03-16 00:00:06+00:00,2022-03-16
1647475209,5655.0,44195.0,,,,49850.0,2022-03-17 00:00:09+00:00,2022-03-17
1647561606,5730.0,44019.0,,,,49749.0,2022-03-18 00:00:06+00:00,2022-03-18
1647648003,5705.0,44584.0,,,,50289.0,2022-03-19 00:00:03+00:00,2022-03-19
1647734404,5792.0,45130.0,,,,50922.0,2022-03-20 00:00:04+00:00,2022-03-20
1647820813,5457.0,45591.0,,,,51048.0,2022-03-21 00:00:13+00:00,2022-03-21
1647907206,5837.0,46141.0,,,,51978.0,2022-03-22 00:00:06+00:00,2022-03-22
1647993608,5967.0,46602.0,,,,52569.0,2022-03-23 00:00:08+00:00,2022-03-23
1648080008,5876.0,45996.0,,,,51872.0,2022-03-24 00:00:08+00:00,2022-03-24
1648166410,5906.0,46063.0,,,,51969.0,2022-03-25 00:00:10+00:00,2022-03-25
1648252803,5967.0,45814.0,,,,51781.0,2022-03-26 00:00:03+00:00,2022-03-26
1648339206,5950.0,46668.0,,,,52618.0,2022-03-27 00:00:06+00:00,2022-03-27
1648425606,5872.0,46899.0,,,,52771.0,2022-03-28 00:00:06+00:00,2022-03-28
1648512005,5855.0,47044.0,,,,52899.0,2022-03-29 00:00:05+00:00,2022-03-29
1648598408,5850.0,46534.0,,,,52384.0,2022-03-30 00:00:08+00:00,2022-03-30
1648684808,5827.0,46340.0,,,,52167.0,2022-03-31 00:00:08+00:00,2022-03-31
1648771209,5763.0,46506.0,,,,52269.0,2022-04-01 00:00:09+00:00,2022-04-01
1648857608,5892.0,46243.0,,,,52135.0,2022-04-02 00:00:08+00:00,2022-04-02
1648944009,5884.0,46431.0,,,,52315.0,2022-04-03 00:00:09+00:00,2022-04-03
1649030407,5839.0,45913.0,,,,51752.0,2022-04-04 00:00:07+00:00,2022-04-04
1649116806,5798.0,45915.0,,,,51713.0,2022-04-05 00:00:06+00:00,2022-04-05
1649203206,5877.0,46257.0,,,,52134.0,2022-04-06 00:00:06+00:00,2022-04-06
1649289605,5827.0,45083.0,,,,50910.0,2022-04-07 00:00:05+00:00,2022-04-07
1649376007,5758.0,45240.0,,,,50998.0,2022-04-08 00:00:07+00:00,2022-04-08
1649462408,5865.0,45305.0,,,,51170.0,2022-04-09 00:00:08+00:00,2022-04-09
1649548810,5836.0,45542.0,,,,51378.0,2022-04-10 00:00:10+00:00,2022-04-10
1649635206,5814.0,46291.0,,,,52105.0,2022-04-11 00:00:06+00:00,2022-04-11
1649721606,5788.0,46277.0,,,,52065.0,2022-04-12 00:00:06+00:00,2022-04-12
1649808005,5738.0,45082.0,,,,50820.0,2022-04-13 00:00:05+00:00,2022-04-13
1649894407,5828.0,45421.0,,,,51249.0,2022-04-14 00:00:07+00:00,2022-04-14
1649980807,5713.0,45349.0,,,,51062.0,2022-04-15 00:00:07+00:00,2022-04-15
1650067206,5683.0,44829.0,,,,50512.0,2022-04-16 00:00:06+00:00,2022-04-16
1650153606,5712.0,45529.0,,,,51241.0,2022-04-17 00:00:06+00:00,2022-04-17
1650240007,5720.0,45617.0,,,,51337.0,2022-04-18 00:00:07+00:00,2022-04-18
1650326403,5702.0,45414.0,,,,51116.0,2022-04-19 00:00:03+00:00,2022-04-19
1650412809,5718.0,45225.0,,,,50943.0,2022-04-20 00:00:09+00:00,2022-04-20
1650499207,5547.0,44690.0,,,,50237.0,2022-04-21 00:00:07+00:00,2022-04-21
1650585610,5678.0,45082.0,,,,50760.0,2022-04-22 00:00:10+00:00,2022-04-22
1650672007,5717.0,45018.0,,,,50735.0,2022-04-23 00:00:07+00:00,2022-04-23
1650758415,5715.0,44949.0,,,,50664.0,2022-04-24 00:00:15+00:00,2022-04-24
1650844805,5725.0,45037.0,,,,50762.0,2022-04-25 00:00:05+00:00,2022-04-25
1650931211,5668.0,44975.0,,,,50643.0,2022-04-26 00:00:11+00:00,2022-04-26
1651017614,5548.0,44795.0,,,,50343.0,2022-04-27 00:00:14+00:00,2022-04-27
1651104005,5547.0,45750.0,,,,51297.0,2022-04-28 00:00:05+00:00,2022-04-28
1651190407,5629.0,45093.0,,,,50722.0,2022-04-29 00:00:07+00:00,2022-04-29
1651276806,5575.0,45473.0,,,,51048.0,2022-04-30 00:00:06+00:00,2022-04-30
1651363209,5598.0,45557.0,,,,51155.0,2022-05-01 00:00:09+00:00,2022-05-01
1651449607,5608.0,45591.0,,,,51199.0,2022-05-02 00:00:07+00:00,2022-05-02
1651536014,5555.0,45394.0,,,,50949.0,2022-05-03 00:00:14+00:00,2022-05-03
1651622407,5516.0,45250.0,,,,50766.0,2022-05-04 00:00:07+00:00,2022-05-04
1651708807,5419.0,44504.0,,,,49923.0,2022-05-05 00:00:07+00:00,2022-05-05
1651795206,5552.0,45075.0,,,,50627.0,2022-05-06 00:00:06+00:00,2022-05-06
1651881608,5523.0,45525.0,,,,51048.0,2022-05-07 00:00:08+00:00,2022-05-07
1651968008,5573.0,46172.0,,,,51745.0,2022-05-08 00:00:08+00:00,2022-05-08
1652054406,5498.0,45301.0,,,,50799.0,2022-05-09 00:00:06+00:00,2022-05-09
1652140803,5523.0,45690.0,,,,51213.0,2022-05-10 00:00:03+00:00,2022-05-10
1652227207,5560.0,46527.0,,,,52087.0,2022-05-11 00:00:07+00:00,2022-05-11
1652313605,5464.0,45076.0,,,,50540.0,2022-05-12 00:00:05+00:00,2022-05-12
1652400005,5466.0,45108.0,,,,50574.0,2022-05-13 00:00:05+00:00,2022-05-13
1652486407,5506.0,45270.0,,,,50776.0,2022-05-14 00:00:07+00:00,2022-05-14
1652572809,5453.0,45103.0,,,,50556.0,2022-05-15 00:00:09+00:00,2022-05-15
1652659208,5516.0,44843.0,,,,50359.0,2022-05-16 00:00:08+00:00,2022-05-16
1652745604,5440.0,44692.0,,,,50132.0,2022-05-17 00:00:04+00:00,2022-05-17
1652832009,5478.0,44968.0,,,,50446.0,2022-05-18 00:00:09+00:00,2022-05-18
1652918408,5486.0,44380.0,,,,49866.0,2022-05-19 00:00:08+00:00,2022-05-19
1653004810,5396.0,44298.0,,,,49694.0,2022-05-20 00:00:10+00:00,2022-05-20
1653091203,5542.0,44939.0,,,,50481.0,2022-05-21 00:00:03+00:00,2022-05-21
1653177611,5455.0,45466.0,,,,50921.0,2022-05-22 00:00:11+00:00,2022-05-22
1653264006,5422.0,44242.0,,,,49664.0,2022-05-23 00:00:06+00:00,2022-05-23
1653350409,5363.0,44100.0,,,,49463.0,2022-05-24 00:00:09+00:00,2022-05-24
1653436807,5479.0,44882.0,,,,50361.0,2022-05-25 00:00:07+00:00,2022-05-25
1653523206,5403.0,43519.0,,,,48922.0,2022-05-26 00:00:06+00:00,2022-05-26
1653609609,5440.0,44246.0,,,,49686.0,2022-05-27 00:00:09+00:00,2022-05-27
1653696003,5339.0,44148.0,,,,49487.0,2022-05-28 00:00:03+00:00,2022-05-28
1653782404,5249.0,43900.0,,,,49149.0,2022-05-29 00:00:04+00:00,2022-05-29
1653868805,5352.0,43794.0,,,,49146.0,2022-05-30 00:00:05+00:00,2022-05-30
1653955207,5388.0,43857.0,,,,49245.0,2022-05-31 00:00:07+00:00,2022-05-31
1654041607,5311.0,43861.0,,,,49172.0,2022-06-01 00:00:07+00:00,2022-06-01
1654128009,5267.0,43793.0,,,,49060.0,2022-06-02 00:00:09+00:00,2022-06-02
1654214408,5294.0,43984.0,,,,49278.0,2022-06-03 00:00:08+00:00,2022-06-03
1654300806,5227.0,43963.0,,,,49190.0,2022-06-04 00:00:06+00:00,2022-06-04
1654387208,5278.0,43557.0,,,,48835.0,2022-06-05 00:00:08+00:00,2022-06-05
1654473606,5194.0,43189.0,,,,48383.0,2022-06-06 00:00:06+00:00,2022-06-06
1654560006,5264.0,43495.0,,,,48759.0,2022-06-07 00:00:06+00:00,2022-06-07
1654646408,5208.0,44206.0,,,,49414.0,2022-06-08 00:00:08+00:00,2022-06-08
1654732811,5168.0,44090.0,,,,49258.0,2022-06-09 00:00:11+00:00,2022-06-09
1654819207,5235.0,45074.0,,,,50309.0,2022-06-10 00:00:07+00:00,2022-06-10
1654905607,5260.0,44851.0,,,,50111.0,2022-06-11 00:00:07+00:00,2022-06-11
1654992008,5265.0,44860.0,,,,50125.0,2022-06-12 00:00:08+00:00,2022-06-12
1655078407,5218.0,43954.0,,,,49172.0,2022-06-13 00:00:07+00:00,2022-06-13
1655164807,5136.0,44079.0,,,,49215.0,2022-06-14 00:00:07+00:00,2022-06-14
1655251206,5135.0,43962.0,,,,49097.0,2022-06-15 00:00:06+00:00,2022-06-15
1655337607,5123.0,44085.0,,,,49208.0,2022-06-16 00:00:07+00:00,2022-06-16
1655424003,5142.0,43814.0,,,,48956.0,2022-06-17 00:00:03+00:00,2022-06-17
1655510407,5132.0,43828.0,,,,48960.0,2022-06-18 00:00:07+00:00,2022-06-18
1655596809,5134.0,43607.0,,,,48741.0,2022-06-19 00:00:09+00:00,2022-06-19
1655683204,5136.0,44040.0,,,,49176.0,2022-06-20 00:00:04+00:00,2022-06-20
1655769608,5054.0,43589.0,,,,48643.0,2022-06-21 00:00:08+00:00,2022-06-21
1655856005,5066.0,44228.0,,,,49294.0,2022-06-22 00:00:05+00:00,2022-06-22
1655942403,5051.0,44359.0,,,,49410.0,2022-06-23 00:00:03+00:00,2022-06-23
1656028811,5025.0,44528.0,,,,49553.0,2022-06-24 00:00:11+00:00,2022-06-24
1656115206,5004.0,44477.0,,,,49481.0,2022-06-25 00:00:06+00:00,2022-06-25
1656201609,4935.0,44330.0,,,,49265.0,2022-06-26 00:00:09+00:00,2022-06-26
1656288009,4884.0,43706.0,,,,48590.0,2022-06-27 00:00:09+00:00,2022-06-27
1656374405,4889.0,44088.0,,,,48977.0,2022-06-28 00:00:05+00:00,2022-06-28
1656460803,4858.0,45036.0,,,,49894.0,2022-06-29 00:00:03+00:00,2022-06-29
1656547204,4870.0,44298.0,,,,49168.0,2022-06-30 00:00:04+00:00,2022-06-30
1656633607,4868.0,44812.0,,,,49680.0,2022-07-01 00:00:07+00:00,2022-07-01
1656720008,4840.0,44172.0,,,,49012.0,2022-07-02 00:00:08+00:00,2022-07-02
1656806408,4941.0,43916.0,,,,48857.0,2022-07-03 00:00:08+00:00,2022-07-03
1656892806,4844.0,44443.0,,,,49287.0,2022-07-04 00:00:06+00:00,2022-07-04
1656979207,4784.0,43272.0,,,,48056.0,2022-07-05 00:00:07+00:00,2022-07-05
1657065607,4874.0,43402.0,,,,48276.0,2022-07-06 00:00:07+00:00,2022-07-06
1657152008,4774.0,42442.0,,,,47216.0,2022-07-07 00:00:08+00:00,2022-07-07
1657238408,4844.0,42848.0,,,,47692.0,2022-07-08 00:00:08+00:00,2022-07-08
1657324805,4869.0,42442.0,,,,47311.0,2022-07-09 00:00:05+00:00,2022-07-09
1657411208,4847.0,41935.0,,,,46782.0,2022-07-10 00:00:08+00:00,2022-07-10
1657497607,4866.0,41636.0,,,,46502.0,2022-07-11 00:00:07+00:00,2022-07-11
1657584008,4721.0,41316.0,,,,46037.0,2022-07-12 00:00:08+00:00,2022-07-12
1657670402,4795.0,41852.0,,,,46647.0,2022-07-13 00:00:02+00:00,2022-07-13
1657756807,4775.0,41636.0,,,,46411.0,2022-07-14 00:00:07+00:00,2022-07-14
1657843206,4855.0,42075.0,,,,46930.0,2022-07-15 00:00:06+00:00,2022-07-15
1657929607,4824.0,41984.0,,,,46808.0,2022-07-16 00:00:07+00:00,2022-07-16
1658016007,4724.0,41345.0,,,,46069.0,2022-07-17 00:00:07+00:00,2022-07-17
1658102406,4678.0,41159.0,,,,45837.0,2022-07-18 00:00:06+00:00,2022-07-18
1658188813,4708.0,41703.0,,,,46411.0,2022-07-19 00:00:13+00:00,2022-07-19
1658275203,4668.0,41772.0,,,,46440.0,2022-07-20 00:00:03+00:00,2022-07-20
1658361604,4647.0,41583.0,,,,46230.0,2022-07-21 00:00:04+00:00,2022-07-21
1658448005,4676.0,40776.0,,,,45452.0,2022-07-22 00:00:05+00:00,2022-07-22
1658534408,4721.0,42111.0,,,,46832.0,2022-07-23 00:00:08+00:00,2022-07-23
1658620811,4672.0,41547.0,,,,46219.0,2022-07-24 00:00:11+00:00,2022-07-24
1658707204,4650.0,40846.0,,,,45496.0,2022-07-25 00:00:04+00:00,2022-07-25
1658793606,4782.0,41000.0,,,,45782.0,2022-07-26 00:00:06+00:00,2022-07-26
1658880003,4811.0,41287.0,,,,46098.0,2022-07-27 00:00:03+00:00,2022-07-27
1658966404,4832.0,41493.0,,,,46325.0,2022-07-28 00:00:04+00:00,2022-07-28
1659052806,4716.0,41297.0,,,,46013.0,2022-07-29 00:00:06+00:00,2022-07-29
1659139206,4759.0,40768.0,,,,45527.0,2022-07-30 00:00:06+00:00,2022-07-30
1659225614,4801.0,40472.0,,,,45273.0,2022-07-31 00:00:14+00:00,2022-07-31
1659312008,4779.0,40396.0,,,,45175.0,2022-08-01 00:00:08+00:00,2022-08-01
1659312008,4795.0,39667.0,,,,44462.0,2022-08-01 00:00:08+00:00,2022-08-01
1659312008,4884.0,39519.0,,,,44403.0,2022-08-01 00:00:08+00:00,2022-08-01
1659312008,4744.0,40730.0,,,,45474.0,2022-08-01 00:00:08+00:00,2022-08-01
1659571526,4795.0,39667.0,,,,44462.0,2022-08-04 00:05:26+00:00,2022-08-04
1659657605,4836.0,39401.0,,,,44237.0,2022-08-05 00:00:05+00:00,2022-08-05
1659744006,4785.0,39773.0,,,,44558.0,2022-08-06 00:00:06+00:00,2022-08-06
1659830405,4791.0,39745.0,,,,44536.0,2022-08-07 00:00:05+00:00,2022-08-07
1659916806,4760.0,40578.0,,,,45338.0,2022-08-08 00:00:06+00:00,2022-08-08
1660003207,4752.0,38974.0,,,,43726.0,2022-08-09 00:00:07+00:00,2022-08-09
1660089604,4697.0,38707.0,,,,43404.0,2022-08-10 00:00:04+00:00,2022-08-10
1660176005,4739.0,39130.0,,,,43869.0,2022-08-11 00:00:05+00:00,2022-08-11
1660262406,4764.0,39283.0,,,,44047.0,2022-08-12 00:00:06+00:00,2022-08-12
1660348805,4803.0,39419.0,,,,44222.0,2022-08-13 00:00:05+00:00,2022-08-13
1660435208,4788.0,39257.0,,,,44045.0,2022-08-14 00:00:08+00:00,2022-08-14
1660521606,4792.0,39569.0,,,,44361.0,2022-08-15 00:00:06+00:00,2022-08-15
1660608004,4795.0,39214.0,,,,44009.0,2022-08-16 00:00:04+00:00,2022-08-16
1660694406,4776.0,39468.0,,,,44244.0,2022-08-17 00:00:06+00:00,2022-08-17
1660780806,4854.0,39987.0,,,,44841.0,2022-08-18 00:00:06+00:00,2022-08-18
1660867204,4829.0,39882.0,,,,44711.0,2022-08-19 00:00:04+00:00,2022-08-19
1660953606,4814.0,40199.0,,,,45013.0,2022-08-20 00:00:06+00:00,2022-08-20
1661040007,4769.0,39957.0,,,,44726.0,2022-08-21 00:00:07+00:00,2022-08-21
1661126406,4758.0,40154.0,,,,44912.0,2022-08-22 00:00:06+00:00,2022-08-22
1661212807,4814.0,40495.0,,,,45309.0,2022-08-23 00:00:07+00:00,2022-08-23
1661299207,4821.0,39520.0,,,,44341.0,2022-08-24 00:00:07+00:00,2022-08-24
1661385609,4813.0,40572.0,,,,45385.0,2022-08-25 00:00:09+00:00,2022-08-25
1661472010,4778.0,40271.0,,,,45049.0,2022-08-26 00:00:10+00:00,2022-08-26
1661558410,4687.0,40426.0,,,,45113.0,2022-08-27 00:00:10+00:00,2022-08-27
1661644809,4671.0,40825.0,,,,45496.0,2022-08-28 00:00:09+00:00,2022-08-28
1661731206,4694.0,41041.0,,,,45735.0,2022-08-29 00:00:06+00:00,2022-08-29
1661817610,4688.0,41691.0,,,,46379.0,2022-08-30 00:00:10+00:00,2022-08-30
1661904016,4722.0,40974.0,,,,45696.0,2022-08-31 00:00:16+00:00,2022-08-31
1661990405,4738.0,41596.0,,,,46334.0,2022-09-01 00:00:05+00:00,2022-09-01
1662076807,4701.0,42304.0,,,,47005.0,2022-09-02 00:00:07+00:00,2022-09-02
1662163204,4697.0,41743.0,,,,46440.0,2022-09-03 00:00:04+00:00,2022-09-03
1662249608,4678.0,42009.0,,,,46687.0,2022-09-04 00:00:08+00:00,2022-09-04
1662336006,4726.0,42071.0,,,,46797.0,2022-09-05 00:00:06+00:00,2022-09-05
1662422403,4728.0,41512.0,,,,46240.0,2022-09-06 00:00:03+00:00,2022-09-06
1662508803,4741.0,41031.0,,,,45772.0,2022-09-07 00:00:03+00:00,2022-09-07
1662595208,4673.0,41606.0,,,,46279.0,2022-09-08 00:00:08+00:00,2022-09-08
1662681606,4770.0,41457.0,,,,46227.0,2022-09-09 00:00:06+00:00,2022-09-09
1662768006,4721.0,41015.0,,,,45736.0,2022-09-10 00:00:06+00:00,2022-09-10
1662854408,4671.0,41411.0,,,,46082.0,2022-09-11 00:00:08+00:00,2022-09-11
1662940817,4740.0,41066.0,,,,45806.0,2022-09-12 00:00:17+00:00,2022-09-12
1663027206,4669.0,41390.0,,,,46059.0,2022-09-13 00:00:06+00:00,2022-09-13
1663113605,4764.0,41845.0,,,,46609.0,2022-09-14 00:00:05+00:00,2022-09-14
1663200007,4695.0,41885.0,,,,46580.0,2022-09-15 00:00:07+00:00,2022-09-15
1663286404,4669.0,40911.0,,,,45580.0,2022-09-16 00:00:04+00:00,2022-09-16
1663372805,4695.0,40959.0,,,,45654.0,2022-09-17 00:00:05+00:00,2022-09-17
1663459211,4622.0,39645.0,,,,44267.0,2022-09-18 00:00:11+00:00,2022-09-18
1663545605,4638.0,39639.0,,,,44277.0,2022-09-19 00:00:05+00:00,2022-09-19
1663632005,4582.0,39986.0,,,,44568.0,2022-09-20 00:00:05+00:00,2022-09-20
1663718409,4712.0,40979.0,,,,45691.0,2022-09-21 00:00:09+00:00,2022-09-21
1663804804,4617.0,40557.0,,,,45174.0,2022-09-22 00:00:04+00:00,2022-09-22
1663891205,4655.0,40889.0,,,,45544.0,2022-09-23 00:00:05+00:00,2022-09-23
1663977608,4634.0,40969.0,,,,45603.0,2022-09-24 00:00:08+00:00,2022-09-24
1664064008,,,,,,,2022-09-25 00:00:08+00:00,2022-09-25
1664150406,4617.0,40551.0,,,,45168.0,2022-09-26 00:00:06+00:00,2022-09-26
1664236808,4682.0,40622.0,,,,45304.0,2022-09-27 00:00:08+00:00,2022-09-27
1664323207,3439.0,35872.0,,,,39311.0,2022-09-28 00:00:07+00:00,2022-09-28
1664409604,4664.0,40022.0,,,,44686.0,2022-09-29 00:00:04+00:00,2022-09-29
1664496004,4655.0,39909.0,,,,44564.0,2022-09-30 00:00:04+00:00,2022-09-30
1664582409,4603.0,40081.0,,,,44684.0,2022-10-01 00:00:09+00:00,2022-10-01
1664668812,4619.0,40115.0,,,,44734.0,2022-10-02 00:00:12+00:00,2022-10-02
1664755208,4578.0,39465.0,,,,44043.0,2022-10-03 00:00:08+00:00,2022-10-03
1664841613,4637.0,39875.0,,,,44512.0,2022-10-04 00:00:13+00:00,2022-10-04
1664928010,4661.0,40067.0,,,,44728.0,2022-10-05 00:00:10+00:00,2022-10-05
1665014408,4639.0,39710.0,,,,44349.0,2022-10-06 00:00:08+00:00,2022-10-06
1665100809,4577.0,40314.0,,,,44891.0,2022-10-07 00:00:09+00:00,2022-10-07
1665187207,4563.0,40254.0,,,,44817.0,2022-10-08 00:00:07+00:00,2022-10-08
1665273609,4565.0,41022.0,,,,45587.0,2022-10-09 00:00:09+00:00,2022-10-09
1665360010,4630.0,40688.0,,,,45318.0,2022-10-10 00:00:10+00:00,2022-10-10
1665446404,4619.0,40913.0,,,,45532.0,2022-10-11 00:00:04+00:00,2022-10-11
1665532808,4644.0,40435.0,,,,45079.0,2022-10-12 00:00:08+00:00,2022-10-12
1665619208,4666.0,40183.0,,,,44849.0,2022-10-13 00:00:08+00:00,2022-10-13
1665705605,4616.0,40677.0,,,,45293.0,2022-10-14 00:00:05+00:00,2022-10-14
1665792006,4573.0,41332.0,,,,45905.0,2022-10-15 00:00:06+00:00,2022-10-15
1665878409,4505.0,41858.0,,,,46363.0,2022-10-16 00:00:09+00:00,2022-10-16
1665964808,4555.0,41472.0,,,,46027.0,2022-10-17 00:00:08+00:00,2022-10-17
1666051204,4646.0,41223.0,,,,45869.0,2022-10-18 00:00:04+00:00,2022-10-18
1666137606,4461.0,40568.0,,,,45029.0,2022-10-19 00:00:06+00:00,2022-10-19
1666224005,4636.0,41275.0,,,,45911.0,2022-10-20 00:00:05+00:00,2022-10-20
1666310407,4671.0,39778.0,,,,44449.0,2022-10-21 00:00:07+00:00,2022-10-21
1666396804,4617.0,39468.0,,,,44085.0,2022-10-22 00:00:04+00:00,2022-10-22
1666483206,4437.0,38313.0,,,,42750.0,2022-10-23 00:00:06+00:00,2022-10-23
1666569606,4662.0,39693.0,,,,44355.0,2022-10-24 00:00:06+00:00,2022-10-24
1666656005,4692.0,39920.0,,,,44612.0,2022-10-25 00:00:05+00:00,2022-10-25
1666742406,4704.0,41524.0,,,,46228.0,2022-10-26 00:00:06+00:00,2022-10-26
1666828807,4639.0,40657.0,,,,45296.0,2022-10-27 00:00:07+00:00,2022-10-27
1666915209,4645.0,40654.0,,,,45299.0,2022-10-28 00:00:09+00:00,2022-10-28
1667001606,4675.0,41191.0,,,,45866.0,2022-10-29 00:00:06+00:00,2022-10-29
1667088007,4696.0,40614.0,,,,45310.0,2022-10-30 00:00:07+00:00,2022-10-30
1667174402,4826.0,40743.0,,,,45569.0,2022-10-31 00:00:02+00:00,2022-10-31
1667260807,4717.0,41065.0,,,,45782.0,2022-11-01 00:00:07+00:00,2022-11-01
1667347204,4720.0,39636.0,,,,44356.0,2022-11-02 00:00:04+00:00,2022-11-02
1667433606,4744.0,39560.0,,,,44304.0,2022-11-03 00:00:06+00:00,2022-11-03
1667520004,4745.0,40626.0,,,,45371.0,2022-11-04 00:00:04+00:00,2022-11-04
1667606407,4817.0,40147.0,,,,44964.0,2022-11-05 00:00:07+00:00,2022-11-05
1667692806,4842.0,39740.0,,,,44582.0,2022-11-06 00:00:06+00:00,2022-11-06
1667779205,4796.0,39522.0,,,,44318.0,2022-11-07 00:00:05+00:00,2022-11-07
1667865607,4814.0,38709.0,,,,43523.0,2022-11-08 00:00:07+00:00,2022-11-08
1667952005,4780.0,38763.0,,,,43543.0,2022-11-09 00:00:05+00:00,2022-11-09
1668038406,4863.0,39371.0,,,,44234.0,2022-11-10 00:00:06+00:00,2022-11-10
1668124804,4808.0,39280.0,,,,44088.0,2022-11-11 00:00:04+00:00,2022-11-11
1668211205,4805.0,39058.0,,,,43863.0,2022-11-12 00:00:05+00:00,2022-11-12
1668297609,4861.0,39518.0,,,,44379.0,2022-11-13 00:00:09+00:00,2022-11-13
1668384013,4646.0,38566.0,,,,43212.0,2022-11-14 00:00:13+00:00,2022-11-14
1668470407,4638.0,38555.0,,,,43193.0,2022-11-15 00:00:07+00:00,2022-11-15
1668556806,4695.0,39146.0,,,,43841.0,2022-11-16 00:00:06+00:00,2022-11-16
1668643204,4653.0,39629.0,,,,44282.0,2022-11-17 00:00:04+00:00,2022-11-17
1668729609,668.0,35199.0,,,,35867.0,2022-11-18 00:00:09+00:00,2022-11-18
1668816006,4723.0,39589.0,,,,44312.0,2022-11-19 00:00:06+00:00,2022-11-19
1668902407,4805.0,39825.0,,,,44630.0,2022-11-20 00:00:07+00:00,2022-11-20
1668988805,4801.0,39385.0,,,,44186.0,2022-11-21 00:00:05+00:00,2022-11-21
1669075208,4772.0,39003.0,,,,43775.0,2022-11-22 00:00:08+00:00,2022-11-22
1669161603,4748.0,39050.0,,,,43798.0,2022-11-23 00:00:03+00:00,2022-11-23
1669248006,4719.0,39156.0,,,,43875.0,2022-11-24 00:00:06+00:00,2022-11-24
1669334409,4785.0,39649.0,,,,44434.0,2022-11-25 00:00:09+00:00,2022-11-25
1669420809,4690.0,39627.0,,,,44317.0,2022-11-26 00:00:09+00:00,2022-11-26
1669507205,4662.0,39887.0,,,,44549.0,2022-11-27 00:00:05+00:00,2022-11-27
1669593606,4580.0,39664.0,,,,44244.0,2022-11-28 00:00:06+00:00,2022-11-28
1669680006,4516.0,39593.0,,,,44109.0,2022-11-29 00:00:06+00:00,2022-11-29
1669766406,4509.0,39781.0,,,,44290.0,2022-11-30 00:00:06+00:00,2022-11-30
1669852807,4549.0,40296.0,,,,44845.0,2022-12-01 00:00:07+00:00,2022-12-01
1669939207,4451.0,40497.0,,,,44948.0,2022-12-02 00:00:07+00:00,2022-12-02
1670025609,4571.0,40371.0,,,,44942.0,2022-12-03 00:00:09+00:00,2022-12-03
1670112003,4557.0,40644.0,,,,45201.0,2022-12-04 00:00:03+00:00,2022-12-04
1670198408,4543.0,41095.0,,,,45638.0,2022-12-05 00:00:08+00:00,2022-12-05
1670284804,4557.0,42057.0,,,,46614.0,2022-12-06 00:00:04+00:00,2022-12-06
1670371209,4560.0,41875.0,,,,46435.0,2022-12-07 00:00:09+00:00,2022-12-07
1670457607,4509.0,41300.0,,,,45809.0,2022-12-08 00:00:07+00:00,2022-12-08
1670544008,4568.0,41480.0,,,,46048.0,2022-12-09 00:00:08+00:00,2022-12-09
1670630406,4528.0,41753.0,,,,46281.0,2022-12-10 00:00:06+00:00,2022-12-10
1670716808,4497.0,42818.0,,,,47315.0,2022-12-11 00:00:08+00:00,2022-12-11
1670803205,4626.0,41645.0,,,,46271.0,2022-12-12 00:00:05+00:00,2022-12-12
1670889608,4521.0,42066.0,,,,46587.0,2022-12-13 00:00:08+00:00,2022-12-13
1670976011,4528.0,42173.0,,,,46701.0,2022-12-14 00:00:11+00:00,2022-12-14
1671062407,4450.0,42026.0,,,,46476.0,2022-12-15 00:00:07+00:00,2022-12-15
1671148808,4444.0,41808.0,,,,46252.0,2022-12-16 00:00:08+00:00,2022-12-16
1671235207,4373.0,40817.0,,,,45190.0,2022-12-17 00:00:07+00:00,2022-12-17
1671321608,4422.0,41577.0,,,,45999.0,2022-12-18 00:00:08+00:00,2022-12-18
1671408007,4396.0,42031.0,,,,46427.0,2022-12-19 00:00:07+00:00,2022-12-19
1671494409,4441.0,42931.0,,,,47372.0,2022-12-20 00:00:09+00:00,2022-12-20
1671580807,4450.0,43017.0,,,,47467.0,2022-12-21 00:00:07+00:00,2022-12-21
1671667205,4445.0,42800.0,,,,47245.0,2022-12-22 00:00:05+00:00,2022-12-22
1671753605,4563.0,43139.0,,,,47702.0,2022-12-23 00:00:05+00:00,2022-12-23
1671840004,4535.0,43412.0,,,,47947.0,2022-12-24 00:00:04+00:00,2022-12-24
1671926407,4530.0,42916.0,,,,47446.0,2022-12-25 00:00:07+00:00,2022-12-25
1672012806,4476.0,42955.0,,,,47431.0,2022-12-26 00:00:06+00:00,2022-12-26
1672099208,4600.0,42945.0,,,,47545.0,2022-12-27 00:00:08+00:00,2022-12-27
1672185611,4545.0,43164.0,,,,47709.0,2022-12-28 00:00:11+00:00,2022-12-28
1672272008,4568.0,43545.0,,,,48113.0,2022-12-29 00:00:08+00:00,2022-12-29
1672358404,4532.0,43143.0,,,,47675.0,2022-12-30 00:00:04+00:00,2022-12-30
1672444805,4588.0,42833.0,,,,47421.0,2022-12-31 00:00:05+00:00,2022-12-31
1672531207,4514.0,42126.0,,,,46640.0,2023-01-01 00:00:07+00:00,2023-01-01
1672617605,4567.0,42520.0,,,,47087.0,2023-01-02 00:00:05+00:00,2023-01-02
1672704005,4448.0,41771.0,,,,46219.0,2023-01-03 00:00:05+00:00,2023-01-03
1672790405,4552.0,42744.0,,,,47296.0,2023-01-04 00:00:05+00:00,2023-01-04
1672876802,4543.0,42395.0,,,,46938.0,2023-01-05 00:00:02+00:00,2023-01-05
1672963203,4569.0,42167.0,,,,46736.0,2023-01-06 00:00:03+00:00,2023-01-06
1673049607,4614.0,42607.0,,,,47221.0,2023-01-07 00:00:07+00:00,2023-01-07
1673136007,4631.0,42211.0,,,,46842.0,2023-01-08 00:00:07+00:00,2023-01-08
1673222406,4566.0,42251.0,,,,46817.0,2023-01-09 00:00:06+00:00,2023-01-09
1673308805,4420.0,42813.0,,,,47233.0,2023-01-10 00:00:05+00:00,2023-01-10
1673395203,4505.0,42592.0,,,,47097.0,2023-01-11 00:00:03+00:00,2023-01-11
1673481604,4433.0,42888.0,,,,47321.0,2023-01-12 00:00:04+00:00,2023-01-12
1673568004,4456.0,43340.0,,,,47796.0,2023-01-13 00:00:04+00:00,2023-01-13
1673654406,4459.0,43471.0,,,,47930.0,2023-01-14 00:00:06+00:00,2023-01-14
1673740810,4421.0,43124.0,,,,47545.0,2023-01-15 00:00:10+00:00,2023-01-15
1673827206,4422.0,44301.0,,,,48723.0,2023-01-16 00:00:06+00:00,2023-01-16
1673913605,4472.0,44150.0,,,,48622.0,2023-01-17 00:00:05+00:00,2023-01-17
1674000005,4453.0,43716.0,,,,48169.0,2023-01-18 00:00:05+00:00,2023-01-18
1674086402,4510.0,44429.0,,,,48939.0,2023-01-19 00:00:02+00:00,2023-01-19
1674172806,4413.0,44789.0,,,,49202.0,2023-01-20 00:00:06+00:00,2023-01-20
1674259204,4436.0,43947.0,,,,48383.0,2023-01-21 00:00:04+00:00,2023-01-21
1674345610,4376.0,44509.0,,,,48885.0,2023-01-22 00:00:10+00:00,2023-01-22
1674432004,4364.0,44112.0,,,,48476.0,2023-01-23 00:00:04+00:00,2023-01-23
1674518406,4373.0,44571.0,,,,48944.0,2023-01-24 00:00:06+00:00,2023-01-24
1674604804,4364.0,43306.0,,,,47670.0,2023-01-25 00:00:04+00:00,2023-01-25
1674691209,4331.0,44104.0,,,,48435.0,2023-01-26 00:00:09+00:00,2023-01-26
1674777602,4312.0,44131.0,,,,48443.0,2023-01-27 00:00:02+00:00,2023-01-27
1674864004,4382.0,43385.0,,,,47767.0,2023-01-28 00:00:04+00:00,2023-01-28
1674950404,4314.0,43178.0,,,,47492.0,2023-01-29 00:00:04+00:00,2023-01-29
1675036803,4420.0,43688.0,,,,48108.0,2023-01-30 00:00:03+00:00,2023-01-30
1675123205,4356.0,42925.0,,,,47281.0,2023-01-31 00:00:05+00:00,2023-01-31
1675209602,4282.0,43887.0,,,,48169.0,2023-02-01 00:00:02+00:00,2023-02-01
1675296005,4355.0,44784.0,,,,49139.0,2023-02-02 00:00:05+00:00,2023-02-02
1675382405,4420.0,45023.0,,,,49443.0,2023-02-03 00:00:05+00:00,2023-02-03
1675468807,4387.0,45549.0,,,,49936.0,2023-02-04 00:00:07+00:00,2023-02-04
1675555208,4438.0,45234.0,,,,49672.0,2023-02-05 00:00:08+00:00,2023-02-05
1675641606,4332.0,45406.0,,,,49738.0,2023-02-06 00:00:06+00:00,2023-02-06
1675728009,4363.0,45412.0,,,,49775.0,2023-02-07 00:00:09+00:00,2023-02-07
1675814406,4439.0,45582.0,,,,50021.0,2023-02-08 00:00:06+00:00,2023-02-08
1675900805,4468.0,46679.0,,,,51147.0,2023-02-09 00:00:05+00:00,2023-02-09
1675987208,4511.0,46433.0,,,,50944.0,2023-02-10 00:00:08+00:00,2023-02-10
1676073605,4504.0,47322.0,,,,51826.0,2023-02-11 00:00:05+00:00,2023-02-11
1676160010,4592.0,47646.0,,,,52238.0,2023-02-12 00:00:10+00:00,2023-02-12
1676246405,4601.0,48452.0,,,,53053.0,2023-02-13 00:00:05+00:00,2023-02-13
1676332804,4550.0,48090.0,,,,52640.0,2023-02-14 00:00:04+00:00,2023-02-14
1676419206,4558.0,47967.0,,,,52525.0,2023-02-15 00:00:06+00:00,2023-02-15
1676505606,4622.0,48663.0,,,,53285.0,2023-02-16 00:00:06+00:00,2023-02-16
1676592006,4559.0,48652.0,,,,53211.0,2023-02-17 00:00:06+00:00,2023-02-17
1676678406,4597.0,48719.0,,,,53316.0,2023-02-18 00:00:06+00:00,2023-02-18
1676764807,4502.0,48850.0,,,,53352.0,2023-02-19 00:00:07+00:00,2023-02-19
1676851205,4495.0,49199.0,,,,53694.0,2023-02-20 00:00:05+00:00,2023-02-20
1676937605,4491.0,48834.0,,,,53325.0,2023-02-21 00:00:05+00:00,2023-02-21
1677024004,4536.0,48875.0,,,,53411.0,2023-02-22 00:00:04+00:00,2023-02-22
1677110406,4515.0,48025.0,,,,52540.0,2023-02-23 00:00:06+00:00,2023-02-23
1677196805,4541.0,48076.0,,,,52617.0,2023-02-24 00:00:05+00:00,2023-02-24
1677283205,4545.0,47813.0,,,,52358.0,2023-02-25 00:00:05+00:00,2023-02-25
1677369608,4557.0,48364.0,,,,52921.0,2023-02-26 00:00:08+00:00,2023-02-26
1677456006,4610.0,48871.0,,,,53481.0,2023-02-27 00:00:06+00:00,2023-02-27
1677542404,4573.0,48665.0,,,,53238.0,2023-02-28 00:00:04+00:00,2023-02-28
1677628806,4545.0,48091.0,,,,52636.0,2023-03-01 00:00:06+00:00,2023-03-01
1677715206,4598.0,48359.0,,,,52957.0,2023-03-02 00:00:06+00:00,2023-03-02
1677801605,4602.0,48607.0,,,,53209.0,2023-03-03 00:00:05+00:00,2023-03-03
1677888009,4640.0,49250.0,,,,53890.0,2023-03-04 00:00:09+00:00,2023-03-04
1677974408,4661.0,49267.0,,,,53928.0,2023-03-05 00:00:08+00:00,2023-03-05
1678060803,4612.0,49198.0,,,,53810.0,2023-03-06 00:00:03+00:00,2023-03-06
1678147204,4582.0,49017.0,,,,53599.0,2023-03-07 00:00:04+00:00,2023-03-07
1678233607,4614.0,49121.0,,,,53735.0,2023-03-08 00:00:07+00:00,2023-03-08
1678320003,4550.0,48480.0,,,,53030.0,2023-03-09 00:00:03+00:00,2023-03-09
1678406407,4578.0,48487.0,,,,53065.0,2023-03-10 00:00:07+00:00,2023-03-10
1678492807,1007.0,41348.0,,,,42355.0,2023-03-11 00:00:07+00:00,2023-03-11
1678579204,4559.0,47922.0,,,,52481.0,2023-03-12 00:00:04+00:00,2023-03-12
1678665605,4572.0,47621.0,,,,52193.0,2023-03-13 00:00:05+00:00,2023-03-13
1678752006,4533.0,47506.0,,,,52039.0,2023-03-14 00:00:06+00:00,2023-03-14
1678838404,4484.0,47214.0,,,,51698.0,2023-03-15 00:00:04+00:00,2023-03-15
1678924804,4499.0,47138.0,,,,51637.0,2023-03-16 00:00:04+00:00,2023-03-16
1679011207,4554.0,47616.0,,,,52170.0,2023-03-17 00:00:07+00:00,2023-03-17
1679097605,4474.0,46928.0,,,,51402.0,2023-03-18 00:00:05+00:00,2023-03-18
1679184007,4491.0,46742.0,,,,51233.0,2023-03-19 00:00:07+00:00,2023-03-19
1679270406,4457.0,47055.0,,,,51512.0,2023-03-20 00:00:06+00:00,2023-03-20
1679356806,4527.0,46952.0,,,,51479.0,2023-03-21 00:00:06+00:00,2023-03-21
1679443205,4640.0,45714.0,,,,50354.0,2023-03-22 00:00:05+00:00,2023-03-22
1679529605,4659.0,45499.0,,,,50158.0,2023-03-23 00:00:05+00:00,2023-03-23
1679616005,4736.0,47082.0,,,,51818.0,2023-03-24 00:00:05+00:00,2023-03-24
1679702407,4707.0,46961.0,,,,51668.0,2023-03-25 00:00:07+00:00,2023-03-25
1679788805,4710.0,47490.0,,,,52200.0,2023-03-26 00:00:05+00:00,2023-03-26
1679875206,4766.0,46451.0,,,,51217.0,2023-03-27 00:00:06+00:00,2023-03-27
1679961603,4674.0,46099.0,,,,50773.0,2023-03-28 00:00:03+00:00,2023-03-28
1680048004,4731.0,46173.0,,,,50904.0,2023-03-29 00:00:04+00:00,2023-03-29
1680134404,4734.0,46101.0,,,,50835.0,2023-03-30 00:00:04+00:00,2023-03-30
1680220807,4677.0,44637.0,,,,49314.0,2023-03-31 00:00:07+00:00,2023-03-31
1680307205,4727.0,44936.0,,,,49663.0,2023-04-01 00:00:05+00:00,2023-04-01
1680393607,4777.0,44890.0,,,,49667.0,2023-04-02 00:00:07+00:00,2023-04-02
1680480006,4801.0,44577.0,,,,49378.0,2023-04-03 00:00:06+00:00,2023-04-03
1680566405,4772.0,44911.0,,,,49683.0,2023-04-04 00:00:05+00:00,2023-04-04
1680652811,4763.0,44634.0,,,,49397.0,2023-04-05 00:00:11+00:00,2023-04-05
1680739206,4807.0,45275.0,,,,50082.0,2023-04-06 00:00:06+00:00,2023-04-06
1680825606,4802.0,46081.0,,,,50883.0,2023-04-07 00:00:06+00:00,2023-04-07
1680912005,4775.0,45212.0,,,,49987.0,2023-04-08 00:00:05+00:00,2023-04-08
1680998407,4756.0,45906.0,,,,50662.0,2023-04-09 00:00:07+00:00,2023-04-09
1681084805,4757.0,45754.0,,,,50511.0,2023-04-10 00:00:05+00:00,2023-04-10
1681171206,4689.0,45510.0,,,,50199.0,2023-04-11 00:00:06+00:00,2023-04-11
1681257606,4714.0,45088.0,,,,49802.0,2023-04-12 00:00:06+00:00,2023-04-12
1681344009,4729.0,45131.0,,,,49860.0,2023-04-13 00:00:09+00:00,2023-04-13
1681430404,4772.0,45240.0,,,,50012.0,2023-04-14 00:00:04+00:00,2023-04-14
1681516807,4664.0,43965.0,,,,48629.0,2023-04-15 00:00:07+00:00,2023-04-15
1681603207,4688.0,45346.0,,,,50034.0,2023-04-16 00:00:07+00:00,2023-04-16
1681689607,4651.0,44537.0,,,,49188.0,2023-04-17 00:00:07+00:00,2023-04-17
1681776003,4596.0,44566.0,,,,49162.0,2023-04-18 00:00:03+00:00,2023-04-18
1681862405,4535.0,44355.0,,,,48890.0,2023-04-19 00:00:05+00:00,2023-04-19
1681948807,4589.0,45816.0,,,,50405.0,2023-04-20 00:00:07+00:00,2023-04-20
1682035207,4611.0,46434.0,,,,51045.0,2023-04-21 00:00:07+00:00,2023-04-21
1682121605,4582.0,46126.0,,,,50708.0,2023-04-22 00:00:05+00:00,2023-04-22
1682208011,4564.0,46259.0,,,,50823.0,2023-04-23 00:00:11+00:00,2023-04-23
1682294408,4548.0,45847.0,,,,50395.0,2023-04-24 00:00:08+00:00,2023-04-24
1682380806,4505.0,45731.0,,,,50236.0,2023-04-25 00:00:06+00:00,2023-04-25
1682467206,4561.0,45560.0,,,,50121.0,2023-04-26 00:00:06+00:00,2023-04-26
1682553610,4529.0,45399.0,,,,49928.0,2023-04-27 00:00:10+00:00,2023-04-27
1682640005,4470.0,45496.0,,,,49966.0,2023-04-28 00:00:05+00:00,2023-04-28
1682726404,4470.0,44906.0,,,,49376.0,2023-04-29 00:00:04+00:00,2023-04-29
1682812808,4475.0,44411.0,,,,48886.0,2023-04-30 00:00:08+00:00,2023-04-30
1682899205,4453.0,45847.0,,,,50300.0,2023-05-01 00:00:05+00:00,2023-05-01
1682985605,4430.0,45021.0,,,,49451.0,2023-05-02 00:00:05+00:00,2023-05-02
1683072007,4465.0,44352.0,,,,48817.0,2023-05-03 00:00:07+00:00,2023-05-03
1683158405,4536.0,43889.0,,,,48425.0,2023-05-04 00:00:05+00:00,2023-05-04
1683244804,4518.0,44562.0,,,,49080.0,2023-05-05 00:00:04+00:00,2023-05-05
1683331206,4534.0,44375.0,,,,48909.0,2023-05-06 00:00:06+00:00,2023-05-06
1683417606,4503.0,43782.0,,,,48285.0,2023-05-07 00:00:06+00:00,2023-05-07
1683504006,4397.0,43611.0,,,,48008.0,2023-05-08 00:00:06+00:00,2023-05-08
1683590407,4424.0,43168.0,,,,47592.0,2023-05-09 00:00:07+00:00,2023-05-09
1683676806,4450.0,43250.0,,,,47700.0,2023-05-10 00:00:06+00:00,2023-05-10
1683763208,4476.0,43300.0,,,,47776.0,2023-05-11 00:00:08+00:00,2023-05-11
1683849607,4472.0,42894.0,,,,47366.0,2023-05-12 00:00:07+00:00,2023-05-12
1683936006,4494.0,43249.0,,,,47743.0,2023-05-13 00:00:06+00:00,2023-05-13
1684022404,4399.0,43408.0,,,,47807.0,2023-05-14 00:00:04+00:00,2023-05-14
1684108810,4407.0,43411.0,,,,47818.0,2023-05-15 00:00:10+00:00,2023-05-15
1684195205,4402.0,43070.0,,,,47472.0,2023-05-16 00:00:05+00:00,2023-05-16
1684281604,4462.0,42713.0,,,,47175.0,2023-05-17 00:00:04+00:00,2023-05-17
1684368005,4500.0,42702.0,,,,47202.0,2023-05-18 00:00:05+00:00,2023-05-18
1684454407,4531.0,42564.0,,,,47095.0,2023-05-19 00:00:07+00:00,2023-05-19
1684540808,4493.0,42871.0,,,,47364.0,2023-05-20 00:00:08+00:00,2023-05-20
1684627205,3915.0,38715.0,,,,42630.0,2023-05-21 00:00:05+00:00,2023-05-21
1684713609,4526.0,42609.0,,,,47135.0,2023-05-22 00:00:09+00:00,2023-05-22
1684800007,4602.0,42786.0,,,,47388.0,2023-05-23 00:00:07+00:00,2023-05-23
1684886406,4669.0,43098.0,,,,47767.0,2023-05-24 00:00:06+00:00,2023-05-24
1684972804,4604.0,42590.0,,,,47194.0,2023-05-25 00:00:04+00:00,2023-05-25
1685059205,4670.0,42847.0,,,,47517.0,2023-05-26 00:00:05+00:00,2023-05-26
1685145605,4542.0,42821.0,,,,47363.0,2023-05-27 00:00:05+00:00,2023-05-27
1685232006,4615.0,43612.0,,,,48227.0,2023-05-28 00:00:06+00:00,2023-05-28
1685318409,4656.0,43950.0,,,,48606.0,2023-05-29 00:00:09+00:00,2023-05-29
1685404805,4666.0,43901.0,,,,48567.0,2023-05-30 00:00:05+00:00,2023-05-30
1685491203,4631.0,44880.0,,,,49511.0,2023-05-31 00:00:03+00:00,2023-05-31
1685577606,4751.0,45023.0,,,,49774.0,2023-06-01 00:00:06+00:00,2023-06-01
1685664005,4720.0,45576.0,,,,50296.0,2023-06-02 00:00:05+00:00,2023-06-02
1685750405,4701.0,45234.0,,,,49935.0,2023-06-03 00:00:05+00:00,2023-06-03
1685836806,4682.0,45045.0,,,,49727.0,2023-06-04 00:00:06+00:00,2023-06-04
1685923206,4706.0,45165.0,,,,49871.0,2023-06-05 00:00:06+00:00,2023-06-05
1686009605,4598.0,44183.0,,,,48781.0,2023-06-06 00:00:05+00:00,2023-06-06
1686096005,4637.0,44973.0,,,,49610.0,2023-06-07 00:00:05+00:00,2023-06-07
1686182404,4650.0,45605.0,,,,50255.0,2023-06-08 00:00:04+00:00,2023-06-08
1686268805,4671.0,45899.0,,,,50570.0,2023-06-09 00:00:05+00:00,2023-06-09
1686355206,4612.0,45706.0,,,,50318.0,2023-06-10 00:00:06+00:00,2023-06-10
1686441609,4609.0,45239.0,,,,49848.0,2023-06-11 00:00:09+00:00,2023-06-11
1686528006,4554.0,44893.0,,,,49447.0,2023-06-12 00:00:06+00:00,2023-06-12
1686614405,4528.0,45430.0,,,,49958.0,2023-06-13 00:00:05+00:00,2023-06-13
1686700806,4616.0,45378.0,,,,49994.0,2023-06-14 00:00:06+00:00,2023-06-14
1686787203,4525.0,45019.0,,,,49544.0,2023-06-15 00:00:03+00:00,2023-06-15
1686873606,4518.0,45817.0,,,,50335.0,2023-06-16 00:00:06+00:00,2023-06-16
1686960004,4371.0,44878.0,,,,49249.0,2023-06-17 00:00:04+00:00,2023-06-17
1687046408,4327.0,45240.0,,,,49567.0,2023-06-18 00:00:08+00:00,2023-06-18
1687132807,4277.0,45967.0,,,,50244.0,2023-06-19 00:00:07+00:00,2023-06-19
1687219206,4253.0,45989.0,,,,50242.0,2023-06-20 00:00:06+00:00,2023-06-20
1687305606,4342.0,45634.0,,,,49976.0,2023-06-21 00:00:06+00:00,2023-06-21
1687392007,4276.0,45514.0,,,,49790.0,2023-06-22 00:00:07+00:00,2023-06-22
1687478405,4288.0,45261.0,,,,49549.0,2023-06-23 00:00:05+00:00,2023-06-23
1687564805,4317.0,45254.0,,,,49571.0,2023-06-24 00:00:05+00:00,2023-06-24
1687651210,4314.0,45119.0,,,,49433.0,2023-06-25 00:00:10+00:00,2023-06-25
1687737606,4293.0,44631.0,,,,48924.0,2023-06-26 00:00:06+00:00,2023-06-26
1687824006,4307.0,45126.0,,,,49433.0,2023-06-27 00:00:06+00:00,2023-06-27
1687910405,4312.0,44803.0,,,,49115.0,2023-06-28 00:00:05+00:00,2023-06-28
1687996805,4246.0,44056.0,,,,48302.0,2023-06-29 00:00:05+00:00,2023-06-29
1688083206,4279.0,43705.0,,,,47984.0,2023-06-30 00:00:06+00:00,2023-06-30
1688169607,4281.0,43984.0,,,,48265.0,2023-07-01 00:00:07+00:00,2023-07-01
1688256005,4200.0,43383.0,,,,47583.0,2023-07-02 00:00:05+00:00,2023-07-02
1688342405,4317.0,44687.0,,,,49004.0,2023-07-03 00:00:05+00:00,2023-07-03
1688428803,1109.0,37983.0,,,,39092.0,2023-07-04 00:00:03+00:00,2023-07-04
1688515210,4329.0,44905.0,,,,49234.0,2023-07-05 00:00:10+00:00,2023-07-05
1688601605,4267.0,44619.0,,,,48886.0,2023-07-06 00:00:05+00:00,2023-07-06
1688688007,4281.0,44880.0,,,,49161.0,2023-07-07 00:00:07+00:00,2023-07-07
1688774404,4251.0,44899.0,,,,49150.0,2023-07-08 00:00:04+00:00,2023-07-08
1688860810,4236.0,45097.0,,,,49333.0,2023-07-09 00:00:10+00:00,2023-07-09
1688947204,4229.0,45014.0,,,,49243.0,2023-07-10 00:00:04+00:00,2023-07-10
1689033606,4226.0,45170.0,,,,49396.0,2023-07-11 00:00:06+00:00,2023-07-11
1689120006,4242.0,44980.0,,,,49222.0,2023-07-12 00:00:06+00:00,2023-07-12
1689206405,4225.0,45222.0,,,,49447.0,2023-07-13 00:00:05+00:00,2023-07-13
1689292807,4181.0,44860.0,,,,49041.0,2023-07-14 00:00:07+00:00,2023-07-14
1689379206,4160.0,45109.0,,,,49269.0,2023-07-15 00:00:06+00:00,2023-07-15
1689465607,4151.0,44423.0,,,,48574.0,2023-07-16 00:00:07+00:00,2023-07-16
1689552005,4057.0,44117.0,,,,48174.0,2023-07-17 00:00:05+00:00,2023-07-17
1689638410,4100.0,44153.0,,,,48253.0,2023-07-18 00:00:10+00:00,2023-07-18
1689724809,4107.0,44777.0,,,,48884.0,2023-07-19 00:00:09+00:00,2023-07-19
1689811206,4237.0,45960.0,,,,50197.0,2023-07-20 00:00:06+00:00,2023-07-20
1689897606,4247.0,45778.0,,,,50025.0,2023-07-21 00:00:06+00:00,2023-07-21
1689984007,4206.0,45690.0,,,,49896.0,2023-07-22 00:00:07+00:00,2023-07-22
1690070407,4179.0,45329.0,,,,49508.0,2023-07-23 00:00:07+00:00,2023-07-23
1690156805,4237.0,45114.0,,,,49351.0,2023-07-24 00:00:05+00:00,2023-07-24
1690243206,4246.0,44566.0,,,,48812.0,2023-07-25 00:00:06+00:00,2023-07-25
1690329606,4305.0,44999.0,,,,49304.0,2023-07-26 00:00:06+00:00,2023-07-26
1690416006,4213.0,44743.0,,,,48956.0,2023-07-27 00:00:06+00:00,2023-07-27
1690502407,4251.0,44351.0,,,,48602.0,2023-07-28 00:00:07+00:00,2023-07-28
1690588808,4204.0,44495.0,,,,48699.0,2023-07-29 00:00:08+00:00,2023-07-29
1690675207,4204.0,44331.0,,,,48535.0,2023-07-30 00:00:07+00:00,2023-07-30
1690761607,4223.0,44574.0,,,,48797.0,2023-07-31 00:00:07+00:00,2023-07-31
1690848003,4188.0,44169.0,,,,48357.0,2023-08-01 00:00:03+00:00,2023-08-01
1690934407,4170.0,44492.0,,,,48662.0,2023-08-02 00:00:07+00:00,2023-08-02
1691020806,4242.0,44499.0,,,,48741.0,2023-08-03 00:00:06+00:00,2023-08-03
1691107204,4192.0,43605.0,,,,47797.0,2023-08-04 00:00:04+00:00,2023-08-04
1691193604,4107.0,43806.0,,,,47913.0,2023-08-05 00:00:04+00:00,2023-08-05
1691280003,4178.0,44823.0,,,,49001.0,2023-08-06 00:00:03+00:00,2023-08-06
1691366409,4161.0,44890.0,,,,49051.0,2023-08-07 00:00:09+00:00,2023-08-07
1691452808,4081.0,44124.0,,,,48205.0,2023-08-08 00:00:08+00:00,2023-08-08
1691539207,4064.0,43254.0,,,,47318.0,2023-08-09 00:00:07+00:00,2023-08-09
1691625605,4092.0,43470.0,,,,47562.0,2023-08-10 00:00:05+00:00,2023-08-10
1691712004,4097.0,44000.0,,,,48097.0,2023-08-11 00:00:04+00:00,2023-08-11
1691798406,4014.0,44029.0,,,,48043.0,2023-08-12 00:00:06+00:00,2023-08-12
1691884808,4040.0,43726.0,,,,47766.0,2023-08-13 00:00:08+00:00,2023-08-13
1691971206,4032.0,44185.0,,,,48217.0,2023-08-14 00:00:06+00:00,2023-08-14
1692057607,4035.0,44467.0,,,,48502.0,2023-08-15 00:00:07+00:00,2023-08-15
1692144006,4006.0,44136.0,,,,48142.0,2023-08-16 00:00:06+00:00,2023-08-16
1692230405,4010.0,44782.0,,,,48792.0,2023-08-17 00:00:05+00:00,2023-08-17
1692316806,4003.0,44697.0,,,,48700.0,2023-08-18 00:00:06+00:00,2023-08-18
1692403204,4004.0,44711.0,,,,48715.0,2023-08-19 00:00:04+00:00,2023-08-19
1692489610,4027.0,44837.0,,,,48864.0,2023-08-20 00:00:10+00:00,2023-08-20
1692576006,3978.0,44309.0,,,,48287.0,2023-08-21 00:00:06+00:00,2023-08-21
1692662407,3968.0,44853.0,,,,48821.0,2023-08-22 00:00:07+00:00,2023-08-22
1692748808,4013.0,44888.0,,,,48901.0,2023-08-23 00:00:08+00:00,2023-08-23
1692835205,3967.0,45200.0,,,,49167.0,2023-08-24 00:00:05+00:00,2023-08-24
1692921606,4006.0,45659.0,,,,49665.0,2023-08-25 00:00:06+00:00,2023-08-25
1693008006,3956.0,45891.0,,,,49847.0,2023-08-26 00:00:06+00:00,2023-08-26
1693094410,3935.0,45327.0,,,,49262.0,2023-08-27 00:00:10+00:00,2023-08-27
1693180806,3915.0,45510.0,,,,49425.0,2023-08-28 00:00:06+00:00,2023-08-28
1693267208,3950.0,45124.0,,,,49074.0,2023-08-29 00:00:08+00:00,2023-08-29
1693353605,3915.0,45185.0,,,,49100.0,2023-08-30 00:00:05+00:00,2023-08-30
1693440006,3953.0,45363.0,,,,49316.0,2023-08-31 00:00:06+00:00,2023-08-31
1693526407,3955.0,45279.0,,,,49234.0,2023-09-01 00:00:07+00:00,2023-09-01
1693612805,3917.0,45691.0,,,,49608.0,2023-09-02 00:00:05+00:00,2023-09-02
1693699204,3917.0,45897.0,,,,49814.0,2023-09-03 00:00:04+00:00,2023-09-03
1693785605,3915.0,45669.0,,,,49584.0,2023-09-04 00:00:05+00:00,2023-09-04
1693872006,3893.0,46272.0,,,,50165.0,2023-09-05 00:00:06+00:00,2023-09-05
1693958406,3884.0,46931.0,,,,50815.0,2023-09-06 00:00:06+00:00,2023-09-06
1694044805,3904.0,46986.0,,,,50890.0,2023-09-07 00:00:05+00:00,2023-09-07
1694131205,3862.0,47094.0,,,,50956.0,2023-09-08 00:00:05+00:00,2023-09-08
1694217612,3831.0,46864.0,,,,50695.0,2023-09-09 00:00:12+00:00,2023-09-09
1694304009,3842.0,47065.0,,,,50907.0,2023-09-10 00:00:09+00:00,2023-09-10
1694390406,3794.0,47705.0,,,,51499.0,2023-09-11 00:00:06+00:00,2023-09-11
1694476806,3755.0,47740.0,,,,51495.0,2023-09-12 00:00:06+00:00,2023-09-12
1694563204,3860.0,47692.0,,,,51552.0,2023-09-13 00:00:04+00:00,2023-09-13
1694649605,3789.0,47396.0,,,,51185.0,2023-09-14 00:00:05+00:00,2023-09-14
1694736009,3784.0,47729.0,,,,51513.0,2023-09-15 00:00:09+00:00,2023-09-15
1694822406,3787.0,48639.0,,,,52426.0,2023-09-16 00:00:06+00:00,2023-09-16
1694908807,3761.0,48906.0,,,,52667.0,2023-09-17 00:00:07+00:00,2023-09-17
1694995205,3777.0,48587.0,,,,52364.0,2023-09-18 00:00:05+00:00,2023-09-18
1695686405,3726.0,49466.0,,,,53192.0,2023-09-26 00:00:05+00:00,2023-09-26
1695772807,3780.0,49393.0,,,,53173.0,2023-09-27 00:00:07+00:00,2023-09-27
1695859207,3822.0,49602.0,,,,53424.0,2023-09-28 00:00:07+00:00,2023-09-28
1695945607,3860.0,50021.0,,,,53881.0,2023-09-29 00:00:07+00:00,2023-09-29
1696032008,3755.0,49885.0,,,,53640.0,2023-09-30 00:00:08+00:00,2023-09-30
1696118403,3800.0,49404.0,,,,53204.0,2023-10-01 00:00:03+00:00,2023-10-01
1696204804,3737.0,49043.0,,,,52780.0,2023-10-02 00:00:04+00:00,2023-10-02
1696291205,3796.0,49726.0,,,,53522.0,2023-10-03 00:00:05+00:00,2023-10-03
1696377603,3781.0,49184.0,,,,52965.0,2023-10-04 00:00:03+00:00,2023-10-04
1696464008,3757.0,48636.0,,,,52393.0,2023-10-05 00:00:08+00:00,2023-10-05
1696550407,3741.0,49879.0,,,,53620.0,2023-10-06 00:00:07+00:00,2023-10-06
1696636807,3798.0,49568.0,,,,53366.0,2023-10-07 00:00:07+00:00,2023-10-07
1696723203,3784.0,49289.0,,,,53073.0,2023-10-08 00:00:03+00:00,2023-10-08
1696809606,3677.0,49008.0,,,,52685.0,2023-10-09 00:00:06+00:00,2023-10-09
1696896007,3673.0,48740.0,,,,52413.0,2023-10-10 00:00:07+00:00,2023-10-10
1696982405,3735.0,48613.0,,,,52348.0,2023-10-11 00:00:05+00:00,2023-10-11
1697068807,3696.0,48916.0,,,,52612.0,2023-10-12 00:00:07+00:00,2023-10-12
1697155205,3648.0,48744.0,,,,52392.0,2023-10-13 00:00:05+00:00,2023-10-13
1697241607,3672.0,48072.0,,,,51744.0,2023-10-14 00:00:07+00:00,2023-10-14
1697328009,3606.0,47444.0,,,,51050.0,2023-10-15 00:00:09+00:00,2023-10-15
1697414407,3567.0,47991.0,,,,51558.0,2023-10-16 00:00:07+00:00,2023-10-16
1697500805,3566.0,48455.0,,,,52021.0,2023-10-17 00:00:05+00:00,2023-10-17
1697587208,3478.0,49523.0,,,,53001.0,2023-10-18 00:00:08+00:00,2023-10-18
1697673609,3469.0,50174.0,,,,53643.0,2023-10-19 00:00:09+00:00,2023-10-19
1697760007,3428.0,49704.0,,,,53132.0,2023-10-20 00:00:07+00:00,2023-10-20
1697846407,3436.0,50580.0,,,,54016.0,2023-10-21 00:00:07+00:00,2023-10-21
1697932806,3429.0,50393.0,,,,53822.0,2023-10-22 00:00:06+00:00,2023-10-22
1698019205,3384.0,50910.0,,,,54294.0,2023-10-23 00:00:05+00:00,2023-10-23
1698105605,3356.0,52481.0,,,,55837.0,2023-10-24 00:00:05+00:00,2023-10-24
1698192006,3341.0,51589.0,,,,54930.0,2023-10-25 00:00:06+00:00,2023-10-25
1698278406,3375.0,53281.0,,,,56656.0,2023-10-26 00:00:06+00:00,2023-10-26
1698364807,3421.0,52887.0,,,,56308.0,2023-10-27 00:00:07+00:00,2023-10-27
1698451206,3432.0,53790.0,,,,57222.0,2023-10-28 00:00:06+00:00,2023-10-28
1698537605,3474.0,54157.0,,,,57631.0,2023-10-29 00:00:05+00:00,2023-10-29
1698624005,3459.0,54638.0,,,,58097.0,2023-10-30 00:00:05+00:00,2023-10-30
1698710405,3418.0,54970.0,,,,58388.0,2023-10-31 00:00:05+00:00,2023-10-31
1698796806,3454.0,55187.0,,,,58641.0,2023-11-01 00:00:06+00:00,2023-11-01
1698883203,3444.0,55396.0,,,,58840.0,2023-11-02 00:00:03+00:00,2023-11-02
1698969606,3415.0,55576.0,,,,58991.0,2023-11-03 00:00:06+00:00,2023-11-03
1699056006,3386.0,55541.0,,,,58927.0,2023-11-04 00:00:06+00:00,2023-11-04
1699142405,3443.0,56599.0,,,,60042.0,2023-11-05 00:00:05+00:00,2023-11-05
1699228805,3394.0,57040.0,,,,60434.0,2023-11-06 00:00:05+00:00,2023-11-06
1699315206,3415.0,57566.0,,,,60981.0,2023-11-07 00:00:06+00:00,2023-11-07
1699401602,3417.0,56684.0,,,,60101.0,2023-11-08 00:00:02+00:00,2023-11-08
1699488006,3461.0,57162.0,,,,60623.0,2023-11-09 00:00:06+00:00,2023-11-09
1699574405,3381.0,57408.0,,,,60789.0,2023-11-10 00:00:05+00:00,2023-11-10
1699660805,3363.0,57470.0,,,,60833.0,2023-11-11 00:00:05+00:00,2023-11-11
1699747209,3395.0,57642.0,,,,61037.0,2023-11-12 00:00:09+00:00,2023-11-12
1699833606,3401.0,59354.0,,,,62755.0,2023-11-13 00:00:06+00:00,2023-11-13
1699920006,3390.0,59509.0,,,,62899.0,2023-11-14 00:00:06+00:00,2023-11-14
1700006403,3387.0,60162.0,,,,63549.0,2023-11-15 00:00:03+00:00,2023-11-15
1700092806,3363.0,60311.0,,,,63674.0,2023-11-16 00:00:06+00:00,2023-11-16
1700179206,3327.0,61101.0,,,,64428.0,2023-11-17 00:00:06+00:00,2023-11-17
1700265606,3355.0,60847.0,,,,64202.0,2023-11-18 00:00:06+00:00,2023-11-18
1700352007,3329.0,59665.0,,,,62994.0,2023-11-19 00:00:07+00:00,2023-11-19
1700438406,3272.0,59188.0,,,,62460.0,2023-11-20 00:00:06+00:00,2023-11-20
1700524806,3221.0,59147.0,,,,62368.0,2023-11-21 00:00:06+00:00,2023-11-21
1700611209,3207.0,58618.0,,,,61825.0,2023-11-22 00:00:09+00:00,2023-11-22
1700697613,3165.0,58213.0,,,,61378.0,2023-11-23 00:00:13+00:00,2023-11-23
1700784010,3275.0,58732.0,,,,62007.0,2023-11-24 00:00:10+00:00,2023-11-24
1700870404,3290.0,58138.0,,,,61428.0,2023-11-25 00:00:04+00:00,2023-11-25
1700956809,3294.0,58590.0,,,,61884.0,2023-11-26 00:00:09+00:00,2023-11-26
1701043207,3235.0,58921.0,,,,62156.0,2023-11-27 00:00:07+00:00,2023-11-27
1701129610,3273.0,59399.0,,,,62672.0,2023-11-28 00:00:10+00:00,2023-11-28
1701216009,3309.0,60150.0,,,,63459.0,2023-11-29 00:00:09+00:00,2023-11-29
1701302407,3340.0,60799.0,,,,64139.0,2023-11-30 00:00:07+00:00,2023-11-30
1701388807,2851.0,56624.0,,,,59475.0,2023-12-01 00:00:07+00:00,2023-12-01
1701475208,3344.0,60793.0,,,,64137.0,2023-12-02 00:00:08+00:00,2023-12-02
1701561609,3322.0,60991.0,,,,64313.0,2023-12-03 00:00:09+00:00,2023-12-03
1701648011,3339.0,62420.0,,,,65759.0,2023-12-04 00:00:11+00:00,2023-12-04
1701734415,3339.0,63089.0,,,,66428.0,2023-12-05 00:00:15+00:00,2023-12-05
1701820810,3353.0,62764.0,,,,66117.0,2023-12-06 00:00:10+00:00,2023-12-06
1701907210,3406.0,64208.0,,,,67614.0,2023-12-07 00:00:10+00:00,2023-12-07
1701993612,3343.0,63675.0,,,,67018.0,2023-12-08 00:00:12+00:00,2023-12-08
1702080006,3355.0,63067.0,,,,66422.0,2023-12-09 00:00:06+00:00,2023-12-09
1702166409,3393.0,63796.0,,,,67189.0,2023-12-10 00:00:09+00:00,2023-12-10
1702252805,3373.0,63846.0,,,,67219.0,2023-12-11 00:00:05+00:00,2023-12-11
1702339206,3315.0,62818.0,,,,66133.0,2023-12-12 00:00:06+00:00,2023-12-12
1702425606,3393.0,62798.0,,,,66191.0,2023-12-13 00:00:06+00:00,2023-12-13
1702512007,3371.0,63063.0,,,,66434.0,2023-12-14 00:00:07+00:00,2023-12-14
1702598413,3360.0,63352.0,,,,66712.0,2023-12-15 00:00:13+00:00,2023-12-15
1702684811,3335.0,63467.0,,,,66802.0,2023-12-16 00:00:11+00:00,2023-12-16
1702771208,3332.0,63483.0,,,,66815.0,2023-12-17 00:00:08+00:00,2023-12-17
1702857605,3394.0,63097.0,,,,66491.0,2023-12-18 00:00:05+00:00,2023-12-18
1702944007,3363.0,63046.0,,,,66409.0,2023-12-19 00:00:07+00:00,2023-12-19
1703030416,3418.0,62088.0,,,,65506.0,2023-12-20 00:00:16+00:00,2023-12-20
1703116805,3476.0,62461.0,,,,65937.0,2023-12-21 00:00:05+00:00,2023-12-21
1703203207,3446.0,,,,,,2023-12-22 00:00:07+00:00,2023-12-22
1703289607,3502.0,,,,,,2023-12-23 00:00:07+00:00,2023-12-23
1703376006,3467.0,,,,,,2023-12-24 00:00:06+00:00,2023-12-24
1703462409,3465.0,,,,,,2023-12-25 00:00:09+00:00,2023-12-25
1703548804,3506.0,,,,,,2023-12-26 00:00:04+00:00,2023-12-26
1703635211,3198.0,,,,,,2023-12-27 00:00:11+00:00,2023-12-27
1703721605,3504.0,,,,,,2023-12-28 00:00:05+00:00,2023-12-28
1703808007,3413.0,,,,,,2023-12-29 00:00:07+00:00,2023-12-29
1703894408,3615.0,,,,,,2023-12-30 00:00:08+00:00,2023-12-30
1703980816,3642.0,,,,,,2023-12-31 00:00:16+00:00,2023-12-31
1704067205,3661.0,,,,,,2024-01-01 00:00:05+00:00,2024-01-01
1704153608,3720.0,,,,,,2024-01-02 00:00:08+00:00,2024-01-02
1704240007,3826.0,,,,,,2024-01-03 00:00:07+00:00,2024-01-03
1704326406,3907.0,,,,,,2024-01-04 00:00:06+00:00,2024-01-04
1704412805,3884.0,,,,,,2024-01-05 00:00:05+00:00,2024-01-05
1704432195,3907.0,60624.0,,,,64531.0,2024-01-05 05:23:15+00:00,2024-01-05
1704499209,3958.0,60974.0,,,,64932.0,2024-01-06 00:00:09+00:00,2024-01-06
1704585614,3897.0,60329.0,,,,64226.0,2024-01-07 00:00:14+00:00,2024-01-07
1704672007,3954.0,60587.0,,,,64541.0,2024-01-08 00:00:07+00:00,2024-01-08
1704758407,3932.0,60439.0,,,,64371.0,2024-01-09 00:00:07+00:00,2024-01-09
1704844807,4010.0,61430.0,,,,65440.0,2024-01-10 00:00:07+00:00,2024-01-10
1704931206,3895.0,63083.0,,,,66978.0,2024-01-11 00:00:06+00:00,2024-01-11
1704931206,4058.0,63509.0,,,,67567.0,2024-01-11 00:00:06+00:00,2024-01-11
1704931206,4011.0,62893.0,,,,66904.0,2024-01-11 00:00:06+00:00,2024-01-11
1704931206,3974.0,62009.0,,,,65983.0,2024-01-11 00:00:06+00:00,2024-01-11
1704931206,4015.0,62913.0,,,,66928.0,2024-01-11 00:00:06+00:00,2024-01-11
1705295233,3980.0,63301.0,,,,67281.0,2024-01-15 05:07:13+00:00,2024-01-15
1705363206,3929.0,63111.0,,,,67040.0,2024-01-16 00:00:06+00:00,2024-01-16
1705449606,3916.0,62791.0,,,,66707.0,2024-01-17 00:00:06+00:00,2024-01-17
1705536006,3960.0,63059.0,,,,67019.0,2024-01-18 00:00:06+00:00,2024-01-18
1705622407,3977.0,63277.0,,,,67254.0,2024-01-19 00:00:07+00:00,2024-01-19
1705708805,4002.0,63705.0,,,,67707.0,2024-01-20 00:00:05+00:00,2024-01-20
1705795208,3929.0,63689.0,,,,67618.0,2024-01-21 00:00:08+00:00,2024-01-21
1705881609,3855.0,63355.0,,,,67210.0,2024-01-22 00:00:09+00:00,2024-01-22
1705968002,3930.0,63582.0,,,,67512.0,2024-01-23 00:00:02+00:00,2024-01-23
1706054405,3898.0,64024.0,,,,67922.0,2024-01-24 00:00:05+00:00,2024-01-24
1706140806,3895.0,64029.0,,,,67924.0,2024-01-25 00:00:06+00:00,2024-01-25
1706227207,3925.0,64396.0,,,,68321.0,2024-01-26 00:00:07+00:00,2024-01-26
1706313606,3936.0,65546.0,,,,69482.0,2024-01-27 00:00:06+00:00,2024-01-27
1706400008,3532.0,63081.0,,,,66613.0,2024-01-28 00:00:08+00:00,2024-01-28
1706486406,3971.0,66226.0,,,,70197.0,2024-01-29 00:00:06+00:00,2024-01-29
1706572805,4031.0,67501.0,,,,71532.0,2024-01-30 00:00:05+00:00,2024-01-30
1706659205,4071.0,67525.0,,,,71596.0,2024-01-31 00:00:05+00:00,2024-01-31
1706745605,4189.0,68330.0,,,,72519.0,2024-02-01 00:00:05+00:00,2024-02-01
1706832007,4281.0,68851.0,,,,73132.0,2024-02-02 00:00:07+00:00,2024-02-02
1706918406,4304.0,69819.0,,,,74123.0,2024-02-03 00:00:06+00:00,2024-02-03
1707004807,4330.0,70044.0,,,,74374.0,2024-02-04 00:00:07+00:00,2024-02-04
1707091207,4269.0,69722.0,,,,73991.0,2024-02-05 00:00:07+00:00,2024-02-05
1707177605,4293.0,69678.0,,,,73971.0,2024-02-06 00:00:05+00:00,2024-02-06
1707264005,4164.0,68638.0,,,,72802.0,2024-02-07 00:00:05+00:00,2024-02-07
1707350406,4144.0,68091.0,,,,72235.0,2024-02-08 00:00:06+00:00,2024-02-08
1707436806,4077.0,68538.0,,,,72615.0,2024-02-09 00:00:06+00:00,2024-02-09
1707523203,4095.0,67862.0,,,,71957.0,2024-02-10 00:00:03+00:00,2024-02-10
1707609609,4121.0,67408.0,,,,71529.0,2024-02-11 00:00:09+00:00,2024-02-11
1707696007,4095.0,67774.0,,,,71869.0,2024-02-12 00:00:07+00:00,2024-02-12
1707782403,4143.0,67602.0,,,,71745.0,2024-02-13 00:00:03+00:00,2024-02-13
1707872809,4137.0,68118.0,,,,72255.0,2024-02-14 01:06:49+00:00,2024-02-14
1707955206,4134.0,67506.0,,,,71640.0,2024-02-15 00:00:06+00:00,2024-02-15
1708041607,4119.0,67845.0,,,,71964.0,2024-02-16 00:00:07+00:00,2024-02-16
1708128008,4152.0,68229.0,,,,72381.0,2024-02-17 00:00:08+00:00,2024-02-17
1708214407,4155.0,68204.0,,,,72359.0,2024-02-18 00:00:07+00:00,2024-02-18
1708300803,4099.0,67479.0,,,,71578.0,2024-02-19 00:00:03+00:00,2024-02-19
1708387206,4166.0,68034.0,,,,72200.0,2024-02-20 00:00:06+00:00,2024-02-20
1708473607,4152.0,67535.0,,,,71687.0,2024-02-21 00:00:07+00:00,2024-02-21
1708560005,4038.0,66692.0,,,,70730.0,2024-02-22 00:00:05+00:00,2024-02-22
1708646407,3997.0,66391.0,,,,70388.0,2024-02-23 00:00:07+00:00,2024-02-23
1708732806,3982.0,65363.0,,,,69345.0,2024-02-24 00:00:06+00:00,2024-02-24
1708819206,3949.0,63918.0,,,,67867.0,2024-02-25 00:00:06+00:00,2024-02-25
1708905605,3816.0,63076.0,,,,66892.0,2024-02-26 00:00:05+00:00,2024-02-26
1708992006,3763.0,63433.0,,,,67196.0,2024-02-27 00:00:06+00:00,2024-02-27
1709078407,3755.0,62876.0,,,,66631.0,2024-02-28 00:00:07+00:00,2024-02-28
1709164805,3806.0,64489.0,,,,68295.0,2024-02-29 00:00:05+00:00,2024-02-29
1709251207,3755.0,64253.0,,,,68008.0,2024-03-01 00:00:07+00:00,2024-03-01
1709337608,3842.0,64931.0,,,,68773.0,2024-03-02 00:00:08+00:00,2024-03-02
1709424008,3765.0,64007.0,,,,67772.0,2024-03-03 00:00:08+00:00,2024-03-03
1709510408,3801.0,64151.0,,,,67952.0,2024-03-04 00:00:08+00:00,2024-03-04
1709596816,3754.0,64545.0,,,,68299.0,2024-03-05 00:00:16+00:00,2024-03-05
1709683207,3727.0,65099.0,,,,68826.0,2024-03-06 00:00:07+00:00,2024-03-06
1709769606,3808.0,64544.0,,,,68352.0,2024-03-07 00:00:06+00:00,2024-03-07
1709856008,3827.0,65048.0,,,,68875.0,2024-03-08 00:00:08+00:00,2024-03-08
1709942407,3881.0,65406.0,,,,69287.0,2024-03-09 00:00:07+00:00,2024-03-09
1710028807,3852.0,66910.0,,,,70762.0,2024-03-10 00:00:07+00:00,2024-03-10
1710115209,3805.0,67680.0,,,,71485.0,2024-03-11 00:00:09+00:00,2024-03-11
1710201604,3776.0,67552.0,,,,71328.0,2024-03-12 00:00:04+00:00,2024-03-12
1710288010,3815.0,68731.0,,,,72546.0,2024-03-13 00:00:10+00:00,2024-03-13
1710374406,3810.0,69359.0,,,,73169.0,2024-03-14 00:00:06+00:00,2024-03-14
1710460808,3788.0,69632.0,,,,73420.0,2024-03-15 00:00:08+00:00,2024-03-15
1710547204,3850.0,70041.0,,,,73891.0,2024-03-16 00:00:04+00:00,2024-03-16
1710633612,3801.0,71090.0,,,,74891.0,2024-03-17 00:00:12+00:00,2024-03-17
1710720005,3808.0,70577.0,,,,74385.0,2024-03-18 00:00:05+00:00,2024-03-18
1710806405,3820.0,70042.0,,,,73862.0,2024-03-19 00:00:05+00:00,2024-03-19
1710892806,3799.0,70681.0,,,,74480.0,2024-03-20 00:00:06+00:00,2024-03-20
1710979206,3858.0,70796.0,,,,74654.0,2024-03-21 00:00:06+00:00,2024-03-21
1711065607,3816.0,71649.0,,,,75465.0,2024-03-22 00:00:07+00:00,2024-03-22
1711152005,3873.0,72218.0,,,,76091.0,2024-03-23 00:00:05+00:00,2024-03-23
1711238406,3879.0,71919.0,,,,75798.0,2024-03-24 00:00:06+00:00,2024-03-24
1711324805,3894.0,72082.0,,,,75976.0,2024-03-25 00:00:05+00:00,2024-03-25
1711411203,3866.0,71626.0,,,,75492.0,2024-03-26 00:00:03+00:00,2024-03-26
1711497606,3865.0,70578.0,,,,74443.0,2024-03-27 00:00:06+00:00,2024-03-27
1711584004,3940.0,70428.0,,,,74368.0,2024-03-28 00:00:04+00:00,2024-03-28
1711670406,3894.0,70871.0,,,,74765.0,2024-03-29 00:00:06+00:00,2024-03-29
1711756806,3898.0,70268.0,,,,74166.0,2024-03-30 00:00:06+00:00,2024-03-30
1711843208,3825.0,70035.0,,,,73860.0,2024-03-31 00:00:08+00:00,2024-03-31
1711929605,3890.0,69456.0,,,,73346.0,2024-04-01 00:00:05+00:00,2024-04-01
1712016006,3840.0,69403.0,,,,73243.0,2024-04-02 00:00:06+00:00,2024-04-02
1712102405,3863.0,69800.0,,,,73663.0,2024-04-03 00:00:05+00:00,2024-04-03
1712188806,3887.0,70906.0,,,,74793.0,2024-04-04 00:00:06+00:00,2024-04-04
1712275204,3814.0,70976.0,,,,74790.0,2024-04-05 00:00:04+00:00,2024-04-05
1712361606,3841.0,70724.0,,,,74565.0,2024-04-06 00:00:06+00:00,2024-04-06
1712448006,3819.0,69957.0,,,,73776.0,2024-04-07 00:00:06+00:00,2024-04-07
1712534407,3827.0,69424.0,,,,73251.0,2024-04-08 00:00:07+00:00,2024-04-08
1712620807,3821.0,69840.0,,,,73661.0,2024-04-09 00:00:07+00:00,2024-04-09
1712707206,3883.0,70515.0,,,,74398.0,2024-04-10 00:00:06+00:00,2024-04-10
1712793607,3948.0,72153.0,,,,76101.0,2024-04-11 00:00:07+00:00,2024-04-11
1712880006,4018.0,72693.0,,,,76711.0,2024-04-12 00:00:06+00:00,2024-04-12
1712966407,4033.0,72776.0,,,,76809.0,2024-04-13 00:00:07+00:00,2024-04-13
1713052807,4141.0,73702.0,,,,77843.0,2024-04-14 00:00:07+00:00,2024-04-14
1713139205,4188.0,73986.0,,,,78174.0,2024-04-15 00:00:05+00:00,2024-04-15
1713225608,4266.0,76133.0,,,,80399.0,2024-04-16 00:00:08+00:00,2024-04-16
1713312006,4494.0,76965.0,,,,81459.0,2024-04-17 00:00:06+00:00,2024-04-17
1713398408,4621.0,79393.0,,,,84014.0,2024-04-18 00:00:08+00:00,2024-04-18
1713484807,4742.0,81513.0,,,,86255.0,2024-04-19 00:00:07+00:00,2024-04-19
1713571209,4754.0,83576.0,,,,88330.0,2024-04-20 00:00:09+00:00,2024-04-20
1713657607,4865.0,84949.0,,,,89814.0,2024-04-21 00:00:07+00:00,2024-04-21
1713744006,4909.0,86025.0,,,,90934.0,2024-04-22 00:00:06+00:00,2024-04-22
1713830406,4915.0,86079.0,,,,90994.0,2024-04-23 00:00:06+00:00,2024-04-23
1713916805,4789.0,84702.0,,,,89491.0,2024-04-24 00:00:05+00:00,2024-04-24
1714003203,4756.0,83163.0,,,,87919.0,2024-04-25 00:00:03+00:00,2024-04-25
1714089606,4778.0,83875.0,,,,88653.0,2024-04-26 00:00:06+00:00,2024-04-26
1714176004,4746.0,83675.0,,,,88421.0,2024-04-27 00:00:04+00:00,2024-04-27
1714262405,4736.0,83331.0,,,,88067.0,2024-04-28 00:00:05+00:00,2024-04-28
1714348805,4712.0,82539.0,,,,87251.0,2024-04-29 00:00:05+00:00,2024-04-29
1714435205,4637.0,81907.0,,,,86544.0,2024-04-30 00:00:05+00:00,2024-04-30
1714521603,4669.0,81317.0,,,,85986.0,2024-05-01 00:00:03+00:00,2024-05-01
1714608006,4679.0,80537.0,,,,85216.0,2024-05-02 00:00:06+00:00,2024-05-02
1714694404,4754.0,81720.0,,,,86474.0,2024-05-03 00:00:04+00:00,2024-05-03
1714780808,4787.0,81290.0,,,,86077.0,2024-05-04 00:00:08+00:00,2024-05-04
1714867210,4748.0,80644.0,,,,85392.0,2024-05-05 00:00:10+00:00,2024-05-05
1714953606,4740.0,80599.0,,,,85339.0,2024-05-06 00:00:06+00:00,2024-05-06
1715040006,4794.0,80426.0,,,,85220.0,2024-05-07 00:00:06+00:00,2024-05-07
1715126405,4800.0,78627.0,,,,83427.0,2024-05-08 00:00:05+00:00,2024-05-08
1715212806,4785.0,78452.0,,,,83237.0,2024-05-09 00:00:06+00:00,2024-05-09
1715299204,4719.0,77505.0,,,,82224.0,2024-05-10 00:00:04+00:00,2024-05-10
1715385605,4713.0,77529.0,,,,82242.0,2024-05-11 00:00:05+00:00,2024-05-11
1715472008,4618.0,76998.0,,,,81616.0,2024-05-12 00:00:08+00:00,2024-05-12
1715558406,4711.0,77249.0,,,,81960.0,2024-05-13 00:00:06+00:00,2024-05-13
1715644806,4661.0,76161.0,,,,80822.0,2024-05-14 00:00:06+00:00,2024-05-14
1715731205,4581.0,76375.0,,,,80956.0,2024-05-15 00:00:05+00:00,2024-05-15
1715817607,4521.0,75572.0,,,,80093.0,2024-05-16 00:00:07+00:00,2024-05-16
1715904007,4418.0,74722.0,,,,79140.0,2024-05-17 00:00:07+00:00,2024-05-17
1715990405,4390.0,73604.0,,,,77994.0,2024-05-18 00:00:05+00:00,2024-05-18
1716076805,4295.0,72701.0,,,,76996.0,2024-05-19 00:00:05+00:00,2024-05-19
1716163205,4277.0,72245.0,,,,76522.0,2024-05-20 00:00:05+00:00,2024-05-20
1716249606,4253.0,71576.0,,,,75829.0,2024-05-21 00:00:06+00:00,2024-05-21
1716336009,4238.0,71570.0,,,,75808.0,2024-05-22 00:00:09+00:00,2024-05-22
1716422408,4160.0,71263.0,,,,75423.0,2024-05-23 00:00:08+00:00,2024-05-23
1716508805,4128.0,70561.0,,,,74689.0,2024-05-24 00:00:05+00:00,2024-05-24
1716595205,4040.0,70815.0,,,,74855.0,2024-05-25 00:00:05+00:00,2024-05-25
1716681603,4058.0,69830.0,,,,73888.0,2024-05-26 00:00:03+00:00,2024-05-26
1716768006,4059.0,69816.0,,,,73875.0,2024-05-27 00:00:06+00:00,2024-05-27
1716854406,4072.0,69641.0,,,,73713.0,2024-05-28 00:00:06+00:00,2024-05-28
1716940806,3973.0,70320.0,,,,74293.0,2024-05-29 00:00:06+00:00,2024-05-29
1717027207,4023.0,70210.0,,,,74233.0,2024-05-30 00:00:07+00:00,2024-05-30
1717113605,3948.0,69564.0,,,,73512.0,2024-05-31 00:00:05+00:00,2024-05-31
1717200007,3976.0,70006.0,,,,73982.0,2024-06-01 00:00:07+00:00,2024-06-01
1717270106,3945.0,68931.0,,,,72876.0,2024-06-01 19:28:26+00:00,2024-06-01
1717286406,3873.0,69138.0,,,,73011.0,2024-06-02 00:00:06+00:00,2024-06-02
1717372806,3865.0,68159.0,,,,72024.0,2024-06-03 00:00:06+00:00,2024-06-03
1717459206,3919.0,68276.0,,,,72195.0,2024-06-04 00:00:06+00:00,2024-06-04
1717537290,3927.0,69624.0,,,,73551.0,2024-06-04 21:41:30+00:00,2024-06-04
1717545604,3972.0,69830.0,,,,73802.0,2024-06-05 00:00:04+00:00,2024-06-05
1717632006,4014.0,70399.0,,,,74413.0,2024-06-06 00:00:06+00:00,2024-06-06
1717718406,3982.0,70650.0,,,,74632.0,2024-06-07 00:00:06+00:00,2024-06-07
1717804807,3947.0,70446.0,,,,74393.0,2024-06-08 00:00:07+00:00,2024-06-08
1717891208,3926.0,70611.0,,,,74537.0,2024-06-09 00:00:08+00:00,2024-06-09
1717977610,3964.0,70627.0,,,,74591.0,2024-06-10 00:00:10+00:00,2024-06-10
1718064006,3883.0,68996.0,,,,72879.0,2024-06-11 00:00:06+00:00,2024-06-11
1718150403,3960.0,69436.0,,,,73396.0,2024-06-12 00:00:03+00:00,2024-06-12
1718236807,3921.0,69104.0,,,,73025.0,2024-06-13 00:00:07+00:00,2024-06-13
1718323206,3890.0,69386.0,,,,73276.0,2024-06-14 00:00:06+00:00,2024-06-14
1718409607,3905.0,69153.0,,,,73058.0,2024-06-15 00:00:07+00:00,2024-06-15
1718496009,3897.0,69843.0,,,,73740.0,2024-06-16 00:00:09+00:00,2024-06-16
1718582405,3851.0,69704.0,,,,73555.0,2024-06-17 00:00:05+00:00,2024-06-17
1718668806,3829.0,68632.0,,,,72461.0,2024-06-18 00:00:06+00:00,2024-06-18
1718755206,3819.0,69014.0,,,,72833.0,2024-06-19 00:00:06+00:00,2024-06-19
1718841606,3511.0,69110.0,,,,72621.0,2024-06-20 00:00:06+00:00,2024-06-20
1718928006,3912.0,69702.0,,,,73614.0,2024-06-21 00:00:06+00:00,2024-06-21
1719014403,3935.0,69008.0,,,,72943.0,2024-06-22 00:00:03+00:00,2024-06-22
1719100808,3905.0,68891.0,,,,72796.0,2024-06-23 00:00:08+00:00,2024-06-23
1719187205,3876.0,68519.0,,,,72395.0,2024-06-24 00:00:05+00:00,2024-06-24
1719273608,3864.0,67817.0,,,,71681.0,2024-06-25 00:00:08+00:00,2024-06-25
1719360005,3892.0,67934.0,,,,71826.0,2024-06-26 00:00:05+00:00,2024-06-26
1719446404,3895.0,67529.0,,,,71424.0,2024-06-27 00:00:04+00:00,2024-06-27
1719532807,3914.0,68212.0,,,,72126.0,2024-06-28 00:00:07+00:00,2024-06-28
1719619209,3954.0,68498.0,,,,72452.0,2024-06-29 00:00:09+00:00,2024-06-29
1719705607,3944.0,68020.0,,,,71964.0,2024-06-30 00:00:07+00:00,2024-06-30
1719792007,3909.0,67443.0,,,,71352.0,2024-07-01 00:00:07+00:00,2024-07-01
1719878405,3903.0,67629.0,,,,71532.0,2024-07-02 00:00:05+00:00,2024-07-02
1719964806,3809.0,67890.0,,,,71699.0,2024-07-03 00:00:06+00:00,2024-07-03
1720051205,3775.0,67303.0,,,,71078.0,2024-07-04 00:00:05+00:00,2024-07-04
1720137605,3818.0,66305.0,,,,70123.0,2024-07-05 00:00:05+00:00,2024-07-05
1720224003,3788.0,66600.0,,,,70388.0,2024-07-06 00:00:03+00:00,2024-07-06
1720310407,3855.0,67349.0,,,,71204.0,2024-07-07 00:00:07+00:00,2024-07-07
1720396805,3842.0,67512.0,,,,71354.0,2024-07-08 00:00:05+00:00,2024-07-08
1720483206,3802.0,67133.0,,,,70935.0,2024-07-09 00:00:06+00:00,2024-07-09
1720569606,3813.0,67448.0,,,,71261.0,2024-07-10 00:00:06+00:00,2024-07-10
1720656004,3799.0,66649.0,,,,70448.0,2024-07-11 00:00:04+00:00,2024-07-11
1720742405,3906.0,67550.0,,,,71456.0,2024-07-12 00:00:05+00:00,2024-07-12
1720828807,3850.0,67744.0,,,,71594.0,2024-07-13 00:00:07+00:00,2024-07-13
1720915205,3874.0,68263.0,,,,72137.0,2024-07-14 00:00:05+00:00,2024-07-14
1721001605,3829.0,68040.0,,,,71869.0,2024-07-15 00:00:05+00:00,2024-07-15
1721088007,3897.0,68163.0,,,,72060.0,2024-07-16 00:00:07+00:00,2024-07-16
1721174405,3913.0,68372.0,,,,72285.0,2024-07-17 00:00:05+00:00,2024-07-17
1721260806,3953.0,67484.0,,,,71437.0,2024-07-18 00:00:06+00:00,2024-07-18
1721347205,3892.0,66727.0,,,,70619.0,2024-07-19 00:00:05+00:00,2024-07-19
1721433607,3643.0,65326.0,,,,68969.0,2024-07-20 00:00:07+00:00,2024-07-20
1721520010,3225.0,65717.0,,,,68942.0,2024-07-21 00:00:10+00:00,2024-07-21
1721606408,2860.0,65568.0,,,,68428.0,2024-07-22 00:00:08+00:00,2024-07-22
1721692806,3703.0,68406.0,,,,72109.0,2024-07-23 00:00:06+00:00,2024-07-23
1721779205,3782.0,67797.0,,,,71579.0,2024-07-24 00:00:05+00:00,2024-07-24
1721865605,3660.0,69471.0,,,,73131.0,2024-07-25 00:00:05+00:00,2024-07-25
1721952005,3762.0,68722.0,,,,72484.0,2024-07-26 00:00:05+00:00,2024-07-26
1722038404,3875.0,68688.0,,,,72563.0,2024-07-27 00:00:04+00:00,2024-07-27
1722124806,3764.0,68292.0,,,,72056.0,2024-07-28 00:00:06+00:00,2024-07-28
1722211205,3855.0,67900.0,,,,71755.0,2024-07-29 00:00:05+00:00,2024-07-29
1722297606,3754.0,66316.0,,,,70070.0,2024-07-30 00:00:06+00:00,2024-07-30
1722384007,3733.0,67493.0,,,,71226.0,2024-07-31 00:00:07+00:00,2024-07-31
1722470407,3767.0,66663.0,,,,70430.0,2024-08-01 00:00:07+00:00,2024-08-01
1722556807,3780.0,66811.0,,,,70591.0,2024-08-02 00:00:07+00:00,2024-08-02
1722643206,3714.0,66184.0,,,,69898.0,2024-08-03 00:00:06+00:00,2024-08-03
1722729606,3581.0,66957.0,,,,70538.0,2024-08-04 00:00:06+00:00,2024-08-04
1722816006,3675.0,66871.0,,,,70546.0,2024-08-05 00:00:06+00:00,2024-08-05
1722902407,3484.0,66688.0,,,,70172.0,2024-08-06 00:00:07+00:00,2024-08-06
1722988806,3645.0,65396.0,,,,69041.0,2024-08-07 00:00:06+00:00,2024-08-07
1723075204,3706.0,66439.0,,,,70145.0,2024-08-08 00:00:04+00:00,2024-08-08
1723161606,3738.0,65903.0,,,,69641.0,2024-08-09 00:00:06+00:00,2024-08-09
1723248008,3744.0,66475.0,,,,70219.0,2024-08-10 00:00:08+00:00,2024-08-10
1723334406,3647.0,65970.0,,,,69617.0,2024-08-11 00:00:06+00:00,2024-08-11
1723420806,3668.0,65884.0,,,,69552.0,2024-08-12 00:00:06+00:00,2024-08-12
1723507207,3714.0,65271.0,,,,68985.0,2024-08-13 00:00:07+00:00,2024-08-13
1723593606,3577.0,66221.0,,,,69798.0,2024-08-14 00:00:06+00:00,2024-08-14
1723680006,3688.0,66056.0,,,,69744.0,2024-08-15 00:00:06+00:00,2024-08-15
1723766403,3720.0,66187.0,,,,69907.0,2024-08-16 00:00:03+00:00,2024-08-16
1723852804,3677.0,67334.0,,,,71011.0,2024-08-17 00:00:04+00:00,2024-08-17
1723939206,3570.0,66879.0,,,,70449.0,2024-08-18 00:00:06+00:00,2024-08-18
1724025607,3649.0,66801.0,,,,70450.0,2024-08-19 00:00:07+00:00,2024-08-19
1724112007,3571.0,67037.0,,,,70608.0,2024-08-20 00:00:07+00:00,2024-08-20
1724198405,3519.0,66411.0,,,,69930.0,2024-08-21 00:00:05+00:00,2024-08-21
1724284805,3596.0,67029.0,,,,70625.0,2024-08-22 00:00:05+00:00,2024-08-22
1724371207,3616.0,67712.0,,,,71328.0,2024-08-23 00:00:07+00:00,2024-08-23
1724457605,3538.0,66810.0,,,,70348.0,2024-08-24 00:00:05+00:00,2024-08-24
1724544008,3556.0,67311.0,,,,70867.0,2024-08-25 00:00:08+00:00,2024-08-25
1724630407,3536.0,66887.0,,,,70423.0,2024-08-26 00:00:07+00:00,2024-08-26
1724716807,3448.0,66403.0,,,,69851.0,2024-08-27 00:00:07+00:00,2024-08-27
1724803211,3542.0,65800.0,,,,69342.0,2024-08-28 00:00:11+00:00,2024-08-28
1724889604,3510.0,66848.0,,,,70358.0,2024-08-29 00:00:04+00:00,2024-08-29
1724976006,3477.0,66901.0,,,,70378.0,2024-08-30 00:00:06+00:00,2024-08-30
1725062405,3495.0,67707.0,,,,71202.0,2024-08-31 00:00:05+00:00,2024-08-31
1725148804,3326.0,67331.0,,,,70657.0,2024-09-01 00:00:04+00:00,2024-09-01
1725235207,3450.0,67325.0,,,,70775.0,2024-09-02 00:00:07+00:00,2024-09-02
1725321607,3462.0,67475.0,,,,70937.0,2024-09-03 00:00:07+00:00,2024-09-03
1725408005,3524.0,67751.0,,,,71275.0,2024-09-04 00:00:05+00:00,2024-09-04
1725494404,3459.0,67083.0,,,,70542.0,2024-09-05 00:00:04+00:00,2024-09-05
1725580806,3482.0,66003.0,,,,69485.0,2024-09-06 00:00:06+00:00,2024-09-06
1725667206,3483.0,66527.0,,,,70010.0,2024-09-07 00:00:06+00:00,2024-09-07
1725753606,3453.0,64835.0,,,,68288.0,2024-09-08 00:00:06+00:00,2024-09-08
1725840004,3415.0,65943.0,,,,69358.0,2024-09-09 00:00:04+00:00,2024-09-09
1725926405,3465.0,65970.0,,,,69435.0,2024-09-10 00:00:05+00:00,2024-09-10
1726012806,3486.0,65595.0,,,,69081.0,2024-09-11 00:00:06+00:00,2024-09-11
1726099206,3485.0,65877.0,,,,69362.0,2024-09-12 00:00:06+00:00,2024-09-12
1726185608,3421.0,66583.0,,,,70004.0,2024-09-13 00:00:08+00:00,2024-09-13
1726272007,3457.0,65433.0,,,,68890.0,2024-09-14 00:00:07+00:00,2024-09-14
1726358407,3403.0,66205.0,,,,69608.0,2024-09-15 00:00:07+00:00,2024-09-15
1726444804,3461.0,65731.0,,,,69192.0,2024-09-16 00:00:04+00:00,2024-09-16
1726531207,3431.0,65514.0,,,,68945.0,2024-09-17 00:00:07+00:00,2024-09-17
1726617604,3441.0,66246.0,,,,69687.0,2024-09-18 00:00:04+00:00,2024-09-18
1726704005,3468.0,66144.0,,,,69612.0,2024-09-19 00:00:05+00:00,2024-09-19
1726790406,3441.0,67221.0,,,,70662.0,2024-09-20 00:00:06+00:00,2024-09-20
1726876806,3279.0,66114.0,,,,69393.0,2024-09-21 00:00:06+00:00,2024-09-21
1726963206,3367.0,66362.0,,,,69729.0,2024-09-22 00:00:06+00:00,2024-09-22
1727049606,3360.0,65518.0,,,,68878.0,2024-09-23 00:00:06+00:00,2024-09-23
1727136005,3312.0,64958.0,,,,68270.0,2024-09-24 00:00:05+00:00,2024-09-24
1727222405,3317.0,65676.0,,,,68993.0,2024-09-25 00:00:05+00:00,2024-09-25
1727308805,3372.0,65284.0,,,,68656.0,2024-09-26 00:00:05+00:00,2024-09-26
1727395208,3417.0,66720.0,,,,70137.0,2024-09-27 00:00:08+00:00,2024-09-27
1727481605,3372.0,66608.0,,,,69980.0,2024-09-28 00:00:05+00:00,2024-09-28
1727568010,3386.0,66360.0,,,,69746.0,2024-09-29 00:00:10+00:00,2024-09-29
1727654405,3431.0,66313.0,,,,69744.0,2024-09-30 00:00:05+00:00,2024-09-30
1727740811,3384.0,66502.0,,,,69886.0,2024-10-01 00:00:11+00:00,2024-10-01
1727827203,3313.0,66747.0,,,,70060.0,2024-10-02 00:00:03+00:00,2024-10-02
1727913604,3465.0,66004.0,,,,69469.0,2024-10-03 00:00:04+00:00,2024-10-03
1728000005,3364.0,66135.0,,,,69499.0,2024-10-04 00:00:05+00:00,2024-10-04
1728086403,3337.0,65530.0,,,,68867.0,2024-10-05 00:00:03+00:00,2024-10-05
1728172803,3356.0,66321.0,,,,69677.0,2024-10-06 00:00:03+00:00,2024-10-06
1728259206,3286.0,66463.0,,,,69749.0,2024-10-07 00:00:06+00:00,2024-10-07
1728345607,3249.0,67150.0,,,,70399.0,2024-10-08 00:00:07+00:00,2024-10-08
1728432004,3395.0,66953.0,,,,70348.0,2024-10-09 00:00:04+00:00,2024-10-09
1728518405,3713.0,68256.0,,,,71969.0,2024-10-10 00:00:05+00:00,2024-10-10
1728604804,3838.0,68273.0,,,,72111.0,2024-10-11 00:00:04+00:00,2024-10-11
1728691205,3818.0,67321.0,,,,71139.0,2024-10-12 00:00:05+00:00,2024-10-12
1728777608,3831.0,67941.0,,,,71772.0,2024-10-13 00:00:08+00:00,2024-10-13
1728864005,3775.0,68624.0,,,,72399.0,2024-10-14 00:00:05+00:00,2024-10-14
1728950406,3810.0,69234.0,,,,73044.0,2024-10-15 00:00:06+00:00,2024-10-15
1729036804,3819.0,68831.0,,,,72650.0,2024-10-16 00:00:04+00:00,2024-10-16
1729123206,3792.0,69613.0,,,,73405.0,2024-10-17 00:00:06+00:00,2024-10-17
1729209605,3715.0,69287.0,,,,73002.0,2024-10-18 00:00:05+00:00,2024-10-18
1729296005,3773.0,68824.0,,,,72597.0,2024-10-19 00:00:05+00:00,2024-10-19
1729382408,3808.0,68222.0,,,,72030.0,2024-10-20 00:00:08+00:00,2024-10-20
1729468806,3752.0,67648.0,,,,71400.0,2024-10-21 00:00:06+00:00,2024-10-21
1729555205,3752.0,68461.0,,,,72213.0,2024-10-22 00:00:05+00:00,2024-10-22
1729641607,3786.0,68215.0,,,,72001.0,2024-10-23 00:00:07+00:00,2024-10-23
1729728003,3785.0,67623.0,,,,71408.0,2024-10-24 00:00:03+00:00,2024-10-24
1729814406,3808.0,67109.0,,,,70917.0,2024-10-25 00:00:06+00:00,2024-10-25
1729900804,3778.0,66873.0,,,,70651.0,2024-10-26 00:00:04+00:00,2024-10-26
1729987206,3767.0,66315.0,,,,70082.0,2024-10-27 00:00:06+00:00,2024-10-27
1730073605,3801.0,66440.0,,,,70241.0,2024-10-28 00:00:05+00:00,2024-10-28
1730160005,3786.0,66577.0,,,,70363.0,2024-10-29 00:00:05+00:00,2024-10-29
1730246408,3796.0,66568.0,,,,70364.0,2024-10-30 00:00:08+00:00,2024-10-30
1730332805,3783.0,66609.0,,,,70392.0,2024-10-31 00:00:05+00:00,2024-10-31
1730419206,3806.0,67234.0,,,,71040.0,2024-11-01 00:00:06+00:00,2024-11-01
1730505603,3839.0,67999.0,,,,71838.0,2024-11-02 00:00:03+00:00,2024-11-02
1730592007,3907.0,67925.0,,,,71832.0,2024-11-03 00:00:07+00:00,2024-11-03
1730678404,3855.0,66924.0,,,,70779.0,2024-11-04 00:00:04+00:00,2024-11-04
1730764802,3878.0,67136.0,,,,71014.0,2024-11-05 00:00:02+00:00,2024-11-05
1730851206,3824.0,66655.0,,,,70479.0,2024-11-06 00:00:06+00:00,2024-11-06
1730937605,3829.0,66752.0,,,,70581.0,2024-11-07 00:00:05+00:00,2024-11-07
1731024006,3815.0,66923.0,,,,70738.0,2024-11-08 00:00:06+00:00,2024-11-08
1731110407,3900.0,68128.0,,,,72028.0,2024-11-09 00:00:07+00:00,2024-11-09
1731196807,3872.0,69009.0,,,,72881.0,2024-11-10 00:00:07+00:00,2024-11-10
1731283207,3935.0,69535.0,,,,73470.0,2024-11-11 00:00:07+00:00,2024-11-11
1731369607,3852.0,71163.0,,,,75015.0,2024-11-12 00:00:07+00:00,2024-11-12
1731456007,3828.0,71872.0,,,,75700.0,2024-11-13 00:00:07+00:00,2024-11-13
1731542407,3879.0,71491.0,,,,75370.0,2024-11-14 00:00:07+00:00,2024-11-14
1731628807,3944.0,72991.0,,,,76935.0,2024-11-15 00:00:07+00:00,2024-11-15
1731715207,3960.0,73694.0,,,,77654.0,2024-11-16 00:00:07+00:00,2024-11-16
1731801608,3957.0,73565.0,,,,77522.0,2024-11-17 00:00:08+00:00,2024-11-17
1731888006,3935.0,74125.0,,,,78060.0,2024-11-18 00:00:06+00:00,2024-11-18
1731974404,3949.0,74156.0,,,,78105.0,2024-11-19 00:00:04+00:00,2024-11-19
1732060807,4001.0,74451.0,,,,78452.0,2024-11-20 00:00:07+00:00,2024-11-20
1732147205,4965.0,95855.0,,,,100820.0,2024-11-21 00:00:05+00:00,2024-11-21
1732233610,4999.0,97712.0,,,,102711.0,2024-11-22 00:00:10+00:00,2024-11-22
1732320006,5013.0,96218.0,,,,101231.0,2024-11-23 00:00:06+00:00,2024-11-23
1732406407,4989.0,95410.0,,,,100399.0,2024-11-24 00:00:07+00:00,2024-11-24
1732492811,5023.0,93791.0,,,,98814.0,2024-11-25 00:00:11+00:00,2024-11-25
1732579205,5082.0,94649.0,,,,99731.0,2024-11-26 00:00:05+00:00,2024-11-26
1732665605,5078.0,93733.0,,,,98811.0,2024-11-27 00:00:05+00:00,2024-11-27
1732752004,5141.0,96507.0,,,,101648.0,2024-11-28 00:00:04+00:00,2024-11-28
1732838406,5139.0,97706.0,,,,102845.0,2024-11-29 00:00:06+00:00,2024-11-29
1732924804,5169.0,97349.0,,,,102518.0,2024-11-30 00:00:04+00:00,2024-11-30
1733011206,5154.0,98680.0,,,,103834.0,2024-12-01 00:00:06+00:00,2024-12-01
1733097608,5213.0,98897.0,,,,104110.0,2024-12-02 00:00:08+00:00,2024-12-02
1733184007,5200.0,98454.0,,,,103654.0,2024-12-03 00:00:07+00:00,2024-12-03
1733270409,5183.0,96594.0,,,,101777.0,2024-12-04 00:00:09+00:00,2024-12-04
1733356804,5254.0,97229.0,,,,102483.0,2024-12-05 00:00:04+00:00,2024-12-05
1733443206,5209.0,96892.0,,,,102101.0,2024-12-06 00:00:06+00:00,2024-12-06
1733529606,5253.0,96375.0,,,,101628.0,2024-12-07 00:00:06+00:00,2024-12-07
1733616007,5296.0,96436.0,,,,101732.0,2024-12-08 00:00:07+00:00,2024-12-08
1733702406,5229.0,96070.0,,,,101299.0,2024-12-09 00:00:06+00:00,2024-12-09
1733788805,5173.0,94018.0,,,,99191.0,2024-12-10 00:00:05+00:00,2024-12-10
1733875206,5254.0,95807.0,,,,101061.0,2024-12-11 00:00:06+00:00,2024-12-11
1733961606,5318.0,95315.0,,,,100633.0,2024-12-12 00:00:06+00:00,2024-12-12
1734048007,5303.0,95193.0,,,,100496.0,2024-12-13 00:00:07+00:00,2024-12-13
1734134407,5373.0,94749.0,,,,100122.0,2024-12-14 00:00:07+00:00,2024-12-14
1734220806,5400.0,95032.0,,,,100432.0,2024-12-15 00:00:06+00:00,2024-12-15
1734307206,5471.0,95098.0,,,,100569.0,2024-12-16 00:00:06+00:00,2024-12-16
1734393605,5378.0,95472.0,,,,100850.0,2024-12-17 00:00:05+00:00,2024-12-17
1734480006,5409.0,95721.0,,,,101130.0,2024-12-18 00:00:06+00:00,2024-12-18
1734566404,5459.0,95339.0,,,,100798.0,2024-12-19 00:00:04+00:00,2024-12-19
1734652810,5449.0,95572.0,,,,101021.0,2024-12-20 00:00:10+00:00,2024-12-20
1734739207,5487.0,96862.0,,,,102349.0,2024-12-21 00:00:07+00:00,2024-12-21
1734825607,5612.0,97059.0,,,,102671.0,2024-12-22 00:00:07+00:00,2024-12-22
1734912009,5611.0,99238.0,,,,104849.0,2024-12-23 00:00:09+00:00,2024-12-23
1734998408,5650.0,97444.0,,,,103094.0,2024-12-24 00:00:08+00:00,2024-12-24
1735084807,5626.0,97580.0,,,,103206.0,2024-12-25 00:00:07+00:00,2024-12-25
1735171208,5318.0,94062.0,,,,99380.0,2024-12-26 00:00:08+00:00,2024-12-26
1735430416,5293.0,92918.0,,,,98211.0,2024-12-29 00:00:16+00:00,2024-12-29
1735516818,5304.0,91548.0,,,,96852.0,2024-12-30 00:00:18+00:00,2024-12-30
1735603208,5264.0,91068.0,,,,96332.0,2024-12-31 00:00:08+00:00,2024-12-31
1735689605,5331.0,91176.0,,,,96507.0,2025-01-01 00:00:05+00:00,2025-01-01
1735776006,5333.0,91756.0,,,,97089.0,2025-01-02 00:00:06+00:00,2025-01-02
1735862405,5316.0,91922.0,,,,97238.0,2025-01-03 00:00:05+00:00,2025-01-03
1735948807,5320.0,93201.0,,,,98521.0,2025-01-04 00:00:07+00:00,2025-01-04
1736035207,5552.0,91286.0,,,,96838.0,2025-01-05 00:00:07+00:00,2025-01-05
1736035207,5491.0,90295.0,,,,95786.0,2025-01-05 00:00:07+00:00,2025-01-05
1736035207,5493.0,90336.0,,,,95829.0,2025-01-05 00:00:07+00:00,2025-01-05
1736035207,5450.0,90189.0,,,,95639.0,2025-01-05 00:00:07+00:00,2025-01-05
1736035207,5465.0,89395.0,,,,94860.0,2025-01-05 00:00:07+00:00,2025-01-05
1736035207,5488.0,89247.0,,,,94735.0,2025-01-05 00:00:07+00:00,2025-01-05
1736035207,5426.0,89202.0,,,,94628.0,2025-01-05 00:00:07+00:00,2025-01-05
1736035207,5408.0,91498.0,,,,96906.0,2025-01-05 00:00:07+00:00,2025-01-05
1736035207,5432.0,90010.0,,,,95442.0,2025-01-05 00:00:07+00:00,2025-01-05
1736035207,5452.0,89614.0,,,,95066.0,2025-01-05 00:00:07+00:00,2025-01-05
1736035207,5379.0,91961.0,,,,97340.0,2025-01-05 00:00:07+00:00,2025-01-05
1736035207,5391.0,93286.0,,,,98677.0,2025-01-05 00:00:07+00:00,2025-01-05
1736035207,5374.0,93742.0,,,,99116.0,2025-01-05 00:00:07+00:00,2025-01-05
1736035207,5398.0,93217.0,,,,98615.0,2025-01-05 00:00:07+00:00,2025-01-05
1736035207,5330.0,93153.0,,,,98483.0,2025-01-05 00:00:07+00:00,2025-01-05
1737320884,5306.0,89698.0,,,,95004.0,2025-01-19 21:08:04+00:00,2025-01-19
1737331207,5241.0,89924.0,,,,95165.0,2025-01-20 00:00:07+00:00,2025-01-20
1737417607,5309.0,89704.0,,,,95013.0,2025-01-21 00:00:07+00:00,2025-01-21
1737504006,5323.0,90889.0,,,,96212.0,2025-01-22 00:00:06+00:00,2025-01-22
1737590418,5377.0,89911.0,,,,95288.0,2025-01-23 00:00:18+00:00,2025-01-23
1737676817,5389.0,89584.0,,,,94973.0,2025-01-24 00:00:17+00:00,2025-01-24
1737763227,5366.0,90697.0,,,,96063.0,2025-01-25 00:00:27+00:00,2025-01-25
1737849625,5353.0,90686.0,,,,96039.0,2025-01-26 00:00:25+00:00,2025-01-26
1737936011,5342.0,92372.0,,,,97714.0,2025-01-27 00:00:11+00:00,2025-01-27
1738022414,5358.0,93566.0,,,,98924.0,2025-01-28 00:00:14+00:00,2025-01-28
1738108819,5370.0,93255.0,,,,98625.0,2025-01-29 00:00:19+00:00,2025-01-29
1738195219,5367.0,93566.0,,,,98933.0,2025-01-30 00:00:19+00:00,2025-01-30
1738281612,5325.0,93385.0,,,,98710.0,2025-01-31 00:00:12+00:00,2025-01-31
1738368006,5387.0,92202.0,,,,97589.0,2025-02-01 00:00:06+00:00,2025-02-01
1738454407,5353.0,92275.0,,,,97628.0,2025-02-02 00:00:07+00:00,2025-02-02
1738540806,5357.0,92400.0,,,,97757.0,2025-02-03 00:00:06+00:00,2025-02-03
1738627208,5339.0,91515.0,,,,96854.0,2025-02-04 00:00:08+00:00,2025-02-04
1738713607,5352.0,91324.0,,,,96676.0,2025-02-05 00:00:07+00:00,2025-02-05
1738800007,5412.0,91767.0,,,,97179.0,2025-02-06 00:00:07+00:00,2025-02-06
1738886409,5381.0,91988.0,,,,97369.0,2025-02-07 00:00:09+00:00,2025-02-07
1738972805,5453.0,91612.0,,,,97065.0,2025-02-08 00:00:05+00:00,2025-02-08
1739059205,5440.0,89612.0,,,,95052.0,2025-02-09 00:00:05+00:00,2025-02-09
1739145607,5504.0,89744.0,,,,95248.0,2025-02-10 00:00:07+00:00,2025-02-10
1739232007,5436.0,88541.0,,,,93977.0,2025-02-11 00:00:07+00:00,2025-02-11
1739318408,5427.0,89289.0,,,,94716.0,2025-02-12 00:00:08+00:00,2025-02-12
1739404805,5447.0,89115.0,,,,94562.0,2025-02-13 00:00:05+00:00,2025-02-13
1739491205,5529.0,88500.0,,,,94029.0,2025-02-14 00:00:05+00:00,2025-02-14
1739577608,5504.0,88614.0,,,,94118.0,2025-02-15 00:00:08+00:00,2025-02-15
1739664005,5475.0,87739.0,,,,93214.0,2025-02-16 00:00:05+00:00,2025-02-16
1739750407,5513.0,86663.0,,,,92176.0,2025-02-17 00:00:07+00:00,2025-02-17
1739836807,5527.0,87809.0,,,,93336.0,2025-02-18 00:00:07+00:00,2025-02-18
1739923208,5478.0,88109.0,,,,93587.0,2025-02-19 00:00:08+00:00,2025-02-19
1740009603,5532.0,88753.0,,,,94285.0,2025-02-20 00:00:03+00:00,2025-02-20
1740096006,5515.0,88853.0,,,,94368.0,2025-02-21 00:00:06+00:00,2025-02-21
1740182407,5490.0,87100.0,,,,92590.0,2025-02-22 00:00:07+00:00,2025-02-22
1740268807,5460.0,87671.0,,,,93131.0,2025-02-23 00:00:07+00:00,2025-02-23
1740355204,5495.0,86744.0,,,,92239.0,2025-02-24 00:00:04+00:00,2025-02-24
1740441604,5566.0,86563.0,,,,92129.0,2025-02-25 00:00:04+00:00,2025-02-25
1740528006,5559.0,86236.0,,,,91795.0,2025-02-26 00:00:06+00:00,2025-02-26
1740614404,5599.0,87390.0,,,,92989.0,2025-02-27 00:00:04+00:00,2025-02-27
1740700803,5510.0,86180.0,,,,91690.0,2025-02-28 00:00:03+00:00,2025-02-28
1740787203,5547.0,86371.0,,,,91918.0,2025-03-01 00:00:03+00:00,2025-03-01
1740873609,5584.0,86351.0,,,,91935.0,2025-03-02 00:00:09+00:00,2025-03-02
1740960004,5533.0,86117.0,,,,91650.0,2025-03-03 00:00:04+00:00,2025-03-03
1741046411,5520.0,85030.0,,,,90550.0,2025-03-04 00:00:11+00:00,2025-03-04
1741132806,5588.0,86247.0,,,,91835.0,2025-03-05 00:00:06+00:00,2025-03-05
1741219207,5522.0,85237.0,,,,90759.0,2025-03-06 00:00:07+00:00,2025-03-06
1741305604,5620.0,85127.0,,,,90747.0,2025-03-07 00:00:04+00:00,2025-03-07
1741392004,5614.0,84890.0,,,,90504.0,2025-03-08 00:00:04+00:00,2025-03-08
1741478406,5547.0,84165.0,,,,89712.0,2025-03-09 00:00:06+00:00,2025-03-09
1741564805,5527.0,85516.0,,,,91043.0,2025-03-10 00:00:05+00:00,2025-03-10
1741651205,5554.0,85844.0,,,,91398.0,2025-03-11 00:00:05+00:00,2025-03-11
1741737604,5530.0,85338.0,,,,90868.0,2025-03-12 00:00:04+00:00,2025-03-12
1741824008,5552.0,85489.0,,,,91041.0,2025-03-13 00:00:08+00:00,2025-03-13
1741910405,5593.0,85807.0,,,,91400.0,2025-03-14 00:00:05+00:00,2025-03-14
1741996806,5637.0,84307.0,,,,89944.0,2025-03-15 00:00:06+00:00,2025-03-15
1742083202,5631.0,84482.0,,,,90113.0,2025-03-16 00:00:02+00:00,2025-03-16
1742169607,5593.0,85625.0,,,,91218.0,2025-03-17 00:00:07+00:00,2025-03-17
1742256007,5486.0,85323.0,,,,90809.0,2025-03-18 00:00:07+00:00,2025-03-18
1742342405,5538.0,85539.0,,,,91077.0,2025-03-19 00:00:05+00:00,2025-03-19
1742428804,5573.0,84477.0,,,,90050.0,2025-03-20 00:00:04+00:00,2025-03-20
1742515207,5586.0,84097.0,,,,89683.0,2025-03-21 00:00:07+00:00,2025-03-21
1742601603,5614.0,84077.0,,,,89691.0,2025-03-22 00:00:03+00:00,2025-03-22
1742688006,5587.0,84415.0,,,,90002.0,2025-03-23 00:00:06+00:00,2025-03-23
1742774405,5580.0,83845.0,,,,89425.0,2025-03-24 00:00:05+00:00,2025-03-24
1742860806,5559.0,83490.0,,,,89049.0,2025-03-25 00:00:06+00:00,2025-03-25
1742947203,5546.0,83239.0,,,,88785.0,2025-03-26 00:00:03+00:00,2025-03-26
1743033605,5598.0,83056.0,,,,88654.0,2025-03-27 00:00:05+00:00,2025-03-27
1743120005,5572.0,82777.0,,,,88349.0,2025-03-28 00:00:05+00:00,2025-03-28
1743206405,5593.0,84328.0,,,,89921.0,2025-03-29 00:00:05+00:00,2025-03-29
1743292805,5587.0,83567.0,,,,89154.0,2025-03-30 00:00:05+00:00,2025-03-30
1743379205,5592.0,83005.0,,,,88597.0,2025-03-31 00:00:05+00:00,2025-03-31
1743465607,5552.0,83032.0,,,,88584.0,2025-04-01 00:00:07+00:00,2025-04-01
1743552007,5641.0,82708.0,,,,88349.0,2025-04-02 00:00:07+00:00,2025-04-02
1743638404,5642.0,82282.0,,,,87924.0,2025-04-03 00:00:04+00:00,2025-04-03
1743724806,5642.0,81721.0,,,,87363.0,2025-04-04 00:00:06+00:00,2025-04-04
1743811203,5670.0,81275.0,,,,86945.0,2025-04-05 00:00:03+00:00,2025-04-05
1743897605,5673.0,81099.0,,,,86772.0,2025-04-06 00:00:05+00:00,2025-04-06
1743984003,5696.0,81383.0,,,,87079.0,2025-04-07 00:00:03+00:00,2025-04-07
1744070408,5645.0,80989.0,,,,86634.0,2025-04-08 00:00:08+00:00,2025-04-08
1744156808,5636.0,79925.0,,,,85561.0,2025-04-09 00:00:08+00:00,2025-04-09
1744243203,5695.0,80349.0,,,,86044.0,2025-04-10 00:00:03+00:00,2025-04-10
1744329606,5691.0,80327.0,,,,86018.0,2025-04-11 00:00:06+00:00,2025-04-11
1744416008,5717.0,79725.0,,,,85442.0,2025-04-12 00:00:08+00:00,2025-04-12
1744502405,5590.0,80920.0,,,,86510.0,2025-04-13 00:00:05+00:00,2025-04-13
1744588806,5678.0,79093.0,,,,84771.0,2025-04-14 00:00:06+00:00,2025-04-14
1744675208,5650.0,79901.0,,,,85551.0,2025-04-15 00:00:08+00:00,2025-04-15
1744761607,5637.0,79207.0,,,,84844.0,2025-04-16 00:00:07+00:00,2025-04-16
1744848014,5705.0,80433.0,,,,86138.0,2025-04-17 00:00:14+00:00,2025-04-17
1744934404,5695.0,79691.0,,,,85386.0,2025-04-18 00:00:04+00:00,2025-04-18
1745020805,5601.0,80203.0,,,,85804.0,2025-04-19 00:00:05+00:00,2025-04-19
1745107205,5670.0,79038.0,,,,84708.0,2025-04-20 00:00:05+00:00,2025-04-20
1745193604,5573.0,78338.0,,,,83911.0,2025-04-21 00:00:04+00:00,2025-04-21
1745280005,5533.0,78105.0,,,,83638.0,2025-04-22 00:00:05+00:00,2025-04-22
1745366409,5589.0,78253.0,,,,83842.0,2025-04-23 00:00:09+00:00,2025-04-23
1745452804,5602.0,78769.0,,,,84371.0,2025-04-24 00:00:04+00:00,2025-04-24
1745539205,5681.0,78552.0,,,,84233.0,2025-04-25 00:00:05+00:00,2025-04-25
1745625605,5649.0,78243.0,,,,83892.0,2025-04-26 00:00:05+00:00,2025-04-26
1745712010,5676.0,78004.0,,,,83680.0,2025-04-27 00:00:10+00:00,2025-04-27
1745798407,5679.0,77760.0,,,,83439.0,2025-04-28 00:00:07+00:00,2025-04-28
1745884805,5633.0,77451.0,,,,83084.0,2025-04-29 00:00:05+00:00,2025-04-29
1745971203,5634.0,77902.0,,,,83536.0,2025-04-30 00:00:03+00:00,2025-04-30
1746057609,5762.0,79014.0,,,,84776.0,2025-05-01 00:00:09+00:00,2025-05-01
1746144006,5785.0,79854.0,,,,85639.0,2025-05-02 00:00:06+00:00,2025-05-02
1746230406,5826.0,78943.0,,,,84769.0,2025-05-03 00:00:06+00:00,2025-05-03
1746316811,5798.0,80088.0,,,,85886.0,2025-05-04 00:00:11+00:00,2025-05-04
1746403209,5777.0,80642.0,,,,86419.0,2025-05-05 00:00:09+00:00,2025-05-05
1746416205,5817.0,80314.0,2793.0,,,86131.0,2025-05-05 03:36:45+00:00,2025-05-05
1746489604,5842.0,81765.0,3254.0,,,87607.0,2025-05-06 00:00:04+00:00,2025-05-06
1746576007,5835.0,80813.0,3797.0,,,86648.0,2025-05-07 00:00:07+00:00,2025-05-07
1746662404,5931.0,82272.0,3832.0,,,88203.0,2025-05-08 00:00:04+00:00,2025-05-08
1746748806,5864.0,82530.0,4477.0,,,88394.0,2025-05-09 00:00:06+00:00,2025-05-09
1746835204,5892.0,82839.0,4736.0,,,88731.0,2025-05-10 00:00:04+00:00,2025-05-10
1746921607,5841.0,82959.0,4957.0,,,88800.0,2025-05-11 00:00:07+00:00,2025-05-11
1747008006,5938.0,82631.0,4847.0,,,88569.0,2025-05-12 00:00:06+00:00,2025-05-12
1747094408,5888.0,81775.0,5122.0,,,87663.0,2025-05-13 00:00:08+00:00,2025-05-13
1747180803,5968.0,82803.0,5700.0,,,88771.0,2025-05-14 00:00:03+00:00,2025-05-14
1747267203,5910.0,82875.0,5733.0,,,88785.0,2025-05-15 00:00:03+00:00,2025-05-15
1747353606,5861.0,82994.0,5805.0,,,88855.0,2025-05-16 00:00:06+00:00,2025-05-16
1747440003,5895.0,82225.0,6097.0,,,88120.0,2025-05-17 00:00:03+00:00,2025-05-17
1747526404,5958.0,83454.0,5969.0,,,89412.0,2025-05-18 00:00:04+00:00,2025-05-18
1747612806,5848.0,84002.0,6182.0,,,89850.0,2025-05-19 00:00:06+00:00,2025-05-19
1747699212,5932.0,84606.0,5921.0,,,90538.0,2025-05-20 00:00:12+00:00,2025-05-20
1747785602,5991.0,84281.0,6213.0,,,90272.0,2025-05-21 00:00:02+00:00,2025-05-21
1747872005,6016.0,83526.0,6165.0,,,89542.0,2025-05-22 00:00:05+00:00,2025-05-22
1747958406,5973.0,83890.0,6179.0,,,89863.0,2025-05-23 00:00:06+00:00,2025-05-23
1748044804,5964.0,83542.0,6185.0,,,89506.0,2025-05-24 00:00:04+00:00,2025-05-24
1748131207,5943.0,82313.0,6127.0,,,88256.0,2025-05-25 00:00:07+00:00,2025-05-25
1748217605,6021.0,82784.0,5962.0,,,88805.0,2025-05-26 00:00:05+00:00,2025-05-26
1748304004,5956.0,82620.0,5978.0,,,88576.0,2025-05-27 00:00:04+00:00,2025-05-27
1748390405,5947.0,81598.0,6151.0,,,87545.0,2025-05-28 00:00:05+00:00,2025-05-28
1748476805,5913.0,82378.0,6434.0,,,88291.0,2025-05-29 00:00:05+00:00,2025-05-29
1748563204,5969.0,82118.0,6354.0,,,88087.0,2025-05-30 00:00:04+00:00,2025-05-30
1748649603,5939.0,82571.0,6422.0,,,88510.0,2025-05-31 00:00:03+00:00,2025-05-31
1748736005,5921.0,81763.0,6840.0,,,87684.0,2025-06-01 00:00:05+00:00,2025-06-01
1748822405,6003.0,81080.0,7123.0,,,87083.0,2025-06-02 00:00:05+00:00,2025-06-02
1748908806,5961.0,81510.0,7215.0,,,87471.0,2025-06-03 00:00:06+00:00,2025-06-03
1748995206,5927.0,81791.0,7444.0,,,87718.0,2025-06-04 00:00:06+00:00,2025-06-04
1749081605,5993.0,82466.0,7040.0,,,88459.0,2025-06-05 00:00:05+00:00,2025-06-05
1749168004,6041.0,82398.0,7175.0,,,88439.0,2025-06-06 00:00:04+00:00,2025-06-06
1749254407,5983.0,83248.0,7346.0,,,89231.0,2025-06-07 00:00:07+00:00,2025-06-07
1749340806,5935.0,82624.0,7159.0,,,88559.0,2025-06-08 00:00:06+00:00,2025-06-08
1749427205,5889.0,82593.0,7235.0,,,88482.0,2025-06-09 00:00:05+00:00,2025-06-09
1749513602,5954.0,83373.0,7363.0,,,89327.0,2025-06-10 00:00:02+00:00,2025-06-10
1749600006,5958.0,83130.0,7325.0,,,89088.0,2025-06-11 00:00:06+00:00,2025-06-11
1749686404,5943.0,82871.0,7680.0,,,88814.0,2025-06-12 00:00:04+00:00,2025-06-12
1749772805,5980.0,82830.0,7791.0,,,88810.0,2025-06-13 00:00:05+00:00,2025-06-13
1749859204,5969.0,82142.0,7665.0,,,88111.0,2025-06-14 00:00:04+00:00,2025-06-14
1749945607,5949.0,82878.0,8103.0,,,88827.0,2025-06-15 00:00:07+00:00,2025-06-15
1750032005,5841.0,82378.0,7884.0,,,88219.0,2025-06-16 00:00:05+00:00,2025-06-16
1750118404,5810.0,82120.0,8364.0,,,87930.0,2025-06-17 00:00:04+00:00,2025-06-17
1750204803,5896.0,82285.0,8669.0,,,88181.0,2025-06-18 00:00:03+00:00,2025-06-18
1750291205,5902.0,81635.0,8894.0,,,87537.0,2025-06-19 00:00:05+00:00,2025-06-19
1750377603,5883.0,81754.0,8923.0,,,87637.0,2025-06-20 00:00:03+00:00,2025-06-20
1750464005,5838.0,81742.0,8702.0,,,87580.0,2025-06-21 00:00:05+00:00,2025-06-21
1750550407,5900.0,82836.0,9285.0,,,88736.0,2025-06-22 00:00:07+00:00,2025-06-22
1750636806,5968.0,82600.0,9468.0,,,88568.0,2025-06-23 00:00:06+00:00,2025-06-23
1750723207,5907.0,81922.0,9304.0,,,87829.0,2025-06-24 00:00:07+00:00,2025-06-24
1750809605,5979.0,82586.0,9313.0,,,88565.0,2025-06-25 00:00:05+00:00,2025-06-25
1750896005,6018.0,81885.0,9322.0,,,87903.0,2025-06-26 00:00:05+00:00,2025-06-26
1750982405,6035.0,82170.0,9530.0,,,88205.0,2025-06-27 00:00:05+00:00,2025-06-27
1751068806,6031.0,82251.0,9231.0,,,88282.0,2025-06-28 00:00:06+00:00,2025-06-28
1751155208,6006.0,81708.0,9107.0,,,87714.0,2025-06-29 00:00:08+00:00,2025-06-29
1751241605,6030.0,81532.0,9142.0,,,87562.0,2025-06-30 00:00:05+00:00,2025-06-30
1751328003,5984.0,81308.0,9212.0,,,87292.0,2025-07-01 00:00:03+00:00,2025-07-01
1751414405,6039.0,80868.0,9399.0,,,86907.0,2025-07-02 00:00:05+00:00,2025-07-02
1751500805,6014.0,81371.0,9206.0,,,87385.0,2025-07-03 00:00:05+00:00,2025-07-03
1751587203,6078.0,80566.0,9273.0,,,86644.0,2025-07-04 00:00:03+00:00,2025-07-04
1751673605,6174.0,80462.0,9165.0,,,86636.0,2025-07-05 00:00:05+00:00,2025-07-05
1751760012,6197.0,79160.0,9185.0,,,85357.0,2025-07-06 00:00:12+00:00,2025-07-06
1751846405,6160.0,79442.0,9171.0,,,85602.0,2025-07-07 00:00:05+00:00,2025-07-07
1751932805,6129.0,78833.0,9244.0,,,84962.0,2025-07-08 00:00:05+00:00,2025-07-08
1752019205,6140.0,79312.0,9672.0,,,85452.0,2025-07-09 00:00:05+00:00,2025-07-09
1752105604,6146.0,79140.0,9775.0,,,85286.0,2025-07-10 00:00:04+00:00,2025-07-10
1752192004,6204.0,79730.0,9749.0,,,85934.0,2025-07-11 00:00:04+00:00,2025-07-11
1752278404,6147.0,79904.0,9669.0,,,86051.0,2025-07-12 00:00:04+00:00,2025-07-12
1752364804,6208.0,81303.0,9852.0,,,87511.0,2025-07-13 00:00:04+00:00,2025-07-13
1752451207,6183.0,80631.0,9972.0,,,86814.0,2025-07-14 00:00:07+00:00,2025-07-14
1752537606,6161.0,81336.0,10013.0,,,87497.0,2025-07-15 00:00:06+00:00,2025-07-15
1752624005,6175.0,80585.0,9589.0,,,86760.0,2025-07-16 00:00:05+00:00,2025-07-16
1752710404,6167.0,81380.0,9630.0,,,87547.0,2025-07-17 00:00:04+00:00,2025-07-17
1752796805,6091.0,81313.0,9461.0,,,87404.0,2025-07-18 00:00:05+00:00,2025-07-18
1752883206,6085.0,82065.0,9719.0,,,88150.0,2025-07-19 00:00:06+00:00,2025-07-19
1752969608,6187.0,81003.0,9562.0,,,87190.0,2025-07-20 00:00:08+00:00,2025-07-20
1753056006,6150.0,80935.0,9095.0,,,87085.0,2025-07-21 00:00:06+00:00,2025-07-21
1753142407,6196.0,80620.0,9188.0,,,86816.0,2025-07-22 00:00:07+00:00,2025-07-22
1753228806,6140.0,81959.0,9302.0,,,88099.0,2025-07-23 00:00:06+00:00,2025-07-23
1753315206,6130.0,81118.0,9233.0,,,87248.0,2025-07-24 00:00:06+00:00,2025-07-24
1753401604,6153.0,81895.0,9516.0,,,88048.0,2025-07-25 00:00:04+00:00,2025-07-25
1753488006,6166.0,81790.0,9668.0,,,87956.0,2025-07-26 00:00:06+00:00,2025-07-26
1753574409,6260.0,80997.0,9533.0,,,87257.0,2025-07-27 00:00:09+00:00,2025-07-27
1753660805,6127.0,80827.0,9288.0,,,86954.0,2025-07-28 00:00:05+00:00,2025-07-28
1753747205,6196.0,80664.0,9435.0,,,86860.0,2025-07-29 00:00:05+00:00,2025-07-29
1753833605,6159.0,80511.0,9332.0,,,86670.0,2025-07-30 00:00:05+00:00,2025-07-30
1753920005,6153.0,80080.0,9252.0,,,86233.0,2025-07-31 00:00:05+00:00,2025-07-31
1754006407,6190.0,79630.0,9242.0,,,85820.0,2025-08-01 00:00:07+00:00,2025-08-01
1754092803,6180.0,79256.0,9266.0,,,85436.0,2025-08-02 00:00:03+00:00,2025-08-02
1754179206,6089.0,79711.0,9296.0,,,85800.0,2025-08-03 00:00:06+00:00,2025-08-03
1754265602,6184.0,80048.0,9454.0,,,86232.0,2025-08-04 00:00:02+00:00,2025-08-04
1754352008,6139.0,79571.0,9277.0,,,85710.0,2025-08-05 00:00:08+00:00,2025-08-05
1754438404,6222.0,79955.0,9537.0,,,86177.0,2025-08-06 00:00:04+00:00,2025-08-06
1754524804,6178.0,79865.0,9659.0,,,86043.0,2025-08-07 00:00:04+00:00,2025-08-07
1754611206,6185.0,80488.0,9601.0,,,86673.0,2025-08-08 00:00:06+00:00,2025-08-08
1754697606,6107.0,81179.0,9914.0,,,87286.0,2025-08-09 00:00:06+00:00,2025-08-09
1754784007,6161.0,81082.0,10267.0,,,87243.0,2025-08-10 00:00:07+00:00,2025-08-10
1754870405,6161.0,80664.0,10322.0,,,86825.0,2025-08-11 00:00:05+00:00,2025-08-11
1754956805,6186.0,80605.0,10219.0,,,86791.0,2025-08-12 00:00:05+00:00,2025-08-12
1755043205,6245.0,81113.0,10402.0,,,87358.0,2025-08-13 00:00:05+00:00,2025-08-13
1755129607,6220.0,82576.0,10917.0,,,88796.0,2025-08-14 00:00:07+00:00,2025-08-14
1755216008,6197.0,83099.0,10878.0,,,89296.0,2025-08-15 00:00:08+00:00,2025-08-15
1755302405,6275.0,82178.0,10511.0,,,88453.0,2025-08-16 00:00:05+00:00,2025-08-16
1755388804,6168.0,82516.0,10472.0,,,88684.0,2025-08-17 00:00:04+00:00,2025-08-17
1755475206,6271.0,81933.0,10972.0,,,88204.0,2025-08-18 00:00:06+00:00,2025-08-18
1755561605,6184.0,80882.0,11162.0,,,87066.0,2025-08-19 00:00:05+00:00,2025-08-19
1755648007,6226.0,81328.0,11198.0,,,87554.0,2025-08-20 00:00:07+00:00,2025-08-20
1755734406,6226.0,80895.0,11259.0,,,87121.0,2025-08-21 00:00:06+00:00,2025-08-21
1755820807,6191.0,80461.0,10916.0,,,86652.0,2025-08-22 00:00:07+00:00,2025-08-22
1755907203,6094.0,80486.0,10730.0,,,86580.0,2025-08-23 00:00:03+00:00,2025-08-23
1755993606,6176.0,80423.0,10741.0,,,86599.0,2025-08-24 00:00:06+00:00,2025-08-24
1756080003,6172.0,80811.0,10812.0,,,86983.0,2025-08-25 00:00:03+00:00,2025-08-25
1756166405,6122.0,80316.0,10966.0,,,86438.0,2025-08-26 00:00:05+00:00,2025-08-26
1756252808,6211.0,80462.0,11283.0,,,86673.0,2025-08-27 00:00:08+00:00,2025-08-27
1756339205,6190.0,80576.0,11481.0,,,86766.0,2025-08-28 00:00:05+00:00,2025-08-28
1756425604,6256.0,80963.0,11672.0,,,87219.0,2025-08-29 00:00:04+00:00,2025-08-29
1756512002,6211.0,80687.0,11310.0,,,86898.0,2025-08-30 00:00:02+00:00,2025-08-30
1756598407,6191.0,80836.0,11329.0,,,87027.0,2025-08-31 00:00:07+00:00,2025-08-31
1756684804,6143.0,80904.0,11457.0,,,87047.0,2025-09-01 00:00:04+00:00,2025-09-01
1756771206,6207.0,80558.0,11634.0,,,86765.0,2025-09-02 00:00:06+00:00,2025-09-02
1756857604,6228.0,79905.0,11374.0,,,86133.0,2025-09-03 00:00:04+00:00,2025-09-03
1756944010,6315.0,79705.0,10978.0,,,86020.0,2025-09-04 00:00:10+00:00,2025-09-04
1757030405,6319.0,79663.0,11212.0,,,85982.0,2025-09-05 00:00:05+00:00,2025-09-05
1757116812,6290.0,79870.0,11376.0,,,86160.0,2025-09-06 00:00:12+00:00,2025-09-06
1757203211,6229.0,80096.0,11096.0,,,86325.0,2025-09-07 00:00:11+00:00,2025-09-07
1757289606,6253.0,80053.0,11361.0,,,86306.0,2025-09-08 00:00:06+00:00,2025-09-08
1757376004,6317.0,80170.0,11928.0,,,86487.0,2025-09-09 00:00:04+00:00,2025-09-09
1757462415,6373.0,81123.0,12096.0,2.0,,87496.0,2025-09-10 00:00:15+00:00,2025-09-10
1757548803,6390.0,81779.0,11949.0,2.0,,88169.0,2025-09-11 00:00:03+00:00,2025-09-11
1757635204,6482.0,82713.0,12101.0,3.0,,89195.0,2025-09-12 00:00:04+00:00,2025-09-12
1757721605,6378.0,82724.0,12349.0,6.0,,89102.0,2025-09-13 00:00:05+00:00,2025-09-13
1757808006,6386.0,83793.0,12678.0,13.0,,90179.0,2025-09-14 00:00:06+00:00,2025-09-14
1757894405,6499.0,84536.0,13072.0,16.0,,91035.0,2025-09-15 00:00:05+00:00,2025-09-15
1757980804,6492.0,84542.0,13420.0,23.0,,91034.0,2025-09-16 00:00:04+00:00,2025-09-16
1758067204,6518.0,85238.0,13538.0,20.0,,91756.0,2025-09-17 00:00:04+00:00,2025-09-17
1758153604,6614.0,86227.0,13806.0,24.0,,92841.0,2025-09-18 00:00:04+00:00,2025-09-18
1758240002,6634.0,85448.0,13881.0,22.0,,92082.0,2025-09-19 00:00:02+00:00,2025-09-19
1758326405,6617.0,85787.0,13969.0,24.0,,92404.0,2025-09-20 00:00:05+00:00,2025-09-20
1758412805,6693.0,85434.0,14389.0,32.0,,92127.0,2025-09-21 00:00:05+00:00,2025-09-21
1758499203,6669.0,84706.0,14205.0,32.0,,91375.0,2025-09-22 00:00:03+00:00,2025-09-22
1758585604,6733.0,85016.0,14002.0,33.0,,91749.0,2025-09-23 00:00:04+00:00,2025-09-23
1758672004,6711.0,85361.0,14069.0,75.0,,92072.0,2025-09-24 00:00:04+00:00,2025-09-24
1758758405,6666.0,83545.0,13937.0,96.0,,90211.0,2025-09-25 00:00:05+00:00,2025-09-25
1758844803,6684.0,84709.0,13884.0,104.0,,91393.0,2025-09-26 00:00:03+00:00,2025-09-26
1758931206,6672.0,83704.0,13980.0,93.0,,90376.0,2025-09-27 00:00:06+00:00,2025-09-27
1759017604,6685.0,83032.0,13855.0,114.0,,89717.0,2025-09-28 00:00:04+00:00,2025-09-28
1759104005,6743.0,83237.0,13998.0,154.0,,89980.0,2025-09-29 00:00:05+00:00,2025-09-29
1759190407,6763.0,83158.0,14108.0,139.0,,89921.0,2025-09-30 00:00:07+00:00,2025-09-30
1759276803,6763.0,83158.0,14108.0,139.0,,89921.0,2025-10-01 00:00:03+00:00,2025-10-01
1759363206,6738.0,83963.0,13813.0,137.0,,90701.0,2025-10-02 00:00:06+00:00,2025-10-02
1759449609,6709.0,84288.0,13937.0,152.0,,90997.0,2025-10-03 00:00:09+00:00,2025-10-03
1759536007,6720.0,84323.0,14074.0,142.0,,91043.0,2025-10-04 00:00:07+00:00,2025-10-04
1759622405,6693.0,84482.0,13824.0,154.0,,91175.0,2025-10-05 00:00:05+00:00,2025-10-05
1759708806,6681.0,93632.0,13678.0,141.0,,100313.0,2025-10-06 00:00:06+00:00,2025-10-06
1759795204,6691.0,93476.0,13806.0,172.0,,100167.0,2025-10-07 00:00:04+00:00,2025-10-07
1759881604,6684.0,92585.0,13955.0,167.0,,99269.0,2025-10-08 00:00:04+00:00,2025-10-08
1759968005,6738.0,91446.0,13923.0,136.0,,98184.0,2025-10-09 00:00:05+00:00,2025-10-09
1760054406,6754.0,92218.0,13935.0,145.0,,98972.0,2025-10-10 00:00:06+00:00,2025-10-10
1760140806,6896.0,92053.0,13730.0,153.0,,98949.0,2025-10-11 00:00:06+00:00,2025-10-11
1760227208,7079.0,93158.0,13947.0,156.0,,100237.0,2025-10-12 00:00:08+00:00,2025-10-12
1760313608,7361.0,94518.0,13694.0,266.0,,101879.0,2025-10-13 00:00:08+00:00,2025-10-13
1760400003,7772.0,98410.0,13912.0,563.0,,106182.0,2025-10-14 00:00:03+00:00,2025-10-14
1760486406,7955.0,100110.0,13949.0,999.0,,108065.0,2025-10-15 00:00:06+00:00,2025-10-15
1760572803,8262.0,102557.0,14179.0,927.0,,110819.0,2025-10-16 00:00:03+00:00,2025-10-16
1760659203,8455.0,104715.0,14795.0,1135.0,,113170.0,2025-10-17 00:00:03+00:00,2025-10-17
1760745603,8597.0,104465.0,14924.0,1196.0,,113062.0,2025-10-18 00:00:03+00:00,2025-10-18
1760832006,8677.0,105235.0,15353.0,1255.0,,113912.0,2025-10-19 00:00:06+00:00,2025-10-19
1760918403,8652.0,103666.0,15125.0,1336.0,,112318.0,2025-10-20 00:00:03+00:00,2025-10-20
1761004803,8699.0,102414.0,15305.0,1332.0,,111113.0,2025-10-21 00:00:03+00:00,2025-10-21
1761091203,8696.0,101906.0,15336.0,1508.0,,110602.0,2025-10-22 00:00:03+00:00,2025-10-22
1761177603,8725.0,100902.0,15459.0,1492.0,,109627.0,2025-10-23 00:00:03+00:00,2025-10-23
1761264004,8685.0,100177.0,15394.0,1804.0,,108862.0,2025-10-24 00:00:04+00:00,2025-10-24
1761350402,8681.0,100858.0,15751.0,2343.0,,109539.0,2025-10-25 00:00:02+00:00,2025-10-25
1761436806,8670.0,102050.0,32166.0,2831.0,,110720.0,2025-10-26 00:00:06+00:00,2025-10-26
1761523205,8711.0,96673.0,27787.0,3156.0,,105384.0,2025-10-27 00:00:05+00:00,2025-10-27
1761609605,8567.0,95603.0,25365.0,3764.0,,104170.0,2025-10-28 00:00:05+00:00,2025-10-28
1761696004,8577.0,93428.0,23395.0,3944.0,,102005.0,2025-10-29 00:00:04+00:00,2025-10-29
1761782403,8640.0,92855.0,23378.0,4462.0,,101495.0,2025-10-30 00:00:03+00:00,2025-10-30
1761868803,8657.0,92240.0,23089.0,4983.0,,100897.0,2025-10-31 00:00:03+00:00,2025-10-31
1761955203,8693.0,91322.0,22469.0,5244.0,,100015.0,2025-11-01 00:00:03+00:00,2025-11-01
1762041603,8733.0,90698.0,22239.0,5648.0,,99431.0,2025-11-02 00:00:03+00:00,2025-11-02
1762128005,8634.0,89350.0,22107.0,5941.0,,97984.0,2025-11-03 00:00:05+00:00,2025-11-03
1762214405,8683.0,89250.0,21804.0,6254.0,,97933.0,2025-11-04 00:00:05+00:00,2025-11-04
1762300803,8583.0,87860.0,21353.0,6591.0,,96443.0,2025-11-05 00:00:03+00:00,2025-11-05
1762387204,8584.0,88164.0,21239.0,6951.0,,96748.0,2025-11-06 00:00:04+00:00,2025-11-06
1762473602,8511.0,87667.0,20715.0,7219.0,,96178.0,2025-11-07 00:00:02+00:00,2025-11-07
1762560004,8615.0,87502.0,20609.0,7550.0,,96117.0,2025-11-08 00:00:04+00:00,2025-11-08
1762646405,8540.0,85343.0,20103.0,7538.0,,93883.0,2025-11-09 00:00:05+00:00,2025-11-09
1762732804,8566.0,84786.0,19969.0,7737.0,,93352.0,2025-11-10 00:00:04+00:00,2025-11-10
1762819205,8592.0,84770.0,20130.0,8242.0,,93362.0,2025-11-11 00:00:05+00:00,2025-11-11
1762905603,8499.0,84808.0,19983.0,8572.0,,93307.0,2025-11-12 00:00:03+00:00,2025-11-12
1762992004,8594.0,86727.0,21482.0,9035.0,,95321.0,2025-11-13 00:00:04+00:00,2025-11-13
1763078404,8640.0,87383.0,21277.0,9561.0,,96023.0,2025-11-14 00:00:04+00:00,2025-11-14
1763164805,8737.0,87138.0,20922.0,10200.0,,95875.0,2025-11-15 00:00:05+00:00,2025-11-15
1763251205,8574.0,86451.0,20786.0,10039.0,,95025.0,2025-11-16 00:00:05+00:00,2025-11-16
1763337605,8815.0,86108.0,20793.0,10243.0,,94923.0,2025-11-17 00:00:05+00:00,2025-11-17
1763424002,8672.0,84387.0,20157.0,10421.0,,93059.0,2025-11-18 00:00:02+00:00,2025-11-18
1763510402,8842.0,84318.0,20291.0,10139.0,,93160.0,2025-11-19 00:00:02+00:00,2025-11-19
1763596805,8808.0,84981.0,20429.0,10644.0,,93789.0,2025-11-20 00:00:05+00:00,2025-11-20
1763683203,8848.0,85172.0,20278.0,11253.0,,94020.0,2025-11-21 00:00:03+00:00,2025-11-21
1763769603,8928.0,84903.0,19858.0,11432.0,,93831.0,2025-11-22 00:00:03+00:00,2025-11-22
1763856004,8808.0,84958.0,19809.0,11738.0,,93766.0,2025-11-23 00:00:04+00:00,2025-11-23
1763942404,8870.0,84807.0,19943.0,11865.0,,93677.0,2025-11-24 00:00:04+00:00,2025-11-24
1764028804,8818.0,84712.0,19892.0,12038.0,,93530.0,2025-11-25 00:00:04+00:00,2025-11-25
1764115204,8851.0,100066.0,35360.0,11801.0,,108917.0,2025-11-26 00:00:04+00:00,2025-11-26
1764201603,8750.0,93154.0,28534.0,11927.0,,101904.0,2025-11-27 00:00:03+00:00,2025-11-27
1764288005,8938.0,90715.0,26060.0,12271.0,,99653.0,2025-11-28 00:00:05+00:00,2025-11-28
1764374404,8995.0,88116.0,24175.0,12530.0,,97111.0,2025-11-29 00:00:04+00:00,2025-11-29
1764460804,8904.0,86570.0,22847.0,12576.0,,95474.0,2025-11-30 00:00:04+00:00,2025-11-30
1764547203,8790.0,86313.0,22542.0,12966.0,,95103.0,2025-12-01 00:00:03+00:00,2025-12-01
1764633604,8821.0,84726.0,21299.0,12729.0,,93547.0,2025-12-02 00:00:04+00:00,2025-12-02
1764720003,8880.0,84192.0,20912.0,12770.0,,93072.0,2025-12-03 00:00:03+00:00,2025-12-03
1764806404,8882.0,84508.0,20226.0,12812.0,,93390.0,2025-12-04 00:00:04+00:00,2025-12-04
1764892802,8836.0,83814.0,19890.0,13312.0,,92650.0,2025-12-05 00:00:02+00:00,2025-12-05
1764979203,8977.0,83694.0,19861.0,13916.0,,92671.0,2025-12-06 00:00:03+00:00,2025-12-06
1765065605,9147.0,83684.0,19436.0,13951.0,,92831.0,2025-12-07 00:00:05+00:00,2025-12-07
1765152002,9055.0,83793.0,19370.0,14542.0,,92848.0,2025-12-08 00:00:02+00:00,2025-12-08
1765238404,9069.0,82626.0,19251.0,14243.0,,91695.0,2025-12-09 00:00:04+00:00,2025-12-09
1765324803,9141.0,82181.0,18868.0,14578.0,,91322.0,2025-12-10 00:00:03+00:00,2025-12-10
1765411204,9094.0,81563.0,18939.0,14371.0,,90657.0,2025-12-11 00:00:04+00:00,2025-12-11
1765497604,9072.0,81075.0,18719.0,14637.0,,90147.0,2025-12-12 00:00:04+00:00,2025-12-12
1765584003,9010.0,80888.0,18436.0,14790.0,,89898.0,2025-12-13 00:00:03+00:00,2025-12-13
1765670406,9044.0,81520.0,18468.0,14798.0,,90564.0,2025-12-14 00:00:06+00:00,2025-12-14
1765756803,8958.0,81276.0,18239.0,15054.0,,90234.0,2025-12-15 00:00:03+00:00,2025-12-15
1765843203,9057.0,81166.0,17909.0,15344.0,,90223.0,2025-12-16 00:00:03+00:00,2025-12-16
1765929603,9081.0,80308.0,17755.0,15432.0,,89389.0,2025-12-17 00:00:03+00:00,2025-12-17
1766016003,9084.0,80963.0,17867.0,15862.0,,90047.0,2025-12-18 00:00:03+00:00,2025-12-18
1766102404,9063.0,80745.0,17807.0,16141.0,,89808.0,2025-12-19 00:00:04+00:00,2025-12-19
1766188804,9012.0,80478.0,17533.0,16016.0,,89490.0,2025-12-20 00:00:04+00:00,2025-12-20
1766275206,9052.0,81083.0,17457.0,16166.0,,90135.0,2025-12-21 00:00:06+00:00,2025-12-21
1766361604,9063.0,81197.0,17602.0,16348.0,,90260.0,2025-12-22 00:00:04+00:00,2025-12-22
1766448006,8935.0,81452.0,17190.0,16713.0,,90387.0,2025-12-23 00:00:06+00:00,2025-12-23
1766534403,8994.0,80190.0,16974.0,16561.0,,89184.0,2025-12-24 00:00:03+00:00,2025-12-24
1766620803,9162.0,80829.0,17033.0,16587.0,,89991.0,2025-12-25 00:00:03+00:00,2025-12-25
1766707202,9066.0,80352.0,17036.0,16365.0,,89418.0,2025-12-26 00:00:02+00:00,2025-12-26
1766793602,8863.0,80203.0,16947.0,16567.0,,89066.0,2025-12-27 00:00:02+00:00,2025-12-27
1766880006,9092.0,79180.0,17025.0,16502.0,,88272.0,2025-12-28 00:00:06+00:00,2025-12-28
1766966404,8950.0,78740.0,16833.0,16230.0,,87690.0,2025-12-29 00:00:04+00:00,2025-12-29
1767052805,8984.0,78425.0,16812.0,16115.0,,87409.0,2025-12-30 00:00:05+00:00,2025-12-30
1767139204,9277.0,78683.0,16709.0,16656.0,,87960.0,2025-12-31 00:00:04+00:00,2025-12-31
1767225605,9134.0,79029.0,16737.0,16700.0,,88163.0,2026-01-01 00:00:05+00:00,2026-01-01
1767312002,9133.0,78402.0,16653.0,16634.0,,87535.0,2026-01-02 00:00:02+00:00,2026-01-02
1767398403,9174.0,77076.0,16472.0,16619.0,,86250.0,2026-01-03 00:00:03+00:00,2026-01-03
1767484805,9218.0,76819.0,16503.0,16677.0,,86037.0,2026-01-04 00:00:05+00:00,2026-01-04
1767571205,9114.0,76707.0,16512.0,16724.0,,85821.0,2026-01-05 00:00:05+00:00,2026-01-05
1767657604,9117.0,76623.0,16505.0,16965.0,,85740.0,2026-01-06 00:00:04+00:00,2026-01-06
1767744005,9288.0,76349.0,16291.0,16999.0,,85637.0,2026-01-07 00:00:05+00:00,2026-01-07
1767830403,9182.0,76246.0,16354.0,17088.0,,85428.0,2026-01-08 00:00:03+00:00,2026-01-08
1767916804,9170.0,76229.0,16284.0,17141.0,,85399.0,2026-01-09 00:00:04+00:00,2026-01-09
1768003205,9132.0,75701.0,16200.0,17170.0,,84833.0,2026-01-10 00:00:05+00:00,2026-01-10
1768089604,9198.0,75535.0,16237.0,17077.0,,84733.0,2026-01-11 00:00:04+00:00,2026-01-11
1768176004,9186.0,74682.0,16204.0,16760.0,55.0,83868.0,2026-01-12 00:00:04+00:00,2026-01-12
1768262403,9266.0,75215.0,16057.0,16820.0,55.0,84481.0,2026-01-13 00:00:03+00:00,2026-01-13
1768348804,9254.0,75824.0,16160.0,17675.0,56.0,85078.0,2026-01-14 00:00:04+00:00,2026-01-14
1768435202,9353.0,76379.0,16218.0,18109.0,71.0,85732.0,2026-01-15 00:00:02+00:00,2026-01-15
1768521605,9270.0,76892.0,16436.0,18211.0,78.0,86162.0,2026-01-16 00:00:05+00:00,2026-01-16
1768608004,9274.0,76669.0,16384.0,17850.0,79.0,85943.0,2026-01-17 00:00:04+00:00,2026-01-17
1768694404,9038.0,76836.0,16375.0,17944.0,81.0,85874.0,2026-01-18 00:00:04+00:00,2026-01-18
1768780803,9208.0,76607.0,16604.0,17874.0,87.0,85815.0,2026-01-19 00:00:03+00:00,2026-01-19
1768867203,9074.0,76110.0,16329.0,18137.0,91.0,85184.0,2026-01-20 00:00:03+00:00,2026-01-20
1768953604,9303.0,75563.0,16386.0,18105.0,100.0,84866.0,2026-01-21 00:00:04+00:00,2026-01-21
1769040003,9274.0,76917.0,16577.0,18434.0,111.0,86191.0,2026-01-22 00:00:03+00:00,2026-01-22
1769126406,9395.0,78406.0,16867.0,18577.0,311.0,87801.0,2026-01-23 00:00:06+00:00,2026-01-23
1769212804,9393.0,77333.0,16738.0,18538.0,527.0,86726.0,2026-01-24 00:00:04+00:00,2026-01-24
1769299206,9397.0,77293.0,16902.0,18404.0,707.0,86690.0,2026-01-25 00:00:06+00:00,2026-01-25
1769385610,9146.0,76967.0,16766.0,18233.0,864.0,86113.0,2026-01-26 00:00:10+00:00,2026-01-26
1769472008,9152.0,76806.0,16876.0,18243.0,1089.0,85958.0,2026-01-27 00:00:08+00:00,2026-01-27
1769558403,9303.0,77042.0,17054.0,17978.0,1254.0,86345.0,2026-01-28 00:00:03+00:00,2026-01-28
1769644803,9280.0,77557.0,17114.0,17994.0,1412.0,86837.0,2026-01-29 00:00:03+00:00,2026-01-29
1769731203,9330.0,77794.0,17214.0,18072.0,1540.0,87124.0,2026-01-30 00:00:03+00:00,2026-01-30
1769817603,9219.0,78563.0,17221.0,18133.0,1720.0,87782.0,2026-01-31 00:00:03+00:00,2026-01-31
1769904006,9319.0,78267.0,17281.0,18158.0,1857.0,87586.0,2026-02-01 00:00:06+00:00,2026-02-01
1769990403,9277.0,78216.0,17023.0,17998.0,2017.0,87493.0,2026-02-02 00:00:03+00:00,2026-02-02
1770076804,9232.0,78425.0,17253.0,18204.0,2136.0,87657.0,2026-02-03 00:00:04+00:00,2026-02-03
1770163202,9013.0,78446.0,17279.0,18638.0,2196.0,87459.0,2026-02-04 00:00:02+00:00,2026-02-04
1770249604,9373.0,77904.0,17406.0,18412.0,2261.0,87277.0,2026-02-05 00:00:04+00:00,2026-02-05
1770336006,9370.0,78492.0,17484.0,18713.0,2355.0,87862.0,2026-02-06 00:00:06+00:00,2026-02-06
1770422403,9316.0,78041.0,17808.0,18438.0,2564.0,87357.0,2026-02-07 00:00:03+00:00,2026-02-07
1770508804,9236.0,77134.0,17475.0,18480.0,2668.0,86370.0,2026-02-08 00:00:04+00:00,2026-02-08
1770595204,9348.0,78051.0,17911.0,18450.0,2827.0,87399.0,2026-02-09 00:00:04+00:00,2026-02-09
1770681602,9264.0,78663.0,18126.0,18767.0,3112.0,87927.0,2026-02-10 00:00:02+00:00,2026-02-10
1770768002,9294.0,78657.0,18222.0,18755.0,3334.0,87951.0,2026-02-11 00:00:02+00:00,2026-02-11
1770854405,9308.0,78495.0,18706.0,18546.0,3681.0,87803.0,2026-02-12 00:00:05+00:00,2026-02-12
1770940803,9359.0,78097.0,18675.0,18843.0,3767.0,87456.0,2026-02-13 00:00:03+00:00,2026-02-13
1771027204,9314.0,78303.0,18577.0,19237.0,3903.0,87617.0,2026-02-14 00:00:04+00:00,2026-02-14
1771113604,9290.0,78324.0,18424.0,19203.0,3887.0,87614.0,2026-02-15 00:00:04+00:00,2026-02-15
1771200006,9225.0,78599.0,18303.0,19175.0,3939.0,87824.0,2026-02-16 00:00:06+00:00,2026-02-16
1771286405,9273.0,78500.0,18154.0,19055.0,4086.0,87773.0,2026-02-17 00:00:05+00:00,2026-02-17
1771372806,9328.0,79220.0,18480.0,19221.0,4219.0,88548.0,2026-02-18 00:00:06+00:00,2026-02-18
1771459205,9185.0,79397.0,18755.0,19163.0,4380.0,88582.0,2026-02-19 00:00:05+00:00,2026-02-19
1771545603,9376.0,79875.0,19000.0,19327.0,4665.0,89251.0,2026-02-20 00:00:03+00:00,2026-02-20
1771632006,9230.0,80939.0,19717.0,19590.0,4813.0,90169.0,2026-02-21 00:00:06+00:00,2026-02-21
1771718407,9243.0,79712.0,19675.0,19136.0,5144.0,88955.0,2026-02-22 00:00:07+00:00,2026-02-22
1771804804,9234.0,79646.0,19573.0,19268.0,5146.0,88880.0,2026-02-23 00:00:04+00:00,2026-02-23
1771891205,9317.0,79704.0,19782.0,19128.0,5265.0,89021.0,2026-02-24 00:00:05+00:00,2026-02-24
1771977604,9242.0,80436.0,20031.0,19355.0,5323.0,89678.0,2026-02-25 00:00:04+00:00,2026-02-25
1772064007,9308.0,80598.0,20500.0,19363.0,5485.0,89906.0,2026-02-26 00:00:07+00:00,2026-02-26
1772150406,9314.0,82131.0,20830.0,19684.0,5644.0,91445.0,2026-02-27 00:00:06+00:00,2026-02-27
1772236804,9385.0,82059.0,20588.0,19818.0,5744.0,91444.0,2026-02-28 00:00:04+00:00,2026-02-28
1772323208,9322.0,82995.0,20585.0,19816.0,5689.0,92317.0,2026-03-01 00:00:08+00:00,2026-03-01
1772409604,9138.0,83495.0,20984.0,19779.0,5806.0,92633.0,2026-03-02 00:00:04+00:00,2026-03-02
1772496004,9291.0,82592.0,20883.0,19902.0,5871.0,91883.0,2026-03-03 00:00:04+00:00,2026-03-03
1772582404,9095.0,84185.0,21214.0,20014.0,5839.0,93280.0,2026-03-04 00:00:04+00:00,2026-03-04
1772668807,9276.0,84214.0,21364.0,20063.0,5839.0,93490.0,2026-03-05 00:00:07+00:00,2026-03-05
1772757823,9175.0,84966.0,21643.0,20045.0,5870.0,94141.0,2026-03-06 00:43:43+00:00,2026-03-06
1772841605,9214.0,86087.0,21885.0,20211.0,5914.0,95301.0,2026-03-07 00:00:05+00:00,2026-03-07
1772928008,9285.0,87420.0,22333.0,20453.0,6155.0,96705.0,2026-03-08 00:00:08+00:00,2026-03-08
1773014404,9266.0,87994.0,22311.0,20888.0,6144.0,97260.0,2026-03-09 00:00:04+00:00,2026-03-09
1773100805,9298.0,89465.0,22506.0,20682.0,6185.0,98763.0,2026-03-10 00:00:05+00:00,2026-03-10
1773187205,9259.0,88763.0,22872.0,20927.0,6321.0,98022.0,2026-03-11 00:00:05+00:00,2026-03-11
1773273604,9144.0,89867.0,23412.0,21083.0,6618.0,99011.0,2026-03-12 00:00:04+00:00,2026-03-12
1773360003,9455.0,91028.0,23872.0,21324.0,6535.0,100483.0,2026-03-13 00:00:03+00:00,2026-03-13
1773446403,9352.0,91776.0,24841.0,21627.0,6976.0,101128.0,2026-03-14 00:00:03+00:00,2026-03-14
1773532809,9356.0,92371.0,25365.0,21734.0,7189.0,101727.0,2026-03-15 00:00:09+00:00,2026-03-15
1773619206,9370.0,94057.0,26538.0,22291.0,7208.0,103427.0,2026-03-16 00:00:06+00:00,2026-03-16
1773705607,9398.0,95459.0,27308.0,22373.0,6989.0,104857.0,2026-03-17 00:00:07+00:00,2026-03-17
1773792006,9257.0,89807.0,22800.0,22289.0,9821.0,99064.0,2026-03-18 00:00:06+00:00,2026-03-18
1773878407,9439.0,90438.0,22809.0,22412.0,9885.0,99877.0,2026-03-19 00:00:07+00:00,2026-03-19
1773964807,9334.0,90463.0,22680.0,22125.0,10029.0,99797.0,2026-03-20 00:00:07+00:00,2026-03-20
1774051203,9366.0,90144.0,22344.0,22480.0,10139.0,99510.0,2026-03-21 00:00:03+00:00,2026-03-21
1774137605,9346.0,89077.0,22180.0,22174.0,10207.0,98423.0,2026-03-22 00:00:05+00:00,2026-03-22
1774224007,9378.0,89361.0,22358.0,22362.0,10361.0,98739.0,2026-03-23 00:00:07+00:00,2026-03-23
1774310406,9315.0,88783.0,22239.0,22299.0,10320.0,98098.0,2026-03-24 00:00:06+00:00,2026-03-24
1774396805,9371.0,87927.0,21974.0,21847.0,10370.0,97298.0,2026-03-25 00:00:05+00:00,2026-03-25
1774483204,9313.0,88043.0,21828.0,22168.0,10391.0,97356.0,2026-03-26 00:00:04+00:00,2026-03-26
1774569607,9317.0,87851.0,21944.0,22621.0,10362.0,97168.0,2026-03-27 00:00:07+00:00,2026-03-27
1774656005,9303.0,86611.0,21846.0,21901.0,10261.0,95914.0,2026-03-28 00:00:05+00:00,2026-03-28
1774742407,9239.0,87028.0,22070.0,22308.0,10480.0,96267.0,2026-03-29 00:00:07+00:00,2026-03-29
1774828805,9260.0,86815.0,21431.0,22354.0,10397.0,96075.0,2026-03-30 00:00:05+00:00,2026-03-30
1774915205,9273.0,87764.0,22935.0,22083.0,11897.0,97037.0,2026-03-31 00:00:05+00:00,2026-03-31
1775001603,9349.0,89767.0,24400.0,21850.0,12998.0,99116.0,2026-04-01 00:00:03+00:00,2026-04-01
1775088006,9346.0,88804.0,23448.0,22130.0,12438.0,98150.0,2026-04-02 00:00:06+00:00,2026-04-02
1775174402,8242.0,90505.0,23286.0,22683.0,12402.0,98747.0,2026-04-03 00:00:02+00:00,2026-04-03
1775260802,9229.0,88993.0,23052.0,22351.0,12160.0,98222.0,2026-04-04 00:00:02+00:00,2026-04-04
1775347202,9269.0,89036.0,22857.0,22556.0,12075.0,98305.0,2026-04-05 00:00:02+00:00,2026-04-05
1775433611,9332.0,88999.0,23732.0,22788.0,12936.0,98331.0,2026-04-06 00:00:11+00:00,2026-04-06
1775520010,9194.0,88494.0,22586.0,22598.0,12016.0,97688.0,2026-04-07 00:00:10+00:00,2026-04-07
1775606416,9241.0,87260.0,22807.0,22185.0,11954.0,96501.0,2026-04-08 00:00:16+00:00,2026-04-08
1775692808,9191.0,86965.0,23075.0,22074.0,11858.0,96156.0,2026-04-09 00:00:08+00:00,2026-04-09
1775779208,9139.0,85969.0,23107.0,21851.0,12177.0,95108.0,2026-04-10 00:00:08+00:00,2026-04-10
1775865608,9193.0,86674.0,22837.0,22197.0,11866.0,95867.0,2026-04-11 00:00:08+00:00,2026-04-11
1775952008,9179.0,86279.0,23635.0,22022.0,12688.0,95458.0,2026-04-12 00:00:08+00:00,2026-04-12
1776038407,9098.0,87813.0,24909.0,21956.0,13921.0,96911.0,2026-04-13 00:00:07+00:00,2026-04-13
1776124805,9140.0,88512.0,25476.0,22374.0,14338.0,97652.0,2026-04-14 00:00:05+00:00,2026-04-14
1776211204,9097.0,86766.0,23725.0,22388.0,12873.0,95863.0,2026-04-15 00:00:04+00:00,2026-04-15
1776297605,9155.0,89895.0,26497.0,22403.0,15520.0,99050.0,2026-04-16 00:00:05+00:00,2026-04-16
1776384005,9172.0,87928.0,26010.0,22236.0,15132.0,97100.0,2026-04-17 00:00:05+00:00,2026-04-17
1776470407,9088.0,88920.0,27478.0,21828.0,16558.0,98008.0,2026-04-18 00:00:07+00:00,2026-04-18
1776556806,9015.0,90968.0,29316.0,21566.0,18199.0,99983.0,2026-04-19 00:00:06+00:00,2026-04-19
1776643206,9074.0,94243.0,32810.0,21428.0,21999.0,103317.0,2026-04-20 00:00:06+00:00,2026-04-20
1776729604,9162.0,92803.0,32125.0,21580.0,21344.0,101965.0,2026-04-21 00:00:04+00:00,2026-04-21
1776816004,9067.0,94705.0,33475.0,21559.0,22665.0,103772.0,2026-04-22 00:00:04+00:00,2026-04-22
1776902403,9026.0,95087.0,33289.0,21777.0,22533.0,104113.0,2026-04-23 00:00:03+00:00,2026-04-23
1776988804,9226.0,101241.0,38829.0,22732.0,28121.0,110467.0,2026-04-24 00:00:04+00:00,2026-04-24
1777075205,9265.0,97654.0,35946.0,22304.0,25779.0,106919.0,2026-04-25 00:00:05+00:00,2026-04-25
1777161606,8983.0,99674.0,38273.0,22634.0,27449.0,108657.0,2026-04-26 00:00:06+00:00,2026-04-26
1777248005,8425.0,102199.0,40284.0,22668.0,29782.0,110624.0,2026-04-27 00:00:05+00:00,2026-04-27
1777334408,8163.0,108964.0,47445.0,22429.0,36654.0,117127.0,2026-04-28 00:00:08+00:00,2026-04-28
1777359443,5998.0,82052.0,17629.0,22289.0,7539.0,88050.0,2026-04-28 06:57:23+00:00,2026-04-28
1777420804,5973.0,80131.0,17370.0,21309.0,7464.0,86104.0,2026-04-29 00:00:04+00:00,2026-04-29
1777507207,6027.0,79461.0,17532.0,21235.0,7220.0,85488.0,2026-04-30 00:00:07+00:00,2026-04-30
1777593604,6118.0,79810.0,17337.0,21145.0,7094.0,85928.0,2026-05-01 00:00:04+00:00,2026-05-01
1777680003,6101.0,80377.0,17415.0,21525.0,7428.0,86478.0,2026-05-02 00:00:03+00:00,2026-05-02
1777766403,6023.0,82374.0,17401.0,21919.0,7480.0,88397.0,2026-05-03 00:00:03+00:00,2026-05-03
1777852804,6026.0,82060.0,17627.0,21902.0,7570.0,88086.0,2026-05-04 00:00:04+00:00,2026-05-04
1777939204,6099.0,81916.0,18002.0,21998.0,7678.0,88015.0,2026-05-05 00:00:04+00:00,2026-05-05
1778025607,6119.0,82896.0,17748.0,22198.0,7543.0,89015.0,2026-05-06 00:00:07+00:00,2026-05-06
1778112004,6090.0,82571.0,17678.0,22584.0,7720.0,88661.0,2026-05-07 00:00:04+00:00,2026-05-07
1778198404,6023.0,82146.0,17918.0,22730.0,7763.0,88169.0,2026-05-08 00:00:04+00:00,2026-05-08
1778284803,6103.0,84348.0,18320.0,23282.0,7945.0,90451.0,2026-05-09 00:00:03+00:00,2026-05-09
1778371205,5991.0,84505.0,18526.0,22749.0,7965.0,90496.0,2026-05-10 00:00:05+00:00,2026-05-10
1778457605,5996.0,83954.0,18347.0,22467.0,8098.0,89950.0,2026-05-11 00:00:05+00:00,2026-05-11
1778544006,5987.0,84768.0,18490.0,23047.0,8274.0,90755.0,2026-05-12 00:00:06+00:00,2026-05-12
1778630406,5939.0,85786.0,18782.0,23459.0,8352.0,91725.0,2026-05-13 00:00:06+00:00,2026-05-13
1778716806,6011.0,85554.0,18574.0,23280.0,8429.0,91565.0,2026-05-14 00:00:06+00:00,2026-05-14
1778803204,5939.0,85159.0,18500.0,23969.0,8621.0,91098.0,2026-05-15 00:00:04+00:00,2026-05-15
1778889607,5893.0,86103.0,18682.0,24143.0,8735.0,91996.0,2026-05-16 00:00:07+00:00,2026-05-16
1778976011,5796.0,85630.0,18480.0,24302.0,8897.0,91426.0,2026-05-17 00:00:11+00:00,2026-05-17
1779062406,5798.0,86137.0,18757.0,24553.0,9002.0,91935.0,2026-05-18 00:00:06+00:00,2026-05-18
1779148813,5782.0,86585.0,18685.0,24913.0,8915.0,92367.0,2026-05-19 00:00:13+00:00,2026-05-19
1779235205,5846.0,85890.0,18767.0,24935.0,9286.0,91736.0,2026-05-20 00:00:05+00:00,2026-05-20
1779321604,5798.0,85754.0,18797.0,25137.0,9347.0,91552.0,2026-05-21 00:00:04+00:00,2026-05-21
1779408008,5721.0,86795.0,18573.0,25257.0,9310.0,92516.0,2026-05-22 00:00:08+00:00,2026-05-22
1779494403,5597.0,86566.0,18668.0,25199.0,9466.0,92163.0,2026-05-23 00:00:03+00:00,2026-05-23
1779580809,5578.0,87107.0,18581.0,25526.0,9548.0,92685.0,2026-05-24 00:00:09+00:00,2026-05-24
1779667206,5558.0,86673.0,18763.0,25322.0,9634.0,92231.0,2026-05-25 00:00:06+00:00,2026-05-25
1779753608,5614.0,86460.0,18780.0,24974.0,9710.0,92074.0,2026-05-26 00:00:08+00:00,2026-05-26
1779840006,5653.0,86606.0,18589.0,25387.0,9500.0,92259.0,2026-05-27 00:00:06+00:00,2026-05-27
1779926407,5562.0,88327.0,19049.0,26014.0,9883.0,93889.0,2026-05-28 00:00:07+00:00,2026-05-28
1780012803,5517.0,86157.0,18712.0,25262.0,9910.0,91674.0,2026-05-29 00:00:03+00:00,2026-05-29
1780099207,5474.0,86557.0,18677.0,25683.0,9944.0,92031.0,2026-05-30 00:00:07+00:00,2026-05-30
1780185604,5374.0,85680.0,19189.0,24958.0,10065.0,91054.0,2026-05-31 00:00:04+00:00,2026-05-31
1780272007,5375.0,87142.0,19197.0,24372.0,10369.0,92517.0,2026-06-01 00:00:07+00:00,2026-06-01
1780358404,5396.0,86200.0,19220.0,24964.0,10419.0,91596.0,2026-06-02 00:00:04+00:00,2026-06-02
1780444804,5314.0,86534.0,19092.0,24381.0,10592.0,91848.0,2026-06-03 00:00:04+00:00,2026-06-03
1780531206,5397.0,86034.0,18990.0,24131.0,10529.0,91431.0,2026-06-04 00:00:06+00:00,2026-06-04
1780617605,5415.0,87304.0,18802.0,24737.0,10721.0,92719.0,2026-06-05 00:00:05+00:00,2026-06-05
1780704005,5435.0,85723.0,18549.0,24845.0,10593.0,91158.0,2026-06-06 00:00:05+00:00,2026-06-06
1780790405,5335.0,86066.0,18792.0,24472.0,10852.0,91401.0,2026-06-07 00:00:05+00:00,2026-06-07
1780876806,5294.0,85395.0,18805.0,24471.0,10993.0,90689.0,2026-06-08 00:00:06+00:00,2026-06-08
1780963207,5320.0,85598.0,18426.0,24173.0,11088.0,90918.0,2026-06-09 00:00:07+00:00,2026-06-09
1781049603,5430.0,84844.0,18675.0,24052.0,11265.0,90274.0,2026-06-10 00:00:03+00:00,2026-06-10
1781136004,5443.0,84989.0,18864.0,24209.0,11251.0,90432.0,2026-06-11 00:00:04+00:00,2026-06-11
1781222406,5417.0,84757.0,18915.0,24100.0,11375.0,90174.0,2026-06-12 00:00:06+00:00,2026-06-12
1781395207,5456.0,85349.0,18924.0,24082.0,11515.0,90805.0,2026-06-14 00:00:07+00:00,2026-06-14
1781481606,5501.0,84947.0,18668.0,24028.0,11466.0,90448.0,2026-06-15 00:00:06+00:00,2026-06-15
1781568008,5507.0,85874.0,19032.0,23604.0,11742.0,91381.0,2026-06-16 00:00:08+00:00,2026-06-16
1781654407,5238.0,86771.0,18744.0,23779.0,11907.0,92009.0,2026-06-17 00:00:07+00:00,2026-06-17
1781740813,5257.0,85727.0,19043.0,23343.0,12087.0,90984.0,2026-06-18 00:00:13+00:00,2026-06-18
1781827208,5153.0,84956.0,18811.0,23310.0,11972.0,90109.0,2026-06-19 00:00:08+00:00,2026-06-19
1781913605,5135.0,85568.0,19187.0,23673.0,12236.0,90703.0,2026-06-20 00:00:05+00:00,2026-06-20
1782000004,5185.0,85336.0,19061.0,23691.0,12282.0,90521.0,2026-06-21 00:00:04+00:00,2026-06-21
1782086402,5158.0,85299.0,19558.0,23946.0,12545.0,90457.0,2026-06-22 00:00:02+00:00,2026-06-22
1782172808,5159.0,84850.0,19293.0,24007.0,12576.0,90009.0,2026-06-23 00:00:08+00:00,2026-06-23
1782259205,5222.0,85694.0,19324.0,24342.0,12614.0,90916.0,2026-06-24 00:00:05+00:00,2026-06-24
1782345602,5281.0,87068.0,19827.0,24710.0,12972.0,92349.0,2026-06-25 00:00:02+00:00,2026-06-25
1782432003,5278.0,87291.0,19623.0,24823.0,12689.0,92569.0,2026-06-26 00:00:03+00:00,2026-06-26
1782518403,5243.0,87666.0,20029.0,24725.0,12925.0,92909.0,2026-06-27 00:00:03+00:00,2026-06-27
