snapshot,balance_filter,script_type_filter,spend_activity_filter,pubkey_count,utxo_count,supply_sats,exposed_pubkey_count,exposed_utxo_count,exposed_supply_sats,estimated_migration_blocks
0,all,All,all,1,1,0,0,0,0,0.00
0,all,All,never_spent,1,1,0,0,0,0,0.00
0,all,P2PK,all,1,1,0,0,0,0,0.00
0,all,P2PK,never_spent,1,1,0,0,0,0,0.00
0,ge1,All,all,1,1,0,0,0,0,0.00
0,ge1,All,never_spent,1,1,0,0,0,0,0.00
0,ge1,P2PK,all,1,1,0,0,0,0,0.00
0,ge1,P2PK,never_spent,1,1,0,0,0,0,0.00
0,ge10,All,all,1,1,0,0,0,0,0.00
0,ge10,All,never_spent,1,1,0,0,0,0,0.00
0,ge10,P2PK,all,1,1,0,0,0,0,0.00
0,ge10,P2PK,never_spent,1,1,0,0,0,0,0.00
50000,all,All,active,43,90,5695485000000,43,90,5695485000000,0.04
50000,all,All,all,41279,41532,250000000000000,41178,41227,215325722000000,16.82
50000,all,All,inactive,8,8,18190000000,8,8,18190000000,0.00
50000,all,All,never_spent,41228,41434,244286325000000,41127,41129,209612047000000,16.78
50000,all,P2PK,active,17,17,57425000000,18,17,57425000000,0.01
50000,all,P2PK,all,41153,41154,209687661000000,41152,41153,209687661000000,16.79
50000,all,P2PK,inactive,7,7,18189000000,7,7,18189000000,0.00
50000,all,P2PK,never_spent,41129,41130,209612047000000,41127,41129,209612047000000,16.78
50000,all,P2PKH,active,26,73,5638060000000,26,73,5638060000000,0.03
50000,all,P2PKH,all,126,378,40312339000000,28,74,5638061000000,0.03
50000,all,P2PKH,inactive,1,1,1000000,2,1,1000000,0.00
50000,all,P2PKH,never_spent,99,304,34674278000000,0,0,0,0.00
50000,ge1,All,active,42,89,5695482000000,42,89,5695482000000,0.04
50000,ge1,All,all,41254,41507,249999538000000,41160,41209,215325559000000,16.81
50000,ge1,All,inactive,7,7,18189000000,7,7,18189000000,0.00
50000,ge1,All,never_spent,41205,41411,244285867000000,41111,41113,209611888000000,16.77
50000,ge1,P2PK,active,17,17,57425000000,18,17,57425000000,0.01
50000,ge1,P2PK,all,41137,41138,209687502000000,41136,41137,209687502000000,16.78
50000,ge1,P2PK,inactive,7,7,18189000000,7,7,18189000000,0.00
50000,ge1,P2PK,never_spent,41113,41114,209611888000000,41111,41113,209611888000000,16.77
50000,ge1,P2PKH,active,25,72,5638057000000,25,72,5638057000000,0.03
50000,ge1,P2PKH,all,117,369,40312036000000,26,72,5638057000000,0.03
50000,ge1,P2PKH,never_spent,92,297,34673979000000,0,0,0,0.00
50000,ge10,All,active,36,82,5693963000000,36,82,5693963000000,0.03
50000,ge10,All,all,41223,41472,249992357000000,41145,41193,215322248000000,16.81
50000,ge10,All,inactive,6,6,18089000000,6,6,18089000000,0.00
50000,ge10,All,never_spent,41181,41384,244280305000000,41103,41105,209610196000000,16.77
50000,ge10,P2PK,active,14,14,56207000000,15,14,56207000000,0.01
50000,ge10,P2PK,all,41125,41126,209684492000000,41124,41125,209684492000000,16.78
50000,ge10,P2PK,inactive,6,6,18089000000,6,6,18089000000,0.00
50000,ge10,P2PK,never_spent,41105,41106,209610196000000,41103,41105,209610196000000,16.77
50000,ge10,P2PKH,active,22,68,5637756000000,22,68,5637756000000,0.03
50000,ge10,P2PKH,all,98,346,40307865000000,23,68,5637756000000,0.03
50000,ge10,P2PKH,never_spent,76,278,34670109000000,0,0,0,0.00
50000,ge100,All,active,18,64,5627256000000,18,64,5627256000000,0.03
50000,ge100,All,all,110,357,44520701000000,54,100,9925457000000,0.04
50000,ge100,All,never_spent,92,293,38893445000000,36,36,4298201000000,0.01
50000,ge100,P2PK,all,36,36,4298201000000,36,36,4298201000000,0.01
50000,ge100,P2PK,never_spent,36,36,4298201000000,36,36,4298201000000,0.01
50000,ge100,P2PKH,active,18,64,5627256000000,18,64,5627256000000,0.03
50000,ge100,P2PKH,all,74,321,40222500000000,18,64,5627256000000,0.03
50000,ge100,P2PKH,never_spent,56,257,34595244000000,0,0,0,0.00
50000,ge1000,All,active,10,49,5286548000000,10,49,5286548000000,0.02
50000,ge1000,All,all,45,263,42424319000000,19,58,8812045000000,0.02
50000,ge1000,All,never_spent,35,214,37137771000000,9,9,3525497000000,0.00
50000,ge1000,P2PK,all,9,9,3525497000000,9,9,3525497000000,0.00
50000,ge1000,P2PK,never_spent,9,9,3525497000000,9,9,3525497000000,0.00
50000,ge1000,P2PKH,active,10,49,5286548000000,10,49,5286548000000,0.02
50000,ge1000,P2PKH,all,36,254,38898822000000,10,49,5286548000000,0.02
50000,ge1000,P2PKH,never_spent,26,205,33612274000000,0,0,0,0.00
100000,all,All,active,909,4068,73346251416159,909,4068,73346251416159,1.60
100000,all,All,all,65353,71891,500000000000000,53345,56511,338121987693960,23.00
100000,all,All,inactive,20,22,646923000000,20,22,646923000000,0.01
100000,all,All,never_spent,64424,67801,426006825583841,52416,52421,264128813277801,21.39
100000,all,P2PK,active,9,9,20803000000,9,9,20803000000,0.00
100000,all,P2PK,all,52442,52446,264199446277801,52441,52445,264199446277801,21.40
100000,all,P2PK,inactive,16,16,49922000000,17,16,49922000000,0.01
100000,all,P2PK,never_spent,52417,52421,264128721277801,52415,52420,264128721277801,21.39
100000,all,P2PKH,active,900,4059,73325448416159,900,4059,73325448416159,1.60
100000,all,P2PKH,all,12910,19442,235800550722199,906,4066,73922541416159,1.60
100000,all,P2PKH,inactive,4,6,597001000000,5,6,597001000000,0.00
100000,all,P2PKH,never_spent,12006,15377,161878101306040,1,1,92000000,0.00
100000,ge1,All,active,568,3560,73339490119940,568,3560,73339490119940,1.39
100000,ge1,All,all,57103,62933,499888127756560,52910,55908,338114212397653,22.75
100000,ge1,All,inactive,19,21,646922000000,19,21,646922000000,0.01
100000,ge1,All,never_spent,56516,59352,425901715636620,52323,52327,264127800277713,21.35
100000,ge1,P2PK,active,8,8,20802000000,8,8,20802000000,0.00
100000,ge1,P2PK,all,52349,52352,264198524277713,52348,52351,264198524277713,21.36
100000,ge1,P2PK,inactive,16,16,49922000000,17,16,49922000000,0.01
100000,ge1,P2PK,never_spent,52325,52328,264127800277713,52323,52327,264127800277713,21.35
100000,ge1,P2PKH,active,560,3552,73318688119940,560,3552,73318688119940,1.39
100000,ge1,P2PKH,all,4754,10581,235689603478847,564,3557,73915688119940,1.39
100000,ge1,P2PKH,inactive,3,5,597000000000,4,5,597000000000,0.00
100000,ge1,P2PKH,never_spent,4191,7024,161773915358907,0,0,0,0.00
100000,ge10,All,active,403,3029,73294371908637,403,3029,73294371908637,1.18
100000,ge10,All,all,54846,59042,498938659344051,52693,55325,338050124186350,22.52
100000,ge10,All,inactive,17,19,646678000000,17,19,646678000000,0.01
100000,ge10,All,never_spent,54426,55994,424997609435414,52273,52277,264109074277713,21.33
100000,ge10,P2PK,active,5,5,19528000000,5,5,19528000000,0.00
100000,ge10,P2PK,all,52294,52297,264178280277713,52293,52296,264178280277713,21.34
100000,ge10,P2PK,inactive,14,14,49678000000,15,14,49678000000,0.01
100000,ge10,P2PK,never_spent,52275,52278,264109074277713,52273,52277,264109074277713,21.33
100000,ge10,P2PKH,active,398,3024,73274843908637,398,3024,73274843908637,1.18
100000,ge10,P2PKH,all,2552,6745,234760379066338,402,3029,73871843908637,1.18
100000,ge10,P2PKH,inactive,3,5,597000000000,4,5,597000000000,0.00
100000,ge10,P2PKH,never_spent,2151,3716,160888535157701,0,0,0,0.00
100000,ge100,All,active,243,2291,72742507905959,243,2291,72742507905959,0.89
100000,ge100,All,all,1351,4467,233024760905959,390,2443,76870211905959,0.95
100000,ge100,All,inactive,1,3,590000000000,1,3,590000000000,0.00
100000,ge100,All,never_spent,1107,2173,159692253000000,146,149,3537704000000,0.06
100000,ge100,P2PK,all,146,149,3537704000000,146,149,3537704000000,0.06
100000,ge100,P2PK,never_spent,146,149,3537704000000,146,149,3537704000000,0.06
100000,ge100,P2PKH,active,243,2291,72742507905959,243,2291,72742507905959,0.89
100000,ge100,P2PKH,all,1205,4318,229487056905959,244,2294,73332507905959,0.89
100000,ge100,P2PKH,inactive,1,3,590000000000,1,3,590000000000,0.00
100000,ge100,P2PKH,never_spent,961,2024,156154549000000,0,0,0,0.00
100000,ge1000,All,active,100,1400,68447054905919,100,1400,68447054905919,0.54
100000,ge1000,All,all,351,2089,206111432905919,104,1406,69710271905919,0.54
100000,ge1000,All,inactive,1,3,590000000000,1,3,590000000000,0.00
100000,ge1000,All,never_spent,250,686,137074378000000,3,3,673217000000,0.00
100000,ge1000,P2PK,all,3,3,673217000000,3,3,673217000000,0.00
100000,ge1000,P2PK,never_spent,3,3,673217000000,3,3,673217000000,0.00
100000,ge1000,P2PKH,active,100,1400,68447054905919,100,1400,68447054905919,0.54
100000,ge1000,P2PKH,all,348,2086,205438215905919,101,1403,69037054905919,0.54
100000,ge1000,P2PKH,inactive,1,3,590000000000,1,3,590000000000,0.00
100000,ge1000,P2PKH,never_spent,247,683,136401161000000,0,0,0,0.00
150000,all,All,active,26080,303686,88481273877473,26078,303678,88480971671559,117.48
150000,all,All,all,540951,1126699,749999998999999,69853,347997,314569411568313,135.55
150000,all,All,inactive,210,709,7807223331149,210,709,7807223331149,0.28
150000,all,All,never_spent,514661,822304,653711501791377,43565,43610,218281216565605,17.79
150000,all,P2PK,active,16,19,83636950000,16,19,83636950000,0.01
150000,all,P2PK,all,43587,43616,218399785031375,43586,43615,218399785031375,17.79
150000,all,P2PK,inactive,14,14,38954000000,15,14,38954000000,0.01
150000,all,P2PK,never_spent,43557,43583,218277194081375,43555,43582,218277194081375,17.78
150000,all,P2PKH,active,26063,303659,88397334721559,26063,303659,88397334721559,117.47
150000,all,P2PKH,all,497363,1083075,531599911762710,26274,304382,96169626536938,117.76
150000,all,P2PKH,inactive,196,695,7768269331149,197,695,7768269331149,0.28
150000,all,P2PKH,never_spent,471104,778721,435434307710002,14,28,4022484230,0.01
150000,ge1,All,active,15081,202858,88246683596444,15079,202850,88246381390530,78.37
150000,ge1,All,all,108350,525008,748489392728518,58627,246878,314331692921740,96.32
150000,ge1,All,inactive,105,558,7805768131149,105,558,7805768131149,0.22
150000,ge1,All,never_spent,93164,321592,652436941000925,43443,43470,218279543400061,17.74
150000,ge1,P2PK,active,16,19,83636950000,16,19,83636950000,0.01
150000,ge1,P2PK,all,43474,43502,218398233350061,43473,43501,218398233350061,17.75
150000,ge1,P2PK,inactive,13,13,38953000000,14,13,38953000000,0.01
150000,ge1,P2PK,never_spent,43445,43470,218275643400061,43443,43469,218275643400061,17.74
150000,ge1,P2PKH,active,15064,202831,88162744440530,15064,202831,88162744440530,78.36
150000,ge1,P2PKH,all,64875,481498,530090857172543,15161,203377,95933459571679,78.58
150000,ge1,P2PKH,inactive,92,545,7766815131149,93,545,7766815131149,0.21
150000,ge1,P2PKH,never_spent,49719,278122,434161297600864,4,1,3900000000,0.00
150000,ge10,All,active,6488,136466,84995426163525,6487,136466,84995426163525,52.56
150000,ge10,All,all,68347,316441,734974341800891,49959,180250,311055111715568,70.42
150000,ge10,All,inactive,68,364,7793703026060,68,364,7793703026060,0.14
150000,ge10,All,never_spent,61791,179611,642185212611306,43404,43420,218265982525983,17.72
150000,ge10,P2PK,active,15,18,83373950000,15,18,83373950000,0.01
150000,ge10,P2PK,all,43432,43449,218383509475983,43431,43448,218383509475983,17.73
150000,ge10,P2PK,inactive,11,11,38053000000,12,11,38053000000,0.01
150000,ge10,P2PK,never_spent,43406,43420,218262082525983,43404,43419,218262082525983,17.72
150000,ge10,P2PKH,active,6473,136448,84912052213525,6473,136448,84912052213525,52.55
150000,ge10,P2PKH,all,24915,272992,516590832324908,6535,136802,92671602239585,52.69
150000,ge10,P2PKH,inactive,57,353,7755650026060,58,353,7755650026060,0.14
150000,ge10,P2PKH,never_spent,18385,136191,423923130085323,4,1,3900000000,0.00
150000,ge100,All,active,1021,32907,68643462879442,1020,32907,68643462879442,12.65
150000,ge100,All,all,5014,53111,458343523472183,1114,33208,77908006865433,12.77
150000,ge100,All,inactive,30,223,7661374026060,30,223,7661374026060,0.09
150000,ge100,All,never_spent,3963,19981,382038686566681,64,78,1603169959931,0.03
150000,ge100,P2PK,active,1,4,19186950000,1,4,19186950000,0.00
150000,ge100,P2PK,all,65,82,1622356909931,65,82,1622356909931,0.03
150000,ge100,P2PK,never_spent,64,78,1603169959931,64,78,1603169959931,0.03
150000,ge100,P2PKH,active,1020,32903,68624275929442,1020,32903,68624275929442,12.65
150000,ge100,P2PKH,all,4949,53029,456721166562252,1050,33126,76285649955502,12.74
150000,ge100,P2PKH,inactive,30,223,7661374026060,30,223,7661374026060,0.09
150000,ge100,P2PKH,never_spent,3899,19903,380435516606750,0,0,0,0.00
150000,ge1000,All,active,116,1676,46641723465058,116,1676,46641723465058,0.65
150000,ge1000,All,all,648,4538,358435127112760,126,1733,54010070465058,0.67
150000,ge1000,All,inactive,9,56,7045030000000,9,56,7045030000000,0.02
150000,ge1000,All,never_spent,523,2806,304748373647702,1,1,323317000000,0.00
150000,ge1000,P2PK,all,1,1,323317000000,1,1,323317000000,0.00
150000,ge1000,P2PK,never_spent,1,1,323317000000,1,1,323317000000,0.00
150000,ge1000,P2PKH,active,116,1676,46641723465058,116,1676,46641723465058,0.65
150000,ge1000,P2PKH,all,647,4537,358111810112760,125,1732,53686753465058,0.67
150000,ge1000,P2PKH,inactive,9,56,7045030000000,9,56,7045030000000,0.02
150000,ge1000,P2PKH,never_spent,522,2805,304425056647702,0,0,0,0.00
200000,all,All,active,164293,666877,199433931029271,164293,665830,199172631188800,262.41
200000,all,All,all,879762,2317527,999998998361183,218150,898179,444033119737061,352.97
200000,all,All,inactive,12297,189876,36507674793248,12297,189876,36507674793248,73.28
200000,all,All,never_spent,703172,1460774,764057392538664,41560,42473,208352813755013,17.29
200000,all,P2PK,active,7,16,85052869524,11,16,85052869524,0.01
200000,all,P2PK,all,41550,42388,208480437714854,41552,42387,208480437714854,17.26
200000,all,P2PK,inactive,17,17,48141000000,18,17,48141000000,0.01
200000,all,P2PK,never_spent,41526,42355,208347243845330,41523,42354,208347243845330,17.24
200000,all,P2PKH,active,164278,665799,199085796734784,164280,665799,199085796734784,262.39
200000,all,P2PKH,all,838189,2274053,791133106096163,176613,855774,235550888937715,335.71
200000,all,P2PKH,inactive,12280,189859,36459533793248,12281,189859,36459533793248,73.27
200000,all,P2PKH,never_spent,661631,1418395,555587775568131,52,116,5558409683,0.05
200000,all,P2SH,active,7,15,1781584492,7,15,1781584492,0.01
200000,all,P2SH,all,20,36,124143209695,7,15,1781584492,0.01
200000,all,P2SH,never_spent,13,21,122361625203,0,0,0,0.00
200000,ge1,All,active,22047,340277,199078941426142,22047,339230,198817641585671,130.93
200000,ge1,All,all,153770,951829,997576245856388,69069,481690,443552497629570,186.79
200000,ge1,All,inactive,5571,100112,36383110369880,5571,100112,36383110369880,38.90
200000,ge1,All,never_spent,126152,511440,762114194060366,41451,42348,208351745674019,16.96
200000,ge1,P2PK,active,5,13,85050007201,9,13,85050007201,0.03
200000,ge1,P2PK,all,41472,42297,208479534585525,41474,42296,208479534585525,17.31
200000,ge1,P2PK,inactive,16,16,48140000000,17,16,48140000000,0.32
200000,ge1,P2PK,never_spent,41451,42268,208346344578324,41448,42267,208346344578324,16.96
200000,ge1,P2PKH,active,22038,339208,198730813947290,22040,339208,198730813947290,130.93
200000,ge1,P2PKH,all,112287,908466,788711279762010,27616,439385,235071185412865,169.87
200000,ge1,P2PKH,inactive,5555,100096,36334970369880,5556,100096,36334970369880,38.89
200000,ge1,P2PKH,never_spent,84694,469162,553645495444840,20,81,5401095695,0.05
200000,ge1,P2SH,active,3,9,1777631180,3,9,1777631180,0.00
200000,ge1,P2SH,all,10,19,124131668382,3,9,1777631180,0.00
200000,ge1,P2SH,never_spent,7,10,122354037202,0,0,0,0.00
200000,ge10,All,active,11485,235658,195064242264215,11487,234611,194802942423744,90.40
200000,ge10,All,all,89073,598523,976785952550429,55056,345165,438381571680371,133.88
200000,ge10,All,inactive,2151,68316,35238405288635,2152,68316,35238405288635,26.58
200000,ge10,All,never_spent,75437,294549,746483304997579,41417,42238,208340223967992,16.91
200000,ge10,P2PK,active,5,13,85050007201,9,13,85050007201,0.03
200000,ge10,P2PK,all,41441,42265,208468613975193,41440,42264,208468613975193,17.26
200000,ge10,P2PK,inactive,14,14,47240000000,15,14,47240000000,0.32
200000,ge10,P2PK,never_spent,41422,42238,208336323967992,41416,42237,208336323967992,16.91
200000,ge10,P2PKH,active,11478,234597,194716892416543,11482,234597,194716892416543,90.40
200000,ge10,P2PKH,all,47628,555206,767934295334765,13636,302900,229911957705178,116.98
200000,ge10,P2PKH,inactive,2137,68302,35191165288635,2139,68302,35191165288635,26.57
200000,ge10,P2PKH,never_spent,34013,252307,538026237629587,15,1,3900000000,0.01
200000,ge10,P2SH,active,1,1,1000000000,1,1,1000000000,0.00
200000,ge10,P2SH,all,3,5,121743400000,1,1,1000000000,0.00
200000,ge10,P2SH,never_spent,2,4,120743400000,0,0,0,0.00
200000,ge100,All,active,2295,96168,164597574776802,2293,95121,164336274936331,36.53
200000,ge100,All,all,10278,179615,652861175818476,2755,118005,195712851304465,45.33
200000,ge100,All,inactive,404,22027,29831175037368,405,22027,29831175037368,8.77
200000,ge100,All,never_spent,7579,61420,458432426004306,57,857,1545401330766,0.03
200000,ge100,P2PK,active,1,9,65045857199,1,9,65045857199,0.01
200000,ge100,P2PK,all,59,866,1610447187965,59,866,1610447187965,0.35
200000,ge100,P2PK,never_spent,58,857,1545401330766,57,857,1545401330766,0.03
200000,ge100,P2PKH,active,2293,95112,164271229079132,2293,95112,164271229079132,36.53
200000,ge100,P2PKH,all,10216,177698,650868685390040,2698,117139,194102404116500,45.30
200000,ge100,P2PKH,inactive,404,22027,29831175037368,405,22027,29831175037368,8.77
200000,ge100,P2PKH,never_spent,7519,60559,456766281273540,0,0,0,0.00
200000,ge100,P2SH,all,2,4,120743400000,0,0,0,0.00
200000,ge100,P2SH,never_spent,2,4,120743400000,0,0,0,0.00
200000,ge1000,All,active,275,15571,112324483543690,274,14524,112063183703219,5.58
200000,ge1000,All,all,1115,20133,425125744947706,327,15517,133485544540851,5.96
200000,ge1000,All,inactive,52,992,21099043837632,52,992,21099043837632,0.38
200000,ge1000,All,never_spent,788,3570,291702217566384,1,1,323317000000,0.00
200000,ge1000,P2PK,all,1,1,323317000000,1,1,323317000000,0.00
200000,ge1000,P2PK,never_spent,1,1,323317000000,1,1,323317000000,0.00
200000,ge1000,P2PKH,active,274,14524,112063183703219,274,14524,112063183703219,5.58
200000,ge1000,P2PKH,all,1112,19082,424431128107235,326,15516,133162227540851,5.96
200000,ge1000,P2PKH,inactive,52,992,21099043837632,52,992,21099043837632,0.38
200000,ge1000,P2PKH,never_spent,786,3566,291268900566384,0,0,0,0.00
200000,ge1000,P2SH,all,1,3,110000000000,0,0,0,0.00
200000,ge1000,P2SH,never_spent,1,3,110000000000,0,0,0,0.00
250000,all,All,active,480655,2249553,269813539211882,480654,2232018,269551868145105,876.48
250000,all,All,all,1824594,6801911,1149996480131183,596112,2570758,500860796144474,1010.65
250000,all,All,inactive,77130,300276,40267915357481,77130,300276,40267915357481,118.48
250000,all,All,never_spent,1266809,4252082,839915025561820,38328,38464,191041012641888,15.69
250000,all,P2PK,active,2,616,24879447564,2,616,24879447564,0.22
250000,all,P2PK,all,38273,38899,191090960753725,38273,38898,191090960753725,15.84
250000,all,P2PK,inactive,12,12,33169000000,12,12,33169000000,0.00
250000,all,P2PK,never_spent,38259,38271,191032912306161,38259,38270,191032912306161,15.61
250000,all,P2PKH,active,480637,2231379,269523404173937,480638,2231379,269523404173937,876.25
250000,all,P2PKH,all,1775201,6731248,958632234098462,557843,2531830,309766178897145,994.79
250000,all,P2PKH,inactive,77118,300264,40234746357481,77119,300264,40234746357481,118.47
250000,all,P2PKH,never_spent,1217446,4199605,648874083567044,86,187,8028365727,0.08
250000,all,P2SH,active,13,21,3533423604,14,21,3533423604,0.01
250000,all,P2SH,all,11111,14220,11491142219,14,21,3533423604,0.01
250000,all,P2SH,never_spent,11098,14199,7957718615,0,0,0,0.00
250000,ge1,All,active,38915,580630,267986371621438,38914,563095,267724700554661,217.42
250000,ge1,All,all,211585,1260842,1143813679053073,83108,694955,498833819478779,269.15
250000,ge1,All,inactive,5999,93541,40069142484411,5999,93541,40069142484411,36.10
250000,ge1,All,never_spent,166671,586671,835758164947224,38195,38319,191039976439707,15.64
250000,ge1,P2PK,active,2,616,24879447564,2,616,24879447564,0.24
250000,ge1,P2PK,all,38204,38828,191090267254314,38204,38827,191090267254314,15.88
250000,ge1,P2PK,inactive,11,11,33168000000,11,11,33168000000,0.01
250000,ge1,P2PK,never_spent,38191,38201,191032219806750,38191,38200,191032219806750,15.64
250000,ge1,P2PKH,active,38911,562474,267696471607097,38912,562474,267696471607097,217.41
250000,ge1,P2PKH,all,173371,1204460,952450647422716,44928,656123,307740202724465,253.57
250000,ge1,P2PKH,inactive,5988,93530,40035974484411,5989,93530,40035974484411,36.09
250000,ge1,P2PKH,never_spent,128472,548456,644718201331208,27,119,7756632957,0.07
250000,ge1,P2SH,active,1,5,3349500000,2,5,3349500000,0.00
250000,ge1,P2SH,all,9,19,11093309266,2,5,3349500000,0.00
250000,ge1,P2SH,never_spent,8,14,7743809266,0,0,0,0.00
250000,ge10,All,active,12617,310339,259932415133507,12617,292804,259670744066730,112.71
250000,ge10,All,all,91686,602587,1109532622605773,52682,386418,489470955224198,149.62
250000,ge10,All,inactive,1894,55321,38768962438093,1894,55321,38768962438093,21.27
250000,ge10,All,never_spent,77175,236927,810831245034173,38171,38293,191031248719375,15.63
250000,ge10,P2PK,active,1,503,23967824950,1,503,23967824950,0.20
250000,ge10,P2PK,all,38178,38689,191080281021368,38178,38688,191080281021368,15.83
250000,ge10,P2PK,inactive,9,9,32268000000,9,9,32268000000,0.00
250000,ge10,P2PK,never_spent,38168,38177,191024045196418,38168,38176,191024045196418,15.63
250000,ge10,P2PKH,active,12614,292296,259643426741780,12615,292296,259643426741780,112.71
250000,ge10,P2PKH,all,53504,546353,918180594417628,14527,347725,298387324702830,134.05
250000,ge10,P2PKH,inactive,1885,55312,38736694438093,1886,55312,38736694438093,21.27
250000,ge10,P2PKH,never_spent,39005,198745,619800473237755,26,117,7203522957,0.07
250000,ge10,P2SH,active,1,5,3349500000,2,5,3349500000,0.00
250000,ge10,P2SH,all,3,10,10076100000,2,5,3349500000,0.00
250000,ge10,P2SH,never_spent,2,5,6726600000,0,0,0,0.00
250000,ge100,All,active,2795,120626,228960297840899,2794,103091,228698626774122,39.61
250000,ge100,All,all,11358,187608,796208802595811,3208,122365,264230866944611,47.01
250000,ge100,All,inactive,378,19230,34337034270489,378,19230,34337034270489,7.38
250000,ge100,All,never_spent,8185,47752,532911470484423,36,44,1195205900000,0.02
250000,ge100,P2PK,active,1,503,23967824950,1,503,23967824950,0.20
250000,ge100,P2PK,all,37,547,1219173724950,37,547,1219173724950,0.21
250000,ge100,P2PK,never_spent,36,44,1195205900000,36,44,1195205900000,0.02
250000,ge100,P2PKH,active,2793,102588,228674658949172,2794,102588,228674658949172,39.61
250000,ge100,P2PKH,all,11320,169526,794727957804084,3173,121818,263011693219661,47.00
250000,ge100,P2PKH,inactive,378,19230,34337034270489,378,19230,34337034270489,7.38
250000,ge100,P2PKH,never_spent,8149,47708,531716264584423,1,0,0,0.00
250000,ge1000,All,active,362,34750,164285205790726,361,17215,164023534723949,6.61
250000,ge1000,All,all,1509,44217,548691082832849,408,19437,190025319970752,7.46
250000,ge1000,All,inactive,46,2221,25678468246803,46,2221,25678468246803,0.85
250000,ge1000,All,never_spent,1101,7246,358727408795320,1,1,323317000000,0.00
250000,ge1000,P2PK,all,1,1,323317000000,1,1,323317000000,0.00
250000,ge1000,P2PK,never_spent,1,1,323317000000,1,1,323317000000,0.00
250000,ge1000,P2PKH,active,361,17215,164023534723949,361,17215,164023534723949,6.61
250000,ge1000,P2PKH,all,1507,26681,548106094766072,407,19436,189702002970752,7.46
250000,ge1000,P2PKH,inactive,46,2221,25678468246803,46,2221,25678468246803,0.85
250000,ge1000,P2PKH,never_spent,1100,7245,358404091795320,0,0,0,0.00
300000,all,All,active,484412,3238589,248273159069455,484430,3207742,248011583624766,1250.38
300000,all,All,all,2909714,10851423,1274996479244827,923808,4303344,489025356453691,1688.95
300000,all,All,inactive,392720,1045674,56053123870231,392721,1045674,56053123870231,418.17
300000,all,All,never_spent,2032582,6567160,970670196305141,46657,49928,184960648958694,20.41
300000,all,P2PK,active,111,937,32148336494,139,937,32148336494,0.35
300000,all,P2PK,all,40599,41767,184864576994601,40650,41766,184864576994601,16.99
300000,all,P2PK,inactive,11,11,28165000000,11,11,28165000000,0.00
300000,all,P2PK,never_spent,40477,40819,184804263658107,40500,40818,184804263658107,16.64
300000,all,P2PKH,active,483863,3205779,247540154177199,483875,3205779,247540154177199,1249.59
300000,all,P2PKH,all,2850449,10755601,1088345342602875,877647,4255171,303717941106544,1669.22
300000,all,P2PKH,inactive,392703,1045653,56021528186627,392704,1045653,56021528186627,418.16
300000,all,P2PKH,never_spent,1973883,6504169,784783660239049,1068,3739,156258742718,1.48
300000,all,P2SH,active,401,987,439279507787,413,987,439279507787,0.43
300000,all,P2SH,all,13463,17798,1524856041507,420,997,442710191391,0.44
300000,all,P2SH,inactive,6,10,3430683604,7,10,3430683604,0.00
300000,all,P2SH,never_spent,13056,16801,1082145850116,0,0,0,0.00
300000,ge1,All,active,59926,1348926,245089765523940,59944,1318079,244828190079251,507.57
300000,ge1,All,all,309808,2549279,1263625468037336,107230,1510868,485270046144656,582.85
300000,ge1,All,inactive,10101,153931,55515317505022,10102,153931,55515317505022,59.41
300000,ge1,All,never_spent,239781,1046422,963020385008374,37184,38858,184926538560383,15.86
300000,ge1,P2PK,active,7,669,31389917929,35,669,31389917929,0.42
300000,ge1,P2PK,all,37123,37883,184838463322701,37174,37882,184838463322701,16.23
300000,ge1,P2PK,inactive,10,10,28164000000,10,10,28164000000,0.00
300000,ge1,P2PK,never_spent,37106,37204,184778909404772,37129,37203,184778909404772,15.80
300000,ge1,P2PKH,active,59829,1316930,244360689122823,59841,1316930,244360689122823,507.37
300000,ge1,P2PKH,all,272424,2479573,1077021719483701,70064,1472501,299992122283456,567.51
300000,ge1,P2PKH,inactive,10090,153916,55483804005022,10091,153916,55483804005022,59.41
300000,ge1,P2PKH,never_spent,202505,1008727,777177226355856,132,1655,147629155611,0.73
300000,ge1,P2SH,active,89,480,436111038499,101,480,436111038499,0.21
300000,ge1,P2SH,all,260,976,1503709786245,103,485,439460538499,0.21
300000,ge1,P2SH,inactive,1,5,3349500000,2,5,3349500000,0.00
300000,ge1,P2SH,never_spent,170,491,1064249247746,0,0,0,0.00
300000,ge10,All,active,15839,558024,230881603521692,15845,527177,230620028077003,202.65
300000,ge10,All,all,111423,964634,1207775308978671,55760,638265,468803779808890,246.27
300000,ge10,All,inactive,2973,73031,53323158573126,2974,73031,53323158573126,28.10
300000,ge10,All,never_spent,92611,333579,923570546883853,36941,38057,184860593158761,15.52
300000,ge10,P2PK,active,3,510,30513690015,6,510,30513690015,0.22
300000,ge10,P2PK,all,36939,37456,184791533566610,36945,37455,184791533566610,15.73
300000,ge10,P2PK,inactive,8,8,27264000000,8,8,27264000000,0.00
300000,ge10,P2PK,never_spent,36928,36938,184733755876595,36931,36937,184733755876595,15.51
300000,ge10,P2PKH,active,15797,526464,230172455710028,15799,526464,230172455710028,202.56
300000,ge10,P2PKH,all,74391,895935,1021269667478965,18813,600602,283591838065320,231.12
300000,ge10,P2PKH,inactive,2964,73018,53292545073126,2965,73018,53292545073126,28.10
300000,ge10,P2PKH,never_spent,55630,296453,737804666695811,49,1120,126837282166,0.46
300000,ge10,P2SH,active,38,203,417058676960,44,203,417058676960,0.09
300000,ge10,P2SH,all,92,396,1452532488407,46,208,420408176960,0.09
300000,ge10,P2SH,inactive,1,5,3349500000,2,5,3349500000,0.00
300000,ge10,P2SH,never_spent,53,188,1032124311447,0,0,0,0.00
300000,ge100,All,active,2742,182575,192844928593921,2743,151728,192583353149232,58.25
300000,ge100,All,all,14640,265944,859268500112291,3365,173290,240151206793613,66.53
300000,ge100,All,inactive,582,21509,46249062072936,582,21509,46249062072936,8.26
300000,ge100,All,never_spent,11316,61860,620174509445434,40,53,1318791571445,0.02
300000,ge100,P2PK,active,1,505,19040468174,1,505,19040468174,0.21
300000,ge100,P2PK,all,37,549,1240314149974,38,549,1240314149974,0.22
300000,ge100,P2PK,never_spent,36,44,1221273681800,37,44,1221273681800,0.02
300000,ge100,P2PKH,active,2732,151173,192254388432965,2733,151173,192254388432965,58.23
300000,ge100,P2PKH,all,14575,234469,856536834136913,3320,172691,238600968395546,66.50
300000,ge100,P2PKH,inactive,582,21509,46249062072936,582,21509,46249062072936,8.26
300000,ge100,P2PKH,never_spent,11261,61787,618033383631012,5,9,97517889645,0.01
300000,ge100,P2SH,active,8,50,309924248093,10,50,309924248093,0.02
300000,ge100,P2SH,all,27,79,1229776380715,10,50,309924248093,0.02
300000,ge100,P2SH,never_spent,19,29,919852132622,0,0,0,0.00
300000,ge1000,All,active,322,59869,129236742924720,321,29022,128975167480031,11.13
300000,ge1000,All,all,1526,79504,559784743755481,389,32106,161326473898669,12.31
300000,ge1000,All,inactive,67,3083,32027989418638,67,3083,32027989418638,1.18
300000,ge1000,All,never_spent,1137,16552,398520011412123,1,1,323317000000,0.00
300000,ge1000,P2PK,all,1,1,323317000000,1,1,323317000000,0.00
300000,ge1000,P2PK,never_spent,1,1,323317000000,1,1,323317000000,0.00
300000,ge1000,P2PKH,active,320,29017,128867919874347,320,29017,128867919874347,11.13
300000,ge1000,P2PKH,all,1519,48647,558492603705108,387,32100,160895909292985,12.31
300000,ge1000,P2PKH,inactive,67,3083,32027989418638,67,3083,32027989418638,1.18
300000,ge1000,P2PKH,never_spent,1132,16547,397596694412123,0,0,0,0.00
300000,ge1000,P2SH,active,1,5,107247605684,1,5,107247605684,0.00
300000,ge1000,P2SH,all,5,9,707247605684,1,5,107247605684,0.00
300000,ge1000,P2SH,never_spent,4,4,600000000000,0,0,0,0.00
350000,all,All,active,621255,5150902,215129085552648,621286,4974382,214866664235707,1936.20
350000,all,All,all,4508772,18093078,1399996477136098,1361983,7675029,495779682438330,3003.07
350000,all,All,inactive,603074,2559114,97410176349409,603083,2559114,97410176349409,1007.28
350000,all,All,never_spent,3284443,10383062,1087457215234041,137614,141533,183502841853214,59.60
350000,all,P2PK,active,32,589,27688762888,42,589,27688762888,0.22
350000,all,P2PK,all,40026,41510,183439358327282,40060,41509,183439358327282,16.87
350000,all,P2PK,inactive,82,695,29699624686,90,695,29699624686,0.26
350000,all,P2PK,never_spent,39912,40226,183381969939708,39928,40225,183381969939708,16.40
350000,all,P2PKH,active,610938,4890831,143700446806952,610940,4890831,143700446806952,1900.68
350000,all,P2PKH,all,4299677,17593019,1112597389824282,1214756,7452603,241184923098134,2909.01
350000,all,P2PKH,inactive,602843,2558106,97364732352529,602847,2558106,97364732352529,1006.88
350000,all,P2PKH,never_spent,3085896,10144082,871532210664801,969,3666,119743938653,1.45
350000,all,P2SH,active,10202,82825,71138204416952,10235,82825,71138204416952,35.25
350000,all,P2SH,all,72183,184244,103695854220457,10385,83132,71153947565778,35.38
350000,all,P2SH,inactive,143,307,15743148826,150,307,15743148826,0.14
350000,all,P2SH,never_spent,61838,101112,32541906654679,0,0,0,0.00
350000,ge1,All,active,49845,1733601,212219665056300,49876,1557081,211957243739359,599.27
350000,ge1,All,all,369813,3850825,1384213986802695,116725,2266367,491248655417637,873.28
350000,ge1,All,inactive,29996,670764,95816504663672,30005,670764,95816504663672,258.29
350000,ge1,All,never_spent,289972,1446460,1076177817082723,36844,38522,183474907014606,15.72
350000,ge1,P2PK,active,4,509,27613840483,14,509,27613840483,0.26
350000,ge1,P2PK,all,36810,37935,183418635074476,36844,37934,183418635074476,16.22
350000,ge1,P2PK,inactive,11,541,29319158108,19,541,29319158108,0.26
350000,ge1,P2PK,never_spent,36795,36885,183361702075885,36811,36884,183361702075885,15.70
350000,ge1,P2PKH,active,49115,1538479,140818612325635,49117,1538479,140818612325635,591.65
350000,ge1,P2PKH,all,328131,3608782,1097085222787827,79209,2210239,236704063130179,850.62
350000,ge1,P2PKH,inactive,29975,670122,95772245865823,29979,670122,95772245865823,258.25
350000,ge1,P2PKH,never_spent,249041,1400181,860494364596369,113,1638,113204938721,0.73
350000,ge1,P2SH,active,725,18093,71111017573241,758,18093,71111017573241,7.62
350000,ge1,P2SH,all,4871,27588,103447707623451,775,18194,71125957212982,7.66
350000,ge1,P2SH,inactive,10,101,14939639741,17,101,14939639741,0.04
350000,ge1,P2SH,never_spent,4136,9394,32321750410469,0,0,0,0.00
350000,ge10,All,active,13052,869158,200324736733157,13069,692638,200062315416216,266.42
350000,ge10,All,all,123083,1571147,1314472626809969,57582,987088,472358573172946,380.54
350000,ge10,All,inactive,7848,256622,88872214706065,7849,256622,88872214706065,98.67
350000,ge10,All,never_spent,102183,445367,1025275675370747,36664,37828,183424043050665,15.45
350000,ge10,P2PK,active,3,504,27511667601,3,504,27511667601,0.23
350000,ge10,P2PK,all,36666,37705,183380068870844,36670,37704,183380068870844,15.92
350000,ge10,P2PK,inactive,9,539,28419158108,11,539,28419158108,0.25
350000,ge10,P2PK,never_spent,36654,36662,183324138045135,36656,36661,183324138045135,15.44
350000,ge10,P2PKH,active,12666,677999,129042357658467,12668,677999,129042357658467,260.47
350000,ge10,P2PKH,all,84919,1339897,1028305114624779,20569,935242,217974308971954,359.65
350000,ge10,P2PKH,inactive,7836,256076,88832046307957,7838,256076,88832046307957,98.67
350000,ge10,P2PKH,never_spent,64417,405822,810430710658355,63,1167,99905005530,0.51
350000,ge10,P2SH,active,382,14135,70992446090148,400,14135,70992446090148,5.95
350000,ge10,P2SH,all,1497,17025,102525021997405,404,14142,71004195330148,5.95
350000,ge10,P2SH,inactive,3,7,11749240000,4,7,11749240000,0.00
350000,ge10,P2SH,never_spent,1112,2883,31520826667257,0,0,0,0.00
350000,ge100,All,active,2061,478860,169165045156612,2064,302340,168902623839671,116.22
350000,ge100,All,all,16106,607326,941792798148198,3390,357912,240016439920520,137.57
350000,ge100,All,inactive,1290,55529,69872943945871,1290,55529,69872943945871,21.33
350000,ge100,All,never_spent,12755,72937,702754809045715,36,43,1240872134978,0.02
350000,ge100,P2PK,active,1,502,17507667601,1,502,17507667601,0.23
350000,ge100,P2PK,all,34,541,1177708567601,35,541,1177708567601,0.25
350000,ge100,P2PK,never_spent,33,39,1160200900000,34,39,1160200900000,0.02
350000,ge100,P2PKH,active,1939,293684,98692603043239,1940,293684,98692603043239,112.79
350000,ge100,P2PKH,all,15691,421373,841186125756413,3243,349217,168646218224088,134.13
350000,ge100,P2PKH,inactive,1290,55529,69872943945871,1290,55529,69872943945871,21.33
350000,ge100,P2PKH,never_spent,12462,72160,672620578767303,13,4,80671234978,0.01
350000,ge100,P2SH,active,120,8154,70192513128831,124,8154,70192513128831,3.43
350000,ge100,P2SH,all,380,8892,99166542507243,124,8154,70192513128831,3.43
350000,ge100,P2SH,never_spent,260,738,28974029378412,0,0,0,0.00
350000,ge1000,All,active,233,197112,122106930350766,232,20592,121844509033825,8.16
350000,ge1000,All,all,1685,218960,608842535094954,360,24991,162031479969062,9.85
350000,ge1000,All,inactive,127,4398,39863653935237,127,4398,39863653935237,1.69
350000,ge1000,All,never_spent,1325,17450,446871950808951,1,1,323317000000,0.00
350000,ge1000,P2PK,all,1,1,323317000000,1,1,323317000000,0.00
350000,ge1000,P2PK,never_spent,1,1,323317000000,1,1,323317000000,0.00
350000,ge1000,P2PKH,active,186,13463,54321189835385,186,13463,54321189835385,5.16
350000,ge1000,P2PKH,all,1603,34928,517882593221631,314,17861,94184843770622,6.86
350000,ge1000,P2PKH,inactive,127,4398,39863653935237,127,4398,39863653935237,1.69
350000,ge1000,P2PKH,never_spent,1290,17067,423697749451009,1,0,0,0.00
350000,ge1000,P2SH,active,46,7129,67523319198440,46,7129,67523319198440,3.00
350000,ge1000,P2SH,all,80,7511,90374203556382,46,7129,67523319198440,3.00
350000,ge1000,P2SH,never_spent,34,382,22850884357942,0,0,0,0.00
400000,all,All,active,981098,14035157,251252746628108,981199,13858271,250990321046656,5404.15
400000,all,All,all,7550377,34818365,1524996113307233,2219684,18784574,551524994514016,7346.24
400000,all,All,inactive,897936,4564533,117760683661224,897969,4564533,117760683661224,1789.01
400000,all,All,never_spent,5671343,16218675,1155982683017901,340516,361770,182773989806136,153.08
400000,all,P2PK,active,7,20,29228915,11,20,29228915,0.01
400000,all,P2PK,all,39905,41526,182714742923297,39934,41525,182714742923297,16.87
400000,all,P2PK,inactive,100,1406,57774967121,112,1406,57774967121,0.52
400000,all,P2PK,never_spent,39798,40100,182656938727261,39811,40099,182656938727261,16.35
400000,all,P2PKH,active,869366,12444236,150981273196458,869367,12444236,150981273196458,4805.26
400000,all,P2PKH,all,6703243,32157201,1189729324439464,1769261,17001576,267078188897112,6591.22
400000,all,P2PKH,inactive,895298,4551884,115982584490906,895303,4551884,115982584490906,1783.66
400000,all,P2PKH,never_spent,4938579,15161081,922765466752100,4591,5456,114331209748,2.30
400000,all,P2SH,active,111456,1413067,100008749580791,111556,1413067,100008749580791,598.51
400000,all,P2SH,all,508867,2125472,152286448420597,114059,1424193,101728890751184,603.29
400000,all,P2SH,inactive,2470,11126,1720141170393,2503,11126,1720141170393,4.79
400000,all,P2SH,never_spent,394941,701279,50557557669413,0,0,0,0.00
400000,ge1,All,active,61734,2043224,246164491115150,61835,1866338,245902065533698,724.57
400000,ge1,All,all,512217,4853413,1495338649924444,137508,3066359,543975061994140,1187.49
400000,ge1,All,inactive,38967,1161619,115325568855902,39000,1161619,115325568855902,446.52
400000,ge1,All,never_spent,411516,1648570,1133848589953392,36673,38402,182747427604540,16.39
400000,ge1,P2PK,all,36641,37933,182695583874633,36670,37932,182695583874633,16.96
400000,ge1,P2PK,inactive,14,1217,57391046083,26,1217,57391046083,0.34
400000,ge1,P2PK,never_spent,36627,36716,182638192828550,36640,36715,182638192828550,16.37
400000,ge1,P2PKH,active,55647,1681064,146251955932046,55648,1681064,146251955932046,646.55
400000,ge1,P2PKH,all,456164,4426825,1161156363861703,96423,2841070,259913982124511,1094.46
400000,ge1,P2PKH,inactive,38829,1158323,113553187126116,38834,1158323,113553187126116,445.69
400000,ge1,P2PKH,never_spent,361688,1587438,901351220803541,1941,1683,108839066349,2.21
400000,ge1,P2SH,active,6085,185268,99649907297062,6185,185268,99649907297062,78.02
400000,ge1,P2SH,all,19407,211759,151223678592425,6342,187347,101364897980765,78.84
400000,ge1,P2SH,inactive,124,2079,1714990683703,157,2079,1714990683703,0.82
400000,ge1,P2SH,never_spent,13198,24412,49858780611660,0,0,0,0.00
400000,ge10,All,active,13706,1183251,231297665015147,13723,1006365,231035239433695,390.34
400000,ge10,All,all,138316,2095984,1392308216756763,59832,1427855,519919978021259,553.76
400000,ge10,All,inactive,9584,383748,106179712253594,9594,383748,106179712253594,147.28
400000,ge10,All,never_spent,115026,528985,1054830839488022,36515,37742,182705026333970,16.13
400000,ge10,P2PK,all,36517,37728,182662652284698,36522,37727,182662652284698,16.69
400000,ge10,P2PK,inactive,12,1215,56491046083,13,1215,56491046083,0.32
400000,ge10,P2PK,never_spent,36505,36513,182606161238615,36507,36512,182606161238615,16.13
400000,ge10,P2PKH,active,12229,896788,132821315727321,12230,896788,132821315727321,344.25
400000,ge10,P2PKH,all,97093,1764597,1062948349768379,23650,1279560,237352683590680,493.13
400000,ge10,P2PKH,inactive,9513,381542,104432502768004,9517,381542,104432502768004,146.86
400000,ge10,P2PKH,never_spent,75351,486267,825694531273054,1903,1230,98865095355,2.01
400000,ge10,P2SH,active,1476,109577,98213923706374,1493,109577,98213923706374,46.09
400000,ge10,P2SH,all,4705,116773,146434789122234,1563,110568,99904642145881,46.50
400000,ge10,P2SH,inactive,59,991,1690718439507,70,991,1690718439507,0.41
400000,ge10,P2SH,never_spent,3170,6205,46530146976353,0,0,0,0.00
400000,ge100,All,active,2035,814757,198984345326256,2037,637871,198721919744804,247.86
400000,ge100,All,all,17036,1041987,984378468065349,3530,707575,283118500146523,274.46
400000,ge100,All,inactive,1459,69661,83166218216741,1458,69661,83166218216741,26.57
400000,ge100,All,never_spent,13542,157569,702227904522352,35,43,1230362184978,0.03
400000,ge100,P2PK,all,33,543,1167295632429,34,543,1167295632429,0.26
400000,ge100,P2PK,inactive,1,505,17604732429,0,505,17604732429,0.00
400000,ge100,P2PK,never_spent,32,38,1149690900000,33,38,1149690900000,0.03
400000,ge100,P2PKH,active,1734,550504,103812744897182,1735,550504,103812744897182,211.15
400000,ge100,P2PKH,all,16190,775380,847595580090623,3188,619158,185469532194796,237.53
400000,ge100,P2PKH,inactive,1439,68649,81576116012636,1439,68649,81576116012636,26.36
400000,ge100,P2PKH,never_spent,13017,156227,662206719180805,14,5,80671284978,0.02
400000,ge100,P2SH,active,300,87367,94909174847622,302,87367,94909174847622,36.71
400000,ge100,P2SH,all,812,89178,135353166760845,321,87874,96481672319298,36.92
400000,ge100,P2SH,inactive,19,507,1572497471676,19,507,1572497471676,0.21
400000,ge100,P2SH,never_spent,493,1304,38871494441547,0,0,0,0.00
400000,ge1000,All,active,226,279306,149515650684455,225,102420,149253225103003,41.67
400000,ge1000,All,all,1792,369110,636783483834173,371,108176,198694829979008,43.90
400000,ge1000,All,inactive,145,5755,49118287876005,145,5755,49118287876005,2.23
400000,ge1000,All,never_spent,1421,84049,438149545273713,1,1,323317000000,0.00
400000,ge1000,P2PK,all,1,1,323317000000,1,1,323317000000,0.00
400000,ge1000,P2PK,never_spent,1,1,323317000000,1,1,323317000000,0.00
400000,ge1000,P2PKH,active,174,36553,60999539132041,174,36553,60999539132041,14.01
400000,ge1000,P2PKH,all,1667,125417,519568953666196,318,41913,109119134098046,16.07
400000,ge1000,P2PKH,inactive,143,5360,48119594966005,143,5360,48119594966005,2.06
400000,ge1000,P2PKH,never_spent,1350,83504,410449819568150,1,0,0,0.00
400000,ge1000,P2SH,active,51,65867,88253685970962,51,65867,88253685970962,27.67
400000,ge1000,P2SH,all,123,66806,116628787586525,53,66262,89252378880962,27.83
400000,ge1000,P2SH,inactive,2,395,998692910000,2,395,998692910000,0.17
400000,ge1000,P2SH,never_spent,70,544,27376408705563,0,0,0,0.00
450000,all,All,active,1755728,15644672,264623056729191,1755959,15467670,264360631232238,6201.03
450000,all,All,all,13820445,44995876,1612494859895161,3411223,22227969,557140919513144,8873.67
450000,all,All,inactive,1289351,6361067,111405203652579,1289443,6361067,111405203652579,2504.16
450000,all,All,never_spent,10775366,22990137,1236466599513391,365821,399232,181375084628327,168.48
450000,all,P2PK,active,101,4988,56251708,103,4988,56251708,1.82
450000,all,P2PK,all,39699,50718,181314551284189,39721,50717,181314551284189,20.20
450000,all,P2PK,inactive,92,1435,57832682605,101,1435,57832682605,0.53
450000,all,P2PK,never_spent,39506,44295,181256662349876,39517,44294,181256662349876,17.86
450000,all,P2PKH,active,1222272,10111222,162847685080027,1222273,10111222,162847685080027,3927.60
450000,all,P2PKH,all,11798654,36759248,1254184846013723,2467838,16208607,272575937592888,6318.95
450000,all,P2PKH,inactive,1241013,6091860,109612813742879,1241019,6091860,109612813742879,2389.03
450000,all,P2PKH,never_spent,9335369,20556166,981724347190817,4546,5525,115438769982,2.32
450000,all,P2SH,active,533294,5351127,101512881142398,533525,5351127,101512881142398,2271.48
450000,all,P2SH,all,1658083,7658358,176729597885116,581576,5618095,103246991420887,2385.77
450000,all,P2SH,inactive,47961,266968,1734110278489,48051,266968,1734110278489,114.29
450000,all,P2SH,never_spent,1076828,2040263,73482606464229,0,0,0,0.00
450000,ge1,All,active,55660,2558995,258823853685848,55891,2381993,258561428188895,939.27
450000,ge1,All,all,557467,5643090,1571629959184874,131532,3559669,548164114236335,1393.58
450000,ge1,All,inactive,39181,1135107,108252762369725,39273,1135107,108252762369725,436.41
450000,ge1,All,never_spent,462626,1948988,1204553343129301,36368,42569,181349923677715,17.90
450000,ge1,P2PK,all,36342,42119,181296327447822,36364,42118,181296327447822,18.48
450000,ge1,P2PK,inactive,14,1261,57472355915,23,1261,57472355915,0.36
450000,ge1,P2PK,never_spent,36328,40858,181238855091907,36339,40857,181238855091907,17.88
450000,ge1,P2PKH,active,46609,1715041,158443504464581,46610,1715041,158443504464581,659.16
450000,ge1,P2PKH,all,493618,4673583,1216763671752447,87414,2846044,265060312916221,1095.99
450000,ge1,P2PKH,inactive,38867,1129295,106506135575473,38873,1129295,106506135575473,434.61
450000,ge1,P2PKH,never_spent,408142,1829247,951814031712393,1931,1708,110672876167,2.23
450000,ge1,P2SH,active,9050,666952,100117923724314,9281,666952,100117923724314,280.11
450000,ge1,P2SH,all,27502,750376,173306936473421,9670,671497,101806875858061,281.91
450000,ge1,P2SH,inactive,299,4545,1688952133747,389,4545,1688952133747,1.80
450000,ge1,P2SH,never_spent,18153,78879,71500060615360,0,0,0,0.00
450000,ge10,All,active,12535,1042869,245744787454530,12579,865867,245482361957577,340.02
450000,ge10,All,all,149418,2137537,1457547529826212,57897,1275473,525861185055537,498.92
450000,ge10,All,inactive,9084,372104,99068191774984,9092,372104,99068191774984,142.85
450000,ge10,All,never_spent,127799,722564,1112734550596698,36226,37502,181310631322976,16.05
450000,ge10,P2PK,all,36228,37482,181265301859511,36232,37481,181265301859511,16.62
450000,ge10,P2PK,inactive,12,1259,56572355915,13,1259,56572355915,0.34
450000,ge10,P2PK,never_spent,36216,36223,181208729503596,36218,36222,181208729503596,16.04
450000,ge10,P2PKH,active,11173,656560,147365390195690,11174,656560,147365390195690,252.20
450000,ge10,P2PKH,all,108044,1675179,1108813096490740,22059,1026383,244852084051443,396.13
450000,ge10,P2PKH,inactive,8979,368543,97384792036373,8983,368543,97384792036373,141.89
450000,ge10,P2PKH,never_spent,87892,650076,864062914258677,1902,1280,101901819380,2.04
450000,ge10,P2SH,active,1361,209307,98116971761887,1405,209307,98116971761887,87.82
450000,ge10,P2SH,all,5145,247874,167206705979008,1507,211609,99743799144583,88.78
450000,ge10,P2SH,inactive,93,2302,1626827382696,102,2302,1626827382696,0.96
450000,ge10,P2SH,never_spent,3691,36265,67462906834425,0,0,0,0.00
450000,ge100,All,active,2013,524644,215870082589268,2029,347642,215607657092315,138.86
450000,ge100,All,all,18448,900187,1021587420455479,3368,422831,294077385562886,167.60
450000,ge100,All,inactive,1305,75145,77239366284593,1304,75145,77239366284593,28.71
450000,ge100,All,never_spent,15130,300398,728477971581618,35,44,1230362185978,0.03
450000,ge100,P2PK,all,33,544,1167316024980,34,544,1167316024980,0.26
450000,ge100,P2PK,inactive,1,506,17625124980,0,506,17625124980,0.00
450000,ge100,P2PK,never_spent,32,38,1149690900000,33,38,1149690900000,0.03
450000,ge100,P2PKH,active,1708,198296,120634161400901,1709,198296,120634161400901,76.26
450000,ge100,P2PKH,all,17267,543911,864562336809550,2998,271188,196503581824566,104.25
450000,ge100,P2PKH,inactive,1275,72886,75788749137687,1275,72886,75788749137687,27.97
450000,ge100,P2PKH,never_spent,14284,272729,668139426270962,14,6,80671285978,0.02
450000,ge100,P2SH,active,304,149346,94973495691414,320,149346,94973495691414,62.60
450000,ge100,P2SH,all,1147,178730,155595342123996,349,151099,96406487713340,63.34
450000,ge100,P2SH,inactive,29,1753,1432992021926,29,1753,1432992021926,0.74
450000,ge100,P2SH,never_spent,814,27631,59188854410656,0,0,0,0.00
450000,ge1000,All,active,298,352501,168610213611234,297,175499,168347788114281,70.24
450000,ge1000,All,all,1726,536075,640886503485058,420,184731,214350806002938,73.79
450000,ge1000,All,inactive,122,9231,45679700888657,122,9231,45679700888657,3.55
450000,ge1000,All,never_spent,1306,174343,426596588985167,1,1,323317000000,0.00
450000,ge1000,P2PK,all,1,1,323317000000,1,1,323317000000,0.00
450000,ge1000,P2PK,never_spent,1,1,323317000000,1,1,323317000000,0.00
450000,ge1000,P2PKH,active,221,94185,79906216536152,221,94185,79906216536152,36.08
450000,ge1000,P2PKH,all,1542,251865,508658601456359,340,103303,125062503118985,39.58
450000,ge1000,P2PKH,inactive,118,9118,45156286582833,118,9118,45156286582833,3.50
450000,ge1000,P2PKH,never_spent,1203,148562,383596098337374,1,0,0,0.00
450000,ge1000,P2SH,active,76,81314,88441571578129,76,81314,88441571578129,34.16
450000,ge1000,P2SH,all,182,107207,131642159531746,80,81427,88964985883953,34.20
450000,ge1000,P2SH,inactive,4,113,523414305824,4,113,523414305824,0.05
450000,ge1000,P2SH,never_spent,102,25780,42677173647793,0,0,0,0.00
500000,all,All,active,2252824,16732040,293488270318684,2253160,16554902,293225844810399,6625.50
500000,all,All,all,25709293,59947709,1674994858621107,4589770,25632586,540548275440639,10274.17
500000,all,All,inactive,2071164,8804526,70496469782300,2071418,8804526,70496469782300,3532.89
500000,all,All,never_spent,21385305,34411143,1311010118520123,265192,273158,176825960847940,115.78
500000,all,P2PK,active,80,29829,2401734947,82,29829,2401734947,10.83
500000,all,P2PK,all,38602,69765,176750411461917,38620,69764,176750411461917,27.06
500000,all,P2PK,inactive,113,1211,30156239806,121,1211,30156239806,0.45
500000,all,P2PK,never_spent,38409,38725,176717853487164,38417,38724,176717853487164,15.79
500000,all,P2PKH,active,1722590,11519828,170830784344408,1722592,11519828,170830784344408,4489.61
500000,all,P2PKH,all,21831531,48256082,1160686863871827,3440323,18500800,234052409974820,7240.62
500000,all,P2PKH,inactive,1713427,6975995,63116186244375,1713432,6975995,63116186244375,2748.91
500000,all,P2PKH,never_spent,18395514,29760259,926739893283044,4299,4977,105439386037,2.10
500000,all,P2SH,active,529081,4998300,122315862849786,529415,4998300,122315862849786,2123.11
500000,all,P2SH,all,3611581,11205218,336370507459413,886949,6824502,129665535782369,2906.20
500000,all,P2SH,inactive,357283,1826202,7349672932583,357534,1826202,7349672932583,783.09
500000,all,P2SH,never_spent,2725217,4380716,206704971677044,0,0,0,0.00
500000,all,P2WPKH,active,80,106,7386416576,80,106,7386416576,0.02
500000,all,P2WPKH,all,1769,1894,825253887703,82,108,7395879532,0.02
500000,all,P2WPKH,never_spent,1689,1788,817867471127,2,2,9462956,0.00
500000,all,P2WSH,active,10,4805,69400570539,12,4805,69400570539,1.11
500000,all,P2WSH,all,209,5005,96274660500,12,4805,69400570539,1.11
500000,all,P2WSH,never_spent,199,200,26874089961,0,0,0,0.00
500000,ge1,All,active,78703,2756532,283309390361739,79039,2579394,283046964853454,1008.76
500000,ge1,All,all,711290,5403719,1603686292895473,141380,3335116,526717100630797,1301.02
500000,ge1,All,inactive,26637,718959,66865539135704,26891,718959,66865539135704,276.56
500000,ge1,All,never_spent,605950,1928228,1253511363398030,35450,36763,176804596641639,15.71
500000,ge1,P2PK,active,1,3383,1667675600,3,3383,1667675600,1.47
500000,ge1,P2PK,all,35430,39697,176733865448248,35448,39696,176733865448248,17.54
500000,ge1,P2PK,inactive,11,818,29869972423,19,818,29869972423,0.38
500000,ge1,P2PK,never_spent,35418,35496,176702327800225,35426,35495,176702327800225,15.69
500000,ge1,P2PKH,active,63734,2036589,162709368858097,63736,2036589,162709368858097,784.19
500000,ge1,P2PKH,all,526545,4381542,1104136783836397,91558,2750636,222466810598118,1060.70
500000,ge1,P2PKH,inactive,25993,712783,59655568608248,25998,712783,59655568608248,274.53
500000,ge1,P2PKH,never_spent,436818,1632170,881771846370052,1824,1264,101873131773,1.98
500000,ge1,P2SH,active,14952,534600,120260176583191,15286,534600,120260176583191,224.07
500000,ge1,P2SH,all,148841,800013,321652205769314,16169,539952,127440074833634,226.09
500000,ge1,P2SH,inactive,632,5352,7179898250443,883,5352,7179898250443,2.02
500000,ge1,P2SH,never_spent,133257,260061,194212130935680,0,0,0,0.00
500000,ge1,P2WPKH,active,14,27,6351704027,14,27,6351704027,0.00
500000,ge1,P2WPKH,all,462,518,804287975975,14,27,6351704027,0.00
500000,ge1,P2WPKH,never_spent,448,491,797936271948,0,0,0,0.00
500000,ge1,P2WSH,active,1,4795,69400032539,3,4795,69400032539,0.50
500000,ge1,P2WSH,all,7,4801,96126343023,3,4795,69400032539,0.50
500000,ge1,P2WSH,never_spent,6,6,26726310484,0,0,0,0.00
500000,ge10,All,active,11594,1019928,265762612799520,11655,842790,265500187291235,330.08
500000,ge10,All,all,150621,1827861,1455654310220698,51962,1067690,503036284944021,418.17
500000,ge10,All,inactive,4951,188421,60765834691610,4981,188421,60765834691610,72.49
500000,ge10,All,never_spent,134076,619512,1129125862729568,35326,36479,176770262961176,15.60
500000,ge10,P2PK,active,1,3383,1667675600,2,3383,1667675600,1.46
500000,ge10,P2PK,all,35331,39523,176706959341102,35332,39522,176706959341102,17.42
500000,ge10,P2PK,inactive,9,816,28969972423,10,816,28969972423,0.37
500000,ge10,P2PK,never_spent,35321,35324,176676321693079,35320,35323,176676321693079,15.59
500000,ge10,P2PKH,active,8993,613850,148553938716499,8994,613850,148553938716499,236.81
500000,ge10,P2PKH,all,92237,1329597,990181538498757,15644,800745,202338336115437,310.44
500000,ge10,P2PKH,inactive,4847,185739,53690456130841,4850,185739,53690456130841,71.72
500000,ge10,P2PKH,never_spent,78397,530008,787937143651417,1800,1156,93941268097,1.92
500000,ge10,P2SH,active,2596,220758,116872280803293,2656,220758,116872280803293,92.77
500000,ge10,P2SH,all,22929,276674,287704834461684,2781,222624,123918689391639,93.54
500000,ge10,P2SH,inactive,95,1866,7046408588346,125,1866,7046408588346,0.77
500000,ge10,P2SH,never_spent,20238,54050,163786145070045,0,0,0,0.00
500000,ge10,P2WPKH,active,2,4,2900063304,2,4,2900063304,0.00
500000,ge10,P2WPKH,all,118,130,702662418331,2,4,2900063304,0.00
500000,ge10,P2WPKH,never_spent,116,126,699762355027,0,0,0,0.00
500000,ge10,P2WSH,active,1,4795,69400032539,3,4795,69400032539,0.50
500000,ge10,P2WSH,all,5,4799,95889992539,3,4795,69400032539,0.50
500000,ge10,P2WSH,never_spent,4,4,26489960000,0,0,0,0.00
500000,ge100,All,active,1865,505553,238273035061965,1888,328415,238010609553680,129.21
500000,ge100,All,all,17667,761331,1017248287594347,2664,367808,288055157843456,144.35
500000,ge100,All,inactive,736,39360,48919256003798,748,39360,48919256003798,15.12
500000,ge100,All,never_spent,15066,216418,730055996528584,28,33,1125292285978,0.03
500000,ge100,P2PK,all,25,27,1044621000000,26,27,1044621000000,0.02
500000,ge100,P2PK,never_spent,25,27,1044621000000,26,27,1044621000000,0.02
500000,ge100,P2PKH,active,1432,196025,126998451595870,1432,196025,126998451595870,75.14
500000,ge100,P2PKH,all,14844,442408,780448819000914,2149,234986,169143164833230,90.11
500000,ge100,P2PKH,inactive,703,38955,42064041951382,703,38955,42064041951382,14.95
500000,ge100,P2PKH,never_spent,12709,207428,611386325453662,14,6,80671285978,0.02
500000,ge100,P2SH,active,431,127595,110942757925271,453,127595,110942757925271,53.56
500000,ge100,P2SH,all,2784,136951,235082105358746,498,128000,117797971977687,53.73
500000,ge100,P2SH,inactive,33,405,6855214052416,45,405,6855214052416,0.17
500000,ge100,P2SH,never_spent,2320,8951,117284133381059,0,0,0,0.00
500000,ge100,P2WPKH,all,11,11,320916703863,0,0,0,0.00
500000,ge100,P2WPKH,never_spent,11,11,320916703863,0,0,0,0.00
500000,ge100,P2WSH,active,1,4795,69400032539,3,4795,69400032539,0.50
500000,ge100,P2WSH,all,2,4796,89400022539,3,4795,69400032539,0.50
500000,ge100,P2WSH,never_spent,1,1,19999990000,0,0,0,0.00
500000,ge1000,All,active,290,337346,196092143713129,297,160208,195829718204844,63.08
500000,ge1000,All,all,1650,469236,643195200272020,372,163314,226106020659127,64.29
500000,ge1000,All,inactive,74,3105,29952985454283,74,3105,29952985454283,1.20
500000,ge1000,All,never_spent,1286,128785,417150071104608,1,1,323317000000,0.00
500000,ge1000,P2PK,all,1,1,323317000000,1,1,323317000000,0.00
500000,ge1000,P2PK,never_spent,1,1,323317000000,1,1,323317000000,0.00
500000,ge1000,P2PKH,active,192,113261,94078793553697,192,113261,94078793553697,43.39
500000,ge1000,P2PKH,all,1338,243218,466416524736624,259,116037,118216755431642,44.46
500000,ge1000,P2PKH,inactive,66,2776,24137961877945,66,2776,24137961877945,1.07
500000,ge1000,P2PKH,never_spent,1080,127181,348199769304982,1,0,0,0.00
500000,ge1000,P2SH,active,97,46947,101750924651147,105,46947,101750924651147,19.69
500000,ge1000,P2SH,all,309,48878,176053421165211,113,47276,107565948227485,19.83
500000,ge1000,P2SH,inactive,8,329,5815023576338,8,329,5815023576338,0.14
500000,ge1000,P2SH,never_spent,204,1602,68487472937726,0,0,0,0.00
500000,ge1000,P2WPKH,all,1,1,139511861900,0,0,0,0.00
500000,ge1000,P2WPKH,never_spent,1,1,139511861900,0,0,0,0.00
550000,all,All,active,1860547,10676767,308246647336320,1860734,10496435,307984517823939,4196.69
550000,all,All,all,22772003,50066004,1737492982925071,4339547,19333986,587331751998437,7711.33
550000,all,All,inactive,2210871,8560767,103343690659037,2211401,8560767,103343690659037,3397.43
550000,all,All,never_spent,18700585,30828470,1325902644929714,267412,276784,176003543515461,117.21
550000,all,P2PK,active,94,47058,2535188968,96,47058,2535188968,17.09
550000,all,P2PK,all,38673,86410,176002901000516,38692,86409,176002901000516,33.11
550000,all,P2PK,inactive,116,620,23543771058,125,620,23543771058,0.23
550000,all,P2PK,never_spent,38463,38732,175976822040490,38471,38731,175976822040490,15.79
550000,all,P2PKH,active,1230213,7843413,141390867411895,1230214,7843413,141390867411895,3059.39
550000,all,P2PKH,all,18520681,42226323,1051666387825696,3290915,15887838,227030645287816,6233.13
550000,all,P2PKH,inactive,2056362,8039195,85617550068367,2056367,8039195,85617550068367,3171.55
550000,all,P2PKH,never_spent,15234106,26343715,824657970345434,4334,5230,22227807554,2.20
550000,all,P2SH,active,624299,2596077,165772410964206,624479,2596077,165772410964206,1118.45
550000,all,P2SH,all,3884462,7225178,495487048874505,778069,3113878,183471869581000,1342.84
550000,all,P2SH,inactive,153064,517801,17699458616794,153590,517801,17699458616794,224.39
550000,all,P2SH,never_spent,3107099,4111300,312015179293505,0,0,0,0.00
550000,all,P2WPKH,active,5647,7927,254192712320,5647,7927,254192712320,1.26
550000,all,P2WPKH,all,81180,90768,12941811746320,5843,8162,258692532683,1.30
550000,all,P2WPKH,inactive,8,9,2675376992,8,9,2675376992,0.00
550000,all,P2WPKH,never_spent,75525,82832,12684943657008,188,226,1824443371,0.04
550000,all,P2WSH,active,141,1706,564510545460,149,1706,564510545460,0.40
550000,all,P2WSH,all,19291,21004,1129571156691,153,1710,564510787460,0.40
550000,all,P2WSH,inactive,4,4,242000,4,4,242000,0.00
550000,all,P2WSH,never_spent,19146,19294,565060369231,0,0,0,0.00
550000,ge1,All,active,54831,2774041,301321484994169,55018,2593709,301059355481788,1012.53
550000,ge1,All,all,709301,5700529,1664719390867382,123205,3547037,575943900856436,1380.63
550000,ge1,All,inactive,32356,916391,98902588068332,32886,916391,98902588068332,352.31
550000,ge1,All,never_spent,622114,2010097,1264495317804881,35301,36937,175981957306316,15.79
550000,ge1,P2PK,active,1,21607,2134771600,3,21607,2134771600,7.85
550000,ge1,P2PK,all,35279,56962,175987097784611,35298,56961,175987097784611,23.66
550000,ge1,P2PK,inactive,9,9,23264000000,18,9,23264000000,0.04
550000,ge1,P2PK,never_spent,35269,35346,175961699013011,35277,35345,175961699013011,15.77
550000,ge1,P2PKH,active,29837,2053310,138016961828873,29838,2053310,138016961828873,787.77
550000,ge1,P2PKH,all,436972,4451810,1002562328144572,62399,2942938,219441834779040,1131.43
550000,ge1,P2PKH,inactive,30713,888054,81406017588679,30718,888054,81406017588679,341.53
550000,ge1,P2PKH,never_spent,376422,1510446,783139348727020,1843,1574,18855361488,2.13
550000,ge1,P2SH,active,24885,515636,162225893501566,25065,515636,162225893501566,216.52
550000,ge1,P2SH,all,231806,1002376,472169334837399,27222,543955,179696420453715,227.29
550000,ge1,P2SH,inactive,1631,28319,17470526952149,2157,28319,17470526952149,10.77
550000,ge1,P2SH,never_spent,205290,458421,292472914383684,0,0,0,0.00
550000,ge1,P2WPKH,active,89,1800,250197357273,89,1800,250197357273,0.23
550000,ge1,P2WPKH,all,4396,6836,12645040708408,96,1817,253781802363,0.24
550000,ge1,P2WPKH,inactive,2,3,2577222914,2,3,2577222914,0.00
550000,ge1,P2WPKH,never_spent,4305,5033,12392266128221,5,14,1007222176,0.00
550000,ge1,P2WSH,active,18,1356,564168022476,26,1356,564168022476,0.17
550000,ge1,P2WSH,all,843,2203,1092861865780,26,1356,564168022476,0.17
550000,ge1,P2WSH,never_spent,825,847,528693843304,0,0,0,0.00
550000,ge10,All,active,10595,1255970,289161808199335,10671,1075638,288899678686954,421.15
550000,ge10,All,all,148634,2152090,1516379370173282,51800,1404418,556419322322170,549.29
550000,ge10,All,inactive,5892,292136,91571095143923,5951,292136,91571095143923,112.45
550000,ge10,All,never_spent,132147,603984,1135646466830024,35178,36644,175948548491293,15.69
550000,ge10,P2PK,active,1,21607,2134771600,2,21607,2134771600,7.85
550000,ge10,P2PK,all,35183,56792,175960758869408,35185,56791,175960758869408,23.55
550000,ge10,P2PK,inactive,7,7,22364000000,8,7,22364000000,0.02
550000,ge10,P2PK,never_spent,35175,35178,175936260097808,35175,35177,175936260097808,15.68
550000,ge10,P2PKH,active,6258,769029,131179869205247,6259,769029,131179869205247,294.82
550000,ge10,P2PKH,all,77195,1521198,908317588410047,13701,1054507,205607661649051,405.94
550000,ge10,P2PKH,inactive,5618,284011,74415504050319,5620,284011,74415504050319,109.04
550000,ge10,P2PKH,never_spent,65319,468158,702722215154481,1822,1467,12288393485,2.08
550000,ge10,P2SH,active,4304,283386,156929416356510,4373,283386,156929416356510,118.30
550000,ge10,P2SH,all,35366,391120,419658613322853,4698,291502,174060843591010,121.70
550000,ge10,P2SH,inactive,266,8116,17131427234500,325,8116,17131427234500,3.40
550000,ge10,P2SH,never_spent,30796,99618,245597769731843,0,0,0,0.00
550000,ge10,P2WPKH,active,19,349,226834185338,19,349,226834185338,0.05
550000,ge10,P2WPKH,all,837,1327,11267814275371,20,351,228634044442,0.05
550000,ge10,P2WPKH,inactive,1,2,1799859104,1,2,1799859104,0.00
550000,ge10,P2WPKH,never_spent,817,976,11039180230929,0,0,0,0.00
550000,ge10,P2WSH,active,12,1267,561424168259,20,1267,561424168259,0.15
550000,ge10,P2WSH,all,52,1321,912465783222,20,1267,561424168259,0.15
550000,ge10,P2WSH,never_spent,40,54,351041614963,0,0,0,0.00
550000,ge100,All,active,1984,485657,264307928625042,2026,305325,264045799112661,122.07
550000,ge100,All,all,16586,765741,1079735782221567,2975,399700,342581969858838,158.34
550000,ge100,All,inactive,904,94349,77511549746177,924,94349,77511549746177,36.23
550000,ge100,All,never_spent,13698,185735,737916303850348,25,26,1024621000000,0.04
550000,ge100,P2PK,all,24,26,1024621000000,25,26,1024621000000,0.04
550000,ge100,P2PK,never_spent,24,26,1024621000000,25,26,1024621000000,0.04
550000,ge100,P2PKH,active,1146,148756,116681912741458,1146,148756,116681912741458,57.03
550000,ge100,P2PKH,all,11936,407769,731050297387376,2000,241102,177619641792269,92.47
550000,ge100,P2PKH,inactive,831,92346,60937729050811,831,92346,60937729050811,35.41
550000,ge100,P2PKH,never_spent,9959,166667,553430655595107,23,0,0,0.04
550000,ge100,P2SH,active,825,155291,146630558858354,862,155291,146630558858354,64.90
550000,ge100,P2SH,all,4521,176169,337242376238408,955,157294,163204379553720,65.73
550000,ge100,P2SH,inactive,73,2003,16573820695366,93,2003,16573820695366,0.83
550000,ge100,P2SH,never_spent,3623,18875,174037996684688,0,0,0,0.00
550000,ge100,P2WPKH,active,3,20,191050567856,3,20,191050567856,0.00
550000,ge100,P2WPKH,all,81,165,9339129429013,3,20,191050567856,0.00
550000,ge100,P2WPKH,never_spent,78,145,9148078861157,0,0,0,0.00
550000,ge100,P2WSH,active,9,1258,542276944993,15,1258,542276944993,0.14
550000,ge100,P2WSH,all,23,1280,817228654389,15,1258,542276944993,0.14
550000,ge100,P2WSH,never_spent,14,22,274951709396,0,0,0,0.00
550000,ge1000,All,active,341,339211,218497934210224,353,158879,218235804697843,64.72
550000,ge1000,All,all,1773,502237,707439241642823,468,209896,274202898849725,84.29
550000,ge1000,All,inactive,114,51016,55643777151882,114,51016,55643777151882,19.56
550000,ge1000,All,never_spent,1318,112010,433297530280717,1,1,323317000000,0.00
550000,ge1000,P2PK,all,1,1,323317000000,1,1,323317000000,0.00
550000,ge1000,P2PK,never_spent,1,1,323317000000,1,1,323317000000,0.00
550000,ge1000,P2PKH,active,162,55444,90109812927651,162,55444,90109812927651,21.24
550000,ge1000,P2PKH,all,1241,215133,461763387889168,263,105936,131349899690568,40.59
550000,ge1000,P2PKH,inactive,100,50492,41240086762917,100,50492,41240086762917,19.34
550000,ge1000,P2PKH,never_spent,979,109197,330413488198600,1,0,0,0.00
550000,ge1000,P2SH,active,177,103423,127938396251837,190,103423,127938396251837,43.48
550000,ge1000,P2SH,all,518,106715,237239121520496,204,103947,142342086640802,43.70
550000,ge1000,P2SH,inactive,14,524,14403690388965,14,524,14403690388965,0.22
550000,ge1000,P2SH,never_spent,327,2768,94897034879694,0,0,0,0.00
550000,ge1000,P2WPKH,all,11,44,7663690202423,0,0,0,0.00
550000,ge1000,P2WPKH,never_spent,11,44,7663690202423,0,0,0,0.00
550000,ge1000,P2WSH,active,1,12,187595518355,1,12,187595518355,0.00
550000,ge1000,P2WSH,all,1,12,187595518355,1,12,187595518355,0.00
600000,all,All,active,1954656,15171708,285511381926767,1954891,15171708,285511381926767,5983.58
600000,all,All,all,27617506,63387918,1799992982193302,5186221,27215484,588148528535412,10770.01
600000,all,All,inactive,2959381,11947567,127279827962440,2960033,11761630,127017698425059,4667.12
600000,all,All,never_spent,22703469,36268643,1387201772304095,271297,282146,175619448183586,119.31
600000,all,P2PK,active,98,17818,324519498,98,17818,324519498,6.47
600000,all,P2PK,all,38463,61212,175592121512804,38479,61211,175592121512804,23.95
600000,all,P2PK,inactive,145,4897,23727571445,155,4897,23727571445,1.78
600000,all,P2PK,never_spent,38220,38497,175568069421861,38226,38496,175568069421861,15.69
600000,all,P2PKH,active,1406159,12381139,89870801131438,1406161,12381139,89870801131438,4805.25
600000,all,P2PKH,all,21441538,52847133,1014877518000863,4125100,23342939,199593347300936,9125.98
600000,all,P2PKH,inactive,2714218,10955843,109700403386513,2714224,10955843,109700403386513,4318.23
600000,all,P2PKH,never_spent,17321161,29510151,815306313482912,4715,5957,22142782985,2.49
600000,all,P2SH,active,523138,2707196,192772834574462,523353,2707196,192772834574462,1160.57
600000,all,P2SH,all,5357472,9389837,572222544343888,767249,3504135,209956069751200,1506.26
600000,all,P2SH,inactive,243248,796939,17183235176738,243896,796939,17183235176738,345.69
600000,all,P2SH,never_spent,4591086,5885702,362266474592688,0,0,0,0.00
600000,all,P2WPKH,active,19278,52768,2066789940013,19284,52768,2066789940013,7.57
600000,all,P2WPKH,all,481357,587094,34325539706268,20228,54102,2195826510762,7.78
600000,all,P2WPKH,inactive,340,599,102475117832,340,599,102475117832,0.09
600000,all,P2WPKH,never_spent,461739,533727,32156274648423,604,735,26561452917,0.12
600000,all,P2WSH,active,4910,9538,800626747368,4928,9538,800626747368,2.42
600000,all,P2WSH,all,66509,73305,2709986175885,4993,9697,808020543497,2.45
600000,all,P2WSH,inactive,65,159,7393796129,65,159,7393796129,0.04
600000,all,P2WSH,never_spent,61534,63608,1901965632388,0,0,0,0.00
600000,ge1,All,active,69284,5246423,278759966467752,69519,5246423,278759966467752,2034.50
600000,ge1,All,all,787655,8982990,1716251205072165,150002,6590443,575260829743305,2555.79
600000,ge1,All,inactive,44606,1492734,121166025367880,45258,1306797,120903895830499,505.29
600000,ge1,All,never_spent,673765,2243833,1316325213236533,35225,37223,175596967445054,15.99
600000,ge1,P2PK,active,1,1507,148891600,1,1507,148891600,0.55
600000,ge1,P2PK,all,35194,36778,175576370444850,35210,36777,175576370444850,16.57
600000,ge1,P2PK,inactive,9,9,23264000000,19,9,23264000000,0.05
600000,ge1,P2PK,never_spent,35184,35262,175552957553250,35190,35261,175552957553250,15.97
600000,ge1,P2PKH,active,41213,4345757,85879050737785,41215,4345757,85879050737785,1666.29
600000,ge1,P2PKH,all,436759,7115062,963510755341215,82139,5531672,190237230066668,2123.97
600000,ge1,P2PKH,inactive,38925,1183985,104339369452521,38931,1183985,104339369452521,455.25
600000,ge1,P2PKH,never_spent,356621,1585320,773292335150909,1993,1930,18809876362,2.43
600000,ge1,P2SH,active,26942,889964,190133790482865,27157,889964,190133790482865,366.37
600000,ge1,P2SH,all,287772,1594613,542708729578600,33440,1012640,206566512960396,416.38
600000,ge1,P2SH,inactive,5635,122676,16432722477531,6283,122676,16432722477531,50.01
600000,ge1,P2SH,never_spent,255195,581973,336142216618204,0,0,0,0.00
600000,ge1,P2WPKH,active,997,7091,1951901952872,1003,7091,1951901952872,0.96
600000,ge1,P2WPKH,all,26250,46442,31679468274591,1050,7185,2077779868971,0.97
600000,ge1,P2WPKH,inactive,31,66,101073610298,31,66,101073610298,0.01
600000,ge1,P2WPKH,never_spent,25222,39285,29626492711421,16,28,24804305801,0.00
600000,ge1,P2WSH,active,131,2104,795074402630,149,2104,795074402630,0.35
600000,ge1,P2WSH,all,1675,4148,2513153881297,153,2159,802338388189,0.36
600000,ge1,P2WSH,inactive,4,55,7263985559,4,55,7263985559,0.01
600000,ge1,P2WSH,never_spent,1540,1989,1710815493108,0,0,0,0.00
600000,ge10,All,active,10964,2633138,261681722144913,11070,2633138,261681722144913,1016.77
600000,ge10,All,all,153204,3801434,1546844835875655,53968,3025947,548008394214683,1170.25
600000,ge10,All,inactive,7714,541818,111029742965975,7803,355881,110767613428594,137.60
600000,ge10,All,never_spent,134526,626478,1174133370764767,35095,36928,175559058641176,15.89
600000,ge10,P2PK,all,35098,35102,175550004608047,35099,35101,175550004608047,15.91
600000,ge10,P2PK,inactive,7,7,22364000000,9,7,22364000000,0.03
600000,ge10,P2PK,never_spent,35091,35095,175527640608047,35090,35094,175527640608047,15.88
600000,ge10,P2PKH,active,6164,2167339,75684628678847,6165,2167339,75684628678847,830.38
600000,ge10,P2PKH,all,72359,2955353,867603977176355,14937,2494333,171187756631898,957.62
600000,ge10,P2PKH,inactive,6797,325171,95490717437052,6800,325171,95490717437052,124.87
600000,ge10,P2PKH,never_spent,59398,462843,696428631060456,1972,1823,12410515999,2.37
600000,ge10,P2SH,active,4605,462311,183527265005266,4698,462311,183527265005266,185.90
600000,ge10,P2SH,all,40914,611057,477308568456852,5689,492957,198681836002894,198.61
600000,ge10,P2SH,inactive,902,30646,15154570997628,991,30646,15154570997628,12.71
600000,ge10,P2SH,never_spent,35407,118100,278626732453958,0,0,0,0.00
600000,ge10,P2WPKH,active,165,1816,1704072739631,167,1816,1704072739631,0.24
600000,ge10,P2WPKH,all,4565,11994,23950977489892,175,1839,1817166493366,0.25
600000,ge10,P2WPKH,inactive,6,12,94086236605,6,12,94086236605,0.00
600000,ge10,P2WPKH,never_spent,4394,10166,22152818513656,2,11,19007517130,0.00
600000,ge10,P2WSH,active,30,1672,765755721169,42,1672,765755721169,0.25
600000,ge10,P2WSH,all,267,1991,2169178607128,43,1717,771630478478,0.26
600000,ge10,P2WSH,inactive,1,45,5874757309,1,45,5874757309,0.01
600000,ge10,P2WSH,never_spent,236,274,1397548128650,0,0,0,0.00
600000,ge100,All,active,1878,1538089,237349235915584,1929,1538089,237349235915584,591.82
600000,ge100,All,all,16087,2002456,1105730760943962,3227,1641179,331062476701733,631.67
600000,ge100,All,inactive,1245,288998,92935749343081,1272,103061,92673619805700,39.80
600000,ge100,All,never_spent,12964,175369,775445775685297,26,29,1039620980449,0.05
600000,ge100,P2PK,all,24,26,1024621000000,25,26,1024621000000,0.05
600000,ge100,P2PK,never_spent,24,26,1024621000000,25,26,1024621000000,0.05
600000,ge100,P2PKH,active,899,1268307,61768488149682,899,1268307,61768488149682,485.81
600000,ge100,P2PKH,all,10776,1525184,704082452937804,2016,1362999,141298329667929,522.17
600000,ge100,P2PKH,inactive,1094,94692,79529841518247,1094,94692,79529841518247,36.32
600000,ge100,P2PKH,never_spent,8783,162185,562784123269875,23,0,0,0.05
600000,ge100,P2SH,active,954,267948,173494177573254,999,267948,173494177573254,105.79
600000,ge100,P2SH,all,5002,289114,383237376000648,1176,276311,186552629838432,109.27
600000,ge100,P2SH,inactive,149,8363,13058452265178,177,8363,13058452265178,3.49
600000,ge100,P2SH,never_spent,3899,12803,196684746162216,0,0,0,0.00
600000,ge100,P2WPKH,active,14,757,1388833032808,14,757,1388833032808,0.10
600000,ge100,P2WPKH,all,241,1074,15670040797202,16,766,1489159035532,0.10
600000,ge100,P2WPKH,inactive,1,6,85326022275,1,6,85326022275,0.00
600000,ge100,P2WPKH,never_spent,226,311,14195881742119,1,3,14999980449,0.00
600000,ge100,P2WSH,active,11,1077,697737159840,17,1077,697737159840,0.12
600000,ge100,P2WSH,all,43,1121,1454140670927,17,1077,697737159840,0.12
600000,ge100,P2WSH,never_spent,32,44,756403511087,0,0,0,0.00
600000,ge1000,All,active,410,155327,196292356020097,435,155327,196292356020097,55.74
600000,ge1000,All,all,2149,506667,753100738483728,644,206620,261293983853251,75.42
600000,ge1000,All,inactive,206,237229,64940440370535,208,51292,64678310833154,19.67
600000,ge1000,All,never_spent,1533,114111,491867942093096,1,1,323317000000,0.01
600000,ge1000,P2PK,all,1,1,323317000000,1,1,323317000000,0.01
600000,ge1000,P2PK,never_spent,1,1,323317000000,1,1,323317000000,0.01
600000,ge1000,P2PKH,active,113,73732,40378336350047,113,73732,40378336350047,28.24
600000,ge1000,P2PKH,all,1454,236549,474269000024088,292,124488,95794732049943,47.70
600000,ge1000,P2PKH,inactive,178,50756,55416395699896,178,50756,55416395699896,19.45
600000,ge1000,P2PKH,never_spent,1163,112061,378474267974145,1,0,0,0.01
600000,ge1000,P2SH,active,292,80996,154351356782323,317,80996,154351356782323,27.42
600000,ge1000,P2SH,all,671,83533,267136362973677,347,81532,163613271915581,27.64
600000,ge1000,P2SH,inactive,27,536,9261915133258,30,536,9261915133258,0.22
600000,ge1000,P2SH,never_spent,352,2001,103523091058096,0,0,0,0.00
600000,ge1000,P2WPKH,active,4,590,1157953028873,4,590,1157953028873,0.08
600000,ge1000,P2WPKH,all,20,637,10496732392796,4,590,1157953028873,0.08
600000,ge1000,P2WPKH,never_spent,16,47,9338779363923,0,0,0,0.00
600000,ge1000,P2WSH,active,1,9,404709858854,1,9,404709858854,0.00
600000,ge1000,P2WSH,all,2,10,613196555786,1,9,404709858854,0.00
600000,ge1000,P2WSH,never_spent,1,1,208486696932,0,0,0,0.00
650000,all,All,active,1892059,12516277,273995542812863,1892431,12516277,273995542812863,4881.95
650000,all,All,all,31670962,67325423,1849992337744711,5869948,27551528,582608015093778,10862.98
650000,all,All,inactive,3689058,14917980,133598129578826,3689832,14732043,133336000041445,5853.03
650000,all,All,never_spent,26089845,39891166,1442398665353022,287685,303208,175276472239470,128.01
650000,all,P2PK,active,183,18636,633157600,183,18636,633157600,6.77
650000,all,P2PK,all,38503,64003,175232590120856,38519,64002,175232590120856,24.97
650000,all,P2PK,inactive,167,6897,23762437300,178,6897,23762437300,2.51
650000,all,P2PK,never_spent,38153,38470,175208194525956,38158,38469,175208194525956,15.68
650000,all,P2PKH,active,1179319,9263326,79253473018165,1179342,9263326,79253473018165,3600.92
650000,all,P2PKH,all,23736552,53831045,1007950776271591,4511335,22682571,188704591468148,8890.43
650000,all,P2PKH,inactive,3297209,13393655,109429961474472,3297219,13393655,109429961474472,5278.14
650000,all,P2PKH,never_spent,19260024,31174064,819267341778954,34774,25590,21156975511,10.95
650000,all,P2SH,active,578202,2832968,176327162523962,578532,2832968,176327162523962,1215.88
650000,all,P2SH,all,6027434,10741471,584817043061752,962044,4144353,199390074718352,1783.92
650000,all,P2SH,inactive,382745,1311385,23062912194390,383512,1311385,23062912194390,568.04
650000,all,P2SH,never_spent,5066487,6597118,385426968343400,0,0,0,0.00
650000,all,P2TR,all,2,2,6131,2,2,6131,0.00
650000,all,P2TR,never_spent,2,2,6131,2,2,6131,0.00
650000,all,P2WPKH,active,131310,388743,7057233234684,131340,388743,7057233234684,55.28
650000,all,P2WPKH,all,1515592,2124173,63666900569172,138744,404252,7763447533109,57.58
650000,all,P2WPKH,inactive,6492,14365,661770400291,6492,14365,661770400291,2.12
650000,all,P2WPKH,never_spent,1377790,1721065,55947896934197,912,1144,44443898134,0.19
650000,all,P2WSH,active,2722,12258,11357038556452,2769,12258,11357038556452,2.94
650000,all,P2WSH,all,119504,135312,18059752617291,2955,12881,11514165694151,3.10
650000,all,P2WSH,inactive,184,623,157127137699,186,623,157127137699,0.15
650000,all,P2WSH,never_spent,116598,122431,6545586923140,0,0,0,0.00
650000,ge1,All,active,49325,4212369,268527048566159,49697,4212369,268527048566159,1607.59
650000,ge1,All,all,809083,8449547,1755952549882675,133456,5845805,570612937575133,2249.44
650000,ge1,All,inactive,47813,1781391,127095239962509,48587,1595454,126833110425128,618.41
650000,ge1,All,never_spent,711945,2455787,1360330261354007,35172,37982,175252778583846,23.44
650000,ge1,P2PK,active,1,4877,481847600,1,4877,481847600,1.87
650000,ge1,P2PK,all,35122,40077,175216875967390,35138,40076,175216875967390,25.34
650000,ge1,P2PK,inactive,9,9,23264000000,20,9,23264000000,0.05
650000,ge1,P2PK,never_spent,35112,35191,175193130119790,35117,35190,175193130119790,23.42
650000,ge1,P2PKH,active,19902,3212491,76929239252477,19925,3212491,76929239252477,1233.19
650000,ge1,P2PKH,all,390699,6126080,957882448044408,76343,4602191,180816219535351,1782.24
650000,ge1,P2PKH,inactive,39453,1387011,103869569856601,39463,1387011,103869569856601,533.04
650000,ge1,P2PKH,never_spent,331344,1526578,777083638935330,16955,2689,17410426273,16.01
650000,ge1,P2SH,active,24663,883848,173794225652343,24993,883848,173794225652343,359.98
650000,ge1,P2SH,all,317310,1783759,550256603765338,33879,1089955,195945188778976,445.04
650000,ge1,P2SH,inactive,8119,206107,22150963126633,8886,206107,22150963126633,85.05
650000,ge1,P2SH,never_spent,284528,693804,354311414986362,0,0,0,0.00
650000,ge1,P2WPKH,active,4513,109324,6462608403115,4543,109324,6462608403115,14.23
650000,ge1,P2WPKH,all,62386,307599,54877200255119,4800,111687,7137056413122,14.53
650000,ge1,P2WPKH,inactive,221,2264,632605681865,221,2264,632605681865,0.30
650000,ge1,P2WPKH,never_spent,57652,196011,47781986170139,36,99,41842328142,0.01
650000,ge1,P2WSH,active,246,1829,11340493410624,293,1829,11340493410624,0.34
650000,ge1,P2WSH,all,3561,6085,17456694298808,304,1886,11496998866063,0.35
650000,ge1,P2WSH,inactive,9,57,156505455439,11,57,156505455439,0.01
650000,ge1,P2WSH,never_spent,3306,4199,5959695432745,0,0,0,0.00
650000,ge10,All,active,11017,2761745,257744327234724,11182,2761745,257744327234724,1059.04
650000,ge10,All,all,153466,4079191,1586158182039212,54738,3234503,548907964890930,1250.96
650000,ge10,All,inactive,8420,621087,116214599786384,8533,435150,115952470249003,168.59
650000,ge10,All,never_spent,134029,696359,1212199255018104,35023,37608,175211167407203,23.33
650000,ge10,P2PK,all,35027,35033,175190328378864,35028,35032,175190328378864,23.36
650000,ge10,P2PK,inactive,7,7,22364000000,10,7,22364000000,0.03
650000,ge10,P2PK,never_spent,35020,35026,175167964378864,35018,35025,175167964378864,23.32
650000,ge10,P2PKH,active,3977,2306267,72257839804044,3986,2306267,72257839804044,883.50
650000,ge10,P2PKH,all,65895,3155342,873522214107451,27905,2688811,167166322687197,1045.33
650000,ge10,P2PKH,inactive,6979,379972,94897574975490,6985,379972,94897574975490,145.87
650000,ge10,P2PKH,never_spent,54939,469103,706366799327917,16934,2572,10907907663,15.95
650000,ge10,P2SH,active,6432,441869,168785382663027,6584,441869,168785382663027,173.78
650000,ge10,P2SH,all,44720,667971,479113949697015,8079,495998,189074678133867,196.35
650000,ge10,P2SH,inactive,1385,54129,20289295470840,1495,54129,20289295470840,22.57
650000,ge10,P2SH,never_spent,36903,171973,290039271563148,0,0,0,0.00
650000,ge10,P2WPKH,active,553,12680,5420288179245,559,12680,5420288179245,1.67
650000,ge10,P2WPKH,all,6860,32899,41281790599123,602,13681,6040059908928,1.80
650000,ge10,P2WPKH,inactive,41,990,587476609007,41,990,587476609007,0.13
650000,ge10,P2WPKH,never_spent,6266,19229,35274025810871,2,11,32295120676,0.00
650000,ge10,P2WSH,active,55,929,11280816588408,76,929,11280816588408,0.13
650000,ge10,P2WSH,all,963,2009,16787769719378,85,981,11436575782074,0.14
650000,ge10,P2WSH,inactive,7,52,155759193666,9,52,155759193666,0.01
650000,ge10,P2WSH,never_spent,901,1028,5351193937304,0,0,0,0.00
650000,ge100,All,active,1767,1875901,234446879857173,1865,1875901,234446879857173,718.72
650000,ge100,All,all,16115,2398054,1141337156533900,3225,2000654,331709450108982,766.96
650000,ge100,All,inactive,1300,310660,96475085035119,1336,124723,96212955497738,48.17
650000,ge100,All,never_spent,13048,211493,810415191641608,24,30,1049614754071,0.08
650000,ge100,P2PK,all,24,26,1024621000000,24,26,1024621000000,0.08
650000,ge100,P2PK,never_spent,24,26,1024621000000,24,26,1024621000000,0.08
650000,ge100,P2PKH,active,724,1689050,62928802797920,726,1689050,62928802797920,646.95
650000,ge100,P2PKH,all,10219,1980955,723777353755981,1871,1803093,141529429790676,690.76
650000,ge100,P2PKH,inactive,1122,114043,78600626992756,1122,114043,78600626992756,43.73
650000,ge100,P2PKH,never_spent,8373,177862,582247923965305,23,0,0,0.08
650000,ge100,P2SH,active,934,184274,156146018445276,1022,184274,156146018445276,71.42
650000,ge100,P2SH,all,5218,226554,375892951081625,1228,194883,173107780705133,75.85
650000,ge100,P2SH,inactive,170,10609,16961762259857,206,10609,16961762259857,4.42
650000,ge100,P2SH,never_spent,4114,31671,202785170376492,0,0,0,0.00
650000,ge100,P2WPKH,active,80,2286,4163009396749,82,2286,4163009396749,0.31
650000,ge100,P2WPKH,all,539,4151,25354813869703,86,2313,4693341284853,0.31
650000,ge100,P2WPKH,inactive,4,23,505338134033,4,23,505338134033,0.00
650000,ge100,P2WPKH,never_spent,455,1842,20686466338921,0,4,24993754071,0.00
650000,ge100,P2WSH,active,29,291,11209049217228,44,291,11209049217228,0.05
650000,ge100,P2WSH,all,114,431,15025287289210,48,339,11354277328320,0.06
650000,ge100,P2WSH,inactive,3,48,145228111092,4,48,145228111092,0.01
650000,ge100,P2WSH,never_spent,82,92,3671009960890,0,0,0,0.00
650000,ge1000,All,active,362,137824,193873791725323,417,137824,193873791725323,49.07
650000,ge1000,All,all,2187,508505,790110701150071,629,191541,262034102552675,69.71
650000,ge1000,All,inactive,210,239653,68099123364733,211,53716,67836993827352,20.63
650000,ge1000,All,never_spent,1615,131028,528137786060015,1,1,323317000000,0.01
650000,ge1000,P2PK,all,1,1,323317000000,1,1,323317000000,0.01
650000,ge1000,P2PK,never_spent,1,1,323317000000,1,1,323317000000,0.01
650000,ge1000,P2PKH,active,123,74483,45602530226541,125,74483,45602530226541,28.54
650000,ge1000,P2PKH,all,1538,245123,508149989204438,307,126548,99694585802875,48.49
650000,ge1000,P2PKH,inactive,181,52065,54092055576334,181,52065,54092055576334,19.95
650000,ge1000,P2PKH,never_spent,1234,118575,408455403401563,1,0,0,0.01
650000,ge1000,P2SH,active,214,62447,135219991958015,261,62447,135219991958015,20.41
650000,ge1000,P2SH,all,590,76093,255740348512192,289,64049,148463249214234,21.08
650000,ge1000,P2SH,inactive,26,1602,13243257256219,28,1602,13243257256219,0.67
650000,ge1000,P2SH,never_spent,350,12044,107277099297958,0,0,0,0.00
650000,ge1000,P2WPKH,active,8,736,2120679955084,10,736,2120679955084,0.10
650000,ge1000,P2WPKH,all,35,1144,13249035003681,11,742,2506432838791,0.10
650000,ge1000,P2WPKH,inactive,1,6,385752883707,1,6,385752883707,0.00
650000,ge1000,P2WPKH,never_spent,26,402,10742602164890,0,0,0,0.00
650000,ge1000,P2WSH,active,17,158,10930589585683,23,158,10930589585683,0.03
650000,ge1000,P2WSH,all,22,207,12385881892379,24,201,11046517696775,0.04
650000,ge1000,P2WSH,inactive,1,43,115928111092,1,43,115928111092,0.01
650000,ge1000,P2WSH,never_spent,4,6,1339364195604,0,0,0,0.00
700000,all,All,active,2482827,13266434,305912625613907,2483471,13266434,305912625613907,4962.50
700000,all,All,all,38610679,75260695,1881240004249804,7048339,29394998,581010038618539,11375.77
700000,all,All,inactive,4261395,15968538,101242545516698,4262337,15782474,100980415979317,6268.43
700000,all,All,never_spent,31866457,46025723,1474084833119199,302531,346090,174116997025315,144.83
700000,all,P2PK,active,57,3290,33104906,57,3290,33104906,1.20
700000,all,P2PK,all,38181,48993,173912389945458,38195,48992,173912389945458,19.50
700000,all,P2PK,inactive,267,7523,23750485241,278,7523,23750485241,2.74
700000,all,P2PK,never_spent,37857,38180,173888606355311,37860,38179,173888606355311,15.56
700000,all,P2PKH,active,1184783,8638187,86488885673529,1184849,8638187,86488885673529,3361.74
700000,all,P2PKH,all,24589748,53482075,912765314612894,4892063,22641673,161636331780746,8891.90
700000,all,P2PKH,inactive,3646346,13936582,74992388403228,3646360,13936582,74992388403228,5501.80
700000,all,P2PKH,never_spent,19758619,30907306,751284040536137,60854,66904,155057703989,28.36
700000,all,P2SH,active,795430,3227547,157506984265880,795936,3227547,157506984265880,1391.39
700000,all,P2SH,all,8230289,13706051,540974911564633,1357611,4937524,178585912092716,2134.85
700000,all,P2SH,inactive,560761,1709977,21078927826836,561675,1709977,21078927826836,743.47
700000,all,P2SH,never_spent,6874098,8768527,362388999471917,0,0,0,0.00
700000,all,P2TR,all,2,2,2024,2,2,2024,0.00
700000,all,P2TR,never_spent,2,2,2024,2,2,2024,0.00
700000,all,P2WPKH,active,494070,1319232,24052809281838,494121,1319232,24052809281838,189.78
700000,all,P2WPKH,all,5121379,7078853,197570528398231,546254,1441421,27647662339593,207.64
700000,all,P2WPKH,inactive,50283,119966,3524201612648,50290,119966,3524201612648,17.50
700000,all,P2WPKH,never_spent,4577026,5639655,169993517503745,1843,2223,70651445107,0.37
700000,all,P2WSH,active,8293,77968,37863911661754,8439,77968,37863911661754,18.31
700000,all,P2WSH,all,396794,514269,55751578718859,9670,81014,39224590996825,19.07
700000,all,P2WSH,inactive,1212,3046,1360679335071,1231,3046,1360679335071,0.76
700000,all,P2WSH,never_spent,387289,433255,16526987722034,0,0,0,0.00
700000,ge1,All,active,50580,4456274,300444294386480,51224,4456274,300444294386480,1670.11
700000,ge1,All,all,807731,8177228,1782424230483366,127881,5688195,569429458477031,2161.23
700000,ge1,All,inactive,40810,1379798,95156824248876,41752,1193734,94894694711495,452.46
700000,ge1,All,never_spent,716341,2341156,1386823111848010,34905,38187,174090469379056,38.67
700000,ge1,P2PK,all,34853,34932,173897277729020,34867,34931,173897277729020,38.69
700000,ge1,P2PK,inactive,9,9,23264000000,20,9,23264000000,0.05
700000,ge1,P2PK,never_spent,34844,34923,173874013729020,34847,34922,173874013729020,38.64
700000,ge1,P2PKH,active,17830,3475637,84469657654195,17896,3475637,84469657654195,1332.07
700000,ge1,P2PKH,all,315513,5717227,872523011637297,79294,4482579,154710784536206,1754.50
700000,ge1,P2PKH,inactive,31785,1003773,70091014021228,31799,1003773,70091014021228,385.93
700000,ge1,P2PKH,never_spent,265898,1237817,717962339961874,29599,3169,150112860783,36.50
700000,ge1,P2SH,active,21654,729858,155567555181552,22160,729858,155567555181552,300.39
700000,ge1,P2SH,all,296022,1570820,507149797600030,31208,880209,175573747118566,361.82
700000,ge1,P2SH,inactive,8134,150351,20006191937014,9048,150351,20006191937014,61.43
700000,ge1,P2SH,never_spent,266234,690611,331576050481464,0,0,0,0.00
700000,ge1,P2WPKH,active,10333,193427,22595485592694,10384,193427,22595485592694,25.31
700000,ge1,P2WPKH,all,153396,600367,174231719831537,11272,232794,26077090925263,30.36
700000,ge1,P2WPKH,inactive,847,39275,3415658252957,854,39275,3415658252957,5.05
700000,ge1,P2WPKH,never_spent,142216,367665,148220575985886,34,92,65947079612,0.01
700000,ge1,P2WSH,active,763,57352,37811595958039,909,57352,37811595958039,12.65
700000,ge1,P2WSH,all,7942,67808,54359696133870,961,57672,39169960153745,12.72
700000,ge1,P2WSH,inactive,33,320,1358364195706,52,320,1358364195706,0.07
700000,ge1,P2WSH,never_spent,7146,10136,15189735980125,0,0,0,0.00
700000,ge10,All,active,10088,2680728,288621299638593,10427,2680728,288621299638593,1022.95
700000,ge10,All,all,146814,3900871,1613137999713539,53051,3016650,548488796557717,1175.63
700000,ge10,All,inactive,7720,484153,86083619521918,7861,298089,85821489984537,114.11
700000,ge10,All,never_spent,129006,735990,1238433080553028,34763,37833,174046006934587,38.57
700000,ge10,P2PK,all,34763,34769,173872578169653,34764,34768,173872578169653,38.60
700000,ge10,P2PK,inactive,7,7,22364000000,10,7,22364000000,0.03
700000,ge10,P2PK,never_spent,34756,34762,173850214169653,34754,34761,173850214169653,38.56
700000,ge10,P2PKH,active,3686,2278792,80360604240647,3710,2278792,80360604240647,873.00
700000,ge10,P2PKH,all,55082,2981211,805087664505971,38717,2533098,143334525081228,1005.95
700000,ge10,P2PKH,inactive,5424,251241,62832284654226,5430,251241,62832284654226,96.50
700000,ge10,P2PKH,never_spent,45972,451178,661894775611098,29577,3065,141636186355,36.46
700000,ge10,P2SH,active,4851,356333,150332271705823,5139,356333,150332271705823,144.11
700000,ge10,P2SH,all,39970,598615,440166430404824,7424,397071,168724128453286,160.93
700000,ge10,P2SH,inactive,2154,40738,18391856747463,2285,40738,18391856747463,16.81
700000,ge10,P2SH,never_spent,32965,201544,271442301951538,0,0,0,0.00
700000,ge10,P2WPKH,active,1321,40398,20289814117570,1338,40398,20289814117570,5.30
700000,ge10,P2WPKH,all,15495,93306,141139359714022,1464,46347,23567955030905,6.06
700000,ge10,P2WPKH,inactive,122,5942,3223984334756,122,5942,3223984334756,0.76
700000,ge10,P2WPKH,never_spent,14052,46966,117625561261696,4,7,54156578579,0.00
700000,ge10,P2WSH,active,230,5205,37638609574553,295,5205,37638609574553,0.66
700000,ge10,P2WSH,all,1503,6906,52609837381688,316,5366,38989609822645,0.70
700000,ge10,P2WSH,inactive,12,161,1351000248092,21,161,1351000248092,0.03
700000,ge10,P2WSH,never_spent,1261,1540,13620227559043,0,0,0,0.00
700000,ge100,All,active,1600,2152410,265603140523753,1780,2152410,265603140523753,823.41
700000,ge100,All,all,15884,2750972,1188293299414507,2902,2231512,335753396071918,853.20
700000,ge100,All,inactive,1055,265128,69226093349004,1097,79064,68963963811623,29.67
700000,ge100,All,never_spent,13229,333434,853464065541750,25,38,1186291736542,0.12
700000,ge100,P2PK,all,24,26,1024621000000,24,26,1024621000000,0.12
700000,ge100,P2PK,never_spent,24,26,1024621000000,24,26,1024621000000,0.12
700000,ge100,P2PKH,active,665,2051045,71710751231955,675,2051045,71710751231955,785.61
700000,ge100,P2PKH,all,9481,2373429,682771749715324,1554,2112715,122020885309245,809.38
700000,ge100,P2PKH,inactive,855,61660,50188475669919,855,61660,50188475669919,23.65
700000,ge100,P2PKH,never_spent,7961,260724,560872522813450,24,10,121658407371,0.12
700000,ge100,P2SH,active,725,85201,139571205558980,875,85201,139571205558980,35.77
700000,ge100,P2SH,all,4675,160607,349357913493937,1088,98326,154040754885450,41.23
700000,ge100,P2SH,inactive,178,13125,14469549326470,213,13125,14469549326470,5.46
700000,ge100,P2SH,never_spent,3772,62281,195317158608487,0,0,0,0.00
700000,ge100,P2WPKH,active,163,12226,17154836338978,171,12226,17154836338978,1.59
700000,ge100,P2WPKH,all,1447,26428,105641190759788,184,16349,20158079562521,2.12
700000,ge100,P2WPKH,inactive,12,4121,2963230894372,12,4121,2963230894372,0.52
700000,ge100,P2WPKH,never_spent,1272,10081,85523123526438,1,2,40012329171,0.00
700000,ge100,P2WSH,active,47,3938,37166347393840,83,3938,37166347393840,0.48
700000,ge100,P2WSH,all,256,4418,49235694908077,100,4096,38509055314702,0.52
700000,ge100,P2WSH,inactive,9,158,1342707920862,17,158,1342707920862,0.03
700000,ge100,P2WSH,never_spent,200,322,10726639593375,0,0,0,0.00
700000,ge1000,All,active,298,311592,228558040183002,367,311592,228558040183002,119.17
700000,ge1000,All,all,2128,555748,797710373395773,546,324135,273929950480160,123.04
700000,ge1000,All,inactive,169,198605,45210722834539,178,12541,44948593297158,3.86
700000,ge1000,All,never_spent,1661,45551,523941610378232,1,2,423317000000,0.01
700000,ge1000,P2PK,all,1,1,323317000000,1,1,323317000000,0.01
700000,ge1000,P2PK,never_spent,1,1,323317000000,1,1,323317000000,0.01
700000,ge1000,P2PKH,active,113,273315,56053472080086,118,273315,56053472080086,104.69
700000,ge1000,P2PKH,all,1444,320092,440626877669145,251,279670,86926172597453,107.14
700000,ge1000,P2PKH,inactive,132,6354,30772700517367,132,6354,30772700517367,2.44
700000,ge1000,P2PKH,never_spent,1199,40423,353800705071692,1,1,100000000000,0.01
700000,ge1000,P2SH,active,133,32674,122319890361662,185,32674,122319890361662,13.80
700000,ge1000,P2SH,all,497,38707,237268106817083,220,34837,132545410554144,14.70
700000,ge1000,P2SH,inactive,29,2163,10225520192482,35,2163,10225520192482,0.89
700000,ge1000,P2SH,never_spent,335,3870,104722696262939,0,0,0,0.00
700000,ge1000,P2WPKH,active,28,1842,13588153955674,30,1842,13588153955674,0.24
700000,ge1000,P2WPKH,all,133,6949,74808296952855,31,5730,16227984327574,0.74
700000,ge1000,P2WPKH,inactive,1,3888,2639830371900,1,3888,2639830371900,0.49
700000,ge1000,P2WPKH,never_spent,104,1219,58580312625281,0,0,0,0.00
700000,ge1000,P2WSH,active,24,3761,36596523785580,40,3761,36596523785580,0.44
700000,ge1000,P2WSH,all,52,3935,44421645419309,50,3897,37907066000989,0.47
700000,ge1000,P2WSH,inactive,6,136,1310542215409,10,136,1310542215409,0.03
700000,ge1000,P2WSH,never_spent,22,38,6514579418320,0,0,0,0.00
750000,all,All,active,1913439,12160670,292561357726315,1914180,12160670,292561357726315,4119.72
750000,all,All,all,42912094,83700839,1912489217586819,7451438,31291886,593617442699897,11621.46
750000,all,All,inactive,5098997,18831694,126582210784134,5100256,18645623,126320081246753,7329.34
750000,all,All,never_spent,35899658,52708475,1493345649076370,437002,485593,174736003726829,172.40
750000,all,P2PK,active,35,139,1255862,35,139,1255862,0.05
750000,all,P2PK,all,38117,47767,173472921760118,38131,47766,173472921760118,19.05
750000,all,P2PK,inactive,306,9520,23752728475,317,9520,23752728475,3.47
750000,all,P2PK,never_spent,37776,38108,173449167775781,37779,38107,173449167775781,15.53
750000,all,P2PKH,active,496208,5446424,81927773514908,496285,5446424,81927773514908,2108.31
750000,all,P2PKH,all,23373643,51328757,845418970930969,4576521,21246705,160079755052443,8343.43
750000,all,P2PKH,inactive,4019166,15732506,78105289110235,4019201,15732506,78105289110235,6206.41
750000,all,P2PKH,never_spent,18858269,30149827,685385908305826,61035,67775,46692427300,28.70
750000,all,P2SH,active,596602,3715335,132096782480260,597189,3715335,132096782480260,1587.31
750000,all,P2SH,all,8296065,15452358,505084354727745,1419385,6102246,169949991700162,2626.82
750000,all,P2SH,inactive,821031,2386911,37853209219902,822196,2386911,37853209219902,1039.50
750000,all,P2SH,never_spent,6878432,9350112,335134363027583,0,0,0,0.00
750000,all,P2TR,active,291,1305,12695038579,291,1305,12695038579,0.17
750000,all,P2TR,all,117746,122415,1186415179601,117746,122415,1186415179601,20.36
750000,all,P2TR,inactive,1,2,25601,1,2,25601,0.00
750000,all,P2TR,never_spent,117454,121108,1173720115421,117454,121108,1173720115421,20.18
750000,all,P2WPKH,active,806245,2936773,40943143207890,806309,2936773,40943143207890,409.25
750000,all,P2WPKH,all,10192162,15418968,314192487812826,1060423,3439429,48019796624763,484.53
750000,all,P2WPKH,inactive,251301,498746,7013034143531,251333,498746,7013034143531,74.65
750000,all,P2WPKH,never_spent,9134616,11983449,266236310461405,2781,3910,63619273342,0.62
750000,all,P2WSH,active,13925,60561,37580961039816,14109,60561,37580961039816,14.56
750000,all,P2WSH,all,644051,884065,72868662486581,18679,72927,40905287271532,17.61
750000,all,P2WSH,inactive,4490,12366,3324326231716,4570,12366,3324326231716,3.05
750000,all,P2WSH,never_spent,625636,811138,31963375215049,0,0,0,0.00
750000,ge1,All,active,45670,4503382,287308761740351,46411,4503382,287308761740351,1649.32
750000,ge1,All,all,896052,9360574,1796645493866591,138346,6321107,580712886059358,2367.51
750000,ge1,All,inactive,54679,1963265,119115314825301,55938,1777194,118853185287920,679.18
750000,ge1,All,never_spent,795703,2893927,1390221417300939,35997,40531,174550939031087,39.02
750000,ge1,P2PK,all,34755,34834,173458146184842,34769,34833,173458146184842,38.75
750000,ge1,P2PK,inactive,9,9,23264000000,20,9,23264000000,0.06
750000,ge1,P2PK,never_spent,34746,34825,173434882184842,34749,34824,173434882184842,38.70
750000,ge1,P2PKH,active,11508,2907025,80738069102698,11585,2907025,80738069102698,1114.53
750000,ge1,P2PKH,all,297023,5850655,807227067576703,76680,4350327,153540098514142,1704.14
750000,ge1,P2PKH,inactive,35539,1439523,72761046957486,35574,1439523,72761046957486,553.02
750000,ge1,P2PKH,never_spent,249976,1504107,653727951516519,29521,3779,40982453958,36.59
750000,ge1,P2SH,active,14814,1151130,130512750076559,15401,1151130,130512750076559,476.35
750000,ge1,P2SH,all,277451,2184340,471875184531765,30822,1440612,166876931806669,596.07
750000,ge1,P2SH,inactive,14256,289482,36364181730110,15421,289482,36364181730110,119.72
750000,ge1,P2SH,never_spent,248381,743728,304998252725096,0,0,0,0.00
750000,ge1,P2TR,active,23,251,10669296480,23,251,10669296480,0.03
750000,ge1,P2TR,all,1191,1897,1028710571993,1191,1897,1028710571993,0.29
750000,ge1,P2TR,never_spent,1168,1646,1018041275513,1168,1646,1018041275513,0.26
750000,ge1,P2WPKH,active,17917,425216,38581784699371,17981,425216,38581784699371,55.45
750000,ge1,P2WPKH,all,273577,1063249,271762703177509,22708,472126,45035001481106,61.76
750000,ge1,P2WPKH,inactive,4641,46632,6396579374602,4673,46632,6396579374602,6.28
750000,ge1,P2WPKH,never_spent,251019,591401,226784339103536,54,278,56637407133,0.03
750000,ge1,P2WSH,active,1408,19760,37465488565243,1592,19760,37465488565243,4.12
750000,ge1,P2WSH,all,12050,39518,71030954272167,1904,21302,40773399486375,4.43
750000,ge1,P2WSH,inactive,232,1542,3307910921132,312,1542,3307910921132,0.30
750000,ge1,P2WSH,never_spent,10410,18216,30257554785792,0,0,0,0.00
750000,ge10,All,active,8197,2882735,276765198431933,8572,2882735,276765198431933,1087.30
750000,ge10,All,all,149919,4398937,1609022705029191,53663,3324126,557488408776546,1280.69
750000,ge10,All,inactive,10040,589161,106728996051505,10305,403090,106466866514124,154.74
750000,ge10,All,never_spent,131682,927041,1225528510545753,34786,38301,174256343830489,38.66
750000,ge10,P2PK,all,34665,34671,173433446625475,34666,34670,173433446625475,38.66
750000,ge10,P2PK,inactive,7,7,22364000000,10,7,22364000000,0.04
750000,ge10,P2PK,never_spent,34658,34664,173411082625475,34656,34663,173411082625475,38.62
750000,ge10,P2PKH,active,2519,2168980,78055928137366,2552,2168980,78055928137366,831.38
750000,ge10,P2PKH,all,50710,3022586,743994885675081,38149,2457628,142731751410802,977.44
750000,ge10,P2PKH,inactive,6095,285198,64645855907861,6103,285198,64645855907861,109.54
750000,ge10,P2PKH,never_spent,42096,568408,601293101629854,29494,3450,29967365575,36.52
750000,ge10,P2SH,active,3121,585509,127111439210833,3413,585509,127111439210833,239.56
750000,ge10,P2SH,all,36469,924853,409474736034397,7047,690361,160281734612883,283.06
750000,ge10,P2SH,inactive,3387,104852,33170295402050,3634,104852,33170295402050,43.50
750000,ge10,P2SH,never_spent,29961,234492,249193001421514,0,0,0,0.00
750000,ge10,P2TR,active,4,28,5202692078,4,28,5202692078,0.00
750000,ge10,P2TR,all,124,203,783287014047,124,203,783287014047,0.03
750000,ge10,P2TR,never_spent,120,175,778084321969,120,175,778084321969,0.03
750000,ge10,P2WPKH,active,2214,119517,34443799728184,2238,119517,34443799728184,15.52
750000,ge10,P2WPKH,all,25458,218847,212629167258486,2738,132047,39852835532225,17.13
750000,ge10,P2WPKH,inactive,492,12517,5371826286571,494,12517,5371826286571,1.61
750000,ge10,P2WPKH,never_spent,22752,86813,172813541243731,6,13,37209517470,0.00
750000,ge10,P2WSH,active,339,8701,37148828663472,437,8701,37148828663472,1.58
750000,ge10,P2WSH,all,2492,11706,68445052884324,513,9217,40405353581114,1.66
750000,ge10,P2WSH,inactive,58,516,3256524917642,76,516,3256524917642,0.08
750000,ge10,P2WSH,never_spent,2095,2489,28039699303210,0,0,0,0.00
750000,ge100,All,active,1492,2171602,258206021976891,1648,2171602,258206021976891,828.82
750000,ge100,All,all,15946,2898003,1177694404908099,3017,2304735,344498498591053,880.65
750000,ge100,All,inactive,1249,319158,84997932708971,1330,133087,84735803171590,51.71
750000,ge100,All,never_spent,13205,407243,834490450222237,39,46,1556673442572,0.12
750000,ge100,P2PK,all,24,26,1024621000000,24,26,1024621000000,0.12
750000,ge100,P2PK,never_spent,24,26,1024621000000,24,26,1024621000000,0.12
750000,ge100,P2PKH,active,528,1986824,72279849225764,544,1986824,72279849225764,761.07
750000,ge100,P2PKH,all,8695,2365386,632026386491797,1504,2053870,122810546098973,786.91
750000,ge100,P2PKH,inactive,936,67046,50530696873209,936,67046,50530696873209,25.72
750000,ge100,P2PKH,never_spent,7231,311516,509215840392824,24,0,0,0.12
750000,ge100,P2SH,active,596,151361,119891372956804,714,151361,119891372956804,63.58
750000,ge100,P2SH,all,4351,295461,327087067572744,1045,212116,146674065773828,88.89
750000,ge100,P2SH,inactive,260,60755,26782692817024,331,60755,26782692817024,25.30
750000,ge100,P2SH,never_spent,3495,83345,180413001798916,0,0,0,0.00
750000,ge100,P2TR,all,14,18,512149439617,14,18,512149439617,0.00
750000,ge100,P2TR,never_spent,14,18,512149439617,14,18,512149439617,0.00
750000,ge100,P2WPKH,active,318,29895,29594965590774,327,29895,29594965590774,3.91
750000,ge100,P2WPKH,all,2435,46875,155773539506937,371,35018,33884388664673,4.56
750000,ge100,P2WPKH,inactive,43,5121,4269520070944,43,5121,4269520070944,0.65
750000,ge100,P2WPKH,never_spent,2074,11859,121909053845219,1,2,19903002955,0.00
750000,ge100,P2WSH,active,50,3522,36439834203549,95,3522,36439834203549,0.43
750000,ge100,P2WSH,all,426,4166,61008511359623,115,3687,39592727613962,0.46
750000,ge100,P2WSH,inactive,9,165,3152893410413,20,165,3152893410413,0.04
750000,ge100,P2WSH,never_spent,367,479,21415783745661,0,0,0,0.00
750000,ge1000,All,active,337,151511,226190791754688,431,151511,226190791754688,54.35
750000,ge1000,All,all,2149,406401,790362810984221,620,176496,283070574672678,63.19
750000,ge1000,All,inactive,172,211053,56618595365812,187,24982,56356465828431,8.83
750000,ge1000,All,never_spent,1640,43837,507553423863721,2,3,523317089559,0.01
750000,ge1000,P2PK,all,1,1,323317000000,1,1,323317000000,0.01
750000,ge1000,P2PK,never_spent,1,1,323317000000,1,1,323317000000,0.01
750000,ge1000,P2PKH,active,139,129782,61052978891230,141,129782,61052978891230,49.75
750000,ge1000,P2PKH,all,1275,174247,406466094289128,271,136194,90392908808935,52.22
750000,ge1000,P2PKH,inactive,129,6412,29339929917705,129,6412,29339929917705,2.46
750000,ge1000,P2PKH,never_spent,1007,38053,316073185480193,1,0,0,0.01
750000,ge1000,P2SH,active,130,6150,107093470869507,198,6150,107093470869507,2.67
750000,ge1000,P2SH,all,588,23167,227369117089179,240,19858,127776136399648,8.41
750000,ge1000,P2SH,inactive,34,13708,20682665530141,42,13708,20682665530141,5.74
750000,ge1000,P2SH,never_spent,424,3309,99592980689531,0,0,0,0.00
750000,ge1000,P2TR,all,1,2,200000089559,1,2,200000089559,0.00
750000,ge1000,P2TR,never_spent,1,2,200000089559,1,2,200000089559,0.00
750000,ge1000,P2WPKH,active,47,12516,22349012043046,53,12516,22349012043046,1.65
750000,ge1000,P2WPKH,all,188,19624,103918112819527,55,17240,25626876411423,2.25
750000,ge1000,P2WPKH,inactive,2,4724,3277864368377,2,4724,3277864368377,0.60
750000,ge1000,P2WPKH,never_spent,139,2384,78291236408104,0,0,0,0.00
750000,ge1000,P2WSH,active,21,3063,35695329950905,49,3063,35695329950905,0.37
750000,ge1000,P2WSH,all,95,3289,51824040159447,63,3201,38751335963113,0.40
750000,ge1000,P2WSH,inactive,6,138,3056006012208,14,138,3056006012208,0.03
750000,ge1000,P2WSH,never_spent,68,88,13072704196334,0,0,0,0.00
800000,all,All,active,2187582,32115860,278590912613959,2188357,32115860,278590912613959,6589.95
800000,all,All,all,48241695,111532872,1943738683643960,9216013,54588466,595806456814190,14602.99
800000,all,All,inactive,5365793,19813796,140846032458893,5367402,19627723,140583271979821,7401.01
800000,all,All,never_spent,40688320,59603216,1524301738571108,1660254,2844883,176632272220410,612.03
800000,all,P2PK,active,9,25,216000,9,25,216000,0.01
800000,all,P2PK,all,38088,45804,173367262359474,38102,45803,173367262359474,18.34
800000,all,P2PK,inactive,323,7692,23721584387,334,7692,23721584387,2.81
800000,all,P2PK,never_spent,37756,38087,173343540559087,37759,38086,173343540559087,15.52
800000,all,P2PKH,active,333035,4605687,62329719013649,333107,4605687,62329719013649,1778.97
800000,all,P2PKH,all,22705407,48541006,808362929333414,4232563,19640468,149526580871107,7712.76
800000,all,P2PKH,inactive,3837563,14963428,87063168884378,3837617,14963428,87063168884378,5903.69
800000,all,P2PKH,never_spent,18534809,28971891,658970041435387,61839,71353,133692973080,30.11
800000,all,P2SH,active,611237,4330158,106966959607091,611850,4330158,106966959607091,1846.20
800000,all,P2SH,all,8841003,16767470,461145139815668,1490273,7162851,142779804308906,3075.46
800000,all,P2SH,inactive,876997,2832693,35812844701815,878423,2832693,35812844701815,1229.26
800000,all,P2SH,never_spent,7352769,9604619,318365335506762,0,0,0,0.00
800000,all,P2TR,active,236858,11897155,441884712025,236858,11897155,441884712025,1474.01
800000,all,P2TR,all,1217381,14013898,3495356026971,1217381,14013898,3495356026971,1778.49
800000,all,P2TR,inactive,142,412,7702738928,142,412,7702738928,0.06
800000,all,P2TR,never_spent,980381,2116331,3045768576018,980381,2116331,3045768576018,304.43
800000,all,P2WPKH,active,989927,11161084,67596489403883,990008,11161084,67596489403883,1462.01
800000,all,P2WPKH,all,13838059,29983694,421165787039670,1632883,12956014,80969571774642,1718.89
800000,all,P2WPKH,inactive,639616,1789982,13268082957078,639670,1789982,13268082957078,256.11
800000,all,P2WPKH,never_spent,12208516,17032628,340301214678709,3205,4948,104999413681,0.77
800000,all,P2WSH,active,16435,121670,41255858932311,16650,121670,41255858932311,28.73
800000,all,P2WSH,all,992277,1374947,75934706163136,25157,149503,45663139270253,35.52
800000,all,P2WSH,inactive,8339,27833,4407280337942,8507,27833,4407280337942,6.78
800000,all,P2WSH,never_spent,967503,1225444,30271566892883,0,0,0,0.00
800000,ge1,All,active,44479,6719072,273526356312878,45254,6719072,273526356312878,2011.55
800000,ge1,All,all,1009931,11893926,1807231679587515,150841,8627577,581724831514887,2718.58
800000,ge1,All,inactive,65606,2048173,132468045111124,67215,1862100,132205284632052,666.85
800000,ge1,All,never_spent,899846,3126681,1401237278163513,38372,46405,175993190569957,40.18
800000,ge1,P2PK,all,34729,34807,173352600121168,34743,34806,173352600121168,39.28
800000,ge1,P2PK,inactive,9,9,23264000000,20,9,23264000000,0.06
800000,ge1,P2PK,never_spent,34720,34798,173329336121168,34723,34797,173329336121168,39.22
800000,ge1,P2PKH,active,7404,2863295,61529894650710,7476,2863295,61529894650710,1097.62
800000,ge1,P2PKH,all,284264,5429148,772149291349091,74453,4105318,143435517403553,1610.25
800000,ge1,P2PKH,inactive,37411,1236800,81778492724993,37465,1236800,81778492724993,475.52
800000,ge1,P2PKH,never_spent,239449,1329053,628840903973388,29512,5223,127130027850,37.11
800000,ge1,P2SH,active,12678,1497990,105657852768774,13291,1497990,105657852768774,611.47
800000,ge1,P2SH,all,273650,2578751,427943543081851,30731,1884170,139917190263885,771.60
800000,ge1,P2SH,inactive,16014,386180,34259337495111,17440,386180,34259337495111,160.13
800000,ge1,P2SH,never_spent,244958,694581,288026352817966,0,0,0,0.00
800000,ge1,P2TR,active,165,115394,339453676130,165,115394,339453676130,14.20
800000,ge1,P2TR,all,3738,121551,2785993895874,3738,121551,2785993895874,15.12
800000,ge1,P2TR,inactive,14,69,6757883860,14,69,6757883860,0.01
800000,ge1,P2TR,never_spent,3559,6088,2439782335884,3559,6088,2439782335884,0.91
800000,ge1,P2WPKH,active,23243,2184950,64817088511843,23324,2184950,64817088511843,279.60
800000,ge1,P2WPKH,all,399818,3456319,356621034626087,35186,2420292,76662444802274,310.36
800000,ge1,P2WPKH,inactive,11751,235049,11748809915017,11805,235049,11748809915017,30.75
800000,ge1,P2WPKH,never_spent,364824,1036320,280055136199227,57,293,96546375414,0.02
800000,ge1,P2WSH,active,989,57443,41182066705421,1204,57443,41182066705421,10.19
800000,ge1,P2WSH,all,13727,87267,74115858020141,1777,61430,45570487013902,11.02
800000,ge1,P2WSH,inactive,405,3987,4388420308481,573,3987,4388420308481,0.83
800000,ge1,P2WSH,never_spent,12333,25837,28545371006239,0,0,0,0.00
800000,ge10,All,active,7960,3110709,263316425064432,8372,3110709,263316425064432,1082.49
800000,ge10,All,all,156432,4655452,1594476303858511,54947,3612805,555565233015231,1288.65
800000,ge10,All,inactive,11251,647876,117351608060896,11604,461803,117088847581824,166.92
800000,ge10,All,never_spent,137221,896867,1213808270733183,34971,40293,175159960368975,39.25
800000,ge10,P2PK,all,34640,34646,173328413955474,34641,34645,173328413955474,39.19
800000,ge10,P2PK,inactive,7,7,22364000000,10,7,22364000000,0.04
800000,ge10,P2PK,never_spent,34633,34639,173306049955474,34631,34638,173306049955474,39.14
800000,ge10,P2PKH,active,1816,1996504,59827100722216,1854,1996504,59827100722216,764.83
800000,ge10,P2PKH,all,48124,2866752,711741119655097,37678,2317694,133155950465579,923.38
800000,ge10,P2PKH,inactive,6334,316325,73217495061221,6347,316325,73217495061221,121.50
800000,ge10,P2PKH,never_spent,39974,553923,578696523871660,29477,4865,111354682142,37.05
800000,ge10,P2SH,active,2807,657597,102777338706164,3133,657597,102777338706164,259.62
800000,ge10,P2SH,all,34718,899768,366147999678134,6979,750530,133272315358066,298.20
800000,ge10,P2SH,inactive,3549,92933,30494976651902,3846,92933,30494976651902,38.59
800000,ge10,P2SH,never_spent,28362,149238,232875684320068,0,0,0,0.00
800000,ge10,P2TR,active,28,1250,309131973462,28,1250,309131973462,0.16
800000,ge10,P2TR,all,358,1908,1978420492357,358,1908,1978420492357,0.25
800000,ge10,P2TR,inactive,2,2,2516317613,2,2,2516317613,0.00
800000,ge10,P2TR,never_spent,328,656,1666772201282,328,656,1666772201282,0.10
800000,ge10,P2WPKH,active,3007,427443,59423947380287,3054,427443,59423947380287,54.91
800000,ge10,P2WPKH,all,35713,633554,269837959356986,4252,478606,68560304705220,61.62
800000,ge10,P2WPKH,inactive,1182,51029,9060573794856,1192,51029,9060573794856,6.71
800000,ge10,P2WPKH,never_spent,31524,155082,201353438181843,6,134,75783530077,0.00
800000,ge10,P2WSH,active,302,27915,40978906282303,411,27915,40978906282303,3.50
800000,ge10,P2WSH,all,2878,32751,71179630241391,640,29422,45269828038535,3.80
800000,ge10,P2WSH,inactive,176,1507,4290921756232,229,1507,4290921756232,0.30
800000,ge10,P2WSH,never_spent,2400,3329,25909802202856,0,0,0,0.00
800000,ge100,All,active,1401,570787,245532922173148,1591,570787,245532922173148,191.75
800000,ge100,All,all,15856,1270624,1149934628387466,3063,668131,339860442155167,226.93
800000,ge100,All,inactive,1337,283339,92497671146470,1418,97266,92234910667398,35.05
800000,ge100,All,never_spent,13118,416498,811904035067848,54,78,2092609314621,0.13
800000,ge100,P2PK,all,24,26,1024621000000,24,26,1024621000000,0.12
800000,ge100,P2PK,never_spent,24,26,1024621000000,24,26,1024621000000,0.12
800000,ge100,P2PKH,active,427,186636,55628469495812,449,186636,55628469495812,71.56
800000,ge100,P2PKH,all,8402,620344,606297081820897,1409,250866,114043797447729,96.33
800000,ge100,P2PKH,inactive,934,64212,58335284245174,935,64212,58335284245174,24.64
800000,ge100,P2PKH,never_spent,7041,369496,492333328079911,25,18,80043706743,0.13
800000,ge100,P2SH,active,520,279674,96536221446570,669,279674,96536221446570,107.29
800000,ge100,P2SH,all,3867,334210,287807660562691,1006,300905,120041487725192,116.18
800000,ge100,P2SH,inactive,279,21231,23505266278622,337,21231,23505266278622,8.89
800000,ge100,P2SH,never_spent,3068,33305,167766172837499,0,0,0,0.00
800000,ge100,P2TR,active,8,45,249676888200,8,45,249676888200,0.01
800000,ge100,P2TR,all,35,76,1192818499178,35,76,1192818499178,0.01
800000,ge100,P2TR,never_spent,27,31,943141610978,27,31,943141610978,0.01
800000,ge100,P2WPKH,active,397,83447,52952750458008,418,83447,52952750458008,10.88
800000,ge100,P2WPKH,all,3034,108055,190639624286706,515,95108,59419408293775,12.37
800000,ge100,P2WPKH,inactive,94,11658,6421854838867,95,11658,6421854838867,1.49
800000,ge100,P2WPKH,never_spent,2543,12950,131265018989831,2,3,44802996900,0.00
800000,ge100,P2WSH,active,49,20985,40165803884558,96,20985,40165803884558,2.31
800000,ge100,P2WSH,all,493,21840,62710061738922,149,21150,44138309189293,2.34
800000,ge100,P2WSH,inactive,29,165,3972505304735,53,165,3972505304735,0.03
800000,ge100,P2WSH,never_spent,415,690,18571752549629,0,0,0,0.00
800000,ge1000,All,active,290,170624,213618241845949,371,170624,213618241845949,58.02
800000,ge1000,All,all,2020,411312,762314928393142,589,183110,277297896572735,61.66
800000,ge1000,All,inactive,184,198554,63175804806882,214,12481,62913044327810,3.62
800000,ge1000,All,never_spent,1546,42134,485520881740311,4,5,766610398976,0.01
800000,ge1000,P2PK,all,1,1,323317000000,1,1,323317000000,0.01
800000,ge1000,P2PK,never_spent,1,1,323317000000,1,1,323317000000,0.01
800000,ge1000,P2PKH,active,102,122570,45742197483949,106,122570,45742197483949,46.97
800000,ge1000,P2PKH,all,1204,165424,386038948929415,245,128731,83481669778366,49.35
800000,ge1000,P2PKH,inactive,138,6161,37739472294417,138,6161,37739472294417,2.37
800000,ge1000,P2PKH,never_spent,964,36693,302557279151049,1,0,0,0.01
800000,ge1000,P2SH,active,110,18186,84881808927039,169,18186,84881808927039,7.63
800000,ge1000,P2SH,all,509,22786,199974093467398,210,19668,102206581472747,8.26
800000,ge1000,P2SH,inactive,27,1482,17324772545708,41,1482,17324772545708,0.64
800000,ge1000,P2SH,never_spent,372,3118,97767511994651,0,0,0,0.00
800000,ge1000,P2TR,all,3,4,443293398976,3,4,443293398976,0.00
800000,ge1000,P2TR,never_spent,3,4,443293398976,3,4,443293398976,0.00
800000,ge1000,P2WPKH,active,62,10215,43630802139364,70,10215,43630802139364,1.40
800000,ge1000,P2WPKH,all,220,17211,123025590954214,77,14970,47947489405014,2.01
800000,ge1000,P2WPKH,inactive,7,4755,4316687265650,7,4755,4316687265650,0.60
800000,ge1000,P2WPKH,never_spent,151,2241,75078101549200,0,0,0,0.00
800000,ge1000,P2WSH,active,16,19653,39363433295597,39,19653,39363433295597,2.12
800000,ge1000,P2WSH,all,82,19813,52246924164067,67,19736,42895545517632,2.14
800000,ge1000,P2WSH,inactive,11,83,3532112222035,28,83,3532112222035,0.02
800000,ge1000,P2WSH,never_spent,55,77,9351378646435,0,0,0,0.00
850000,all,All,active,3661146,95826161,268879437877125,3662413,95629035,268616677387053,16549.83
850000,all,All,all,54155582,185679475,1971863361695015,12811271,123958013,614662462919357,25727.45
850000,all,All,inactive,5848147,22249674,167786367209995,5850077,22249674,167786367209995,7886.40
850000,all,All,never_spent,44646289,67603640,1535197556607895,3298781,6079304,178259418322309,1291.22
850000,all,P2PK,active,6,22,273383,6,22,273383,0.01
850000,all,P2PK,all,37891,45357,172417511194012,37905,45356,172417511194012,18.17
850000,all,P2PK,inactive,327,7442,23719060410,338,7442,23719060410,2.72
850000,all,P2PK,never_spent,37558,37893,172393791860219,37561,37892,172393791860219,15.45
850000,all,P2PKH,active,543114,7336348,56847644816861,543212,7336348,56847644816861,2834.27
850000,all,P2PKH,all,23059200,52996688,731388380788441,4486523,23043392,146253727283221,9027.51
850000,all,P2PKH,inactive,3881316,15605892,89227935200315,3881356,15605892,89227935200315,6151.72
850000,all,P2PKH,never_spent,18634770,30054448,585312800771265,61955,101152,178147266045,41.53
850000,all,P2SH,active,761751,8562498,75962260987800,762647,8562498,75962260987800,3630.57
850000,all,P2SH,all,8475687,20220560,418322147999118,1599600,11292797,132740685412660,4814.96
850000,all,P2SH,inactive,835279,2730299,56778424424860,836953,2730299,56778424424860,1184.39
850000,all,P2SH,never_spent,6878657,8927763,285581462586458,0,0,0,0.00
850000,all,P2TR,active,998930,44396878,1332459689206,998930,44396878,1332459689206,5505.77
850000,all,P2TR,all,2950778,49874950,7001588973007,2950778,49874950,7001588973007,6267.40
850000,all,P2TR,inactive,103125,929375,51606033552,103125,929375,51606033552,118.95
850000,all,P2TR,never_spent,1848723,4548697,5617523250249,1848723,4548697,5617523250249,642.68
850000,all,P2WPKH,active,1321158,35034356,74747505886289,1321234,35034356,74747505886289,4508.82
850000,all,P2WPKH,all,17292134,59383177,530428023997364,2341138,37986170,93410916693452,4929.59
850000,all,P2WPKH,inactive,1014757,2943301,18598340112332,1014816,2943301,18598340112332,419.47
850000,all,P2WPKH,never_spent,14956219,21405520,437082177998743,5088,8513,65070694831,1.31
850000,all,P2WSH,active,36125,298872,59726805192514,36543,298872,59726805192514,70.38
850000,all,P2WSH,all,962145,1572665,112037590637531,47267,326494,62832676255747,77.22
850000,all,P2WSH,inactive,10471,27622,3105871063233,10724,27622,3105871063233,6.84
850000,all,P2WSH,never_spent,915549,1246171,49204914381784,0,0,0,0.00
850000,ge1,All,active,45180,13815690,262303923812930,46447,13618564,262041163322858,2835.22
850000,ge1,All,all,1010339,19871788,1830314326716268,150526,16360623,599076332176973,3784.16
850000,ge1,All,inactive,61794,2439983,159738258110126,63724,2439983,159738258110126,869.58
850000,ge1,All,never_spent,903365,3616115,1408272144793212,40355,302076,177296910743989,79.36
850000,ge1,P2PK,all,34526,34608,172402849162665,34540,34607,172402849162665,50.56
850000,ge1,P2PK,inactive,9,9,23264000000,20,9,23264000000,0.07
850000,ge1,P2PK,never_spent,34517,34599,172379585162665,34520,34598,172379585162665,50.48
850000,ge1,P2PKH,active,8000,2445406,55464001751920,8098,2445406,55464001751920,937.14
850000,ge1,P2PKH,all,265504,5629330,696061098101675,71750,4321637,139810741492772,1692.45
850000,ge1,P2PKH,inactive,34270,1841305,84175489637024,34310,1841305,84175489637024,706.92
850000,ge1,P2PKH,never_spent,223234,1342619,556421606712731,29342,34926,171250103828,48.38
850000,ge1,P2SH,active,10623,1704060,74487729411081,11519,1704060,74487729411081,693.55
850000,ge1,P2SH,all,246522,2608019,387977395985700,25939,2009422,130094216591364,818.24
850000,ge1,P2SH,inactive,12746,305362,55606487180283,14420,305362,55606487180283,124.70
850000,ge1,P2SH,never_spent,223153,598597,257883179394336,0,0,0,0.00
850000,ge1,P2TR,active,820,1023025,900049215297,820,1023025,900049215297,125.87
850000,ge1,P2TR,all,6603,1255766,5633576384579,6603,1255766,5633576384579,154.76
850000,ge1,P2TR,inactive,35,457,38932019987,35,457,38932019987,0.06
850000,ge1,P2TR,never_spent,5748,232284,4694595149295,5748,232284,4694595149295,28.83
850000,ge1,P2WPKH,active,25256,8324040,71528797752622,25332,8324040,71528797752622,1059.34
850000,ge1,P2WPKH,all,440150,9952916,457916179696797,39960,8614334,88383545774535,1097.08
850000,ge1,P2WPKH,inactive,14520,290030,16803663403353,14579,290030,16803663403353,37.72
850000,ge1,P2WPKH,never_spent,400374,1338846,369583718540822,49,264,51084618560,0.02
850000,ge1,P2WSH,active,480,122033,59660585191938,898,122033,59660585191938,20.47
850000,ge1,P2WSH,all,17029,194013,110059868880549,1364,124847,62750804756827,20.91
850000,ge1,P2WSH,inactive,213,2814,3090219564889,466,2814,3090219564889,0.44
850000,ge1,P2WSH,never_spent,16336,69166,47309064123722,0,0,0,0.00
850000,ge10,All,active,7452,4173375,252020804654013,8127,3976249,251758044163941,1132.85
850000,ge10,All,all,152810,5612194,1617311338882445,52840,4559123,573244038603416,1365.52
850000,ge10,All,inactive,9262,512790,145556062088454,9667,512790,145556062088454,182.11
850000,ge10,All,never_spent,136096,926029,1219734472139978,35046,70084,175929932351021,50.57
850000,ge10,P2PK,all,34438,34448,172378862996971,34439,34447,172378862996971,50.46
850000,ge10,P2PK,inactive,7,7,22364000000,10,7,22364000000,0.05
850000,ge10,P2PK,never_spent,34431,34441,172356498996971,34429,34440,172356498996971,50.40
850000,ge10,P2PKH,active,1843,1995732,53669274328244,1893,1995732,53669274328244,764.46
850000,ge10,P2PKH,all,44311,2976471,639716842466494,36776,2401587,130171202771595,955.27
850000,ge10,P2PKH,inactive,5572,371282,76346184966271,5581,371282,76346184966271,142.49
850000,ge10,P2PKH,never_spent,36896,609457,509701383171979,29302,34573,155743477080,48.32
850000,ge10,P2SH,active,2301,473864,72074445616044,2794,473864,72074445616044,177.35
850000,ge10,P2SH,all,30358,675356,332205409448168,5266,549866,124706607946744,208.57
850000,ge10,P2SH,inactive,2131,76002,52632162330700,2472,76002,52632162330700,31.22
850000,ge10,P2SH,never_spent,25926,125490,207498801501424,0,0,0,0.00
850000,ge10,P2TR,active,68,139574,712590369972,68,139574,712590369972,17.17
850000,ge10,P2TR,all,679,140618,4128878358041,679,140618,4128878358041,17.33
850000,ge10,P2TR,inactive,6,20,31038835847,6,20,31038835847,0.00
850000,ge10,P2TR,never_spent,605,1024,3385249152222,605,1024,3385249152222,0.15
850000,ge10,P2WPKH,active,3097,1292368,65738572698096,3126,1292368,65738572698096,164.82
850000,ge10,P2WPKH,all,39902,1507561,362207765015108,4638,1357278,79246885050645,173.18
850000,ge10,P2WPKH,inactive,1495,64863,13475871627801,1506,64863,13475871627801,8.36
850000,ge10,P2WPKH,never_spent,35310,150330,282993320689211,6,47,32440724748,0.00
850000,ge10,P2WSH,active,142,74711,59563161151585,354,74711,59563161151585,9.67
850000,ge10,P2WSH,all,3121,80614,106410820107591,470,75327,62611601479420,9.75
850000,ge10,P2WSH,inactive,51,616,3048440327835,116,616,3048440327835,0.09
850000,ge10,P2WSH,never_spent,2928,5287,43799218628171,0,0,0,0.00
850000,ge100,All,active,1353,639706,235850527363459,1696,442580,235587766873387,123.74
850000,ge100,All,all,15875,1252876,1182331767373964,3161,606754,363342675698977,183.50
850000,ge100,All,inactive,1296,163982,124592440281722,1383,163982,124592440281722,59.63
850000,ge100,All,never_spent,13226,449188,821888799728783,82,192,3162468543868,0.14
850000,ge100,P2PK,all,24,26,1024621000000,24,26,1024621000000,0.13
850000,ge100,P2PK,never_spent,24,26,1024621000000,24,26,1024621000000,0.13
850000,ge100,P2PKH,active,388,183002,49457199815737,418,183002,49457199815737,70.10
850000,ge100,P2PKH,all,7286,705117,541656472761533,1297,309744,113056049037160,118.77
850000,ge100,P2PKH,inactive,858,126658,63500115712557,855,126658,63500115712557,48.55
850000,ge100,P2PKH,never_spent,6040,395457,428699157233239,24,84,98733508866,0.13
850000,ge100,P2SH,active,454,95793,67307737582595,692,95793,67307737582595,32.90
850000,ge100,P2SH,all,3553,148716,263426352829386,1036,117485,115113754822283,41.99
850000,ge100,P2SH,inactive,269,21692,47806017239688,344,21692,47806017239688,9.08
850000,ge100,P2SH,never_spent,2830,31231,148312598007103,0,0,0,0.00
850000,ge100,P2TR,active,12,14637,570471227652,12,14637,570471227652,1.80
850000,ge100,P2TR,all,70,14722,2613104055381,70,14722,2613104055381,1.81
850000,ge100,P2TR,inactive,1,5,23421795682,1,5,23421795682,0.00
850000,ge100,P2TR,never_spent,57,80,2019211032047,57,80,2019211032047,0.01
850000,ge100,P2WPKH,active,434,121686,58957040331150,452,121686,58957040331150,15.92
850000,ge100,P2WPKH,all,4256,158075,275508719798003,607,137229,69307734783642,17.91
850000,ge100,P2WPKH,inactive,152,15541,10330791449537,154,15541,10330791449537,2.00
850000,ge100,P2WPKH,never_spent,3670,20848,206220888017316,1,2,19903002955,0.00
850000,ge100,P2WSH,active,64,27462,59295317916253,175,27462,59295317916253,3.50
850000,ge100,P2WSH,all,685,29094,97839736439589,206,27548,62227412000511,3.52
850000,ge100,P2WSH,inactive,16,86,2932094084258,31,86,2932094084258,0.02
850000,ge100,P2WSH,never_spent,605,1546,35612324439078,0,0,0,0.00
850000,ge1000,All,active,305,372667,206313968033222,462,175541,206051207543150,44.18
850000,ge1000,All,all,2061,470948,792634361250595,687,232549,303061174127559,64.87
850000,ge1000,All,inactive,195,57001,95933356339063,220,57001,95933356339063,20.68
850000,ge1000,All,never_spent,1561,41280,490387036878310,5,7,1076610245346,0.01
850000,ge1000,P2PK,all,1,1,323317000000,1,1,323317000000,0.01
850000,ge1000,P2PK,never_spent,1,1,323317000000,1,1,323317000000,0.01
850000,ge1000,P2PKH,active,100,70438,41229642436013,107,70438,41229642436013,27.18
850000,ge1000,P2PKH,all,1046,156208,364323380051875,252,120183,85716882243220,46.24
850000,ge1000,P2PKH,inactive,146,49745,44487239807207,144,49745,44487239807207,19.05
850000,ge1000,P2PKH,never_spent,800,36025,278606497808655,1,0,0,0.01
850000,ge1000,P2SH,active,97,12999,56772334155546,197,12999,56772334155546,5.46
850000,ge1000,P2SH,all,454,17671,183460160787683,243,15383,98798879303328,6.47
850000,ge1000,P2SH,inactive,28,2384,42026545147782,46,2384,42026545147782,1.01
850000,ge1000,P2SH,never_spent,329,2288,84661281484355,0,0,0,0.00
850000,ge1000,P2TR,active,1,1,300000000000,1,1,300000000000,0.00
850000,ge1000,P2TR,all,5,7,1053293245346,5,7,1053293245346,0.00
850000,ge1000,P2TR,never_spent,4,6,753293245346,4,6,753293245346,0.00
850000,ge1000,P2WPKH,active,74,78310,49451306748702,86,78310,49451306748702,10.24
850000,ge1000,P2WPKH,all,373,85900,160037600970896,98,83132,56087880364906,10.85
850000,ge1000,P2WPKH,inactive,12,4822,6636573616204,12,4822,6636573616204,0.61
850000,ge1000,P2WPKH,never_spent,287,2768,103949720605990,0,0,0,0.00
850000,ge1000,P2WSH,active,32,13793,58297924202889,86,13793,58297924202889,1.59
850000,ge1000,P2WSH,all,181,14035,83173848704723,104,13843,61080921970759,1.60
850000,ge1000,P2WSH,inactive,9,50,2782997767870,18,50,2782997767870,0.01
850000,ge1000,P2WSH,never_spent,140,192,22092926733964,0,0,0,0.00
900000,all,All,active,3393265,69775487,297985324100240,3395729,69578182,297722563609391,11330.83
900000,all,All,all,55039039,169854879,1987488209075094,14775765,111331235,636074804296807,22301.90
900000,all,All,inactive,6649279,33383625,154962170162736,6651657,33383625,154962170162736,9154.49
900000,all,All,never_spent,44996495,66695767,1534540714812118,4728379,8369428,183390070524680,1816.57
900000,all,P2PK,active,6,33,6176031,6,33,6176031,0.01
900000,all,P2PK,all,37760,45246,171962057135395,37774,45245,171962057135395,18.12
900000,all,P2PK,inactive,329,7454,23719233813,338,7454,23719233813,2.72
900000,all,P2PK,never_spent,37425,37759,171938331725551,37430,37758,171938331725551,15.39
900000,all,P2PKH,active,503291,5734854,43374579228469,503429,5734854,43374579228469,2219.10
900000,all,P2PKH,all,21859463,47739298,628390312508450,4270990,20306373,123324688222472,7969.54
900000,all,P2PKH,inactive,3705227,14448748,79807328366017,3705275,14448748,79807328366017,5700.61
900000,all,P2PKH,never_spent,17650945,27555696,505208404913964,62286,122771,142780627986,49.82
900000,all,P2SH,active,403069,3479116,82885962272073,404667,3479116,82885962272073,1479.44
900000,all,P2SH,all,6657597,13567326,413905928269788,1265718,6702943,135121973451257,2872.19
900000,all,P2SH,inactive,859126,3223827,52236011179184,861051,3223827,52236011179184,1392.75
900000,all,P2SH,never_spent,5395402,6864383,278783954818531,0,0,0,0.00
900000,all,P2TR,active,1056159,42997264,3816393078782,1056159,42997264,3816393078782,5336.19
900000,all,P2TR,all,4249375,58783125,15324371049754,4249375,58783125,15324371049754,7421.55
900000,all,P2TR,inactive,581476,9638633,247606410237,581476,9638633,247606410237,1211.72
900000,all,P2TR,never_spent,2611740,6147228,11260371560735,2611740,6147228,11260371560735,873.64
900000,all,P2WPKH,active,1384260,17113779,109226924385611,1384347,17113779,109226924385611,2235.75
900000,all,P2WPKH,all,19196246,45420116,640533602948888,2867479,23112498,130066799972515,3064.32
900000,all,P2WPKH,inactive,1476977,5988319,20796693206484,1477025,5988319,20796693206484,826.98
900000,all,P2WPKH,never_spent,16335009,22318018,510509985356793,6107,10400,43182380420,1.60
900000,all,P2WSH,active,46469,253126,58418698378425,47379,253126,58418698378425,60.35
900000,all,P2WSH,all,994790,2044412,117103299554441,71048,323972,60269038343133,77.71
900000,all,P2WSH,inactive,23217,70846,1850339964708,23669,70846,1850339964708,17.36
900000,all,P2WSH,never_spent,925104,1720440,56834261211308,0,0,0,0.00
900000,ge1,All,active,44072,5996783,292902115925636,46536,5799478,292639355434787,1410.37
900000,ge1,All,all,988749,11632985,1848614231350182,152167,8424586,621367536216471,2313.56
900000,ge1,All,inactive,60458,2449426,146773327214139,62836,2449426,146773327214139,833.96
900000,ge1,All,never_spent,884219,3186776,1408938788210407,42795,175682,181954853567545,69.23
900000,ge1,P2PK,all,34395,34480,171947453937615,34409,34479,171947453937615,58.38
900000,ge1,P2PK,inactive,9,9,23264000000,18,9,23264000000,0.07
900000,ge1,P2PK,never_spent,34386,34471,171924189937615,34391,34470,171924189937615,58.31
900000,ge1,P2PKH,active,7485,2018624,42635571450660,7623,2018624,42635571450660,773.77
900000,ge1,P2PKH,all,244378,5040815,596064125322568,68560,3758211,117789253428490,1476.58
900000,ge1,P2PKH,inactive,31660,1683988,75017937542162,31708,1683988,75017937542162,646.59
900000,ge1,P2PKH,never_spent,205233,1338203,478410616329746,29229,55599,135744435668,56.21
900000,ge1,P2SH,active,8335,569727,82173140725611,9933,569727,82173140725611,229.14
900000,ge1,P2SH,all,219124,1378278,387250974877410,23310,908848,133286377786061,361.87
900000,ge1,P2SH,inactive,11452,339121,51113237060450,13377,339121,51113237060450,132.73
900000,ge1,P2SH,never_spent,199337,469430,253964597091349,0,0,0,0.00
900000,ge1,P2TR,active,877,534013,3592641253132,877,534013,3592641253132,65.72
900000,ge1,P2TR,all,9332,691851,13605705642003,9332,691851,13605705642003,85.52
900000,ge1,P2TR,inactive,153,72478,151564629173,153,72478,151564629173,8.92
900000,ge1,P2TR,never_spent,8302,85360,9861499759698,8302,85360,9861499759698,10.87
900000,ge1,P2WPKH,active,26702,2628318,105891740425069,26789,2628318,105891740425069,336.89
900000,ge1,P2WPKH,all,458290,4200249,564893697992599,43828,2978287,124563662103715,382.31
900000,ge1,P2WPKH,inactive,16926,349720,18638897953723,16974,349720,18638897953723,45.40
900000,ge1,P2WPKH,never_spent,414662,1222211,440363059613807,65,249,33023724923,0.02
900000,ge1,P2WSH,active,672,48796,58346261580315,1582,48796,58346261580315,6.99
900000,ge1,P2WSH,all,23225,89997,114588915072907,2291,52900,60174485304356,7.60
900000,ge1,P2WSH,inactive,257,4104,1828223724041,709,4104,1828223724041,0.62
900000,ge1,P2WSH,never_spent,22296,37097,54414429768551,0,0,0,0.00
900000,ge10,All,active,7976,2739643,283133451443295,9281,2542338,282870690952446,816.76
900000,ge10,All,all,151776,4231467,1641076089784405,53962,3177298,595879926881557,1063.46
900000,ge10,All,inactive,8738,540363,132967910368519,9274,540363,132967910368519,187.79
900000,ge10,All,never_spent,135062,951461,1224974727972591,35407,94597,180041325560592,58.91
900000,ge10,P2PK,all,34310,34323,171923828224921,34311,34322,171923828224921,58.29
900000,ge10,P2PK,inactive,7,7,22364000000,9,7,22364000000,0.06
900000,ge10,P2PK,never_spent,34303,34316,171901464224921,34302,34315,171901464224921,58.23
900000,ge10,P2PKH,active,1700,1806140,40959371873205,1764,1806140,40959371873205,691.92
900000,ge10,P2PKH,all,40227,2809991,544197358003995,36089,2203582,108880883036910,879.42
900000,ge10,P2PKH,inactive,5122,342218,67801345891213,5132,342218,67801345891213,131.35
900000,ge10,P2PKH,never_spent,33405,661633,435436640239577,29193,55224,120165272492,56.15
900000,ge10,P2SH,active,2086,133739,80317819839863,2998,133739,80317819839863,48.31
900000,ge10,P2SH,all,27465,352172,337769008543486,5234,262499,128786078902061,95.84
900000,ge10,P2SH,inactive,1831,128760,48468259062198,2236,128760,48468259062198,47.52
900000,ge10,P2SH,never_spent,23548,89673,208982929641425,0,0,0,0.00
900000,ge10,P2TR,active,168,115793,3411117287759,168,115793,3411117287759,14.25
900000,ge10,P2TR,all,1277,120908,11537091804265,1277,120908,11537091804265,14.93
900000,ge10,P2TR,inactive,15,73,116020403547,15,73,116020403547,0.01
900000,ge10,P2TR,never_spent,1094,5042,8009954112959,1094,5042,8009954112959,0.67
900000,ge10,P2WPKH,active,3787,457223,99965278374575,3830,457223,99965278374575,59.04
900000,ge10,P2WPKH,all,44295,676187,465822247372672,5541,525278,114762933099642,67.77
900000,ge10,P2WPKH,inactive,1703,68039,14787912774847,1708,68039,14787912774847,8.73
900000,ge10,P2WPKH,never_spent,38805,150925,351069056223250,3,16,9741950220,0.00
900000,ge10,P2WSH,active,234,29443,58217103577044,649,29443,58217103577044,4.18
900000,ge10,P2WSH,all,4201,40581,109563795344217,840,30709,59989111813758,4.38
900000,ge10,P2WSH,inactive,60,1266,1772008236714,191,1266,1772008236714,0.20
900000,ge10,P2WSH,never_spent,3907,9872,49574683530459,0,0,0,0.00
900000,ge100,All,active,1880,504167,266143785069205,2622,306862,265881024578356,83.50
900000,ge100,All,all,18570,1151752,1211691537447761,4062,483058,385645319287471,148.61
900000,ge100,All,inactive,1156,175623,112936286574304,1274,175623,112936286574304,64.91
900000,ge100,All,never_spent,15534,471962,832611465804252,166,573,6828008134811,0.20
900000,ge100,P2PK,all,24,26,1024621000000,24,26,1024621000000,0.13
900000,ge100,P2PK,never_spent,24,26,1024621000000,24,26,1024621000000,0.13
900000,ge100,P2PKH,active,392,115597,37112276195995,426,115597,37112276195995,44.36
900000,ge100,P2PKH,all,6343,686668,453784090841268,1206,255792,93096543332732,98.20
900000,ge100,P2PKH,inactive,757,140154,55916804162815,756,140154,55916804162815,53.71
900000,ge100,P2PKH,never_spent,5194,430917,360755010482458,24,41,67462973922,0.13
900000,ge100,P2SH,active,479,74196,75977249269509,980,74196,75977249269509,24.03
900000,ge100,P2SH,all,3782,112919,275571151133584,1286,97232,120251952242561,33.65
900000,ge100,P2SH,inactive,232,23036,44274702973052,306,23036,44274702973052,9.62
900000,ge100,P2SH,never_spent,3071,15687,155319198891023,0,0,0,0.00
900000,ge100,P2TR,active,40,1797,3039589821865,40,1797,3039589821865,0.22
900000,ge100,P2TR,all,184,2311,8848935779530,184,2311,8848935779530,0.29
900000,ge100,P2TR,inactive,2,8,73421796776,2,8,73421796776,0.00
900000,ge100,P2TR,never_spent,142,506,5735924160889,142,506,5735924160889,0.07
900000,ge100,P2WPKH,active,842,98370,91879298031301,864,98370,91879298031301,12.92
900000,ge100,P2WPKH,all,7323,133543,373309433722407,1010,110720,102927126161615,14.49
900000,ge100,P2WPKH,inactive,146,12350,11047828130314,146,12350,11047828130314,1.58
900000,ge100,P2WPKH,never_spent,6335,22823,270382307560792,0,0,0,0.00
900000,ge100,P2WSH,active,126,16902,57872611259686,369,16902,57872611259686,2.44
900000,ge100,P2WSH,all,913,18980,98890544480123,433,16977,59496140771033,2.45
900000,ge100,P2WSH,inactive,19,75,1623529511347,64,75,1623529511347,0.01
900000,ge100,P2WSH,never_spent,768,2003,39394403709090,0,0,0,0.00
900000,ge1000,All,active,407,293827,219235907556760,798,96522,218973147065911,30.86
900000,ge1000,All,all,2103,438236,737972027964788,1015,197322,309076818605998,68.44
900000,ge1000,All,inactive,179,100754,87023543592831,205,100754,87023543592831,37.56
900000,ge1000,All,never_spent,1517,43655,431712576815197,12,46,3080127947256,0.02
900000,ge1000,P2PK,all,1,1,323317000000,1,1,323317000000,0.01
900000,ge1000,P2PK,never_spent,1,1,323317000000,1,1,323317000000,0.01
900000,ge1000,P2PKH,active,56,58422,27036968616723,67,58422,27036968616723,22.60
900000,ge1000,P2PKH,all,992,185140,314281498660022,207,147613,66546479166249,56.78
900000,ge1000,P2PKH,inactive,139,89191,39509510549526,139,89191,39509510549526,34.17
900000,ge1000,P2PKH,never_spent,797,37527,247735019493773,1,0,0,0.01
900000,ge1000,P2SH,active,177,11192,67307931290708,479,11192,67307931290708,4.58
900000,ge1000,P2SH,all,553,19840,179515747181694,518,17804,106090453397740,7.35
900000,ge1000,P2SH,inactive,22,6612,38782522107032,39,6612,38782522107032,2.76
900000,ge1000,P2SH,never_spent,354,2036,73425293783954,0,0,0,0.00
900000,ge1000,P2TR,active,7,541,2365181560426,7,541,2365181560426,0.07
900000,ge1000,P2TR,all,18,586,5121992507682,18,586,5121992507682,0.07
900000,ge1000,P2TR,never_spent,11,45,2756810947256,11,45,2756810947256,0.01
900000,ge1000,P2WPKH,active,123,14385,67536840592847,130,14385,67536840592847,2.06
900000,ge1000,P2WPKH,all,407,22978,159972064180394,144,19325,75227211943314,2.68
900000,ge1000,P2WPKH,inactive,14,4940,7690371350467,14,4940,7690371350467,0.63
900000,ge1000,P2WPKH,never_spent,270,3653,84744852237080,0,0,0,0.00
900000,ge1000,P2WSH,active,43,11982,54726225005207,132,11982,54726225005207,1.82
900000,ge1000,P2WSH,all,131,12386,78494647944147,145,11993,55767364591013,1.82
900000,ge1000,P2WSH,inactive,4,11,1041139585806,13,11,1041139585806,0.00
900000,ge1000,P2WSH,never_spent,84,393,22727283353134,0,0,0,0.00
950000,all,All,active,2580152,41743595,337869255265065,2585796,41743595,337869255265065,6696.95
950000,all,All,all,58681524,165206873,2003112302771392,16047454,102347011,690057351288453,20301.39
950000,all,All,inactive,7988355,51499049,165273122685914,7991803,51499049,165273122685914,11550.71
950000,all,All,never_spent,48113017,71964229,1499969924820413,5469855,9104367,186914973337474,2053.73
950000,all,P2PK,active,3,19,140000,3,19,140000,0.01
950000,all,P2PK,all,37660,44632,171591953374194,37674,44631,171591953374194,16.81
950000,all,P2PK,inactive,330,6939,23708222160,339,6939,23708222160,2.53
950000,all,P2PK,never_spent,37327,37674,171568245012034,37332,37673,171568245012034,14.27
950000,all,P2PKH,active,218448,3293461,38978650660101,218582,3293461,38978650660101,1271.22
950000,all,P2PKH,all,21316928,44476947,463541801036257,4001966,17524777,118026350743670,6890.00
950000,all,P2PKH,inactive,3710563,14054364,78982566617002,3710636,14054364,78982566617002,5549.76
950000,all,P2PKH,never_spent,17387917,27129122,345580583759154,72748,176952,65133466567,69.02
950000,all,P2SH,active,202463,1819375,67311946050321,205693,1819375,67311946050321,756.29
950000,all,P2SH,all,6270875,12209698,394356634244838,1157225,5698699,124971082169809,2423.41
950000,all,P2SH,inactive,949053,3879324,57659136119488,951532,3879324,57659136119488,1667.12
950000,all,P2SH,never_spent,5119359,6510999,269385552075029,0,0,0,0.00
950000,all,P2TR,active,718590,24695106,4504081576014,718590,24695106,4504081576014,3069.84
950000,all,P2TR,all,4870051,54393235,20314604979577,4870051,54393235,20314604979577,6909.54
950000,all,P2TR,inactive,1177607,23254246,566409339546,1177607,23254246,566409339546,2913.27
950000,all,P2TR,never_spent,2973854,6443883,15244114064017,2973854,6443883,15244114064017,926.42
950000,all,P2WPKH,active,1392621,11649302,163442677097288,1392705,11649302,163442677097288,1542.12
950000,all,P2WPKH,all,22516788,48533464,817648465710549,3504764,21835851,188347320483559,2930.80
950000,all,P2WPKH,inactive,2107238,10180137,24872745711707,2107290,10180137,24872745711707,1387.67
950000,all,P2WPKH,never_spent,19016929,26704025,629333042901554,4769,6412,31897674564,1.02
950000,all,P2WSH,active,47734,285818,63631897702841,50173,285818,63631897702841,57.26
950000,all,P2WSH,all,1189687,2845389,135389997518953,92505,405653,66799988634559,85.92
950000,all,P2WSH,inactive,41357,119835,3168090931718,42332,119835,3168090931718,28.66
950000,all,P2WSH,never_spent,1100596,2439736,68590008884394,0,0,0,0.00
950000,ge1,All,active,40519,4906508,333163924431955,46163,4906508,333163924431955,1348.47
950000,ge1,All,all,975412,11018367,1862882604163510,159790,7576355,674540624541778,2109.76
950000,ge1,All,inactive,64879,2359243,156226266255369,68327,2359243,156226266255369,694.32
950000,ge1,All,never_spent,870014,3752616,1373492413476186,45300,310604,185150433854454,66.97
950000,ge1,P2PK,all,34295,34391,171577432236362,34309,34390,171577432236362,12.95
950000,ge1,P2PK,inactive,9,9,23264000000,18,9,23264000000,0.00
950000,ge1,P2PK,never_spent,34286,34382,171554168236362,34291,34381,171554168236362,12.94
950000,ge1,P2PKH,active,5939,2305033,38306711747472,6073,2305033,38306711747472,883.10
950000,ge1,P2PKH,all,228811,4835271,432381754165089,71399,3595868,112608359778634,1378.89
950000,ge1,P2PKH,inactive,31022,1215648,74244357841303,31095,1215648,74244357841303,466.99
950000,ge1,P2PKH,never_spent,191850,1314590,319830684576314,34231,75187,57290189859,28.80
950000,ge1,P2SH,active,6094,521115,66827585336554,9324,521115,66827585336554,202.19
950000,ge1,P2SH,all,194769,1236693,370279643499111,23176,817680,123328987163488,322.35
950000,ge1,P2SH,inactive,11373,296565,56501401826934,13852,296565,56501401826934,120.17
950000,ge1,P2SH,never_spent,177302,419013,246950656335623,0,0,0,0.00
950000,ge1,P2TR,active,1304,219064,4337033906820,1304,219064,4337033906820,27.00
950000,ge1,P2TR,all,12596,761936,18270830446298,12596,761936,18270830446298,94.29
950000,ge1,P2TR,inactive,376,342093,419212438100,376,342093,419212438100,42.10
950000,ge1,P2TR,never_spent,10916,200779,13514584101378,10916,200779,13514584101378,25.19
950000,ge1,P2WPKH,active,26165,1772041,160170506158579,26249,1772041,160170506158579,226.23
950000,ge1,P2WPKH,all,476092,3632956,737688833047868,48030,2270303,182098182030028,290.48
950000,ge1,P2WPKH,inactive,21677,498009,21903680254235,21729,498009,21903680254235,64.22
950000,ge1,P2WPKH,never_spent,428250,1362906,555614646635054,52,253,23995617214,0.03
950000,ge1,P2WSH,active,1017,89255,63522087282530,3456,89255,63522087282530,9.95
950000,ge1,P2WSH,all,28844,319790,132420752182471,4852,96168,66656234872737,10.79
950000,ge1,P2WSH,inactive,421,6913,3134147590207,1396,6913,3134147590207,0.84
950000,ge1,P2WSH,never_spent,27406,223622,65764517309734,0,0,0,0.00
950000,ge10,All,active,8158,1129014,324452513304441,10062,1129014,324452513304441,241.13
950000,ge10,All,all,150517,2798953,1658310259739497,55674,1700360,648537555053506,437.55
950000,ge10,All,inactive,9077,456928,141521018635080,9940,456928,141521018635080,154.17
950000,ge10,All,never_spent,133282,1213011,1192336727799976,35672,114418,182564023113985,42.25
950000,ge10,P2PK,all,34210,34234,171553806523668,34211,34233,171553806523668,12.89
950000,ge10,P2PK,inactive,7,7,22364000000,9,7,22364000000,0.00
950000,ge10,P2PK,never_spent,34203,34227,171531442523668,34202,34226,171531442523668,12.88
950000,ge10,P2PKH,active,1344,234632,36974676275188,1385,234632,36974676275188,89.92
950000,ge10,P2PKH,all,36510,1209451,383593345824160,40550,602001,104191403243149,230.85
950000,ge10,P2PKH,inactive,4954,292598,67176004683940,4973,292598,67176004683940,112.29
950000,ge10,P2PKH,never_spent,30212,682221,279442664865032,34192,74771,40722284021,28.64
950000,ge10,P2SH,active,1382,176506,65450880279396,2200,176506,65450880279396,60.43
950000,ge10,P2SH,all,24698,335857,326459880131547,4668,250631,119374284175901,90.74
950000,ge10,P2SH,inactive,1838,74125,53923403896505,2468,74125,53923403896505,30.30
950000,ge10,P2SH,never_spent,21478,85226,207085595955646,0,0,0,0.00
950000,ge10,P2TR,active,243,10847,4051715807098,243,10847,4051715807098,1.35
950000,ge10,P2TR,all,1755,16737,15375009834508,1755,16737,15375009834508,2.14
950000,ge10,P2TR,inactive,54,482,338639931685,54,482,338639931685,0.06
950000,ge10,P2TR,never_spent,1458,5408,10984654095725,1458,5408,10984654095725,0.73
950000,ge10,P2WPKH,active,4788,661164,154624720360683,4830,661164,154624720360683,84.18
950000,ge10,P2WPKH,all,47875,942354,634726871306801,6975,747655,171665554154721,95.26
950000,ge10,P2WPKH,inactive,2131,86478,17033629583467,2142,86478,17033629583467,11.08
950000,ge10,P2WPKH,never_spent,40956,194712,463068521362651,3,13,7204210571,0.00
950000,ge10,P2WSH,active,401,45865,63350520582076,1513,45865,63350520582076,5.24
950000,ge10,P2WSH,all,5468,63000,126338585546733,1840,49103,66377497121559,5.67
950000,ge10,P2WSH,inactive,93,3238,3026976539483,327,3238,3026976539483,0.44
950000,ge10,P2WSH,never_spent,4974,13897,59961088425174,0,0,0,0.00
950000,ge100,All,active,2732,318265,308995989898497,3606,318265,308995989898497,95.71
950000,ge100,All,all,20228,1194242,1234849855938855,5412,483154,438579496993608,155.01
950000,ge100,All,inactive,1318,164220,120822304180565,1646,164220,120822304180565,59.20
950000,ge100,All,never_spent,16178,711757,805031561859793,160,669,8761202914546,0.09
950000,ge100,P2PK,all,24,26,1024621000000,24,26,1024621000000,0.01
950000,ge100,P2PK,never_spent,24,26,1024621000000,24,26,1024621000000,0.01
950000,ge100,P2PKH,active,306,157780,34023992278915,324,157780,34023992278915,60.44
950000,ge100,P2PKH,all,5150,741586,299904405317188,1091,281293,89654197256037,107.78
950000,ge100,P2PKH,inactive,740,123513,55630204977122,743,123513,55630204977122,47.34
950000,ge100,P2PKH,never_spent,4104,460293,210250208061151,24,0,0,0.00
950000,ge100,P2SH,active,328,75819,62392928144038,685,75819,62392928144038,24.68
950000,ge100,P2SH,all,4111,117608,272485878916772,1192,99004,112234891899329,34.28
950000,ge100,P2SH,inactive,281,23185,49841963755291,507,23185,49841963755291,9.60
950000,ge100,P2SH,never_spent,3502,18604,160250987017443,0,0,0,0.00
950000,ge100,P2TR,active,42,543,3502748146753,42,543,3502748146753,0.07
950000,ge100,P2TR,all,189,1242,11477652735400,189,1242,11477652735400,0.16
950000,ge100,P2TR,inactive,11,56,238322674101,11,56,238322674101,0.01
950000,ge100,P2TR,never_spent,136,643,7736581914546,136,643,7736581914546,0.09
950000,ge100,P2WPKH,active,1878,68757,146465184455557,1899,68757,146465184455557,8.82
950000,ge100,P2WPKH,all,9518,115302,537691135443535,2144,84505,158728709292492,10.83
950000,ge100,P2WPKH,inactive,244,15748,12263524836935,245,15748,12263524836935,2.01
950000,ge100,P2WPKH,never_spent,7396,30797,378962426151043,0,0,0,0.00
950000,ge100,P2WSH,active,178,15366,62611136873234,704,15366,62611136873234,1.71
950000,ge100,P2WSH,all,1235,21158,112003401953880,848,17084,65459424810350,1.95
950000,ge100,P2WSH,inactive,42,1718,2848287937116,144,1718,2848287937116,0.24
950000,ge100,P2WSH,never_spent,1015,4074,46543977143530,0,0,0,0.00
950000,ge1000,All,active,364,85950,232008373432260,691,85950,232008373432260,22.98
950000,ge1000,All,all,2019,421107,709196097279921,1120,187936,328676321337582,60.86
950000,ge1000,All,inactive,245,101868,91347271535776,414,101868,91347271535776,37.86
950000,ge1000,All,never_spent,1410,233289,385840452311885,15,118,5320676369546,0.02
950000,ge1000,P2PK,all,1,1,323317000000,1,1,323317000000,0.00
950000,ge1000,P2PK,never_spent,1,1,323317000000,1,1,323317000000,0.00
950000,ge1000,P2PKH,active,46,31181,26776597186200,52,31181,26776597186200,11.94
950000,ge1000,P2PKH,all,611,147459,185236052193010,191,122040,65912092159890,46.75
950000,ge1000,P2PKH,inactive,138,90859,39135494973690,138,90859,39135494973690,34.81
950000,ge1000,P2PKH,never_spent,427,25419,119323960033120,1,0,0,0.00
950000,ge1000,P2SH,active,82,14695,54820455509417,232,14695,54820455509417,6.05
950000,ge1000,P2SH,all,397,24365,157227125459564,472,20642,99476314613545,8.47
950000,ge1000,P2SH,inactive,84,5947,44655859104128,240,5947,44655859104128,2.41
950000,ge1000,P2SH,never_spent,231,3723,57750810846019,0,0,0,0.00
950000,ge1000,P2TR,active,12,380,2864214714549,12,380,2864214714549,0.05
950000,ge1000,P2TR,all,26,497,7861574084095,26,497,7861574084095,0.06
950000,ge1000,P2TR,never_spent,14,117,4997359369546,14,117,4997359369546,0.02
950000,ge1000,P2WPKH,active,169,32328,89529193296318,175,32328,89529193296318,4.11
950000,ge1000,P2WPKH,all,825,43764,281738834432487,192,37363,95495847420929,4.75
950000,ge1000,P2WPKH,inactive,17,5035,5966654124611,17,5035,5966654124611,0.64
950000,ge1000,P2WPKH,never_spent,639,6401,186242987011558,0,0,0,0.00
950000,ge1000,P2WSH,active,55,7366,58017912725776,232,7366,58017912725776,0.82
950000,ge1000,P2WSH,all,158,7701,76546433538685,251,7393,59607176059123,0.82
950000,ge1000,P2WSH,inactive,6,27,1589263333347,19,27,1589263333347,0.00
950000,ge1000,P2WSH,never_spent,97,308,16939257479562,0,0,0,0.00
960000,all,All,active,2450995,37309991,328317791982626,2456631,37309991,328317791982626,6080.85
960000,all,All,all,59371462,166293243,2006237301058166,16286762,102682042,701834534620722,20332.09
960000,all,All,inactive,8285920,56134647,187893488367847,8289519,56134647,187893488367847,12166.75
960000,all,All,never_spent,48634547,72848605,1490026020707693,5540612,9237404,185623254270249,2084.49
960000,all,P2PK,active,3,15,110000,3,15,110000,0.01
960000,all,P2PK,all,37661,44636,171591953405666,37675,44635,171591953405666,16.70
960000,all,P2PK,inactive,331,6941,23708223853,340,6941,23708223853,2.53
960000,all,P2PK,never_spent,37327,37680,171568245071813,37332,37679,171568245071813,14.16
960000,all,P2PKH,active,199355,3213311,39670940882769,199470,3213311,39670940882769,1239.66
960000,all,P2PKH,all,21239299,44355165,457719563123776,3981925,17455878,117604664362800,6862.82
960000,all,P2PKH,inactive,3709632,14029612,77866577184455,3709715,14029612,77866577184455,5540.24
960000,all,P2PKH,never_spent,17330312,27112242,340182045056552,72740,212955,67146295576,82.92
960000,all,P2SH,active,183232,1674110,68037650050459,186450,1674110,68037650050459,694.72
960000,all,P2SH,all,6238575,12146705,391378267144330,1155370,5663775,126992731868250,2409.01
960000,all,P2SH,inactive,966363,3989665,58955081817791,968920,3989665,58955081817791,1714.29
960000,all,P2SH,never_spent,5088980,6482930,264385535276080,0,0,0,0.00
960000,all,P2TR,active,633264,21334872,7912489571307,633264,21334872,7912489571307,2652.69
960000,all,P2TR,all,4973614,54394202,22473117864365,4973614,54394202,22473117864365,6914.31
960000,all,P2TR,inactive,1302985,26525648,610987738529,1302985,26525648,610987738529,3321.30
960000,all,P2TR,never_spent,3037365,6533682,13949640554529,3037365,6533682,13949640554529,940.33
960000,all,P2WPKH,active,1390174,10787159,160212539618542,1390263,10787159,160212539618542,1432.52
960000,all,P2WPKH,all,23182795,49867945,820232545634990,3653479,22242409,194081976946528,2989.13
960000,all,P2WPKH,inactive,2258378,11448714,33836784032304,2258427,11448714,33836784032304,1555.58
960000,all,P2WPKH,never_spent,19534243,27632072,626183221984144,4789,6536,32653295682,1.03
960000,all,P2WSH,active,44959,300516,52484171693549,47393,300516,52484171693549,61.25
960000,all,P2WSH,all,1180987,2742372,142573008103351,94713,430790,69084057174171,92.52
960000,all,P2WSH,inactive,46272,130274,16599885480622,47320,130274,16599885480622,31.28
960000,all,P2WSH,never_spent,1089756,2311582,73488950929180,0,0,0,0.00
960000,ge1,All,active,38910,4796786,323733823800555,44546,4796786,323733823800555,1326.02
960000,ge1,All,all,979617,10874184,1864334241713010,161845,7553798,685953986174801,2096.10
960000,ge1,All,inactive,67817,2402132,178442862333040,71416,2402132,178442862333040,697.27
960000,ge1,All,never_spent,872890,3675266,1362157555579415,45883,354880,183777300041206,72.81
960000,ge1,P2PK,all,34295,34397,171577432243273,34309,34396,171577432243273,12.84
960000,ge1,P2PK,inactive,9,9,23264000000,18,9,23264000000,0.00
960000,ge1,P2PK,never_spent,34286,34388,171554168243273,34291,34387,171554168243273,12.83
960000,ge1,P2PKH,active,5496,2288466,39009417887843,5611,2288466,39009417887843,876.74
960000,ge1,P2PKH,all,226591,4815982,426653983103511,71119,3564420,112172762279222,1366.83
960000,ge1,P2PKH,inactive,31193,1198911,73104031531667,31276,1198911,73104031531667,460.59
960000,ge1,P2PKH,never_spent,189902,1328605,314540533684001,34232,77043,59312859712,29.51
960000,ge1,P2SH,active,5563,503969,67608655115840,8781,503969,67608655115840,195.26
960000,ge1,P2SH,all,191544,1220102,367558816920864,23086,806260,125371313162455,317.90
960000,ge1,P2SH,inactive,11748,302291,57762658046615,14305,302291,57762658046615,122.64
960000,ge1,P2SH,never_spent,174233,413842,242187503758409,0,0,0,0.00
960000,ge1,P2TR,active,1367,117850,7740330214815,1367,117850,7740330214815,14.56
960000,ge1,P2TR,all,13331,715038,20332203054961,13331,715038,20332203054961,88.55
960000,ge1,P2TR,inactive,468,354014,452997791540,468,354014,452997791540,43.57
960000,ge1,P2TR,never_spent,11496,243174,12138875048606,11496,243174,12138875048606,30.43
960000,ge1,P2WPKH,active,25455,1803233,156999178401395,25544,1803233,156999178401395,230.16
960000,ge1,P2WPKH,all,484124,3752436,738420023032646,49589,2343705,187566304941019,299.88
960000,ge1,P2WPKH,inactive,23942,540200,30542578359650,23991,540200,30542578359650,69.68
960000,ge1,P2WPKH,never_spent,434727,1409003,550878266271601,54,272,24548179974,0.04
960000,ge1,P2WSH,active,1029,83268,52376242180662,3463,83268,52376242180662,9.30
960000,ge1,P2WSH,all,29727,138897,139528424761423,4967,89969,68933372479640,10.10
960000,ge1,P2WSH,inactive,456,6701,16557130298978,1504,6701,16557130298978,0.79
960000,ge1,P2WSH,never_spent,28242,48928,70595052281783,0,0,0,0.00
960000,ge10,All,active,7884,1185406,315371363844901,9754,1185406,315371363844901,244.43
960000,ge10,All,all,150130,2845303,1658926149692374,55975,1730798,659581964672220,430.08
960000,ge10,All,inactive,9570,427928,163128873294646,10476,427928,163128873294646,142.66
960000,ge10,All,never_spent,132676,1231969,1180425912552827,35745,117464,181081727532673,43.00
960000,ge10,P2PK,all,34210,34240,171553806530579,34211,34239,171553806530579,12.78
960000,ge10,P2PK,inactive,7,7,22364000000,9,7,22364000000,0.00
960000,ge10,P2PK,never_spent,34203,34233,171531442530579,34202,34232,171531442530579,12.77
960000,ge10,P2PKH,active,1288,227457,37777046114012,1315,227457,37777046114012,87.17
960000,ge10,P2PKH,all,36077,1187693,378209504616142,40476,572347,103800576685307,219.49
960000,ge10,P2PKH,inactive,4949,268293,65981332863882,4970,268293,65981332863882,102.98
960000,ge10,P2PKH,never_spent,29840,691943,274451125638248,34191,76597,42197707413,29.34
960000,ge10,P2SH,active,1265,169849,66362610946120,2057,169849,66362610946120,57.75
960000,ge10,P2SH,all,24016,321974,324427837134742,4596,238234,121456903448576,85.71
960000,ge10,P2SH,inactive,1899,68385,55094292502456,2539,68385,55094292502456,27.96
960000,ge10,P2SH,never_spent,20852,83740,202970933686166,0,0,0,0.00
960000,ge10,P2TR,active,265,22915,7444007643893,265,22915,7444007643893,2.83
960000,ge10,P2TR,all,1860,30062,17292893858687,1860,30062,17292893858687,3.78
960000,ge10,P2TR,inactive,63,526,348003130978,63,526,348003130978,0.07
960000,ge10,P2TR,never_spent,1532,6621,9500883083816,1532,6621,9500883083816,0.88
960000,ge10,P2WPKH,active,4660,709328,151581843500044,4690,709328,151581843500044,90.30
960000,ge10,P2WPKH,all,48270,1002283,633867835118127,7251,797445,176827437066285,101.60
960000,ge10,P2WPKH,inactive,2547,88103,25238389355376,2558,88103,25238389355376,11.30
960000,ge10,P2WPKH,never_spent,41063,204852,457047602262707,3,14,7204210865,0.00
960000,ge10,P2WSH,active,406,55857,52205855640832,1510,55857,52205855640832,6.38
960000,ge10,P2WSH,all,5696,71729,133311511851996,1880,58471,68650347082786,6.73
960000,ge10,P2WSH,inactive,105,2614,16444491441954,370,2614,16444491441954,0.35
960000,ge10,P2WSH,never_spent,5185,13258,64661164769210,0,0,0,0.00
960000,ge100,All,active,2557,309607,300228104434767,3424,309607,300228104434767,86.53
960000,ge100,All,all,19920,1170443,1235706001305557,5552,452112,449298575102708,136.82
960000,ge100,All,inactive,1580,141513,141890136139105,1943,141513,141890136139105,50.15
960000,ge100,All,never_spent,15783,719323,793587760731685,185,992,7180334528836,0.14
960000,ge100,P2PK,all,24,26,1024621000000,24,26,1024621000000,0.01
960000,ge100,P2PK,never_spent,24,26,1024621000000,24,26,1024621000000,0.01
960000,ge100,P2PKH,active,297,129199,34881708381949,311,129199,34881708381949,49.50
960000,ge100,P2PKH,all,5072,697232,295345631163598,1063,230126,89338086464622,88.18
960000,ge100,P2PKH,inactive,725,100927,54456378082673,728,100927,54456378082673,38.69
960000,ge100,P2PKH,never_spent,4050,467106,206007544698976,24,0,0,0.00
960000,ge100,P2SH,active,310,73544,63660721721468,662,73544,63660721721468,23.81
960000,ge100,P2SH,all,4034,114135,272398133753194,1186,95412,114554288484998,32.85
960000,ge100,P2SH,inactive,288,21868,50893566763530,524,21868,50893566763530,9.04
960000,ge100,P2SH,never_spent,3436,18723,157843845268196,0,0,0,0.00
960000,ge100,P2TR,active,43,11517,6851384154831,43,11517,6851384154831,1.42
960000,ge100,P2TR,all,215,12543,13213430848086,215,12543,13213430848086,1.55
960000,ge100,P2TR,inactive,11,60,206333164419,11,60,206333164419,0.01
960000,ge100,P2TR,never_spent,161,966,6155713528836,161,966,6155713528836,0.13
960000,ge100,P2WPKH,active,1723,73973,143389598831422,1742,73973,143389598831422,9.47
960000,ge100,P2WPKH,all,9343,122147,535379994422036,2249,90789,163461752897473,11.63
960000,ge100,P2WPKH,inactive,506,16816,20072154066051,507,16816,20072154066051,2.16
960000,ge100,P2WPKH,never_spent,7114,31358,371918241524563,0,0,0,0.00
960000,ge100,P2WSH,active,184,21374,51444691345097,706,21374,51444691345097,2.33
960000,ge100,P2WSH,all,1231,27038,118081429536542,883,23216,67706395407529,2.59
960000,ge100,P2WSH,inactive,50,1842,16261704062432,177,1842,16261704062432,0.26
960000,ge100,P2WSH,never_spent,997,3822,50375034129013,0,0,0,0.00
960000,ge1000,All,active,380,106065,229694789926290,695,106065,229694789926290,30.35
960000,ge1000,All,all,2041,423127,720413742551609,1140,189117,337191969476012,60.90
960000,ge1000,All,inactive,244,82991,104207764552826,423,82991,104207764552826,30.54
960000,ge1000,All,never_spent,1417,234071,386511188072493,22,61,3289414996896,0.01
960000,ge1000,P2PK,all,1,1,323317000000,1,1,323317000000,0.00
960000,ge1000,P2PK,never_spent,1,1,323317000000,1,1,323317000000,0.00
960000,ge1000,P2PKH,active,48,50955,27492680495645,55,50955,27492680495645,19.52
960000,ge1000,P2PKH,all,599,147814,182213171718152,190,122174,65640522966838,46.80
960000,ge1000,P2PKH,inactive,134,71219,38147842471193,134,71219,38147842471193,27.28
960000,ge1000,P2PKH,never_spent,417,25640,116572648751314,1,0,0,0.00
960000,ge1000,P2SH,active,75,13631,56033379385508,223,13631,56033379385508,5.69
960000,ge1000,P2SH,all,386,24077,160765399755846,465,19929,101680863158459,8.25
960000,ge1000,P2SH,inactive,84,6298,45647483772951,242,6298,45647483772951,2.56
960000,ge1000,P2SH,never_spent,227,4148,59084536597387,0,0,0,0.00
960000,ge1000,P2TR,active,14,748,6218075130722,14,748,6218075130722,0.09
960000,ge1000,P2TR,all,35,808,9184173127618,35,808,9184173127618,0.10
960000,ge1000,P2TR,never_spent,21,60,2966097996896,21,60,2966097996896,0.01
960000,ge1000,P2WPKH,active,183,32677,93102985621086,189,32677,93102985621086,4.16
960000,ge1000,P2WPKH,all,839,44669,286128433707345,207,38079,98852652643427,4.85
960000,ge1000,P2WPKH,inactive,18,5402,5749667022341,18,5402,5749667022341,0.69
960000,ge1000,P2WPKH,never_spent,638,6590,187275781063918,0,0,0,0.00
960000,ge1000,P2WSH,active,60,8054,46847669293329,224,8054,46847669293329,0.89
960000,ge1000,P2WSH,all,180,8436,81536486660547,253,8126,61510440579670,0.89
960000,ge1000,P2WSH,inactive,8,72,14662771286341,29,72,14662771286341,0.01
960000,ge1000,P2WSH,never_spent,112,310,20026046080877,0,0,0,0.00
