Date,btcd_top10
2013-04-28,0.9418093310393808
2013-04-29,0.9441662261383789
2013-04-30,0.9428674821293552
2013-05-01,0.9407093616675952
2013-05-02,0.9414909957868483
2013-05-03,0.9386900218115694
2013-05-04,0.9396110432548506
2013-05-05,0.940515365302593
2013-05-06,0.9437974872641345
2013-05-07,0.9437985718911754
2013-05-08,0.9426280067663918
2013-05-09,0.9424427483393663
2013-05-10,0.9442311672349617
2013-05-11,0.9458585667846556
2013-05-12,0.9469960431110324
2013-05-13,0.9478490866649674
2013-05-14,0.9516630683332666
2013-05-15,0.9512110337883212
2013-05-16,0.9533700953863091
2013-05-17,0.9516420791217168
2013-05-18,0.9508239966843631
2013-05-19,0.9495843801071062
2013-05-20,0.9504543519749008
2013-05-21,0.9515451414198991
2013-05-22,0.9518231987066185
2013-05-23,0.9518787075799267
2013-05-24,0.9541485225434004
2013-05-25,0.9546554782165828
2013-05-26,0.9540474537581619
2013-05-27,0.9546813277394516
2013-05-28,0.9543448882386304
2013-05-29,0.9556876807098154
2013-05-30,0.95679494734781
2013-05-31,0.9570670224624208
2013-06-01,0.9585862382164346
2013-06-02,0.9579737046714167
2013-06-03,0.957953267810666
2013-06-04,0.9561266853885584
2013-06-05,0.9562661294259138
2013-06-06,0.9565521710987587
2013-06-07,0.9565621999366447
2013-06-08,0.9557914397135967
2013-06-09,0.955116710567419
2013-06-10,0.9560791067108996
2013-06-11,0.9583210377436177
2013-06-12,0.9583014394119956
2013-06-13,0.9585972765611375
2013-06-14,0.9594580661016362
2013-06-15,0.9601303040200988
2013-06-16,0.9596235844054402
2013-06-17,0.95804499736053
2013-06-18,0.9596724751007586
2013-06-19,0.9590976568042937
2013-06-20,0.9598500636262751
2013-06-21,0.9518856841826943
2013-06-22,0.9505568151994204
2013-06-23,0.9475704386369329
2013-06-24,0.9486902586613901
2013-06-25,0.949880451195566
2013-06-26,0.949289829346908
2013-06-27,0.94586336787679
2013-06-28,0.9469615970560943
2013-06-29,0.9463190743035251
2013-06-30,0.9442016793694066
2013-07-01,0.9399835933322547
2013-07-02,0.9425596644685945
2013-07-03,0.9384238232728439
2013-07-04,0.9376841487457768
2013-07-05,0.9345256053196618
2013-07-06,0.9340821813017842
2013-07-07,0.9350214930540272
2013-07-08,0.937269154007908
2013-07-09,0.9372524684510128
2013-07-10,0.9399896790166536
2013-07-11,0.9426164540090758
2013-07-12,0.9438566786529035
2013-07-13,0.9442460021632764
2013-07-14,0.9421820074495502
2013-07-15,0.9429856066795407
2013-07-16,0.9404829673275241
2013-07-17,0.9401209614610773
2013-07-18,0.9395340416986704
2013-07-19,0.9392646328673396
2013-07-20,0.9394573985197652
2013-07-21,0.9393461669105531
2013-07-22,0.9399633254419493
2013-07-23,0.9421958797927912
2013-07-24,0.9403680650771552
2013-07-25,0.9406551047062961
2013-07-26,0.9413293068097772
2013-07-27,0.9405611848093006
2013-07-28,0.9420578497710761
2013-07-29,0.942693228254061
2013-07-30,0.9451691514567048
2013-07-31,0.9462026488572676
2013-08-01,0.9446876304303418
2013-08-02,0.9449579755934795
2013-08-03,0.9428015021364775
2013-08-04,0.9104175865248726
2013-08-05,0.915383264642633
2013-08-06,0.9199896817673263
2013-08-07,0.9221433360663996
2013-08-08,0.921400322499611
2013-08-09,0.9213636245320544
2013-08-10,0.9233134647832513
2013-08-11,0.9219899674673803
2013-08-12,0.9230670925483452
2013-08-13,0.924088635775208
2013-08-14,0.9290270682799457
2013-08-15,0.9311136905250567
2013-08-16,0.934501353747275
2013-08-17,0.9188897411851238
2013-08-18,0.9193769133621187
2013-08-19,0.9240336619431108
2013-08-20,0.921829907209593
2013-08-21,0.9243368942469781
2013-08-22,0.9272915147108065
2013-08-23,0.9262012785412166
2013-08-24,0.9254371792237792
2013-08-25,0.9251093534537121
2013-08-26,0.9228777584998991
2013-08-27,0.9262130217476443
2013-08-28,0.9258645235077081
2013-08-29,0.9277717769638968
2013-08-30,0.9309404424647247
2013-08-31,0.934053876806521
2013-09-01,0.9347127157196877
2013-09-02,0.9352330916292668
2013-09-03,0.9343757388318724
2013-09-04,0.9269381660806288
2013-09-05,0.9271469172858077
2013-09-06,0.9234365988100438
2013-09-07,0.9244315196020476
2013-09-08,0.9228074659351069
2013-09-09,0.925470199732255
2013-09-10,0.9278998684493579
2013-09-11,0.9292228633137194
2013-09-12,0.9283145378148165
2013-09-13,0.928813636799167
2013-09-14,0.9284930246506793
2013-09-15,0.9272141783945372
2013-09-16,0.92548552567396
2013-09-17,0.914880108084459
2013-09-18,0.9104754895902188
2013-09-19,0.9077476264483316
2013-09-20,0.9115392586257165
2013-09-21,0.9129977343600106
2013-09-22,0.9105754636734374
2013-09-23,0.911403746250551
2013-09-24,0.9102275548061856
2013-09-25,0.912075989279691
2013-09-26,0.9062379518255298
2013-09-27,0.8975500628586721
2013-09-28,0.9026756884096911
2013-09-29,0.9074997385457373
2013-09-30,0.9118051611555373
2013-10-01,0.9122629679342656
2013-10-02,0.9193388329521396
2013-10-03,0.9163354909307437
2013-10-04,0.9140115729654291
2013-10-05,0.9152023579781189
2013-10-06,0.9139928080937111
2013-10-07,0.9165793534556517
2013-10-08,0.916492582702763
2013-10-09,0.9190359398314099
2013-10-10,0.916957578409249
2013-10-11,0.9203389972622658
2013-10-12,0.9197521398671252
2013-10-13,0.9249385621428595
2013-10-14,0.9273847735267052
2013-10-15,0.933700412077919
2013-10-16,0.9360653286710084
2013-10-17,0.933403050515895
2013-10-18,0.9388279742728776
2013-10-19,0.9470463643762014
2013-10-20,0.9488816123748731
2013-10-21,0.9524496112542739
2013-10-22,0.9560755696526873
2013-10-23,0.9536921769482847
2013-10-24,0.9459774817196197
2013-10-25,0.949196476641742
2013-10-26,0.9492399040434263
2013-10-27,0.9518037155932478
2013-10-28,0.9544788213957526
2013-10-29,0.9557156220551751
2013-10-30,0.9539819510521104
2013-11-01,0.9521986101624067
2013-11-02,0.9485409194709052
2013-11-03,0.9479308258011798
2013-11-04,0.9497507745869396
2013-11-05,0.9526509053083979
2013-11-06,0.9512864395390113
2013-11-07,0.9479136828757506
2013-11-08,0.9493441398387963
2013-11-09,0.9553862142841207
2013-11-10,0.9552041841740637
2013-11-11,0.9566108009667094
2013-11-12,0.9573403320820363
2013-11-13,0.9596594685211174
2013-11-14,0.9616279233609814
2013-11-15,0.9617188107205139
2013-11-16,0.9622261461372752
2013-11-17,0.9667409796484201
2013-11-18,0.9609398910424046
2013-11-19,0.9620663010984764
2013-11-20,0.9620887902473731
2013-11-21,0.9608336265693224
2013-11-22,0.9603282404745263
2013-11-23,0.959292277725722
2013-11-24,0.9564429737050001
2013-11-25,0.9468135157990661
2013-11-26,0.9267250522138715
2013-11-27,0.9031108726665742
2013-11-28,0.893106688102328
2013-11-29,0.9023592112151021
2013-11-30,0.8929924218896277
2013-12-01,0.8797820461415929
2013-12-02,0.8902442610304931
2013-12-03,0.8884253598086759
2013-12-04,0.8803915331285762
2013-12-05,0.8843952390125396
2013-12-06,0.8872550215127016
2013-12-07,0.8934696240828452
2013-12-08,0.8923516143146762
2013-12-09,0.8883216718023671
2013-12-10,0.8864370518575908
2013-12-11,0.8897093341761102
2013-12-12,0.8896047152549248
2013-12-13,0.8921426603460774
2013-12-14,0.8955476831659815
2013-12-15,0.8957960773650757
2013-12-16,0.9005315538944328
2013-12-17,0.9075025622138211
2013-12-18,0.9178056556547093
2013-12-19,0.9093344722858658
2013-12-20,0.9087027716270045
2013-12-21,0.9079015254320797
2013-12-22,0.9073164859378177
2013-12-23,0.9096950982908416
2013-12-24,0.903833564864637
2013-12-25,0.8929884508011114
2013-12-26,0.886422667501216
2013-12-27,0.8909495119950287
2013-12-28,0.8875487109601934
2013-12-29,0.8860607921594306
2013-12-30,0.8862795157281553
2013-12-31,0.8863578145005574
2014-01-01,0.8855771350872484
2014-01-02,0.8821633314801045
2014-01-03,0.8886572889647408
2014-01-04,0.8907075284072216
2014-01-05,0.8968464773660483
2014-01-06,0.8954384025211657
2014-01-08,0.9009955714035076
2014-01-09,0.9014145938014498
2014-01-10,0.9015795655900622
2014-01-11,0.9015750923121553
2014-01-12,0.9020085932747571
2014-01-13,0.9042917686619061
2014-01-14,0.9030288226720434
2014-01-15,0.9020403217915666
2014-01-16,0.9036634370083954
2014-01-17,0.9039447720897104
2014-01-18,0.9014485084139664
2014-01-19,0.9005041771706619
2014-01-20,0.8989287613343784
2014-01-21,0.8958657611978044
2014-01-23,0.9017823007714791
2014-01-24,0.9041500614055513
2014-01-25,0.9007593184430304
2014-01-26,0.9021525078851402
2014-01-27,0.9047151534554754
2014-01-28,0.9040665784321309
2014-01-29,0.9046041794888143
2014-01-30,0.9044221242212309
2014-01-31,0.902619370570337
2014-02-01,0.9015828506588642
2014-02-02,0.9008573976542408
2014-02-03,0.9031295172395396
2014-02-04,0.9052955923614211
2014-02-05,0.9055908828816284
2014-02-06,0.9064510783552617
2014-02-07,0.9045978404594521
2014-02-08,0.9026023173342587
2014-02-09,0.9018590631798574
2014-02-10,0.9032395638666465
2014-02-11,0.8993906410809901
2014-02-12,0.8994927402079338
2014-02-13,0.9010468222233221
2014-02-14,0.9025395831324207
2014-02-15,0.9011995073851823
2014-02-16,0.9014055201331862
2014-02-17,0.9022670280667916
2014-02-18,0.9012126972192706
2014-02-19,0.9004529302720078
2014-02-20,0.8998789359633075
2014-02-21,0.9030470969285825
2014-02-22,0.9022341703292468
2014-02-23,0.9010599700901301
2014-02-24,0.8990248671341999
2014-02-25,0.9017292862146451
2014-02-26,0.9037582677179195
2014-02-27,0.8874092787565019
2014-02-28,0.8863363229368296
2014-03-01,0.889239630863184
2014-03-02,0.8822397857557415
2014-03-03,0.8565837612543117
2014-03-04,0.8471584145784529
2014-03-05,0.8716782681802941
2014-03-06,0.8815189904141356
2014-03-07,0.888076963085054
2014-03-08,0.8801108248581018
2014-03-09,0.8820479146533101
2014-03-10,0.8775992668504266
2014-03-11,0.8803805013121017
2014-03-12,0.8787603439530378
2014-03-13,0.882982700024726
2014-03-14,0.8848185613146532
2014-03-15,0.8887221431675751
2014-03-16,0.8902001778825908
2014-03-17,0.8956003456359917
2014-03-18,0.8797592350260558
2014-03-19,0.889171368771183
2014-03-20,0.891702053696743
2014-03-21,0.8902606384497277
2014-03-22,0.8802922919186803
2014-03-23,0.8842413432598221
2014-03-24,0.8892909385681305
2014-03-25,0.9010521693450145
2014-03-26,0.8995489808082152
2014-03-27,0.9070131296881735
2014-03-28,0.9061012025168457
2014-03-30,0.9044749158596891
2014-03-31,0.905709509812333
2014-04-01,0.907040368899926
2014-04-02,0.9117223250336416
2014-04-03,0.9136959179861925
2014-04-04,0.9143334827152897
2014-04-05,0.9175240311795354
2014-04-06,0.9137504054172443
2014-04-07,0.9143679365626469
2014-04-08,0.9149359004631018
2014-04-09,0.9150348913731395
2014-04-10,0.9205302161155371
2014-04-11,0.9141543871671906
2014-04-12,0.9164957020936483
2014-04-13,0.9178070436651494
2014-04-14,0.9157612450040586
2014-04-15,0.9123806195965615
2014-04-16,0.9131871468377929
2014-04-17,0.9132935439948004
2014-04-18,0.911572236931372
2014-04-19,0.9096455483674658
2014-04-20,0.9109960251130742
2014-04-21,0.9110250546106966
2014-04-22,0.9121980576148703
2014-04-23,0.9185673415338557
2014-04-24,0.918395003818216
2014-04-25,0.9205279769346462
2014-04-26,0.9205704075076644
2014-04-27,0.9224623403512753
2014-04-28,0.9203509555692512
2014-04-29,0.9198608541073847
2014-04-30,0.9176433318709394
2014-05-01,0.918229666719742
2014-05-02,0.9201097905276059
2014-05-03,0.9197678685298665
2014-05-04,0.9194683855947989
2014-05-05,0.91979884271736
2014-05-06,0.9173995071581996
2014-05-07,0.9172594013982758
2014-05-08,0.9175968163130688
2014-05-09,0.9161359752291958
2014-05-10,0.9173098371324333
2014-05-11,0.9174065447521208
2014-05-12,0.9173215774698634
2014-05-13,0.9167710148361096
2014-05-14,0.915176293346074
2014-05-15,0.9147129453114321
2014-05-16,0.9149838088108402
2014-05-17,0.9157415220332891
2014-05-18,0.9155680637970186
2014-05-19,0.9173476780182864
2014-05-20,0.9188081134698335
2014-05-21,0.9194119535956671
2014-05-22,0.9249623119140358
2014-05-23,0.9210943627656883
2014-05-24,0.92154489240639
2014-05-25,0.9237794621504417
2014-05-26,0.9271345283948543
2014-05-27,0.9275067070858172
2014-05-28,0.9298482358493548
2014-05-29,0.9293157136598598
2014-05-30,0.9321504486751132
2014-05-31,0.9330880247616785
2014-06-01,0.9321696880342313
2014-06-02,0.93351966881119
2014-06-03,0.9336278970917959
2014-06-04,0.9333536623831565
2014-06-05,0.9333964133986287
2014-06-06,0.9337704314224226
2014-06-07,0.9349489444265368
2014-06-08,0.9357218569109146
2014-06-09,0.9349353922683945
2014-06-10,0.9333221398975996
2014-06-11,0.9320321868416425
2014-06-12,0.9324510965595622
2014-06-13,0.9316943903644712
2014-06-14,0.9319728114504479
2014-06-15,0.9324942598942207
2014-06-16,0.934037348896475
2014-06-17,0.9360891505929322
2014-06-18,0.9356470925508699
2014-06-19,0.9337364180969001
2014-06-20,0.934881916001617
2014-06-21,0.9355469719003
2014-06-22,0.9355951320952842
2014-06-23,0.9354519919919433
2014-06-24,0.9357664721809565
2014-06-25,0.9374520225525113
2014-06-26,0.938305019088186
2014-06-27,0.9391958715486718
2014-06-28,0.9404189341866552
2014-06-29,0.9417875107732508
2014-06-30,0.9447551727652155
2014-07-01,0.949039503777102
2014-07-02,0.9491173973027223
2014-07-03,0.9484418485151164
2014-07-04,0.9505352509272703
2014-07-05,0.9519417556785593
2014-07-06,0.9528155711921712
2014-07-07,0.9511735686252887
2014-07-08,0.9496528588941997
2014-07-09,0.9491299964768636
2014-07-10,0.9490157767529932
2014-07-11,0.9487803435395413
2014-07-12,0.9465799782181614
2014-07-13,0.9457932495451581
2014-07-14,0.9460533289912972
2014-07-15,0.9465059365807322
2014-07-16,0.9469536269903186
2014-07-17,0.9442697374666031
2014-07-18,0.9438412441050469
2014-07-19,0.9450237167339468
2014-07-20,0.9448881198526417
2014-07-21,0.9427687625521272
2014-07-22,0.9435504709416092
2014-07-23,0.9438990820283275
2014-07-24,0.9453692921984622
2014-07-25,0.9462830742604208
2014-07-26,0.9459843361371626
2014-07-27,0.945589816902053
2014-07-28,0.9459912785797522
2014-07-29,0.9460648721062106
2014-07-30,0.9473556878050476
2014-07-31,0.9462964665159234
2014-08-01,0.9463336270269115
2014-08-02,0.9462039614693654
2014-08-03,0.9462860468529158
2014-08-04,0.9475790671500688
2014-08-05,0.9481832366531728
2014-08-06,0.9484570615804265
2014-08-07,0.9490036135765175
2014-08-08,0.9495952353341209
2014-08-09,0.9507089387622689
2014-08-10,0.9512659884071444
2014-08-11,0.9542903872577598
2014-08-12,0.9559023757658328
2014-08-13,0.9568717073617737
2014-08-14,0.9542420530961885
2014-08-15,0.953971624306328
2014-08-16,0.9561403630141239
2014-08-17,0.9573289304315309
2014-08-18,0.9598497255956969
2014-08-19,0.9543260017489689
2014-08-20,0.9511203183149427
2014-08-21,0.9493692689352854
2014-08-22,0.9494692625896218
2014-08-23,0.9512819007192401
2014-08-24,0.947906604929825
2014-08-25,0.9446599098669982
2014-08-26,0.9326976730265153
2014-08-27,0.9332473593076097
2014-08-28,0.9354369466035384
2014-08-29,0.9361491386276606
2014-08-30,0.9349602720089364
2014-08-31,0.9346948335743909
2014-09-01,0.935078767023426
2014-09-02,0.9366076278420342
2014-09-03,0.9340362473646066
2014-09-04,0.9336215366378724
2014-09-05,0.9327001177885733
2014-09-06,0.9321526073548528
2014-09-07,0.9317185981145769
2014-09-08,0.9299135598692597
2014-09-09,0.9299005868116494
2014-09-10,0.927762805522135
2014-09-11,0.9274651095013068
2014-09-12,0.9275109981540435
2014-09-13,0.9268794688514932
2014-09-14,0.9249380665610565
2014-09-15,0.926934532302032
2014-09-16,0.92475229641554
2014-09-17,0.9219803507407588
2014-09-18,0.9189081609251845
2014-09-19,0.9195075889770222
2014-09-20,0.9210281406293035
2014-09-21,0.9215219738168591
2014-09-22,0.9207248953746795
2014-09-23,0.924170047770521
2014-09-24,0.9223652293067254
2014-09-25,0.9210760938663434
2014-09-26,0.9186176060127533
2014-09-27,0.918731334785122
2014-09-28,0.9139480701458554
2014-09-29,0.9166943919746107
2014-09-30,0.9171641956766562
2014-10-01,0.9172336796716914
2014-10-03,0.914248006914675
2014-10-04,0.9109184009335762
2014-10-05,0.9119674324117729
2014-10-06,0.9121148941230351
2014-10-07,0.9134105873200712
2014-10-08,0.9164845954860077
2014-10-09,0.9182261997575809
2014-10-10,0.9173224630755661
2014-10-11,0.9201735889869851
2014-10-12,0.9220266339420716
2014-10-13,0.9242611848585182
2014-10-14,0.9245168180816039
2014-10-15,0.9247139970927867
2014-10-16,0.9235728538356038
2014-10-17,0.9236855341188952
2014-10-18,0.9242035703353693
2014-10-19,0.9248901486960575
2014-10-20,0.9246017096436517
2014-10-21,0.9231868102360581
2014-10-22,0.9228709474804604
2014-10-23,0.9210956269035193
2014-10-24,0.9208249411927737
2014-10-25,0.9217999130072057
2014-10-26,0.9236470899763193
2014-10-27,0.9210413257696949
2014-10-28,0.9222009075843068
2014-10-29,0.9203383154263549
2014-10-30,0.9222182796136522
2014-10-31,0.921575767027467
2014-11-01,0.9225930232189321
2014-11-02,0.9216624112887515
2014-11-03,0.9210032022538208
2014-11-04,0.9212259796860571
2014-11-05,0.9211925580472679
2014-11-06,0.9232052861096057
2014-11-07,0.9225027332037946
2014-11-08,0.9215444028865671
2014-11-09,0.9238286313738185
2014-11-10,0.9247870771716764
2014-11-11,0.9251808309216852
2014-11-12,0.9283675726961202
2014-11-13,0.9286254519281661
2014-11-14,0.9261268768849594
2014-11-15,0.9249336179562502
2014-11-16,0.9254262539218765
2014-11-17,0.9252963694993721
2014-11-18,0.9247008815251121
2014-11-19,0.9227327230757055
2014-11-20,0.9188792991709996
2014-11-21,0.9141374595378193
2014-11-22,0.9092268916291557
2014-11-23,0.903344512163631
2014-11-24,0.9054954652150442
2014-11-25,0.8996170951871139
2014-11-26,0.8924839006379881
2014-11-27,0.8772191222246404
2014-11-28,0.8747465740744429
2014-11-29,0.8786959995037521
2014-11-30,0.8929394211860538
2014-12-01,0.8865199531342188
2014-12-02,0.8837718763793468
2014-12-03,0.8815924102095344
2014-12-04,0.8798948460554754
2014-12-05,0.8793101167790666
2014-12-06,0.8757467797916436
2014-12-07,0.8732215202758012
2014-12-08,0.8781286836100153
2014-12-09,0.8691476292523093
2014-12-10,0.8632731188077677
2014-12-11,0.8619096239955496
2014-12-13,0.8576061159051803
2014-12-14,0.8584349194506896
2014-12-15,0.8522638469185212
2014-12-16,0.8161807552462947
2014-12-17,0.7981062351066894
2014-12-18,0.7846131365017218
2014-12-19,0.8078508034098785
2014-12-20,0.8003383845747971
2014-12-21,0.7962552285133351
2014-12-22,0.7893930497389569
2014-12-23,0.8037381952645046
2014-12-24,0.8029205806889094
2014-12-25,0.7987558877674313
2014-12-26,0.7962808511987736
2014-12-27,0.7974657096863819
2014-12-28,0.7950803926324891
2014-12-29,0.7906292636755943
2014-12-30,0.7906627400795443
2014-12-31,0.7977810898678145
2015-01-01,0.7992099289585426
2015-01-02,0.8037860558675882
2015-01-03,0.8071523686805498
2015-01-04,0.815444003042851
2015-01-05,0.8115223461408005
2015-01-06,0.8154014175755674
2015-01-07,0.8188658223169627
2015-01-08,0.8146516646891764
2015-01-09,0.8171396074028621
2015-01-11,0.8216364291452942
2015-01-12,0.8229842465996847
2015-01-13,0.8203742928435434
2015-01-14,0.8026821605252865
2015-01-15,0.8058045940636464
2015-01-16,0.8039587193416542
2015-01-17,0.8065389548246484
2015-01-18,0.8142765522405343
2015-01-19,0.8154407591419398
2015-01-20,0.8128411827132757
2015-01-21,0.8186123439081732
2015-01-22,0.8192470753719764
2015-01-23,0.8208655409658974
2015-01-24,0.8264942517508002
2015-01-25,0.8272412851010305
2015-01-26,0.8421875948287351
2015-01-27,0.8394410724329658
2015-01-28,0.8323428671479551
2015-01-29,0.8341743123133497
2015-01-30,0.8322902034273452
2015-01-31,0.8284948958381522
2015-02-01,0.8360764680560385
2015-02-02,0.8460552496487095
2015-02-03,0.8455077165882107
2015-02-04,0.8424976866745457
2015-02-05,0.8301100408023669
2015-02-06,0.825115593772001
2015-02-07,0.8326068545815895
2015-02-08,0.8315199849033309
2015-02-09,0.8331817404010115
2015-02-10,0.8352656875457012
2015-02-11,0.8337525645108294
2015-02-12,0.8337113541958021
2015-02-13,0.8371609664831868
2015-02-14,0.8447955077315753
2015-02-15,0.8433978993743556
2015-02-16,0.8435420687132068
2015-02-17,0.8460888480629469
2015-02-18,0.8445694992100633
2015-02-19,0.846536996655284
2015-02-20,0.8505741829107853
2015-02-21,0.8523008676904245
2015-02-22,0.8505229245490571
2015-02-23,0.8490222409175747
2015-02-24,0.8475361436585879
2015-02-25,0.8465440643601244
2015-02-26,0.8465485354637343
2015-02-27,0.8538840585696567
2015-03-01,0.8639258209514143
2015-03-02,0.8700683783737216
2015-03-03,0.8835713558782201
2015-03-04,0.8846376796592343
2015-03-05,0.8761272172196953
2015-03-06,0.8791887371796762
2015-03-07,0.8825342065210386
2015-03-08,0.886923316442005
2015-03-09,0.8865991578455542
2015-03-10,0.8912112642802131
2015-03-11,0.891323908095114
2015-03-12,0.8900626461044181
2015-03-13,0.886630945010814
2015-03-14,0.8820355434881851
2015-03-15,0.8853377080866967
2015-03-16,0.885385163973977
2015-03-17,0.8844678204609859
2015-03-18,0.8781839488211126
2015-03-19,0.8800763435410277
2015-03-20,0.8802251915346371
2015-03-21,0.8809041201070625
2015-03-22,0.883213465676035
2015-03-23,0.882339702133213
2015-03-24,0.8797454603222393
2015-03-25,0.8842598791103374
2015-03-26,0.8875665166133694
2015-03-27,0.8862366594922724
2015-03-28,0.8882318747755691
2015-03-29,0.8881088261820596
2015-03-30,0.8912660316035697
2015-03-31,0.8960575124719682
2015-04-01,0.8974030167194474
2015-04-02,0.8972347914584023
2015-04-03,0.8916354813446181
2015-04-04,0.8911724081524697
2015-04-05,0.8943693847745059
2015-04-06,0.8927354993055583
2015-04-07,0.8901721446911977
2015-04-08,0.8863257133396275
2015-04-09,0.8899049479847286
2015-04-10,0.890249655490211
2015-04-11,0.89257031508423
2015-04-12,0.8899027356974797
2015-04-13,0.8891548099376584
2015-04-14,0.8877582564009725
2015-04-15,0.8916195029541131
2015-04-16,0.8922982697276272
2015-04-17,0.8904236974025683
2015-04-18,0.8914366860558969
2015-04-19,0.8921138457517536
2015-04-20,0.892451579452646
2015-04-21,0.8954657153201953
2015-04-22,0.8936352420393215
2015-04-23,0.894007553808025
2015-04-24,0.8928009615857928
2015-04-25,0.8895961040260525
2015-04-26,0.8925271117730323
2015-04-27,0.8955440092711893
2015-04-28,0.8959048346903641
2015-04-29,0.8944401873560234
2015-04-30,0.8959362679181099
2015-05-01,0.8952855164602433
2015-05-02,0.896241347476142
2015-05-03,0.8980477484669069
2015-05-04,0.8977492731004928
2015-05-05,0.8980975231897307
2015-05-06,0.8969403696432563
2015-05-07,0.9012053165021494
2015-05-08,0.9030621301959059
2015-05-09,0.902220459443407
2015-05-10,0.9037307758487936
2015-05-11,0.9042090849379605
2015-05-12,0.9042302948483103
2015-05-13,0.9053584951289925
2015-05-14,0.9071563724734903
2015-05-15,0.9068385033939228
2015-05-16,0.9074658795468751
2015-05-17,0.9097583450533105
2015-05-18,0.9134107846799319
2015-05-19,0.9059319706564842
2015-05-20,0.9051134522669054
2015-05-21,0.9056727120453522
2015-05-22,0.9020539938950558
2015-05-23,0.9005679311201211
2015-05-24,0.9004023463804356
2015-05-25,0.8988074292984393
2015-05-26,0.8991992838863787
2015-05-27,0.8971663394406295
2015-05-28,0.8888235091447542
2015-05-29,0.880129590290766
2015-05-30,0.8851953640458168
2015-05-31,0.8863575001105003
2015-06-01,0.8903524310526105
2015-06-02,0.8863204256901648
2015-06-03,0.8866926996550724
2015-06-04,0.8871340090940744
2015-06-05,0.8854982572146229
2015-06-06,0.8861306343934101
2015-06-07,0.8856803152719359
2015-06-08,0.8858323574925816
2015-06-09,0.8862904485862053
2015-06-10,0.8867303121598656
2015-06-11,0.8865498990947679
2015-06-12,0.8865516480541031
2015-06-13,0.8862717081232647
2015-06-14,0.8849168210777011
2015-06-15,0.8826660939593513
2015-06-16,0.872801424134518
2015-06-17,0.8705266944014775
2015-06-18,0.8639967530216499
2015-06-19,0.8582736430805495
2015-06-20,0.857639164333107
2015-06-21,0.8626384832642982
2015-06-22,0.8615636269483506
2015-06-23,0.8615652423592699
2015-06-24,0.8607386651203063
2015-06-25,0.8599077935751347
2015-06-26,0.8584609415979494
2015-06-27,0.858193902743832
2015-06-28,0.8560575716571226
2015-06-29,0.8523443545192656
2015-06-30,0.8565043264420586
2015-07-01,0.8568335941620875
2015-07-02,0.8553574975058911
2015-07-03,0.8550548218040563
2015-07-04,0.8589363259599242
2015-07-05,0.8618268175721098
2015-07-06,0.8578346878057478
2015-07-07,0.8597440068961827
2015-07-08,0.8535851669379416
2015-07-09,0.8448388640110014
2015-07-10,0.8757462920651469
2015-07-11,0.8815303647797356
2015-07-12,0.8798858086612903
2015-07-13,0.8790829357471213
2015-07-14,0.8775650767257976
2015-07-15,0.8818519016665989
2015-07-16,0.8871694374549988
2015-07-17,0.8865005048689553
2015-07-18,0.8831263162561225
2015-07-19,0.8846023019382206
2015-07-20,0.8856602985968578
2015-07-21,0.887239953686793
2015-07-22,0.8876597228218523
2015-07-23,0.8881851576342896
2015-07-24,0.8842552759512159
2015-07-25,0.8829498124287024
2015-07-26,0.8827387892328425
2015-07-27,0.8806064834361036
2015-07-28,0.8785402060821691
2015-07-29,0.8786813310227981
2015-07-30,0.8801329660881364
2015-07-31,0.8785110626156469
2015-08-01,0.8831264403843408
2015-08-02,0.8835697998121746
2015-08-03,0.8833343766503359
2015-08-04,0.8832120870552765
2015-08-05,0.8824956992795654
2015-08-06,0.8848474343694438
2015-08-07,0.8548724390164459
2015-08-08,0.8714871299799111
2015-08-09,0.8712297818318632
2015-08-10,0.8708438811782304
2015-08-11,0.8679843434016602
2015-08-12,0.8679194691598953
2015-08-13,0.861176351528214
2015-08-14,0.8594790411766305
2015-08-15,0.8598937545591603
2015-08-16,0.8609095229277101
2015-08-17,0.8619977042239021
2015-08-18,0.851315960870942
2015-08-19,0.8557827091969145
2015-08-20,0.8543709608305831
2015-08-21,0.854423274205827
2015-08-22,0.8555754208386267
2015-08-23,0.8572116582037306
2015-08-24,0.8544553733756852
2015-08-25,0.8643991722409096
2015-08-26,0.8629270755595477
2015-08-27,0.862974920673365
2015-08-28,0.8655715349074488
2015-08-29,0.8628453715979153
2015-08-30,0.8584623522149423
2015-08-31,0.8595730980520229
2015-09-01,0.859582555866587
2015-09-02,0.8621935701201858
2015-09-03,0.86528169953348
2015-09-04,0.8666641071192717
2015-09-05,0.8612920432977716
2015-09-06,0.86299030386412
2015-09-07,0.863819420077352
2015-09-08,0.8666511916743086
2015-09-09,0.8668991517544753
2015-09-10,0.8677842929003219
2015-09-11,0.8658360741483029
2015-09-12,0.8656436041542692
2015-09-13,0.8630973957139495
2015-09-14,0.8722427311802089
2015-09-15,0.8685017586529482
2015-09-16,0.8707761280886481
2015-09-17,0.8707718540154157
2015-09-19,0.8705171509451686
2015-09-20,0.8679673747912241
2015-09-21,0.8699564788836451
2015-09-22,0.8723379399096013
2015-09-23,0.875801241386664
2015-09-24,0.8784517233488811
2015-09-25,0.8807688784073279
2015-09-26,0.8806588297308697
2015-09-27,0.8809768069065143
2015-09-28,0.8857404547250036
2015-09-29,0.8898293922659206
2015-09-30,0.8884223160013996
2015-10-01,0.8904284509452429
2015-10-02,0.8882327476887456
2015-10-03,0.8910829584516813
2015-10-04,0.8935480688178227
2015-10-05,0.8966878347896984
2015-10-06,0.8945468724502778
2015-10-07,0.8945356946137586
2015-10-08,0.897368375499209
2015-10-09,0.8968563730810357
2015-10-10,0.8973059696560209
2015-10-11,0.8964840903708742
2015-10-12,0.8948377873196447
2015-10-13,0.8954216244266174
2015-10-14,0.8989499845309273
2015-10-15,0.8997918643330675
2015-10-16,0.9031875807100325
2015-10-17,0.9073146877589392
2015-10-18,0.9071020340087728
2015-10-19,0.9075299850078334
2015-10-20,0.9120885224427511
2015-10-21,0.9115334207098514
2015-10-22,0.9113204486140428
2015-10-23,0.9131540518390991
2015-10-24,0.9145193162730004
2015-10-25,0.9154572408891668
2015-10-26,0.9131692545977325
2015-10-27,0.9135228988937844
2015-10-28,0.9138236011538619
2015-10-29,0.9075312474973589
2015-10-30,0.9095509826228021
2015-10-31,0.9113601549808975
2015-11-01,0.9094996297816977
2015-11-02,0.915612510056933
2015-11-03,0.9195193782576837
2015-11-04,0.9267307447872144
2015-11-05,0.9267379903572244
2015-11-06,0.9267689150401026
2015-11-07,0.9277345747228352
2015-11-08,0.9261129579513305
2015-11-09,0.928048340681291
2015-11-10,0.92403165752039
2015-11-11,0.9224503878221777
2015-11-12,0.9223720347122094
2015-11-13,0.9228800802650268
2015-11-14,0.9235409990152172
2015-11-15,0.9232421309092286
2015-11-16,0.9236459840669764
2015-11-17,0.9228497969953605
2015-11-18,0.9229086015983955
2015-11-19,0.9226693670750907
2015-11-20,0.9223311017974891
2015-11-21,0.922344196637306
2015-11-22,0.9221040837585601
2015-11-23,0.9219862771640843
2015-11-24,0.9225129658716095
2015-11-25,0.92217820925523
2015-11-26,0.925125829873485
2015-11-27,0.9268223146859036
2015-11-28,0.9266215646542518
2015-11-29,0.9280265349845642
2015-11-30,0.930040394469657
2015-12-01,0.929562349156397
2015-12-02,0.9297098179732168
2015-12-03,0.9293224363680307
2015-12-04,0.926497357577237
2015-12-05,0.9270133193223301
2015-12-06,0.9273266340435957
2015-12-07,0.9264893822910915
2015-12-08,0.9232787158789728
2015-12-09,0.9160316588331938
2015-12-10,0.9157524834960376
2015-12-11,0.9196355083312643
2015-12-12,0.9176374004217058
2015-12-13,0.9163814697671676
2015-12-14,0.922876832236902
2015-12-15,0.9285922262957856
2015-12-16,0.9277320327105281
2015-12-17,0.9284974723083814
2015-12-18,0.9309249482856705
2015-12-19,0.9315348412821115
2015-12-20,0.9304952470798902
2015-12-21,0.9302344716562148
2015-12-22,0.9308827742259598
2015-12-23,0.9316194130240397
2015-12-24,0.9329316320411107
2015-12-25,0.9307604503486077
2015-12-26,0.9281682022373621
2015-12-27,0.9277089764657022
2015-12-28,0.9276782330110538
2015-12-29,0.9288576537541251
2015-12-30,0.9277566523318079
2015-12-31,0.9289336900202799
2016-01-01,0.9294685367831801
2016-01-02,0.929049637136588
2016-01-03,0.9286506580588976
2016-01-04,0.9295006633924436
2016-01-05,0.9292930709042605
2016-01-06,0.929029926337735
2016-01-07,0.9322651549834909
2016-01-08,0.9316880036855325
2016-01-09,0.930454906312367
2016-01-10,0.9307554190582691
2016-01-11,0.9303912148925708
2016-01-12,0.9274120084188697
2016-01-13,0.9275908318660399
2016-01-14,0.9274209557255002
2016-01-15,0.9212151264076102
2016-01-16,0.9248121083767034
2016-01-17,0.9215236822063223
2016-01-18,0.9213648604864283
2016-01-19,0.9216559575594806
2016-01-20,0.9231555497964715
2016-01-21,0.9223463198465129
2016-01-22,0.9196359224660378
2016-01-23,0.9156939040289673
2016-01-24,0.9155584626323086
2016-01-25,0.9102075752374899
2016-01-26,0.9076522989927546
2016-01-27,0.8996147843809598
2016-01-28,0.8994732120025961
2016-01-29,0.8972843808356488
2016-01-30,0.8996539909684143
2016-01-31,0.9002231120607451
2016-02-01,0.9016454672479556
2016-02-02,0.8986234273865129
2016-02-03,0.8961280053688908
2016-02-04,0.8985242471837591
2016-02-05,0.8967450910474842
2016-02-06,0.8916371237221828
2016-02-07,0.8853236644948514
2016-02-08,0.8839425888440581
2016-02-09,0.8764669422350192
2016-02-10,0.8731674518692483
2016-02-11,0.8572835430900471
2016-02-12,0.8608654776903146
2016-02-13,0.8638703655659165
2016-02-14,0.8673250751263817
2016-02-15,0.8644504353394267
2016-02-16,0.8766032398639833
2016-02-17,0.8856743205223866
2016-02-18,0.8819942172178772
2016-02-19,0.8770166747327796
2016-02-20,0.8835159505438512
2016-02-21,0.8811286571288904
2016-02-22,0.8722271256549742
2016-02-23,0.8691185608527333
2016-02-24,0.8635312205799675
2016-02-25,0.8651986066488327
2016-02-26,0.8682682674579961
2016-02-27,0.8635904004756815
2016-02-28,0.863529736537636
2016-02-29,0.8656747362250241
2016-03-01,0.8539860928126387
2016-03-02,0.8438758246396159
2016-03-03,0.8343034304569086
2016-03-04,0.8219505332256197
2016-03-05,0.8133517050857098
2016-03-06,0.812645943514265
2016-03-07,0.8296740540254203
2016-03-08,0.8260157706372583
2016-03-09,0.8090713552979425
2016-03-10,0.8132932457334994
2016-03-11,0.8140306630825471
2016-03-12,0.791881229438214
2016-03-13,0.7860260074537866
2016-03-14,0.8041937424032264
2016-03-15,0.8001672853019711
2016-03-16,0.8038765013298179
2016-03-17,0.8172300757400597
2016-03-18,0.8158237868161617
2016-03-19,0.8196360135081957
2016-03-20,0.8224916890126626
2016-03-21,0.8087497005529076
2016-03-22,0.8150934076010883
2016-03-23,0.8044483738599082
2016-03-24,0.8132334318704589
2016-03-25,0.8171256320552618
2016-03-26,0.8160741373058987
2016-03-27,0.8242071274621308
2016-03-28,0.815045658036583
2016-03-29,0.8122018713366865
2016-03-30,0.8106246373723823
2016-03-31,0.8156440485979536
2016-04-01,0.8139223847514429
2016-04-02,0.8150305037711655
2016-04-03,0.814355726165233
2016-04-04,0.8180073696105691
2016-04-05,0.8257155833086212
2016-04-06,0.8243094337587344
2016-04-07,0.8310836696437113
2016-04-08,0.8343962406144441
2016-04-09,0.8409520937819601
2016-04-10,0.8454878697414187
2016-04-11,0.8482141909636975
2016-04-12,0.8590067420153085
2016-04-13,0.8540763354970613
2016-04-14,0.8490464481144842
2016-04-15,0.851751438100425
2016-04-16,0.8478992988824477
2016-04-17,0.8407487825363786
2016-04-18,0.8415678093581834
2016-04-19,0.8457576693573748
2016-04-20,0.8491645540473828
2016-04-21,0.8538278775274213
2016-04-22,0.8560694748215527
2016-04-23,0.8525918055486909
2016-04-24,0.8566533520328562
2016-04-25,0.8608813580069192
2016-04-26,0.8634925701210783
2016-04-27,0.8565469117889748
2016-04-28,0.8632315339058767
2016-04-29,0.8620936893410112
2016-04-30,0.8491437787402484
2016-05-01,0.8496290710701704
2016-05-02,0.8369241129652985
2016-05-03,0.8459758219600374
2016-05-04,0.8446720665098519
2016-05-05,0.8416601725411357
2016-05-06,0.8467128281455449
2016-05-07,0.846194463664483
2016-05-08,0.845872230547281
2016-05-09,0.8475905353992013
2016-05-10,0.8453159718671495
2016-05-11,0.8405551951260734
2016-05-12,0.8407839074073483
2016-05-13,0.8372183217545791
2016-05-14,0.839453406047251
2016-05-15,0.8422800694034237
2016-05-16,0.8316678774113314
2016-05-17,0.8233604760303108
2016-05-18,0.813435585882972
2016-05-19,0.7993063792920225
2016-05-20,0.8083929777511282
2016-05-21,0.8055743975775655
2016-05-22,0.8022790003181766
2016-05-23,0.8102476406364609
2016-05-24,0.8163125497009195
2016-05-25,0.8181826720013315
2016-05-26,0.8174473190198522
2016-05-27,0.8323219292026864
2016-05-28,0.8425681152636051
2016-05-29,0.8280778021975472
2016-05-30,0.8267982012615994
2016-05-31,0.8169272719097277
2016-06-01,0.8183844143810975
2016-06-02,0.8207957930180282
2016-06-03,0.8266756962735743
2016-06-04,0.8284453239736518
2016-06-05,0.8272376231486156
2016-06-06,0.8301248944762257
2016-06-07,0.8250564427416753
2016-06-08,0.8262603933573548
2016-06-09,0.8244328493614461
2016-06-10,0.8281389592334577
2016-06-11,0.8325114527771559
2016-06-12,0.8360411770421301
2016-06-13,0.8305509148988609
2016-06-14,0.816992402777152
2016-06-15,0.8216522958099192
2016-06-16,0.8225299134335519
2016-06-17,0.8505413907610286
2016-06-18,0.8763388804684052
2016-06-19,0.8702725475480381
2016-06-20,0.8693866804089652
2016-06-21,0.8514593037632776
2016-06-22,0.8413028519747726
2016-06-23,0.842482173858101
2016-06-24,0.8443148076780846
2016-06-25,0.8451729018964362
2016-06-26,0.8407965648653647
2016-06-27,0.8432888873259725
2016-06-28,0.8511777419921922
2016-06-29,0.8478332748936742
2016-06-30,0.8536387291585403
2016-07-01,0.8563736592339123
2016-07-02,0.8610055170330966
2016-07-03,0.8571259510461727
2016-07-04,0.8608527565414501
2016-07-05,0.866349289098463
2016-07-06,0.8679096512255962
2016-07-07,0.8671031399007503
2016-07-08,0.8615119700933039
2016-07-09,0.8603250323305968
2016-07-10,0.8600303442543347
2016-07-11,0.8603658972600277
2016-07-12,0.8523931185598659
2016-07-13,0.8432869738275383
2016-07-14,0.8390324706147881
2016-07-15,0.8393023106473398
2016-07-16,0.8401528274113833
2016-07-17,0.8466205326398374
2016-07-18,0.8508654539350137
2016-07-19,0.8368708279027388
2016-07-20,0.8316663861508681
2016-07-21,0.8327656568351893
2016-07-22,0.8179918361145749
2016-07-23,0.8179162158857126
2016-07-24,0.8351782664939327
2016-07-25,0.8306390717453714
2016-07-26,0.8338630571118938
2016-07-27,0.8342889552933388
2016-07-28,0.8347598643054537
2016-07-29,0.8381821694551643
2016-07-30,0.8382669668260371
2016-07-31,0.835167164777199
2016-08-01,0.8356153944247
2016-08-02,0.8356533279959699
2016-08-03,0.8307510389799807
2016-08-04,0.8290906684101306
2016-08-05,0.825279687335625
2016-08-06,0.8279119224744732
2016-08-07,0.8323037567452379
2016-08-08,0.8304510567363859
2016-08-09,0.8257663211497698
2016-08-10,0.8309360676409241
2016-08-11,0.8321144950916116
2016-08-12,0.8296972908244512
2016-08-13,0.8291785256795202
2016-08-14,0.8279235367478877
2016-08-15,0.8283328719235127
2016-08-16,0.8318216336131433
2016-08-17,0.8328051375600138
2016-08-18,0.8329241759401999
2016-08-19,0.8323813439212568
2016-08-20,0.8317124705362183
2016-08-21,0.8320370039207585
2016-08-22,0.8329540548502786
2016-08-23,0.8338825855361484
2016-08-24,0.8341658894223228
2016-08-25,0.8342983769290898
2016-08-26,0.8350018900982584
2016-08-27,0.8342220649554303
2016-08-28,0.8334318022607135
2016-08-29,0.8313858888141629
2016-08-30,0.832035391297021
2016-08-31,0.8294188790433165
2016-09-01,0.8270663783430483
2016-09-02,0.8252033416166676
2016-09-03,0.8327442832448464
2016-09-04,0.8319483214334734
2016-09-05,0.8307381424354489
2016-09-06,0.8337833639062507
2016-09-07,0.8361471021664253
2016-09-08,0.8398347313456808
2016-09-09,0.8377113705512855
2016-09-10,0.8338391107851427
2016-09-11,0.8367151713718007
2016-09-12,0.8357555562680835
2016-09-13,0.8351861862992103
2016-09-14,0.8359765473208611
2016-09-15,0.8310862557284036
2016-09-16,0.8300849286318418
2016-09-17,0.8293004314806752
2016-09-18,0.8316483282991389
2016-09-19,0.8274955479056736
2016-09-20,0.820283793685402
2016-09-21,0.8226092710724896
2016-09-22,0.82470833430604
2016-09-23,0.8241463826347172
2016-09-24,0.8252697135424906
2016-09-25,0.8227804954657624
2016-09-26,0.8270985225600175
2016-09-27,0.8247543110739424
2016-09-28,0.8214601259659686
2016-09-29,0.8236666627287589
2016-09-30,0.8239749640574259
2016-10-01,0.8288573763203914
2016-10-02,0.8272056777504461
2016-10-03,0.8265260990842351
2016-10-04,0.8285085300082978
2016-10-05,0.8276775908675856
2016-10-06,0.8300468452193397
2016-10-07,0.8333167173194685
2016-10-08,0.8363935772706516
2016-10-09,0.8361399663748375
2016-10-10,0.838827425959032
2016-10-11,0.8435740642699519
2016-10-12,0.842766825951362
2016-10-13,0.8423300218060277
2016-10-14,0.841929360303146
2016-10-15,0.8433064174570248
2016-10-16,0.8433434435044895
2016-10-17,0.8439088084125648
2016-10-18,0.8394730977279687
2016-10-19,0.8409097170386124
2016-10-20,0.8395170979695484
2016-10-21,0.8390566959467518
2016-10-22,0.8450687588916544
2016-10-23,0.8444775306468635
2016-10-24,0.8457137401606079
2016-10-25,0.850823621599986
2016-10-26,0.8537436415851115
2016-10-27,0.8565144166275912
2016-10-28,0.8618985292253949
2016-10-29,0.8714497774677821
2016-10-30,0.8630686227469183
2016-10-31,0.8648633322365046
2016-11-01,0.8713011575725786
2016-11-02,0.8726814816936361
2016-11-03,0.864806906985245
2016-11-04,0.864741402181087
2016-11-05,0.8592341984997983
2016-11-06,0.8658670969854801
2016-11-07,0.864968453531794
2016-11-08,0.8652581821827435
2016-11-09,0.8692109378735847
2016-11-10,0.8681757782724414
2016-11-11,0.8688444553834833
2016-11-12,0.8689446431023004
2016-11-13,0.8669772960708332
2016-11-14,0.868660269033482
2016-11-15,0.8688719793724892
2016-11-16,0.8755098339340294
2016-11-17,0.8760344803567431
2016-11-18,0.8808586837780121
2016-11-19,0.879847445663006
2016-11-20,0.8778074954176999
2016-11-21,0.8785079359325992
2016-11-22,0.878457486784381
2016-11-23,0.8788327164771178
2016-11-24,0.8822694639515012
2016-11-25,0.881448858537648
2016-11-26,0.88015579219533
2016-11-27,0.8813789708021679
2016-11-28,0.8844596885134179
2016-11-29,0.8886226241160761
2016-11-30,0.8866080147472701
2016-12-01,0.8891726450091826
2016-12-02,0.895554605714558
2016-12-03,0.8937502328727978
2016-12-04,0.8973680821503559
2016-12-05,0.9001608635865465
2016-12-06,0.8947674021418047
2016-12-07,0.8911972398988891
2016-12-08,0.8913741106008743
2016-12-09,0.890133766924736
2016-12-10,0.8932401090602895
2016-12-11,0.8920249820912065
2016-12-12,0.891449973711323
2016-12-13,0.8920824526897119
2016-12-14,0.8925785642426505
2016-12-15,0.8941045927918705
2016-12-16,0.8940925035714583
2016-12-17,0.8955670469446523
2016-12-18,0.8946988545418892
2016-12-19,0.895533667680066
2016-12-20,0.89731092479946
2016-12-21,0.8998556460792798
2016-12-22,0.9044376129863334
2016-12-23,0.9086071852837451
2016-12-24,0.9062443141342116
2016-12-25,0.9070141446129837
2016-12-26,0.9070536828890228
2016-12-27,0.9078898904020943
2016-12-28,0.908370342128886
2016-12-29,0.9028994670362548
2016-12-30,0.9020367680983511
2016-12-31,0.9032529838503686
2017-01-01,0.9050054482749008
2017-01-02,0.9040922056422547
2017-01-03,0.8993134472261867
2017-01-04,0.8970799334159024
2017-01-05,0.8937898255252591
2017-01-06,0.8863545645818977
2017-01-07,0.8897100403717851
2017-01-08,0.8878108069828923
2017-01-09,0.8864261211463088
2017-01-10,0.8840513265864454
2017-01-11,0.8787593357831734
2017-01-12,0.8797888075049766
2017-01-13,0.8827555245872962
2017-01-14,0.8820751085692385
2017-01-15,0.8815363632039295
2017-01-16,0.883385819070298
2017-01-17,0.8867112733860921
2017-01-18,0.8854806599693295
2017-01-19,0.8849498049370266
2017-01-20,0.8835836944654918
2017-01-21,0.8845075808055298
2017-01-22,0.8858599664591494
2017-01-23,0.8847676846449667
2017-01-24,0.8841675877071804
2017-01-25,0.8853561705409343
2017-01-26,0.8857345266778607
2017-01-27,0.8867474041927594
2017-01-28,0.8863883739853818
2017-01-29,0.886046330532345
2017-01-30,0.8848278310993676
2017-01-31,0.8888670370748188
2017-02-01,0.8902534679254319
2017-02-02,0.8916575982591999
2017-02-03,0.8913777150403938
2017-02-04,0.891119491716506
2017-02-05,0.8906404329171724
2017-02-06,0.8911083329690064
2017-02-07,0.8924005298608872
2017-02-08,0.8926496892263237
2017-02-09,0.8904331678882839
2017-02-10,0.889007212491461
2017-02-11,0.8893808353633011
2017-02-12,0.8885164568540667
2017-02-13,0.8886659476396874
2017-02-14,0.8804629874167975
2017-02-15,0.8804061210221892
2017-02-16,0.8829601421034803
2017-02-17,0.8857163671237214
2017-02-18,0.8861611924383598
2017-02-19,0.8854482735766316
2017-02-20,0.8905797901213778
2017-02-21,0.8932111076585301
2017-02-22,0.8930458618020773
2017-02-23,0.8935108913187488
2017-02-24,0.8952332778349164
2017-02-25,0.8912376253684597
2017-02-26,0.8884640598226887
2017-02-27,0.8865597247739634
2017-02-28,0.8836759829463084
2017-03-01,0.8781998004250049
2017-03-02,0.8730107800129253
2017-03-03,0.8711420109304567
2017-03-04,0.873301621542033
2017-03-05,0.8710863285334115
2017-03-06,0.8695994152605081
2017-03-07,0.8685598625508512
2017-03-08,0.8725364594188071
2017-03-09,0.8689794678045599
2017-03-10,0.8565118767497356
2017-03-11,0.8475603557431032
2017-03-12,0.8428827970233194
2017-03-13,0.8256593481722595
2017-03-14,0.8231644089070063
2017-03-15,0.8021653844453315
2017-03-16,0.7607552013108473
2017-03-17,0.7449461964819876
2017-03-18,0.7598888397791919
2017-03-19,0.7346865621322207
2017-03-20,0.7443028711752803
2017-03-21,0.7562786297414361
2017-03-22,0.7442248911640003
2017-03-23,0.7347936527816037
2017-03-24,0.6884591608047148
2017-03-25,0.7050224736869503
2017-03-26,0.705424968698984
2017-03-27,0.7257503544284658
2017-03-28,0.7218072899560949
2017-03-29,0.7128255762056138
2017-03-30,0.7046254796451865
2017-03-31,0.7115026309237595
2017-04-01,0.7100361630000261
2017-04-02,0.6813444888978616
2017-04-03,0.7259234532676121
2017-04-04,0.7166975181206305
2017-04-05,0.7114257575271
2017-04-06,0.7331160449630453
2017-04-07,0.7323386626147452
2017-04-08,0.7249789848606002
2017-04-09,0.7337091269603053
2017-04-10,0.7330893287174354
2017-04-11,0.7377750145479174
2017-04-12,0.7234399479920549
2017-04-13,0.7086057128705727
2017-04-14,0.7153284859877569
2017-04-15,0.7097768362253873
2017-04-16,0.7129618690548977
2017-04-17,0.715602418889128
2017-04-18,0.71250371084041
2017-04-19,0.7207311267327815
2017-04-20,0.7206608982706709
2017-04-21,0.718213365782603
2017-04-22,0.7173593359177487
2017-04-23,0.7127914030456104
2017-04-24,0.7119153179916566
2017-04-25,0.7131119756014578
2017-04-26,0.7055561075346635
2017-04-27,0.6880859734181046
2017-04-28,0.6638992481437267
2017-04-29,0.6558921770987697
2017-04-30,0.6395552456939066
2017-05-01,0.6537477553020028
2017-05-02,0.6583578411826844
2017-05-03,0.6495721965650817
2017-05-04,0.6141351169638115
2017-05-05,0.6077452267401522
2017-05-06,0.6008206740973946
2017-05-07,0.5793343098110234
2017-05-08,0.5744269111219316
2017-05-09,0.5979256775775974
2017-05-10,0.5922194905170959
2017-05-11,0.6011045540574532
2017-05-12,0.5752651935366943
2017-05-13,0.5799475688133997
2017-05-14,0.5774958659747949
2017-05-15,0.5473671754308599
2017-05-16,0.521470431918751
2017-05-17,0.5170480271470017
2017-05-18,0.5173234220355741
2017-05-19,0.5158110415253343
2017-05-20,0.519829990166997
2017-05-21,0.4923732673190213
2017-05-22,0.5012335847450328
2017-05-23,0.5038665293343136
2017-05-24,0.5165538738995474
2017-05-25,0.5359318732208254
2017-05-26,0.5334551185607251
2017-05-27,0.5337704050514683
2017-05-28,0.5301023752706526
2017-05-29,0.5215104236492191
2017-05-30,0.49529627961275396
2017-05-31,0.4965909988458535
2017-06-01,0.48943809304336067
2017-06-02,0.5000897753051314
2017-06-03,0.5070744285526557
2017-06-04,0.4922498441261298
2017-06-05,0.5060746265565171
2017-06-06,0.5146684923979016
2017-06-07,0.5103397841107079
2017-06-08,0.5115332533227777
2017-06-09,0.5040679605063498
2017-06-10,0.49184554998022156
2017-06-11,0.4838101068074425
2017-06-12,0.4386829961523441
2017-06-13,0.4376066467215771
2017-06-14,0.435180064035722
2017-06-15,0.4358385547030567
2017-06-16,0.435306159915493
2017-06-17,0.43753246709126875
2017-06-18,0.4289518876145648
2017-06-19,0.4298247793478884
2017-06-20,0.4433588187715978
2017-06-21,0.45579990142029214
2017-06-22,0.45764453412719297
2017-06-23,0.4521704164707634
2017-06-24,0.45086370314102675
2017-06-25,0.46201103422834233
2017-06-26,0.47488669975769393
2017-06-27,0.4722041782510637
2017-06-28,0.45510982709100195
2017-06-29,0.4677710737558322
2017-06-30,0.46691507915161934
2017-07-01,0.4773627455114414
2017-07-02,0.4748833337740356
2017-07-03,0.48011118006623044
2017-07-04,0.4861557768818774
2017-07-05,0.4888506581420112
2017-07-06,0.48955809069828
2017-07-07,0.5032818301566253
2017-07-08,0.5028519395048253
2017-07-09,0.5061327373386431
2017-07-11,0.5382901963755827
2017-07-12,0.5094011875459081
2017-07-13,0.5233964502635375
2017-07-14,0.5234118432280013
2017-07-15,0.5301863677618843
2017-07-16,0.5413090940417299
2017-07-17,0.5299844497360381
2017-07-18,0.5074982633750174
2017-07-19,0.5354423156291942
2017-07-20,0.5561919568922544
2017-07-21,0.5501142623481728
2017-07-22,0.5492729675538254
2017-07-23,0.5466877862521643
2017-07-24,0.5493658366453441
2017-07-25,0.5521030596106925
2017-07-26,0.5496500079473178
2017-07-27,0.5623224383044502
2017-07-28,0.5865944283910495
2017-07-29,0.5682794769289328
2017-07-30,0.5808143849832523
2017-07-31,0.5844394683692248
2017-08-01,0.513812040055437
2017-08-02,0.5090485841265704
2017-08-03,0.5209482197149319
2017-08-04,0.5423727793241216
2017-08-05,0.5495145413452499
2017-08-06,0.5435405362060387
2017-08-07,0.5399371946508906
2017-08-08,0.5231731602262166
2017-08-09,0.522510937604129
2017-08-10,0.5240895961281269
2017-08-11,0.5324596395649189
2017-08-12,0.5484184293525226
2017-08-13,0.5662207878247026
2017-08-14,0.5773919578412651
2017-08-15,0.5770938194220164
2017-08-16,0.5795080913488667
2017-08-17,0.5678626124094159
2017-08-18,0.5452192777468885
2017-08-19,0.538901334966598
2017-08-20,0.5330418802338679
2017-08-21,0.5238216056037381
2017-08-22,0.5194438803249556
2017-08-23,0.5193044755220713
2017-08-24,0.5324911150716692
2017-08-25,0.5305304538196515
2017-08-26,0.5261339582333378
2017-08-27,0.5240176193998519
2017-08-28,0.5222357499525199
2017-08-29,0.5304221612131147
2017-08-30,0.5229947035164669
2017-08-31,0.5213063047767466
2017-09-01,0.5244421237331016
2017-09-02,0.5329977910515026
2017-09-03,0.5313193606731359
2017-09-04,0.550357364703573
2017-09-05,0.5441623715377082
2017-09-06,0.5350906145911558
2017-09-07,0.5386399837017158
2017-09-08,0.5424812566551628
2017-09-09,0.5466744052786198
2017-09-10,0.5461400191959273
2017-09-11,0.5438341876991832
2017-09-12,0.5460788916496652
2017-09-13,0.5413561507439968
2017-09-14,0.557714846463157
2017-09-15,0.5560431756315736
2017-09-16,0.5557297175165341
2017-09-17,0.5519014086984871
2017-09-18,0.5503308634513873
2017-09-19,0.5457968639367141
2017-09-20,0.548591826987942
2017-09-21,0.5536962571014528
2017-09-22,0.5493420382444794
2017-09-23,0.5462274623465335
2017-09-24,0.5434894213473753
2017-09-25,0.5476223449157872
2017-09-26,0.5479637322482932
2017-09-27,0.5504210316171331
2017-09-28,0.5549807267046488
2017-09-29,0.5601516824896611
2017-09-30,0.563428344416963
2017-10-01,0.5665044894439462
2017-10-02,0.5704661556060956
2017-10-03,0.5704068150362445
2017-10-04,0.5677237679359342
2017-10-05,0.5682877816371519
2017-10-06,0.5650778034945466
2017-10-07,0.5652517731122076
2017-10-08,0.5729795932265894
2017-10-09,0.5954364297326894
2017-10-10,0.5915926315031189
2017-10-11,0.5914919818306498
2017-10-12,0.6216420713522296
2017-10-13,0.6125001357418804
2017-10-14,0.619023126042766
2017-10-15,0.613842228158989
2017-10-16,0.617725386830279
2017-10-17,0.6201027203192785
2017-10-18,0.6251451964999539
2017-10-19,0.6340478413714261
2017-10-20,0.6484498083592611
2017-10-21,0.6522937442389588
2017-10-22,0.6541961177335645
2017-10-23,0.6583461509554006
2017-10-24,0.6332853771742732
2017-10-25,0.6427667986832283
2017-10-26,0.6493507246073228
2017-10-27,0.642597574160217
2017-10-28,0.6387410550625138
2017-10-29,0.645189201908605
2017-10-30,0.6433499639929865
2017-10-31,0.6578637876967897
2017-11-01,0.6698301614476264
2017-11-02,0.6761023023975243
2017-11-03,0.6716482044117221
2017-11-04,0.6804022146525307
2017-11-05,0.6816755506380511
2017-11-06,0.668497041000109
2017-11-07,0.6711208880920293
2017-11-08,0.6709053339159199
2017-11-09,0.6526070475395994
2017-11-10,0.6264287901588165
2017-11-11,0.5887947676184748
2017-11-12,0.570763865589382
2017-11-13,0.5944822784458578
2017-11-14,0.593569782050241
2017-11-15,0.6196125195265803
2017-11-16,0.6509463875377074
2017-11-17,0.6287589496021867
2017-11-18,0.6210563956648703
2017-11-19,0.630367999461417
2017-11-20,0.6259255808415851
2017-11-21,0.6284989503751538
2017-11-22,0.6179259801824849
2017-11-23,0.5879528792662213
2017-11-24,0.5787482428489735
2017-11-25,0.5855297284585051
2017-11-26,0.5930315803435825
2017-11-27,0.6047354767602225
2017-11-28,0.6062673040721079
2017-11-29,0.6309215230515953
2017-11-30,0.6274679155968655
2017-12-01,0.6326562914787182
2017-12-02,0.636893037345028
2017-12-03,0.6339534415389079
2017-12-04,0.6327430935712086
2017-12-05,0.6361159107595739
2017-12-06,0.6862008227820738
2017-12-07,0.737874510170841
2017-12-08,0.6995941235538323
2017-12-09,0.6828146623329118
2017-12-10,0.7015072579507158
2017-12-11,0.692715625845374
2017-12-12,0.6512724494289739
2017-12-13,0.6294613620994394
2017-12-14,0.6015660361466657
2017-12-15,0.6277388893565393
2017-12-16,0.6415127991422607
2017-12-17,0.626893715652912
2017-12-18,0.6026506531559905
2017-12-19,0.5642778152684764
2017-12-20,0.5299922824144873
2017-12-21,0.5132410327029006
2017-12-22,0.5232970853466631
2017-12-23,0.5165844788444444
2017-12-24,0.5204147286592048
2017-12-25,0.5093034936243751
2017-12-26,0.5346556733719854
2017-12-27,0.5284421183165893
2017-12-28,0.5184416943121184
2017-12-29,0.4791117073697909
2017-12-30,0.4618091321655711
2017-12-31,0.46776321727143344
2018-01-01,0.4526766333223029
2018-01-02,0.4535759220935455
2018-01-03,0.4204280539813057
2018-01-04,0.4246841446073536
2018-01-05,0.4560073084347083
2018-01-06,0.44927024545146244
2018-01-07,0.41806444245749236
2018-01-08,0.43456000525650096
2018-01-09,0.4297360826391662
2018-01-10,0.43718532637719776
2018-01-11,0.42992969014866905
2018-01-12,0.41818729035553553
2018-01-13,0.4132754431585957
2018-01-14,0.41442791355720365
2018-01-15,0.4291564870583494
2018-01-16,0.4476174656459636
2018-01-17,0.4397538855623125
2018-01-18,0.43011758383958787
2018-01-19,0.43460886232822343
2018-01-20,0.4388334801753231
2018-01-21,0.4417241552859406
2018-01-22,0.4375950246387891
2018-01-23,0.4401020438211328
2018-01-24,0.4376512754357382
2018-01-25,0.43598934509675846
2018-01-26,0.4395940450728136
2018-01-27,0.43805336812332096
2018-01-28,0.420818283884447
2018-01-29,0.4230706119066014
2018-01-30,0.4265461034331509
2018-01-31,0.4219505640793023
2018-02-01,0.42661514920115645
2018-02-02,0.4416207982258351
2018-02-03,0.4363393752894715
2018-02-04,0.44296555412503497
2018-02-05,0.44607261723532493
2018-02-06,0.44045974178439495
2018-02-07,0.44916242313554233
2018-02-08,0.44325078775295046
2018-02-09,0.434445964856095
2018-02-10,0.4306615818775633
2018-02-11,0.4309421854129358
2018-02-12,0.43743916081005724
2018-02-13,0.43549244921442154
2018-02-14,0.43436028633567547
2018-02-15,0.44745657865160515
2018-02-16,0.4447780343160039
2018-02-17,0.45702073754238726
2018-02-18,0.4592751271552738
2018-02-19,0.4682743128260775
2018-02-20,0.48507276023473894
2018-02-21,0.48365315819300675
2018-02-22,0.4823741371601234
2018-02-23,0.47586437040577534
2018-02-24,0.4729609945641739
2018-02-25,0.46802908720068015
2018-02-26,0.4782050988709031
2018-02-27,0.485092661063809
2018-02-28,0.4873443272760749
2018-03-01,0.49418836907234853
2018-03-02,0.502178254546944
2018-03-03,0.5106389788649395
2018-03-04,0.5035048778999175
2018-03-05,0.5104245137728712
2018-03-06,0.5048979245409149
2018-03-07,0.5040255019950501
2018-03-08,0.5058171915178054
2018-03-09,0.4970401290746236
2018-03-10,0.49959724116604887
2018-03-11,0.5035861330366241
2018-03-12,0.5045361976352691
2018-03-13,0.5064505081638635
2018-03-14,0.509331767392916
2018-03-15,0.5127765878832797
2018-03-16,0.5160074741337515
2018-03-17,0.5226558638002163
2018-03-18,0.5319998648300415
2018-03-19,0.5237905776491805
2018-03-20,0.5303462869071742
2018-03-21,0.5312604469006414
2018-03-22,0.53479185484573
2018-03-23,0.5408998177266133
2018-03-24,0.5407189084174675
2018-03-25,0.5368441494439418
2018-03-26,0.5451927642079933
2018-03-27,0.5495488882516862
2018-03-28,0.5538389143723532
2018-03-29,0.5612803292839277
2018-03-30,0.5498015727711104
2018-03-31,0.5518312172591363
2018-04-01,0.5584975473250322
2018-04-02,0.559825269871183
2018-04-03,0.5516887017183996
2018-04-04,0.5557325256430788
2018-04-05,0.5535431103014034
2018-04-06,0.5575586770058804
2018-04-07,0.5590318732341357
2018-04-08,0.5552379055084309
2018-04-09,0.5492020365726419
2018-04-10,0.5463309956413416
2018-04-11,0.5337135753824167
2018-04-12,0.5315828350161537
2018-04-13,0.5325269075762766
2018-04-14,0.5329875530702589
2018-04-15,0.5268238216050282
2018-04-16,0.5246119988414106
2018-04-17,0.5215416283906001
2018-04-18,0.51112910657798
2018-04-19,0.49610433125541065
2018-04-20,0.4842950036499865
2018-04-21,0.4922808915875235
2018-04-22,0.48603777858372627
2018-04-23,0.4781474915314689
2018-04-24,0.4782585161606403
2018-04-25,0.4889040266723383
2018-04-26,0.4811378554937114
2018-04-27,0.47986891969556705
2018-04-28,0.4720097022341835
2018-04-29,0.4663956832003344
2018-04-30,0.4750881463730268
2018-05-01,0.4683775570834284
2018-05-02,0.4642022715655613
2018-05-03,0.46279711515431426
2018-05-04,0.46130189657017556
2018-05-05,0.45466797524460845
2018-05-06,0.45592223531921
2018-05-07,0.4590572781746438
2018-05-08,0.4572422392231664
2018-05-09,0.46139739487284304
2018-05-10,0.4658660903291116
2018-05-11,0.4727342340903979
2018-05-12,0.4683781868019907
2018-05-13,0.4611636391012412
2018-05-14,0.4651619740677517
2018-05-15,0.47037171506247566
2018-05-16,0.46811318599503876
2018-05-17,0.47350832341913973
2018-05-18,0.47221826332443784
2018-05-19,0.47262746838239167
2018-05-20,0.4696498606946043
2018-05-21,0.4737184017966039
2018-05-22,0.48045659993165524
2018-05-23,0.48963539622115937
2018-05-24,0.478287847222403
2018-05-25,0.482503897872781
2018-05-26,0.4783695309084646
2018-05-27,0.48287810928142627
2018-05-28,0.4993853887225575
2018-05-29,0.4880965391049421
2018-05-30,0.4873860823059611
2018-05-31,0.48357665432856417
2018-06-01,0.48306328104254753
2018-06-02,0.475548155804089
2018-06-03,0.46932403930716726
2018-06-04,0.47333907225968386
2018-06-05,0.4701863646232699
2018-06-06,0.4729135379730767
2018-06-07,0.4728082377408914
2018-06-08,0.47428107990098317
2018-06-09,0.4745227477763478
2018-06-10,0.48255698221874543
2018-06-11,0.48220266250010235
2018-06-12,0.490698888468026
2018-06-13,0.4919353526385034
2018-06-14,0.4855912810633482
2018-06-15,0.49060619211208895
2018-06-16,0.49228579764139946
2018-06-17,0.4916768954787606
2018-06-18,0.4930902809479825
2018-06-19,0.4879481110484962
2018-06-20,0.491064075024718
2018-06-21,0.492686707159053
2018-06-22,0.4991972889902938
2018-06-23,0.500096354431551
2018-06-24,0.5088525193812911
2018-06-25,0.5094208755415459
2018-06-26,0.5197166274901172
2018-06-27,0.5154159044378537
2018-06-28,0.5188198089605816
2018-06-29,0.5227793881563253
2018-06-30,0.5196483267799947
2018-07-01,0.5194315478683071
2018-07-02,0.5143303877920337
2018-07-03,0.5156897452690051
2018-07-04,0.5160244579036467
2018-07-05,0.5180653571373551
2018-07-06,0.5218234558247474
2018-07-07,0.5196301422902688
2018-07-08,0.5211203161042331
2018-07-09,0.5272875008892418
2018-07-10,0.531425088249705
2018-07-11,0.5287505281956617
2018-07-12,0.5310497781931421
2018-07-13,0.5274112928297616
2018-07-14,0.527729353080947
2018-07-15,0.5234795511333525
2018-07-16,0.5184257084728896
2018-07-17,0.5264955708663738
2018-07-18,0.5338352066024639
2018-07-19,0.5413138657351101
2018-07-20,0.5521418919362756
2018-07-21,0.5478401011042419
2018-07-22,0.5498088069583867
2018-07-23,0.562813227226575
2018-07-24,0.5688984594655605
2018-07-25,0.5640239447915427
2018-07-26,0.5629783635593147
2018-07-27,0.5666513481008647
2018-07-28,0.5684941627252584
2018-07-29,0.5688691785150719
2018-07-30,0.5742315967429913
2018-07-31,0.5734646092736837
2018-08-01,0.5722225235604658
2018-08-02,0.5779604741272568
2018-08-03,0.5708845272319406
2018-08-04,0.5660160244345535
2018-08-05,0.5637507303566506
2018-08-06,0.5650497973453231
2018-08-07,0.5739177397092727
2018-08-08,0.5817199347540215
2018-08-09,0.5824364254062915
2018-08-10,0.5866851874044662
2018-08-11,0.600069445748071
2018-08-12,0.6015388365936885
2018-08-13,0.6205218055479681
2018-08-14,0.6238852568026901
2018-08-15,0.6244204512899781
2018-08-16,0.6214568732289314
2018-08-17,0.5990661006170643
2018-08-18,0.6116029844015693
2018-08-19,0.6086681386041618
2018-08-20,0.6214448100056162
2018-08-21,0.6206828571067484
2018-08-22,0.6257701433363052
2018-08-23,0.6251250278938123
2018-08-24,0.6285082107492153
2018-08-25,0.6309802992177169
2018-08-26,0.6322876075305712
2018-08-27,0.6270367406933925
2018-08-28,0.6233022810814618
2018-08-29,0.626323668487358
2018-08-30,0.6289412843901262
2018-08-31,0.628885424844624
2018-09-01,0.6217799791698683
2018-09-02,0.6245781660509578
2018-09-03,0.6274824746091654
2018-09-04,0.631352457225703
2018-09-05,0.654475495928023
2018-09-06,0.6438540266395989
2018-09-07,0.6512742818289855
2018-09-08,0.6580707141958486
2018-09-09,0.6596511133757919
2018-09-10,0.6630343724448218
2018-09-11,0.6712667069308494
2018-09-12,0.6737077361716023
2018-09-13,0.6600186417823813
2018-09-14,0.6614122189382179
2018-09-15,0.6563395876114431
2018-09-16,0.6563164117801098
2018-09-17,0.6657780424861931
2018-09-18,0.6520612869158723
2018-09-19,0.6523317376143274
2018-09-20,0.6259759088497617
2018-09-21,0.6048453665819645
2018-09-22,0.6076261959225701
2018-09-23,0.60245342641461
2018-09-24,0.6188031394080845
2018-09-25,0.6154119071425819
2018-09-26,0.6156861704741249
2018-09-27,0.6081636217884744
2018-09-28,0.6117309587953089
2018-09-29,0.6034084661191885
2018-09-30,0.6026936482291222
2018-10-01,0.6029443086125038
2018-10-02,0.6110005113719548
2018-10-03,0.612737968297019
2018-10-04,0.6142471950176374
2018-10-05,0.6140373956868435
2018-10-06,0.6194581814541633
2018-10-07,0.6185544595252199
2018-10-08,0.6163992741413062
2018-10-09,0.6190834265282616
2018-10-10,0.6210365094736628
2018-10-11,0.6486968817874461
2018-10-12,0.6381531155232906
2018-10-13,0.6366565338519509
2018-10-14,0.6425078395473206
2018-10-15,0.6369047049089066
2018-10-16,0.6335868137801854
2018-10-17,0.6330504779258649
2018-10-18,0.6349741387234477
2018-10-19,0.6344570846623345
2018-10-20,0.6332067124455673
2018-10-21,0.6334432800756971
2018-10-22,0.6348911277172881
2018-10-23,0.6332032035593623
2018-10-24,0.6353590113168683
2018-10-25,0.6351419142569703
2018-10-26,0.6348631505509461
2018-10-27,0.6358668482578913
2018-10-28,0.6339845312314298
2018-10-29,0.6391551858531971
2018-10-30,0.6380718233457575
2018-10-31,0.6367186536875132
2018-11-01,0.636567947781638
2018-11-02,0.6318612694322137
2018-11-03,0.6306601608133129
2018-11-04,0.6202382122431935
2018-11-05,0.6161193952268011
2018-11-06,0.600442239546602
2018-11-07,0.6073087581772026
2018-11-08,0.6156305279040475
2018-11-09,0.6154951754934698
2018-11-10,0.6133963906324446
2018-11-11,0.6145866970854899
2018-11-12,0.6137686385208088
2018-11-13,0.6174843485591602
2018-11-14,0.6198778983592688
2018-11-15,0.6158635881188047
2018-11-16,0.6200639264685109
2018-11-17,0.6161145451396934
2018-11-18,0.6142320145259837
2018-11-19,0.6089812236089991
2018-11-20,0.6217045779118815
2018-11-21,0.6199177773130203
2018-11-22,0.6234546004238701
2018-11-23,0.6290979026660306
2018-11-24,0.625207387745471
2018-11-25,0.629485049472949
2018-11-26,0.6223588257779142
2018-11-27,0.6249346703074546
2018-11-28,0.6287656347730557
2018-11-29,0.6372444794371649
2018-11-30,0.6328926686159977
2018-12-01,0.6361423730386717
2018-12-02,0.635265688665912
2018-12-03,0.6361026846901634
2018-12-04,0.6405219759758629
2018-12-05,0.6435416487529199
2018-12-06,0.6502211957051655
2018-12-07,0.6458097522576081
2018-12-08,0.6486028981975456
2018-12-09,0.6505810339596958
2018-12-10,0.6514391793160428
2018-12-11,0.652065607275145
2018-12-12,0.6518711730783202
2018-12-13,0.6509845505378655
2018-12-14,0.6552808974708753
2018-12-15,0.6560856257211357
2018-12-16,0.6528119193897597
2018-12-17,0.6444164808535535
2018-12-18,0.6391340980032078
2018-12-19,0.6396026312227382
2018-12-20,0.6323088706752868
2018-12-21,0.6281703604277776
2018-12-22,0.6284182521170786
2018-12-23,0.6153202872606613
2018-12-24,0.608298082687048
2018-12-25,0.6099356340645978
2018-12-26,0.6109509273512835
2018-12-27,0.624949895614126
2018-12-28,0.6113253139388489
2018-12-29,0.6093076185546867
2018-12-30,0.6102004471492338
2018-12-31,0.6141570766033666
2019-01-01,0.6093887758522295
2019-01-02,0.6017692530971742
2019-01-03,0.6057454481432202
2019-01-04,0.6037442037591046
2019-01-05,0.601726674662281
2019-01-06,0.6072077079616974
2019-01-07,0.6096664478887731
2019-01-08,0.6088913781693497
2019-01-09,0.6062684833093877
2019-01-10,0.6165185010709603
2019-01-11,0.6193895886891829
2019-01-12,0.6193185018673854
2019-01-13,0.6258029370030974
2019-01-14,0.6178451074497384
2019-01-15,0.6217192134151862
2019-01-16,0.6205017991628491
2019-01-17,0.6210814432777735
2019-01-18,0.624254551421375
2019-01-19,0.6236836857507148
2019-01-20,0.6243026773057396
2019-01-21,0.6240205907618768
2019-01-22,0.6232671495528401
2019-01-23,0.623364721458421
2019-01-24,0.6241245387772876
2019-01-25,0.6249550158894994
2019-01-26,0.625262316116743
2019-01-27,0.6289873021667663
2019-01-28,0.6357441523146766
2019-01-29,0.6370305624701927
2019-01-30,0.6266462072948537
2019-01-31,0.6310886418072194
2019-02-01,0.6317884686411009
2019-02-02,0.6295636979222556
2019-02-03,0.6320581066825677
2019-02-04,0.6312444027889642
2019-02-05,0.6331020709165972
2019-02-06,0.6343178243931625
2019-02-07,0.6335968128458254
2019-02-08,0.6255995567788032
2019-02-09,0.6254438775070255
2019-02-10,0.6225452751630985
2019-02-11,0.6268026001792261
2019-02-12,0.6244798874091441
2019-02-13,0.6251401080897911
2019-02-14,0.6271005888275416
2019-02-15,0.6253773031003793
2019-02-16,0.6250469820719572
2019-02-17,0.6199733331415003
2019-02-18,0.6150538415307949
2019-02-19,0.6149873836944624
2019-02-20,0.6095264259365962
2019-02-21,0.6143389404542894
2019-02-22,0.6139357972398548
2019-02-23,0.610378986893306
2019-02-24,0.6215911174061738
2019-02-25,0.6152906982783781
2019-02-26,0.6173700922899178
2019-02-27,0.6201994060513624
2019-02-28,0.6192448505034845
2019-03-01,0.6179273265610203
2019-03-02,0.6196352241854237
2019-03-03,0.6206927556894583
2019-03-04,0.6232210106225744
2019-03-05,0.6142708248595063
2019-03-06,0.6129575886977131
2019-03-07,0.6135291260218573
2019-03-08,0.6178496512815155
2019-03-09,0.6164997852004089
2019-03-10,0.6162710288311125
2019-03-11,0.6169695287614863
2019-03-12,0.6153496434087333
2019-03-13,0.6155358353203325
2019-03-14,0.6158278189983055
2019-03-15,0.6124147462357811
2019-03-16,0.6098215383193037
2019-03-17,0.6115614408489152
2019-03-18,0.6116339450698295
2019-03-19,0.6125767153433898
2019-03-20,0.6135505326715832
2019-03-21,0.6166259659503206
2019-03-22,0.6144144699860475
2019-03-23,0.6114944227952644
2019-03-24,0.612163282401633
2019-03-25,0.6126266949599719
2019-03-26,0.6130209067870356
2019-03-27,0.6078036766136267
2019-03-28,0.6095663000045936
2019-03-29,0.6092036352380613
2019-03-30,0.6100671277546913
2019-03-31,0.610155076309038
2019-04-01,0.6110761448150546
2019-04-02,0.6119724534301211
2019-04-03,0.6118710512040266
2019-04-04,0.6145504293847939
2019-04-05,0.6074406226842745
2019-04-06,0.6081589549292821
2019-04-07,0.6076727787188662
2019-04-08,0.6108998850869455
2019-04-09,0.6128476351536859
2019-04-10,0.6141445880782198
2019-04-11,0.6208177779209666
2019-04-12,0.6222065150102163
2019-04-13,0.6230607295794055
2019-04-14,0.6207636946890589
2019-04-15,0.6205867519951352
2019-04-16,0.621992380385194
2019-04-17,0.6233469148681849
2019-04-18,0.620154971588197
2019-04-19,0.6203132470045688
2019-04-20,0.6233283006853937
2019-04-21,0.6289919720636834
2019-04-22,0.6302700725642908
2019-04-23,0.640507412446127
2019-04-24,0.645789443349216
2019-04-25,0.6466012469066434
2019-04-26,0.6453917392102388
2019-04-27,0.6448772914217252
2019-04-28,0.6472797626750388
2019-04-29,0.6517426345444617
2019-04-30,0.6429933680431901
2019-05-01,0.6469496500995524
2019-05-02,0.6501508611977179
2019-05-03,0.652213895503712
2019-05-04,0.659234806932325
2019-05-05,0.6591820462620623
2019-05-06,0.6542474996463905
2019-05-07,0.6607720822826043
2019-05-08,0.6663770257419946
2019-05-09,0.6769182717996304
2019-05-10,0.6802717121721159
2019-05-11,0.6808224645786077
2019-05-12,0.681993240462416
2019-05-13,0.6947530928008041
2019-05-14,0.6757993799453867
2019-05-15,0.6572528384370371
2019-05-16,0.6499554499735176
2019-05-17,0.6512034165047352
2019-05-18,0.6543403926196656
2019-05-19,0.6571984604452765
2019-05-20,0.6592111032227544
2019-05-21,0.656225897508521
2019-05-22,0.6588549590952473
2019-05-23,0.6622741570157947
2019-05-24,0.659188257845659
2019-05-25,0.659100506958637
2019-05-26,0.6628204989678426
2019-05-27,0.6558121597788731
2019-05-28,0.6532742696425079
2019-05-29,0.6485628978643054
2019-05-30,0.6524061776425656
2019-05-31,0.6472970567081365
2019-06-01,0.6512567285269169
2019-06-02,0.6514343205459046
2019-06-03,0.6506187897859427
2019-06-04,0.6474957682601654
2019-06-05,0.6473704677606149
2019-06-06,0.6440504333188299
2019-06-07,0.6468027133274101
2019-06-08,0.6485920988789423
2019-06-09,0.652041074564388
2019-06-10,0.6490611785691236
2019-06-11,0.6477149550064872
2019-06-12,0.6452904994674178
2019-06-13,0.6483162516744682
2019-06-14,0.6572198584095296
2019-06-15,0.6574383497437278
2019-06-16,0.6588472256183088
2019-06-17,0.6615727228262541
2019-06-18,0.6628502734902643
2019-06-19,0.6642748706563147
2019-06-20,0.6709430708000724
2019-06-21,0.6733347113776241
2019-06-22,0.6739131839560804
2019-06-23,0.679814544197721
2019-06-24,0.6819689662580034
2019-06-25,0.695067937274973
2019-06-26,0.7137885650086431
2019-06-27,0.7094849708091615
2019-06-28,0.7203095386995765
2019-06-29,0.7071544657500151
2019-06-30,0.705620273938539
2019-07-01,0.697073715107273
2019-07-02,0.7045880156326209
2019-07-03,0.7189897505387218
2019-07-04,0.7160428391074737
2019-07-05,0.7120509220713993
2019-07-06,0.7151762033747183
2019-07-07,0.7116847710352507
2019-07-08,0.7226205710367626
2019-07-09,0.7302387774898729
2019-07-10,0.7377042188150073
2019-07-11,0.741962342821212
2019-07-12,0.7428083047098771
2019-07-13,0.7414620495827623
2019-07-14,0.7480027681726468
2019-07-15,0.7576793796023228
2019-07-16,0.7541188654881997
2019-07-17,0.7469032353445753
2019-07-18,0.7474594277267109
2019-07-19,0.7467313257797846
2019-07-20,0.7424604914522542
2019-07-21,0.7412729383152321
2019-07-22,0.7431884465527897
2019-07-23,0.7406228480448754
2019-07-24,0.734726642274334
2019-07-25,0.7368350147938607
2019-07-26,0.7333713767557377
2019-07-27,0.7355456720426096
2019-07-28,0.7355524422778386
2019-07-29,0.735470332126752
2019-07-30,0.7360932549284284
2019-07-31,0.7393155752798609
2019-08-01,0.7455617666273029
2019-08-02,0.7501044798055084
2019-08-03,0.752657493002836
2019-08-04,0.7553405661360262
2019-08-05,0.7621936539065937
2019-08-06,0.7640772958338342
2019-08-07,0.7697965523273522
2019-08-08,0.7726602696982914
2019-08-09,0.7789944215260342
2019-08-10,0.7719032184592873
2019-08-11,0.7683483163477989
2019-08-12,0.7693536354948775
2019-08-13,0.7631768089197912
2019-08-14,0.7675485251148816
2019-08-15,0.7702062563599378
2019-08-16,0.7737286184350678
2019-08-17,0.771656091243508
2019-08-18,0.7656850495821054
2019-08-19,0.770389791967885
2019-08-20,0.7730545521869846
2019-08-21,0.7703096132959281
2019-08-22,0.7667864331400731
2019-08-23,0.7685658754610977
2019-08-24,0.767639059368364
2019-08-25,0.7698169751412773
2019-08-26,0.7724765432338538
2019-08-27,0.770674628631629
2019-08-28,0.7746855595891652
2019-08-29,0.7749577180806677
2019-08-30,0.7766444689801344
2019-08-31,0.7755369268856123
2019-09-01,0.7775957431432726
2019-09-02,0.7827706194331466
2019-09-03,0.7855014292630671
2019-09-04,0.7882373618749713
2019-09-05,0.7892936137031146
2019-09-06,0.7887712205119628
2019-09-07,0.783908133556197
2019-09-08,0.7799450775933112
2019-09-09,0.7790938718525912
2019-09-10,0.7769266997616885
2019-09-11,0.780128688962811
2019-09-12,0.7835100658706059
2019-09-13,0.7827346217719259
2019-09-14,0.7776638622285011
2019-09-15,0.776966609022213
2019-09-16,0.7725310186366412
2019-09-17,0.7629776358273278
2019-09-18,0.7540890650246281
2019-09-19,0.7548056370881938
2019-09-20,0.756789228696916
2019-09-21,0.7562447107486227
2019-09-22,0.7617439252981477
2019-09-23,0.7643941006065826
2019-09-24,0.7763721160136658
2019-09-25,0.7688133693552386
2019-09-26,0.7655321310643874
2019-09-27,0.7637421796627201
2019-09-28,0.7637580744538173
2019-09-29,0.7642791077773052
2019-09-30,0.7594920316918986
2019-10-01,0.7632573035372152
2019-10-02,0.7617939899853177
2019-10-03,0.7630094269544748
2019-10-04,0.7595162933185434
2019-10-05,0.7589162138833689
2019-10-06,0.7566833559543082
2019-10-07,0.7527377335416144
2019-10-08,0.7516514252050372
2019-10-09,0.7519772845269591
2019-10-10,0.755857033229292
2019-10-11,0.7558202781176421
2019-10-12,0.7562517736724902
2019-10-13,0.7537011556573998
2019-10-14,0.7487094326452729
2019-10-15,0.7500088975012714
2019-10-16,0.7510352547217582
2019-10-17,0.7470592275368098
2019-10-18,0.7484085638099743
2019-10-19,0.7492204739707795
2019-10-20,0.7517800065760085
2019-10-21,0.7508891932157506
2019-10-22,0.7497926106382494
2019-10-23,0.7485276783490061
2019-10-24,0.7457171597335962
2019-10-25,0.75145236125549
2019-10-26,0.7652268571538379
2019-10-27,0.765805190913547
2019-10-28,0.7609507018045238
2019-10-29,0.7573123025609931
2019-10-30,0.7574695538449312
2019-10-31,0.7584615341092737
2019-11-01,0.7601230007156954
2019-11-02,0.7597137506632736
2019-11-03,0.7596964615968346
2019-11-04,0.758336837415523
2019-11-05,0.7539059915683646
2019-11-06,0.7512259673418511
2019-11-07,0.7557761296983481
2019-11-08,0.7530817810764696
2019-11-09,0.7511299167975866
2019-11-10,0.7518460517613759
2019-11-11,0.7495124865259021
2019-11-12,0.7501836069692385
2019-11-13,0.7494782800834464
2019-11-14,0.7500949289662359
2019-11-15,0.7516655605739088
2019-11-16,0.7508595578561437
2019-11-17,0.7501666754506167
2019-11-18,0.7517934465512751
2019-11-19,0.7527066020824098
2019-11-20,0.7512100024581994
2019-11-21,0.7549567081811804
2019-11-22,0.7583749084491046
2019-11-23,0.7554545982266243
2019-11-24,0.7594460032087966
2019-11-25,0.7596056078566906
2019-11-26,0.7576069504407267
2019-11-27,0.7612580969827673
2019-11-28,0.761443156508526
2019-11-29,0.7634627179545124
2019-11-30,0.762470467044641
2019-12-01,0.7603364016734094
2019-12-02,0.7617301273696979
2019-12-03,0.7627346947800671
2019-12-04,0.7631944652001079
2019-12-05,0.7645649322116196
2019-12-06,0.7661963068349177
2019-12-07,0.7661365530560025
2019-12-08,0.7640850352180923
2019-12-09,0.7640810766071477
2019-12-10,0.7631812646667121
2019-12-11,0.7639158788865863
2019-12-12,0.7633982230160534
2019-12-13,0.763627508090026
2019-12-14,0.7627944784854099
2019-12-15,0.7634371651795314
2019-12-16,0.7688241216132206
2019-12-17,0.7781779853155517
2019-12-18,0.7804474383214397
2019-12-19,0.7826184598051827
2019-12-20,0.7811852522082436
2019-12-21,0.7823667659710971
2019-12-22,0.7845640353651692
2019-12-23,0.7856420118258998
2019-12-24,0.7843752002227472
2019-12-25,0.7859704595360977
2019-12-26,0.7851311782232264
2019-12-27,0.783488870983913
2019-12-28,0.7818991418118613
2019-12-29,0.7784534247843019
2019-12-30,0.778132812975009
2019-12-31,0.7788619123900203
2020-01-01,0.7781550473317274
2020-01-02,0.7790438462196714
2020-01-03,0.7777959141224468
2020-01-04,0.7771933516159062
2020-01-05,0.7759997817082638
2020-01-06,0.7708648060741459
2020-01-07,0.7813450854797356
2020-01-08,0.7824253102570181
2020-01-09,0.7802400434006418
2020-01-10,0.7743116695420406
2020-01-11,0.7741660046536551
2020-01-12,0.7722922602237983
2020-01-13,0.7727639417489344
2020-01-14,0.7460755930690923
2020-01-15,0.7524805752241831
2020-01-16,0.7533058121620534
2020-01-17,0.750666450465873
2020-01-18,0.753629955370065
2020-01-19,0.7528954298995159
2020-01-20,0.7501991977694059
2020-01-21,0.7487385813935014
2020-01-22,0.7484462306425772
2020-01-23,0.7527465395498798
2020-01-24,0.7536401110283609
2020-01-25,0.7548841921183876
2020-01-26,0.7507303707295714
2020-01-27,0.7505014951829098
2020-01-28,0.7548687599629313
2020-01-29,0.7552843706012792
2020-01-30,0.7496980262840978
2020-01-31,0.75291791252744
2020-02-01,0.7504689514452497
2020-02-02,0.7465509700453908
2020-02-03,0.7437640876244228
2020-02-04,0.741232236341456
2020-02-05,0.7353254230880295
2020-02-06,0.7333312302667454
2020-02-07,0.7307913372596511
2020-02-08,0.7289702710453715
2020-02-09,0.7276773791985549
2020-02-10,0.7254060423166466
2020-02-11,0.7244406061263844
2020-02-12,0.7113855923368125
2020-02-13,0.7071348631691715
2020-02-14,0.7009837199517325
2020-02-15,0.7112607694571905
2020-02-16,0.7188532789422366
2020-02-17,0.7128065888917638
2020-02-18,0.7131152485644218
2020-02-19,0.7184221035029966
2020-02-20,0.7201664779120833
2020-02-21,0.7177595233880236
2020-02-22,0.7190082144191713
2020-02-23,0.7151998572882966
2020-02-24,0.7185253280404681
2020-02-25,0.7254601909688942
2020-02-26,0.7345576323301984
2020-02-27,0.7311017247702264
2020-02-28,0.7305506970824988
2020-02-29,0.7326480740543525
2020-03-01,0.732242492841437
2020-03-02,0.7282804226217658
2020-03-03,0.7298597575013661
2020-03-04,0.7300562888457572
2020-03-05,0.7315591194982279
2020-03-06,0.725216339072119
2020-03-07,0.727550809392915
2020-03-08,0.7404919324638416
2020-03-09,0.7361763704214701
2020-03-10,0.7354990934556107
2020-03-11,0.7408424589665364
2020-03-12,0.7491872736510277
2020-03-13,0.7422263277750354
2020-03-14,0.7404100159783581
2020-03-15,0.7393277754450214
2020-03-16,0.7417918600672867
2020-03-17,0.7025332601387906
2020-03-18,0.7481254519630739
2020-03-19,0.749174210202043
2020-03-20,0.7544704080927198
2020-03-21,0.7520980324513186
2020-03-22,0.7536487820624621
2020-03-23,0.7575388435162027
2020-03-24,0.7603720058894576
2020-03-25,0.7619625413586415
2020-03-26,0.75726809269903
2020-03-27,0.7557291208876029
2020-03-28,0.7526350187624169
2020-03-29,0.7516723568057223
2020-03-30,0.7552849712754266
2020-03-31,0.7547280718257671
2020-04-01,0.7570910513483641
2020-04-02,0.7560771594992132
2020-04-03,0.7529880837757779
2020-04-04,0.7536774506826823
2020-04-05,0.7540039501413873
2020-04-06,0.7435992613687205
2020-04-07,0.744871178409007
2020-04-08,0.7385963354802647
2020-04-09,0.7400030805432593
2020-04-10,0.7435641723626562
2020-04-11,0.7443580149448764
2020-04-12,0.7430102047403454
2020-04-13,0.7450834379328961
2020-04-14,0.7439034368778377
2020-04-15,0.7435766122781413
2020-04-16,0.7394285592082008
2020-04-17,0.7391837920033895
2020-04-18,0.7319912077062527
2020-04-19,0.7361081993393824
2020-04-20,0.7371883927860762
2020-04-21,0.7365364279767073
2020-04-22,0.7346275875938383
2020-04-23,0.7397297224051719
2020-04-24,0.7386524577789974
2020-04-25,0.7354102774150436
2020-04-26,0.736672897142949
2020-04-27,0.7395886800531468
2020-04-28,0.737456485569948
2020-04-29,0.746442797176171
2020-04-30,0.7519795040109947
2020-05-01,0.7507625165192393
2020-05-02,0.7511556105006081
2020-05-03,0.7537620391250573
2020-05-04,0.7561002903454265
2020-05-05,0.7593166808783307
2020-05-06,0.7666845514831866
2020-05-07,0.7740097152665795
2020-05-08,0.7708077409345554
2020-05-09,0.767101889634563
2020-05-10,0.7706879570074792
2020-05-11,0.7635147936849096
2020-05-12,0.7710100564199186
2020-05-13,0.7739714473177542
2020-05-14,0.7799148469943562
2020-05-15,0.7776697992776551
2020-05-16,0.7755467959674631
2020-05-17,0.7774712762969206
2020-05-18,0.7729809641670985
2020-05-19,0.7732361194975533
2020-05-20,0.7721916747948261
2020-05-21,0.7716610551124788
2020-05-22,0.7677667500310645
2020-05-23,0.7682295885225201
2020-05-24,0.7655180636032232
2020-05-25,0.7653999082385596
2020-05-26,0.7668074465381359
2020-05-27,0.7684342438941044
2020-05-28,0.7680000224482256
2020-05-29,0.7664987030383577
2020-05-30,0.758255999447068
2020-05-31,0.7610780418126886
2020-06-01,0.763503850843436
2020-06-02,0.7586266980354208
2020-06-03,0.7568089881128622
2020-06-04,0.7584704765267841
2020-06-05,0.7574252009596546
2020-06-06,0.7574891145255389
2020-06-07,0.7582311988090579
2020-06-08,0.7581565464368876
2020-06-09,0.7598362754692513
2020-06-10,0.759801677607306
2020-06-11,0.762295079683751
2020-06-12,0.7610449674458398
2020-06-13,0.7604417304680996
2020-06-14,0.7617142472465762
2020-06-15,0.7648720986999075
2020-06-16,0.7647079359852599
2020-06-17,0.7629712561670402
2020-06-18,0.7631205294174028
2020-06-19,0.7643564369043703
2020-06-20,0.7637060270819691
2020-06-21,0.7639506018986171
2020-06-22,0.7627440627533801
2020-06-23,0.7615524461174492
2020-06-24,0.7613433983211952
2020-06-25,0.7619809340079833
2020-06-26,0.7618530780355941
2020-06-27,0.7656909869199557
2020-06-28,0.7656845027527748
2020-06-29,0.7643205083442657
2020-06-30,0.765008085218908
2020-07-01,0.7631864526612555
2020-07-02,0.7622079982188532
2020-07-03,0.7631157135044
2020-07-04,0.76111516051256
2020-07-05,0.7612761377478074
2020-07-06,0.7541635583964488
2020-07-07,0.7527409306524868
2020-07-08,0.7476051650274197
2020-07-09,0.7474871383178651
2020-07-10,0.7495494470990848
2020-07-11,0.7480430871946027
2020-07-12,0.7469164366614798
2020-07-13,0.7484875088412448
2020-07-14,0.74697305034472
2020-07-15,0.7468396331306006
2020-07-16,0.7497091089534754
2020-07-17,0.7509121895012972
2020-07-18,0.7492442918581792
2020-07-19,0.7479054488722491
2020-07-20,0.7509477981484762
2020-07-21,0.749411898047812
2020-07-22,0.7445605223553359
2020-07-23,0.7399255469468585
2020-07-24,0.7387505169029275
2020-07-25,0.727193526516494
2020-07-26,0.7299080073076004
2020-07-27,0.7423281278348928
2020-07-28,0.7387270524438653
2020-07-29,0.7405357510023871
2020-07-30,0.7350209010754816
2020-07-31,0.7321733788836483
2020-08-01,0.7217807655463986
2020-08-02,0.7187961627841617
2020-08-03,0.712633092996677
2020-08-04,0.7119039528909169
2020-08-05,0.7166767176238195
2020-08-06,0.717910592817517
2020-08-07,0.721332297535723
2020-08-08,0.7167358764181866
2020-08-09,0.716621756110338
2020-08-10,0.7181449765100317
2020-08-11,0.718894661250078
2020-08-12,0.7150802783021086
2020-08-13,0.7055839690597622
2020-08-14,0.7035300173813103
2020-08-15,0.702380865201973
2020-08-16,0.701399024872522
2020-08-17,0.7083618735294493
2020-08-18,0.708631900193457
2020-08-19,0.7131378805683286
2020-08-20,0.71141979988816
2020-08-21,0.719325173594106
2020-08-22,0.7162638645283891
2020-08-23,0.7180759094668515
2020-08-24,0.7136250693686593
2020-08-25,0.718005267510243
2020-08-26,0.7182825306129172
2020-08-27,0.7199177741731664
2020-08-28,0.7174806421163034
2020-08-29,0.7141038821783575
2020-08-30,0.7073176775564091
2020-08-31,0.7062229628379659
2020-09-01,0.6967500066779505
2020-09-02,0.697525836836336
2020-09-03,0.7037977237397827
2020-09-04,0.7066157064527588
2020-09-05,0.7238525184540531
2020-09-06,0.7144486190955802
2020-09-07,0.716842468232151
2020-09-08,0.7192742944782696
2020-09-09,0.7145769452334305
2020-09-10,0.7113589002291512
2020-09-11,0.7092923448713474
2020-09-12,0.7026905409602282
2020-09-13,0.7080293621850399
2020-09-14,0.7099244960806826
2020-09-15,0.7185801446921748
2020-09-16,0.721478391581637
2020-09-17,0.7132956477147742
2020-09-18,0.7156626195606992
2020-09-19,0.718564554174105
2020-09-20,0.7230356016844619
2020-09-21,0.7302496133816716
2020-09-22,0.7291038264964423
2020-09-23,0.7343578560815286
2020-09-24,0.7284249652070414
2020-09-25,0.7237791587286512
2020-09-26,0.7233798739911584
2020-09-27,0.7219243741928983
2020-09-28,0.7218129130991489
2020-09-29,0.7217017498680054
2020-09-30,0.7212893995385796
2020-10-01,0.7220764606591135
2020-10-02,0.7260317129686493
2020-10-03,0.7252460035439152
2020-10-04,0.7227246020505982
2020-10-05,0.7240681309017439
2020-10-06,0.7278790949891062
2020-10-07,0.7274665960927721
2020-10-08,0.7269988560513735
2020-10-09,0.72299898926461
2020-10-10,0.7248825079847867
2020-10-11,0.7241510526114318
2020-10-12,0.7117761082434042
2020-10-13,0.7217132142706041
2020-10-14,0.7230641202769208
2020-10-15,0.7254268954084023
2020-10-16,0.7286090638740578
2020-10-17,0.7283741806342232
2020-10-18,0.7266879586583606
2020-10-19,0.7304908389083692
2020-10-20,0.7392876271480201
2020-10-21,0.742346682248662
2020-10-22,0.7357969428029849
2020-10-23,0.736292221688742
2020-10-24,0.736275679254626
2020-10-25,0.737864989713572
2020-10-26,0.7426961245086094
2020-10-27,0.747281240778456
2020-10-28,0.7486127719699406
2020-10-29,0.7533468529547498
2020-10-30,0.7572870180752758
2020-10-31,0.7588423128736963
2020-11-01,0.7547973720783137
2020-11-02,0.7587037156589104
2020-11-03,0.7637940214871121
2020-11-04,0.7623602947729826
2020-11-05,0.7737812951326183
2020-11-06,0.7591763440722374
2020-11-07,0.75821881540416
2020-11-08,0.7589355697947636
2020-11-09,0.760675005291747
2020-11-10,0.7585318860077532
2020-11-11,0.7598134840496039
2020-11-12,0.7672559065602143
2020-11-13,0.7622013878335101
2020-11-14,0.7632991603463241
2020-11-15,0.7663748614459376
2020-11-16,0.7669600651608444
2020-11-17,0.7372559420809655
2020-11-18,0.7729081023528837
2020-11-19,0.7728361858155931
2020-11-20,0.7684814844570463
2020-11-21,0.746094428793241
2020-11-22,0.7445910927610638
2020-11-23,0.7193485417035637
2020-11-24,0.7203167954769202
2020-11-25,0.7298990587950447
2020-11-26,0.7364207281966595
2020-11-27,0.732813164395364
2020-11-28,0.728402432638563
2020-11-29,0.7264686879421806
2020-11-30,0.7302151941394461
2020-12-01,0.7302998097870395
2020-12-02,0.7303488696466641
2020-12-03,0.7294136135379675
2020-12-04,0.7394000413838859
2020-12-05,0.7353080639167369
2020-12-06,0.7337669790329296
2020-12-07,0.7355772070296835
2020-12-08,0.7405045102292761
2020-12-09,0.736031586147529
2020-12-10,0.7379196535933608
2020-12-11,0.7416477927732306
2020-12-12,0.7461109126058022
2020-12-13,0.7427066833945836
2020-12-14,0.745102052613177
2020-12-15,0.7478683584683877
2020-12-16,0.7469662622447533
2020-12-17,0.7577189737190774
2020-12-18,0.7570097465840571
2020-12-19,0.7609255603233114
2020-12-20,0.7627199868035602
2020-12-21,0.7678769855197622
2020-12-22,0.7737898913206677
2020-12-23,0.7966828532606847
2020-12-24,0.7860192315390542
2020-12-25,0.789142779258953
2020-12-26,0.8005399536792331
2020-12-27,0.7927308125153897
2020-12-28,0.788950225366476
2020-12-29,0.7905470747290883
2020-12-30,0.7974785623267583
2020-12-31,0.7985579237569255
2021-01-01,0.8013799981546816
2021-01-02,0.8079049743604877
2021-01-03,0.7812764402471296
2021-01-04,0.7697318418493294
2021-01-05,0.7716595303024598
2021-01-06,0.7664345653766484
2021-01-07,0.7754863921554482
2021-01-08,0.7824693378561858
2021-01-09,0.7704969046469914
2021-01-10,0.7659105390773958
2021-01-11,0.777622428044758
2021-01-12,0.7749763741090442
2021-01-13,0.7758993119646149
2021-01-14,0.7721993781754298
2021-01-15,0.7678407722733294
2021-01-16,0.7532497096577598
2021-01-17,0.7506302757110187
2021-01-18,0.7520290561196591
2021-01-19,0.7378469545824068
2021-01-20,0.733348995773275
2021-01-21,0.7415451077338527
2021-01-22,0.7375868237324842
2021-01-23,0.7305394951674082
2021-01-24,0.7155356005207123
2021-01-25,0.7245992215810118
2021-01-26,0.7231342361293946
2021-01-27,0.7258652592911791
2021-01-28,0.7289557769528882
2021-01-29,0.7301564199600801
2021-01-30,0.7233203874901739
2021-01-31,0.7222527782967204
2021-02-01,0.7208187781704288
2021-02-02,0.7164621385831444
2021-02-03,0.7099240098601279
2021-02-04,0.7122247793462485
2021-02-05,0.702633067100431
2021-02-06,0.7098456169486491
2021-02-07,0.7128038263939612
2021-02-08,0.7316618969161814
2021-02-09,0.7267478294878967
2021-02-10,0.7142038665707563
2021-02-11,0.7224249484605761
2021-02-12,0.709010988783318
2021-02-13,0.7057909889126462
2021-02-14,0.7165715478399243
2021-02-15,0.7170228811567135
2021-02-16,0.7215859675100345
2021-02-17,0.7231274394164365
2021-02-18,0.7132966944442836
2021-02-19,0.713856652543537
2021-02-20,0.7198949506277059
2021-02-21,0.7202496477502566
2021-02-22,0.7217850828893527
2021-02-23,0.7285525314167477
2021-02-24,0.7238372470121874
2021-02-25,0.7285117097986091
2021-02-26,0.7255506218210006
2021-02-27,0.7196932239470962
2021-02-28,0.7219085039539903
2021-03-01,0.7225603784803069
2021-03-02,0.7243688935572613
2021-03-03,0.7259679089215126
2021-03-04,0.7241003736741982
2021-03-05,0.7239812546347496
2021-03-06,0.7163851167893422
2021-03-07,0.7170461516661555
2021-03-08,0.7139588860385804
2021-03-09,0.7141117787187176
2021-03-10,0.7261577639543983
2021-03-11,0.730649135118485
2021-03-12,0.7359817252363495
2021-03-13,0.7359312504780303
2021-03-14,0.7370925448622391
2021-03-15,0.7328728695922256
2021-03-16,0.7301892294284354
2021-03-17,0.731399851686332
2021-03-18,0.7343193470483176
2021-03-19,0.730573225766223
2021-03-20,0.7316330096032886
2021-03-21,0.7312417284546362
2021-03-22,0.7287810003430872
2021-03-23,0.729627278283807
2021-03-24,0.7351607360736975
2021-03-25,0.7306531306443491
2021-03-26,0.7291164998228136
2021-03-27,0.7321621149792277
2021-03-28,0.7330508983931869
2021-03-29,0.7287738579710152
2021-03-30,0.7287086288195783
2021-03-31,0.7243432948599184
2021-04-01,0.7186021866779464
2021-04-02,0.7071524517579266
2021-04-03,0.7101120388726979
2021-04-04,0.7049633125897584
2021-04-05,0.6969449187853687
2021-04-06,0.686568988991065
2021-04-09,0.6903177325332043
2021-04-10,0.6830987567765355
2021-04-11,0.6791838997448273
2021-04-12,0.6709491537615412
2021-04-13,0.6705051267584163
2021-04-14,0.6603661213199299
2021-04-15,0.6549752356588534
2021-04-16,0.6492335220950237
2021-04-17,0.6540904865520579
2021-04-18,0.6498719785459145
2021-04-19,0.6496731976732115
2021-04-20,0.6419318473605823
2021-04-21,0.6355463860758453
2021-04-22,0.6333718272020155
2021-04-23,0.6323313896513028
2021-04-24,0.6419607610768762
2021-04-25,0.631712981779989
2021-04-26,0.6291890462814221
2021-04-27,0.6228872977861607
2021-04-28,0.6161043920333946
2021-04-29,0.608432902803087
2021-04-30,0.6178218102968762
2021-05-01,0.6077637308397951
2021-05-02,0.6048774666628458
2021-05-03,0.5821250798683505
2021-05-04,0.5743462146139491
2021-05-05,0.5656816667587058
2021-05-06,0.5645217644437354
2021-05-07,0.5719584762952958
2021-05-08,0.5646791332960029
2021-05-09,0.5607908653453769
2021-05-10,0.5613038838310419
2021-05-11,0.5426941862838598
2021-05-12,0.5414953945171513
2021-05-13,0.5343969431135244
2021-05-14,0.5145186743937702
2021-05-15,0.5195099973112534
2021-05-16,0.5195243852991194
2021-05-17,0.5242928520920224
2021-05-18,0.5170389309072544
2021-05-19,0.5659683337475586
2021-05-20,0.5494198247053378
2021-05-21,0.563408875945331
2021-05-22,0.5806301327564618
2021-05-23,0.5863954043501609
2021-05-24,0.559335507164575
2021-05-25,0.5569944814731265
2021-05-26,0.5441858568087803
2021-05-27,0.5522915649949552
2021-05-28,0.560574949234621
2021-05-29,0.5685303996627363
2021-05-30,0.562724699956478
2021-05-31,0.5456494078781674
2021-06-01,0.5442653926823939
2021-06-02,0.539435136888661
2021-06-03,0.5393042269575746
2021-06-04,0.5413747172151564
2021-06-05,0.5380556435478654
2021-06-06,0.5347932056990243
2021-06-07,0.5355533400197413
2021-06-08,0.5384852600166984
2021-06-09,0.5555343601115136
2021-06-10,0.5644484349883162
2021-06-11,0.579464091548935
2021-06-12,0.5669872363640038
2021-06-13,0.5765248805617275
2021-06-14,0.5781931855735951
2021-06-15,0.5804691969754732
2021-06-16,0.5843057285502331
2021-06-17,0.5816923603032307
2021-06-18,0.5747630178126593
2021-06-19,0.5849731641022269
2021-06-20,0.5801274269481882
2021-06-21,0.6025924704079019
2021-06-22,0.6127209387947816
2021-06-23,0.6017235980202286
2021-06-24,0.6009199881852367
2021-06-25,0.6009135206798967
2021-06-26,0.6035004350464043
2021-06-27,0.6049996111003139
2021-06-28,0.5968410418098179
2021-06-29,0.5970756518016885
2021-06-30,0.5840526972244217
2021-07-01,0.5890971729763423
2021-07-02,0.5880101368970369
2021-07-03,0.5863272434420645
2021-07-04,0.5817181643860959
2021-07-05,0.5827302948049439
2021-07-06,0.5750121196096507
2021-07-07,0.5729884250949744
2021-07-08,0.5845555178848371
2021-07-09,0.586958090415254
2021-07-10,0.5887562844031212
2021-07-11,0.5907153245890261
2021-07-12,0.5920485904372266
2021-07-13,0.5986616486924831
2021-07-14,0.5964425621304141
2021-07-15,0.5972538564306412
2021-07-16,0.6011233866088574
2021-07-17,0.6000885079760766
2021-07-18,0.5988041176435578
2021-07-19,0.6038054910742768
2021-07-20,0.6032120217462926
2021-07-21,0.5961725718524782
2021-07-22,0.5931511314478799
2021-07-23,0.5934495377606736
2021-07-24,0.593169311858192
2021-07-25,0.6004805708034519
2021-07-26,0.6086577392189704
2021-07-27,0.6151943134160633
2021-07-28,0.6164755478219318
2021-07-29,0.6100269230201429
2021-07-30,0.615680840240467
2021-07-31,0.6066995287955221
2021-08-01,0.595878597765138
2021-08-02,0.5882081634342669
2021-08-03,0.5891589700293914
2021-08-04,0.5833764174841776
2021-08-05,0.5838529278896126
2021-08-06,0.5899171591996205
2021-08-07,0.5793714601017926
2021-08-08,0.5867492329773418
2021-08-09,0.5885788298498102
2021-08-10,0.5813561570172439
2021-08-11,0.5732949167955474
2021-08-12,0.5741174416150592
2021-08-13,0.5689082485902269
2021-08-14,0.5635608231554563
2021-08-15,0.5577583555381364
2021-08-16,0.561154240685376
2021-08-17,0.5667455828301671
2021-08-18,0.5627110091512166
2021-08-19,0.5570337104920682
2021-08-20,0.562004603651544
2021-08-21,0.564927010693162
2021-08-22,0.563294412278703
2021-08-23,0.5551797435312096
2021-08-24,0.560530589173549
2021-08-25,0.5614759272775887
2021-08-26,0.5635121221416602
2021-08-27,0.5558270952290522
2021-08-28,0.5578053245854351
2021-08-29,0.5591723991590035
2021-08-30,0.5520027397861089
2021-08-31,0.5400853185033822
2021-09-01,0.5288544623130037
2021-09-02,0.5311107413929478
2021-09-03,0.5264069163217977
2021-09-04,0.5300604427392563
2021-09-05,0.5330001817895688
2021-09-06,0.5363983209020187
2021-09-07,0.5420062075156803
2021-09-08,0.5346007996133993
2021-09-09,0.5380862826234019
2021-09-10,0.5415638060496607
2021-09-11,0.5373757966133447
2021-09-12,0.5343184805897514
2021-09-13,0.5390128688416956
2021-09-14,0.5429181743677279
2021-09-15,0.5384180668899565
2021-09-16,0.5409979044724652
2021-09-17,0.5489190353904184
2021-09-18,0.5493773976653546
2021-09-19,0.5521202492440119
2021-09-20,0.5586607876230544
2021-09-21,0.5601105686988375
2021-09-22,0.5468320426000415
2021-09-23,0.5484675578485346
2021-09-24,0.5524209083192717
2021-09-25,0.5536224102441574
2021-09-26,0.5527033349198224
2021-09-27,0.5551214583378594
2021-09-28,0.5664914425725266
2021-09-29,0.5543384611588766
2021-09-30,0.5562004226350531
2021-10-01,0.5568083951489939
2021-10-02,0.5498640725682463
2021-10-03,0.5503181984196304
2021-10-04,0.5573180223062649
2021-10-05,0.5614671212321052
2021-10-06,0.5784105046940244
2021-10-07,0.5697674268574764
2021-10-08,0.5731876822183166
2021-10-09,0.5745065132039721
2021-10-10,0.5840493146009027
2021-10-11,0.59071631971587
2021-10-12,0.5855163223831006
2021-10-13,0.5825189784266467
2021-10-14,0.5755163950329121
2021-10-15,0.5878192550930973
2021-10-16,0.5875839288328254
2021-10-17,0.5900797214511068
2021-10-18,0.5953377438776971
2021-10-19,0.5989736228271417
2021-10-20,0.5903123841668267
2021-10-21,0.5819438654891949
2021-10-22,0.5772733993157201
2021-10-23,0.5719794459461248
2021-10-24,0.5734002166887031
2021-10-25,0.5754764285159849
2021-10-26,0.5680495448523131
2021-10-27,0.572432896108824
2021-10-28,0.5598234566116039
2021-10-29,0.5582090380500628
2021-10-30,0.5633329275148311
2021-10-31,0.5606865117471672
2021-11-01,0.5549602481941639
2021-11-02,0.5533874364940321
2021-11-03,0.5489600486676885
2021-11-04,0.5463224405433467
2021-11-05,0.5446923526960676
2021-11-06,0.5426557464326912
2021-11-07,0.5460400724299266
2021-11-08,0.5539658385364582
2021-11-09,0.5558356697842889
2021-11-10,0.5560104594938791
2021-11-11,0.5508801689467733
2021-11-12,0.5522665254501269
2021-11-13,0.5513454173996085
2021-11-14,0.5563977756504875
2021-11-15,0.5534552699549372
2021-11-16,0.5582382308723318
2021-11-17,0.5562655143638242
2021-11-18,0.5600723457852854
2021-11-19,0.5470415411174435
2021-11-20,0.5474017747038322
2021-11-21,0.5493742142100194
2021-11-22,0.5489740824635043
2021-11-23,0.5443159503819669
2021-11-24,0.5490496507191737
2021-11-25,0.5449405607301163
2021-11-26,0.5482784102732426
2021-11-27,0.5492761548833884
2021-11-28,0.5513615923003281
2021-11-29,0.5452780563127693
2021-11-30,0.5354250451280191
2021-12-01,0.5367180400608758
2021-12-02,0.5353906080614901
2021-12-03,0.5383814361406507
2021-12-04,0.5262084917240082
2021-12-05,0.52831201387967
2021-12-06,0.5258759669543466
2021-12-07,0.5287559867362729
2021-12-08,0.5203161144785424
2021-12-09,0.52384334407052
2021-12-10,0.5347671359347089
2021-12-11,0.5351520456556371
2021-12-12,0.535655300570397
2021-12-13,0.5416221017427476
2021-12-14,0.5422852905652895
2021-12-15,0.5348295700059384
2021-12-16,0.5330490750261905
2021-12-17,0.52809529342643
2021-12-18,0.5249646671688769
2021-12-19,0.5264411758785029
2021-12-20,0.5267853031453695
2021-12-21,0.5301583054923964
2021-12-22,0.5296268189465584
2021-12-23,0.5298192016783642
2021-12-24,0.5348285423266804
2021-12-25,0.5294045947265674
2021-12-26,0.5309146061550335
2021-12-27,0.5312507206553386
2021-12-28,0.5318285112144445
2021-12-29,0.5366057432358963
2021-12-30,0.5359421556251205
2021-12-31,0.5334480228270548
2022-01-01,0.5330555525241659
2022-01-02,0.5287468147271243
2022-01-03,0.5297336954662506
2022-01-04,0.5275291868685108
2022-01-05,0.5310873061462261
2022-01-06,0.5343855822212272
2022-01-07,0.5417363594676872
2022-01-08,0.5492685844715529
2022-01-09,0.5453746062583469
2022-01-10,0.5523682026190319
2022-01-11,0.5444135549569223
2022-01-12,0.5383872923603016
2022-01-13,0.5396613875635041
2022-01-14,0.5363254669602929
2022-01-15,0.5341712696359131
2022-01-16,0.5320700027143328
2022-01-17,0.5358181891206995
2022-01-18,0.540784788275427
2022-01-19,0.5437851397702217
2022-01-20,0.5473233538506366
2022-01-21,0.5570138485448698
2022-01-22,0.5627668873212217
2022-01-23,0.5570980665952473
2022-01-24,0.5697056853364822
2022-01-25,0.5691553009354569
2022-01-26,0.5692292498077672
2022-01-27,0.5749072730344381
2022-01-28,0.5724200269622023
2022-01-29,0.5699785616042904
2022-01-30,0.571854349760226
2022-01-31,0.5676289468337002
2022-02-01,0.5605775877251946
2022-02-02,0.5605735522873531
2022-02-03,0.5606600791711868
2022-02-04,0.564195388618249
2022-02-05,0.5604195786437974
2022-02-06,0.562136275908133
2022-02-07,0.56016437577627
2022-02-08,0.5645404496454812
2022-02-09,0.5590873113979006
2022-02-10,0.5663193710352091
2022-02-11,0.5736298698678636
2022-02-12,0.5720153411491352
2022-02-13,0.5745723388955415
2022-02-14,0.5731405149503347
2022-02-15,0.565796209844485
2022-02-16,0.5660942268393905
2022-02-17,0.5658455990400865
2022-02-18,0.5686739905714854
2022-02-19,0.5691688167531851
2022-02-20,0.570690916071294
2022-02-21,0.5721525546682559
2022-02-22,0.5720430699246407
2022-02-23,0.5696837445582826
2022-02-24,0.5749408085036467
2022-02-25,0.5655883624700433
2022-02-26,0.5637862948934177
2022-02-27,0.5680945324277621
2022-02-28,0.5740323627839572
2022-03-01,0.5771513639025944
2022-03-02,0.576330742190234
2022-03-03,0.5767354480004635
2022-03-04,0.5746234778984212
2022-03-05,0.570413154929352
2022-03-06,0.5749478314531288
2022-03-07,0.576915510476332
2022-03-08,0.5753891493753669
2022-03-09,0.5801296613612558
2022-03-10,0.5756028347275604
2022-03-11,0.5748689139135488
2022-03-12,0.5752966197008067
2022-03-13,0.5739850646888789
2022-03-14,0.5782352407237795
2022-03-15,0.5757260885733784
2022-03-16,0.574806310568868
2022-03-17,0.5710013035984801
2022-03-18,0.5674485442588133
2022-03-19,0.5668358339760627
2022-03-20,0.5684947152103247
2022-03-21,0.5630268528389923
2022-03-22,0.5654008087143525
2022-03-23,0.5619892119850008
2022-03-24,0.5624317412778141
2022-03-25,0.56739952981154
2022-03-26,0.5643688023934488
2022-03-27,0.5662114989066106
2022-03-28,0.5658889641830942
2022-03-29,0.5618332860758002
2022-03-30,0.5590661878628467
2022-03-31,0.5582579770652802
2022-04-01,0.5514986859760354
2022-04-02,0.5492340293869548
2022-04-03,0.5468112475648494
2022-04-04,0.5483118329871942
2022-04-05,0.548117471638143
2022-04-06,0.5549217095638758
2022-04-07,0.5508619312919211
2022-04-08,0.5511243203003032
2022-04-09,0.5490228826528115
2022-04-10,0.549739573285047
2022-04-11,0.5539727949453319
2022-04-12,0.5516757633846658
2022-04-13,0.551562454296517
2022-04-14,0.5511309466822324
2022-04-15,0.5519342626071216
2022-04-16,0.5499947810360769
2022-04-17,0.552212643047024
2022-04-18,0.5522221519988094
2022-04-19,0.5516213076135369
2022-04-20,0.5537331851393102
2022-04-21,0.5565524969585186
2022-04-22,0.5528349302737143
2022-04-23,0.5540812892343249
2022-04-24,0.5556820743470765
2022-04-25,0.5544627738940326
2022-04-26,0.5572644891018574
2022-04-27,0.5587211837179551
2022-04-28,0.559149912677553
2022-04-29,0.5622227384445244
2022-04-30,0.567553130839603
2022-05-01,0.5632219549843493
2022-05-02,0.5621894541256482
2022-05-03,0.5626626515989136
2022-05-04,0.5594903178703212
2022-05-05,0.5571927593406272
2022-05-06,0.5581069708440446
2022-05-07,0.5618504974833058
2022-05-08,0.5621654758668733
2022-05-09,0.5714361689604508
2022-05-10,0.5674910551838691
2022-05-11,0.5885686098441721
2022-05-12,0.6013726947348685
2022-05-13,0.5918464688076063
2022-05-14,0.5924079768003447
2022-05-15,0.5898560388131507
2022-05-16,0.5933636847848808
2022-05-17,0.5896527531121033
2022-05-18,0.5974601042560747
2022-05-19,0.59799103210693
2022-05-20,0.595870400820333
2022-05-21,0.5948029746368716
2022-05-22,0.5943216470247022
2022-05-23,0.59303017138883
2022-05-24,0.595138343791943
2022-05-25,0.5980142016068988
2022-05-26,0.6121733665324244
2022-05-27,0.6154755765273195
2022-05-28,0.6106824670368217
2022-05-29,0.6118168395365494
2022-05-30,0.609047453943744
2022-05-31,0.6128983026827423
2022-06-01,0.6137382901626989
2022-06-02,0.6155853444284983
2022-06-03,0.6179014480249889
2022-06-04,0.6159957100251224
2022-06-05,0.6165797256287027
2022-06-06,0.6213827329708699
2022-06-07,0.6246183666565271
2022-06-08,0.6193882554811874
2022-06-09,0.6186356037758288
2022-06-10,0.6249535414946286
2022-06-11,0.6364444073247092
2022-06-12,0.6367009778156023
2022-06-13,0.6329153920716821
2022-06-14,0.6277053491012434
2022-06-15,0.621056447888127
2022-06-16,0.62795541512463
2022-06-17,0.6239885402098413
2022-06-18,0.624008169610775
2022-06-19,0.6180560276340271
2022-06-20,0.6174247625469336
2022-06-21,0.6173713437401877
2022-06-22,0.6214589130250667
2022-06-23,0.6172643615909116
2022-06-24,0.6033354906617636
2022-06-25,0.6042208384971601
2022-06-26,0.6061884482347881
2022-06-27,0.6042238572048818
2022-06-28,0.6095723670985465
2022-06-29,0.6149775605883693
2022-06-30,0.6156108633632875
2022-07-01,0.6127408471176674
2022-07-02,0.6104997447577207
2022-07-03,0.6096340793331342
2022-07-04,0.6067792868342112
2022-07-05,0.6098608145973885
2022-07-06,0.6056114437268495
2022-07-07,0.6092535759677848
2022-07-08,0.6128650740313107
2022-07-09,0.6106847016041835
2022-07-10,0.6119656598790062
2022-07-11,0.6157046868905336
2022-07-12,0.6176783452871923
2022-07-13,0.6146039688828651
2022-07-14,0.6068475885265722
2022-07-15,0.604657785973672
2022-07-16,0.5916268660834658
2022-07-17,0.5899989885264104
2022-07-18,0.5761722084197599
2022-07-19,0.5876965396208114
2022-07-20,0.5924902713029685
2022-07-21,0.5839085709661427
2022-07-22,0.5856211127573085
2022-07-23,0.5813274776571256
2022-07-24,0.5775451763287484
2022-07-25,0.586539321647437
2022-07-26,0.5851733478560883
2022-07-27,0.5765053090191077
2022-07-28,0.5752038522975459
2022-07-29,0.5725495482578428
2022-07-30,0.5734536267150739
2022-07-31,0.5725374250957532
2022-08-01,0.5772938421490861
2022-08-02,0.5751371041877654
2022-08-03,0.5733368717720885
2022-08-04,0.5702221456440021
2022-08-05,0.5632455804861174
2022-08-06,0.5638696305028278
2022-08-07,0.5636112841016739
2022-08-08,0.5618666984733409
2022-08-09,0.563372534386338
2022-08-10,0.5558457415833238
2022-08-11,0.5542329365408822
2022-08-12,0.5510108331535758
2022-08-13,0.5487530635677985
2022-08-14,0.5508788563959771
2022-08-15,0.553305212770595
2022-08-16,0.5521609571245727
2022-08-17,0.5539638909580246
2022-08-18,0.5547962681160902
2022-08-19,0.5573185730713568
2022-08-20,0.5638029611595612
2022-08-21,0.5601879473662968
2022-08-22,0.5592364999828486
2022-08-23,0.5564378030451937
2022-08-24,0.5565529069176103
2022-08-25,0.5535001569751936
2022-08-26,0.5627190696724925
2022-08-27,0.5612800167715861
2022-08-28,0.5646865634119531
2022-08-29,0.5566221023974842
2022-08-30,0.5551406190808317
2022-08-31,0.55547729460068
2022-09-01,0.551954389313732
2022-09-02,0.5513793563856142
2022-09-03,0.5507022553581314
2022-09-04,0.5491091633100569
2022-09-05,0.5436561932778546
2022-09-06,0.5416073156855417
2022-09-07,0.5364105133535025
2022-09-08,0.5356505548954559
2022-09-09,0.5485359988385139
2022-09-10,0.5458282581784957
2022-09-11,0.5488686540771601
2022-09-12,0.5592882392211936
2022-09-13,0.5538059162805686
2022-09-14,0.5469415868816353
2022-09-15,0.5596825693037895
2022-09-16,0.5628435780044783
2022-09-17,0.5604847955654367
2022-09-18,0.572435080579815
2022-09-19,0.5662966971933012
2022-09-20,0.5644640374628483
2022-09-21,0.5697881177963922
2022-09-22,0.5652071752264825
2022-09-23,0.5613883536477822
2022-09-24,0.5594353047517701
2022-09-25,0.5612187281797939
2022-09-26,0.5620753837273353
2022-09-27,0.5633181370243989
2022-09-28,0.5651197096142077
2022-09-29,0.5649347123502642
2022-09-30,0.564311347866998
2022-10-01,0.5655459088028104
2022-10-02,0.567633585132245
2022-10-03,0.5677428165821531
2022-10-04,0.5687536004837749
2022-10-05,0.5677638327650532
2022-10-06,0.5670046448760171
2022-10-07,0.5637031053817311
2022-10-08,0.565257813824019
2022-10-09,0.5634578086611347
2022-10-10,0.5671004031186342
2022-10-11,0.5687278497210521
2022-10-12,0.5685898421956691
2022-10-13,0.5728178951457296
2022-10-14,0.5696628583411422
2022-10-15,0.571519600847663
2022-10-16,0.5701544659152402
2022-10-17,0.5694990973506542
2022-10-18,0.5706405217916716
2022-10-19,0.5728672155169181
2022-10-20,0.5735187879131393
2022-10-21,0.5724387383838677
2022-10-22,0.5709871310128607
2022-10-23,0.5679355515516483
2022-10-24,0.5686935875145044
2022-10-25,0.5610479640485584
2022-10-26,0.556367321040684
2022-10-27,0.556840502827509
2022-10-28,0.5523367316052844
2022-10-29,0.5435793859953888
2022-10-30,0.5445682876715413
2022-10-31,0.5417652261378205
2022-11-01,0.5401047251168201
2022-11-02,0.5456799117193917
2022-11-03,0.5436294415149103
2022-11-04,0.5357577818141336
2022-11-05,0.5390899930902384
2022-11-06,0.5450301904284953
2022-11-07,0.5421445862887476
2022-11-08,0.5502421440295815
2022-11-09,0.5616027845435735
2022-11-10,0.5460908243067346
2022-11-11,0.5444066373260308
2022-11-12,0.5484307368413156
2022-11-13,0.5495151407897435
2022-11-14,0.5483282051890541
2022-11-15,0.5500304887695455
2022-11-16,0.5532813017013078
2022-11-17,0.5565292832595495
2022-11-18,0.5544130251028868
2022-11-19,0.5540503557519575
2022-11-20,0.5621633199611029
2022-11-21,0.5610985909972104
2022-11-22,0.5595185704477743
2022-11-23,0.5529790990781686
2022-11-24,0.5492500526307272
2022-11-25,0.5480265138541324
2022-11-26,0.5451448416735013
2022-11-27,0.5456358528889365
2022-11-28,0.5487584986021024
2022-11-29,0.5446812168581258
2022-11-30,0.5430878120985427
2022-12-01,0.545381415704522
2022-12-02,0.5441205675168308
2022-12-03,0.5489055618006651
2022-12-04,0.5466240522491751
2022-12-05,0.5476811183668546
2022-12-06,0.5477355601495103
2022-12-07,0.5515381947060792
2022-12-08,0.5491603721695388
2022-12-09,0.5512427885027991
2022-12-10,0.5508005038121039
2022-12-11,0.5523700260716894
2022-12-12,0.5538807434965426
2022-12-13,0.5564456615709097
2022-12-14,0.5598024357330893
2022-12-15,0.5614163021139947
2022-12-16,0.5728405235346583
2022-12-17,0.5696935847077065
2022-12-18,0.568667781444874
2022-12-19,0.5705605582372852
2022-12-20,0.5675421014489986
2022-12-21,0.568471900371526
2022-12-22,0.5672073262280646
2022-12-23,0.566279748764028
2022-12-24,0.5671829456375955
2022-12-25,0.567837742581074
2022-12-26,0.5663611968940769
2022-12-27,0.5654128893493682
2022-12-28,0.5682394343347135
2022-12-29,0.5685145914786156
2022-12-30,0.5685640880479185
2022-12-31,0.5678004545203084
2023-01-01,0.5685816026317021
2023-01-02,0.5661768346335465
2023-01-03,0.5662212853985907
2023-01-04,0.560470806292517
2023-01-05,0.5622285153762928
2023-01-06,0.5600515401061116
2023-01-07,0.5606561615480462
2023-01-08,0.5561855469778927
2023-01-09,0.5517560734514066
2023-01-10,0.5524217769779741
2023-01-11,0.5507675665590708
2023-01-12,0.5587327220887455
2023-01-13,0.5654477839955234
2023-01-14,0.5631591591703438
2023-01-15,0.5635084607568898
2023-01-16,0.5648912887703115
2023-01-17,0.5663356778151765
2023-01-18,0.5700335450246728
2023-01-19,0.568463704236787
2023-01-20,0.5706513718567151
2023-01-21,0.5764766300055566
2023-01-22,0.5749316639918101
2023-01-23,0.5756623145545232
2023-01-24,0.5826735929450569
2023-01-25,0.5797242663850846
2023-01-26,0.5792623958237576
2023-01-27,0.5788481063550817
2023-01-28,0.5817836699279856
2023-01-29,0.579361156152782
2023-01-30,0.5813672780579286
2023-01-31,0.5799909947053803
2023-02-01,0.5788624041036073
2023-02-02,0.5762373409902976
2023-02-03,0.5716227980556976
2023-02-04,0.5698063361260838
2023-02-05,0.5711711322671683
2023-02-06,0.5721342301791114
2023-02-07,0.5690593255964367
2023-02-08,0.5708537728975605
2023-02-09,0.5737632008898549
2023-02-10,0.574229629313629
2023-02-11,0.5734349517181602
2023-02-12,0.5751438711826256
2023-02-13,0.5794892144534991
2023-02-14,0.5767554095656328
2023-02-15,0.5833194751064271
2023-02-16,0.5815354217912653
2023-02-17,0.5820394480974479
2023-02-18,0.5844661706799621
2023-02-19,0.5811637835267432
2023-02-20,0.5827752485623144
2023-02-21,0.5853721533230841
2023-02-22,0.5841390090069668
2023-02-23,0.5824265400080109
2023-02-24,0.5820167407229011
2023-02-25,0.5835025690769704
2023-02-26,0.5814765927682053
2023-02-27,0.5829915503559082
2023-02-28,0.5833428087370653
2023-03-01,0.581596730382735
2023-03-02,0.5829158693583275
2023-03-03,0.5812525778717011
2023-03-04,0.5826207706217464
2023-03-05,0.583850423088701
2023-03-06,0.5839717402307216
2023-03-07,0.5818387879187108
2023-03-08,0.5813337871034869
2023-03-09,0.5792860701336585
2023-03-10,0.5771525196189577
2023-03-11,0.5772147388202902
2023-03-12,0.5792237798280032
2023-03-13,0.588668559248091
2023-03-14,0.5914313867077419
2023-03-15,0.5953848372449991
2023-03-16,0.5984751710269164
2023-03-17,0.6059293531147378
2023-03-18,0.6070877684485871
2023-03-19,0.6124946230890809
2023-03-20,0.6168672668479256
2023-03-21,0.6083529923372314
2023-03-22,0.6112747567921406
2023-03-23,0.6103154728692732
2023-03-24,0.6114496395802581
2023-03-25,0.6120935163694756
2023-03-26,0.6121950172386246
2023-03-27,0.6122023840014251
2023-03-28,0.6057152041550109
2023-03-29,0.6111286174690976
2023-03-30,0.609293139774874
2023-03-31,0.6091160435925933
2023-04-01,0.6098446333846957
2023-04-02,0.60979804634281
2023-04-03,0.6046244906831776
2023-04-04,0.602538029804876
2023-04-05,0.5993363709356002
2023-04-06,0.6022417440454938
2023-04-07,0.6025132023551613
2023-04-08,0.604565679908183
2023-04-09,0.6058635700528472
2023-04-10,0.6107914924765834
2023-04-11,0.6157419222809193
2023-04-12,0.6116884940616237
2023-04-13,0.6068078348739152
2023-04-14,0.5995050237113949
2023-04-15,0.598408834529906
2023-04-16,0.594822592220924
2023-04-17,0.5921170843186323
2023-04-18,0.5970460106841928
2023-04-19,0.603486407714395
2023-04-20,0.5990358542878694
2023-04-21,0.6005010173982385
2023-04-22,0.6004771473711257
2023-04-23,0.6004306970484374
2023-04-24,0.6016541999239525
2023-04-25,0.604622309209214
2023-04-26,0.6071970103582932
2023-04-27,0.6113391913486838
2023-04-28,0.6118151973975595
2023-04-29,0.6098050550590196
2023-04-30,0.6118623458577861
2023-05-01,0.6079000852647747
2023-05-02,0.6099845769533937
2023-05-03,0.6092045267012003
2023-05-04,0.6110222999227019
2023-05-05,0.6059595076409988
2023-05-06,0.6102221214776077
2023-05-07,0.6094152875194295
2023-05-08,0.6081880402289662
2023-05-09,0.6081861378238647
2023-05-10,0.6077773034418322
2023-05-11,0.6083492889121883
2023-05-12,0.6012764314948019
2023-05-13,0.6023154053131893
2023-05-14,0.602716081883184
2023-05-15,0.6033614793241037
2023-05-16,0.6045027824429776
2023-05-17,0.6063094939065559
2023-05-18,0.603807175714254
2023-05-19,0.603226626796418
2023-05-20,0.6043189658936353
2023-05-21,0.6036754758123059
2023-05-22,0.602541109530327
2023-05-23,0.6018558559208095
2023-05-24,0.6007625071352429
2023-05-25,0.6016821265163842
2023-05-26,0.6008932699230565
2023-05-27,0.6010600151878754
2023-05-28,0.6032005639876432
2023-05-29,0.6020971484620217
2023-05-30,0.6000314837278407
2023-05-31,0.5991468410033793
2023-06-01,0.5973702659593292
2023-06-02,0.5953676558237061
2023-06-03,0.5954284338906772
2023-06-04,0.5955134797736522
2023-06-05,0.5962118778159609
2023-06-06,0.6017313996222967
2023-06-07,0.6030611942721431
2023-06-08,0.6025716973446903
2023-06-09,0.6041498077694782
2023-06-10,0.6130695921062462
2023-06-11,0.613653927507091
2023-06-12,0.6145866683511771
2023-06-13,0.6137281686613809
2023-06-14,0.6179063776532715
2023-06-15,0.6209236162629083
2023-06-16,0.6225433476847487
2023-06-17,0.6219192509802325
2023-06-18,0.6211637444678839
2023-06-19,0.6237076415950467
2023-06-20,0.6301630343294933
2023-06-21,0.6333923754982352
2023-06-22,0.6352976905054986
2023-06-23,0.6381873185680603
2023-06-24,0.6402960404421042
2023-06-25,0.6377200270442077
2023-06-26,0.6405625022865367
2023-06-27,0.6403803264077578
2023-06-28,0.6437801047165571
2023-06-29,0.6428420172522252
2023-06-30,0.6333854095059599
2023-07-01,0.6337721991966387
2023-07-02,0.6322306247388456
2023-07-03,0.634757125861363
2023-07-04,0.6341979681799992
2023-07-05,0.6357020166210026
2023-07-06,0.6379959818045139
2023-07-07,0.6379868677112939
2023-07-08,0.6375211912794411
2023-07-09,0.637675046974758
2023-07-10,0.6360652954706104
2023-07-11,0.6371518633342121
2023-07-12,0.6368418397546962
2023-07-13,0.6169970178269014
2023-07-14,0.6187419216379886
2023-07-15,0.6185843979643617
2023-07-16,0.619369842639781
2023-07-17,0.6197186631493864
2023-07-18,0.6184771111821824
2023-07-19,0.6175870655866668
2023-07-20,0.6174682014342588
2023-07-21,0.6185075560216454
2023-07-22,0.6220280923196362
2023-07-23,0.6217453267793777
2023-07-24,0.6201891878784404
2023-07-25,0.6191568644714883
2023-07-26,0.6180027173388168
2023-07-27,0.6181982310777137
2023-07-28,0.6168618991162377
2023-07-29,0.6169007419647033
2023-07-30,0.6177960342303098
2023-07-31,0.619941847661948
2023-08-01,0.6209332327774244
2023-08-02,0.6209209052708973
2023-08-03,0.624183070260509
2023-08-04,0.6249972889603442
2023-08-05,0.6239950991783687
2023-08-06,0.6249278546968685
2023-08-07,0.6264176661447316
2023-08-08,0.6267431868790728
2023-08-09,0.6251830925927306
2023-08-10,0.6251267770562953
2023-08-11,0.6254614161727724
2023-08-12,0.6252995880824044
2023-08-13,0.6257593761056561
2023-08-14,0.6257449465735212
2023-08-15,0.6279831606053045
2023-08-16,0.6284589148411457
2023-08-17,0.6286647625215751
2023-08-18,0.6252223273001818
2023-08-19,0.623771916686568
2023-08-20,0.6222770336947019
2023-08-21,0.625434291590272
2023-08-22,0.6282380223138244
2023-08-23,0.6255347242834494
2023-08-24,0.6256688365511232
2023-08-25,0.6252385835918085
2023-08-26,0.6258721381528811
2023-08-27,0.6249899121210349
2023-08-28,0.6253067517468907
2023-08-29,0.6295006240007874
2023-08-30,0.6296286198678384
2023-08-31,0.6255487969667927
2023-09-01,0.6265574606754059
2023-09-02,0.6262443977291041
2023-09-03,0.6270336158718949
2023-09-04,0.6259963462902272
2023-09-05,0.6254156372354963
2023-09-06,0.6253541014789903
2023-09-07,0.6279648904655989
2023-09-08,0.6265255575968275
2023-09-09,0.6267560333410167
2023-09-10,0.6294109544080755
2023-09-11,0.6322506696311337
2023-09-12,0.6325818973507961
2023-09-13,0.6338033841054261
2023-09-14,0.6339362246974782
2023-09-15,0.6317675961315006
2023-09-16,0.6312430795662742
2023-09-17,0.6327659751798148
2023-09-18,0.6322553908319536
2023-09-19,0.6342055156766869
2023-09-20,0.6359637820619569
2023-09-21,0.6365489965189488
2023-09-22,0.6355861545355823
2023-09-23,0.6357665282572739
2023-09-24,0.6352099687616924
2023-09-25,0.6344625013881595
2023-09-26,0.6334751498399318
2023-09-27,0.6342576002791395
2023-09-28,0.6333025218032342
2023-09-29,0.6302983010928408
2023-09-30,0.6304948116062188
2023-10-01,0.6313216965540058
2023-10-02,0.6356180277848086
2023-10-03,0.6341262444827263
2023-10-04,0.6387623063137753
2023-10-05,0.6396566720116202
2023-10-06,0.6397903328478217
2023-10-07,0.6416716171387771
2023-10-08,0.6419279477581054
2023-10-09,0.6465339713990153
2023-10-10,0.6460251667891801
2023-10-11,0.6425690147916978
2023-10-12,0.6451658814425526
2023-10-13,0.6443123180943209
2023-10-14,0.6437117381380598
2023-10-15,0.6455219653148702
2023-10-16,0.650808355767768
2023-10-17,0.656737403635424
2023-10-18,0.6540569612607866
2023-10-19,0.6546785881086986
2023-10-20,0.6576738465560978
2023-10-21,0.6553799136428733
2023-10-22,0.6521582794930282
2023-10-23,0.6615899985024127
2023-10-24,0.6660913896318708
2023-10-25,0.6690296060236491
2023-10-26,0.6649073890986119
2023-10-27,0.6659551991345265
2023-10-28,0.6672612055892627
2023-10-29,0.6675606030582582
2023-10-30,0.6642559245650967
2023-10-31,0.6633598435750632
2023-11-01,0.6639387951900337
2023-11-02,0.6643799719925463
2023-11-03,0.6603940380337483
2023-11-04,0.6591502136069467
2023-11-05,0.6534130255403989
2023-11-06,0.6484323872143782
2023-11-07,0.6537071505214866
2023-11-08,0.6535320570557468
2023-11-09,0.6436318328663249
2023-11-10,0.6467431248361823
2023-11-11,0.6470891387492714
2023-11-12,0.647355979336607
2023-11-13,0.6460989635978526
2023-11-14,0.6458842054297235
2023-11-15,0.6496785093814119
2023-11-16,0.6508964645624611
2023-11-17,0.6526070455352875
2023-11-18,0.652632593435465
2023-11-19,0.6521489165237636
2023-11-20,0.653766568451034
2023-11-21,0.6559060988229357
2023-11-22,0.6519931438133313
2023-11-23,0.651178683268041
2023-11-24,0.6521527114372581
2023-11-25,0.6512379303074579
2023-11-26,0.6516359165663124
2023-11-27,0.6548173929290686
2023-11-28,0.6550988941850434
2023-11-29,0.656724260926298
2023-11-30,0.6543329159102288
2023-12-01,0.6568626676494821
2023-12-02,0.6540405294544531
2023-12-03,0.6554686305319017
2023-12-04,0.6623920054635319
2023-12-05,0.669554769732893
2023-12-06,0.670570973437098
2023-12-07,0.6583007364371952
2023-12-08,0.6566268728414549
2023-12-09,0.6561139203782111
2023-12-10,0.6533494102729723
2023-12-11,0.6509685461577
2023-12-12,0.6527536636109911
2023-12-13,0.6537767544987451
2023-12-14,0.6500141558353978
2023-12-15,0.6535310663641851
2023-12-16,0.6533078830006637
2023-12-17,0.6531801619596049
2023-12-18,0.6571309547382638
2023-12-19,0.6584852560105721
2023-12-20,0.6619260758169152
2023-12-21,0.6528321443340067
2023-12-22,0.6479476891962817
2023-12-23,0.6452844253150397
2023-12-24,0.6440357781172027
2023-12-25,0.6425036636857608
2023-12-26,0.6407151083676106
2023-12-27,0.6358051103925793
2023-12-28,0.635349592599759
2023-12-29,0.635711283628886
2023-12-30,0.6375359251699353
2023-12-31,0.639748734950415
2024-01-01,0.6417683153427578
2024-01-02,0.6473754788589458
2024-01-03,0.6501396111699173
2024-01-04,0.6506865102100414
2024-01-05,0.6538138497310519
2024-01-06,0.6578208883437088
2024-01-07,0.661618110013622
2024-01-08,0.6653961467739288
2024-01-09,0.662130711990079
2024-01-10,0.6469657417095483
2024-01-11,0.6430531244207048
2024-01-12,0.6352383830613401
2024-01-13,0.6302374304920656
2024-01-14,0.6321568282898508
2024-01-15,0.632101540119651
2024-01-16,0.6308562990064172
2024-01-17,0.6321623224395344
2024-01-18,0.6306007110045307
2024-01-19,0.6315194210432861
2024-01-20,0.6319228756367861
2024-01-21,0.6312162724000562
2024-01-22,0.6349410439512471
2024-01-23,0.6420800030531394
2024-01-24,0.6430254575698143
2024-01-25,0.6441121187442943
2024-01-26,0.6478473483046198
2024-01-27,0.6487531833700773
2024-01-28,0.6462385288313809
2024-01-29,0.6482556262828927
2024-01-30,0.6463851313721195
2024-01-31,0.6505711001331927
2024-02-01,0.6506718744565335
2024-02-02,0.6492617667032504
2024-02-03,0.6495698084220339
2024-02-04,0.6487285045767328
2024-02-05,0.6485395770244593
2024-02-06,0.6461468813866718
2024-02-07,0.6474398023105289
2024-02-08,0.6512316724956722
2024-02-09,0.654068947726713
2024-02-10,0.6552109359032048
2024-02-11,0.6577500368670752
2024-02-12,0.6551012925799614
2024-02-13,0.655837566438834
2024-02-14,0.6549696024109679
2024-02-15,0.6514113954686693
2024-02-16,0.6539129384671015
2024-02-17,0.6535893478735803
2024-02-18,0.6501161774740329
2024-02-19,0.644999551902749
2024-02-20,0.6446476038786029
2024-02-21,0.6449892181772618
2024-02-22,0.643529240462226
2024-02-23,0.6445022880220902
2024-02-24,0.6428331521914021
2024-02-25,0.6374194127994575
2024-02-26,0.6432674421177638
2024-02-27,0.6500486034263492
2024-02-28,0.660546215862561
2024-02-29,0.6567838543277953
2024-03-01,0.6535851945720773
2024-03-02,0.6505334427653653
2024-03-03,0.6515746188665409
2024-03-04,0.6582239676594406
2024-03-05,0.6521072314893747
2024-03-06,0.6459761860783119
2024-03-07,0.6423807856391066
2024-03-08,0.6448915395734925
2024-03-09,0.6439658594145876
2024-03-10,0.646705827509556
2024-03-11,0.6455676945918116
2024-03-12,0.6465585829599131
2024-03-13,0.6445963532837695
2024-03-14,0.6433279837837317
2024-03-15,0.6416174648807189
2024-03-16,0.6424386389302708
2024-03-17,0.6430183083688452
2024-03-18,0.6468928780305867
2024-03-19,0.6519302364217145
2024-03-20,0.6493731678280437
2024-03-21,0.6438938135850256
2024-03-22,0.6455157438339263
2024-03-23,0.6453463442043013
2024-03-24,0.6476891050955357
2024-03-25,0.6489748821693927
2024-03-26,0.6492801587334768
2024-03-27,0.6521997446745987
2024-03-28,0.6513893049557135
2024-03-29,0.6490130889693223
2024-03-30,0.649552786261749
2024-03-31,0.64697328148802
2024-04-01,0.6516956837800535
2024-04-02,0.6525350119919915
2024-04-03,0.6524866441315963
2024-04-04,0.6581205155564522
2024-04-05,0.658379361890108
2024-04-06,0.6583128972889072
2024-04-07,0.6551672608627539
2024-04-08,0.6512824999762621
2024-04-09,0.6528074100688879
2024-04-10,0.6537959037467975
2024-04-11,0.6540255755807987
2024-04-12,0.6627443050762315
2024-04-13,0.6708227216315289
2024-04-14,0.6655419781587757
2024-04-15,0.6635679502604388
2024-04-16,0.6672666517896799
2024-04-17,0.6647495514595355
2024-04-18,0.6651822416156562
2024-04-19,0.6665687289851844
2024-04-20,0.6616886494369981
2024-04-21,0.6624551497857767
2024-04-22,0.6630431853489364
2024-04-23,0.6599086968077692
2024-04-24,0.6589773072135491
2024-04-25,0.6594697674528428
2024-04-26,0.6603690814197015
2024-04-27,0.6539179642494984
2024-04-28,0.6530919935040513
2024-04-29,0.6581203993969627
2024-04-30,0.6597213607071297
2024-05-01,0.6521429451191996
2024-05-02,0.6557278073812615
2024-05-03,0.6598427556801252
2024-05-04,0.66142028664572
2024-05-05,0.6606671573353394
2024-05-06,0.6602989191386965
2024-05-07,0.6623570438686761
2024-05-08,0.6605122042442644
2024-05-09,0.6606581740270626
2024-05-10,0.6604423350808456
2024-05-11,0.6601473084386288
2024-05-12,0.6621811784396537
2024-05-13,0.6653931821847837
2024-05-14,0.666486231729728
2024-05-15,0.6705178370691189
2024-05-16,0.6721283602382512
2024-05-17,0.6689104618064068
2024-05-18,0.6673030997915042
2024-05-19,0.6690084170989908
2024-05-20,0.6561744216059154
2024-05-21,0.6477008084501594
2024-05-22,0.6470805690926243
2024-05-23,0.6435799669719798
2024-05-24,0.6481466360007395
2024-05-25,0.6488481302660195
2024-05-26,0.6453608019414032
2024-05-27,0.6439499744184622
2024-05-28,0.6422217506241508
2024-05-29,0.6452815291100428
2024-05-30,0.6491432539895086
2024-05-31,0.6463957179420048
2024-06-01,0.6447220962454687
2024-06-02,0.6464819035179106
2024-06-03,0.6489692111760679
2024-06-04,0.6485500969119299
2024-06-05,0.6472648098950107
2024-06-06,0.6482237018487704
2024-06-07,0.6525952838171686
2024-06-08,0.6537972068567011
2024-06-09,0.6534044459375972
2024-06-10,0.6574359232336867
2024-06-11,0.6605930053905644
2024-06-12,0.6580056382530923
2024-06-13,0.6596935795661358
2024-06-14,0.6575737251954997
2024-06-15,0.65398764514072
2024-06-16,0.6523178413997247
2024-06-17,0.6584995791922029
2024-06-18,0.6559413647437465
2024-06-19,0.652097080503449
2024-06-20,0.6541919026135727
2024-06-21,0.6514941355918608
2024-06-22,0.6526859847243027
2024-06-23,0.6537410149786534
2024-06-24,0.648773858006373
2024-06-25,0.6505141239511386
2024-06-26,0.6485095545855237
2024-06-27,0.6450751324224361
2024-06-28,0.646076461455464
2024-06-29,0.6479489280926597
2024-06-30,0.6498465384263177
2024-07-01,0.6501931603461478
2024-07-02,0.6462134889991747
2024-07-03,0.6489754858992116
2024-07-04,0.6545699861386421
2024-07-05,0.656496449942692
2024-07-06,0.6536538016901
2024-07-07,0.6568938788789807
2024-07-08,0.6528764050600031
2024-07-09,0.6546407183885103
2024-07-10,0.6511463146291402
2024-07-11,0.6503568297535466
2024-07-12,0.6488513816127348
2024-07-13,0.650170340863383
2024-07-14,0.6514493941586962
2024-07-15,0.6506823163890576
2024-07-16,0.6534196423778451
2024-07-17,0.6528959797402393
2024-07-18,0.6514555488644125
2024-07-19,0.6544362107301904
2024-07-20,0.6538580993222177
2024-07-21,0.6537732358299104
2024-07-22,0.6578456360761497
2024-07-23,0.652869084430221
2024-07-24,0.6562438759051267
2024-07-25,0.6663121724421978
2024-07-26,0.6659134476805724
2024-07-27,0.6669540540829213
2024-07-28,0.6673973780506957
2024-07-29,0.6616386622933067
2024-07-30,0.6610033720332286
2024-07-31,0.6597610377868457
2024-08-01,0.6648925392267885
2024-08-02,0.6668018249383479
2024-08-03,0.6707721121833553
2024-08-04,0.6754403919632014
2024-08-05,0.6792903899176593
2024-08-06,0.679645546201194
2024-08-07,0.680803747811289
2024-08-08,0.6801320950350407
2024-08-09,0.6834420753745917
2024-08-10,0.682624823108034
2024-08-11,0.6826070289153757
2024-08-12,0.673993661006154
2024-08-13,0.6787798308150426
2024-08-14,0.674355511983402
2024-08-15,0.6757005928438551
2024-08-16,0.6799910233518072
2024-08-17,0.6791622586220565
2024-08-18,0.6756395446693377
2024-08-19,0.675201558397173
2024-08-20,0.675525545478896
2024-08-21,0.6801227948206784
2024-08-22,0.6765393278123597
2024-08-23,0.6796057292780082
2024-08-24,0.6795415872309456
2024-08-25,0.6820463963893966
2024-08-26,0.6834757893871644
2024-08-27,0.6857634696387559
2024-08-28,0.6810140273446149
2024-08-29,0.6831583767710637
2024-08-30,0.6827126369251358
2024-08-31,0.6835955546304919
2024-09-01,0.6856842850784184
2024-09-02,0.6839515050506131
2024-09-03,0.6866977039467641
2024-09-04,0.6868242833868603
2024-09-05,0.6854490040347488
2024-09-06,0.6874633939759093
2024-09-07,0.6838810175070754
2024-09-08,0.6834438444423815
2024-09-09,0.685473955889979
2024-09-10,0.6858720162426155
2024-09-11,0.6874601095410989
2024-09-12,0.6866553222808287
2024-09-13,0.6894743737390604
2024-09-14,0.6889156626330744
2024-09-15,0.6930643122109009
2024-09-16,0.6920884172706063
2024-09-17,0.6963788044418737
2024-09-18,0.6979033419396998
2024-09-19,0.69502839780017
2024-09-20,0.6905532958410431
2024-09-21,0.6863306845947543
2024-09-22,0.690229038372692
2024-09-23,0.6850230100471032
2024-09-24,0.6858541147211136
2024-09-25,0.6878019088142076
2024-09-26,0.6890104742730795
2024-09-27,0.6865283643190991
2024-09-28,0.6875969656940794
2024-09-29,0.6872813723700599
2024-09-30,0.6866262454549804
2024-10-01,0.689268871499373
2024-10-02,0.69547966456459
2024-10-03,0.697602999707499
2024-10-04,0.6962289983974113
2024-10-05,0.6963581839713082
2024-10-06,0.6959781611370369
2024-10-07,0.6960815693224993
2024-10-08,0.6941049623264751
2024-10-09,0.6938696978556962
2024-10-10,0.6925329370989546
2024-10-11,0.6947331530053958
2024-10-12,0.694570919682824
2024-10-13,0.6941176746534284
2024-10-14,0.6937180027554429
2024-10-15,0.6985240298839843
2024-10-16,0.6992822298107232
2024-10-17,0.7002477432896891
2024-10-18,0.6998398627745859
2024-10-19,0.698324086831745
2024-10-20,0.694237033260991
2024-10-21,0.693311008724285
2024-10-22,0.6957550334533495
2024-10-23,0.6981199190965118
2024-10-24,0.7004322560159346
2024-10-25,0.7055637860197637
2024-10-26,0.7022343802361821
2024-10-27,0.7019463643828264
2024-10-28,0.7033331855058732
2024-10-29,0.7066659067249469
2024-10-30,0.706550531389311
2024-10-31,0.7096092421447323
2024-11-01,0.7084286342068747
2024-11-02,0.7093416208207786
2024-11-03,0.7113408095534033
2024-11-04,0.71230824484583
2024-11-05,0.7124789972647264
2024-11-06,0.7098797849309634
2024-11-07,0.7013791386358647
2024-11-08,0.6989653640112099
2024-11-09,0.6899715581108371
2024-11-10,0.6908309472691422
2024-11-11,0.69765518112288
2024-11-12,0.7005350092760732
2024-11-13,0.7084666401870143
2024-11-14,0.7066718564501796
2024-11-15,0.7086256859334533
2024-11-16,0.70268561051814
2024-11-17,0.701406842285697
2024-11-18,0.6966693359397657
2024-11-19,0.7039310969015324
2024-11-20,0.7106745979194427
2024-11-21,0.7039215997697784
2024-11-22,0.6987879150318312
2024-11-23,0.69238077418924
2024-11-24,0.6947044782928352
2024-11-25,0.6880878540335104
2024-11-26,0.689640406296799
2024-11-27,0.6837005388429857
2024-11-28,0.6843501834931149
2024-11-29,0.6822847458769337
2024-11-30,0.6752922696083651
2024-12-01,0.6704739995649227
2024-12-02,0.6647273946121715
2024-12-03,0.6609454767370656
2024-12-04,0.6644216062501632
2024-12-05,0.6641934400561927
2024-12-06,0.6609587004814438
2024-12-07,0.6575002585484281
2024-12-08,0.6602480538399984
2024-12-09,0.6743548867016169
2024-12-10,0.6744862218587234
2024-12-11,0.6735676845926261
2024-12-12,0.6696023077742891
2024-12-13,0.670672793512622
2024-12-14,0.6740736705083317
2024-12-15,0.6761627089280386
2024-12-16,0.6793519992718342
2024-12-17,0.6817413768296429
2024-12-18,0.6857461789593852
2024-12-19,0.6920139524134746
2024-12-20,0.6893454066765895
2024-12-21,0.6956606571492034
2024-12-22,0.6946971873265233
2024-12-23,0.6842730681366186
2024-12-24,0.6879450542487975
2024-12-25,0.6898828218486541
2024-12-26,0.692295933043932
2024-12-27,0.6894224434424634
2024-12-28,0.6858198771511532
2024-12-29,0.6873871635568534
2024-12-30,0.6852464042863199
2024-12-31,0.6877878578644393
2025-01-01,0.6839607177737066
2025-01-02,0.6824834565185651
2025-01-03,0.6756724479818426
2025-01-04,0.6743433768965623
2025-01-05,0.6763670112938375
2025-01-06,0.6815589706973711
2025-01-07,0.686974219533257
2025-01-08,0.6843106648117575
2025-01-09,0.6866989463526559
2025-01-10,0.6874946055186026
2025-01-11,0.6825577542027053
2025-01-12,0.6847432803471359
2025-01-13,0.6898671798083834
2025-01-14,0.6876301467858676
2025-01-15,0.677805126813072
2025-01-16,0.6792565558588048
2025-01-17,0.6790191906099656
2025-01-18,0.6816556849886453
2025-01-19,0.6865470514106462
2025-01-20,0.6851867774013686
2025-01-21,0.6892167786133497
2025-01-22,0.6861340898494045
2025-01-23,0.6860390821160756
2025-01-24,0.6892464258627481
2025-01-25,0.688022561548408
2025-01-26,0.6905485985992296
2025-01-27,0.6913339482295929
2025-01-28,0.6953433636773588
2025-01-29,0.6981932409137094
2025-01-30,0.6930510974767403
2025-01-31,0.6890650199087099
2025-02-01,0.6973738500078348
2025-02-02,0.7062828572574548
2025-02-03,0.7120744819515912
2025-02-04,0.716612676205244
2025-02-05,0.7169844524107254
2025-02-06,0.722365630544249
2025-02-07,0.7229028408581691
2025-02-08,0.7193546805913107
2025-02-09,0.720007491772957
2025-02-10,0.719474428249326
2025-02-11,0.7169337682819662
2025-02-12,0.713341876492886
2025-02-13,0.7130119735085876
2025-02-14,0.7098333265805392
2025-02-15,0.7114303748241231
2025-02-16,0.7105463388080225
2025-02-17,0.7098778552597025
2025-02-18,0.7163307827528198
2025-02-19,0.7135054429757024
2025-02-20,0.7154479336543031
2025-02-21,0.7181288210305861
2025-02-22,0.7137167848698119
2025-02-23,0.7122590971610897
2025-02-24,0.72502655828234
2025-02-25,0.7182106494253611
2025-02-26,0.7183656965604179
2025-02-27,0.7202401772363478
2025-02-28,0.72235943681326
2025-03-01,0.724800454970994
2025-03-02,0.7077395455902857
2025-03-03,0.7244821900307555
2025-03-04,0.7217209218891774
2025-03-05,0.7241884604704268
2025-03-06,0.7238072901573533
2025-03-07,0.7246611582453522
2025-03-08,0.7231496675553474
2025-03-09,0.7264919265189556
2025-03-10,0.7338661950294958
2025-03-11,0.7358026737091253
2025-03-12,0.7344715923058136
2025-03-13,0.7308858602116388
2025-03-14,0.7315196742960322
2025-03-15,0.7285991513454905
2025-03-16,0.7318871060781276
2025-03-17,0.7308233809405676
2025-03-18,0.7290841790535143
2025-03-19,0.726993820672674
2025-03-20,0.7271126699450906
2025-03-21,0.7285215460817351
2025-03-22,0.72779361138667
2025-03-23,0.7301166808634391
2025-03-24,0.7277887601053442
2025-03-25,0.7271676856758386
2025-03-26,0.7314281673230236
2025-03-27,0.7311559873792676
2025-03-28,0.7348358283876059
2025-03-29,0.7373509122696477
2025-03-30,0.7379003877285029
2025-03-31,0.7380063485050148
2025-04-01,0.7386436921497499
2025-04-02,0.7429466513982577
2025-04-03,0.742806805824306
2025-04-04,0.7415862493888534
2025-04-05,0.7417971027482451
2025-04-06,0.7507869886248473
2025-04-07,0.7540694543708575
2025-04-08,0.7539990996472858
2025-04-09,0.748405215703487
2025-04-10,0.751656395617087
2025-04-11,0.754282206548747
2025-04-12,0.7493008641030484
2025-04-13,0.7499790177118909
2025-04-14,0.7508508956147089
2025-04-15,0.752561709857744
2025-04-16,0.7531166201151711
2025-04-17,0.7541851818013597
2025-04-18,0.7529665503563457
2025-04-19,0.7516514604371656
2025-04-20,0.7535242805555539
2025-04-21,0.7584324458728994
2025-04-22,0.7561493581053413
2025-04-23,0.7549295232972361
2025-04-24,0.7558086053339725
2025-04-25,0.7574385866946244
2025-04-26,0.7554974996449026
2025-04-27,0.7543785909795321
2025-04-28,0.7556953166316287
2025-04-29,0.7562311640711918
2025-04-30,0.7572932930886737
2025-05-01,0.7582657173972547
2025-05-02,0.7594780062013705
2025-05-03,0.7589967844810035
2025-05-04,0.7590549712569381
2025-05-05,0.7589441113426784
2025-05-06,0.7623066261435814
2025-05-07,0.7632932130196438
2025-05-08,0.7507288035916871
2025-05-09,0.7421516767772989
2025-05-10,0.7324873652206979
2025-05-11,0.7375480694230498
2025-05-12,0.7321081932493635
2025-05-13,0.7261183720004704
2025-05-14,0.7297605503813884
2025-05-15,0.7369987200829656
2025-05-16,0.7373123015431946
2025-05-17,0.7400907904528015
2025-05-18,0.7414173557265503
2025-05-19,0.7414750855732883
2025-05-20,0.7437577692100142
2025-05-21,0.7451017078207782
2025-05-22,0.7424260153710586
2025-05-23,0.7446909662748091
2025-05-24,0.7438206524091924
2025-05-25,0.7447074599346457
2025-05-26,0.7456171984727502
2025-05-27,0.7408569209853406
2025-05-28,0.7399970022618304
2025-05-29,0.7400712910470314
2025-05-30,0.7455730277782718
2025-05-31,0.74606665441437
2025-06-01,0.7469226245736607
2025-06-02,0.7444190147816627
2025-06-03,0.7439110425520125
2025-06-04,0.7433719392763095
2025-06-05,0.7490921318154367
2025-06-06,0.7496900264108337
2025-06-07,0.7486374834493061
2025-06-08,0.7478869414101271
2025-06-09,0.7464663510686178
2025-06-10,0.74116421013967
2025-06-11,0.7416361768944234
2025-06-12,0.7444017573561418
2025-06-13,0.7485052858666147
2025-06-14,0.750431214009029
2025-06-15,0.7482844270392461
2025-06-16,0.7497730926798288
2025-06-17,0.7493639441195953
2025-06-18,0.7496720668279473
2025-06-19,0.7494635738432528
2025-06-20,0.7535963534250751
2025-06-21,0.758216515725752
2025-06-22,0.7605580574294637
2025-06-23,0.7550707130331552
2025-06-24,0.7543934791606203
2025-06-25,0.7580699070687511
2025-06-26,0.7599792411086348
2025-06-27,0.758461572799971
2025-06-28,0.7561739803556876
2025-06-29,0.7543648945268638
2025-06-30,0.7520897837811551
2025-07-01,0.755628796498144
2025-07-02,0.752210890267474
2025-07-03,0.7519976491292886
2025-07-04,0.7543653899122383
2025-07-05,0.7542630569918756
2025-07-06,0.752015599627858
2025-07-07,0.752139923318162
2025-07-08,0.7497283839592094
2025-07-09,0.7454745172175664
2025-07-10,0.7429411872977184
2025-07-11,0.7419012892811038
2025-07-12,0.7425236238089143
2025-07-13,0.7417262808948409
2025-07-14,0.7403604621293707
2025-07-15,0.7336489594536705
2025-07-16,0.7247718705452293
2025-07-17,0.7153959906013824
2025-07-18,0.7114461436012854
2025-07-19,0.7097907251445494
2025-07-20,0.7015717395067392
2025-07-21,0.6984903057175518
2025-07-22,0.7015739733741972
2025-07-23,0.711277633676703
2025-07-24,0.7104350070011505
2025-07-25,0.7072438672267566
2025-07-26,0.7069387807321356
2025-07-27,0.7029721194515982
2025-07-28,0.7065008226451042
2025-07-29,0.7066794753475683
2025-07-30,0.7078986987787486
2025-07-31,0.7096972715639699
2025-08-01,0.7145286959347943
2025-08-02,0.7203092360184704
2025-08-03,0.7161628753685674
2025-08-04,0.7078343648150147
2025-08-05,0.7122310810901125
2025-08-06,0.7101692187361298
2025-08-07,0.7016393911202983
2025-08-08,0.6975043766235417
2025-08-09,0.6902803977762147
2025-08-10,0.6955871082257495
2025-08-11,0.6974409622933782
2025-08-12,0.6855550344590193
2025-08-13,0.6845561443017348
2025-08-14,0.6849081415904226
2025-08-15,0.6866530461478801
2025-08-16,0.6861743915252356
2025-08-17,0.6836549862513185
2025-08-18,0.687723332311591
2025-08-19,0.6929596479555433
2025-08-20,0.6839209808490845
2025-08-21,0.6869596416928836
2025-08-22,0.6717332771179715
2025-08-23,0.6711169935104903
2025-08-24,0.6676209387566133
2025-08-25,0.6781868083071005
2025-08-26,0.6711776234252177
2025-08-27,0.6728658685980872
2025-08-28,0.673268983673755
2025-08-29,0.6727995891217003
2025-08-30,0.6735771584201626
2025-08-31,0.6730357041511974
2025-09-01,0.6785395520239452
2025-09-02,0.6785084352200708
2025-09-03,0.6760321383573024
2025-09-04,0.6805343879845268
2025-09-05,0.6791818506586165
2025-09-06,0.6798294162267028
2025-09-07,0.6778454746223952
2025-09-08,0.6766336571690438
2025-09-09,0.6752544454391566
2025-09-10,0.6768559308619326
2025-09-11,0.6748583160219893
2025-09-12,0.6663832200954858
2025-09-13,0.66640127089325
2025-09-14,0.668918488228878
2025-09-15,0.6727468387238406
2025-09-16,0.6740615156867609
2025-09-17,0.668052718757719
2025-09-18,0.6691786518781135
2025-09-19,0.6721529829309985
2025-09-20,0.6703962722987656
2025-09-21,0.6711434695117118
2025-09-22,0.6784870604251069
2025-09-23,0.6789043696155189
2025-09-24,0.6803720070022975
2025-09-25,0.6875712931433494
2025-09-26,0.6809897839410552
2025-09-27,0.6811720362077647
2025-09-28,0.6800136068142718
2025-09-29,0.6810953378628226
2025-09-30,0.6839549365484103
2025-10-01,0.6831808825629248
2025-10-02,0.6786225963285843
2025-10-03,0.6785750850741967
2025-10-04,0.6823258490429533
2025-10-05,0.6831745847667886
2025-10-06,0.6784802523900194
2025-10-07,0.6798610545100723
2025-10-08,0.6798027333052954
2025-10-09,0.6842819042453409
2025-10-10,0.699012691220303
2025-10-11,0.6977291575689606
2025-10-12,0.684654608303128
2025-10-13,0.6803967221829849
2025-10-14,0.6844478029576705
2025-10-15,0.6877326424645583
2025-10-16,0.6883850526654868
2025-10-17,0.6901885469288186
2025-10-18,0.6900251120356508
2025-10-19,0.6890569302711183
2025-10-20,0.6886165296064894
2025-10-21,0.6906403820664939
2025-10-22,0.6922311148107477
2025-10-23,0.6915547341666112
2025-10-24,0.6902063572669654
2025-10-25,0.6892754647077016
2025-10-26,0.6867051503727238
2025-10-27,0.6878849394095526
2025-10-28,0.6914956776456812
2025-10-29,0.6885783987755625
2025-10-30,0.6923637213759583
2025-10-31,0.6919013235723598
2025-11-01,0.6920118984966248
2025-11-02,0.6919748604851811
2025-11-03,0.7029379078166431
2025-11-04,0.7071274294644588
2025-11-05,0.703503995617245
2025-11-06,0.705643874498098
2025-11-07,0.7007980481188811
2025-11-08,0.7008833382106713
2025-11-09,0.6980202601551247
2025-11-10,0.698142459438699
2025-11-11,0.7021760636498454
2025-11-12,0.7002065480499823
2025-11-13,0.7046767640769073
2025-11-14,0.7006790794484385
2025-11-15,0.6999486543153821
2025-11-16,0.7003009337595597
2025-11-17,0.7011747155643048
2025-11-18,0.6961744470042306
2025-11-19,0.6999889002577164
2025-11-20,0.6990130003375294
2025-11-21,0.701695923000403
2025-11-22,0.7009335837167568
2025-11-23,0.7021083888193828
2025-11-24,0.6947927500419798
2025-11-25,0.6929809959264793
2025-11-26,0.6954836396073584
2025-11-27,0.6984683679080055
2025-11-28,0.6982805339232568
2025-11-29,0.7001119301733905
2025-11-30,0.7001398649535745
2025-12-01,0.7032385094487345
2025-12-02,0.7011627876948443
2025-12-03,0.6955740554626894
2025-12-04,0.6978792246383614
2025-12-05,0.6983477753379588
2025-12-06,0.6973812075727758
2025-12-07,0.6991627235670285
2025-12-08,0.6967416237699772
2025-12-09,0.6936439363591239
2025-12-10,0.6938429023397887
2025-12-11,0.6980293479336485
2025-12-12,0.6994958535306555
2025-12-13,0.6973920073793541
2025-12-14,0.6965800579058149
2025-12-15,0.6984815686016933
2025-12-16,0.7009799281244001
2025-12-17,0.7054859060680566
2025-12-18,0.7063597454390217
2025-12-19,0.7017978981018771
2025-12-20,0.7022937285936852
2025-12-21,0.7020958607987149
2025-12-22,0.7019541606530162
2025-12-23,0.7026067737884982
2025-12-24,0.7042400675356784
2025-12-25,0.7066985151989246
2025-12-26,0.7052507679716913
2025-12-27,0.7037297420391975
2025-12-28,0.7033281463610347
2025-12-29,0.703393219788145
2025-12-30,0.7040133935984189
2025-12-31,0.7030365828744752
2026-01-01,0.7030864324871368
2026-01-02,0.6968545946494289
2026-01-03,0.6976289822086527
2026-01-04,0.6968906652901619
2026-01-05,0.6941381032268094
2026-01-06,0.6916136839642884
2026-01-07,0.6940717920247069
2026-01-08,0.6964893471860877
2026-01-09,0.6967488815074395
2026-01-10,0.6960662395253648
2026-01-11,0.695570957501701
2026-01-12,0.6973730368454293
2026-01-13,0.6943252063597889
2026-01-14,0.6969028916218132
2026-01-15,0.6980917164091367
2026-01-16,0.6985724451652303
2026-01-17,0.6971129978825279
2026-01-18,0.6976890507800735
2026-01-19,0.699508453672448
2026-01-20,0.7036275844121421
2026-01-21,0.7027099123171111
2026-01-22,0.7042624529302693
2026-01-23,0.7044512596185446
2026-01-24,0.7041783965628933
2026-01-25,0.707089300456478
2026-01-26,0.7042741572138462
2026-01-27,0.7011174002650088
2026-01-28,0.7019018807665841
2026-01-29,0.7027095733725609
2026-01-30,0.7077732146766396
2026-01-31,0.7117876322844576
2026-02-01,0.717521552925244
2026-02-02,0.7162229869758316
2026-02-03,0.7163836185005166
2026-02-04,0.7182371408991021
2026-02-05,0.7198575690786368
2026-02-06,0.7196327349546666
2026-02-07,0.7162789095837337
2026-02-08,0.71954193192273
2026-02-09,0.7187543972116034
2026-02-10,0.7216190179322184
2026-02-11,0.7224834063289468
2026-02-12,0.7195385502707099
2026-02-13,0.7191134447368315
2026-02-14,0.7150067508206448
2026-02-15,0.7207096898448385
2026-02-16,0.7182128053208624
2026-02-17,0.7157026674474214
2026-02-18,0.7174029340221758
2026-02-19,0.7190069631670507
2026-02-20,0.7188432679426234
2026-02-21,0.7185828987232633
2026-02-22,0.7205903951483835
2026-02-23,0.720583854784802
2026-02-24,0.719396731813651
2026-02-25,0.7141409606113587
2026-02-26,0.7156748741901954
2026-02-27,0.7184783805888856
2026-02-28,0.7189554213167734
2026-03-01,0.717441099063111
2026-03-02,0.7196049272433724
2026-03-03,0.7215295679968224
2026-03-04,0.7235658164155296
2026-03-05,0.722795973029661
2026-03-06,0.7223323450193362
2026-03-07,0.721144228919661
2026-03-08,0.7199818595021054
2026-03-09,0.7219668665455687
2026-03-10,0.72235761611543
2026-03-11,0.7215533665599284
2026-03-12,0.7217265311714456
2026-03-13,0.7212157585493603
2026-03-14,0.7205826415402403
2026-03-15,0.7188258233091095
2026-03-16,0.7132860056089145
2026-03-17,0.71378010804016
2026-03-18,0.7145575596372986
2026-03-19,0.7147610730625378
2026-03-20,0.7159292699019618
2026-03-21,0.7166211261168873
2026-03-23,0.7170208672849981
2026-03-24,0.7165148327028488
2026-03-25,0.7167344337953592
2026-03-26,0.7184582982255278
2026-03-27,0.7165655016885477
2026-03-28,0.7163373747276041
2026-03-29,0.7175935233342797
2026-03-30,0.7163398939341896
2026-03-31,0.7175235684399472
2026-04-01,0.7156324668280277
2026-04-02,0.7189102190089776
2026-04-03,0.7183168184431554
2026-04-04,0.7182762849550718
2026-04-05,0.7206887635076468
2026-04-06,0.7205256335169223
2026-04-07,0.7197066748745719
2026-04-08,0.7216516565759759
2026-04-09,0.7230387726319347
2026-04-10,0.7232422405177912
2026-04-11,0.7218983528966553
2026-04-12,0.7219480570959166
2026-04-13,0.7219028911154176
2026-04-14,0.7231876939227363
2026-04-15,0.7216588480018419
2026-04-16,0.7196464731642359
2026-04-17,0.7207421393458233
2026-04-18,0.7218056651785638
2026-04-19,0.724213769931404
2026-04-20,0.7254913732905666
2026-04-21,0.7250802984318858
2026-04-22,0.7276270545829894
2026-04-23,0.7297336576418629
2026-04-24,0.7286180576546866
2026-04-25,0.729369668236951
2026-04-26,0.7290296699319316
2026-04-27,0.7302134083749764
2026-04-28,0.7292300636026704
2026-04-29,0.7299927519921596
2026-04-30,0.7310776984053781
2026-05-01,0.733380833041434
2026-05-02,0.7327923303582312
2026-05-03,0.7325989933040028
2026-05-04,0.7342091346270504
2026-05-05,0.7341208569434818
2026-05-06,0.7343539793518159
2026-05-07,0.7350438190451865
2026-05-08,0.7321344181327137
2026-05-09,0.732374373838503
2026-05-10,0.7312658092967033
2026-05-11,0.7318219579002376
2026-05-12,0.7331014015224703
2026-05-13,0.7319917208849145
2026-05-14,0.7321606297770944
2026-05-15,0.7322949881957049
2026-05-16,0.7339543557260205
2026-05-17,0.7332181066038653
2026-05-18,0.7338372570224844
2026-05-19,0.7355012061286516
2026-05-20,0.7342218305045498
2026-05-21,0.7330197106838703
2026-05-22,0.7329956614221904
2026-05-23,0.7321110560692199
2026-05-24,0.7337119817331992
2026-05-25,0.7339866402663568
2026-05-26,0.7334280685825333
2026-05-27,0.7334606610887627
2026-05-28,0.7325645449692574
2026-05-29,0.7320616947517458
2026-05-30,0.7281142739854546
2026-05-31,0.7283194381724689
2026-06-01,0.7241006364930838
2026-06-02,0.7233011682955043
2026-06-03,0.7214725998142804
2026-06-04,0.7265553249309418
2026-06-05,0.7343725861042847
2026-06-06,0.7349008369247025
2026-06-07,0.7305824894724088
2026-06-08,0.7290846255064594
2026-06-09,0.7305102626833243
2026-06-10,0.7336685021516878
2026-06-11,0.7327133862915026
2026-06-12,0.7340839769389026
2026-06-13,0.7345118853989239
2026-06-14,0.7333222614097834
2026-06-15,0.7289930857627084
2026-06-16,0.7279056750469987
