Date,btcd_top10,stabled_top10,otherd_top10
2013-04-28,0.9418093310393808,0.0,0.05819066896061918
2013-04-29,0.9441662261383789,0.0,0.055833773861621104
2013-04-30,0.9428674821293552,0.0,0.05713251787064478
2013-05-01,0.9407093616675952,0.0,0.05929063833240473
2013-05-02,0.9414909957868483,0.0,0.058509004213151694
2013-05-03,0.9386900218115694,0.0,0.061309978188430675
2013-05-04,0.9396110432548506,0.0,0.060388956745149464
2013-05-05,0.940515365302593,0.0,0.059484634697406946
2013-05-06,0.9437974872641345,0.0,0.05620251273586554
2013-05-07,0.9437985718911754,0.0,0.05620142810882455
2013-05-08,0.9426280067663918,0.0,0.057371993233608205
2013-05-09,0.9424427483393663,0.0,0.05755725166063374
2013-05-10,0.9442311672349617,0.0,0.0557688327650383
2013-05-11,0.9458585667846556,0.0,0.054141433215344405
2013-05-12,0.9469960431110324,0.0,0.05300395688896766
2013-05-13,0.9478490866649674,0.0,0.05215091333503262
2013-05-14,0.9516630683332666,0.0,0.048336931666733335
2013-05-15,0.9512110337883212,0.0,0.04878896621167883
2013-05-16,0.9533700953863091,0.0,0.046629904613690924
2013-05-17,0.9516420791217168,0.0,0.048357920878283216
2013-05-18,0.9508239966843631,0.0,0.04917600331563692
2013-05-19,0.9495843801071062,0.0,0.05041561989289381
2013-05-20,0.9504543519749008,0.0,0.04954564802509914
2013-05-21,0.9515451414198991,0.0,0.048454858580100874
2013-05-22,0.9518231987066185,0.0,0.04817680129338153
2013-05-23,0.9518787075799267,0.0,0.04812129242007333
2013-05-24,0.9541485225434004,0.0,0.045851477456599565
2013-05-25,0.9546554782165828,0.0,0.04534452178341723
2013-05-26,0.9540474537581619,0.0,0.04595254624183811
2013-05-27,0.9546813277394516,0.0,0.045318672260548434
2013-05-28,0.9543448882386304,0.0,0.04565511176136956
2013-05-29,0.9556876807098154,0.0,0.044312319290184636
2013-05-30,0.95679494734781,0.0,0.04320505265218996
2013-05-31,0.9570670224624208,0.0,0.042932977537579214
2013-06-01,0.9585862382164346,0.0,0.041413761783565366
2013-06-02,0.9579737046714167,0.0,0.0420262953285833
2013-06-03,0.957953267810666,0.0,0.04204673218933401
2013-06-04,0.9561266853885584,0.0,0.04387331461144161
2013-06-05,0.9562661294259138,0.0,0.04373387057408613
2013-06-06,0.9565521710987587,0.0,0.04344782890124132
2013-06-07,0.9565621999366447,0.0,0.04343780006335532
2013-06-08,0.9557914397135967,0.0,0.04420856028640326
2013-06-09,0.955116710567419,0.0,0.04488328943258103
2013-06-10,0.9560791067108996,0.0,0.04392089328910044
2013-06-11,0.9583210377436177,0.0,0.041678962256382394
2013-06-12,0.9583014394119956,0.0,0.041698560588004405
2013-06-13,0.9585972765611375,0.0,0.041402723438862504
2013-06-14,0.9594580661016362,0.0,0.040541933898363754
2013-06-15,0.9601303040200988,0.0,0.03986969597990119
2013-06-16,0.9596235844054402,0.0,0.04037641559455981
2013-06-17,0.95804499736053,0.0,0.04195500263947008
2013-06-18,0.9596724751007586,0.0,0.04032752489924141
2013-06-19,0.9590976568042937,0.0,0.04090234319570632
2013-06-20,0.9598500636262751,0.0,0.04014993637372489
2013-06-21,0.9518856841826943,0.0,0.048114315817305714
2013-06-22,0.9505568151994204,0.0,0.04944318480057959
2013-06-23,0.9475704386369329,0.0,0.05242956136306708
2013-06-24,0.9486902586613901,0.0,0.0513097413386099
2013-06-25,0.949880451195566,0.0,0.05011954880443404
2013-06-26,0.949289829346908,0.0,0.05071017065309206
2013-06-27,0.94586336787679,0.0,0.05413663212320997
2013-06-28,0.9469615970560943,0.0,0.05303840294390567
2013-06-29,0.9463190743035251,0.0,0.05368092569647483
2013-06-30,0.9442016793694066,0.0,0.05579832063059346
2013-07-01,0.9399835933322547,0.0,0.06001640666774534
2013-07-02,0.9425596644685945,0.0,0.05744033553140544
2013-07-03,0.9384238232728439,0.0,0.06157617672715607
2013-07-04,0.9376841487457768,0.0,0.06231585125422323
2013-07-05,0.9345256053196618,0.0,0.06547439468033824
2013-07-06,0.9340821813017842,0.0,0.06591781869821581
2013-07-07,0.9350214930540272,0.0,0.06497850694597289
2013-07-08,0.937269154007908,0.0,0.062730845992092
2013-07-09,0.9372524684510128,0.0,0.06274753154898718
2013-07-10,0.9399896790166536,0.0,0.060010320983346334
2013-07-11,0.9426164540090758,0.0,0.05738354599092421
2013-07-12,0.9438566786529035,0.0,0.05614332134709653
2013-07-13,0.9442460021632764,0.0,0.05575399783672363
2013-07-14,0.9421820074495502,0.0,0.057817992550449795
2013-07-15,0.9429856066795407,0.0,0.0570143933204593
2013-07-16,0.9404829673275241,0.0,0.0595170326724759
2013-07-17,0.9401209614610773,0.0,0.05987903853892279
2013-07-18,0.9395340416986704,0.0,0.06046595830132963
2013-07-19,0.9392646328673396,0.0,0.060735367132660416
2013-07-20,0.9394573985197652,0.0,0.06054260148023485
2013-07-21,0.9393461669105531,0.0,0.06065383308944693
2013-07-22,0.9399633254419493,0.0,0.06003667455805077
2013-07-23,0.9421958797927912,0.0,0.0578041202072088
2013-07-24,0.9403680650771552,0.0,0.0596319349228448
2013-07-25,0.9406551047062961,0.0,0.059344895293703896
2013-07-26,0.9413293068097772,0.0,0.05867069319022283
2013-07-27,0.9405611848093006,0.0,0.05943881519069935
2013-07-28,0.9420578497710761,0.0,0.05794215022892395
2013-07-29,0.942693228254061,0.0,0.05730677174593897
2013-07-30,0.9451691514567048,0.0,0.054830848543295195
2013-07-31,0.9462026488572676,0.0,0.053797351142732396
2013-08-01,0.9446876304303418,0.0,0.05531236956965825
2013-08-02,0.9449579755934795,0.0,0.05504202440652052
2013-08-03,0.9428015021364775,0.0,0.0571984978635225
2013-08-04,0.9104175865248726,0.0,0.08958241347512744
2013-08-05,0.915383264642633,0.0,0.08461673535736702
2013-08-06,0.9199896817673263,0.0,0.08001031823267364
2013-08-07,0.9221433360663996,0.0,0.07785666393360037
2013-08-08,0.921400322499611,0.0,0.07859967750038904
2013-08-09,0.9213636245320544,0.0,0.07863637546794558
2013-08-10,0.9233134647832513,0.0,0.07668653521674869
2013-08-11,0.9219899674673803,0.0,0.0780100325326197
2013-08-12,0.9230670925483452,0.0,0.07693290745165478
2013-08-13,0.924088635775208,0.0,0.07591136422479204
2013-08-14,0.9290270682799457,0.0,0.07097293172005428
2013-08-15,0.9311136905250567,0.0,0.06888630947494338
2013-08-16,0.934501353747275,0.0,0.06549864625272496
2013-08-17,0.9188897411851238,0.0,0.08111025881487618
2013-08-18,0.9193769133621187,0.0,0.08062308663788127
2013-08-19,0.9240336619431108,0.0,0.0759663380568893
2013-08-20,0.921829907209593,0.0,0.07817009279040703
2013-08-21,0.9243368942469781,0.0,0.0756631057530219
2013-08-22,0.9272915147108065,0.0,0.0727084852891935
2013-08-23,0.9262012785412166,0.0,0.0737987214587834
2013-08-24,0.9254371792237792,0.0,0.07456282077622078
2013-08-25,0.9251093534537121,0.0,0.07489064654628784
2013-08-26,0.9228777584998991,0.0,0.0771222415001009
2013-08-27,0.9262130217476443,0.0,0.0737869782523557
2013-08-28,0.9258645235077081,0.0,0.07413547649229194
2013-08-29,0.9277717769638968,0.0,0.07222822303610321
2013-08-30,0.9309404424647247,0.0,0.06905955753527526
2013-08-31,0.934053876806521,0.0,0.06594612319347906
2013-09-01,0.9347127157196877,0.0,0.0652872842803123
2013-09-02,0.9352330916292668,0.0,0.06476690837073314
2013-09-03,0.9343757388318724,0.0,0.06562426116812754
2013-09-04,0.9269381660806288,0.0,0.07306183391937114
2013-09-05,0.9271469172858077,0.0,0.07285308271419233
2013-09-06,0.9234365988100438,0.0,0.07656340118995622
2013-09-07,0.9244315196020476,0.0,0.07556848039795239
2013-09-08,0.9228074659351069,0.0,0.0771925340648931
2013-09-09,0.925470199732255,0.0,0.07452980026774499
2013-09-10,0.9278998684493579,0.0,0.07210013155064211
2013-09-11,0.9292228633137194,0.0,0.07077713668628063
2013-09-12,0.9283145378148165,0.0,0.07168546218518349
2013-09-13,0.928813636799167,0.0,0.07118636320083306
2013-09-14,0.9284930246506793,0.0,0.07150697534932066
2013-09-15,0.9272141783945372,0.0,0.07278582160546276
2013-09-16,0.92548552567396,0.0,0.07451447432603997
2013-09-17,0.914880108084459,0.0,0.085119891915541
2013-09-18,0.9104754895902188,0.0,0.08952451040978117
2013-09-19,0.9077476264483316,0.0,0.09225237355166842
2013-09-20,0.9115392586257165,0.0,0.08846074137428346
2013-09-21,0.9129977343600106,0.0,0.08700226563998933
2013-09-22,0.9105754636734374,0.0,0.08942453632656255
2013-09-23,0.911403746250551,0.0,0.08859625374944906
2013-09-24,0.9102275548061856,0.0,0.08977244519381448
2013-09-25,0.912075989279691,0.0,0.08792401072030895
2013-09-26,0.9062379518255298,0.0,0.09376204817447015
2013-09-27,0.8975500628586721,0.0,0.10244993714132786
2013-09-28,0.9026756884096911,0.0,0.0973243115903089
2013-09-29,0.9074997385457373,0.0,0.0925002614542627
2013-09-30,0.9118051611555373,0.0,0.0881948388444627
2013-10-01,0.9122629679342656,0.0,0.08773703206573438
2013-10-02,0.9193388329521396,0.0,0.0806611670478604
2013-10-03,0.9163354909307437,0.0,0.08366450906925627
2013-10-04,0.9140115729654291,0.0,0.08598842703457091
2013-10-05,0.9152023579781189,0.0,0.08479764202188109
2013-10-06,0.9139928080937111,0.0,0.08600719190628896
2013-10-07,0.9165793534556517,0.0,0.08342064654434829
2013-10-08,0.916492582702763,0.0,0.08350741729723701
2013-10-09,0.9190359398314099,0.0,0.08096406016859019
2013-10-10,0.916957578409249,0.0,0.08304242159075109
2013-10-11,0.9203389972622658,0.0,0.07966100273773423
2013-10-12,0.9197521398671252,0.0,0.08024786013287474
2013-10-13,0.9249385621428595,0.0,0.07506143785714046
2013-10-14,0.9273847735267052,0.0,0.0726152264732948
2013-10-15,0.933700412077919,0.0,0.06629958792208102
2013-10-16,0.9360653286710084,0.0,0.06393467132899157
2013-10-17,0.933403050515895,0.0,0.06659694948410497
2013-10-18,0.9388279742728776,0.0,0.06117202572712243
2013-10-19,0.9470463643762014,0.0,0.052953635623798664
2013-10-20,0.9488816123748731,0.0,0.05111838762512685
2013-10-21,0.9524496112542739,0.0,0.04755038874572616
2013-10-22,0.9560755696526873,0.0,0.043924430347312714
2013-10-23,0.9536921769482847,0.0,0.04630782305171535
2013-10-24,0.9459774817196197,0.0,0.05402251828038026
2013-10-25,0.949196476641742,0.0,0.05080352335825798
2013-10-26,0.9492399040434263,0.0,0.05076009595657367
2013-10-27,0.9518037155932478,0.0,0.04819628440675217
2013-10-28,0.9544788213957526,0.0,0.045521178604247425
2013-10-29,0.9557156220551751,0.0,0.04428437794482484
2013-10-30,0.9539819510521104,0.0,0.046018048947889585
2013-11-01,0.9521986101624067,0.0,0.04780138983759329
2013-11-02,0.9485409194709052,0.0,0.05145908052909481
2013-11-03,0.9479308258011798,0.0,0.05206917419882019
2013-11-04,0.9497507745869396,0.0,0.05024922541306048
2013-11-05,0.9526509053083979,0.0,0.04734909469160214
2013-11-06,0.9512864395390113,0.0,0.048713560460988736
2013-11-07,0.9479136828757506,0.0,0.05208631712424936
2013-11-08,0.9493441398387963,0.0,0.05065586016120376
2013-11-09,0.9553862142841207,0.0,0.04461378571587926
2013-11-10,0.9552041841740637,0.0,0.04479581582593625
2013-11-11,0.9566108009667094,0.0,0.04338919903329067
2013-11-12,0.9573403320820363,0.0,0.04265966791796367
2013-11-13,0.9596594685211174,0.0,0.040340531478882634
2013-11-14,0.9616279233609814,0.0,0.03837207663901861
2013-11-15,0.9617188107205139,0.0,0.03828118927948607
2013-11-16,0.9622261461372752,0.0,0.03777385386272485
2013-11-17,0.9667409796484201,0.0,0.03325902035157987
2013-11-18,0.9609398910424046,0.0,0.039060108957595346
2013-11-19,0.9620663010984764,0.0,0.0379336989015237
2013-11-20,0.9620887902473731,0.0,0.03791120975262682
2013-11-21,0.9608336265693224,0.0,0.03916637343067761
2013-11-22,0.9603282404745263,0.0,0.0396717595254737
2013-11-23,0.959292277725722,0.0,0.04070772227427796
2013-11-24,0.9564429737050001,0.0,0.04355702629499988
2013-11-25,0.9468135157990661,0.0,0.05318648420093386
2013-11-26,0.9267250522138715,0.0,0.07327494778612857
2013-11-27,0.9031108726665742,0.0,0.09688912733342578
2013-11-28,0.893106688102328,0.0,0.10689331189767204
2013-11-29,0.9023592112151021,0.0,0.0976407887848979
2013-11-30,0.8929924218896277,0.0,0.10700757811037233
2013-12-01,0.8797820461415929,0.0,0.12021795385840706
2013-12-02,0.8902442610304931,0.0,0.10975573896950683
2013-12-03,0.8884253598086759,0.0,0.11157464019132411
2013-12-04,0.8803915331285762,0.0,0.11960846687142376
2013-12-05,0.8843952390125396,0.0,0.11560476098746038
2013-12-06,0.8872550215127016,0.0,0.1127449784872984
2013-12-07,0.8934696240828452,0.0,0.10653037591715478
2013-12-08,0.8923516143146762,0.0,0.10764838568532371
2013-12-09,0.8883216718023671,0.0,0.11167832819763288
2013-12-10,0.8864370518575908,0.0,0.11356294814240916
2013-12-11,0.8897093341761102,0.0,0.11029066582388986
2013-12-12,0.8896047152549248,0.0,0.11039528474507518
2013-12-13,0.8921426603460774,0.0,0.10785733965392262
2013-12-14,0.8955476831659815,0.0,0.10445231683401848
2013-12-15,0.8957960773650757,0.0,0.10420392263492434
2013-12-16,0.9005315538944328,0.0,0.09946844610556711
2013-12-17,0.9075025622138211,0.0,0.09249743778617892
2013-12-18,0.9178056556547093,0.0,0.08219434434529073
2013-12-19,0.9093344722858658,0.0,0.09066552771413415
2013-12-20,0.9087027716270045,0.0,0.09129722837299546
2013-12-21,0.9079015254320797,0.0,0.09209847456792032
2013-12-22,0.9073164859378177,0.0,0.09268351406218234
2013-12-23,0.9096950982908416,0.0,0.09030490170915836
2013-12-24,0.903833564864637,0.0,0.09616643513536301
2013-12-25,0.8929884508011114,0.0,0.1070115491988886
2013-12-26,0.886422667501216,0.0,0.11357733249878398
2013-12-27,0.8909495119950287,0.0,0.10905048800497129
2013-12-28,0.8875487109601934,0.0,0.1124512890398066
2013-12-29,0.8860607921594306,0.0,0.11393920784056948
2013-12-30,0.8862795157281553,0.0,0.11372048427184468
2013-12-31,0.8863578145005574,0.0,0.11364218549944256
2014-01-01,0.8855771350872484,0.0,0.11442286491275153
2014-01-02,0.8821633314801045,0.0,0.11783666851989551
2014-01-03,0.8886572889647408,0.0,0.11134271103525921
2014-01-04,0.8907075284072216,0.0,0.1092924715927784
2014-01-05,0.8968464773660483,0.0,0.10315352263395175
2014-01-06,0.8954384025211657,0.0,0.10456159747883427
2014-01-08,0.9009955714035076,0.0,0.09900442859649244
2014-01-09,0.9014145938014498,0.0,0.09858540619855022
2014-01-10,0.9015795655900622,0.0,0.09842043440993775
2014-01-11,0.9015750923121553,0.0,0.09842490768784472
2014-01-12,0.9020085932747571,0.0,0.09799140672524291
2014-01-13,0.9042917686619061,0.0,0.0957082313380939
2014-01-14,0.9030288226720434,0.0,0.09697117732795658
2014-01-15,0.9020403217915666,0.0,0.09795967820843347
2014-01-16,0.9036634370083954,0.0,0.09633656299160465
2014-01-17,0.9039447720897104,0.0,0.09605522791028967
2014-01-18,0.9014485084139664,0.0,0.09855149158603363
2014-01-19,0.9005041771706619,0.0,0.09949582282933817
2014-01-20,0.8989287613343784,0.0,0.10107123866562163
2014-01-21,0.8958657611978044,0.0,0.1041342388021956
2014-01-23,0.9017823007714791,0.0,0.09821769922852085
2014-01-24,0.9041500614055513,0.0,0.09584993859444864
2014-01-25,0.9007593184430304,0.0,0.09924068155696969
2014-01-26,0.9021525078851402,0.0,0.09784749211485977
2014-01-27,0.9047151534554754,0.0,0.09528484654452465
2014-01-28,0.9040665784321309,0.0,0.09593342156786912
2014-01-29,0.9046041794888143,0.0,0.09539582051118566
2014-01-30,0.9044221242212309,0.0,0.09557787577876906
2014-01-31,0.902619370570337,0.0,0.09738062942966291
2014-02-01,0.9015828506588642,0.0,0.09841714934113575
2014-02-02,0.9008573976542408,0.0,0.09914260234575925
2014-02-03,0.9031295172395396,0.0,0.09687048276046037
2014-02-04,0.9052955923614211,0.0,0.09470440763857894
2014-02-05,0.9055908828816284,0.0,0.09440911711837166
2014-02-06,0.9064510783552617,0.0,0.0935489216447383
2014-02-07,0.9045978404594521,0.0,0.09540215954054783
2014-02-08,0.9026023173342587,0.0,0.09739768266574138
2014-02-09,0.9018590631798574,0.0,0.09814093682014259
2014-02-10,0.9032395638666465,0.0,0.09676043613335353
2014-02-11,0.8993906410809901,0.0,0.10060935891900996
2014-02-12,0.8994927402079338,0.0,0.10050725979206616
2014-02-13,0.9010468222233221,0.0,0.09895317777667785
2014-02-14,0.9025395831324207,0.0,0.09746041686757938
2014-02-15,0.9011995073851823,0.0,0.09880049261481771
2014-02-16,0.9014055201331862,0.0,0.09859447986681381
2014-02-17,0.9038858008743608,0.0,0.09611419912563926
2014-02-18,0.9012126972192706,0.0,0.09878730278072939
2014-02-19,0.9004529302720078,0.0,0.09954706972799221
2014-02-20,0.8998789359633075,0.0,0.10012106403669258
2014-02-21,0.9030470969285825,0.0,0.0969529030714174
2014-02-22,0.9022341703292468,0.0,0.09776582967075315
2014-02-23,0.9010599700901301,0.0,0.09894002990986994
2014-02-24,0.8990248671341999,0.0,0.10097513286580001
2014-02-25,0.9017292862146451,0.0,0.09827071378535489
2014-02-26,0.9037582677179195,0.0,0.09624173228208055
2014-02-27,0.8874092787565019,0.0,0.11259072124349812
2014-02-28,0.8863363229368296,0.0,0.11366367706317036
2014-03-01,0.889239630863184,0.0,0.11076036913681601
2014-03-02,0.8822397857557415,0.0,0.1177602142442585
2014-03-03,0.8565837612543117,0.0,0.14341623874568832
2014-03-04,0.8471584145784529,0.0,0.15284158542154713
2014-03-05,0.8716782681802941,0.0,0.12832173181970585
2014-03-06,0.8815189904141356,0.0,0.11848100958586434
2014-03-07,0.888076963085054,0.0,0.11192303691494598
2014-03-08,0.8801108248581018,0.0,0.11988917514189819
2014-03-09,0.8820479146533101,0.0,0.11795208534668992
2014-03-10,0.8775992668504266,0.0,0.12240073314957346
2014-03-11,0.8803805013121017,0.0,0.11961949868789831
2014-03-12,0.8787603439530378,0.0,0.12123965604696217
2014-03-13,0.882982700024726,0.0,0.11701729997527394
2014-03-14,0.8848185613146532,0.0,0.11518143868534676
2014-03-15,0.8887221431675751,0.0,0.1112778568324249
2014-03-16,0.8902001778825908,0.0,0.1097998221174092
2014-03-17,0.8956003456359917,0.0,0.10439965436400836
2014-03-18,0.8797592350260558,0.0,0.12024076497394426
2014-03-19,0.889171368771183,0.0,0.11082863122881709
2014-03-20,0.891702053696743,0.0,0.10829794630325695
2014-03-21,0.8902606384497277,0.0,0.10973936155027231
2014-03-22,0.8802922919186803,0.0,0.11970770808131968
2014-03-23,0.8842413432598221,0.0,0.1157586567401779
2014-03-24,0.8892909385681305,0.0,0.11070906143186955
2014-03-25,0.9010521693450145,0.0,0.09894783065498541
2014-03-26,0.8995489808082152,0.0,0.10045101919178479
2014-03-27,0.9070131296881735,0.0,0.09298687031182652
2014-03-28,0.9061012025168457,0.0,0.09389879748315436
2014-03-30,0.9044749158596891,0.0,0.09552508414031091
2014-03-31,0.905709509812333,0.0,0.09429049018766696
2014-04-01,0.907040368899926,0.0,0.09295963110007403
2014-04-02,0.9117223250336416,0.0,0.08827767496635841
2014-04-03,0.9136959179861925,0.0,0.08630408201380745
2014-04-04,0.9143334827152897,0.0,0.08566651728471034
2014-04-05,0.9175240311795354,0.0,0.0824759688204646
2014-04-06,0.9137504054172443,0.0,0.08624959458275576
2014-04-07,0.9143679365626469,0.0,0.08563206343735309
2014-04-08,0.9149359004631018,0.0,0.08506409953689816
2014-04-09,0.9150348913731395,0.0,0.0849651086268605
2014-04-10,0.9205302161155371,0.0,0.07946978388446291
2014-04-11,0.9141543871671906,0.0,0.0858456128328094
2014-04-12,0.9164957020936483,0.0,0.08350429790635176
2014-04-13,0.9178070436651494,0.0,0.08219295633485059
2014-04-14,0.9157612450040586,0.0,0.08423875499594133
2014-04-15,0.9123806195965615,0.0,0.08761938040343847
2014-04-16,0.9131871468377929,0.0,0.08681285316220706
2014-04-17,0.9132935439948004,0.0,0.08670645600519958
2014-04-18,0.911572236931372,0.0,0.08842776306862801
2014-04-19,0.9096455483674658,0.0,0.09035445163253418
2014-04-20,0.9109960251130742,0.0,0.0890039748869258
2014-04-21,0.9110250546106966,0.0,0.08897494538930338
2014-04-22,0.9121980576148703,0.0,0.08780194238512976
2014-04-23,0.9185673415338557,0.0,0.08143265846614439
2014-04-24,0.918395003818216,0.0,0.08160499618178402
2014-04-25,0.9205279769346462,0.0,0.07947202306535386
2014-04-26,0.9205704075076644,0.0,0.07942959249233557
2014-04-27,0.9224623403512753,0.0,0.07753765964872474
2014-04-28,0.9203509555692512,0.0,0.07964904443074887
2014-04-29,0.9198608541073847,0.0,0.08013914589261532
2014-04-30,0.9176433318709394,0.0,0.08235666812906058
2014-05-01,0.918229666719742,0.0,0.08177033328025801
2014-05-02,0.9201097905276059,0.0,0.07989020947239409
2014-05-03,0.9197678685298665,0.0,0.08023213147013357
2014-05-04,0.9194683855947989,0.0,0.08053161440520101
2014-05-05,0.91979884271736,0.0,0.08020115728263998
2014-05-06,0.9173995071581996,0.0,0.08260049284180034
2014-05-07,0.9172594013982758,0.0,0.08274059860172417
2014-05-08,0.9175968163130688,0.0,0.08240318368693125
2014-05-09,0.9161359752291958,0.0,0.08386402477080425
2014-05-10,0.9173098371324333,0.0,0.08269016286756674
2014-05-11,0.9174065447521208,0.0,0.08259345524787919
2014-05-12,0.9173215774698634,0.0,0.08267842253013662
2014-05-13,0.9167710148361096,0.0,0.08322898516389038
2014-05-14,0.915176293346074,0.0,0.08482370665392606
2014-05-15,0.9147129453114321,0.0,0.08528705468856791
2014-05-16,0.9149838088108402,0.0,0.08501619118915985
2014-05-17,0.9157415220332891,0.0,0.08425847796671089
2014-05-18,0.9155680637970186,0.0,0.08443193620298134
2014-05-19,0.9173476780182864,0.0,0.08265232198171352
2014-05-20,0.9188081134698335,0.0,0.0811918865301665
2014-05-21,0.9194119535956671,0.0,0.08058804640433291
2014-05-22,0.9249623119140358,0.0,0.07503768808596427
2014-05-23,0.9210943627656883,0.0,0.07890563723431164
2014-05-24,0.92154489240639,0.0,0.07845510759361
2014-05-25,0.9237794621504417,0.0,0.07622053784955828
2014-05-26,0.9271345283948543,0.0,0.07286547160514567
2014-05-27,0.9275067070858172,0.0,0.07249329291418283
2014-05-28,0.9298482358493548,0.0,0.07015176415064515
2014-05-29,0.9293157136598598,0.0,0.07068428634014023
2014-05-30,0.9321504486751132,0.0,0.06784955132488676
2014-05-31,0.9330880247616785,0.0,0.06691197523832143
2014-06-01,0.9321696880342313,0.0,0.06783031196576869
2014-06-02,0.93351966881119,0.0,0.06648033118881004
2014-06-03,0.9336278970917959,0.0,0.0663721029082041
2014-06-04,0.9333536623831565,0.0,0.06664633761684347
2014-06-05,0.9333964133986287,0.0,0.06660358660137138
2014-06-06,0.9337704314224226,0.0,0.06622956857757743
2014-06-07,0.9349489444265368,0.0,0.06505105557346322
2014-06-08,0.9357218569109146,0.0,0.06427814308908543
2014-06-09,0.9349353922683945,0.0,0.0650646077316055
2014-06-10,0.9333221398975996,0.0,0.0666778601024004
2014-06-11,0.9320321868416425,0.0,0.06796781315835754
2014-06-12,0.9324510965595622,0.0,0.06754890344043786
2014-06-13,0.9316943903644712,0.0,0.06830560963552883
2014-06-14,0.9319728114504479,0.0,0.06802718854955217
2014-06-15,0.9324942598942207,0.0,0.06750574010577927
2014-06-16,0.934037348896475,0.0,0.065962651103525
2014-06-17,0.9360891505929322,0.0,0.06391084940706776
2014-06-18,0.9356470925508699,0.0,0.06435290744913011
2014-06-19,0.9337364180969001,0.0,0.06626358190309985
2014-06-20,0.934881916001617,0.0,0.065118083998383
2014-06-21,0.9355469719003,0.0,0.06445302809970001
2014-06-22,0.9355951320952842,0.0,0.0644048679047158
2014-06-23,0.9354519919919433,0.0,0.0645480080080567
2014-06-24,0.9357664721809565,0.0,0.06423352781904351
2014-06-25,0.9374520225525113,0.0,0.06254797744748876
2014-06-26,0.938305019088186,0.0,0.061694980911813996
2014-06-27,0.9391958715486718,0.0,0.06080412845132816
2014-06-28,0.9404189341866552,0.0,0.05958106581334479
2014-06-29,0.9417875107732508,0.0,0.05821248922674916
2014-06-30,0.9447551727652155,0.0,0.05524482723478457
2014-07-01,0.949039503777102,0.0,0.050960496222898
2014-07-02,0.9491173973027223,0.0,0.050882602697277776
2014-07-03,0.9484418485151164,0.0,0.05155815148488365
2014-07-04,0.9505352509272703,0.0,0.04946474907272968
2014-07-05,0.9519417556785593,0.0,0.048058244321440714
2014-07-06,0.9528155711921712,0.0,0.04718442880782881
2014-07-07,0.9511735686252887,0.0,0.04882643137471132
2014-07-08,0.9496528588941997,0.0,0.050347141105800325
2014-07-09,0.9491299964768636,0.0,0.050870003523136434
2014-07-10,0.9490157767529932,0.0,0.050984223247006806
2014-07-11,0.9487803435395413,0.0,0.0512196564604587
2014-07-12,0.9465799782181614,0.0,0.05342002178183856
2014-07-13,0.9457932495451581,0.0,0.054206750454841884
2014-07-14,0.9460533289912972,0.0,0.05394667100870277
2014-07-15,0.9465059365807322,0.0,0.05349406341926773
2014-07-16,0.9469536269903186,0.0,0.05304637300968135
2014-07-17,0.9442697374666031,0.0,0.05573026253339686
2014-07-18,0.9438412441050469,0.0,0.05615875589495313
2014-07-19,0.9450237167339468,0.0,0.05497628326605323
2014-07-20,0.9448881198526417,0.0,0.05511188014735835
2014-07-21,0.9427687625521272,0.0,0.05723123744787289
2014-07-22,0.9435504709416092,0.0,0.05644952905839085
2014-07-23,0.9438990820283275,0.0,0.05610091797167255
2014-07-24,0.9453692921984622,0.0,0.05463070780153784
2014-07-25,0.9462830742604208,0.0,0.0537169257395792
2014-07-26,0.9459843361371626,0.0,0.0540156638628374
2014-07-27,0.945589816902053,0.0,0.05441018309794699
2014-07-28,0.9459912785797522,0.0,0.0540087214202478
2014-07-29,0.9460648721062106,0.0,0.05393512789378945
2014-07-30,0.9473556878050476,0.0,0.052644312194952324
2014-07-31,0.9462964665159234,0.0,0.053703533484076645
2014-08-01,0.9463336270269115,0.0,0.05366637297308855
2014-08-02,0.9462039614693654,0.0,0.053796038530634686
2014-08-03,0.9462860468529158,0.0,0.053713953147084194
2014-08-04,0.9475790671500688,0.0,0.052420932849931226
2014-08-05,0.9481832366531728,0.0,0.05181676334682719
2014-08-06,0.9484570615804265,0.0,0.051542938419573435
2014-08-07,0.9490036135765175,0.0,0.0509963864234825
2014-08-08,0.9495952353341209,0.0,0.05040476466587901
2014-08-09,0.9507089387622689,0.0,0.04929106123773104
2014-08-10,0.9512659884071444,0.0,0.048734011592855585
2014-08-11,0.9542903872577598,0.0,0.045709612742240134
2014-08-12,0.9559023757658328,0.0,0.04409762423416715
2014-08-13,0.9568717073617737,0.0,0.04312829263822624
2014-08-14,0.9542420530961885,0.0,0.045757946903811575
2014-08-15,0.953971624306328,0.0,0.04602837569367201
2014-08-16,0.9561403630141239,0.0,0.043859636985876166
2014-08-17,0.9573289304315309,0.0,0.042671069568469076
2014-08-18,0.9598497255956969,0.0,0.04015027440430304
2014-08-19,0.9543260017489689,0.0,0.04567399825103114
2014-08-20,0.9511203183149427,0.0,0.048879681685057304
2014-08-21,0.9493692689352854,0.0,0.05063073106471459
2014-08-22,0.9494692625896218,0.0,0.05053073741037814
2014-08-23,0.9512819007192401,0.0,0.04871809928075991
2014-08-24,0.947906604929825,0.0,0.05209339507017498
2014-08-25,0.9446599098669982,0.0,0.05534009013300173
2014-08-26,0.9326976730265153,0.0,0.06730232697348468
2014-08-27,0.9332473593076097,0.0,0.0667526406923903
2014-08-28,0.9354369466035384,0.0,0.06456305339646162
2014-08-29,0.9361491386276606,0.0,0.0638508613723394
2014-08-30,0.9349602720089364,0.0,0.06503972799106361
2014-08-31,0.9346948335743909,0.0,0.06530516642560914
2014-09-01,0.935078767023426,0.0,0.0649212329765741
2014-09-02,0.9366076278420342,0.0,0.06339237215796573
2014-09-03,0.9340362473646066,0.0,0.06596375263539343
2014-09-04,0.9336215366378724,0.0,0.06637846336212762
2014-09-05,0.9327001177885733,0.0,0.06729988221142663
2014-09-06,0.9321526073548528,0.0,0.06784739264514718
2014-09-07,0.9317185981145769,0.0,0.06828140188542305
2014-09-08,0.9299135598692597,0.0,0.07008644013074032
2014-09-09,0.9299005868116494,0.0,0.07009941318835053
2014-09-10,0.927762805522135,0.0,0.07223719447786497
2014-09-11,0.9274651095013068,0.0,0.07253489049869317
2014-09-12,0.9275109981540435,0.0,0.0724890018459565
2014-09-13,0.9268794688514932,0.0,0.07312053114850682
2014-09-14,0.9249380665610565,0.0,0.07506193343894352
2014-09-15,0.926934532302032,0.0,0.07306546769796794
2014-09-16,0.92475229641554,0.0,0.07524770358445992
2014-09-17,0.9219803507407588,0.0,0.07801964925924126
2014-09-18,0.9189081609251845,0.0,0.0810918390748155
2014-09-19,0.9195075889770222,0.0,0.08049241102297777
2014-09-20,0.9210281406293035,0.0,0.0789718593706965
2014-09-21,0.9215219738168591,0.0,0.07847802618314097
2014-09-22,0.9207248953746795,0.0,0.07927510462532046
2014-09-23,0.924170047770521,0.0,0.07582995222947901
2014-09-24,0.9223652293067254,0.0,0.07763477069327467
2014-09-25,0.9210760938663434,0.0,0.07892390613365657
2014-09-26,0.9186176060127533,0.0,0.08138239398724668
2014-09-27,0.918731334785122,0.0,0.08126866521487802
2014-09-28,0.9139480701458554,0.0,0.08605192985414455
2014-09-29,0.9166943919746107,0.0,0.08330560802538933
2014-09-30,0.9171641956766562,0.0,0.08283580432334386
2014-10-01,0.9172336796716914,0.0,0.08276632032830857
2014-10-03,0.914248006914675,0.0,0.08575199308532504
2014-10-04,0.9109184009335762,0.0,0.08908159906642371
2014-10-05,0.9119674324117729,0.0,0.08803256758822704
2014-10-06,0.9121148941230351,0.0,0.08788510587696485
2014-10-07,0.9134105873200712,0.0,0.08658941267992884
2014-10-08,0.9164845954860077,0.0,0.08351540451399234
2014-10-09,0.9182261997575809,0.0,0.08177380024241913
2014-10-10,0.9173224630755661,0.0,0.08267753692443391
2014-10-11,0.9201735889869851,0.0,0.07982641101301488
2014-10-12,0.9220266339420716,0.0,0.07797336605792839
2014-10-13,0.9242611848585182,0.0,0.07573881514148186
2014-10-14,0.9245168180816039,0.0,0.07548318191839609
2014-10-15,0.9247139970927867,0.0,0.07528600290721338
2014-10-16,0.9235728538356038,0.0,0.07642714616439622
2014-10-17,0.9236855341188952,0.0,0.07631446588110477
2014-10-18,0.9242035703353693,0.0,0.07579642966463078
2014-10-19,0.9248901486960575,0.0,0.07510985130394257
2014-10-20,0.9246017096436517,0.0,0.07539829035634828
2014-10-21,0.9231868102360581,0.0,0.07681318976394194
2014-10-22,0.9228709474804604,0.0,0.0771290525195396
2014-10-23,0.9210956269035193,0.0,0.0789043730964807
2014-10-24,0.9208249411927737,0.0,0.07917505880722626
2014-10-25,0.9217999130072057,0.0,0.0782000869927943
2014-10-26,0.9236470899763193,0.0,0.07635291002368068
2014-10-27,0.9210413257696949,0.0,0.07895867423030513
2014-10-28,0.9222009075843068,0.0,0.07779909241569313
2014-10-29,0.9203383154263549,0.0,0.07966168457364511
2014-10-30,0.9222182796136522,0.0,0.07778172038634773
2014-10-31,0.921575767027467,0.0,0.07842423297253293
2014-11-01,0.9225930232189321,0.0,0.07740697678106787
2014-11-02,0.9216624112887515,0.0,0.07833758871124853
2014-11-03,0.9210032022538208,0.0,0.07899679774617917
2014-11-04,0.9212259796860571,0.0,0.07877402031394286
2014-11-05,0.9211925580472679,0.0,0.07880744195273211
2014-11-06,0.9232052861096057,0.0,0.07679471389039427
2014-11-07,0.9225027332037946,0.0,0.07749726679620543
2014-11-08,0.9215444028865671,0.0,0.07845559711343282
2014-11-09,0.9238286313738185,0.0,0.0761713686261815
2014-11-10,0.9247870771716764,0.0,0.07521292282832365
2014-11-11,0.9251808309216852,0.0,0.07481916907831473
2014-11-12,0.9283675726961202,0.0,0.07163242730387975
2014-11-13,0.9286254519281661,0.0,0.07137454807183381
2014-11-14,0.9261268768849594,0.0,0.07387312311504055
2014-11-15,0.9249336179562502,0.0,0.07506638204374984
2014-11-16,0.9254262539218765,0.0,0.07457374607812353
2014-11-17,0.9252963694993721,0.0,0.07470363050062793
2014-11-18,0.9247008815251121,0.0,0.07529911847488792
2014-11-19,0.9227327230757055,0.0,0.07726727692429451
2014-11-20,0.9188792991709996,0.0,0.08112070082900041
2014-11-21,0.9141374595378193,0.0,0.08586254046218066
2014-11-22,0.9092268916291557,0.0,0.09077310837084428
2014-11-23,0.903344512163631,0.0,0.09665548783636904
2014-11-24,0.9054954652150442,0.0,0.09450453478495574
2014-11-25,0.8996170951871139,0.0,0.10038290481288618
2014-11-26,0.8924839006379881,0.0,0.10751609936201191
2014-11-27,0.8772191222246404,0.0,0.12278087777535963
2014-11-28,0.8747465740744429,0.0,0.1252534259255571
2014-11-29,0.8786959995037521,0.0,0.12130400049624793
2014-11-30,0.8929394211860538,0.0,0.1070605788139461
2014-12-01,0.8865199531342188,0.0,0.11348004686578123
2014-12-02,0.8837718763793468,0.0,0.1162281236206532
2014-12-03,0.8815924102095344,0.0,0.11840758979046564
2014-12-04,0.8798948460554754,0.0,0.12010515394452462
2014-12-05,0.8793101167790666,0.0,0.12068988322093338
2014-12-06,0.8757467797916436,0.0,0.12425322020835636
2014-12-07,0.8732215202758012,0.0,0.12677847972419876
2014-12-08,0.8781286836100153,0.0,0.12187131638998469
2014-12-09,0.8691476292523093,0.0,0.13085237074769068
2014-12-10,0.8632731188077677,0.0,0.13672688119223228
2014-12-11,0.8619096239955496,0.0,0.13809037600445045
2014-12-13,0.8576061159051803,0.0,0.1423938840948197
2014-12-14,0.8584349194506896,0.0,0.14156508054931044
2014-12-15,0.8522638469185212,0.0,0.14773615308147875
2014-12-16,0.8161807552462947,0.0,0.18381924475370529
2014-12-17,0.7981062351066894,0.0,0.20189376489331057
2014-12-18,0.7846131365017218,0.0,0.2153868634982782
2014-12-19,0.8078508034098785,0.0,0.19214919659012156
2014-12-20,0.8003383845747971,0.0,0.1996616154252029
2014-12-21,0.7962552285133351,0.0,0.20374477148666498
2014-12-22,0.7893930497389569,0.0,0.2106069502610432
2014-12-23,0.8037381952645046,0.0,0.1962618047354954
2014-12-24,0.8029205806889094,0.0,0.19707941931109063
2014-12-25,0.7987558877674313,0.0,0.20124411223256863
2014-12-26,0.7962808511987736,0.0,0.2037191488012265
2014-12-27,0.7974657096863819,0.0,0.2025342903136181
2014-12-28,0.7950803926324891,0.0,0.20491960736751091
2014-12-29,0.7906292636755943,0.0,0.20937073632440573
2014-12-30,0.7906627400795443,0.0,0.2093372599204557
2014-12-31,0.7977810898678145,0.0,0.20221891013218554
2015-01-01,0.7992099289585426,0.0,0.2007900710414574
2015-01-02,0.8037860558675882,0.0,0.1962139441324118
2015-01-03,0.8071523686805498,0.0,0.19284763131945012
2015-01-04,0.815444003042851,0.0,0.184555996957149
2015-01-05,0.8115223461408005,0.0,0.18847765385919948
2015-01-06,0.8154014175755674,0.0,0.18459858242443256
2015-01-07,0.8188658223169627,0.0,0.18113417768303727
2015-01-08,0.8146516646891764,0.0,0.1853483353108236
2015-01-09,0.8171396074028621,0.0,0.1828603925971379
2015-01-11,0.8216364291452942,0.0,0.17836357085470578
2015-01-12,0.8229842465996847,0.0,0.17701575340031528
2015-01-13,0.8203742928435434,0.0,0.1796257071564567
2015-01-14,0.8026821605252865,0.0,0.19731783947471346
2015-01-15,0.8058045940636464,0.0,0.1941954059363537
2015-01-16,0.8039587193416542,0.0,0.1960412806583458
2015-01-17,0.8065389548246484,0.0,0.19346104517535156
2015-01-18,0.8142765522405343,0.0,0.1857234477594657
2015-01-19,0.8154407591419398,0.0,0.1845592408580602
2015-01-20,0.8128411827132757,0.0,0.18715881728672434
2015-01-21,0.8186123439081732,0.0,0.18138765609182686
2015-01-22,0.8192470753719764,0.0,0.18075292462802364
2015-01-23,0.8208655409658974,0.0,0.17913445903410258
2015-01-24,0.8264942517508002,0.0,0.17350574824919984
2015-01-25,0.8272412851010305,0.0,0.17275871489896952
2015-01-26,0.8421875948287351,0.0,0.1578124051712649
2015-01-27,0.8394410724329658,0.0,0.1605589275670342
2015-01-28,0.8323428671479551,0.0,0.16765713285204484
2015-01-29,0.8341743123133497,0.0,0.16582568768665026
2015-01-30,0.8322902034273452,0.0,0.16770979657265486
2015-01-31,0.8284948958381522,0.0,0.1715051041618479
2015-02-01,0.8360764680560385,0.0,0.16392353194396142
2015-02-02,0.8460552496487095,0.0,0.15394475035129046
2015-02-03,0.8455077165882107,0.0,0.15449228341178933
2015-02-04,0.8424976866745457,0.0,0.15750231332545425
2015-02-05,0.8301100408023669,0.0,0.16988995919763308
2015-02-06,0.825115593772001,0.0,0.17488440622799897
2015-02-07,0.8326068545815895,0.0,0.16739314541841052
2015-02-08,0.8315199849033309,0.0,0.16848001509666904
2015-02-09,0.8331817404010115,0.0,0.16681825959898858
2015-02-10,0.8352656875457012,0.0,0.16473431245429881
2015-02-11,0.8337525645108294,0.0,0.16624743548917062
2015-02-12,0.8337113541958021,0.0,0.16628864580419792
2015-02-13,0.8371609664831868,0.0,0.16283903351681314
2015-02-14,0.8447955077315753,0.0,0.15520449226842475
2015-02-15,0.8433978993743556,0.0,0.15660210062564442
2015-02-16,0.8435420687132068,0.0,0.15645793128679325
2015-02-17,0.8460888480629469,0.0,0.15391115193705307
2015-02-18,0.8445694992100633,0.0,0.15543050078993675
2015-02-19,0.846536996655284,0.0,0.15346300334471602
2015-02-20,0.8505741829107853,0.0,0.14942581708921465
2015-02-21,0.8523008676904245,0.0,0.1476991323095756
2015-02-22,0.8505229245490571,0.0,0.14947707545094294
2015-02-23,0.8490222409175747,0.0,0.15097775908242528
2015-02-24,0.8475361436585879,0.0,0.15246385634141213
2015-02-25,0.8465440643601244,0.0,0.1534559356398756
2015-02-26,0.8465485354637343,0.0,0.15345146453626574
2015-02-27,0.8538840585696567,0.0,0.14611594143034337
2015-03-01,0.8639258209514143,0.0,0.13607417904858568
2015-03-02,0.8700683783737216,0.0,0.12993162162627836
2015-03-03,0.8835713558782201,0.0,0.11642864412177992
2015-03-04,0.8846376796592343,0.0,0.11536232034076567
2015-03-05,0.8761272172196953,0.0,0.12387278278030471
2015-03-06,0.8791887371796762,0.0,0.12081126282032378
2015-03-07,0.8825342065210386,0.0,0.1174657934789614
2015-03-08,0.886923316442005,0.0,0.11307668355799508
2015-03-09,0.8865991578455542,0.0,0.11340084215444583
2015-03-10,0.8912112642802131,0.0,0.10878873571978687
2015-03-11,0.891323908095114,0.0,0.10867609190488603
2015-03-12,0.8900626461044181,0.0,0.10993735389558187
2015-03-13,0.886630945010814,0.0,0.11336905498918601
2015-03-14,0.8820355434881851,0.0,0.11796445651181489
2015-03-15,0.8853377080866967,0.0,0.11466229191330331
2015-03-16,0.885385163973977,0.0,0.11461483602602295
2015-03-17,0.8844678204609859,0.0,0.11553217953901408
2015-03-18,0.8781839488211126,0.0,0.12181605117888743
2015-03-19,0.8800763435410277,0.0,0.11992365645897231
2015-03-20,0.8802251915346371,0.0,0.11977480846536293
2015-03-21,0.8809041201070625,0.0,0.1190958798929375
2015-03-22,0.883213465676035,0.0,0.116786534323965
2015-03-23,0.882339702133213,0.0,0.11766029786678697
2015-03-24,0.8797454603222393,0.0,0.12025453967776073
2015-03-25,0.8842598791103374,0.0,0.11574012088966257
2015-03-26,0.8875665166133694,0.0,0.11243348338663067
2015-03-27,0.8862366594922724,0.0,0.11376334050772761
2015-03-28,0.8882318747755691,0.0,0.11176812522443096
2015-03-29,0.8881088261820596,0.0,0.11189117381794048
2015-03-30,0.8912660316035697,0.0,0.1087339683964303
2015-03-31,0.8960575124719682,0.0,0.10394248752803177
2015-04-01,0.8974030167194474,0.0,0.1025969832805525
2015-04-02,0.8972347914584023,0.0,0.10276520854159765
2015-04-03,0.8916354813446181,0.0,0.1083645186553819
2015-04-04,0.8911724081524697,0.0,0.10882759184753035
2015-04-05,0.8943693847745059,0.0,0.10563061522549407
2015-04-06,0.8927354993055583,0.0,0.10726450069444167
2015-04-07,0.8901721446911977,0.0,0.10982785530880235
2015-04-08,0.8863257133396275,0.0,0.11367428666037245
2015-04-09,0.8899049479847286,0.0,0.1100950520152714
2015-04-10,0.890249655490211,0.0,0.10975034450978902
2015-04-11,0.89257031508423,0.0,0.10742968491577
2015-04-12,0.8899027356974797,0.0,0.11009726430252031
2015-04-13,0.8891548099376584,0.0,0.11084519006234157
2015-04-14,0.8877582564009725,0.0,0.11224174359902744
2015-04-15,0.8916195029541131,0.0,0.10838049704588694
2015-04-16,0.8922982697276272,0.0,0.10770173027237284
2015-04-17,0.8904236974025683,0.0,0.10957630259743167
2015-04-18,0.8914366860558969,0.0,0.10856331394410307
2015-04-19,0.8921138457517536,0.0,0.1078861542482464
2015-04-20,0.892451579452646,0.0,0.10754842054735406
2015-04-21,0.8954657153201953,0.0,0.10453428467980472
2015-04-22,0.8936352420393215,0.0,0.10636475796067846
2015-04-23,0.894007553808025,0.0,0.10599244619197502
2015-04-24,0.8928009615857928,0.0,0.10719903841420715
2015-04-25,0.8895961040260525,0.0,0.11040389597394751
2015-04-26,0.8925271117730323,0.0,0.10747288822696763
2015-04-27,0.8955440092711893,0.0,0.1044559907288107
2015-04-28,0.8959048346903641,0.0,0.10409516530963596
2015-04-29,0.8944401873560234,0.0,0.10555981264397667
2015-04-30,0.8959362679181099,0.0,0.10406373208189018
2015-05-01,0.8952855164602433,0.0,0.10471448353975663
2015-05-02,0.896241347476142,0.0,0.103758652523858
2015-05-03,0.8980477484669069,0.0,0.10195225153309302
2015-05-04,0.8977492731004928,0.0,0.10225072689950725
2015-05-05,0.8980975231897307,0.0,0.1019024768102693
2015-05-06,0.8969403696432563,0.0,0.10305963035674374
2015-05-07,0.9012053165021494,0.0,0.09879468349785063
2015-05-08,0.9030621301959059,0.0,0.09693786980409415
2015-05-09,0.902220459443407,0.0,0.09777954055659296
2015-05-10,0.9037307758487936,0.0,0.09626922415120646
2015-05-11,0.9042090849379605,0.0,0.09579091506203953
2015-05-12,0.9042302948483103,0.0,0.09576970515168971
2015-05-13,0.9053584951289925,0.0,0.09464150487100756
2015-05-14,0.9071563724734903,0.0,0.09284362752650961
2015-05-15,0.9068385033939228,0.0,0.0931614966060772
2015-05-16,0.9074658795468751,0.0,0.09253412045312491
2015-05-17,0.9097583450533105,0.0,0.09024165494668941
2015-05-18,0.9134107846799319,0.0,0.08658921532006811
2015-05-19,0.9059319706564842,0.0,0.0940680293435158
2015-05-20,0.9051134522669054,0.0,0.09488654773309457
2015-05-21,0.9056727120453522,0.0,0.09432728795464786
2015-05-22,0.9020539938950558,0.0,0.09794600610494415
2015-05-23,0.9005679311201211,0.0,0.09943206887987892
2015-05-24,0.9004023463804356,0.0,0.09959765361956442
2015-05-25,0.8988074292984393,0.0,0.10119257070156072
2015-05-26,0.8991992838863787,0.0,0.10080071611362133
2015-05-27,0.8971663394406295,0.0,0.10283366055937047
2015-05-28,0.8888235091447542,0.0,0.11117649085524588
2015-05-29,0.880129590290766,0.0,0.11987040970923406
2015-05-30,0.8851953640458168,0.0,0.11480463595418318
2015-05-31,0.8863575001105003,0.0,0.11364249988949968
2015-06-01,0.8903524310526105,0.0,0.10964756894738946
2015-06-02,0.8863204256901648,0.0,0.11367957430983526
2015-06-03,0.8866926996550724,0.0,0.11330730034492768
2015-06-04,0.8871340090940744,0.0,0.11286599090592565
2015-06-05,0.8854982572146229,0.0,0.1145017427853771
2015-06-06,0.8861306343934101,0.0,0.11386936560658988
2015-06-07,0.8856803152719359,0.0,0.11431968472806404
2015-06-08,0.8858323574925816,0.0,0.11416764250741837
2015-06-09,0.8862904485862053,0.0,0.11370955141379466
2015-06-10,0.8867303121598656,0.0,0.11326968784013441
2015-06-11,0.8865498990947679,0.0,0.11345010090523208
2015-06-12,0.8865516480541031,0.0,0.11344835194589684
2015-06-13,0.8862717081232647,0.0,0.11372829187673533
2015-06-14,0.8849168210777011,0.0,0.1150831789222989
2015-06-15,0.8826660939593513,0.0,0.11733390604064872
2015-06-16,0.872801424134518,0.0,0.12719857586548206
2015-06-17,0.8705266944014775,0.0,0.12947330559852255
2015-06-18,0.8639967530216499,0.0,0.13600324697835006
2015-06-19,0.8582736430805495,0.0,0.14172635691945043
2015-06-20,0.857639164333107,0.0,0.14236083566689298
2015-06-21,0.8626384832642982,0.0,0.1373615167357019
2015-06-22,0.8615636269483506,0.0,0.13843637305164935
2015-06-23,0.8615652423592699,0.0,0.1384347576407301
2015-06-24,0.8607386651203063,0.0,0.1392613348796937
2015-06-25,0.8599077935751347,0.0,0.14009220642486536
2015-06-26,0.8584609415979494,0.0,0.14153905840205067
2015-06-27,0.858193902743832,0.0,0.14180609725616802
2015-06-28,0.8560575716571226,0.0,0.1439424283428774
2015-06-29,0.8523443545192656,0.0,0.1476556454807344
2015-06-30,0.8565043264420586,0.0,0.1434956735579414
2015-07-01,0.8568335941620875,0.0,0.1431664058379125
2015-07-02,0.8553574975058911,0.0,0.14464250249410893
2015-07-03,0.8550548218040563,0.0,0.14494517819594369
2015-07-04,0.8589363259599242,0.0,0.14106367404007575
2015-07-05,0.8618268175721098,0.0,0.13817318242789026
2015-07-06,0.8578346878057478,0.0,0.1421653121942522
2015-07-07,0.8597440068961827,0.0,0.14025599310381728
2015-07-08,0.8535851669379416,0.0,0.14641483306205835
2015-07-09,0.8448388640110014,0.0,0.1551611359889986
2015-07-10,0.8757462920651469,0.0,0.12425370793485312
2015-07-11,0.8815303647797356,0.0,0.11846963522026442
2015-07-12,0.8798858086612903,0.0,0.12011419133870972
2015-07-13,0.8790829357471213,0.0,0.12091706425287872
2015-07-14,0.8775650767257976,0.0,0.12243492327420237
2015-07-15,0.8818519016665989,0.0,0.1181480983334011
2015-07-16,0.8871694374549988,0.0,0.11283056254500122
2015-07-17,0.8865005048689553,0.0,0.1134994951310447
2015-07-18,0.8831263162561225,0.0,0.11687368374387755
2015-07-19,0.8846023019382206,0.0,0.11539769806177932
2015-07-20,0.8856602985968578,0.0,0.11433970140314215
2015-07-21,0.887239953686793,0.0,0.11276004631320696
2015-07-22,0.8876597228218523,0.0,0.11234027717814761
2015-07-23,0.8881851576342896,0.0,0.11181484236571039
2015-07-24,0.8842552759512159,0.0,0.11574472404878407
2015-07-25,0.8829498124287024,0.0,0.11705018757129763
2015-07-26,0.8827387892328425,0.0,0.1172612107671575
2015-07-27,0.8806064834361036,0.0,0.11939351656389645
2015-07-28,0.8785402060821691,0.0,0.12145979391783088
2015-07-29,0.8786813310227981,0.0,0.12131866897720192
2015-07-30,0.8801329660881364,0.0,0.11986703391186355
2015-07-31,0.8785110626156469,0.0,0.12148893738435305
2015-08-01,0.8831264403843408,0.0,0.11687355961565912
2015-08-02,0.8835697998121746,0.0,0.11643020018782534
2015-08-03,0.8833343766503359,0.0,0.11666562334966409
2015-08-04,0.8832120870552765,0.0,0.11678791294472346
2015-08-05,0.8824956992795654,0.0,0.11750430072043455
2015-08-06,0.8848474343694438,0.0,0.1151525656305562
2015-08-07,0.8548724390164459,0.0,0.1451275609835541
2015-08-08,0.8714871299799111,0.0,0.12851287002008888
2015-08-09,0.8712297818318632,0.0,0.12877021816813689
2015-08-10,0.8708438811782304,0.0,0.12915611882176956
2015-08-11,0.8679843434016602,0.0,0.13201565659833983
2015-08-12,0.8679194691598953,0.0,0.13208053084010474
2015-08-13,0.861176351528214,0.0,0.1388236484717859
2015-08-14,0.8594790411766305,0.0,0.14052095882336943
2015-08-15,0.8598937545591603,0.0,0.14010624544083974
2015-08-16,0.8609095229277101,0.0,0.13909047707228997
2015-08-17,0.8619977042239021,0.0,0.1380022957760979
2015-08-18,0.851315960870942,0.0,0.14868403912905803
2015-08-19,0.8557827091969145,0.0,0.1442172908030855
2015-08-20,0.8543709608305831,0.0,0.1456290391694169
2015-08-21,0.854423274205827,0.0,0.145576725794173
2015-08-22,0.8555754208386267,0.0,0.1444245791613733
2015-08-23,0.8572116582037306,0.0,0.14278834179626942
2015-08-24,0.8544553733756852,0.0,0.1455446266243148
2015-08-25,0.8643991722409096,0.0,0.13560082775909044
2015-08-26,0.8629270755595477,0.0,0.13707292444045224
2015-08-27,0.862974920673365,0.0,0.13702507932663494
2015-08-28,0.8655715349074488,0.0,0.13442846509255124
2015-08-29,0.8628453715979153,0.0,0.1371546284020847
2015-08-30,0.8584623522149423,0.0,0.1415376477850577
2015-08-31,0.8595730980520229,0.0,0.14042690194797716
2015-09-01,0.859582555866587,0.0,0.14041744413341298
2015-09-02,0.8621935701201858,0.0,0.13780642987981423
2015-09-03,0.86528169953348,0.0,0.13471830046652
2015-09-04,0.8666641071192717,0.0,0.13333589288072834
2015-09-05,0.8612920432977716,0.0,0.1387079567022283
2015-09-06,0.86299030386412,0.0,0.13700969613588
2015-09-07,0.863819420077352,0.0,0.13618057992264798
2015-09-08,0.8666511916743086,0.0,0.1333488083256914
2015-09-09,0.8668991517544753,0.0,0.13310084824552468
2015-09-10,0.8677842929003219,0.0,0.1322157070996781
2015-09-11,0.8658360741483029,0.0,0.1341639258516971
2015-09-12,0.8656436041542692,0.0,0.13435639584573078
2015-09-13,0.8630973957139495,0.0,0.13690260428605047
2015-09-14,0.8722427311802089,0.0,0.12775726881979105
2015-09-15,0.8685017586529482,0.0,0.13149824134705182
2015-09-16,0.8707761280886481,0.0,0.12922387191135182
2015-09-17,0.8707718540154157,0.0,0.12922814598458435
2015-09-19,0.8705171509451686,0.0,0.12948284905483146
2015-09-20,0.8679673747912241,0.0,0.13203262520877593
2015-09-21,0.8699564788836451,0.0,0.13004352111635484
2015-09-22,0.8723379399096013,0.0,0.1276620600903987
2015-09-23,0.875801241386664,0.0,0.12419875861333597
2015-09-24,0.8784517233488811,0.0,0.1215482766511189
2015-09-25,0.8807688784073279,0.0,0.11923112159267213
2015-09-26,0.8806588297308697,0.0,0.11934117026913024
2015-09-27,0.8809768069065143,0.0,0.11902319309348569
2015-09-28,0.8857404547250036,0.0,0.11425954527499642
2015-09-29,0.8898293922659206,0.0,0.11017060773407936
2015-09-30,0.8884223160013996,0.0,0.11157768399860031
2015-10-01,0.8904284509452429,0.0,0.10957154905475704
2015-10-02,0.8882327476887456,0.0,0.11176725231125441
2015-10-03,0.8910829584516813,0.0,0.10891704154831869
2015-10-04,0.8935480688178227,0.0,0.10645193118217729
2015-10-05,0.8966878347896984,0.0,0.10331216521030163
2015-10-06,0.8945468724502778,0.0,0.10545312754972228
2015-10-07,0.8945356946137586,0.0,0.10546430538624141
2015-10-08,0.897368375499209,0.0,0.10263162450079102
2015-10-09,0.8968563730810357,0.0,0.10314362691896431
2015-10-10,0.8973059696560209,0.0,0.1026940303439791
2015-10-11,0.8964840903708742,0.0,0.10351590962912587
2015-10-12,0.8948377873196447,0.0,0.10516221268035533
2015-10-13,0.8954216244266174,0.0,0.10457837557338262
2015-10-14,0.8989499845309273,0.0,0.10105001546907263
2015-10-15,0.8997918643330675,0.0,0.10020813566693254
2015-10-16,0.9031875807100325,0.0,0.09681241928996748
2015-10-17,0.9073146877589392,0.0,0.09268531224106077
2015-10-18,0.9071020340087728,0.0,0.0928979659912272
2015-10-19,0.9075299850078334,0.0,0.09247001499216659
2015-10-20,0.9120885224427511,0.0,0.08791147755724893
2015-10-21,0.9115334207098514,0.0,0.08846657929014855
2015-10-22,0.9113204486140428,0.0,0.08867955138595722
2015-10-23,0.9131540518390991,0.0,0.08684594816090085
2015-10-24,0.9145193162730004,0.0,0.08548068372699956
2015-10-25,0.9154572408891668,0.0,0.08454275911083318
2015-10-26,0.9131692545977325,0.0,0.08683074540226757
2015-10-27,0.9135228988937844,0.0,0.08647710110621568
2015-10-28,0.9138236011538619,0.0,0.08617639884613816
2015-10-29,0.9075312474973589,0.0,0.09246875250264112
2015-10-30,0.9095509826228021,0.0,0.09044901737719793
2015-10-31,0.9113601549808975,0.0,0.08863984501910245
2015-11-01,0.9094996297816977,0.0,0.09050037021830223
2015-11-02,0.915612510056933,0.0,0.08438748994306697
2015-11-03,0.9195193782576837,0.0,0.08048062174231628
2015-11-04,0.9267307447872144,0.0,0.07326925521278556
2015-11-05,0.9267379903572244,0.0,0.07326200964277557
2015-11-06,0.9267689150401026,0.0,0.07323108495989739
2015-11-07,0.9277345747228352,0.0,0.07226542527716481
2015-11-08,0.9261129579513305,0.0,0.07388704204866947
2015-11-09,0.928048340681291,0.0,0.07195165931870891
2015-11-10,0.92403165752039,0.0,0.07596834247961004
2015-11-11,0.9224503878221777,0.0,0.07754961217782233
2015-11-12,0.9223720347122094,0.0,0.07762796528779056
2015-11-13,0.9228800802650268,0.0,0.07711991973497323
2015-11-14,0.9235409990152172,0.0,0.0764590009847828
2015-11-15,0.9232421309092286,0.0,0.07675786909077147
2015-11-16,0.9236459840669764,0.0,0.07635401593302364
2015-11-17,0.9228497969953605,0.0,0.07715020300463948
2015-11-18,0.9229086015983955,0.0,0.07709139840160452
2015-11-19,0.9226693670750907,0.0,0.07733063292490922
2015-11-20,0.9223311017974891,0.0,0.07766889820251084
2015-11-21,0.922344196637306,0.0,0.07765580336269393
2015-11-22,0.9221040837585601,0.0,0.0778959162414399
2015-11-23,0.9219862771640843,0.0,0.07801372283591565
2015-11-24,0.9225129658716095,0.0,0.07748703412839057
2015-11-25,0.92217820925523,0.0,0.07782179074477005
2015-11-26,0.925125829873485,0.0,0.074874170126515
2015-11-27,0.9268223146859036,0.0,0.07317768531409641
2015-11-28,0.9266215646542518,0.0,0.07337843534574821
2015-11-29,0.9280265349845642,0.0,0.07197346501543582
2015-11-30,0.930040394469657,0.0,0.06995960553034299
2015-12-01,0.929562349156397,0.0,0.07043765084360297
2015-12-02,0.9297098179732168,0.0,0.07029018202678321
2015-12-03,0.9293224363680307,0.0,0.07067756363196932
2015-12-04,0.926497357577237,0.0,0.07350264242276308
2015-12-05,0.9270133193223301,0.0,0.07298668067766995
2015-12-06,0.9273266340435957,0.0,0.07267336595640429
2015-12-07,0.9264893822910915,0.0,0.07351061770890853
2015-12-08,0.9232787158789728,0.0,0.0767212841210272
2015-12-09,0.9160316588331938,0.0,0.0839683411668062
2015-12-10,0.9157524834960376,0.0,0.08424751650396241
2015-12-11,0.9196355083312643,0.0,0.08036449166873567
2015-12-12,0.9176374004217058,0.0,0.08236259957829417
2015-12-13,0.9163814697671676,0.0,0.08361853023283237
2015-12-14,0.922876832236902,0.0,0.07712316776309802
2015-12-15,0.9285922262957856,0.0,0.07140777370421439
2015-12-16,0.9277320327105281,0.0,0.07226796728947196
2015-12-17,0.9284974723083814,0.0,0.07150252769161852
2015-12-18,0.9309249482856705,0.0,0.0690750517143295
2015-12-19,0.9315348412821115,0.0,0.0684651587178885
2015-12-20,0.9304952470798902,0.0,0.06950475292010985
2015-12-21,0.9302344716562148,0.0,0.06976552834378526
2015-12-22,0.9308827742259598,0.0,0.06911722577404027
2015-12-23,0.9316194130240397,0.0,0.06838058697596033
2015-12-24,0.9329316320411107,0.0,0.06706836795888929
2015-12-25,0.9307604503486077,0.0,0.06923954965139234
2015-12-26,0.9281682022373621,0.0,0.07183179776263791
2015-12-27,0.9277089764657022,0.0,0.07229102353429784
2015-12-28,0.9276782330110538,0.0,0.0723217669889462
2015-12-29,0.9288576537541251,0.0,0.0711423462458749
2015-12-30,0.9277566523318079,0.0,0.07224334766819207
2015-12-31,0.9289336900202799,0.0,0.07106630997972005
2016-01-01,0.9294685367831801,0.0,0.0705314632168199
2016-01-02,0.929049637136588,0.0,0.07095036286341201
2016-01-03,0.9286506580588976,0.0,0.07134934194110239
2016-01-04,0.9295006633924436,0.0,0.07049933660755633
2016-01-05,0.9292930709042605,0.0,0.07070692909573947
2016-01-06,0.929029926337735,0.0,0.07097007366226504
2016-01-07,0.9322651549834909,0.0,0.06773484501650907
2016-01-08,0.9316880036855325,0.0,0.06831199631446754
2016-01-09,0.930454906312367,0.0,0.069545093687633
2016-01-10,0.9307554190582691,0.0,0.06924458094173086
2016-01-11,0.9303912148925708,0.0,0.06960878510742921
2016-01-12,0.9274120084188697,0.0,0.07258799158113027
2016-01-13,0.9275908318660399,0.0,0.07240916813396017
2016-01-14,0.9274209557255002,0.0,0.07257904427449982
2016-01-15,0.9212151264076102,0.0,0.07878487359238984
2016-01-16,0.9248121083767034,0.0,0.0751878916232966
2016-01-17,0.9215236822063223,0.0,0.07847631779367772
2016-01-18,0.9213648604864283,0.0,0.07863513951357166
2016-01-19,0.9216559575594806,0.0,0.07834404244051944
2016-01-20,0.9231555497964715,0.0,0.07684445020352845
2016-01-21,0.9223463198465129,0.0,0.07765368015348705
2016-01-22,0.9196359224660378,0.0,0.08036407753396224
2016-01-23,0.9156939040289673,0.0,0.08430609597103264
2016-01-24,0.9155584626323086,0.0,0.08444153736769149
2016-01-25,0.9102075752374899,0.0,0.08979242476251009
2016-01-26,0.9076522989927546,0.0,0.09234770100724546
2016-01-27,0.8996147843809598,0.0,0.10038521561904024
2016-01-28,0.8994732120025961,0.0,0.10052678799740386
2016-01-29,0.8972843808356488,0.0,0.10271561916435125
2016-01-30,0.8996539909684143,0.0,0.1003460090315858
2016-01-31,0.9002231120607451,0.0,0.09977688793925484
2016-02-01,0.9016454672479556,0.0,0.09835453275204441
2016-02-02,0.8986234273865129,0.0,0.10137657261348709
2016-02-03,0.8961280053688908,0.0,0.1038719946311092
2016-02-04,0.8985242471837591,0.0,0.10147575281624092
2016-02-05,0.8967450910474842,0.0,0.10325490895251575
2016-02-06,0.8916371237221828,0.0,0.10836287627781721
2016-02-07,0.8853236644948514,0.0,0.11467633550514852
2016-02-08,0.8839425888440581,0.0,0.11605741115594197
2016-02-09,0.8764669422350192,0.0,0.12353305776498084
2016-02-10,0.8731674518692483,0.0,0.12683254813075173
2016-02-11,0.8572835430900471,0.0,0.142716456909953
2016-02-12,0.8608654776903146,0.0,0.13913452230968543
2016-02-13,0.8638703655659165,0.0,0.13612963443408357
2016-02-14,0.8673250751263817,0.0,0.1326749248736183
2016-02-15,0.8644504353394267,0.0,0.1355495646605733
2016-02-16,0.8766032398639833,0.0,0.1233967601360167
2016-02-17,0.8856743205223866,0.0,0.11432567947761337
2016-02-18,0.8819942172178772,0.0,0.1180057827821228
2016-02-19,0.8770166747327796,0.0,0.12298332526722047
2016-02-20,0.8835159505438512,0.0,0.1164840494561488
2016-02-21,0.8811286571288904,0.0,0.11887134287110952
2016-02-22,0.8722271256549742,0.0,0.12777287434502585
2016-02-23,0.8691185608527333,0.0,0.13088143914726671
2016-02-24,0.8635312205799675,0.0,0.1364687794200325
2016-02-25,0.8651986066488327,0.0,0.1348013933511672
2016-02-26,0.8682682674579961,0.0,0.13173173254200393
2016-02-27,0.8635904004756815,0.0,0.13640959952431853
2016-02-28,0.863529736537636,0.0,0.136470263462364
2016-02-29,0.8656747362250241,0.0,0.1343252637749759
2016-03-01,0.8539860928126387,0.0,0.14601390718736135
2016-03-02,0.8438758246396159,0.0,0.1561241753603841
2016-03-03,0.8343034304569086,0.0,0.16569656954309142
2016-03-04,0.8219505332256197,0.0,0.17804946677438022
2016-03-05,0.8133517050857098,0.0,0.18664829491429025
2016-03-06,0.812645943514265,0.0,0.187354056485735
2016-03-07,0.8296740540254203,0.0,0.17032594597457973
2016-03-08,0.8260157706372583,0.0,0.17398422936274172
2016-03-09,0.8090713552979425,0.0,0.19092864470205753
2016-03-10,0.8132932457334994,0.0,0.18670675426650069
2016-03-11,0.8140306630825471,0.0,0.18596933691745288
2016-03-12,0.791881229438214,0.0,0.20811877056178596
2016-03-13,0.7860260074537866,0.0,0.21397399254621344
2016-03-14,0.8041937424032264,0.0,0.19580625759677364
2016-03-15,0.8001672853019711,0.0,0.1998327146980289
2016-03-16,0.8038765013298179,0.0,0.1961234986701821
2016-03-17,0.8172300757400597,0.0,0.18276992425994026
2016-03-18,0.8158237868161617,0.0,0.1841762131838383
2016-03-19,0.8196360135081957,0.0,0.18036398649180432
2016-03-20,0.8224916890126626,0.0,0.17750831098733738
2016-03-21,0.8087497005529076,0.0,0.19125029944709235
2016-03-22,0.8150934076010883,0.0,0.18490659239891175
2016-03-23,0.8044483738599082,0.0,0.1955516261400918
2016-03-24,0.8132334318704589,0.0,0.1867665681295411
2016-03-25,0.8171256320552618,0.0,0.1828743679447382
2016-03-26,0.8160741373058987,0.0,0.1839258626941013
2016-03-27,0.8242071274621308,0.0,0.17579287253786927
2016-03-28,0.815045658036583,0.0,0.18495434196341703
2016-03-29,0.8122018713366865,0.0,0.1877981286633135
2016-03-30,0.8106246373723823,0.0,0.18937536262761767
2016-03-31,0.8156440485979536,0.0,0.1843559514020464
2016-04-01,0.8139223847514429,0.0,0.18607761524855712
2016-04-02,0.8150305037711655,0.0,0.18496949622883455
2016-04-03,0.814355726165233,0.0,0.18564427383476703
2016-04-04,0.8180073696105691,0.0,0.1819926303894309
2016-04-05,0.8257155833086212,0.0,0.17428441669137884
2016-04-06,0.8243094337587344,0.0,0.17569056624126553
2016-04-07,0.8310836696437113,0.0,0.16891633035628878
2016-04-08,0.8343962406144441,0.0,0.16560375938555594
2016-04-09,0.8409520937819601,0.0,0.15904790621803988
2016-04-10,0.8454878697414187,0.0,0.15451213025858135
2016-04-11,0.8482141909636975,0.0,0.15178580903630245
2016-04-12,0.8590067420153085,0.0,0.14099325798469148
2016-04-13,0.8540763354970613,0.0,0.14592366450293867
2016-04-14,0.8490464481144842,0.0,0.1509535518855159
2016-04-15,0.851751438100425,0.0,0.14824856189957508
2016-04-16,0.8478992988824477,0.0,0.1521007011175522
2016-04-17,0.8407487825363786,0.0,0.1592512174636213
2016-04-18,0.8415678093581834,0.0,0.15843219064181654
2016-04-19,0.8457576693573748,0.0,0.1542423306426252
2016-04-20,0.8491645540473828,0.0,0.15083544595261725
2016-04-21,0.8538278775274213,0.0,0.14617212247257877
2016-04-22,0.8560694748215527,0.0,0.14393052517844723
2016-04-23,0.8525918055486909,0.0,0.1474081944513092
2016-04-24,0.8566533520328562,0.0,0.14334664796714375
2016-04-25,0.8608813580069192,0.0,0.13911864199308083
2016-04-26,0.8634925701210783,0.0,0.13650742987892178
2016-04-27,0.8565469117889748,0.0,0.14345308821102523
2016-04-28,0.8632315339058767,0.0,0.1367684660941233
2016-04-29,0.8620936893410112,0.0,0.13790631065898878
2016-04-30,0.8491437787402484,0.0,0.1508562212597516
2016-05-01,0.8496290710701704,0.0,0.1503709289298296
2016-05-02,0.8369241129652985,0.0,0.16307588703470158
2016-05-03,0.8459758219600374,0.0,0.15402417803996257
2016-05-04,0.8446720665098519,0.0,0.15532793349014812
2016-05-05,0.8416601725411357,0.0,0.15833982745886432
2016-05-06,0.8467128281455449,0.0,0.15328717185445503
2016-05-07,0.846194463664483,0.0,0.1538055363355169
2016-05-08,0.845872230547281,0.0,0.154127769452719
2016-05-09,0.8475905353992013,0.0,0.1524094646007987
2016-05-10,0.8453159718671495,0.0,0.1546840281328505
2016-05-11,0.8405551951260734,0.0,0.15944480487392668
2016-05-12,0.8407839074073483,0.0,0.15921609259265165
2016-05-13,0.8372183217545791,0.0,0.16278167824542092
2016-05-14,0.839453406047251,0.0,0.16054659395274898
2016-05-15,0.8422800694034237,0.0,0.15771993059657632
2016-05-16,0.8316678774113314,0.0,0.16833212258866853
2016-05-17,0.8233604760303108,0.0,0.1766395239696892
2016-05-18,0.813435585882972,0.0,0.1865644141170279
2016-05-19,0.7993063792920225,0.0,0.20069362070797747
2016-05-20,0.8083929777511282,0.0,0.19160702224887188
2016-05-21,0.8055743975775655,0.0,0.19442560242243448
2016-05-22,0.8022790003181766,0.0,0.1977209996818235
2016-05-23,0.8102476406364609,0.0,0.18975235936353912
2016-05-24,0.8163125497009195,0.0,0.1836874502990805
2016-05-25,0.8181826720013315,0.0,0.18181732799866845
2016-05-26,0.8174473190198522,0.0,0.18255268098014774
2016-05-27,0.8323219292026864,0.0,0.1676780707973136
2016-05-28,0.8425681152636051,0.0,0.1574318847363949
2016-05-29,0.8280778021975472,0.0,0.17192219780245274
2016-05-30,0.8267982012615994,0.0,0.17320179873840058
2016-05-31,0.8169272719097277,0.0,0.18307272809027228
2016-06-01,0.8183844143810975,0.0,0.18161558561890243
2016-06-02,0.8207957930180282,0.0,0.1792042069819718
2016-06-03,0.8266756962735743,0.0,0.17332430372642577
2016-06-04,0.8284453239736518,0.0,0.17155467602634825
2016-06-05,0.8272376231486156,0.0,0.17276237685138435
2016-06-06,0.8301248944762257,0.0,0.16987510552377424
2016-06-07,0.8250564427416753,0.0,0.1749435572583246
2016-06-08,0.8262603933573548,0.0,0.17373960664264526
2016-06-09,0.8244328493614461,0.0,0.17556715063855385
2016-06-10,0.8281389592334577,0.0,0.1718610407665423
2016-06-11,0.8325114527771559,0.0,0.16748854722284415
2016-06-12,0.8360411770421301,0.0,0.16395882295786993
2016-06-13,0.8305509148988609,0.0,0.1694490851011391
2016-06-14,0.816992402777152,0.0,0.18300759722284804
2016-06-15,0.8216522958099192,0.0,0.17834770419008086
2016-06-16,0.8225299134335519,0.0,0.17747008656644814
2016-06-17,0.8505413907610286,0.0,0.14945860923897136
2016-06-18,0.8763388804684052,0.0,0.12366111953159475
2016-06-19,0.8702725475480381,0.0,0.1297274524519619
2016-06-20,0.8693866804089652,0.0,0.13061331959103484
2016-06-21,0.8514593037632776,0.0,0.14854069623672242
2016-06-22,0.8413028519747726,0.0,0.15869714802522744
2016-06-23,0.842482173858101,0.0,0.157517826141899
2016-06-24,0.8443148076780846,0.0,0.15568519232191538
2016-06-25,0.8451729018964362,0.0,0.15482709810356374
2016-06-26,0.8407965648653647,0.0,0.15920343513463533
2016-06-27,0.8432888873259725,0.0,0.1567111126740275
2016-06-28,0.8511777419921922,0.0,0.1488222580078078
2016-06-29,0.8478332748936742,0.0,0.1521667251063258
2016-06-30,0.8536387291585403,0.0,0.14636127084145967
2016-07-01,0.8563736592339123,0.0,0.14362634076608774
2016-07-02,0.8610055170330966,0.0,0.13899448296690345
2016-07-03,0.8571259510461727,0.0,0.1428740489538273
2016-07-04,0.8608527565414501,0.0,0.13914724345854992
2016-07-05,0.866349289098463,0.0,0.13365071090153705
2016-07-06,0.8679096512255962,0.0,0.1320903487744039
2016-07-07,0.8671031399007503,0.0,0.13289686009924973
2016-07-08,0.8615119700933039,0.0,0.13848802990669612
2016-07-09,0.8603250323305968,0.0,0.13967496766940324
2016-07-10,0.8600303442543347,0.0,0.13996965574566536
2016-07-11,0.8603658972600277,0.0,0.13963410273997237
2016-07-12,0.8523931185598659,0.0,0.14760688144013412
2016-07-13,0.8432869738275383,0.0,0.15671302617246172
2016-07-14,0.8390324706147881,0.0,0.1609675293852119
2016-07-15,0.8393023106473398,0.0,0.16069768935266013
2016-07-16,0.8401528274113833,0.0,0.15984717258861675
2016-07-17,0.8466205326398374,0.0,0.15337946736016256
2016-07-18,0.8508654539350137,0.0,0.14913454606498627
2016-07-19,0.8368708279027388,0.0,0.1631291720972612
2016-07-20,0.8316663861508681,0.0,0.16833361384913195
2016-07-21,0.8327656568351893,0.0,0.1672343431648107
2016-07-22,0.8179918361145749,0.0,0.1820081638854251
2016-07-23,0.8179162158857126,0.0,0.1820837841142874
2016-07-24,0.8351782664939327,0.0,0.16482173350606735
2016-07-25,0.8306390717453714,0.0,0.1693609282546286
2016-07-26,0.8338630571118938,0.0,0.16613694288810615
2016-07-27,0.8342889552933388,0.0,0.16571104470666123
2016-07-28,0.8347598643054537,0.0,0.1652401356945463
2016-07-29,0.8381821694551643,0.0,0.1618178305448357
2016-07-30,0.8382669668260371,0.0,0.16173303317396293
2016-07-31,0.835167164777199,0.0,0.16483283522280098
2016-08-01,0.8356153944247,0.0,0.16438460557530005
2016-08-02,0.8356533279959699,0.0,0.16434667200403008
2016-08-03,0.8307510389799807,0.0,0.16924896102001932
2016-08-04,0.8290906684101306,0.0,0.17090933158986946
2016-08-05,0.825279687335625,0.0,0.17472031266437504
2016-08-06,0.8279119224744732,0.0,0.17208807752552682
2016-08-07,0.8323037567452379,0.0,0.1676962432547621
2016-08-08,0.8304510567363859,0.0,0.16954894326361414
2016-08-09,0.8257663211497698,0.0,0.1742336788502302
2016-08-10,0.8309360676409241,0.0,0.16906393235907588
2016-08-11,0.8321144950916116,0.0,0.16788550490838836
2016-08-12,0.8296972908244512,0.0,0.17030270917554885
2016-08-13,0.8291785256795202,0.0,0.17082147432047975
2016-08-14,0.8279235367478877,0.0,0.17207646325211232
2016-08-15,0.8283328719235127,0.0,0.17166712807648726
2016-08-16,0.8318216336131433,0.0,0.16817836638685665
2016-08-17,0.8328051375600138,0.0,0.16719486243998613
2016-08-18,0.8329241759401999,0.0,0.16707582405980012
2016-08-19,0.8323813439212568,0.0,0.16761865607874318
2016-08-20,0.8317124705362183,0.0,0.16828752946378162
2016-08-21,0.8320370039207585,0.0,0.1679629960792415
2016-08-22,0.8329540548502786,0.0,0.16704594514972132
2016-08-23,0.8338825855361484,0.0,0.16611741446385161
2016-08-24,0.8341658894223228,0.0,0.1658341105776772
2016-08-25,0.8342983769290898,0.0,0.16570162307091021
2016-08-26,0.8350018900982584,0.0,0.16499810990174157
2016-08-27,0.8342220649554303,0.0,0.1657779350445697
2016-08-28,0.8334318022607135,0.0,0.1665681977392866
2016-08-29,0.8313858888141629,0.0,0.16861411118583716
2016-08-30,0.832035391297021,0.0,0.16796460870297908
2016-08-31,0.8294188790433165,0.0,0.17058112095668357
2016-09-01,0.8270663783430483,0.0,0.17293362165695175
2016-09-02,0.8252033416166676,0.0,0.17479665838333236
2016-09-03,0.8327442832448464,0.0,0.16725571675515358
2016-09-04,0.8319483214334734,0.0,0.16805167856652659
2016-09-05,0.8307381424354489,0.0,0.16926185756455117
2016-09-06,0.8337833639062507,0.0,0.16621663609374931
2016-09-07,0.8361471021664253,0.0,0.16385289783357473
2016-09-08,0.8398347313456808,0.0,0.1601652686543192
2016-09-09,0.8377113705512855,0.0,0.1622886294487145
2016-09-10,0.8338391107851427,0.0,0.1661608892148573
2016-09-11,0.8367151713718007,0.0,0.16328482862819932
2016-09-12,0.8357555562680835,0.0,0.16424444373191652
2016-09-13,0.8351861862992103,0.0,0.16481381370078976
2016-09-14,0.8359765473208611,0.0,0.1640234526791389
2016-09-15,0.8310862557284036,0.0,0.16891374427159647
2016-09-16,0.8300849286318418,0.0,0.16991507136815817
2016-09-17,0.8293004314806752,0.0,0.17069956851932472
2016-09-18,0.8316483282991389,0.0,0.16835167170086107
2016-09-19,0.8274955479056736,0.0,0.1725044520943264
2016-09-20,0.820283793685402,0.0,0.1797162063145979
2016-09-21,0.8226092710724896,0.0,0.17739072892751034
2016-09-22,0.82470833430604,0.0,0.17529166569395999
2016-09-23,0.8241463826347172,0.0,0.17585361736528288
2016-09-24,0.8252697135424906,0.0,0.17473028645750938
2016-09-25,0.8227804954657624,0.0,0.1772195045342376
2016-09-26,0.8270985225600175,0.0,0.17290147743998252
2016-09-27,0.8247543110739424,0.0,0.17524568892605763
2016-09-28,0.8214601259659686,0.0,0.17853987403403135
2016-09-29,0.8236666627287589,0.0,0.17633333727124118
2016-09-30,0.8239749640574259,0.0,0.17602503594257413
2016-10-01,0.8288573763203914,0.0,0.1711426236796086
2016-10-02,0.8272056777504461,0.0,0.172794322249554
2016-10-03,0.8265260990842351,0.0,0.17347390091576487
2016-10-04,0.8285085300082978,0.0,0.17149146999170214
2016-10-05,0.8276775908675856,0.0,0.17232240913241442
2016-10-06,0.8300468452193397,0.0,0.16995315478066034
2016-10-07,0.8333167173194685,0.0,0.16668328268053148
2016-10-08,0.8363935772706516,0.0,0.1636064227293484
2016-10-09,0.8361399663748375,0.0,0.16386003362516255
2016-10-10,0.838827425959032,0.0,0.161172574040968
2016-10-11,0.8435740642699519,0.0,0.15642593573004818
2016-10-12,0.842766825951362,0.0,0.15723317404863796
2016-10-13,0.8423300218060277,0.0,0.1576699781939723
2016-10-14,0.841929360303146,0.0,0.158070639696854
2016-10-15,0.8433064174570248,0.0,0.1566935825429752
2016-10-16,0.8433434435044895,0.0,0.15665655649551044
2016-10-17,0.8439088084125648,0.0,0.15609119158743523
2016-10-18,0.8394730977279687,0.0,0.16052690227203126
2016-10-19,0.8409097170386124,0.0,0.1590902829613876
2016-10-20,0.8395170979695484,0.0,0.16048290203045157
2016-10-21,0.8390566959467518,0.0,0.1609433040532482
2016-10-22,0.8450687588916544,0.0,0.15493124110834552
2016-10-23,0.8444775306468635,0.0,0.15552246935313652
2016-10-24,0.8457137401606079,0.0,0.15428625983939218
2016-10-25,0.850823621599986,0.0,0.14917637840001402
2016-10-26,0.8537436415851115,0.0,0.14625635841488852
2016-10-27,0.8565144166275912,0.0,0.14348558337240877
2016-10-28,0.8618985292253949,0.0,0.13810147077460513
2016-10-29,0.8714497774677821,0.0,0.12855022253221796
2016-10-30,0.8630686227469183,0.0,0.13693137725308166
2016-10-31,0.8648633322365046,0.0,0.13513666776349537
2016-11-01,0.8713011575725786,0.0,0.1286988424274213
2016-11-02,0.8726814816936361,0.0,0.12731851830636381
2016-11-03,0.864806906985245,0.0,0.13519309301475504
2016-11-04,0.864741402181087,0.0,0.13525859781891303
2016-11-05,0.8592341984997983,0.0,0.14076580150020163
2016-11-06,0.8658670969854801,0.0,0.13413290301451988
2016-11-07,0.864968453531794,0.0,0.1350315464682061
2016-11-08,0.8652581821827435,0.0,0.13474181781725647
2016-11-09,0.8692109378735847,0.0,0.1307890621264153
2016-11-10,0.8681757782724414,0.0,0.1318242217275586
2016-11-11,0.8688444553834833,0.0,0.13115554461651668
2016-11-12,0.8689446431023004,0.0,0.13105535689769968
2016-11-13,0.8669772960708332,0.0,0.1330227039291668
2016-11-14,0.868660269033482,0.0,0.13133973096651796
2016-11-15,0.8688719793724892,0.0,0.13112802062751083
2016-11-16,0.8755098339340294,0.0,0.12449016606597062
2016-11-17,0.8760344803567431,0.0,0.12396551964325686
2016-11-18,0.8808586837780121,0.0,0.11914131622198784
2016-11-19,0.879847445663006,0.0,0.120152554336994
2016-11-20,0.8778074954176999,0.0,0.12219250458230016
2016-11-21,0.8785079359325992,0.0,0.12149206406740079
2016-11-22,0.878457486784381,0.0,0.12154251321561903
2016-11-23,0.8788327164771178,0.0,0.12116728352288218
2016-11-24,0.8822694639515012,0.0,0.11773053604849883
2016-11-25,0.881448858537648,0.0,0.11855114146235207
2016-11-26,0.88015579219533,0.0,0.11984420780466996
2016-11-27,0.8813789708021679,0.0,0.11862102919783216
2016-11-28,0.8844596885134179,0.0,0.11554031148658205
2016-11-29,0.8886226241160761,0.0,0.11137737588392396
2016-11-30,0.8866080147472701,0.0,0.1133919852527299
2016-12-01,0.8891726450091826,0.0,0.11082735499081739
2016-12-02,0.895554605714558,0.0,0.10444539428544197
2016-12-03,0.8937502328727978,0.0,0.10624976712720226
2016-12-04,0.8973680821503559,0.0,0.10263191784964415
2016-12-05,0.9001608635865465,0.0,0.09983913641345352
2016-12-06,0.8947674021418047,0.0,0.10523259785819529
2016-12-07,0.8911972398988891,0.0,0.10880276010111087
2016-12-08,0.8913741106008743,0.0,0.10862588939912565
2016-12-09,0.890133766924736,0.0,0.10986623307526397
2016-12-10,0.8932401090602895,0.0,0.1067598909397105
2016-12-11,0.8920249820912065,0.0,0.10797501790879349
2016-12-12,0.891449973711323,0.0,0.1085500262886771
2016-12-13,0.8920824526897119,0.0,0.10791754731028819
2016-12-14,0.8925785642426505,0.0,0.10742143575734955
2016-12-15,0.8941045927918705,0.0,0.10589540720812948
2016-12-16,0.8940925035714583,0.0,0.1059074964285417
2016-12-17,0.8955670469446523,0.0,0.1044329530553477
2016-12-18,0.8946988545418892,0.0,0.10530114545811071
2016-12-19,0.895533667680066,0.0,0.10446633231993396
2016-12-20,0.89731092479946,0.0,0.10268907520054008
2016-12-21,0.8998556460792798,0.0,0.10014435392072023
2016-12-22,0.9044376129863334,0.0,0.09556238701366664
2016-12-23,0.9086071852837451,0.0,0.09139281471625492
2016-12-24,0.9062443141342116,0.0,0.09375568586578836
2016-12-25,0.9070141446129837,0.0,0.09298585538701629
2016-12-26,0.9070536828890228,0.0,0.0929463171109772
2016-12-27,0.9078898904020943,0.0,0.09211010959790562
2016-12-28,0.908370342128886,0.0,0.09162965787111398
2016-12-29,0.9028994670362548,0.0,0.09710053296374518
2016-12-30,0.9020367680983511,0.0,0.09796323190164896
2016-12-31,0.9032529838503686,0.0,0.09674701614963142
2017-01-01,0.9050054482749008,0.0,0.0949945517250992
2017-01-02,0.9040922056422547,0.0,0.09590779435774527
2017-01-03,0.8993134472261867,0.0,0.1006865527738133
2017-01-04,0.8970799334159024,0.0,0.10292006658409752
2017-01-05,0.8937898255252591,0.0,0.10621017447474086
2017-01-06,0.8863545645818977,0.0,0.11364543541810238
2017-01-07,0.8897100403717851,0.0,0.11028995962821482
2017-01-08,0.8878108069828923,0.0,0.11218919301710774
2017-01-09,0.8864261211463088,0.0,0.11357387885369118
2017-01-10,0.8840513265864454,0.0,0.11594867341355461
2017-01-11,0.8787593357831734,0.0,0.12124066421682653
2017-01-12,0.8797888075049766,0.0,0.1202111924950234
2017-01-13,0.8827555245872962,0.0,0.11724447541270376
2017-01-14,0.8820751085692385,0.0,0.11792489143076142
2017-01-15,0.8815363632039295,0.0,0.11846363679607055
2017-01-16,0.883385819070298,0.0,0.11661418092970198
2017-01-17,0.8867112733860921,0.0,0.11328872661390793
2017-01-18,0.8854806599693295,0.0,0.11451934003067052
2017-01-19,0.8849498049370266,0.0,0.11505019506297341
2017-01-20,0.8835836944654918,0.0,0.11641630553450821
2017-01-21,0.8845075808055298,0.0,0.11549241919447016
2017-01-22,0.8858599664591494,0.0,0.11414003354085055
2017-01-23,0.8847676846449667,0.0,0.11523231535503335
2017-01-24,0.8841675877071804,0.0,0.11583241229281958
2017-01-25,0.8853561705409343,0.0,0.11464382945906565
2017-01-26,0.8857345266778607,0.0,0.11426547332213936
2017-01-27,0.8867474041927594,0.0,0.1132525958072406
2017-01-28,0.8863883739853818,0.0,0.11361162601461818
2017-01-29,0.886046330532345,0.0,0.11395366946765498
2017-01-30,0.8848278310993676,0.0,0.11517216890063238
2017-01-31,0.8888670370748188,0.0,0.11113296292518111
2017-02-01,0.8902534679254319,0.0,0.10974653207456811
2017-02-02,0.8916575982591999,0.0,0.10834240174080009
2017-02-03,0.8913777150403938,0.0,0.10862228495960623
2017-02-04,0.891119491716506,0.0,0.10888050828349409
2017-02-05,0.8906404329171724,0.0,0.10935956708282753
2017-02-06,0.8911083329690064,0.0,0.10889166703099361
2017-02-07,0.8924005298608872,0.0,0.1075994701391127
2017-02-08,0.8926496892263237,0.0,0.10735031077367628
2017-02-09,0.8904331678882839,0.0,0.10956683211171618
2017-02-10,0.889007212491461,0.0,0.11099278750853903
2017-02-11,0.8893808353633011,0.0,0.11061916463669885
2017-02-12,0.8885164568540667,0.0,0.11148354314593331
2017-02-13,0.8886659476396874,0.0,0.11133405236031259
2017-02-14,0.8804629874167975,0.0,0.11953701258320247
2017-02-15,0.8804061210221892,0.0,0.11959387897781086
2017-02-16,0.8829601421034803,0.0,0.11703985789651968
2017-02-17,0.8857163671237214,0.0,0.11428363287627857
2017-02-18,0.8861611924383598,0.0,0.11383880756164018
2017-02-19,0.8854482735766316,0.0,0.11455172642336843
2017-02-20,0.8905797901213778,0.0,0.10942020987862218
2017-02-21,0.8932111076585301,0.0,0.10678889234146996
2017-02-22,0.8930458618020773,0.0,0.10695413819792265
2017-02-23,0.8935108913187488,0.0,0.10648910868125121
2017-02-24,0.8952332778349164,0.0,0.10476672216508368
2017-02-25,0.8912376253684597,0.0,0.10876237463154025
2017-02-26,0.8884640598226887,0.0,0.1115359401773113
2017-02-27,0.8865597247739634,0.0,0.11344027522603664
2017-02-28,0.8836759829463084,0.0,0.11632401705369161
2017-03-01,0.8781998004250049,0.0,0.12180019957499515
2017-03-02,0.8730107800129253,0.0,0.12698921998707466
2017-03-03,0.8711420109304567,0.0,0.12885798906954332
2017-03-04,0.873301621542033,0.0,0.12669837845796705
2017-03-05,0.8710863285334115,0.0,0.12891367146658853
2017-03-06,0.8695994152605081,0.0,0.13040058473949184
2017-03-07,0.8685598625508512,0.0,0.13144013744914881
2017-03-08,0.8725364594188071,0.0,0.1274635405811929
2017-03-09,0.8689794678045599,0.0,0.13102053219544005
2017-03-10,0.8565118767497356,0.0,0.14348812325026433
2017-03-11,0.8475603557431032,0.0,0.15243964425689682
2017-03-12,0.8428827970233194,0.0,0.15711720297668064
2017-03-13,0.8256593481722595,0.0,0.1743406518277405
2017-03-14,0.8231644089070063,0.0,0.17683559109299374
2017-03-15,0.8021653844453315,0.0,0.19783461555466855
2017-03-16,0.7607552013108473,0.0,0.23924479868915272
2017-03-17,0.7449461964819876,0.0,0.25505380351801243
2017-03-18,0.7598888397791919,0.0,0.24011116022080817
2017-03-19,0.7346865621322207,0.0,0.26531343786777933
2017-03-20,0.7443028711752803,0.0,0.2556971288247198
2017-03-21,0.7562786297414361,0.0,0.24372137025856386
2017-03-22,0.7442248911640003,0.0,0.25577510883599974
2017-03-23,0.7347936527816037,0.0,0.26520634721839637
2017-03-24,0.6884591608047148,0.0,0.3115408391952852
2017-03-25,0.7050224736869503,0.0,0.29497752631304974
2017-03-26,0.705424968698984,0.0,0.29457503130101603
2017-03-27,0.7257503544284658,0.0,0.2742496455715342
2017-03-28,0.7218072899560949,0.0,0.2781927100439051
2017-03-29,0.7128255762056138,0.0,0.2871744237943861
2017-03-30,0.7046254796451865,0.0,0.2953745203548135
2017-03-31,0.7115026309237595,0.0,0.2884973690762404
2017-04-01,0.7100361630000261,0.0,0.28996383699997386
2017-04-02,0.6813444888978616,0.0,0.3186555111021384
2017-04-03,0.7259234532676121,0.0,0.27407654673238785
2017-04-04,0.7166975181206305,0.0,0.2833024818793694
2017-04-05,0.7114257575271,0.0,0.28857424247290003
2017-04-06,0.7331160449630453,0.0,0.2668839550369547
2017-04-07,0.7323386626147452,0.0,0.2676613373852547
2017-04-08,0.7249789848606002,0.0,0.27502101513939986
2017-04-09,0.7337091269603053,0.0,0.26629087303969473
2017-04-10,0.7330893287174354,0.0,0.2669106712825647
2017-04-11,0.7377750145479174,0.0,0.2622249854520826
2017-04-12,0.7234399479920549,0.0,0.2765600520079451
2017-04-13,0.7086057128705727,0.0,0.2913942871294273
2017-04-14,0.7153284859877569,0.0,0.2846715140122431
2017-04-15,0.7097768362253873,0.0,0.29022316377461266
2017-04-16,0.7129618690548977,0.0,0.28703813094510233
2017-04-17,0.715602418889128,0.0,0.28439758111087204
2017-04-18,0.71250371084041,0.0,0.28749628915959
2017-04-19,0.7207311267327815,0.0,0.27926887326721855
2017-04-20,0.7206608982706709,0.0,0.27933910172932913
2017-04-21,0.718213365782603,0.0,0.28178663421739697
2017-04-22,0.7173593359177487,0.0,0.28264066408225136
2017-04-23,0.7127914030456104,0.0,0.2872085969543896
2017-04-24,0.7119153179916566,0.0,0.28808468200834336
2017-04-25,0.7131119756014578,0.0,0.2868880243985422
2017-04-26,0.7055561075346635,0.0,0.2944438924653365
2017-04-27,0.6880859734181046,0.0,0.3119140265818954
2017-04-28,0.6638992481437267,0.0,0.3361007518562733
2017-04-29,0.6558921770987697,0.0,0.3441078229012303
2017-04-30,0.6395552456939066,0.0,0.36044475430609335
2017-05-01,0.6537477553020028,0.0,0.34625224469799726
2017-05-02,0.6583578411826844,0.0,0.3416421588173156
2017-05-03,0.6495721965650817,0.0,0.3504278034349183
2017-05-04,0.6141351169638115,0.0,0.38586488303618843
2017-05-05,0.6077452267401522,0.0,0.3922547732598478
2017-05-06,0.6008206740973946,0.0,0.3991793259026054
2017-05-07,0.5793343098110234,0.0,0.4206656901889766
2017-05-08,0.5744269111219316,0.0,0.4255730888780684
2017-05-09,0.5979256775775974,0.0,0.4020743224224026
2017-05-10,0.5922194905170959,0.0,0.4077805094829041
2017-05-11,0.6011045540574532,0.0,0.3988954459425468
2017-05-12,0.5752651935366943,0.0,0.4247348064633057
2017-05-13,0.5799475688133997,0.0,0.42005243118660035
2017-05-14,0.5774958659747949,0.0,0.4225041340252052
2017-05-15,0.5473671754308599,0.0,0.45263282456914006
2017-05-16,0.521470431918751,0.0,0.4785295680812491
2017-05-17,0.5170480271470017,0.0,0.4829519728529983
2017-05-18,0.5173234220355741,0.0,0.48267657796442587
2017-05-19,0.5158110415253343,0.0,0.4841889584746657
2017-05-20,0.519829990166997,0.0,0.4801700098330029
2017-05-21,0.4923732673190213,0.0,0.5076267326809787
2017-05-22,0.5012335847450328,0.0,0.4987664152549673
2017-05-23,0.5038665293343136,0.0,0.49613347066568636
2017-05-24,0.5165538738995474,0.0,0.48344612610045257
2017-05-25,0.5359318732208254,0.0,0.4640681267791746
2017-05-26,0.5334551185607251,0.0,0.4665448814392748
2017-05-27,0.5337704050514683,0.0,0.46622959494853167
2017-05-28,0.5301023752706526,0.0,0.4698976247293474
2017-05-29,0.5215104236492191,0.0,0.478489576350781
2017-05-30,0.49529627961275396,0.0,0.504703720387246
2017-05-31,0.4965909988458535,0.0,0.5034090011541464
2017-06-01,0.48943809304336067,0.0,0.5105619069566393
2017-06-02,0.5000897753051314,0.0,0.49991022469486857
2017-06-03,0.5070744285526557,0.0,0.49292557144734434
2017-06-04,0.4922498441261298,0.0,0.5077501558738702
2017-06-05,0.5060746265565171,0.0,0.49392537344348286
2017-06-06,0.5146684923979016,0.0,0.4853315076020984
2017-06-07,0.5103397841107079,0.0,0.48966021588929204
2017-06-08,0.5115332533227777,0.0,0.4884667466772224
2017-06-09,0.5040679605063498,0.0,0.4959320394936502
2017-06-10,0.49184554998022156,0.0,0.5081544500197784
2017-06-11,0.4838101068074425,0.0,0.5161898931925575
2017-06-12,0.4386829961523441,0.0,0.5613170038476559
2017-06-13,0.4376066467215771,0.0,0.5623933532784229
2017-06-14,0.435180064035722,0.0,0.564819935964278
2017-06-15,0.4358385547030567,0.0,0.5641614452969432
2017-06-16,0.435306159915493,0.0,0.5646938400845071
2017-06-17,0.43753246709126875,0.0,0.5624675329087313
2017-06-18,0.4289518876145648,0.0,0.5710481123854352
2017-06-19,0.4298247793478884,0.0,0.5701752206521117
2017-06-20,0.4433588187715978,0.0,0.5566411812284022
2017-06-21,0.45579990142029214,0.0,0.5442000985797079
2017-06-22,0.45764453412719297,0.0,0.542355465872807
2017-06-23,0.4521704164707634,0.0,0.5478295835292366
2017-06-24,0.45086370314102675,0.0,0.5491362968589732
2017-06-25,0.46201103422834233,0.0,0.5379889657716577
2017-06-26,0.47488669975769393,0.0,0.5251133002423061
2017-06-27,0.4722041782510637,0.0,0.5277958217489364
2017-06-28,0.45510982709100195,0.0,0.544890172908998
2017-06-29,0.4677710737558322,0.0,0.5322289262441677
2017-06-30,0.46691507915161934,0.0,0.5330849208483807
2017-07-01,0.4773627455114414,0.0,0.5226372544885586
2017-07-02,0.4748833337740356,0.0,0.5251166662259644
2017-07-03,0.48011118006623044,0.0,0.5198888199337696
2017-07-04,0.4861557768818774,0.0,0.5138442231181226
2017-07-05,0.4888506581420112,0.0,0.5111493418579889
2017-07-06,0.48955809069828,0.0,0.51044190930172
2017-07-07,0.5032818301566253,0.0,0.4967181698433747
2017-07-08,0.5028519395048253,0.0,0.4971480604951746
2017-07-09,0.5061327373386431,0.0,0.49386726266135694
2017-07-11,0.5382901963755827,0.0,0.4617098036244173
2017-07-12,0.5094011875459081,0.0,0.49059881245409187
2017-07-13,0.5233964502635375,0.0,0.4766035497364625
2017-07-14,0.5234118432280013,0.0,0.4765881567719987
2017-07-15,0.5301863677618843,0.0,0.4698136322381157
2017-07-16,0.5412812119234697,0.005016333285845929,0.4537024547906844
2017-07-17,0.5299844497360381,0.0,0.47001555026396186
2017-07-18,0.5074982633750174,0.0,0.4925017366249827
2017-07-19,0.5354423156291942,0.0,0.4645576843708058
2017-07-20,0.5561919568922544,0.0,0.44380804310774563
2017-07-21,0.5501142623481728,0.0,0.4498857376518271
2017-07-22,0.5492729675538254,0.0,0.4507270324461746
2017-07-23,0.5466877862521643,0.0,0.45331221374783576
2017-07-24,0.5493658366453441,0.0,0.4506341633546559
2017-07-25,0.5521030596106925,0.0,0.44789694038930755
2017-07-26,0.5496500079473178,0.0,0.4503499920526822
2017-07-27,0.5623224383044502,0.0,0.4376775616955499
2017-07-28,0.5865944283910495,0.0,0.4134055716089505
2017-07-29,0.5682794769289328,0.0,0.4317205230710672
2017-07-30,0.5808143849832523,0.0,0.41918561501674767
2017-07-31,0.5844394683692248,0.0,0.4155605316307752
2017-08-01,0.513812040055437,0.0,0.48618795994456293
2017-08-02,0.5090485841265704,0.0,0.4909514158734296
2017-08-03,0.5209482197149319,0.0,0.4790517802850681
2017-08-04,0.5423727793241216,0.0,0.4576272206758783
2017-08-05,0.5495145413452499,0.0,0.45048545865475004
2017-08-06,0.5435405362060387,0.0,0.4564594637939613
2017-08-07,0.5399371946508906,0.0,0.46006280534910937
2017-08-08,0.5231731602262166,0.0,0.47682683977378343
2017-08-09,0.522510937604129,0.0,0.47748906239587097
2017-08-10,0.5240895961281269,0.0,0.4759104038718731
2017-08-11,0.5324596395649189,0.0,0.46754036043508107
2017-08-12,0.5484184293525226,0.0,0.4515815706474774
2017-08-13,0.5662207878247026,0.0,0.4337792121752973
2017-08-14,0.5773919578412651,0.0,0.42260804215873493
2017-08-15,0.5770938194220164,0.0,0.4229061805779836
2017-08-16,0.5795080913488667,0.0,0.42049190865113334
2017-08-17,0.5678626124094159,0.0,0.432137387590584
2017-08-18,0.5452192777468885,0.0,0.45478072225311145
2017-08-19,0.538901334966598,0.0,0.4610986650334021
2017-08-20,0.5330418802338679,0.0,0.4669581197661321
2017-08-21,0.5238216056037381,0.0,0.47617839439626186
2017-08-22,0.5194438803249556,0.0,0.4805561196750444
2017-08-23,0.5193044755220713,0.0,0.4806955244779288
2017-08-24,0.5324911150716692,0.0,0.4675088849283308
2017-08-25,0.5305304538196515,0.0,0.4694695461803486
2017-08-26,0.5261339582333378,0.0,0.4738660417666623
2017-08-27,0.5240176193998519,0.0,0.4759823806001481
2017-08-28,0.5222357499525199,0.0,0.47776425004748013
2017-08-29,0.5304221612131147,0.0,0.46957783878688536
2017-08-30,0.5229947035164669,0.0,0.4770052964835331
2017-08-31,0.5213063047767466,0.0,0.47869369522325345
2017-09-01,0.5244421237331016,0.0,0.4755578762668984
2017-09-02,0.5329977910515026,0.0,0.4670022089484974
2017-09-03,0.5313193606731359,0.0,0.4686806393268641
2017-09-04,0.550357364703573,0.0,0.44964263529642695
2017-09-05,0.5441623715377082,0.0,0.45583762846229187
2017-09-06,0.5350906145911558,0.0,0.4649093854088442
2017-09-07,0.5386399837017158,0.0,0.46136001629828416
2017-09-08,0.5424812566551628,0.0,0.4575187433448373
2017-09-09,0.5466744052786198,0.0,0.45332559472138023
2017-09-10,0.5461400191959273,0.0,0.45385998080407275
2017-09-11,0.5438341876991832,0.0,0.4561658123008167
2017-09-12,0.5460788916496652,0.0,0.4539211083503349
2017-09-13,0.5413561507439968,0.0,0.4586438492560032
2017-09-14,0.557714846463157,0.0,0.44228515353684295
2017-09-15,0.5560431756315736,0.0,0.44395682436842643
2017-09-16,0.5557297175165341,0.0,0.4442702824834659
2017-09-17,0.5519014086984871,0.0,0.4480985913015128
2017-09-18,0.5503308634513873,0.0,0.4496691365486128
2017-09-19,0.5457968639367141,0.0,0.45420313606328583
2017-09-20,0.548591826987942,0.0,0.45140817301205804
2017-09-21,0.5536962571014528,0.0,0.4463037428985472
2017-09-22,0.5493420382444794,0.0,0.45065796175552064
2017-09-23,0.5462274623465335,0.0,0.4537725376534664
2017-09-24,0.5434894213473753,0.0,0.4565105786526247
2017-09-25,0.5476223449157872,0.0,0.4523776550842128
2017-09-26,0.5479637322482932,0.0,0.4520362677517068
2017-09-27,0.5504210316171331,0.0,0.449578968382867
2017-09-28,0.5549807267046488,0.0,0.4450192732953512
2017-09-29,0.5601516824896611,0.0,0.43984831751033887
2017-09-30,0.563428344416963,0.0,0.436571655583037
2017-10-01,0.5665044894439462,0.0,0.43349551055605384
2017-10-02,0.5704661556060956,0.0,0.4295338443939044
2017-10-03,0.5704068150362445,0.0,0.42959318496375554
2017-10-04,0.5677237679359342,0.0,0.43227623206406585
2017-10-05,0.5682877816371519,0.0,0.4317122183628481
2017-10-06,0.5650778034945466,0.0,0.4349221965054534
2017-10-07,0.5652517731122076,0.0,0.43474822688779236
2017-10-08,0.5729795932265894,0.0,0.4270204067734105
2017-10-09,0.5954364297326894,0.0,0.4045635702673106
2017-10-10,0.5915926315031189,0.0,0.40840736849688114
2017-10-11,0.5914919818306498,0.0,0.4085080181693502
2017-10-12,0.6216420713522296,0.0,0.3783579286477704
2017-10-13,0.6125001357418804,0.0,0.38749986425811955
2017-10-14,0.619023126042766,0.0,0.38097687395723395
2017-10-15,0.613842228158989,0.0,0.38615777184101097
2017-10-16,0.617725386830279,0.0,0.38227461316972106
2017-10-17,0.6201027203192785,0.0,0.3798972796807215
2017-10-18,0.6251451964999539,0.0,0.37485480350004613
2017-10-19,0.6340478413714261,0.0,0.3659521586285739
2017-10-20,0.6484498083592611,0.0,0.35155019164073886
2017-10-21,0.6522937442389588,0.0,0.34770625576104125
2017-10-22,0.6541961177335645,0.0,0.34580388226643555
2017-10-23,0.6583461509554006,0.0,0.34165384904459944
2017-10-24,0.6332853771742732,0.0,0.36671462282572675
2017-10-25,0.6427667986832283,0.0,0.3572332013167718
2017-10-26,0.6493507246073228,0.0,0.35064927539267715
2017-10-27,0.642597574160217,0.0,0.357402425839783
2017-10-28,0.6387410550625138,0.0,0.36125894493748617
2017-10-29,0.645189201908605,0.0,0.354810798091395
2017-10-30,0.6433499639929865,0.0,0.3566500360070135
2017-10-31,0.6578637876967897,0.0,0.34213621230321034
2017-11-01,0.6698301614476264,0.0,0.33016983855237353
2017-11-02,0.6761023023975243,0.0,0.32389769760247566
2017-11-03,0.6716482044117221,0.0,0.3283517955882779
2017-11-04,0.6804022146525307,0.0,0.31959778534746935
2017-11-05,0.6816755506380511,0.0,0.3183244493619489
2017-11-06,0.668497041000109,0.0,0.331502958999891
2017-11-07,0.6711208880920293,0.0,0.3288791119079707
2017-11-08,0.6709053339159199,0.0,0.3290946660840801
2017-11-09,0.6526070475395994,0.0,0.34739295246040064
2017-11-10,0.6264287901588165,0.0,0.3735712098411835
2017-11-11,0.5887947676184748,0.0,0.4112052323815252
2017-11-12,0.570763865589382,0.0,0.4292361344106181
2017-11-13,0.5944822784458578,0.0,0.40551772155414223
2017-11-14,0.593569782050241,0.0,0.406430217949759
2017-11-15,0.6196125195265803,0.0,0.3803874804734198
2017-11-16,0.6509463875377074,0.0,0.34905361246229255
2017-11-17,0.6287589496021867,0.0,0.37124105039781324
2017-11-18,0.6210563956648703,0.0,0.37894360433512975
2017-11-19,0.630367999461417,0.0,0.369632000538583
2017-11-20,0.6259255808415851,0.0,0.37407441915841483
2017-11-21,0.6284989503751538,0.0,0.37150104962484615
2017-11-22,0.6179259801824849,0.0,0.38207401981751515
2017-11-23,0.5879528792662213,0.0,0.41204712073377864
2017-11-24,0.5787482428489735,0.0,0.42125175715102653
2017-11-25,0.5855297284585051,0.0,0.4144702715414949
2017-11-26,0.5930315803435825,0.0,0.4069684196564175
2017-11-27,0.6047354767602225,0.0,0.39526452323977745
2017-11-28,0.6062673040721079,0.0,0.3937326959278921
2017-11-29,0.6309215230515953,0.0,0.3690784769484046
2017-11-30,0.6274679155968655,0.0,0.3725320844031345
2017-12-01,0.6326562914787182,0.0,0.36734370852128184
2017-12-02,0.636893037345028,0.0,0.363106962654972
2017-12-03,0.6339534415389079,0.0,0.36604655846109213
2017-12-04,0.6327430935712086,0.0,0.36725690642879144
2017-12-05,0.6361159107595739,0.0,0.36388408924042615
2017-12-06,0.6862008227820738,0.0,0.3137991772179262
2017-12-07,0.737874510170841,0.0,0.2621254898291589
2017-12-08,0.6995941235538323,0.0,0.3004058764461676
2017-12-09,0.6828146623329118,0.0,0.31718533766708823
2017-12-10,0.7015072579507158,0.0,0.2984927420492843
2017-12-11,0.692715625845374,0.0,0.307284374154626
2017-12-12,0.6512724494289739,0.0,0.34872755057102606
2017-12-13,0.6294613620994394,0.0,0.37053863790056063
2017-12-14,0.6015660361466657,0.0,0.3984339638533343
2017-12-15,0.6277388893565393,0.0,0.37226111064346074
2017-12-16,0.6415127991422607,0.0,0.35848720085773933
2017-12-17,0.626893715652912,0.0,0.37310628434708804
2017-12-18,0.6026506531559905,0.0,0.3973493468440094
2017-12-19,0.5642778152684764,0.0,0.43572218473152363
2017-12-20,0.5299922824144873,0.0,0.47000771758551274
2017-12-21,0.5132410327029006,0.0,0.48675896729709944
2017-12-22,0.5232970853466631,0.0,0.47670291465333686
2017-12-23,0.5165844788444444,0.0,0.4834155211555556
2017-12-24,0.5204147286592048,0.0,0.4795852713407952
2017-12-25,0.5093034936243751,0.0,0.4906965063756249
2017-12-26,0.5346556733719854,0.0,0.4653443266280146
2017-12-27,0.5284421183165893,0.0,0.4715578816834108
2017-12-28,0.5184416943121184,0.0,0.48155830568788155
2017-12-29,0.4791117073697909,0.0,0.5208882926302091
2017-12-30,0.4618091321655711,0.0,0.5381908678344289
2017-12-31,0.46776321727143344,0.0,0.5322367827285666
2018-01-01,0.45267663332230296,0.0,0.5473233666776971
2018-01-02,0.4535759220935455,0.0,0.5464240779064545
2018-01-03,0.4204280539813057,0.0,0.5795719460186943
2018-01-04,0.4246841446073536,0.0,0.5753158553926464
2018-01-05,0.4560073084347083,0.0,0.5439926915652916
2018-01-06,0.44927024545146244,0.0,0.5507297545485376
2018-01-07,0.41806444245749236,0.0,0.5819355575425077
2018-01-08,0.43456000525650096,0.0,0.565439994743499
2018-01-09,0.4297360826391662,0.0,0.5702639173608338
2018-01-10,0.43718532637719776,0.0,0.5628146736228022
2018-01-11,0.42992969014866905,0.0,0.570070309851331
2018-01-12,0.41818729035553553,0.0,0.5818127096444645
2018-01-13,0.4132754431585957,0.0,0.5867245568414042
2018-01-14,0.41442791355720365,0.0,0.5855720864427963
2018-01-15,0.4291564870583494,0.0,0.5708435129416506
2018-01-16,0.4476174656459636,0.0,0.5523825343540364
2018-01-17,0.4397538855623125,0.0,0.5602461144376876
2018-01-18,0.43011758383958787,0.0,0.5698824161604121
2018-01-19,0.43460886232822343,0.0,0.5653911376717765
2018-01-20,0.4388334801753231,0.0,0.5611665198246769
2018-01-21,0.4417241552859406,0.0,0.5582758447140594
2018-01-22,0.4375950246387891,0.0,0.5624049753612109
2018-01-23,0.4401020438211328,0.0,0.5598979561788672
2018-01-24,0.4376512754357382,0.0,0.5623487245642619
2018-01-25,0.43598934509675846,0.0,0.5640106549032415
2018-01-26,0.4395940450728136,0.0,0.5604059549271864
2018-01-27,0.43805336812332096,0.0,0.561946631876679
2018-01-28,0.420818283884447,0.0,0.579181716115553
2018-01-29,0.4230706119066014,0.0,0.5769293880933986
2018-01-30,0.4265461034331509,0.0,0.5734538965668491
2018-01-31,0.4219505640793023,0.0,0.5780494359206977
2018-02-01,0.42661514920115645,0.0,0.5733848507988435
2018-02-02,0.4416207982258351,0.0,0.5583792017741649
2018-02-03,0.4363393752894715,0.0,0.5636606247105286
2018-02-04,0.44296555412503497,0.0,0.5570344458749651
2018-02-05,0.44607261723532493,0.0,0.553927382764675
2018-02-06,0.44045974178439495,0.0,0.559540258215605
2018-02-07,0.44916242313554233,0.0,0.5508375768644578
2018-02-08,0.44325078775295046,0.0,0.5567492122470495
2018-02-09,0.434445964856095,0.0,0.565554035143905
2018-02-10,0.4306615818775633,0.0,0.5693384181224367
2018-02-11,0.4309421854129358,0.0,0.5690578145870642
2018-02-12,0.43743916081005724,0.0,0.5625608391899428
2018-02-13,0.43549244921442154,0.0,0.5645075507855785
2018-02-14,0.43436028633567547,0.0,0.5656397136643245
2018-02-15,0.44745657865160515,0.0,0.5525434213483948
2018-02-16,0.4447780343160039,0.0,0.5552219656839962
2018-02-17,0.45702073754238726,0.0,0.5429792624576127
2018-02-18,0.4592751271552738,0.0,0.5407248728447263
2018-02-19,0.4682743128260775,0.0,0.5317256871739225
2018-02-20,0.48507276023473894,0.0,0.514927239765261
2018-02-21,0.48365315819300675,0.0,0.5163468418069933
2018-02-22,0.4823741371601234,0.0,0.5176258628398767
2018-02-23,0.47586437040577534,0.0,0.5241356295942247
2018-02-24,0.4729609945641739,0.0,0.527039005435826
2018-02-25,0.46802908720068015,0.0,0.5319709127993199
2018-02-26,0.4782050988709031,0.0,0.5217949011290969
2018-02-27,0.485092661063809,0.0,0.514907338936191
2018-02-28,0.4873443272760749,0.0,0.5126556727239251
2018-03-01,0.49418836907234853,0.0,0.5058116309276515
2018-03-02,0.502178254546944,0.0,0.4978217454530561
2018-03-03,0.5106389788649395,0.0,0.4893610211350605
2018-03-04,0.5035048778999175,0.0,0.4964951221000825
2018-03-05,0.5104245137728712,0.0,0.4895754862271287
2018-03-06,0.5048979245409149,0.0,0.49510207545908513
2018-03-07,0.5040255019950501,0.0,0.49597449800494986
2018-03-08,0.5058171915178054,0.0,0.4941828084821946
2018-03-09,0.4970401290746236,0.0,0.5029598709253764
2018-03-10,0.49959724116604887,0.0,0.5004027588339511
2018-03-11,0.5035861330366241,0.0,0.49641386696337586
2018-03-12,0.5045361976352691,0.0,0.4954638023647308
2018-03-13,0.5064505081638635,0.0,0.4935494918361365
2018-03-14,0.509331767392916,0.0,0.4906682326070841
2018-03-15,0.5127765878832797,0.0,0.4872234121167202
2018-03-16,0.5160074741337515,0.0,0.4839925258662485
2018-03-17,0.5226558638002163,0.0,0.47734413619978366
2018-03-18,0.5319998648300415,0.0,0.4680001351699585
2018-03-19,0.5237905776491805,0.0,0.47620942235081953
2018-03-20,0.5303462869071742,0.0,0.4696537130928257
2018-03-21,0.5312604469006414,0.0,0.46873955309935855
2018-03-22,0.53479185484573,0.0,0.46520814515427
2018-03-23,0.5408998177266133,0.0,0.4591001822733866
2018-03-24,0.5407189084174675,0.0,0.45928109158253255
2018-03-25,0.5368441494439418,0.0,0.46315585055605824
2018-03-26,0.5451927642079933,0.0,0.45480723579200666
2018-03-27,0.5495488882516862,0.0,0.4504511117483138
2018-03-28,0.5538389143723532,0.0,0.4461610856276467
2018-03-29,0.5612803292839277,0.0,0.4387196707160723
2018-03-30,0.5498015727711104,0.0,0.45019842722888964
2018-03-31,0.5518312172591363,0.0,0.4481687827408637
2018-04-01,0.5584975473250322,0.0,0.44150245267496774
2018-04-02,0.559825269871183,0.0,0.440174730128817
2018-04-03,0.5516887017183996,0.0,0.44831129828160043
2018-04-04,0.5557325256430788,0.0,0.44426747435692115
2018-04-05,0.5535431103014034,0.0,0.4464568896985966
2018-04-06,0.5575586770058804,0.0,0.4424413229941197
2018-04-07,0.5590318732341357,0.0,0.44096812676586433
2018-04-08,0.5552379055084309,0.0,0.44476209449156906
2018-04-09,0.5492020365726419,0.0,0.4507979634273582
2018-04-10,0.5463309956413416,0.0,0.4536690043586584
2018-04-11,0.5337135753824167,0.0,0.4662864246175833
2018-04-12,0.5315828350161537,0.0,0.4684171649838464
2018-04-13,0.5325269075762766,0.0,0.4674730924237233
2018-04-14,0.5329875530702589,0.0,0.46701244692974114
2018-04-15,0.5268238216050282,0.0,0.4731761783949719
2018-04-16,0.5246119988414106,0.0,0.4753880011585894
2018-04-17,0.5215416283906001,0.0,0.4784583716093999
2018-04-18,0.51112910657798,0.0,0.4888708934220199
2018-04-19,0.49610433125541065,0.0,0.5038956687445894
2018-04-20,0.4842950036499865,0.0,0.5157049963500134
2018-04-21,0.4922808915875235,0.0,0.5077191084124766
2018-04-22,0.48603777858372627,0.0,0.5139622214162738
2018-04-23,0.4781474915314689,0.0,0.5218525084685312
2018-04-24,0.4782585161606403,0.0,0.5217414838393597
2018-04-25,0.4889040266723383,0.0,0.5110959733276617
2018-04-26,0.4811378554937114,0.0,0.5188621445062885
2018-04-27,0.47986891969556705,0.0,0.520131080304433
2018-04-28,0.4720097022341835,0.0,0.5279902977658165
2018-04-29,0.4663956832003344,0.0,0.5336043167996656
2018-04-30,0.4750881463730268,0.0,0.5249118536269732
2018-05-01,0.4683775570834284,0.0,0.5316224429165717
2018-05-02,0.4642022715655613,0.0,0.5357977284344386
2018-05-03,0.46279711515431426,0.0,0.5372028848456857
2018-05-04,0.46130189657017556,0.0,0.5386981034298244
2018-05-05,0.45466797524460845,0.0,0.5453320247553916
2018-05-06,0.45592223531921,0.0,0.54407776468079
2018-05-07,0.4590572781746438,0.0,0.5409427218253562
2018-05-08,0.4572422392231664,0.0,0.5427577607768336
2018-05-09,0.46139739487284304,0.0,0.538602605127157
2018-05-10,0.4658660903291116,0.0,0.5341339096708885
2018-05-11,0.4727342340903979,0.0,0.5272657659096022
2018-05-12,0.4683781868019907,0.0,0.5316218131980093
2018-05-13,0.4611636391012412,0.0,0.5388363608987587
2018-05-14,0.4651619740677517,0.0,0.5348380259322483
2018-05-15,0.47037171506247566,0.0,0.5296282849375243
2018-05-16,0.46811318599503876,0.0,0.5318868140049612
2018-05-17,0.47350832341913973,0.0,0.5264916765808603
2018-05-18,0.47221826332443784,0.0,0.5277817366755622
2018-05-19,0.47262746838239167,0.0,0.5273725316176083
2018-05-20,0.4696498606946043,0.0,0.5303501393053957
2018-05-21,0.4737184017966039,0.0,0.526281598203396
2018-05-22,0.48045659993165524,0.0,0.5195434000683447
2018-05-23,0.48963539622115937,0.0,0.5103646037788406
2018-05-24,0.478287847222403,0.0,0.5217121527775971
2018-05-25,0.482503897872781,0.0,0.517496102127219
2018-05-26,0.4783695309084646,0.0,0.5216304690915353
2018-05-27,0.48287810928142627,0.0,0.5171218907185737
2018-05-28,0.4993853887225575,0.0,0.5006146112774426
2018-05-29,0.4880965391049421,0.0,0.5119034608950579
2018-05-30,0.4873860823059611,0.0,0.5126139176940389
2018-05-31,0.48357665432856417,0.0,0.5164233456714359
2018-06-01,0.48306328104254753,0.0,0.5169367189574524
2018-06-02,0.475548155804089,0.0,0.5244518441959111
2018-06-03,0.46932403930716726,0.0,0.5306759606928327
2018-06-04,0.47333907225968386,0.0,0.5266609277403161
2018-06-05,0.4701863646232699,0.0,0.5298136353767301
2018-06-06,0.4729135379730767,0.0,0.5270864620269232
2018-06-07,0.4728082377408914,0.0,0.5271917622591085
2018-06-08,0.47428107990098317,0.0,0.5257189200990169
2018-06-09,0.4745227477763478,0.0,0.5254772522236523
2018-06-10,0.48255698221874543,0.0,0.5174430177812546
2018-06-11,0.48220266250010235,0.0,0.5177973374998976
2018-06-12,0.490698888468026,0.0,0.509301111531974
2018-06-13,0.4919353526385034,0.0,0.5080646473614966
2018-06-14,0.4855912810633482,0.0,0.5144087189366519
2018-06-15,0.49060619211208895,0.0,0.509393807887911
2018-06-16,0.49228579764139946,0.0,0.5077142023586005
2018-06-17,0.4916768954787606,0.0,0.5083231045212394
2018-06-18,0.4930902809479825,0.0,0.5069097190520174
2018-06-19,0.4879481110484962,0.0,0.5120518889515038
2018-06-20,0.491064075024718,0.0,0.5089359249752821
2018-06-21,0.492686707159053,0.0,0.507313292840947
2018-06-22,0.4991972889902938,0.0,0.5008027110097062
2018-06-23,0.500096354431551,0.0,0.499903645568449
2018-06-24,0.5088525193812911,0.0,0.49114748061870894
2018-06-25,0.5094208755415459,0.0,0.49057912445845403
2018-06-26,0.519217279531062,0.013482966204565868,0.46729975426437204
2018-06-27,0.5150676971194046,0.013201456496366145,0.4717308463842293
2018-06-28,0.5180516077212661,0.013836639791364128,0.4681117524873698
2018-06-29,0.5220926500070305,0.013318511939510511,0.4645888380534589
2018-06-30,0.5192087104004222,0.01280652194132958,0.4679847676582483
2018-07-01,0.5189064173176854,0.012829362375932834,0.4682642203063818
2018-07-02,0.5140850726949603,0.012270516228177226,0.47364441107686245
2018-07-03,0.5153272665353865,0.012476680951880795,0.47219605251273267
2018-07-04,0.5158213880912669,0.012344903297015061,0.47183370861171803
2018-07-05,0.5178866164558174,0.012401054640189816,0.4697123289039929
2018-07-06,0.5214227065699749,0.011925771365218938,0.4666515220648061
2018-07-07,0.5194772808734477,0.011597310673650685,0.46892540845290154
2018-07-08,0.5209447921007313,0.011748350733185739,0.46730685716608295
2018-07-09,0.5267199512111534,0.011972632591294274,0.4613074161975523
2018-07-10,0.530381028112356,0.012758493520586438,0.4568604783670575
2018-07-11,0.5277261813143579,0.012564341807501803,0.4597094768781403
2018-07-12,0.5295076332594374,0.013409490262190793,0.45708287647837187
2018-07-13,0.5260651843497464,0.013332480280132567,0.4606023353701211
2018-07-14,0.526396463487927,0.013274980367794257,0.46032855614427876
2018-07-15,0.5223682076644189,0.012943378116005438,0.46468841421957563
2018-07-16,0.5178734009530217,0.012113201873080022,0.4700133971738983
2018-07-17,0.5262895006108642,0.011345939872081441,0.46236455951705435
2018-07-18,0.5335976206886681,0.011448182191085926,0.45495419712024593
2018-07-19,0.5408362983130668,0.01140562949624902,0.44775807219068425
2018-07-20,0.5512619234358022,0.011618535148992767,0.43711954141520504
2018-07-21,0.5470953420908925,0.0114170087950687,0.4414876491140388
2018-07-22,0.5489852421020145,0.01145390717554264,0.4395608507224429
2018-07-23,0.5619503409209006,0.011039930563554363,0.4270097285155451
2018-07-24,0.5688984594655605,0.0,0.4311015405344395
2018-07-25,0.5638803648144852,0.010051169624182984,0.42606846556133166
2018-07-26,0.5626644082003289,0.010309457002063245,0.42702613479760787
2018-07-27,0.5664228414012737,0.01009735849842593,0.4234798001003003
2018-07-28,0.5683024312565577,0.010104022373361806,0.42159354637008045
2018-07-29,0.5688691785150719,0.0,0.4311308214849281
2018-07-30,0.5739789079661947,0.010227719951800187,0.41579337208200523
2018-07-31,0.5728985113398002,0.010545863753356668,0.41655562490684317
2018-08-01,0.5715997418131183,0.01045099687701623,0.4179492613098654
2018-08-02,0.5770753356690764,0.010732602846030443,0.41219206148489307
2018-08-03,0.569807921275352,0.010857582041325026,0.419334496683323
2018-08-04,0.5646117597004762,0.011364632871266774,0.4240236074282571
2018-08-05,0.5625985255266293,0.011275239189684058,0.42612623528368665
2018-08-06,0.5637016720081874,0.011504315328618866,0.42479401266319367
2018-08-07,0.5721963270868347,0.01202688963348306,0.4157767832796823
2018-08-08,0.5792294905577449,0.012878352660471937,0.40789215678178325
2018-08-09,0.580307011485872,0.012417101977418648,0.4072758865367093
2018-08-10,0.5839651172531628,0.013233280733368798,0.40280160201346843
2018-08-11,0.5969475125973349,0.01339704779189435,0.3896554396107707
2018-08-12,0.5985310053773414,0.013249826538290755,0.3882191680843679
2018-08-13,0.6165040308257523,0.013747813487695278,0.36974815568655245
2018-08-14,0.6197246870598477,0.013947041127077009,0.36632827181307526
2018-08-15,0.6206454785221741,0.01377625111588109,0.3655782703619448
2018-08-16,0.6180513778723804,0.013659991475547613,0.368288630652072
2018-08-17,0.5954756378492083,0.014171117992477144,0.3903532441583145
2018-08-18,0.6072093838498017,0.014987212797837808,0.37780340335236046
2018-08-19,0.6046534366877784,0.014699517414277956,0.38064704589794374
2018-08-20,0.616707270944609,0.015535486369267567,0.3677572426861234
2018-08-21,0.615963597123416,0.015565375197509255,0.36847102767907475
2018-08-22,0.62048979383954,0.015947853888952212,0.36356235227150785
2018-08-23,0.6203625784673976,0.015370451920460748,0.3642669696121416
2018-08-24,0.6239475065054599,0.015074039998787214,0.36097845349575286
2018-08-25,0.6265898082140493,0.015027914526623708,0.358382277259327
2018-08-26,0.6280564339161775,0.015159957929624785,0.3567836081541977
2018-08-27,0.6234249220114592,0.014742428500766168,0.36183264948777466
2018-08-28,0.6199998625086319,0.01424529645918635,0.3657548410321817
2018-08-29,0.6228245492207991,0.014272889641213482,0.36290256113798747
2018-08-30,0.625346006475777,0.014461493259026206,0.3601925002651969
2018-08-31,0.626151690735834,0.014199161749858974,0.35964914751430704
2018-09-01,0.6194417038225933,0.013649795816732486,0.36690850036067424
2018-09-02,0.6219051386869703,0.014061666677808596,0.36403319463522116
2018-09-03,0.6247978102315099,0.013962277801489387,0.3612399119670007
2018-09-04,0.6288150831301395,0.013695725529056537,0.357489191340804
2018-09-05,0.6502032899774298,0.015415516019415248,0.33438119400315497
2018-09-06,0.6398395641412779,0.015670507587631596,0.3444899282710906
2018-09-07,0.6467911625304014,0.01607819062741514,0.33713064684218347
2018-09-08,0.6531761940006742,0.016828851083587684,0.3299949549157381
2018-09-09,0.6550298272604778,0.016685857710406073,0.3282843150291162
2018-09-10,0.6586856204029518,0.01663937489312422,0.324675004703924
2018-09-11,0.6662995586996676,0.01690738666269994,0.31679305463763235
2018-09-12,0.6686997847863148,0.016829241937365205,0.31447097327632
2018-09-13,0.6555350325676018,0.01615915518609322,0.32830581224630495
2018-09-14,0.6569055277961694,0.016138567948980578,0.32695590425485005
2018-09-15,0.6519369827467114,0.01591641322042554,0.332146604032863
2018-09-16,0.6519425094904516,0.01598005155291339,0.33207743895663494
2018-09-17,0.6607778594618974,0.016856377253639563,0.32236576328446304
2018-09-18,0.6475597920787556,0.016253725660911645,0.3361864822603328
2018-09-19,0.6478750299881794,0.016165461335534197,0.3359595086762865
2018-09-20,0.6222065270452392,0.015247768875808346,0.3625457040789525
2018-09-21,0.6015785828247879,0.014425176100640091,0.38399624107457203
2018-09-22,0.6041337752421305,0.014607500029903665,0.38125872472796585
2018-09-23,0.599040813055465,0.01448688483475443,0.3864723021097806
2018-09-24,0.6149358942813676,0.015146425555371608,0.3699176801632607
2018-09-25,0.6112743674068573,0.015399334177229555,0.37332629841591325
2018-09-26,0.6114191400332133,0.015312182099777371,0.37326867786700935
2018-09-27,0.6044210623711253,0.014649489572774661,0.38092944805610013
2018-09-28,0.6077715191749706,0.014865443113711501,0.37736303771131785
2018-09-29,0.5995067509985921,0.014728500403618878,0.3857647485977891
2018-09-30,0.5988185283933144,0.014668595426840379,0.38651287617984526
2018-10-01,0.5990176901182128,0.014715874176757078,0.3862664357050301
2018-10-02,0.6069287126755737,0.015012272385206613,0.37805901493921973
2018-10-03,0.6085492053791834,0.015156835079604976,0.3762939595412116
2018-10-04,0.6101223152666544,0.014987343696597611,0.374890341036748
2018-10-05,0.6101254863443587,0.01487626156282955,0.37499825209281185
2018-10-06,0.6153420606222479,0.015101111614872889,0.36955682776287924
2018-10-07,0.6151259434378442,0.015052322241394822,0.369821734320761
2018-10-08,0.6129665782448741,0.014874946944307599,0.37215847481081826
2018-10-09,0.61582009100433,0.014445102297706583,0.3697348066979635
2018-10-10,0.6175995598108971,0.014562925295354615,0.3678375148937483
2018-10-11,0.6436426258422066,0.015966345642366552,0.3403910285154269
2018-10-12,0.6337042055375042,0.015689354262623363,0.35060644019987247
2018-10-13,0.6324967169187795,0.015534255784601821,0.3519690272966186
2018-10-14,0.6390146340701693,0.01454435332969315,0.3464410126001375
2018-10-15,0.6340510473223381,0.013629971143612018,0.3523189815340499
2018-10-16,0.6314903085740636,0.01215835500479993,0.3563513364211365
2018-10-17,0.631114120985911,0.011926305897668504,0.3569595731164205
2018-10-18,0.6332189688104298,0.011767183850302168,0.355013847339268
2018-10-19,0.6327799937306025,0.011581771929027315,0.3556382343403702
2018-10-20,0.6315903300819347,0.011471207571286763,0.35693846234677856
2018-10-21,0.6318355141480052,0.011483344728161355,0.3566811411238334
2018-10-22,0.633183667099223,0.011503272267584557,0.35531306063319235
2018-10-23,0.6315702983681726,0.011261340683204892,0.3571683609486226
2018-10-24,0.6337160989315196,0.011271159946882823,0.3550127411215976
2018-10-25,0.6337685894828218,0.010749042065946618,0.35548236845123166
2018-10-26,0.6335877604658078,0.010758288663671439,0.3556539508705207
2018-10-27,0.6344924478157811,0.010799200562718147,0.3547083516215008
2018-10-28,0.6326486856262168,0.01081479045872046,0.3565365239150627
2018-10-29,0.6374427201466171,0.011142309391027685,0.35141497046235526
2018-10-30,0.63673605719532,0.010546321034042684,0.3527176217706373
2018-10-31,0.6356250123946426,0.010177473033171123,0.35419751457218623
2018-11-01,0.6355537881156215,0.01011587308337445,0.3543303388010041
2018-11-02,0.6309196100043505,0.010042336816071059,0.3590380531795785
2018-11-03,0.6296428078171343,0.01012375364618428,0.3602334385366813
2018-11-04,0.6194530257466766,0.009829179680352552,0.3707177945729709
2018-11-05,0.6154284391514943,0.009741940491867924,0.37482962035663775
2018-11-06,0.5999350150114059,0.009431412418958375,0.39063357256963577
2018-11-07,0.6066545614198364,0.009439705984851185,0.3839057325953124
2018-11-08,0.6147976956732073,0.009689217137355106,0.37551308718943754
2018-11-09,0.6146315063889229,0.009793918175772704,0.37557457543530437
2018-11-10,0.6125267190296424,0.009746477338715436,0.3777268036316421
2018-11-11,0.6139418139220115,0.009316863566904896,0.37674132251108355
2018-11-12,0.613053231226897,0.009348436571794043,0.37759833220130895
2018-11-13,0.6166756465182532,0.009381897146711865,0.37394245633503487
2018-11-14,0.6184299657160391,0.010230472352518514,0.37133956193144235
2018-11-15,0.6142390220580273,0.010486903898532966,0.3752740740434398
2018-11-16,0.6183154691661236,0.010747270895649195,0.37093725993822724
2018-11-17,0.6141744653273367,0.011015973130781015,0.37480956154188233
2018-11-18,0.6122927983881745,0.010919422563674622,0.3767877790481508
2018-11-19,0.6059872697055266,0.012350978178679623,0.3816617521157938
2018-11-20,0.617537271054149,0.013962675133413153,0.36850005381243783
2018-11-21,0.6160253539525326,0.013732748837807552,0.37024189720966
2018-11-22,0.6189269199853329,0.01470002669988318,0.3663730533147839
2018-11-23,0.6245442829280474,0.014663258764148982,0.3607924583078036
2018-11-24,0.6197783394048759,0.016259425814099972,0.3639622347810241
2018-11-25,0.6238123996267101,0.016287211304606457,0.35990038906868344
2018-11-26,0.6169228744024159,0.017024918022472326,0.36605220757511175
2018-11-27,0.6197957823119813,0.017037883728352646,0.36316633395966613
2018-11-28,0.6245286826211294,0.01563049325272172,0.35984082412614876
2018-11-29,0.6328379937107661,0.0157383046705029,0.35142370161873104
2018-11-30,0.6278802421019906,0.016537942323539487,0.35558181557446994
2018-12-01,0.6314646919844322,0.015999443924837854,0.3525358640907299
2018-12-02,0.6304544136904969,0.01621756534387463,0.3533280209656285
2018-12-03,0.6305821138582901,0.01721238298610035,0.3522055031556096
2018-12-04,0.6351869872838382,0.017120219462620424,0.3476927932535414
2018-12-05,0.6375440552555931,0.01798286870382377,0.3444730760405831
2018-12-06,0.6430274157378295,0.01943913366890045,0.33753345059327
2018-12-07,0.6383001989949028,0.01992774489106336,0.34177205611403394
2018-12-08,0.6410599104193885,0.020053266990759856,0.33888682258985164
2018-12-09,0.6435072394386522,0.019273885273029194,0.3372188752883186
2018-12-10,0.6438475775761582,0.019918203314503537,0.3362342191093383
2018-12-11,0.6442591942378423,0.020246881924506056,0.3354939238376517
2018-12-12,0.644395879981694,0.01988655200560716,0.3357175680126988
2018-12-13,0.6429664166354702,0.020746161579755777,0.33628742178477405
2018-12-14,0.6468383958170074,0.021302000310747134,0.3318596038722455
2018-12-15,0.6475538114418556,0.02142049865016833,0.33102568990797604
2018-12-16,0.644545666132512,0.02124231797999062,0.3342120158874974
2018-12-17,0.6376091960631778,0.019343997344211397,0.34304680659261083
2018-12-18,0.6329815838383346,0.01847491130556551,0.3485435048560999
2018-12-19,0.6333844906925783,0.018409478384883105,0.34820603092253855
2018-12-20,0.6275145335317523,0.016475863905856092,0.35600960256239156
2018-12-21,0.6234006531664695,0.017298802139501412,0.3593005446940291
2018-12-22,0.6239043558819164,0.01689099313298441,0.3592046509850992
2018-12-23,0.6113328137216685,0.01653252845633863,0.37213465782199273
2018-12-24,0.6046765066021316,0.016028730206802986,0.3792947631910654
2018-12-25,0.6054110126394542,0.017208181321679207,0.3773808060388666
2018-12-26,0.6064112297054844,0.017056249986000423,0.37653252030851514
2018-12-27,0.6192245345310233,0.018462501972458308,0.36231296349651837
2018-12-28,0.6069046017739649,0.016851416666861678,0.3762439815591735
2018-12-29,0.604663337548974,0.017382430164279462,0.37795423228674657
2018-12-30,0.6059725680589002,0.017005984590372517,0.3770214473507273
2018-12-31,0.6094615697696365,0.017577232194506406,0.37296119803585714
2019-01-01,0.6050495600708348,0.01706772739458139,0.37788271253458383
2019-01-02,0.5979279507725803,0.016573938423925696,0.385498110803494
2019-01-03,0.6014296290852917,0.017059100756584185,0.3815112701581241
2019-01-04,0.5996464019586754,0.016898078164365782,0.3834555198769589
2019-01-05,0.5977533247666658,0.016919009560972014,0.3853276656723622
2019-01-06,0.6039468600725684,0.016202785781881286,0.37985035414555035
2019-01-07,0.6062212741795977,0.016379264807665224,0.37739946101273714
2019-01-08,0.6054187318680969,0.016519146231443023,0.37806212190046007
2019-01-09,0.6033040203821532,0.01646312585407913,0.3802328537637675
2019-01-10,0.6118420272895981,0.01857286684493584,0.369585105865466
2019-01-11,0.6144950577955475,0.018816515642273,0.36668842656217954
2019-01-12,0.6143509880418041,0.018899056074317164,0.36674995588387876
2019-01-13,0.6200315312862918,0.019638332695957352,0.3603301360177508
2019-01-14,0.6128668014516012,0.01886302817235317,0.3682701703760456
2019-01-15,0.6161629536720683,0.01971084824088466,0.3641261980870471
2019-01-16,0.6152834423906974,0.01958665862078686,0.3651298989885157
2019-01-17,0.6159376587541933,0.01953237725289381,0.3645299639929129
2019-01-18,0.6188141270447747,0.01982956975321834,0.36135630320200696
2019-01-19,0.6185735235686702,0.019444681889909655,0.36198179454142004
2019-01-20,0.6186403429478848,0.020140598279911433,0.36121905877220367
2019-01-21,0.6182826692711797,0.020197215305805056,0.36152011542301526
2019-01-22,0.6177388012288898,0.019936997342123817,0.36232420142898647
2019-01-23,0.6177077197291804,0.020027374529941643,0.36226490574087805
2019-01-24,0.6184952861557363,0.019968795479656624,0.36153591836460697
2019-01-25,0.6192323661111248,0.020036052250973484,0.3607315816379018
2019-01-26,0.619547707820091,0.020004182302362117,0.3604481098775469
2019-01-27,0.6229449720214196,0.02020474906980332,0.356850278908777
2019-01-28,0.6289428781840609,0.021104259981865627,0.3499528618340734
2019-01-29,0.6300618633617872,0.021289346763857516,0.3486487898743553
2019-01-30,0.6202332119531659,0.020680262028793285,0.3590865260180407
2019-01-31,0.6243278913801587,0.020970812324222838,0.3547012962956185
2019-02-01,0.6251242888493058,0.02080999236834088,0.3540657187823532
2019-02-02,0.6231586085172948,0.020473625537432257,0.35636776594527303
2019-02-03,0.6253171283282101,0.020825581207110307,0.3538572904646797
2019-02-04,0.6244862018075763,0.020820353605517507,0.35469344458690616
2019-02-05,0.6265075267022736,0.020836045858626893,0.35265642743909953
2019-02-06,0.6282167165011329,0.021246057470602576,0.35053722602826454
2019-02-07,0.6273788335765321,0.021305907274541833,0.351315259148926
2019-02-08,0.6205292468431577,0.01955456276144655,0.3599161903953958
2019-02-09,0.6202712529788277,0.019488665350122197,0.36024008167105015
2019-02-10,0.617455445416981,0.019374114700522305,0.36317043988249664
2019-02-11,0.6214242420283399,0.01969971358191559,0.3588760443897446
2019-02-12,0.6191953531738126,0.01961575050662486,0.3611888963195625
2019-02-13,0.619713931227498,0.01974581206029172,0.3605402567122103
2019-02-14,0.6213890065209677,0.01993008062137453,0.35868091285765774
2019-02-15,0.6197101235560616,0.01979289481837078,0.3604969816255677
2019-02-16,0.6193909368741684,0.019728184533080145,0.36088087859275153
2019-02-17,0.6145628720509425,0.019293046214464035,0.3661440817345934
2019-02-18,0.6104632406538074,0.018059335707480455,0.37147742363871206
2019-02-19,0.6104339675902838,0.017951446798284372,0.37161458561143174
2019-02-20,0.605307323215149,0.017553303059036095,0.37713937372581474
2019-02-21,0.6096733650615681,0.01783723292268376,0.37248940201574815
2019-02-22,0.6094556331598638,0.01767225330200375,0.37287211353813243
2019-02-23,0.6064148509503103,0.01700060072621864,0.3765845483234711
2019-02-24,0.6161803593972416,0.018843567232009514,0.3649760733707489
2019-02-25,0.6106310857706287,0.018378849379188447,0.3709900648501828
2019-02-26,0.613299762414092,0.018515758252868164,0.3681844793330398
2019-02-27,0.6154449445100939,0.018561484000274544,0.36599357148963135
2019-02-28,0.6144457486424473,0.01853017461886592,0.36702407673868676
2019-03-01,0.6131602814333325,0.018407764709611855,0.36843195385705574
2019-03-02,0.6147783550805227,0.018533093949420956,0.3666885509700562
2019-03-03,0.6156685042929447,0.018611760601843774,0.36571973510521144
2019-03-04,0.6178272314081765,0.019126690851875666,0.3630460777399478
2019-03-05,0.6095823313389372,0.01820822483487026,0.37220944382619264
2019-03-06,0.6084246533480974,0.017872021001503393,0.3737033256503994
2019-03-07,0.6090150082845962,0.017815813792330475,0.3731691779230734
2019-03-08,0.6131252295857006,0.018000507227272255,0.36887426318702704
2019-03-09,0.6121952182239567,0.017627271762231413,0.37017751001381194
2019-03-10,0.6117829377372339,0.01771590313419486,0.37050115912857107
2019-03-11,0.6126817742527774,0.01796891348907056,0.36934931225815215
2019-03-12,0.6110793551279171,0.017863371160431858,0.371057273711651
2019-03-13,0.6111091075770047,0.017935562930398954,0.3709553294925963
2019-03-14,0.6115975485851299,0.017908954678148847,0.3704934967367212
2019-03-15,0.6085579424152671,0.01763780308647369,0.37380425449825927
2019-03-16,0.6062646987183669,0.01722430260573912,0.3765109986758939
2019-03-17,0.6077908586798332,0.01733672749597534,0.3748724138241914
2019-03-18,0.6078847919999022,0.01733575393699575,0.3747794540631019
2019-03-19,0.6090577758375487,0.01733608903124816,0.37360613513120317
2019-03-20,0.6102448216464291,0.017239799464153473,0.3725153788894174
2019-03-21,0.613090708958875,0.017588862986493207,0.36932042805463183
2019-03-22,0.6116498844488722,0.017497436851849846,0.37085267869927785
2019-03-23,0.6093534781629795,0.017456344182995347,0.3731901776540251
2019-03-24,0.6096653985551506,0.017492912279730453,0.37284168916511884
2019-03-25,0.6098475887756473,0.01779098450670016,0.37236142671765277
2019-03-26,0.6101822127611412,0.01774970822497577,0.3720680790138832
2019-03-27,0.6053617220595834,0.017264085379128265,0.3773741925612884
2019-03-28,0.6070317806549153,0.017362238605034802,0.37560598074005
2019-03-29,0.6067947270601461,0.017022097614599736,0.3761831753252542
2019-03-30,0.6076265760200209,0.017043900628981517,0.3753295233509975
2019-03-31,0.607789738439007,0.017055787659117423,0.3751544739018756
2019-04-01,0.6089343643516179,0.01699404694039167,0.3740715887079905
2019-04-02,0.6108163682802534,0.014623776984256614,0.37455985473549
2019-04-03,0.6103639270185945,0.014509533983851679,0.3751265389975537
2019-04-04,0.6130151882197761,0.014737046612037051,0.3722477651681868
2019-04-05,0.6062978646231627,0.014283362221454703,0.3794187731553826
2019-04-06,0.6069347200643245,0.01419793741934698,0.3788673425163285
2019-04-07,0.607015863527526,0.013838921003818134,0.37914521546865587
2019-04-08,0.6104622357339213,0.01412662957031718,0.37541113469576154
2019-04-09,0.6119692607771744,0.014748533571747477,0.37328220565107817
2019-04-10,0.6130853580238548,0.01482740692422544,0.3720872350519198
2019-04-11,0.6185070785326567,0.016054323448075405,0.3654385980192679
2019-04-12,0.619395879600937,0.0167334307529753,0.3638706896460877
2019-04-13,0.620139509829839,0.016790532282576785,0.36306995788758417
2019-04-14,0.618124933054911,0.016482936511311434,0.3653921304337775
2019-04-15,0.6176090597358815,0.016998821523459585,0.36539211874065886
2019-04-16,0.6190808064844371,0.016759636882432555,0.3641595566331304
2019-04-17,0.6201938667168605,0.017003071865495854,0.3628030614176437
2019-04-18,0.6170274206494054,0.01689960504862073,0.3660729743019739
2019-04-19,0.6169963596135937,0.017016633890606682,0.3659870064957997
2019-04-20,0.6199073030358287,0.01697412289443964,0.36311857406973164
2019-04-21,0.6250750850773629,0.01732426272831844,0.3576006521943187
2019-04-22,0.6263353095974833,0.01726002256300146,0.35640466783951524
2019-04-23,0.6360884903902579,0.017443740968036147,0.34646776864170586
2019-04-24,0.6402974630067088,0.01886145651439742,0.3408410804788938
2019-04-25,0.6407089130482566,0.019788114362041902,0.33950297258970147
2019-04-26,0.6399524816938463,0.019358675453123836,0.3406888428530298
2019-04-27,0.6393174739812817,0.019449452870939393,0.34123307314777884
2019-04-28,0.6416927637454714,0.019440771403411133,0.3388664648511175
2019-04-29,0.6457843403088189,0.019747051162560075,0.33446860852862104
2019-04-30,0.6375617871038797,0.019223174532597427,0.3432150383635229
2019-05-01,0.6416696288756485,0.018814118499487942,0.3395162526248636
2019-05-02,0.6449569526328693,0.018439997742413464,0.33660304962471727
2019-05-03,0.647335229120118,0.017669096261987947,0.3349956746178941
2019-05-04,0.6541322311651971,0.01764655360876546,0.32822121522603737
2019-05-05,0.654029857363856,0.01778201488589196,0.3281881277502521
2019-05-06,0.6493017325637731,0.01772945521922032,0.3329688122170065
2019-05-07,0.6558075140066604,0.01762444488730634,0.3265680411060333
2019-05-08,0.661637829384242,0.01738296308067142,0.3209792075350865
2019-05-09,0.6718542625791114,0.01706471533649607,0.3110810220843925
2019-05-10,0.6753661589109241,0.01663326910230735,0.30800057198676856
2019-05-11,0.6768646044628334,0.01476071693491296,0.30837467860225365
2019-05-12,0.6775666326290136,0.015188664899482809,0.3072447024715036
2019-05-13,0.6906833792621874,0.014054601676887978,0.2952620190609247
2019-05-14,0.67269509931432,0.013317382651862485,0.3139875180338176
2019-05-15,0.655055456301621,0.012770200548666105,0.3321743431497128
2019-05-16,0.6472128939843003,0.013140681387147747,0.33964642462855205
2019-05-17,0.6479117012601292,0.01409862630427696,0.3379896724355938
2019-05-18,0.6508984453506556,0.014301739530493431,0.334799815118851
2019-05-19,0.6544785119694639,0.012939283677413808,0.33258220435312225
2019-05-20,0.6562242676653297,0.013358669690090457,0.3304170626445798
2019-05-21,0.6531537588840981,0.013598600220720304,0.3332476408951816
2019-05-22,0.6554662256146715,0.014119654953665357,0.33041411943166316
2019-05-23,0.6586515011310172,0.0140828630678137,0.3272656358011691
2019-05-24,0.6556044780919875,0.01408429863504787,0.3303112232729646
2019-05-25,0.6554817220503036,0.014092390730641998,0.33042588721905436
2019-05-26,0.6599835281661408,0.013277914238838971,0.3267385575950203
2019-05-27,0.6537210191270332,0.01298186760643457,0.33329711326653233
2019-05-28,0.6510586547583989,0.013134909320701245,0.3358064359208998
2019-05-29,0.6464774960896884,0.013135203347958145,0.3403873005623534
2019-05-30,0.649722554030257,0.013763323108475061,0.336514122861268
2019-05-31,0.6450387062679437,0.013325914712648391,0.341635379019408
2019-06-01,0.6494471704000429,0.013444313950364103,0.33710851564959304
2019-06-02,0.6498632541329236,0.01315262276757601,0.33698412309950043
2019-06-03,0.6482010860358133,0.013953838730759656,0.33784507523342705
2019-06-04,0.6450102725141325,0.014846499375249851,0.3401432281106177
2019-06-05,0.6445873997830388,0.01490211993508765,0.3405104802818736
2019-06-06,0.6409216644934732,0.014966664851262353,0.34411167065526443
2019-06-07,0.6438779350592383,0.01470596570841761,0.3414160992323441
2019-06-08,0.6454167616693046,0.01487781935670255,0.3397054189739927
2019-06-09,0.6483603683089343,0.01543424446991131,0.3362053872211544
2019-06-10,0.6458821258688617,0.0149835033994246,0.33913437073171376
2019-06-11,0.6446142433003724,0.015232380584645678,0.34015337611498186
2019-06-12,0.6426775973602568,0.01494890352479269,0.3423734991149507
2019-06-13,0.6451617257696467,0.01513580388857818,0.3397024703417752
2019-06-14,0.6541464804633865,0.014630511285184982,0.33122300825142853
2019-06-15,0.6544804092182424,0.014409522576047516,0.3311100682057101
2019-06-16,0.6559104966846172,0.01428400302515695,0.3298055002902259
2019-06-17,0.65864002864918,0.01408205712569974,0.3272779142251202
2019-06-18,0.6595493870308501,0.014427664786819708,0.32602294818233024
2019-06-19,0.6610522320284167,0.014210215918828824,0.32473755205275445
2019-06-20,0.6675493005604032,0.013991368535926302,0.31845933090367046
2019-06-21,0.6702036124776892,0.013282041609400747,0.31651434591291
2019-06-22,0.6714664047165118,0.012417136931207088,0.3161164583522812
2019-06-23,0.6773595962812169,0.01235806200105265,0.31028234171773045
2019-06-24,0.679531624258961,0.012368482925669826,0.30809989281536926
2019-06-25,0.6926878042094394,0.01167865089132095,0.2956335448992397
2019-06-26,0.7113470638742279,0.010896910789666042,0.27775602533610605
2019-06-27,0.7060004558119519,0.012545592474496386,0.2814539517135517
2019-06-28,0.7171789490097582,0.011701905599051553,0.2711191453911902
2019-06-29,0.7042260934243266,0.01190159372272564,0.28387231285294773
2019-06-30,0.7019019362571299,0.013033150005238107,0.285064913737632
2019-07-01,0.6934461128336555,0.01320753844218551,0.29334634872415905
2019-07-02,0.7006896856668304,0.0131959490228616,0.286114365310308
2019-07-03,0.7153660801743759,0.012271640409261592,0.27236227941636254
2019-07-04,0.7118366511934289,0.01306486189812604,0.2750984869084451
2019-07-05,0.707642179196574,0.01337668881514108,0.2789811319882849
2019-07-06,0.7108866579344315,0.013141024394277409,0.275972317671291
2019-07-07,0.7076408880284742,0.012877960199830393,0.27948115177169536
2019-07-08,0.7186053936294657,0.01240982257843739,0.26898478379209684
2019-07-09,0.7259184139575743,0.01247162434614261,0.26160996169628314
2019-07-10,0.7327624927997471,0.013011205669148613,0.2542263015311042
2019-07-11,0.7361238753088573,0.014019256121599348,0.2498568685695434
2019-07-12,0.7375769339083423,0.013711061568092401,0.24871200452356526
2019-07-13,0.7359452367876766,0.014165000100982069,0.24988976311134128
2019-07-14,0.7412031974265665,0.015886142706125657,0.24291065986730792
2019-07-15,0.7509708566025073,0.015353014484588144,0.23367612891290462
2019-07-16,0.7457198572110235,0.01737923639802819,0.23690090639094846
2019-07-17,0.7390112005092293,0.017088996919139017,0.24389980257163169
2019-07-18,0.7407995061864759,0.015614451416231226,0.2435860423972928
2019-07-19,0.7402754335736454,0.015894620979205073,0.24382994544714945
2019-07-20,0.7362451280929339,0.015522675237179047,0.24823219666988708
2019-07-21,0.7348106020963203,0.015669785252370092,0.24951961265130942
2019-07-22,0.7364047670270835,0.016084443595574784,0.24751078937734186
2019-07-23,0.7332706679094636,0.016673306685069056,0.25005602540546734
2019-07-24,0.7272746512322319,0.0167727087755475,0.25595263999222057
2019-07-25,0.7292411014498199,0.016651303493072648,0.2541075950571075
2019-07-26,0.7260841653223064,0.016659501026574333,0.2572563336511193
2019-07-27,0.7277242607174259,0.01731372434759036,0.25496201493498377
2019-07-28,0.7277191187728334,0.017232512773746565,0.2550483684534201
2019-07-29,0.7277079825862877,0.017261661131938822,0.25503035628177356
2019-07-30,0.7283349143182316,0.017141308784666517,0.25452377689710187
2019-07-31,0.7318559940419599,0.01642980071565187,0.2517142052423883
2019-08-01,0.73807900643309,0.016104654892811224,0.24581633867409874
2019-08-02,0.7425560075741198,0.01594910060341778,0.24149489182246245
2019-08-03,0.7453056972165224,0.015596527613401955,0.23909777517007566
2019-08-04,0.7480272920183254,0.015451986607158031,0.23652072137451652
2019-08-05,0.7554347247140798,0.0146185735316248,0.22994670175429538
2019-08-06,0.7570289920572085,0.014890229810638674,0.22808077813215283
2019-08-07,0.7629005417492375,0.01447557510449276,0.22262388314626977
2019-08-08,0.7656756898655026,0.014442748972322032,0.21988156116217533
2019-08-09,0.7715627642686624,0.014700005129486443,0.21373723060185107
2019-08-10,0.7643592612159594,0.015227903316533719,0.22041283546750684
2019-08-11,0.7612318848501358,0.014910783898302719,0.2238573312515616
2019-08-12,0.7619887477227855,0.01511830099719214,0.2228929512800224
2019-08-13,0.7555590431549937,0.015630192418407136,0.22881076442659912
2019-08-14,0.7588968988566474,0.016957978584171036,0.22414512255918162
2019-08-15,0.7616961027563787,0.016748548226197146,0.22155534901742416
2019-08-16,0.765111163406165,0.016718720654711628,0.21817011593912336
2019-08-17,0.7629221089162858,0.016876228885378725,0.22020166219833548
2019-08-18,0.7573244097786713,0.016607681466280527,0.2260679087550481
2019-08-19,0.7624137660051059,0.015857568919779054,0.221728665075115
2019-08-20,0.7648627193512232,0.016072899938711967,0.21906438071006482
2019-08-21,0.7616009006635738,0.016887636328739446,0.22151146300768676
2019-08-22,0.7579455274504584,0.016960407211689198,0.2250940653378524
2019-08-23,0.7600606453130473,0.016590066238545576,0.22334928844840712
2019-08-24,0.7588632354625111,0.01694493758248662,0.2241918269550023
2019-08-25,0.7612040591754515,0.01697896489818082,0.22181697592636765
2019-08-26,0.7639167980826881,0.016714858198663533,0.21936834371864838
2019-08-27,0.761951309582571,0.01693337102111012,0.22111531939631893
2019-08-28,0.765348148893345,0.017501792807648988,0.217150058299006
2019-08-29,0.7650096454667281,0.018043395603868865,0.2169469589294031
2019-08-30,0.7667668745033877,0.017919632140455527,0.21531349335615682
2019-08-31,0.7657020936111266,0.01785997790898828,0.2164379284798851
2019-09-01,0.768029824870271,0.017693372842333865,0.21427680228739507
2019-09-02,0.773695460421548,0.01677792212398722,0.2095266174544648
2019-09-03,0.7765443891509561,0.01646849492417011,0.2069871159248738
2019-09-04,0.7791316276934256,0.016565931307825722,0.20430244099874872
2019-09-05,0.7800277436000024,0.016628692403530737,0.20334356399646683
2019-09-06,0.7791368805031771,0.01707774246328008,0.20378537703354288
2019-09-07,0.7746329933624005,0.016754444021938417,0.20861256261566108
2019-09-08,0.7706908073848111,0.01685339597648028,0.2124557966387086
2019-09-09,0.7698043451064785,0.016979500898657043,0.21321615399486438
2019-09-10,0.7674531168074928,0.017296408536619064,0.21525047465588815
2019-09-11,0.7705198936373467,0.017301750504236196,0.21217835585841702
2019-09-12,0.77401472082067,0.01700505533856837,0.20898022384076165
2019-09-13,0.7732516319681934,0.01705176195310768,0.20969660607869908
2019-09-14,0.7683116450644105,0.017014383125236607,0.21467397181035286
2019-09-15,0.7676157226980825,0.01705288474593503,0.21533139255598244
2019-09-16,0.7632742631672853,0.0170348590380957,0.21969087779461885
2019-09-17,0.7540609021139244,0.01694081551477017,0.2289982823713054
2019-09-18,0.7457290745239646,0.01682231571576692,0.2374486097602684
2019-09-19,0.7463691456998683,0.01669162782485367,0.23693922647527804
2019-09-20,0.7482523112854851,0.01683701091293402,0.23491067780158095
2019-09-21,0.7475331732805456,0.01711465899023812,0.23535216772921616
2019-09-22,0.7527189021015791,0.017149459431975742,0.23013163846644516
2019-09-23,0.7547529670081043,0.017795718321165187,0.22745131467073043
2019-09-24,0.7645189599374804,0.020435720180398517,0.21504531988212103
2019-09-25,0.7570091372580029,0.020542876421777143,0.22244798632021992
2019-09-26,0.7533371279827801,0.021318168855785344,0.22534470316143465
2019-09-27,0.7517414173976971,0.02105172808498388,0.22720685451731906
2019-09-28,0.7518354058528501,0.020947979256249187,0.2272166148909007
2019-09-29,0.7520947700052332,0.021341914969035106,0.22656331502573174
2019-09-30,0.7477385723885921,0.020698820310440194,0.2315626073009677
2019-10-01,0.751425121519473,0.02072275307930103,0.22785212540122593
2019-10-02,0.7501058491176582,0.0205176424534615,0.2293765084288803
2019-10-03,0.7510852282986542,0.020887814312491673,0.22802695738885412
2019-10-04,0.7475844680047874,0.021006342387302018,0.23140918960791065
2019-10-05,0.7470061635110916,0.020983271655139173,0.23201056483376917
2019-10-06,0.7443749651668016,0.021550980790658692,0.2340740540425398
2019-10-07,0.7412493893363448,0.020714930790638856,0.2380356798730164
2019-10-08,0.7403892260090944,0.020681546159235887,0.23892922783166975
2019-10-09,0.7411642777988322,0.01980952051319512,0.23902620168797273
2019-10-10,0.7447985026826687,0.01987669690514675,0.23532480041218465
2019-10-11,0.7442001167196335,0.020676472069163038,0.23512341121120367
2019-10-12,0.744702824854174,0.02049108742370678,0.2348060877221191
2019-10-13,0.7422938841341458,0.020470478854030347,0.23723563701182393
2019-10-14,0.7376781189213673,0.020195886626496344,0.24212599445213637
2019-10-15,0.7384746770873074,0.02062967274261068,0.24089565017008197
2019-10-16,0.7391002217286785,0.021093593820823535,0.23980618445049795
2019-10-17,0.7353990314477328,0.020799983277170055,0.24380098527509717
2019-10-18,0.7365353296630651,0.021140314109920948,0.24232435622701395
2019-10-19,0.737308831015083,0.021206364649595175,0.24148480433532177
2019-10-20,0.7401910228432876,0.02060112044017075,0.23920785671654157
2019-10-21,0.7393502056496841,0.02054785063942038,0.24010194371089547
2019-10-22,0.7379551754068414,0.02093332739407534,0.24111149719908326
2019-10-23,0.7356768725923402,0.022385503114801766,0.24193762429285803
2019-10-24,0.7330861665406702,0.0224787436000931,0.24443508985923693
2019-10-25,0.7409567735830151,0.019553629374315082,0.23948959704266973
2019-10-26,0.7547920125528096,0.01864733483455127,0.22656065261263914
2019-10-27,0.7562151887588472,0.018128866322141623,0.22565594491901114
2019-10-28,0.7512785742905161,0.018558248069152076,0.23016317764033176
2019-10-29,0.7480107540977042,0.018126634640976844,0.23386261126131902
2019-10-30,0.747782687933858,0.018625153141204612,0.23359215892493743
2019-10-31,0.7487799219124411,0.01867120636854838,0.23254887171901037
2019-11-01,0.7505099508137998,0.01854554553731171,0.2309445036488885
2019-11-02,0.7502304885520366,0.018422486716984113,0.23134702473097923
2019-11-03,0.7500701470298815,0.0185892628391771,0.23134059013094138
2019-11-04,0.7489542677255824,0.018208502449361296,0.2328372298250563
2019-11-05,0.7445635708792561,0.01824298074276231,0.2371934483779816
2019-11-06,0.7420641322250693,0.018113550144509348,0.2398223176304214
2019-11-07,0.7462497789877185,0.018446951653401537,0.23530326935887994
2019-11-08,0.7429873482769732,0.019267528626316456,0.23774512309671036
2019-11-09,0.7411700250127066,0.019155287583966722,0.2396746874033267
2019-11-10,0.7421953779871562,0.018713899301488424,0.23909072271135537
2019-11-11,0.7395333852071981,0.019273769387245097,0.2411928454055568
2019-11-12,0.740386088173154,0.019147646534484745,0.24046626529236126
2019-11-13,0.7397812627059565,0.019180278729839465,0.24103845856420408
2019-11-14,0.7400982963045905,0.019453479124455057,0.24044822457095447
2019-11-15,0.7412251731968339,0.019893028089571854,0.23888179871359427
2019-11-16,0.7404765772828069,0.019840312506586043,0.23968311021060706
2019-11-17,0.7398343683674147,0.01979195570669465,0.24037367592589068
2019-11-18,0.7406688043067008,0.02052473612900862,0.23880645956429078
2019-11-19,0.7413830910873591,0.020738157272110785,0.23787875164053005
2019-11-20,0.7396326977345937,0.021074204734079276,0.23929309753132705
2019-11-21,0.7424440114107338,0.022105368115851023,0.23545062047341522
2019-11-22,0.7448527530934097,0.023288298146296446,0.2318589487602939
2019-11-23,0.7422384787675558,0.02311637439960176,0.23464514683284246
2019-11-24,0.745029399710637,0.024458457642220932,0.2305121426471421
2019-11-25,0.7457078566123534,0.023800406930431752,0.23049173645721482
2019-11-26,0.7441206569153058,0.02366616632124257,0.23221317676345155
2019-11-27,0.7484818102091025,0.022705295895891677,0.22881289389500584
2019-11-28,0.7484877040809006,0.022889824483252406,0.22862247143584705
2019-11-29,0.7510092818087589,0.02209242065850381,0.22689829753273727
2019-11-30,0.7496586217380368,0.022545423859638668,0.22779595440232456
2019-12-01,0.7474028388193881,0.02293318697133604,0.22966397420927587
2019-12-02,0.7483879299392404,0.02326336009414618,0.2283487099666134
2019-12-03,0.7493315225262068,0.02332985662206858,0.22733862085172457
2019-12-04,0.7493664338721291,0.023660181882490458,0.22697338424538047
2019-12-05,0.7510621892093879,0.023135282610360932,0.22580252818025115
2019-12-06,0.7529732718428134,0.02273801336758373,0.22428871478960286
2019-12-07,0.7529122967139972,0.022796075735663418,0.22429162755033935
2019-12-08,0.7511982031511888,0.022694128187806185,0.22610766866100504
2019-12-09,0.7508170818605922,0.023132297162038393,0.22605062097736953
2019-12-10,0.7494923091920895,0.023516069642365165,0.22699162116554536
2019-12-11,0.7502412795732359,0.023878524594719654,0.22588019583204447
2019-12-12,0.7499693621791079,0.023639927917452133,0.22639070990343999
2019-12-13,0.7503351183259297,0.02346691049347032,0.22619797118060003
2019-12-14,0.7492747434667348,0.024011694643305274,0.22671356188995984
2019-12-15,0.7497499510374559,0.023897046097044572,0.2263530028654996
2019-12-16,0.7542671335080524,0.024785077280648084,0.22094778921129946
2019-12-17,0.7624016735142346,0.025875480942801298,0.2117228455429641
2019-12-18,0.7658827118812495,0.02402613059828523,0.21009115752046534
2019-12-19,0.7676887272692201,0.024383491846637715,0.20792778088414218
2019-12-20,0.7665118510364102,0.024223263378100355,0.2092648855854894
2019-12-21,0.7675978015983261,0.02434590443627189,0.20805629396540193
2019-12-22,0.7706594394002981,0.023354062242194527,0.20598649835750732
2019-12-23,0.7709410527739701,0.02405161999384576,0.20500732723218418
2019-12-24,0.7696600033662545,0.024033500550335502,0.20630649608340995
2019-12-25,0.7710870324603677,0.024138419528011594,0.20477454801162073
2019-12-26,0.7702885862670618,0.024214916382525178,0.20549649735041306
2019-12-27,0.7688658415091394,0.02404175116299267,0.20709240732786793
2019-12-28,0.767407877842535,0.023771574256768156,0.20882054790069693
2019-12-29,0.7642666891738442,0.023428995963320043,0.21230431486283588
2019-12-30,0.763699049109133,0.023871741251226857,0.21242920963964013
2019-12-31,0.7642606884433988,0.024060568997990008,0.21167874255861113
2020-01-01,0.7636122226810993,0.0240191368542804,0.21236864046462034
2020-01-02,0.7637672423219788,0.024802809852122146,0.21142994782589905
2020-01-03,0.7634035989627385,0.023637036830816402,0.21295936420644512
2020-01-04,0.7629165192000898,0.023485986578163743,0.2135974942217465
2020-01-05,0.7618265870499255,0.023418021351365302,0.21475539159870927
2020-01-06,0.7557488537472061,0.024868930169061873,0.21938221608373198
2020-01-07,0.7666350061378949,0.0239770466172987,0.20938794724480647
2020-01-08,0.7674478763629611,0.024234001858884958,0.20831812177815395
2020-01-09,0.7648073202178647,0.024820585409723803,0.21037209437241153
2020-01-10,0.7597938801401534,0.0237436462743965,0.21646247358545018
2020-01-11,0.7594519110127882,0.024078201886822217,0.21646988710038978
2020-01-12,0.7579719645102388,0.02363095115384118,0.21839708433591995
2020-01-13,0.7582566873236091,0.02380107771720219,0.2179422349591888
2020-01-14,0.7339772264102944,0.02122051496206946,0.2448022586276361
2020-01-15,0.7404898724087976,0.021440018578496704,0.2380701090127055
2020-01-16,0.7410105007646651,0.021666876446979406,0.23732262278835548
2020-01-17,0.7388709398074678,0.02118245508702776,0.23994660510550445
2020-01-18,0.7416969702864924,0.02122671613521059,0.23707631357829703
2020-01-19,0.7405708230589431,0.021676815614935733,0.2377523613261213
2020-01-20,0.7378743062029511,0.02176369482576385,0.240361998971285
2020-01-21,0.7367425527025409,0.021548436073023893,0.24170901122443514
2020-01-22,0.7363556520446861,0.021678259111643568,0.24196608884367019
2020-01-23,0.7399475107936783,0.022443341886841023,0.23760914731948074
2020-01-24,0.7408872771742602,0.02246813602377342,0.23664458680196646
2020-01-25,0.741887051981925,0.02268512180960413,0.23542782620847097
2020-01-26,0.7383590852157792,0.021938426531010365,0.23970248825321044
2020-01-27,0.7388352117552284,0.021209067682994596,0.23995572056177705
2020-01-28,0.7439646515550875,0.020307096751744885,0.2357282516931676
2020-01-29,0.7444492128461745,0.020440944116034216,0.23510984303779134
2020-01-30,0.7393749436447162,0.019872026535541192,0.24075302981974261
2020-01-31,0.7419791745591772,0.020261684608632285,0.23775914083219052
2020-02-01,0.7397313343963153,0.02011858812821739,0.24015007747546727
2020-02-02,0.7358288807312763,0.020100844177321518,0.24407027509140222
2020-02-03,0.7332966102337494,0.020106394369160566,0.24659699539709004
2020-02-04,0.7304923948461607,0.020330710717607562,0.2491768944362316
2020-02-05,0.725661191914229,0.019306671941684183,0.2550321361440869
2020-02-06,0.7239589870576459,0.018922537981000995,0.25711847496135304
2020-02-07,0.7215991733172558,0.018741759142245216,0.259659067540499
2020-02-08,0.7199531420706325,0.018599310773480697,0.2614475471558868
2020-02-09,0.7190240372431428,0.01814669778082229,0.26282926497603487
2020-02-10,0.7164890690318539,0.018542790564015147,0.26496814040413097
2020-02-11,0.7160817077880463,0.01785242183905359,0.2660658703729002
2020-02-12,0.7037158382814604,0.017414114514158283,0.2788700472043812
2020-02-13,0.6995375750463778,0.017428827312858188,0.28303359764076386
2020-02-14,0.6937024597571809,0.01714438114044771,0.2891531591023715
2020-02-15,0.7029841415634207,0.018096706827411498,0.27891915160916786
2020-02-16,0.71034942492247,0.018204318213381126,0.27144625686414886
2020-02-17,0.7040572949017552,0.01848118935020885,0.27746151574803585
2020-02-18,0.7048943114892495,0.017717414740599277,0.2773882737701512
2020-02-19,0.7094007976789388,0.018780880518865888,0.27181832180219534
2020-02-20,0.7109756733715102,0.018893666261124042,0.2701306603673657
2020-02-21,0.7087240166670784,0.018690384160909033,0.2725855991720125
2020-02-22,0.7099156407872892,0.01874051316488806,0.2713438460478228
2020-02-23,0.7067134654276261,0.01809382085267907,0.27519271371969484
2020-02-24,0.7095210330535378,0.018694997285342005,0.2717839696611203
2020-02-25,0.715744661419008,0.019531549685117413,0.26472378889587456
2020-02-26,0.7234167457345018,0.020932281260584773,0.2556509730049135
2020-02-27,0.7204093657745924,0.020838306698409175,0.25875232752699845
2020-02-28,0.7200042727668494,0.021065406121618974,0.2589303211115317
2020-02-29,0.721748693079504,0.02149169335199782,0.2567596135684982
2020-03-01,0.7211338620030252,0.02143790482604579,0.25742823317092894
2020-03-02,0.7181220676550862,0.02049359693930524,0.2613843354056085
2020-03-03,0.7198692263762271,0.020888935228625893,0.2592418383951471
2020-03-04,0.7201226876748096,0.020932340117791805,0.2589449722073986
2020-03-05,0.721993014147365,0.020275006422167292,0.2577319794304676
2020-03-06,0.715872236934697,0.01992290594068663,0.2642048571246163
2020-03-07,0.7175306756751726,0.02047913900544107,0.2619901853193864
2020-03-08,0.7286255389635993,0.023069059977279618,0.24830540105912116
2020-03-09,0.7243272012906904,0.023215227929718103,0.2524575707795915
2020-03-10,0.7236338309711966,0.023293815310673444,0.2530723537181298
2020-03-11,0.7285149135241248,0.023375781294763448,0.24810930518111182
2020-03-12,0.7256656802603546,0.03908747399868127,0.23524684574096413
2020-03-13,0.7227043421535565,0.032995498647791256,0.24430015919865225
2020-03-14,0.7205257378385491,0.0352614511286088,0.24421281103284212
2020-03-15,0.7200631740362647,0.033994080826892425,0.24594274513684283
2020-03-16,0.7201974731436583,0.036377582876153024,0.24342494398018863
2020-03-17,0.6844764309942633,0.03247950685999597,0.2830440621457408
2020-03-18,0.727856923886222,0.03438417042407473,0.23775890568970326
2020-03-19,0.7314166933795133,0.030101489726320322,0.2384818168941663
2020-03-20,0.7366051779287184,0.03010553092650314,0.23328929114477848
2020-03-21,0.734272040539952,0.030176456007417276,0.2355515034526307
2020-03-22,0.7347677920870606,0.03197035859577042,0.23326184931716903
2020-03-23,0.7402584647444115,0.02920003369736454,0.23054150155822398
2020-03-24,0.7436836628694319,0.028048043233042125,0.22826829389752598
2020-03-25,0.745416800707326,0.028284515941261724,0.22629868335141234
2020-03-26,0.7410910488554089,0.02796608696972449,0.23094286417486662
2020-03-27,0.7384221801353172,0.029354375667487016,0.23222344419719576
2020-03-28,0.7350616325215291,0.029876555164345966,0.2350618123141249
2020-03-29,0.733305394197137,0.03148423093969135,0.23521037486317162
2020-03-30,0.7384855184853281,0.029332863951564613,0.23218161756310737
2020-03-31,0.7310735891917537,0.03837838763250885,0.2305480231757375
2020-04-01,0.7338551509030339,0.03760448438116909,0.22854036471579703
2020-04-02,0.7337990287459928,0.03641703747746414,0.22978393377654305
2020-04-03,0.7306980458195277,0.036620547127667755,0.23268140705280452
2020-04-04,0.7317807868060144,0.036040789479389164,0.23217842371459635
2020-04-05,0.7317886692784665,0.03639650772727277,0.23181482299426065
2020-04-06,0.7234528023649986,0.03431657919835457,0.24223061843664673
2020-04-07,0.7242813856284646,0.03501167273254739,0.240706941638988
2020-04-08,0.7189971976812359,0.03402248486498953,0.24698031745377472
2020-04-09,0.7200852094143877,0.0343684148641302,0.2455463757214821
2020-04-10,0.7221243106762611,0.03655584148611952,0.24131984783761934
2020-04-11,0.7277530995574689,0.03700711066680396,0.23523978977572715
2020-04-12,0.7219344208301711,0.03625019530341008,0.24181538386641876
2020-04-13,0.7228246441688826,0.03667144815129969,0.24050390767981772
2020-04-14,0.7224570633497046,0.03653354416715576,0.24100939248313966
2020-04-15,0.7214820401248839,0.03768285663999785,0.24083510323511825
2020-04-16,0.7194778477181774,0.035179976815609075,0.24534217546621354
2020-04-17,0.7190933565606176,0.035401815325497236,0.24550482811388524
2020-04-18,0.7134305621159425,0.034134353855248704,0.25243508402880876
2020-04-19,0.7167818950010629,0.03485618514641482,0.2483619198525222
2020-04-20,0.7167605995192695,0.03630366108657618,0.2469357393941544
2020-04-21,0.7161579591889278,0.03633767109037161,0.24750436972070064
2020-04-22,0.7155407352307054,0.0349014838642117,0.24955778090508288
2020-04-23,0.7212774557911162,0.03358986438023196,0.24513267982865175
2020-04-24,0.7206095115769876,0.033355813436519464,0.24603467498649292
2020-04-25,0.7178526300110152,0.033034622297340784,0.24911274769164404
2020-04-26,0.7195256711256623,0.032492759908582476,0.2479815689657552
2020-04-27,0.7225540663184288,0.03226341391766165,0.24518251976390956
2020-04-28,0.7189208523382475,0.032169824936705935,0.2489093227250465
2020-04-29,0.7297731188319408,0.02897315906846815,0.24125372209959098
2020-04-30,0.7345384303612548,0.029551009277539706,0.2359105603612055
2020-05-01,0.734083262508404,0.028929731255306835,0.23698700623628913
2020-05-02,0.7349310126856196,0.02842927028157598,0.23663971703280456
2020-05-03,0.7371049446895154,0.028802942965401403,0.23409211234508326
2020-05-04,0.7393621398079987,0.02891357319943421,0.23172428699256725
2020-05-05,0.7426286857691842,0.028596492371313065,0.2287748218595028
2020-05-06,0.749680672294332,0.02851589582241882,0.2218034318832492
2020-05-07,0.7582252784816716,0.026462755099752502,0.21531196641857583
2020-05-08,0.7550191332639522,0.026662892435427334,0.2183179743006205
2020-05-09,0.7509703187639933,0.027233614828198593,0.22179606640780808
2020-05-10,0.7524800556812401,0.029782798768408277,0.2177371455503516
2020-05-11,0.7468392471927924,0.030007075212067975,0.22315367759513968
2020-05-12,0.753237126857733,0.02963618568349462,0.2171266874587724
2020-05-13,0.7569467787474581,0.028271220354540726,0.21478200089800117
2020-05-14,0.755570161581568,0.037119421025478196,0.20731041739295378
2020-05-15,0.752178959707347,0.038754939111777256,0.20906610118087565
2020-05-16,0.750476517716836,0.0383195213423873,0.21120396094077667
2020-05-17,0.7530450129237856,0.037333591394907294,0.2096213956813071
2020-05-18,0.749036667369092,0.03691126372046534,0.21405206891044268
2020-05-19,0.7495781830646329,0.03673054604406586,0.2136912708913011
2020-05-20,0.7480558615408388,0.03755777074043433,0.21438636771872682
2020-05-21,0.7459364069986137,0.03938912563044144,0.21467446737094484
2020-05-22,0.7428638975679643,0.03880580428592897,0.21833029814610674
2020-05-23,0.7432315210774181,0.03883638771459109,0.21793209120799079
2020-05-24,0.7394486487053455,0.040299422199128854,0.22025192909552568
2020-05-25,0.7397256848885897,0.03986908502259949,0.22040523008881086
2020-05-26,0.7409422434437497,0.040049572773776236,0.21900818378247405
2020-05-27,0.7433692480017349,0.038918410546258345,0.21771234145200674
2020-05-28,0.7447049710098009,0.03744845341642386,0.21784657557377524
2020-05-29,0.7430344834853546,0.037788690379659234,0.21917682613498618
2020-05-30,0.7369359631619234,0.036359800439349416,0.22670423639872708
2020-05-31,0.738928111352339,0.03729000687642947,0.22378188177123154
2020-06-01,0.7431629587576026,0.03500514220329262,0.22183189903910475
2020-06-02,0.7359130996584841,0.03848087371048299,0.2256060266310331
2020-06-03,0.7348151956584789,0.03801109367400163,0.2271737106675195
2020-06-04,0.7365530854444405,0.037633503310969395,0.2258134112445901
2020-06-05,0.7351342202763942,0.03810335990082088,0.22676241982278508
2020-06-06,0.7353886579572275,0.03801915226561023,0.22659218977716225
2020-06-07,0.7361581140034437,0.03778650306590413,0.22605538293065208
2020-06-08,0.7362515693943719,0.03770739058508625,0.22604104002054193
2020-06-09,0.737782151763893,0.037740412026469015,0.2244774362096381
2020-06-10,0.737925173284296,0.037385252965110145,0.22468957375059384
2020-06-11,0.7384337044181132,0.03957602814932166,0.2219902674325652
2020-06-12,0.7376804444000539,0.03896788581521303,0.22335166978473314
2020-06-13,0.7371935401277208,0.03892266957968977,0.22388379029258948
2020-06-14,0.7380130475213357,0.039463221929008835,0.22252373054965546
2020-06-15,0.7411611492684768,0.03923374025837228,0.21960511047315093
2020-06-16,0.7414353272573001,0.038815299484392704,0.21974937325830718
2020-06-17,0.7397760607449677,0.03896414624762063,0.22125979300741164
2020-06-18,0.7397173301430906,0.039307182310146405,0.22097548754676297
2020-06-19,0.7408063865797729,0.03956192893594711,0.21963168448427997
2020-06-20,0.740274743065829,0.039544100869253265,0.2201811560649178
2020-06-21,0.7402910409164737,0.039763463286602255,0.21994549579692405
2020-06-22,0.7404854774488954,0.03821788021494821,0.22129664233615648
2020-06-23,0.7391233723926245,0.038416823583500424,0.222459804023875
2020-06-24,0.7380636611496061,0.039553506548317734,0.22238283230207617
2020-06-25,0.7384564606524056,0.03977312151469933,0.22177041783289514
2020-06-26,0.7380201693412198,0.04014336243859186,0.2218364682201883
2020-06-27,0.7410687381980687,0.04103843702932827,0.21789282477260297
2020-06-28,0.7416521568980055,0.04056624551819311,0.21778159758380142
2020-06-29,0.7408008095441412,0.040287997752007865,0.218911192703851
2020-06-30,0.741314435670928,0.04046290530262072,0.21822265902645127
2020-07-01,0.7399701911331904,0.04005827324709651,0.21997153561971314
2020-07-02,0.738409565906452,0.04100269049996698,0.22058774359358088
2020-07-03,0.7396926523440988,0.040577309357268276,0.21973003829863302
2020-07-04,0.7380752083509236,0.04034884474926663,0.2215759468998099
2020-07-05,0.737989675983505,0.040513853632497356,0.22149647038399767
2020-07-06,0.7325725016940429,0.03897315451131825,0.22845434379463894
2020-07-07,0.7308219624151298,0.0393550327877241,0.22982300479714612
2020-07-08,0.7266964617597994,0.038425228477820546,0.2348783097623802
2020-07-09,0.7261104061849956,0.03913977327045041,0.234749820544554
2020-07-10,0.7280384272267182,0.0391171837923625,0.23284438898091936
2020-07-11,0.7265027135088029,0.039236841384066155,0.23426044510713098
2020-07-12,0.7259316306724016,0.03895685399497997,0.23511151533261843
2020-07-13,0.7271796933652127,0.03919672558425428,0.23362358105053296
2020-07-14,0.7258808687349779,0.0391066938052229,0.23501243745979936
2020-07-15,0.7257841779349709,0.039329551544063104,0.23488627052096608
2020-07-16,0.7282846617372631,0.03974648060609209,0.23196885765664477
2020-07-17,0.7295080587437658,0.03971386275127538,0.23077807850495885
2020-07-18,0.728137383546471,0.039571833775765744,0.23229078267776332
2020-07-19,0.7269381052939192,0.03937225855318627,0.23368963615289448
2020-07-20,0.7293975003531131,0.03968586795221343,0.23091663169467344
2020-07-21,0.7284754466726697,0.03867730502241017,0.23284724830492015
2020-07-22,0.7219316070537444,0.0411305225888104,0.23693787035744515
2020-07-23,0.717993726447653,0.040557107980932074,0.24144916557141494
2020-07-24,0.7165182677439826,0.04069195171127998,0.24278978054473735
2020-07-25,0.7061921184878543,0.03948560143986334,0.2543222800722823
2020-07-26,0.7090508955534179,0.038761966096058816,0.25218713835052325
2020-07-27,0.7228621734058819,0.03569099939387227,0.24144682720024588
2020-07-28,0.7196871520137104,0.03577789474388411,0.24453495324240554
2020-07-29,0.7217542329167534,0.0353317973494373,0.24291396973380922
2020-07-30,0.7166093156491136,0.03502073232647561,0.24836995202441078
2020-07-31,0.7143722480180609,0.034196373272438844,0.2514313787095003
2020-08-01,0.705605041178339,0.03242082806002903,0.261974130761632
2020-08-02,0.701291953178887,0.034307811374432805,0.2644002354466802
2020-08-03,0.6959524532326156,0.03358076089771466,0.2704667858696697
2020-08-04,0.6949484239212621,0.033617639991594096,0.27143393608714383
2020-08-05,0.7005148616322903,0.032411380265275916,0.26707375810243383
2020-08-06,0.7017587113547702,0.03228289033324895,0.26595839831198087
2020-08-07,0.7047156648560653,0.03300339809193549,0.26228093705199923
2020-08-08,0.7008280969354388,0.03230707125303047,0.2668648318115307
2020-08-09,0.7005529213046152,0.03260696811295682,0.26684011058242796
2020-08-10,0.7023946925661565,0.03206661330961932,0.26553869412422415
2020-08-11,0.7021018706786426,0.03345270014578866,0.2644454291755688
2020-08-12,0.698736336423109,0.033119369299617604,0.26814429427727343
2020-08-13,0.6896742400176401,0.03233908306124289,0.277986676921117
2020-08-14,0.688148091017105,0.03169998131306583,0.28015192766982927
2020-08-15,0.6876440290859798,0.03141685567875369,0.2809391152352666
2020-08-16,0.6868656984932414,0.03133470057796264,0.28179960092879597
2020-08-17,0.6940123014137404,0.030670921398223017,0.2753167771880366
2020-08-18,0.6937677179395958,0.03141328406283563,0.27481899799756854
2020-08-19,0.6973526311182608,0.0321896089788022,0.2704577599029369
2020-08-20,0.6961032437894487,0.03174210220760219,0.2721546540029492
2020-08-21,0.7031458000031677,0.03298817228918306,0.2638660277076492
2020-08-22,0.7004311110832767,0.03249138419463059,0.26707750472209274
2020-08-23,0.7020034949185665,0.03265526196171896,0.2653412431197145
2020-08-24,0.6980709010938301,0.03215616138772299,0.2697729375184469
2020-08-25,0.7010201484079421,0.033464033196507405,0.2655158183955504
2020-08-26,0.7015935578251322,0.03311657077240641,0.26528987140246135
2020-08-27,0.7024304439378307,0.03364950150439417,0.26392005455777506
2020-08-28,0.700741981194086,0.03292399561661356,0.2663340231893004
2020-08-29,0.697697049380912,0.03290667636738083,0.2693962742517071
2020-08-30,0.6915967210987658,0.031994876811976734,0.2764084020892575
2020-08-31,0.6834399642220761,0.04233360436742304,0.27422643141050085
2020-09-01,0.6750003148396321,0.04114998238045261,0.28384970277991534
2020-09-02,0.6746522197044098,0.04365895387027386,0.28168882642531634
2020-09-03,0.6764500409031421,0.049404140849878944,0.27414581824697903
2020-09-04,0.6794040776815939,0.04890275939091717,0.2716931629274889
2020-09-05,0.6937145571101142,0.052018184051913635,0.2542672588379722
2020-09-06,0.6856355362418272,0.051126252327085696,0.26323821143108717
2020-09-07,0.6880873335035763,0.05081264151842467,0.261100024977999
2020-09-08,0.6894424105264314,0.05233282109969002,0.25822476837387853
2020-09-09,0.6851990331591347,0.051979025436531434,0.2628219414043339
2020-09-10,0.6823486055484017,0.05148005401566608,0.26617134043593227
2020-09-11,0.6804455595800882,0.051648325606342,0.2679061148135698
2020-09-12,0.6742770071046843,0.05135213841650699,0.2743708544788087
2020-09-13,0.6786166718037873,0.05225599385730516,0.26912733433890756
2020-09-14,0.6813062025185875,0.05081151732574027,0.2678822801556722
2020-09-15,0.6891256342192497,0.05158819497249278,0.25928617080825755
2020-09-16,0.6920134468866086,0.05114812184926324,0.2568384312641282
2020-09-17,0.6842916308430671,0.05094172038208956,0.2647666487748433
2020-09-18,0.6863161625599477,0.051212082093435224,0.2624717553466171
2020-09-19,0.6890691203111866,0.05114193262269659,0.2597889470661168
2020-09-20,0.6924058804455291,0.05215485951415257,0.2554392600403183
2020-09-21,0.6972672839628603,0.05492645270449452,0.24780626333264522
2020-09-22,0.6969157775099855,0.05446394783245594,0.24862027465755857
2020-09-23,0.697669254918044,0.0602131086683252,0.24211763641363082
2020-09-24,0.6942265610800962,0.05707403167609067,0.24869940724381315
2020-09-25,0.690047828901516,0.057099186725688894,0.2528529843727952
2020-09-26,0.6899017227035854,0.05679971214896961,0.2532985651474451
2020-09-27,0.6889346137310457,0.05657138551142408,0.2544940007575302
2020-09-28,0.6885912714713617,0.05686888460610115,0.2545398439225372
2020-09-29,0.6889498336577075,0.05617525726873584,0.25487490907355664
2020-09-30,0.6883713200627286,0.056469917232390726,0.25515876270488064
2020-10-01,0.68838734966128,0.05731073095436629,0.2543019193843537
2020-10-02,0.6916107197124438,0.05783602401152091,0.2505532562760353
2020-10-03,0.690865611372637,0.05792306352029691,0.25121132510706606
2020-10-04,0.6890424169711686,0.057133437093290725,0.2538241459355406
2020-10-05,0.6906859986842141,0.0565851912027768,0.25272881011300913
2020-10-06,0.6934064844761662,0.057796025691972355,0.24879748983186153
2020-10-07,0.693404712456251,0.05746102081434202,0.24913426672940694
2020-10-08,0.6937647033318354,0.05622203996542856,0.25001325670273605
2020-10-09,0.6907372259132223,0.055220021364985925,0.25404275272179183
2020-10-10,0.6932680480692637,0.05426857194028189,0.25246337999045443
2020-10-11,0.6928700646527984,0.05381095643467787,0.25331897891252364
2020-10-12,0.7093627145643591,0.05328382529955955,0.2373534601360814
2020-10-13,0.6905860592095892,0.05345768753200441,0.2559562532584064
2020-10-14,0.6917544142545701,0.053525644242606696,0.25471994150282323
2020-10-15,0.6941291559341779,0.05339051925387259,0.2524803248119495
2020-10-16,0.6961944616705399,0.05438230543911102,0.24942323289034915
2020-10-17,0.6960366618722641,0.05417878095968799,0.24978455716804793
2020-10-18,0.694870383957409,0.053502681621558475,0.25162693442103257
2020-10-19,0.6990054674846802,0.05263903003247849,0.24835550248284136
2020-10-20,0.7074019374058326,0.05249907056153591,0.24009899203263152
2020-10-21,0.7126409877970521,0.04918743470823748,0.2381715774947104
2020-10-22,0.707089354257317,0.04823320174698692,0.2446774439956961
2020-10-23,0.7073906671219568,0.04836093102780932,0.24424840185023397
2020-10-24,0.7080945240878065,0.047769170640435774,0.2441363052717577
2020-10-25,0.7095197480511709,0.04813869685644788,0.24234155509238126
2020-10-26,0.7138575863187155,0.04828119455749761,0.23786121912378685
2020-10-27,0.7192912511721206,0.0465516521351078,0.23415709669277163
2020-10-28,0.7193382142539821,0.048113371566579854,0.23254841417943795
2020-10-29,0.7237148942442584,0.04795854547061153,0.2283265602851301
2020-10-30,0.7273508831565427,0.04794811750658723,0.22470099933687004
2020-10-31,0.7290284621765049,0.04755373480078449,0.2234178030227106
2020-11-01,0.7255288338037998,0.04748391854594423,0.2269872476502559
2020-11-02,0.7283432962749533,0.056872466277209925,0.21478423744783678
2020-11-03,0.7337470128750607,0.055689894153828856,0.21056309297111045
2020-11-04,0.7326202146996263,0.04690952498646039,0.22047026031391329
2020-11-05,0.7459954894126631,0.043569799079894736,0.2104347115074421
2020-11-06,0.7324291443361216,0.04313167579471993,0.22443917986915832
2020-11-07,0.7297602748979727,0.045525443775821954,0.22471428132620536
2020-11-08,0.7316283913466552,0.04387991839887416,0.22449169025447063
2020-11-09,0.7326386380912732,0.04451994015570528,0.22284142175302157
2020-11-10,0.7303096228152547,0.04472577512718441,0.22496460205756094
2020-11-11,0.7320675394247904,0.043947757635753475,0.22398470293945613
2020-11-12,0.7397491967061897,0.043051094454168146,0.21719970883964224
2020-11-13,0.7349598037434358,0.043011029402114466,0.22202916685444968
2020-11-14,0.7352114393803055,0.04402765464679229,0.22076090597290218
2020-11-15,0.7376855563592548,0.04458775268172754,0.21772669095901764
2020-11-16,0.7261950109944493,0.06757250374393038,0.2062324852616203
2020-11-17,0.7239064869136268,0.04971874889891204,0.2263747641874613
2020-11-18,0.7466689489444623,0.04075882708414212,0.21257222397139558
2020-11-19,0.7464300389099188,0.04094750833818277,0.21262245275189845
2020-11-20,0.7434865261087257,0.03916248201452547,0.21735099187674883
2020-11-21,0.7230734842829393,0.0383780572544545,0.23854845846260628
2020-11-22,0.7207332270217128,0.03902998390435479,0.24023678907393242
2020-11-23,0.6974897387011477,0.03787611272743845,0.2646341485714138
2020-11-24,0.699667466795353,0.036810338571666004,0.26352219463298104
2020-11-25,0.7082848947527082,0.03801770948037044,0.2536973957669214
2020-11-26,0.7109907877125697,0.04244118377194856,0.24656802851548174
2020-11-27,0.7084967137449577,0.04235923821242172,0.24914404804262055
2020-11-28,0.7052035488456405,0.04087592366589829,0.2539205274884612
2020-11-29,0.7038539978901932,0.03990832641367025,0.2562376756961365
2020-11-30,0.7074151086735972,0.0371626647017232,0.25542222662467967
2020-12-01,0.700284391406894,0.05796028064342842,0.24175532794967752
2020-12-02,0.7080032484201964,0.03857602239524178,0.2534207291845619
2020-12-03,0.7073058901028602,0.03814857190247542,0.25454553799466445
2020-12-04,0.7150286034160711,0.04024519933438989,0.24472619724953895
2020-12-05,0.711877261613203,0.039332084546506316,0.24879065384029073
2020-12-06,0.7107226050272557,0.03895452085134945,0.2503228741213948
2020-12-07,0.7120114090712769,0.03935471006847438,0.2486338808602487
2020-12-08,0.7149980890472654,0.0414265161175159,0.24357539483521873
2020-12-09,0.7117380616168834,0.04074598381569765,0.24751595456741898
2020-12-10,0.7127152364957968,0.04152359045676353,0.24576117304743966
2020-12-11,0.7155579648388136,0.04220470957966459,0.2422373255815218
2020-12-12,0.7209030496745878,0.04093344186228603,0.23816350846312612
2020-12-13,0.7186446181298116,0.04009692667998259,0.2412584551902059
2020-12-14,0.720854484315621,0.03999962946573374,0.23914588621864516
2020-12-15,0.7236270275145642,0.03969735307032544,0.2366756194151104
2020-12-16,0.7255969575347391,0.03626034752213444,0.23814269494312645
2020-12-17,0.736717751116697,0.034776148366840745,0.22850610051646228
2020-12-18,0.7362427889869172,0.03435761506405344,0.2293995959490293
2020-12-19,0.7404055433238701,0.03359778136820376,0.22599667530792614
2020-12-20,0.7414185824204196,0.034498196330968685,0.2240832212486117
2020-12-21,0.7453604623490214,0.03572069682882973,0.2189188408221489
2020-12-22,0.7516218314403681,0.03468025414046783,0.21369791441916403
2020-12-23,0.7716248836005436,0.03655961359401264,0.1918155028054437
2020-12-24,0.7628497404090931,0.03551482214232405,0.20163543744858284
2020-12-25,0.7662499336692217,0.034588688560975814,0.19916137776980247
2020-12-26,0.7783838404617353,0.03277159522826658,0.18884456430999813
2020-12-27,0.7707554716012297,0.03272604327157862,0.19651848512719167
2020-12-28,0.7677357693911723,0.031713386447089854,0.2005508441617379
2020-12-29,0.7694161047312877,0.0314900905227628,0.19909380474594948
2020-12-30,0.7771721278061919,0.0302930324557831,0.192534839738025
2020-12-31,0.7782815582871039,0.030232346041468457,0.19148609567142763
2021-01-01,0.7810660157048037,0.030206870009466726,0.1887271142857296
2021-01-02,0.7892244535147737,0.028040664752415883,0.18273488173281047
2021-01-03,0.7641129839940232,0.02675747016771639,0.2091295458382604
2021-01-04,0.7520890770750479,0.02759854221309314,0.2203123807118589
2021-01-05,0.7554364246577342,0.026135318913758244,0.21842825642850752
2021-01-06,0.7528944329402609,0.024362165794291662,0.22274340126544745
2021-01-07,0.7621003235384551,0.023793352543439304,0.21410632391810552
2021-01-08,0.7687241943118897,0.02377002249749992,0.2075057831906104
2021-01-09,0.7569514416011984,0.023995447109791623,0.21905311128900992
2021-01-10,0.7513090377537645,0.025520670955356033,0.22317029129087945
2021-01-11,0.7608554734182181,0.027935561759990707,0.21120896482179113
2021-01-12,0.7574705048921728,0.02910486715248508,0.2134246279553421
2021-01-13,0.7601608120882313,0.02654408112685851,0.21329510678491023
2021-01-14,0.7575273394634304,0.025185733288325497,0.2172869272482441
2021-01-15,0.7523098069327054,0.026626469685744066,0.22106372338155045
2021-01-16,0.7382551826227809,0.026650509571294147,0.2350943078059248
2021-01-17,0.7358398047943472,0.026893902052714976,0.23726629315293776
2021-01-18,0.7374512489019607,0.026373780728846344,0.2361749703691928
2021-01-19,0.7237285875995964,0.026276732912862914,0.24999467948754073
2021-01-20,0.7187956265588964,0.026913332390597754,0.2542910410505058
2021-01-21,0.7235471310182845,0.03131179874414328,0.24514107023757226
2021-01-22,0.7213137029964888,0.029082336346904946,0.24960396065660628
2021-01-23,0.7140785818387334,0.029665039202715873,0.2562563789585507
2021-01-24,0.699825022017142,0.028944527579101362,0.2712304504037566
2021-01-25,0.7083055797656095,0.02929842218475572,0.26239599804963476
2021-01-26,0.706924470498263,0.02915610356138142,0.2639194259403555
2021-01-27,0.7077625133484247,0.03154012650156305,0.26069736015001227
2021-01-28,0.699933386531737,0.0555404350066347,0.24452617846162833
2021-01-29,0.7147928901204706,0.028379416076514615,0.2568276938030147
2021-01-30,0.7077087110125759,0.029258996916162957,0.2630322920712612
2021-01-31,0.7059997101827471,0.03029444949549074,0.2637058403217621
2021-02-01,0.7049872366988319,0.03005677097387292,0.26495599232729516
2021-02-02,0.7017908050081605,0.02843769378287941,0.26977150120896015
2021-02-03,0.6961649791997561,0.026990841699242495,0.2768441791010015
2021-02-04,0.69762974451226,0.02785034608173935,0.27451990940600063
2021-02-05,0.68900921990047,0.02696105576000188,0.28402972433952806
2021-02-06,0.6964196335629886,0.02691530379579766,0.27666506264121377
2021-02-07,0.6989942234904951,0.027633497375067907,0.2733722791344371
2021-02-08,0.7195571708995899,0.02408876397237014,0.25635406512803993
2021-02-09,0.7142747208367248,0.024580724222560156,0.26114455494071503
2021-02-10,0.7015665653016983,0.025427653912987284,0.27300578078531446
2021-02-11,0.7104285327438388,0.024471891691166543,0.26509957556499464
2021-02-12,0.6975971010808575,0.02459208852281995,0.27781081039632255
2021-02-13,0.6950381269726217,0.0250416568361042,0.27992021619127405
2021-02-14,0.7051918429549319,0.02488939788951583,0.2699187591555523
2021-02-15,0.7051142527762118,0.02533845385997338,0.2695472933638149
2021-02-16,0.7096641489152806,0.024971312124575862,0.26536453896014356
2021-02-17,0.7118539191689578,0.02375854631555655,0.2643875345154857
2021-02-18,0.7018747734467445,0.02415520804777066,0.27397001850548486
2021-02-19,0.7032506366858852,0.022648365398135955,0.2741009979159789
2021-02-20,0.7085920126134662,0.023131317346994643,0.2682766700395392
2021-02-21,0.7089770648487891,0.023069304197278855,0.2679536309539321
2021-02-22,0.7096380259042521,0.024203132492579778,0.2661588416031681
2021-02-23,0.7136543019899974,0.02726399057677652,0.2590817074332261
2021-02-24,0.7095620483222275,0.026739149435894814,0.26369880224187775
2021-02-25,0.7129203868391327,0.028368458865943316,0.258711154294924
2021-02-26,0.710062962671473,0.028780558703258845,0.26115647862526825
2021-02-27,0.7043878464389661,0.028654042795158475,0.2669581107658754
2021-02-28,0.7058802836380611,0.029404868736451914,0.26471484762548697
2021-03-01,0.7083344705881808,0.02684766304961982,0.2648178663621994
2021-03-02,0.709551440865153,0.027895273865581233,0.26255328526926575
2021-03-03,0.7115106040438111,0.027098824003013826,0.26139057195317517
2021-03-04,0.7088287297960517,0.028392308680412995,0.2627789615235353
2021-03-05,0.7087511969620002,0.02827489454903807,0.26297390848896174
2021-03-06,0.7014652265815726,0.028024675953368588,0.27051009746505883
2021-03-07,0.7028827072509753,0.026847558703246954,0.2702697340457777
2021-03-08,0.7003067076857457,0.026222370419448773,0.2734709218948056
2021-03-09,0.7010675375626482,0.0252456567132871,0.27368680572406473
2021-03-10,0.7128406276446498,0.02530860122179272,0.2618507711335575
2021-03-11,0.7174025210547802,0.024962512328890758,0.25763496661632906
2021-03-12,0.722043440129741,0.025738631917408824,0.25221792795285036
2021-03-13,0.7233092917395295,0.024202557004130668,0.25248815125633983
2021-03-14,0.7236794141492279,0.025013234617925387,0.25130735123284675
2021-03-15,0.7183638622772697,0.026538804395581265,0.2550973333271491
2021-03-16,0.7159905108984795,0.026111530989681445,0.2578979581118391
2021-03-17,0.7177511627074581,0.025264030035661942,0.25698480725688
2021-03-18,0.7201102691246098,0.02595231968828121,0.2539374111871088
2021-03-19,0.7164794383101101,0.02587175442514076,0.2576488072647492
2021-03-20,0.717324621375842,0.02619783589653182,0.2564775427276264
2021-03-21,0.7166615993231795,0.026508024809817298,0.2568303758670032
2021-03-22,0.7136519514095392,0.027860950372821183,0.25848709821763965
2021-03-23,0.7150485538283881,0.02779014035481601,0.25716130581679597
2021-03-24,0.7193194502627268,0.029132402379772764,0.2515481473575004
2021-03-25,0.7145960098540722,0.02986363712125319,0.2555403530246746
2021-03-26,0.7144998652017498,0.027961155867727003,0.25753897893052324
2021-03-27,0.7175780314212948,0.027599095151357333,0.2548228734273478
2021-03-28,0.7182333357304002,0.027850942982943994,0.25391572128665585
2021-03-29,0.7148578751859407,0.026833287384424715,0.2583088374296347
2021-03-30,0.7149384519201244,0.02644187511920412,0.2586196729606713
2021-03-31,0.7109938423862774,0.026321871105067535,0.26268428650865505
2021-04-01,0.7053746180935219,0.026045850484241635,0.26857953142223645
2021-04-02,0.6939060514751099,0.026101424982560847,0.27999252354232923
2021-04-03,0.6958774102874857,0.027457014988902344,0.27666557472361186
2021-04-04,0.6913777543469434,0.02678212780454143,0.2818401178485151
2021-04-05,0.6838973140130054,0.026286387064235334,0.28981629892275934
2021-04-06,0.6735584656839317,0.02668959278989867,0.2997519415261696
2021-04-09,0.6769216186005358,0.027279356834639664,0.2957990245648245
2021-04-10,0.670070130896728,0.02663580152362334,0.30329406757964855
2021-04-11,0.666667286387269,0.026391748431520073,0.3069409651812109
2021-04-12,0.6587201125924318,0.02616763000758131,0.31511225739998694
2021-04-13,0.6591432907657395,0.02519954702311364,0.3156571622111468
2021-04-14,0.6493712495241677,0.025295337577342127,0.3253334128984902
2021-04-15,0.6447591410917588,0.02536161684985953,0.32987924205838176
2021-04-16,0.6391369178109574,0.026100503609631575,0.334762578579411
2021-04-17,0.6429684338178613,0.027419691595619345,0.32961187458651936
2021-04-18,0.6374631113353328,0.0291774841773957,0.3333594044872714
2021-04-19,0.6370803156344554,0.029453001925493414,0.3334666824400512
2021-04-20,0.6296910623057909,0.02905057812359662,0.3412583595706127
2021-04-21,0.6229879155451472,0.03033741468191092,0.3466746697729418
2021-04-22,0.6198412792536604,0.03160508184296978,0.3485536389033698
2021-04-23,0.6185733121177792,0.03192812074692856,0.3494985671352922
2021-04-24,0.626891131767713,0.033122541681885276,0.3399863265504017
2021-04-25,0.616500496097094,0.033627791078488345,0.3498717128244177
2021-04-26,0.6160959940708591,0.03051153357580444,0.3533924723533364
2021-04-27,0.6104359151960468,0.0298526543489506,0.35971143045500265
2021-04-28,0.6038014449616969,0.03000419804195536,0.36619435699634784
2021-04-29,0.595930723660634,0.030362302246822397,0.3737069740925436
2021-04-30,0.6064072529578707,0.028642122137763584,0.36495062490436575
2021-05-01,0.5966857548712489,0.028425920177020607,0.3748883249517306
2021-05-02,0.5934110554433456,0.02902367625421015,0.37756526830244425
2021-05-03,0.5718506624481777,0.02783512535905774,0.40031421219276453
2021-05-04,0.5636275084718861,0.029480877543775694,0.40689161398433815
2021-05-05,0.5567111492807146,0.027388375430771515,0.4159004752885138
2021-05-06,0.5548648559219641,0.02818067292697791,0.41695447115105805
2021-05-07,0.5618114704808258,0.028645665331867336,0.4095428641873069
2021-05-08,0.5549571521530385,0.0278876657779838,0.4171551820689777
2021-05-09,0.5512358889078388,0.028107071235963392,0.42065703985619785
2021-05-10,0.5505599951322007,0.029399899588662314,0.4200401052791369
2021-05-11,0.5341344655854501,0.028457242267605057,0.4374082921469447
2021-05-12,0.529932015653439,0.033014204656612596,0.43705377968994846
2021-05-13,0.5233931745936405,0.032494427189848685,0.4441123982165108
2021-05-14,0.5047271938199933,0.031233974558289006,0.46403883162171766
2021-05-15,0.5081199459087372,0.03381178447355879,0.45806826961770397
2021-05-16,0.5080325806177711,0.03407714021629395,0.45789027916593494
2021-05-17,0.5113426556886251,0.03650553099107592,0.45215181332029897
2021-05-18,0.5045164253956592,0.036576337872769475,0.4589072367315713
2021-05-19,0.5453164988184559,0.05734177561460374,0.3973417255669404
2021-05-20,0.5328414687893258,0.04058257756255911,0.426575953648115
2021-05-21,0.5425051500756616,0.05673539932389509,0.40075945060044327
2021-05-22,0.5573525064235493,0.05863419973577536,0.3840132938406754
2021-05-23,0.5591963389050968,0.06352652779129557,0.3772771333036076
2021-05-24,0.5375516284454545,0.059696369350717544,0.402752002203828
2021-05-25,0.534901259369429,0.0603134990754197,0.40478524155515133
2021-05-26,0.5243156484517817,0.058724125733384244,0.416960225814834
2021-05-27,0.5307104684997034,0.06122789246326518,0.40806163903703147
2021-05-28,0.5354406524130223,0.06670716278109166,0.3978521848058861
2021-05-29,0.5409075273894787,0.06972816034764306,0.38936431226287826
2021-05-30,0.5365492512721575,0.06760441731876583,0.3958463314090767
2021-05-31,0.5226305891785146,0.06313900784230032,0.41423040297918506
2021-06-01,0.5203813909997865,0.0639837058427315,0.41563490315748197
2021-06-02,0.5164362902268391,0.0620835581278218,0.4214801516453391
2021-06-03,0.5182593212985729,0.059687306287144734,0.4220533724142824
2021-06-04,0.5175354113385545,0.06359425225722695,0.4188703364042186
2021-06-05,0.5131883682579449,0.06562537787913596,0.42118625386291914
2021-06-06,0.5104129951571031,0.06482410572284418,0.42476289912005266
2021-06-07,0.5083133250999619,0.06904835115009778,0.4226383237499403
2021-06-08,0.5108443843531657,0.06968016085190874,0.41947545479492554
2021-06-09,0.5293456898870452,0.06482478584942131,0.40582952426353347
2021-06-10,0.5365613880916031,0.0669950771819622,0.3964435347264347
2021-06-11,0.5501364010129108,0.0676984143208365,0.38216518466625266
2021-06-12,0.5374498596862755,0.06961193296573068,0.3929382073479939
2021-06-13,0.5491722726437511,0.06464126152767255,0.38618646582857635
2021-06-14,0.5520243738317225,0.06272310380198297,0.3852525223662945
2021-06-15,0.5536068355702383,0.06357244941807773,0.38282071501168397
2021-06-16,0.5552700160849748,0.06688053862175444,0.3778494452932707
2021-06-17,0.5527727417084559,0.06708128112990258,0.38014597716164156
2021-06-18,0.535280776363882,0.09620030894727155,0.3685189146888464
2021-06-19,0.55279931164302,0.07210240596707536,0.3750982823899046
2021-06-20,0.5486069082417526,0.07140544285499746,0.3799876489032499
2021-06-21,0.561883920700715,0.09217591167132388,0.34594016762796104
2021-06-22,0.5714975689309514,0.09142245151206041,0.3370799795569882
2021-06-23,0.5636968488525385,0.0788282980358905,0.357474853111571
2021-06-24,0.5643575132343318,0.07657177475062985,0.3590707120150384
2021-06-25,0.5600256790543392,0.09261956172055776,0.3473547592251031
2021-06-26,0.562964618533242,0.09173762507725561,0.3452977563895025
2021-06-27,0.567623155693811,0.08592065082049502,0.34645619348569395
2021-06-28,0.5608399372995082,0.07645564766740337,0.3627044150330884
2021-06-29,0.5629291909218872,0.07343192847118729,0.3636388806069255
2021-06-30,0.5507268787960897,0.07347333817975671,0.37579978302415357
2021-07-01,0.5533119796187987,0.08608331902432023,0.360604701356881
2021-07-02,0.5525686927636344,0.08556939040595762,0.36186191683040797
2021-07-03,0.5519758720246531,0.07463025661413891,0.37339387136120794
2021-07-04,0.5487641884742804,0.07287366398402817,0.37836214754169145
2021-07-05,0.547786652063479,0.07615790337017475,0.3760554445663462
2021-07-06,0.5415150239368293,0.07424397050277556,0.3842410055603952
2021-07-07,0.5395528703773974,0.07495623893049264,0.38549089069210996
2021-07-08,0.5481959445632786,0.07845128020032902,0.3733527752363924
2021-07-09,0.5513545664063014,0.07678477649438589,0.3718606570993127
2021-07-10,0.552527064066925,0.07761140654886624,0.3698615293842088
2021-07-11,0.5549625898599103,0.07635841010726067,0.368679000032829
2021-07-12,0.5547698483279475,0.07897819299204518,0.3662519586800074
2021-07-13,0.5597920705966,0.08090917960475694,0.359298749798643
2021-07-14,0.5578435265556033,0.09011549417776178,0.3520409792666349
2021-07-15,0.5566882036541996,0.09304217079638048,0.35026962554942
2021-07-16,0.559101815975881,0.09454960500698432,0.34634857901713473
2021-07-17,0.5581188529559203,0.0941727445605497,0.3477084024835298
2021-07-18,0.5573835298488378,0.09332583318895016,0.349290636962212
2021-07-19,0.5598425756742897,0.09661124128609425,0.34354618303961604
2021-07-20,0.5571182581578396,0.09957934150300234,0.3433024003391581
2021-07-21,0.5552661463928362,0.0923260615038507,0.3524077921033131
2021-07-22,0.5533120540160396,0.0915472471478103,0.3551406988361501
2021-07-23,0.5554777673450024,0.08849068553730709,0.35603154711769053
2021-07-24,0.5558879485974633,0.08687353741548583,0.357238513987051
2021-07-25,0.563344636430932,0.0854689822519605,0.3511863813171074
2021-07-26,0.5727530496700296,0.08249176594153051,0.3447551843884399
2021-07-27,0.5805992044539002,0.0794082522898883,0.3399925432562114
2021-07-28,0.5824057117779564,0.07861365638678235,0.33898063183526117
2021-07-29,0.5771197127638774,0.07779303480430243,0.3450872524318201
2021-07-30,0.5844596437542164,0.0747408533626568,0.34079950288312677
2021-07-31,0.5759523337155273,0.06570154070612196,0.3583461255783507
2021-08-01,0.5646798637386721,0.06720215830492837,0.36811797795639956
2021-08-02,0.5575716874000676,0.06771520797879405,0.3747131046211384
2021-08-03,0.5576061782192485,0.06965070532660143,0.37274311645415
2021-08-04,0.5537187332490481,0.06640734668533683,0.37987392006561504
2021-08-05,0.554880565445463,0.06478736885131953,0.38033206570321737
2021-08-06,0.5618021193170922,0.06258449619733089,0.3756133844855769
2021-08-07,0.5533895648064404,0.059341078392435485,0.38726935680112407
2021-08-08,0.5591587506688467,0.06111641266929577,0.3797248366618575
2021-08-09,0.5626731794206828,0.05839842833879267,0.37892839224052455
2021-08-10,0.5555733483278044,0.058770856881831396,0.38565579479036427
2021-08-11,0.548679624470353,0.05803079451481059,0.39328958101483635
2021-08-12,0.5485518740241102,0.059696615128819915,0.3917515108470699
2021-08-13,0.5462326831819556,0.05515268626310715,0.39861463055493723
2021-08-14,0.5410248841647152,0.05564064263657649,0.40333447319870835
2021-08-15,0.5366232144558293,0.05526884470200165,0.40810794084216906
2021-08-16,0.5397026265313981,0.05688147099871968,0.40341590246988224
2021-08-17,0.5432893003122645,0.05920572165076447,0.39750497803697105
2021-08-18,0.539842210735741,0.05872636042654414,0.4014314288377149
2021-08-19,0.5357385919882303,0.05582061304165824,0.4084407949701115
2021-08-20,0.5418994852459462,0.05331659509534012,0.4047839196587137
2021-08-21,0.5440804810702117,0.05425881730849178,0.4016607016212966
2021-08-22,0.5427465204240753,0.05366948325321497,0.40358399632270975
2021-08-23,0.5355605668843841,0.052811957336153674,0.41162747577946207
2021-08-24,0.539061908132859,0.055313033625226764,0.4056250582419143
2021-08-25,0.5404450000586126,0.05434093231998479,0.4052140676214026
2021-08-26,0.5408993093727555,0.05672189289752157,0.4023787977297229
2021-08-27,0.5355686014766707,0.05381858709208804,0.41061281143124123
2021-08-28,0.5375223272307182,0.05419062238325926,0.4082870503860225
2021-08-29,0.5385187276836575,0.054434716124060714,0.4070465561922818
2021-08-30,0.5310981780487889,0.055782479803591106,0.41311934214762
2021-08-31,0.5203573532812683,0.05452796891751044,0.42511467780122125
2021-09-01,0.5110137862917004,0.05181261314391636,0.43717360056438326
2021-09-02,0.5130542508474307,0.05158799723813917,0.4353577519144301
2021-09-03,0.508653090936001,0.050893002060870246,0.44045390700312875
2021-09-04,0.5119200368369987,0.05148796385820104,0.43659199930480025
2021-09-05,0.5157197273903664,0.05011912092148361,0.43416115168815
2021-09-06,0.5189739837266112,0.04995171618986132,0.43107430008352754
2021-09-07,0.520183498519023,0.05650778850777629,0.42330871297320066
2021-09-08,0.5123021151111183,0.05745948200880331,0.4302384028800783
2021-09-09,0.5155674595903413,0.057566180323916194,0.4268663600857424
2021-09-10,0.5194780248652824,0.05999205405312249,0.4205299210815951
2021-09-11,0.5152686553236249,0.059117236129635355,0.42561410854673976
2021-09-12,0.5130482854254769,0.0577425079117116,0.4292092066628115
2021-09-13,0.5163890795690848,0.05957509752270463,0.4240358229082106
2021-09-14,0.5213615821773865,0.05738212925835562,0.42125628856425784
2021-09-15,0.5181148679394599,0.055740989713116515,0.42614414234742365
2021-09-16,0.5201951612750916,0.05639550775451207,0.4234093309703963
2021-09-17,0.5270474526929805,0.05777495213887188,0.4151775951681477
2021-09-18,0.5278660598482766,0.05670909890359758,0.4154248412481258
2021-09-19,0.5298553247024643,0.058238910698488626,0.411905764599047
2021-09-20,0.5319425163728356,0.06443884911805906,0.40361863450910535
2021-09-21,0.5314123091021313,0.06833470128058172,0.4002529896172869
2021-09-22,0.5227685204103502,0.06291689171791659,0.41431458787173325
2021-09-23,0.5254047949909243,0.06152210992288554,0.4130730950861902
2021-09-24,0.5280714012241768,0.06504839660583239,0.4068802021699908
2021-09-25,0.5284431312997682,0.06534209987392288,0.4062147688263089
2021-09-26,0.5275233714564939,0.0646397316508867,0.4078368968926194
2021-09-27,0.5291483683626962,0.06636014557903833,0.4044914860582655
2021-09-28,0.5348973403949676,0.07841200747263104,0.3866906521324014
2021-09-29,0.5276688571987405,0.06734673566692832,0.40498440713433115
2021-09-30,0.5311719328243172,0.0644107705828119,0.40441729659287096
2021-10-01,0.5341087378851894,0.058902982036497756,0.40698828007831284
2021-10-02,0.5280326153859826,0.05885783681850565,0.41310954779551184
2021-10-03,0.5287584455333717,0.05839446202637749,0.4128470924402508
2021-10-04,0.5359940814078398,0.05804681016611547,0.4059591084260447
2021-10-05,0.5405547338756066,0.055943256660171026,0.4035020094642224
2021-10-06,0.557345413985008,0.05370778524749616,0.3889468007674958
2021-10-07,0.5492674299298491,0.054585777555177344,0.39614679251497353
2021-10-08,0.5518523231937624,0.05488860315360084,0.39325907365263685
2021-10-09,0.5533474141906103,0.05416458371062471,0.39248800209876505
2021-10-10,0.5614893490867614,0.05530959754661866,0.38320105336661986
2021-10-11,0.5686594634631494,0.05336859947570875,0.37797193706114185
2021-10-12,0.5629716173429108,0.054211879647476924,0.38281650300961223
2021-10-13,0.5608361573589068,0.05267780406919118,0.3864860385719021
2021-10-14,0.5546400043842139,0.052227613551572065,0.393132382064214
2021-10-15,0.5674203262108225,0.04968703367767618,0.38289264011150137
2021-10-16,0.5671095811752427,0.050274237338829506,0.38261618148592774
2021-10-17,0.5694097798236152,0.04994913539907446,0.38064108477731023
2021-10-18,0.5743828654451237,0.04997893660057333,0.37563819795430287
2021-10-19,0.578889296924806,0.04839884861870163,0.3727118544564925
2021-10-20,0.5719241370632402,0.04661787112105233,0.3814579918157075
2021-10-21,0.5626114128714991,0.04876337617975135,0.3886252109487495
2021-10-22,0.5579064849839924,0.049736368189777905,0.3923571468262297
2021-10-23,0.5532617322606012,0.04886010592750045,0.39787816181189833
2021-10-24,0.5541127044427642,0.0492920303306055,0.3965952652266302
2021-10-25,0.5570803712162553,0.04781636884376925,0.3951032599399754
2021-10-26,0.5500078353995659,0.04938363288457835,0.4006085317158557
2021-10-27,0.5565953518317003,0.051689531086496224,0.39171511708180357
2021-10-28,0.5456948248407416,0.03346443837397402,0.42084073678528433
2021-10-29,0.5447843913284612,0.032530536183660676,0.42268507248787796
2021-10-30,0.5492848576227194,0.033110452191816124,0.41760469018546437
2021-10-31,0.5466142384388507,0.03322101522812896,0.42016474633302037
2021-11-01,0.5412217314489465,0.03305155222562812,0.42572671632542547
2021-11-02,0.540178519473228,0.031979786892709604,0.4278416936340623
2021-11-03,0.5353021566655415,0.04718880680260919,0.4175090365318493
2021-11-04,0.5319486111469762,0.04826981271007689,0.4197815761429469
2021-11-05,0.5317354770749072,0.048798713806257915,0.41946580911883485
2021-11-06,0.5293894075445563,0.048428381887234674,0.4221822105682089
2021-11-07,0.5325203985365016,0.04768556679592196,0.4197940346675765
2021-11-08,0.5410476319383457,0.04537255887801545,0.41357980918363885
2021-11-09,0.5420664738098913,0.04629617580328506,0.4116373503868237
2021-11-10,0.542024970710397,0.047829972419418186,0.4101450568701848
2021-11-11,0.5380176706195704,0.04755161336913089,0.4144307160112987
2021-11-12,0.5384022195459388,0.048146713952893,0.41345106650116825
2021-11-13,0.5376701565549421,0.0478922423765394,0.41443760106851846
2021-11-14,0.5426786151592687,0.04756607570580167,0.4097553091349296
2021-11-15,0.5390428892702882,0.0487038838035072,0.4122532269262046
2021-11-16,0.5414716856082006,0.053173599979461465,0.4053547144123379
2021-11-17,0.5401972139844397,0.05283511135869735,0.40696767465686295
2021-11-18,0.5415244169219887,0.056145064562087225,0.40233051851592405
2021-11-19,0.5312012654711331,0.053994581416530164,0.41480415311233676
2021-11-20,0.5326040853646478,0.052685387799003607,0.4147105268363487
2021-11-21,0.5338949695632185,0.05371026411199224,0.41239476632478933
2021-11-22,0.5328092899820406,0.05590496115968764,0.41128574885827174
2021-11-23,0.5282303660579558,0.05418368515366633,0.4175859487883778
2021-11-24,0.5319693166113743,0.05488468926470749,0.4131459941239182
2021-11-25,0.5290062344000699,0.0530286272777645,0.41796513832216553
2021-11-26,0.5293048224169784,0.05782412060672073,0.4128710569763009
2021-11-27,0.5311091937676375,0.05716625817270767,0.4117245480596548
2021-11-28,0.5335931377404322,0.05503746476749303,0.41136939749207485
2021-11-29,0.5294655429892554,0.05417068847001323,0.4163637685407313
2021-11-30,0.5201636517683973,0.0541049574629171,0.4257313907686855
2021-12-01,0.5210366741569376,0.054215198569693195,0.42474812727336925
2021-12-02,0.5189176738050777,0.0550207774910123,0.42606154870391005
2021-12-03,0.5205270937222132,0.05820456004035796,0.42126834623742876
2021-12-04,0.5067498300794714,0.06217840932330257,0.431071760597226
2021-12-05,0.5074593597272152,0.06313724032196445,0.42940339995082033
2021-12-06,0.5058843111551041,0.06252866610080125,0.4315870227440946
2021-12-07,0.5083181436174831,0.06268000478090223,0.4290018516016147
2021-12-08,0.5007637271540022,0.061919560820272224,0.43731671202572564
2021-12-09,0.5021611468666477,0.06547197299651807,0.4323668801368343
2021-12-10,0.5113807903962757,0.06743863079838941,0.4211805788053348
2021-12-11,0.513260328833355,0.06478079084648942,0.4219588803201555
2021-12-12,0.5141454770084711,0.06400999133980442,0.4218445316517245
2021-12-13,0.5166515673908509,0.0690036648362358,0.4143447677729133
2021-12-14,0.5194198092774911,0.06712313936837337,0.4134570513541356
2021-12-15,0.5137225330482862,0.06567279916066152,0.4206046677910523
2021-12-16,0.5113748615684862,0.0672916290304234,0.4213335094010904
2021-12-17,0.5061946683124297,0.0685725239659598,0.42523280772161065
2021-12-18,0.503953101374623,0.06735494440836721,0.42869195421700973
2021-12-19,0.5049514976024008,0.06767914298113277,0.4273693594164665
2021-12-20,0.5050390884257976,0.06745764672928926,0.42750326484491313
2021-12-21,0.5094285677789174,0.06529881199542877,0.4252726202256538
2021-12-22,0.5094490841394922,0.06571895771308013,0.42483195814742764
2021-12-23,0.5110074438249949,0.06382698377592616,0.425165572399079
2021-12-24,0.5154330711114926,0.06444678908714463,0.4201201398013628
2021-12-25,0.5104820248411023,0.06425834126182245,0.4252596338970753
2021-12-26,0.5119138529823613,0.06414910838291106,0.42393703863472765
2021-12-27,0.5120598926881534,0.06421182516561759,0.42372828214622893
2021-12-28,0.5103605728001765,0.06825206581529548,0.421387361384528
2021-12-29,0.5137059543231506,0.07034127792730316,0.4159527677495462
2021-12-30,0.513367430552924,0.06945969980762635,0.41717286963944966
2021-12-31,0.5111855139908758,0.07033338833696119,0.41848109767216296
2022-01-01,0.5118621566248757,0.06856117815152961,0.41957666522359466
2022-01-02,0.5077041535226756,0.06855053846586252,0.4237453080114619
2022-01-03,0.507704823389883,0.0698459849501826,0.4224491916599344
2022-01-04,0.5050363436499149,0.0702981443173672,0.4246655120327179
2022-01-05,0.5062469119522324,0.07442443917547047,0.41932864887229715
2022-01-06,0.5087062653958148,0.07576468427697639,0.41552905032720877
2022-01-07,0.5146481406848185,0.07732147442669618,0.4080303848884854
2022-01-08,0.5199328244656458,0.08018751140631655,0.3998796641280376
2022-01-09,0.5168940881440793,0.07947277804968174,0.403633133806239
2022-01-10,0.5223114823010042,0.08059346452798277,0.39709505317101307
2022-01-11,0.5165331779646724,0.07817225180206026,0.4052945702332674
2022-01-12,0.512455530643799,0.07580240755826673,0.4117420617979342
2022-01-13,0.5126532123113164,0.07845341764260981,0.40889337004607385
2022-01-14,0.5104339157708673,0.0773224739163656,0.41224361031276713
2022-01-15,0.5087804089231177,0.077013168163893,0.4142064229129893
2022-01-16,0.5063813469644541,0.07684736278346488,0.416771290252081
2022-01-17,0.5085625082982718,0.07878021104959258,0.4126572806521357
2022-01-18,0.5127548558642476,0.07929556582012326,0.40794957831562906
2022-01-19,0.5145426108726199,0.08098518878884077,0.40447220033853937
2022-01-20,0.5162192180112147,0.08357611807459042,0.40020466391419485
2022-01-21,0.5208507670803117,0.09135382037432774,0.3877954125453605
2022-01-22,0.523134719755104,0.09583705361102715,0.38102822663386887
2022-01-23,0.5185946774668455,0.09511285212667549,0.386292470406479
2022-01-24,0.529248982619911,0.09633060101605928,0.3744204163640297
2022-01-25,0.5295231583765405,0.09592049608775982,0.37455634553569966
2022-01-26,0.529044962569817,0.09637250585285854,0.3745825315773244
2022-01-27,0.5339564281227926,0.09684871545892765,0.3691948564182797
2022-01-28,0.5326757725512705,0.09514454895392822,0.37217967849480127
2022-01-29,0.5315212646831158,0.09405776944715838,0.3744209658697258
2022-01-30,0.5322960842127914,0.09481017015062011,0.37289374563658845
2022-01-31,0.5296711716843135,0.09299657199005039,0.37733225632563605
2022-02-01,0.5240898705971717,0.09144880996859639,0.3844613194342319
2022-02-02,0.5215082897750083,0.09563751519910157,0.38285419502589013
2022-02-03,0.5216650139623146,0.09543979620244192,0.38289518983524357
2022-02-04,0.5298483520175584,0.08682784382714497,0.38332380415529665
2022-02-05,0.5264081438263085,0.08646867891827621,0.38712317725541534
2022-02-06,0.5290882361451315,0.08492848014511346,0.38598328370975515
2022-02-07,0.5291672629134007,0.08231519504369723,0.3885175420429021
2022-02-08,0.5331252253070835,0.08258995907996917,0.3842848156129473
2022-02-09,0.5284840173887253,0.08163410091338556,0.3898818816978892
2022-02-10,0.5335019460829549,0.08413446071768378,0.38236359319936136
2022-02-11,0.5380320126123703,0.08745381024375003,0.37451417714387963
2022-02-12,0.5363689740735547,0.08759734534968343,0.37603368057676184
2022-02-13,0.5385848838378883,0.08807697742039299,0.37333813874171873
2022-02-14,0.5376138914002888,0.08719108695060866,0.37519502164910257
2022-02-15,0.5333061937210408,0.0826833925489549,0.38401041373000433
2022-02-16,0.532821688177353,0.08392040000832597,0.38325791181432106
2022-02-17,0.528861449473718,0.09031368843294921,0.38082486209333266
2022-02-18,0.5308039844491282,0.09179167471970574,0.377404340831166
2022-02-19,0.5313104457609591,0.09193679838779047,0.37675275585125045
2022-02-20,0.5304928957800505,0.09582512667403727,0.37368197754591226
2022-02-21,0.5292872040139194,0.11271830820527985,0.3579944877808008
2022-02-22,0.5309184312868512,0.09661293918621583,0.37246862952693294
2022-02-23,0.5273673506140453,0.1122089718568451,0.36042367752910964
2022-02-24,0.5327086493046534,0.0971908532898494,0.3701004974054971
2022-02-25,0.526057032634786,0.09391281676517724,0.3800301506000368
2022-02-26,0.5246575835422941,0.09397150587319572,0.3813709105845102
2022-02-27,0.5265434131726374,0.09786528824238064,0.37559129858498197
2022-02-28,0.537616351762458,0.08730241077295929,0.37508123746458266
2022-03-01,0.5413005605507587,0.08554167256641611,0.37315776688282526
2022-03-02,0.5401351550574632,0.08614069166979747,0.3737241532727392
2022-03-03,0.5388685104782001,0.08906685061190435,0.3720646389098956
2022-03-04,0.533517115576019,0.09511007184639951,0.3713728125775815
2022-03-05,0.5303807948915391,0.09407486985235589,0.375544335256105
2022-03-06,0.5330063177855284,0.09692063888989655,0.3700730433245751
2022-03-07,0.5339756692623807,0.09791189881566215,0.3681124319219571
2022-03-08,0.5335351344101801,0.09615970744660296,0.3703051581432169
2022-03-09,0.5412330827300753,0.08999100698888332,0.3687759102810414
2022-03-10,0.534370303162883,0.09467539074268963,0.37095430609442737
2022-03-11,0.5333631864569496,0.09599545684911272,0.3706413566939378
2022-03-12,0.5340172160729865,0.09576441970888347,0.3702183642181301
2022-03-13,0.531257138674733,0.0979844617937809,0.3707583995314861
2022-03-14,0.5370185104643324,0.0945341563116213,0.36844733322404627
2022-03-15,0.5345480903962019,0.09483649874066787,0.3706154108631302
2022-03-16,0.5360671128479596,0.09095283271651915,0.37298005443552124
2022-03-17,0.5323376919247281,0.09097360619982599,0.3766887018754459
2022-03-18,0.5300353231034768,0.08902826107145227,0.38093641582507093
2022-03-19,0.5301355946832865,0.0882461539950501,0.3816182513216634
2022-03-20,0.5301804224263124,0.09055604697355266,0.37926353060013496
2022-03-21,0.5253285348364892,0.09011904707423221,0.3845524180892786
2022-03-22,0.5292405672691228,0.08780418665546404,0.3829552460754131
2022-03-23,0.527307093519202,0.08628097850775522,0.38641192797304275
2022-03-24,0.5288409182213819,0.08448822754441812,0.3866708542342
2022-03-25,0.5330800456475734,0.08432726646664798,0.3825926878857786
2022-03-26,0.530819059156411,0.08372042691559303,0.3854605139279959
2022-03-27,0.5348592947796162,0.08025142418563438,0.38488928103474934
2022-03-28,0.5345023040499133,0.07971797986597126,0.3857797160841155
2022-03-29,0.5313742586390481,0.07859442326694145,0.3900313180940104
2022-03-30,0.5285784412091126,0.07888323745179616,0.3925383213390912
2022-03-31,0.5263345118548826,0.08110596049383285,0.39255952765128455
2022-04-01,0.5210522187412517,0.07919971829942868,0.39974806295931953
2022-04-02,0.5188532335587787,0.07959961846246733,0.40154714797875396
2022-04-03,0.5174467174614593,0.07852726228085,0.4040260202576907
2022-04-04,0.5187784971404198,0.07850819047191887,0.4027133123876614
2022-04-05,0.5187762816591716,0.08017193427592496,0.4010517840649035
2022-04-06,0.5214860767276829,0.08478001610645879,0.3937339071658584
2022-04-07,0.5184063506055108,0.08371920940138382,0.39787443999310546
2022-04-08,0.5172984429377389,0.08587987920375607,0.39682167785850514
2022-04-09,0.5159854549859464,0.08472285348005028,0.39929169153400323
2022-04-10,0.5162518744434614,0.08593672296708756,0.397811402589451
2022-04-11,0.5164544315994538,0.09167636709372147,0.39186920130682473
2022-04-12,0.5153925082114855,0.09001364580202459,0.39459384598648994
2022-04-13,0.5163873202330428,0.08789472568815677,0.3957179540788005
2022-04-14,0.515155520371555,0.09024621704277795,0.3945982625856671
2022-04-15,0.5166550681893862,0.08904481952115716,0.3943001122894566
2022-04-16,0.5148542300737171,0.08898836633142769,0.3961574035948552
2022-04-17,0.5157482741145144,0.09066077161363327,0.39359095427185226
2022-04-18,0.5168852527136631,0.08832934222340103,0.3947854050629359
2022-04-19,0.5171716959447201,0.08708357288801441,0.39574473116726544
2022-04-20,0.5189594588502336,0.0875599322540226,0.39348060889574377
2022-04-21,0.5201694153323172,0.08970275523841804,0.39012782942926477
2022-04-22,0.516272714031867,0.09084027835480854,0.39288700761332446
2022-04-23,0.5171796139298005,0.0916031998056104,0.39121718626458907
2022-04-24,0.5182459999919524,0.0918328593273054,0.38992114068074224
2022-04-25,0.5187442167301587,0.08967501636388855,0.3915807669059528
2022-04-26,0.518255302724954,0.09481743019575403,0.386927267079292
2022-04-27,0.5207288422508809,0.09260177594958846,0.38666938179953064
2022-04-28,0.5213872900897315,0.10411770579006288,0.37449500412020564
2022-04-29,0.5222137455884953,0.10735434643822092,0.3704319079732837
2022-04-30,0.5242544138991446,0.11032488413389038,0.36542070196696497
2022-05-01,0.5220836325900815,0.10771606582128902,0.37020030158862943
2022-05-02,0.5212175662936521,0.10730163503245448,0.3714807986738934
2022-05-03,0.5206203972249239,0.10932770898560533,0.37005189378947073
2022-05-04,0.5214221264315683,0.10403553764153325,0.37454233592689845
2022-05-05,0.5146258579628417,0.11138783516513838,0.37398630687202
2022-05-06,0.5144360379809069,0.11307830485251237,0.3724856571665808
2022-05-07,0.5166801899156007,0.11507824118130655,0.36824156890309273
2022-05-08,0.5143910280495161,0.11943803866521281,0.3661709332852711
2022-05-09,0.5120022656129195,0.14562108574529045,0.3423766486417901
2022-05-10,0.510320739009018,0.12848481186427693,0.3611944491267052
2022-05-11,0.5200086026719121,0.14045915293265032,0.3395322443954375
2022-05-12,0.5306342372764739,0.14168887716091338,0.3276768855626127
2022-05-13,0.5252148640935363,0.1383318024895864,0.3364533334168771
2022-05-14,0.5287278232743471,0.1341944808791475,0.33707769584650543
2022-05-15,0.5299681529896214,0.1285397382311749,0.34149210877920366
2022-05-16,0.5283518077406808,0.13533456772584812,0.33631362453347113
2022-05-17,0.5267363501015957,0.1328717455761457,0.3403919043222586
2022-05-18,0.5285076897163397,0.13994185800709275,0.3315504522765676
2022-05-19,0.5324318582382438,0.13412537093186475,0.3334427708298913
2022-05-20,0.5278998126912067,0.13821361279820324,0.3338865745105901
2022-05-21,0.5282298883569221,0.1364659520900923,0.3353041595529856
2022-05-22,0.5300361869735134,0.1329671281101438,0.33699668491634277
2022-05-23,0.5259346659567137,0.1374606419017821,0.33660469214150424
2022-05-24,0.5289782980548964,0.13560336410468563,0.33541833784041797
2022-05-25,0.5308424268635491,0.1367416515538729,0.33241592158257804
2022-05-26,0.5410440222904939,0.14034950267118132,0.3186064750383248
2022-05-27,0.5422012245988828,0.1433454315783623,0.31445334382275486
2022-05-28,0.5397575013958381,0.14069733499983428,0.31954516360432766
2022-05-29,0.5416989839977544,0.13922605729101195,0.31907495871123365
2022-05-30,0.5446226422524576,0.12995784515536957,0.3254195125921729
2022-05-31,0.5476479041174801,0.13073148156628234,0.32162061431623756
2022-06-01,0.5435953049169918,0.13850597271119047,0.3178987223718177
2022-06-02,0.5467656789028796,0.1362559913117149,0.31697832978540547
2022-06-03,0.5465407829454371,0.13955604130945545,0.31390317574510745
2022-06-04,0.5452850614727354,0.1387190082176119,0.31599593030965273
2022-06-05,0.5459088086190828,0.13856090316360564,0.3155302882173117
2022-06-06,0.5530425012451048,0.13362665711580277,0.31333084163909247
2022-06-07,0.555136728535406,0.13483256727815005,0.310030704186444
2022-06-08,0.5488651821744638,0.13733985815997163,0.31379495966556453
2022-06-09,0.5481533677373995,0.1376713970620699,0.31417523520053053
2022-06-10,0.5502301507619017,0.14321413956954004,0.30655570966855816
2022-06-11,0.5568198431402318,0.1484917091984863,0.29468844766128194
2022-06-12,0.552319337708087,0.15606794309296945,0.2916127191989435
2022-06-13,0.5342185350082853,0.1795371837684086,0.28624428122330614
2022-06-14,0.5297823291934484,0.17902618098806217,0.2911914898184895
2022-06-15,0.5278026789853342,0.17499877099784433,0.29719855001682155
2022-06-16,0.5230388000220214,0.1912625010292717,0.2856986989487069
2022-06-17,0.5210335547575148,0.1893199054701615,0.2896465397723237
2022-06-18,0.5147207248453731,0.2002593429186223,0.2850199322360045
2022-06-19,0.517943048930585,0.18655171854889419,0.2955052325205208
2022-06-20,0.5182137377728544,0.18567710513525004,0.29610915709189556
2022-06-21,0.5189832267783553,0.18493226024569703,0.29608451297594773
2022-06-22,0.5186354570970761,0.19089485149170451,0.29046969141121937
2022-06-23,0.520752791060796,0.18127582512433296,0.29797138381487104
2022-06-24,0.5118754883401355,0.17708126170374577,0.3110432499561187
2022-06-25,0.5137434045252453,0.1754506061322884,0.3108059893424663
2022-06-26,0.5129450023780454,0.17911268552946782,0.3079423120924868
2022-06-27,0.5105742553541772,0.18070631155034445,0.30871943309547834
2022-06-28,0.5118833455031734,0.1851324244864149,0.30298423001041175
2022-06-29,0.5146676711852749,0.1880075405784011,0.29732478823632397
2022-06-30,0.5140921461794322,0.19024385208134298,0.2956640017392248
2022-07-01,0.5096578187637276,0.1934185640890049,0.2969236171472675
2022-07-02,0.5080757834640872,0.19303821010076316,0.29888600643514956
2022-07-03,0.5078104670853661,0.1923939807034539,0.2997955522111799
2022-07-04,0.5102855300244278,0.18421801886772773,0.3054964511078445
2022-07-05,0.5121171799329628,0.18518123354805652,0.30270158651898066
2022-07-06,0.5106376238411614,0.18135301806324974,0.3080093580955888
2022-07-07,0.5180802153726227,0.1744490496847186,0.30747073494265864
2022-07-08,0.5209049139414277,0.17458685335439939,0.30450823270417293
2022-07-09,0.5191380117905258,0.17511525132594238,0.3057467368835318
2022-07-10,0.5167598171925092,0.18047364339484404,0.30276653941264675
2022-07-11,0.5150934379691545,0.18788149244048377,0.29702506959036173
2022-07-12,0.5135256601425218,0.19319970582339835,0.2932746340340799
2022-07-13,0.5156252211283749,0.18549109411864742,0.2988836847529776
2022-07-14,0.5118863505756226,0.18077650696848668,0.3073371424558908
2022-07-15,0.5118240457619505,0.17781676259341972,0.3103591916446298
2022-07-16,0.5041105642550892,0.17223219013796848,0.3236572456069424
2022-07-17,0.5012257616913239,0.1745894616385178,0.3241847766701583
2022-07-18,0.49852359716353334,0.16045515508200542,0.34102124775446124
2022-07-19,0.509867125878128,0.15770274526583888,0.3324301288560331
2022-07-20,0.5121445567208149,0.15954430695098454,0.3283111363282006
2022-07-21,0.5060700542607548,0.15825351296381068,0.3356764327754345
2022-07-22,0.5054019380517502,0.16119332166316452,0.33340474028508527
2022-07-23,0.5014992738894698,0.16181935225678268,0.3366813738537476
2022-07-24,0.4991993367921592,0.1601036351897527,0.34069702801808804
2022-07-25,0.5002821356717203,0.1701959560307856,0.32952190829749406
2022-07-26,0.4989903288127717,0.17062868557701674,0.33038098561021156
2022-07-27,0.4994198197506577,0.15812475613216956,0.3424554241171727
2022-07-28,0.5016157693144582,0.152366647547599,0.34601758313794284
2022-07-29,0.4997093731429317,0.152048942984632,0.3482416838724364
2022-07-30,0.49993388126712984,0.15305097670075163,0.34701514203211853
2022-07-31,0.4984481849051194,0.1548322467998862,0.3467195682949944
2022-08-01,0.5015589843816691,0.15596293046576534,0.34247808515256545
2022-08-02,0.4990844104144396,0.1576027535136719,0.34331283607188834
2022-08-03,0.49750510156923866,0.15802590870548072,0.3444689897252806
2022-08-04,0.4946769111093963,0.1585036710296725,0.3468194178609312
2022-08-05,0.49177630551958995,0.153188507564743,0.35503518691566704
2022-08-06,0.49145117247098186,0.155288187152314,0.353260640376704
2022-08-07,0.49205021139190314,0.15403102231073693,0.3539187662973601
2022-08-08,0.4926735945987385,0.14983059798275558,0.3574958074185059
2022-08-09,0.4919184591925026,0.15364744953037565,0.3544340912771218
2022-08-10,0.4887948384299873,0.14761137751570316,0.36359378405430953
2022-08-11,0.4872852714385416,0.14733662297681122,0.3653781055846472
2022-08-12,0.486173821242747,0.14420211186537477,0.3696240668918782
2022-08-13,0.48476784366283515,0.14379016571126782,0.371441990625897
2022-08-14,0.4866713342511451,0.1450700189099376,0.36825864683891724
2022-08-15,0.48742049945796656,0.14664545975204704,0.3659340407899864
2022-08-16,0.4859033598500644,0.14789865061711222,0.3661979895328234
2022-08-17,0.48515856228203263,0.15098252494969383,0.36385891276827353
2022-08-18,0.4847484148695759,0.1517150797769576,0.3635365053534664
2022-08-19,0.47908234339561206,0.16657021212849607,0.3543474444758918
2022-08-20,0.48460837260341877,0.16615235407558876,0.34923927332099247
2022-08-21,0.4834838634931551,0.16305592227851237,0.3534602142283325
2022-08-22,0.48224867488512957,0.16354436489922725,0.3542069602156432
2022-08-23,0.4808318015866231,0.16213801353871285,0.35703018487466404
2022-08-24,0.48025976083397154,0.16305473530561698,0.35668550386041153
2022-08-25,0.47916321263829476,0.16104223907526585,0.35979454828643936
2022-08-26,0.4803662720224427,0.17235116500924913,0.3472825629683081
2022-08-27,0.4787621775376058,0.17365983047943334,0.3475779919829609
2022-08-28,0.47944586004835804,0.17741915185281815,0.3431349880988238
2022-08-29,0.47661092963989843,0.17060464736587766,0.3527844229942239
2022-08-30,0.4733465607346111,0.17405709107619222,0.3525963481891966
2022-08-31,0.47470075145800344,0.17223907079035256,0.353060177751644
2022-09-01,0.47295775799467316,0.17066936020510803,0.35637288180021887
2022-09-02,0.47204963313923326,0.1715170703421932,0.35643329651857353
2022-09-03,0.47114986608897425,0.17249353598275416,0.3563565979282716
2022-09-04,0.47081619617704557,0.17090514533061757,0.35827865849233687
2022-09-05,0.4661328457360784,0.17064743195710536,0.36321972230681626
2022-09-06,0.46039570354318654,0.17729326343103902,0.36231103302577444
2022-09-07,0.4585758046749302,0.17254436155165453,0.3688798337734152
2022-09-08,0.4580925190502254,0.17223838781286996,0.36966909313690466
2022-09-09,0.4747984216597414,0.1615537100314784,0.36364786830878026
2022-09-10,0.47389637789111094,0.1589627056023605,0.3671409165065285
2022-09-11,0.47621442471231834,0.15911101341633677,0.3646745618713449
2022-09-12,0.4859310838237016,0.15801357930370033,0.356055336872598
2022-09-13,0.47397650684272663,0.17104546622018094,0.35497802693709246
2022-09-14,0.46947475763615776,0.16864128213511276,0.3618839602287295
2022-09-15,0.47666982433280103,0.17531193182864022,0.3480182438385587
2022-09-16,0.4791084549970933,0.1754585632139963,0.34543298178891035
2022-09-17,0.4790326817357368,0.17229343877072453,0.3486738794935386
2022-09-18,0.48381468119672655,0.18033095850820577,0.3358543602950677
2022-09-19,0.4802542961728217,0.1776143794549883,0.34213132437218996
2022-09-20,0.4759380722509153,0.18233636702850672,0.341725560720578
2022-09-21,0.4780017593023311,0.1863254186621307,0.3356728220355382
2022-09-22,0.47887374412653333,0.17818049406603614,0.34294576180743047
2022-09-23,0.4760109099937469,0.17795142775025502,0.3460376622559981
2022-09-24,0.47307731215831345,0.18017975778593548,0.3467429300557511
2022-09-25,0.4736886916900476,0.18155292192076744,0.34475838638918493
2022-09-26,0.4764534773551235,0.17829638264156908,0.3452501400033074
2022-09-27,0.476464692982448,0.17985605732393722,0.3436792496936148
2022-09-28,0.479227394636831,0.17747853336419658,0.34329407199897244
2022-09-29,0.4799524640704109,0.17605078111285646,0.3439967548167326
2022-09-30,0.47977017794313703,0.17569304638939062,0.3445367756674723
2022-10-01,0.48015149748435104,0.176754387396938,0.34309411511871096
2022-10-02,0.48046142969880035,0.1794183835675229,0.3401201867336767
2022-10-03,0.48321576160987745,0.17495453527175478,0.34182970311836774
2022-10-04,0.48715087968950793,0.16969521379929323,0.34315390651119887
2022-10-05,0.48595910379776974,0.17041830634560992,0.3436225898566203
2022-10-06,0.4844479181475039,0.17160785066380088,0.3439442311886952
2022-10-07,0.4801907665964274,0.17438469986957106,0.34542453353400154
2022-10-08,0.4807388824229586,0.17566092405580708,0.3436001935212343
2022-10-09,0.4797162380751864,0.17506439659116108,0.34521936533365255
2022-10-10,0.48084747594397653,0.17825412760209505,0.34089839645392844
2022-10-11,0.481404200693807,0.17930246048284693,0.339293338823346
2022-10-12,0.4817826438786169,0.17824913180587784,0.3399682243155053
2022-10-13,0.4856473902049158,0.1775038147884388,0.3368487950066454
2022-10-14,0.48328573804169095,0.1774162929712801,0.3392979689870289
2022-10-15,0.4840389444016852,0.17877962999402044,0.3371814256042943
2022-10-16,0.4839815673030951,0.17688773409720387,0.339130698599701
2022-10-17,0.4850495828021823,0.17445811897167982,0.34049229822613786
2022-10-18,0.48516307065315406,0.17626074061080346,0.33857618873604245
2022-10-19,0.48605261522265025,0.17799464601879522,0.3359527387585545
2022-10-20,0.4861305687767518,0.1782506855584528,0.3356187456647954
2022-10-21,0.4859068375302953,0.1769817163724579,0.3371114460972468
2022-10-22,0.4849859393249492,0.17636141049580334,0.33865265017924745
2022-10-23,0.48456063776309777,0.17300530619464535,0.34243405604225685
2022-10-24,0.4842729163720267,0.1747378649471182,0.34098921868085513
2022-10-25,0.4819099673467294,0.16739562157197851,0.35069441108129207
2022-10-26,0.48076826158678987,0.16173290405291454,0.35749883436029556
2022-10-27,0.47906992513655194,0.165403034182702,0.35552704068074603
2022-10-28,0.4774950764415063,0.1621553881323859,0.3603495354261078
2022-10-29,0.472048668008636,0.15845060612044162,0.3695007258709224
2022-10-30,0.47179430973054975,0.15987173936710825,0.36833395090234194
2022-10-31,0.4693085913264385,0.16028164061646014,0.3704097680571014
2022-11-01,0.46819751895630635,0.15937810521156315,0.3724243758321305
2022-11-02,0.47098730578696774,0.16262331626939427,0.36638937794363796
2022-11-03,0.4703966070853855,0.16142610593872833,0.3681772869758862
2022-11-04,0.4688699912771972,0.15383359962767473,0.37729640909512807
2022-11-05,0.4714299587756454,0.15449444967635914,0.3740755915479954
2022-11-06,0.4743675143212234,0.1583200825137824,0.36731240316499414
2022-11-07,0.4710776739228391,0.16114114229070306,0.3677811837864578
2022-11-08,0.4680278643005961,0.17763107705179249,0.3543410586476114
2022-11-09,0.4602629982603617,0.20478823521519204,0.3349487665244463
2022-11-10,0.45977226286261325,0.18362365674169168,0.3566040803956951
2022-11-11,0.45559518822029366,0.18802304820911594,0.3563817635705904
2022-11-12,0.45694968895794486,0.19098082956788195,0.35206948147417316
2022-11-13,0.455790192458208,0.1941579941033986,0.35005181343839337
2022-11-14,0.4563200562217388,0.19168181324495873,0.3519981305333025
2022-11-15,0.4591896031306378,0.1892128833521557,0.35159751351720653
2022-11-16,0.46038491427899786,0.19190077070332123,0.3477143150176809
2022-11-17,0.4628589165026335,0.19193170620421854,0.34520937729314793
2022-11-18,0.46143873690059417,0.19103985834265588,0.34752140475675
2022-11-19,0.4609978782699402,0.1912257349106171,0.3477763868194427
2022-11-20,0.4640552864620097,0.19744093358875164,0.33850377994923864
2022-11-21,0.46078314409682414,0.20199474827452513,0.33722210762865074
2022-11-22,0.46263283508372643,0.19678624072665993,0.3405809241896136
2022-11-23,0.46101922102155507,0.19093852309006207,0.34804225588838283
2022-11-24,0.45840982428778215,0.18997757964765055,0.3516125960645673
2022-11-25,0.4570676902531529,0.18960826556706786,0.3533240441797792
2022-11-26,0.45485009271289834,0.1895849203796822,0.35556498690741944
2022-11-27,0.4549633450424845,0.18999973540958484,0.3550369195479307
2022-11-28,0.45618629786920006,0.1923390037493751,0.3514746983814248
2022-11-29,0.4549196146691806,0.18853452881398866,0.3565458565168307
2022-11-30,0.4574601602497329,0.18131279125482846,0.3612270484954387
2022-12-01,0.4581886604444678,0.18344033377066782,0.35837100578486436
2022-12-02,0.4579710092164819,0.18222289055943544,0.35980610022408266
2022-12-03,0.46024556396255195,0.18535641002141934,0.3543980260160287
2022-12-04,0.45965355556101956,0.18293020194166307,0.3574162424973174
2022-12-05,0.46003629585038375,0.1842923612352384,0.35567134291437785
2022-12-06,0.46060028160144834,0.18324229524581012,0.35615742315274157
2022-12-07,0.46190634146999643,0.18617119855294376,0.35192245997705984
2022-12-08,0.4621402357986381,0.1820774691346685,0.3557822950666934
2022-12-09,0.4629278797246462,0.18354125114621783,0.35353086912913595
2022-12-10,0.46262062266862736,0.183371517850727,0.35400785948064567
2022-12-11,0.4635301431812171,0.18399250984392548,0.3524773469748574
2022-12-12,0.46517496763409927,0.18310231722969889,0.3517227151362019
2022-12-13,0.47042841702337135,0.17752118511682644,0.35205039785980224
2022-12-14,0.4724684617927615,0.17887870529503733,0.34865283291220117
2022-12-15,0.4715536298196491,0.18311416413616088,0.34533220604419
2022-12-16,0.47546552960289407,0.19223187542235154,0.3323025949747544
2022-12-17,0.47412693365394354,0.18994700232339487,0.33592606402266156
2022-12-18,0.47306619609607503,0.19013915603957143,0.3367946478643536
2022-12-19,0.4729081570751253,0.19306223841946737,0.3340296045054073
2022-12-20,0.47360702910033803,0.18747585382735618,0.33891711707230576
2022-12-21,0.4738357652725905,0.18828906921622224,0.33787516551118724
2022-12-22,0.47323900680834907,0.18769486906637978,0.33906612412527115
2022-12-23,0.4725990292832824,0.18716074401899235,0.3402402266977253
2022-12-24,0.47347294996667944,0.1869625002620229,0.3395645497712977
2022-12-25,0.47413333634697247,0.18723782274637124,0.3386288409066563
2022-12-26,0.47356851383958476,0.1861827294408175,0.34024875671959776
2022-12-27,0.47205471437166513,0.1872388557193422,0.3407064299089927
2022-12-28,0.47294097313690725,0.18950391811128445,0.33755510875180833
2022-12-29,0.4736062092420512,0.18872439647787959,0.3376693942800692
2022-12-30,0.4744064921870354,0.18769310899193178,0.3379003988210328
2022-12-31,0.47297938622177194,0.18929889396649704,0.33772171981173105
2023-01-01,0.4740625726340649,0.18871233244329658,0.33722509492263847
2023-01-02,0.4730231752035403,0.18754925957048227,0.33942756522597745
2023-01-03,0.4734668687875262,0.18695989603973592,0.33957323517273785
2023-01-04,0.47021127303628774,0.18392675753848728,0.345861969425225
2023-01-05,0.4714216307754361,0.1842048838535731,0.34437348537099083
2023-01-06,0.47062409308777753,0.18253788092717457,0.34683802598504787
2023-01-07,0.47105350336481056,0.18250624660121573,0.3464402500339737
2023-01-08,0.46892853739760393,0.18029590351086505,0.350775559091531
2023-01-09,0.4672652001078022,0.1780051116603149,0.35472968823188294
2023-01-10,0.4686972317911228,0.17607915607461386,0.3552236121342633
2023-01-11,0.46955407554309825,0.17197732380115535,0.35846860065574637
2023-01-12,0.4792007929398824,0.16665431977923414,0.3541448872808835
2023-01-13,0.48856429415715946,0.1604779651662578,0.35095774067658275
2023-01-14,0.4916440172132112,0.1537839401636984,0.35457204262309033
2023-01-15,0.4912420305971215,0.15465392513707407,0.3541040442658044
2023-01-16,0.493273552589518,0.15295978791677475,0.3537666594937072
2023-01-17,0.49464457423633,0.15285591884813116,0.35249950691553883
2023-01-18,0.49558308226536574,0.15607983930803646,0.34833707842659783
2023-01-19,0.4958004684256576,0.15347717528736599,0.35072235628697646
2023-01-20,0.5029929073512314,0.14495693283235633,0.3520501598164122
2023-01-21,0.5074119035725934,0.14573831142836163,0.34684978499904506
2023-01-22,0.5059147077419348,0.1460099042957683,0.34807538796229687
2023-01-23,0.5073994841552008,0.1448974812874494,0.3477030345573498
2023-01-24,0.5115054412147672,0.14764966866222903,0.3408448901230038
2023-01-25,0.5107620470786488,0.1447471056542702,0.34449084726708096
2023-01-26,0.5104390448164364,0.14512110735118025,0.3444398478323834
2023-01-27,0.5105875450157651,0.14469171203327522,0.3447207429509598
2023-01-28,0.512190914179533,0.1458602374776818,0.34194884834278516
2023-01-29,0.5130574327582614,0.14152675302891995,0.3454158142128185
2023-01-30,0.5113998913463186,0.1466178400697536,0.3419822685839279
2023-01-31,0.511499178889321,0.14438308311487486,0.3441177379958041
2023-02-01,0.5125626308228107,0.14143820959888606,0.3459991595783032
2023-02-02,0.5096501259136261,0.14223761953560007,0.3481122545507738
2023-02-03,0.5064588910690634,0.14144280012849048,0.3520983088024461
2023-02-04,0.5050824920075023,0.14174570422594135,0.35317180376655627
2023-02-05,0.5047013239775622,0.14408344047402005,0.3512152355484178
2023-02-06,0.5047318045901226,0.14507486255885355,0.35019333285102383
2023-02-07,0.5042534070907441,0.14177887117677934,0.3539677217324766
2023-02-08,0.5080247026875205,0.1284503334474279,0.36352496386505156
2023-02-09,0.5023243016235186,0.1502152003217466,0.3474604980547348
2023-02-10,0.5028968565920637,0.15141005757228623,0.34569308583565006
2023-02-11,0.5026359094840888,0.14987013132004634,0.3474939591958649
2023-02-12,0.5037721559983225,0.15076268582009508,0.3454651581815824
2023-02-13,0.5071444090265355,0.15104188800078877,0.34181370297267577
2023-02-14,0.5066031831358302,0.14813542031380186,0.3452613965503679
2023-02-15,0.5209666165098242,0.12449394327542082,0.3545394402147549
2023-02-16,0.5143731483275661,0.14131180185718134,0.34431504981525257
2023-02-17,0.5177317726608436,0.1371799053578727,0.34508832198128375
2023-02-18,0.5229819837689682,0.12309983424942736,0.35391818198160446
2023-02-19,0.5170460714735159,0.1382540281720319,0.34469990035445225
2023-02-20,0.5200746463458492,0.1358569103352538,0.34406844331889697
2023-02-21,0.520728715372322,0.13805034251970555,0.3412209421079724
2023-02-22,0.5190050815604738,0.13894555628878905,0.3420493621507372
2023-02-23,0.5171973113558028,0.13939699586981014,0.3434056927743871
2023-02-24,0.5143279987547986,0.14304982719129342,0.342622174053908
2023-02-25,0.5152412525319896,0.1433910471192821,0.3413677003487282
2023-02-26,0.514976478935397,0.14110402852338796,0.34391949254121496
2023-02-27,0.5160146314591006,0.14114968910463693,0.3428356794362624
2023-02-28,0.5150941336471498,0.14287934057950127,0.34202652577334897
2023-03-01,0.5154644464039575,0.13989977311790033,0.3446357804781422
2023-03-02,0.5157120224241261,0.14098296726236267,0.3433050103135114
2023-03-03,0.5109850479505694,0.14655124181686444,0.3424637102325661
2023-03-04,0.5116099988986644,0.14711742344451512,0.3412725776568205
2023-03-05,0.5129058369010503,0.14695432785617069,0.340139835242779
2023-03-06,0.5129130020291044,0.14668254183597915,0.3404044561349164
2023-03-07,0.5106764148392278,0.14710981279656027,0.34221377236421197
2023-03-08,0.5080611466176417,0.14974273626803813,0.34219611711432024
2023-03-09,0.5016246888453755,0.15760157924992102,0.34077373190470345
2023-03-10,0.5001887829484911,0.15791757665809547,0.3418936403934134
2023-03-11,0.5031450624556845,0.15241956844244112,0.3444353691018744
2023-03-12,0.5097423782853729,0.14449120036061563,0.34576642135401137
2023-03-13,0.523061676911302,0.13505307838549246,0.3418852447032054
2023-03-14,0.5272418045373589,0.1322402698207938,0.34051792564184724
2023-03-15,0.5289397691199706,0.13430938903702322,0.3367508418430062
2023-03-16,0.5332267242171802,0.1237744952457124,0.3429987805371074
2023-03-17,0.5448748709676947,0.11556144897543284,0.3395636800568725
2023-03-18,0.544528025107036,0.11743334026128577,0.3380386346316782
2023-03-19,0.5512735867181704,0.11427060038287915,0.33445581289895043
2023-03-20,0.5539403990858065,0.1157848840129238,0.33027471690126964
2023-03-21,0.5482199670112892,0.11292311112112807,0.3388569218675828
2023-03-22,0.548558678738135,0.11663400734579525,0.3348073139160699
2023-03-23,0.5502955806305232,0.11268600941906007,0.3370184099504168
2023-03-24,0.5493351400971692,0.11598007911412697,0.3346847807887038
2023-03-25,0.5497108361667477,0.11601468351192061,0.33427448032133167
2023-03-26,0.5509642778607221,0.11421226043523137,0.3348234617040464
2023-03-27,0.548975502765656,0.1173198084035246,0.33370468883081944
2023-03-28,0.5441302993386282,0.11574998875047762,0.3401197119108941
2023-03-29,0.5508258274679905,0.11268049852325447,0.33649367400875496
2023-03-30,0.5485868715697299,0.11349771613982135,0.33791541229044875
2023-03-31,0.5494690442516835,0.11189994015275812,0.3386310155955582
2023-04-01,0.5501434210566724,0.11212497275339195,0.3377316061899357
2023-04-02,0.5494867488510212,0.11311680918892884,0.33739644196005
2023-04-03,0.5444899477805735,0.11394870697092305,0.34156134524850346
2023-04-04,0.5436423929175361,0.11202249567198076,0.34433511141048306
2023-04-05,0.541036649033205,0.11143460086365037,0.3475287501031447
2023-04-06,0.5426310332317296,0.11296668044054907,0.34440228632772146
2023-04-07,0.5429013407232592,0.11287253276108664,0.34422612651565426
2023-04-08,0.5445650462349437,0.11310502182942726,0.34232993193562894
2023-04-09,0.5461215945876682,0.1124495223103563,0.3414288831019755
2023-04-10,0.5527886587134644,0.10865864270437807,0.3385526985821576
2023-04-11,0.5578831912409313,0.10770872834683377,0.33440808041223485
2023-04-12,0.5540684500370165,0.10783066024672017,0.3381008897162634
2023-04-13,0.5512501004029119,0.10530576968987297,0.3434441299072152
2023-04-14,0.5453452305942088,0.10414881281071162,0.35050595659507955
2023-04-15,0.544145370481776,0.10464252390194877,0.35121210561627525
2023-04-16,0.5413233294618597,0.10409197634294094,0.3545846941951994
2023-04-17,0.5377536439889304,0.10602046851789558,0.356225887493174
2023-04-18,0.5436324167419845,0.10395244820854936,0.35241513504946614
2023-04-19,0.5453840386660616,0.1099888779914725,0.34462708334246595
2023-04-20,0.5406496912962545,0.1110933812403842,0.3482569274633613
2023-04-21,0.5396593092034238,0.11470989543412814,0.3456307953624481
2023-04-22,0.5408278631334394,0.1127312697495683,0.3464408671169923
2023-04-23,0.5403615056421985,0.11358045203433952,0.34605804232346193
2023-04-24,0.5412989078040485,0.11400744918622735,0.3446936430097241
2023-04-25,0.5453352596456419,0.1117056149633369,0.34295912539102125
2023-04-26,0.5473682977336133,0.11177375028039822,0.34085795198598845
2023-04-27,0.5529530925710044,0.1086505796976086,0.33839632773138695
2023-04-28,0.5529155927612055,0.1094729999637737,0.33761140727502087
2023-04-29,0.5513195078621612,0.10929874594637072,0.33938174619146805
2023-04-30,0.5528544174131298,0.10951899940224663,0.3376265831846236
2023-05-01,0.5472654328564812,0.11282750024432323,0.3399070668991956
2023-05-02,0.5502040829112164,0.11106009691303106,0.3387358201757526
2023-05-03,0.5502572128603115,0.10978638889999126,0.3399563982396972
2023-05-04,0.5513059672761906,0.11069968492092858,0.33799434780288085
2023-05-05,0.5483553091223182,0.1078964961403315,0.34374819473735024
2023-05-06,0.5504670597933153,0.11075303739080748,0.3387799028158772
2023-05-07,0.5489159140687718,0.11216735087500121,0.338916735056227
2023-05-08,0.546334327649953,0.11448394621967087,0.3391817261303761
2023-05-09,0.5461788386572887,0.11475230787824597,0.33906885346446547
2023-05-10,0.5458131109916471,0.11496016541967666,0.3392267235886762
2023-05-11,0.5448005310855456,0.11735529687655828,0.33784417203789613
2023-05-12,0.538794472269013,0.11699406303882155,0.3442114646921654
2023-05-13,0.5395518169859408,0.11731759448170029,0.34313058853235884
2023-05-14,0.5401890892824883,0.11680533890539589,0.3430055718121158
2023-05-15,0.5413940143090218,0.11575562463458164,0.3428503610563966
2023-05-16,0.5422075864603434,0.1164380862787766,0.34135432726088005
2023-05-17,0.54466974106432,0.11527959604308481,0.3400506628925952
2023-05-18,0.5412835886542191,0.11706526644529117,0.34165114490048976
2023-05-19,0.5409994069979472,0.11673410954458274,0.34226648345747007
2023-05-20,0.5424658070222471,0.11607907620003818,0.34145511677771473
2023-05-21,0.5413071065132479,0.11743049521530287,0.3412623982714492
2023-05-22,0.5407696806416052,0.11675275257315139,0.34247756678524344
2023-05-23,0.5410904353893445,0.1150898558741459,0.34381970873650963
2023-05-24,0.5380956081872819,0.11825067393091342,0.34365371788180477
2023-05-25,0.5391834254710423,0.11780222541010525,0.3430143491188524
2023-05-26,0.538978281443147,0.11676059523885816,0.34426112331799485
2023-05-27,0.539550628732215,0.11625842761902654,0.3441909436487584
2023-05-28,0.5438411899969866,0.1120696729647252,0.34408913703828814
2023-05-29,0.5422188402112998,0.1130770029585066,0.3447041568301935
2023-05-30,0.5405632099144083,0.11283425952473032,0.3466025305608614
2023-05-31,0.5387828597317891,0.11443553708524686,0.3467816031829641
2023-06-01,0.53658955961466,0.11579074067884679,0.3476196997064932
2023-06-02,0.5362976293450764,0.11386754876537043,0.34983482188955317
2023-06-03,0.5360504843326456,0.11441974934031758,0.34952976632703686
2023-06-04,0.5361246348790671,0.11424171120084245,0.34963365392009044
2023-06-05,0.5335001991784966,0.11958272541890749,0.34691707540259603
2023-06-06,0.5412080945641827,0.11461581855088497,0.3441760868849323
2023-06-07,0.5403151642892198,0.11822811860022836,0.3414567171105519
2023-06-08,0.5403148857014858,0.11745514102255643,0.34222997327595783
2023-06-09,0.5413464015026236,0.11766641030301048,0.340987188194366
2023-06-10,0.546037361627527,0.1216869252965847,0.3322757130758882
2023-06-11,0.5468452504167652,0.1214552525579954,0.3316994970252394
2023-06-12,0.547586603800812,0.12170520177040683,0.3307081944287812
2023-06-13,0.5472656226522166,0.12106132593386548,0.3316730514139179
2023-06-14,0.5481306246837504,0.12552845340716004,0.3263409219090896
2023-06-15,0.5513996844515945,0.12412051800161591,0.32447979754678963
2023-06-16,0.5544304152358878,0.12139575060435855,0.3241738341597537
2023-06-17,0.5545047048077432,0.12060781621341182,0.32488747897884496
2023-06-18,0.5536623615923203,0.12079314480176735,0.3255444936059122
2023-06-19,0.556886271560284,0.11928662567895267,0.3238271027607633
2023-06-20,0.5653557543321113,0.11491576067254762,0.319728484995341
2023-06-21,0.5717437379962754,0.10954852223752462,0.3187077397662
2023-06-22,0.5730449157955521,0.11023085465843313,0.3167242295460148
2023-06-23,0.5770899979869285,0.10818619915067525,0.31472380286239626
2023-06-24,0.5783916361277229,0.1089594991063684,0.31264886476590875
2023-06-25,0.5775134352466967,0.10687496793774214,0.31561159681556106
2023-06-26,0.5780643633771239,0.10978259091807265,0.3121530457048035
2023-06-27,0.5788838740209041,0.10830562633345237,0.31281049964564356
2023-06-28,0.5802641668652979,0.11063901906039333,0.3090968140743088
2023-06-29,0.5803184244871097,0.10923193060415509,0.3104496449087352
2023-06-30,0.5733806691144435,0.10739110869294634,0.31922822219261004
2023-07-01,0.574115664114653,0.10704815916708812,0.31883617671825887
2023-07-02,0.5729505153022101,0.10671368975164479,0.32033579494614506
2023-07-03,0.5759005048906276,0.10567214595580571,0.31842734915356663
2023-07-04,0.5746295880069527,0.10682414246467928,0.3185462695283679
2023-07-05,0.5753097233794142,0.10780206238449505,0.31688821423609065
2023-07-06,0.5761254547578464,0.1099860208567281,0.31388852438542564
2023-07-07,0.5770937621228193,0.10855219432746128,0.3143540435497195
2023-07-08,0.5766843476377921,0.10867389141003693,0.31464176095217117
2023-07-09,0.5765158109292109,0.10907108512376162,0.31441310394702754
2023-07-10,0.5759700699078026,0.10796497474969168,0.3160649553425056
2023-07-11,0.5772530970333641,0.10746327781131507,0.3152836251553208
2023-07-12,0.5765981784931765,0.10801635195777698,0.3153854695490465
2023-07-13,0.5625187989053043,0.10191712692419072,0.335564074170505
2023-07-14,0.5617553771032663,0.10559037931414028,0.3326542435825934
2023-07-15,0.5615150950959251,0.105812547523519,0.3326723573805559
2023-07-16,0.5619309410335697,0.10609384685957506,0.33197521210685543
2023-07-17,0.5621564337689192,0.10627108668560503,0.33157247954547586
2023-07-18,0.5604358637520144,0.1069788323167732,0.3325853039312125
2023-07-19,0.5598645368235292,0.1066650151141287,0.3334704480623421
2023-07-20,0.5597049858994873,0.10701911089931708,0.33327590320119566
2023-07-21,0.5608508770983608,0.10680952197955372,0.33233960092208553
2023-07-22,0.5633352783667843,0.10770685988082812,0.3289578617523876
2023-07-23,0.5637634759002981,0.10666484817619583,0.3295716759235062
2023-07-24,0.5606186947874074,0.10923085706310172,0.3301504481494908
2023-07-25,0.5598259541484082,0.10881000833082036,0.33136403752077137
2023-07-26,0.5592414591394193,0.10820293935283493,0.33255560150774593
2023-07-27,0.5591374888926387,0.10865680625493168,0.3322057048524298
2023-07-28,0.5582373784651117,0.108103010922698,0.33365961061219035
2023-07-29,0.5585101464413452,0.10800807966436018,0.3334817738942945
2023-07-30,0.5589802027566012,0.10837586765914427,0.33264392958425454
2023-07-31,0.5605656201400904,0.1087856934292069,0.3306486864307028
2023-08-01,0.5624081411131783,0.10734345384967242,0.33024840503714925
2023-08-02,0.5611545910422387,0.10890098384170017,0.32994442511606104
2023-08-03,0.5636705224626608,0.10922471961001781,0.3271047579273214
2023-08-04,0.5641676300448195,0.10957487842378132,0.3262574915313991
2023-08-05,0.563297881301257,0.10955863965974155,0.32714347903900143
2023-08-06,0.564063677832186,0.10965173116493734,0.32628459100287655
2023-08-07,0.56545156535993,0.10953130890343878,0.3250171257366312
2023-08-08,0.5670187503444036,0.10759562192636513,0.32538562772923124
2023-08-09,0.5654494572264569,0.10794456490397243,0.3266059778695707
2023-08-10,0.565189558505165,0.10820926469895073,0.32660117679588435
2023-08-11,0.5654564443379757,0.10831506465050876,0.3262284910115156
2023-08-12,0.565459699098457,0.10822058662789977,0.32631971427364326
2023-08-13,0.5654216915005331,0.10870185755163202,0.32587645094783485
2023-08-14,0.5657518496818421,0.10811707619087953,0.3261310741272783
2023-08-15,0.5668062818534093,0.1092050551071207,0.32398866303947
2023-08-16,0.5662304832231677,0.1106474715870254,0.323122045189807
2023-08-17,0.561667403494135,0.11819496911198842,0.3201376273938765
2023-08-18,0.557841072342074,0.1197268050929246,0.32243212256500137
2023-08-19,0.5567979045297451,0.11930605791713007,0.32389603755312485
2023-08-20,0.5558268589687511,0.11867135688354394,0.3255017841477049
2023-08-21,0.5580113742705984,0.11942051608958103,0.32256810963982063
2023-08-22,0.5600286653460198,0.12015972060942703,0.31981161404455327
2023-08-23,0.5588197501019515,0.11821656252000767,0.3229636873780408
2023-08-24,0.5583216763989656,0.11912533858464538,0.32255298501638896
2023-08-25,0.557724657361435,0.11958300096862434,0.32269234166994065
2023-08-26,0.5581044587577979,0.11994982993203707,0.32194571131016503
2023-08-27,0.5576237180574849,0.11950037505963224,0.3228759068828828
2023-08-28,0.5581651908021535,0.1195190444148949,0.3223157647829516
2023-08-29,0.5652908684767475,0.11414264900275416,0.3205664825204983
2023-08-30,0.5643861645182106,0.11575019041138411,0.3198636450704053
2023-08-31,0.5579437686390571,0.12044951861013439,0.32160671275080854
2023-09-01,0.558836222715703,0.12121279441642709,0.3199509828678699
2023-09-02,0.5586043529104828,0.12094041130082209,0.32045523578869506
2023-09-03,0.5594456365181723,0.12068317126608656,0.31987119221574106
2023-09-04,0.5583271229564528,0.12102099274611446,0.3206518842974327
2023-09-05,0.5576409303606035,0.12094323522891642,0.3214158344104801
2023-09-06,0.557585150621586,0.12111396214585857,0.32130088723255557
2023-09-07,0.560836088240276,0.11943883927943603,0.31972507248028803
2023-09-08,0.5587680001586662,0.1206921176755826,0.3205398821657511
2023-09-09,0.5588105560196102,0.12087949768826965,0.32030994629212023
2023-09-10,0.5605908704604787,0.12156928771607245,0.3178398418234489
2023-09-11,0.5609534058914328,0.12479387550350306,0.31425271860506415
2023-09-12,0.5631534917333193,0.12219761968373354,0.31464888858294715
2023-09-13,0.5651998139625202,0.12082434763702181,0.3139758384004579
2023-09-14,0.5661836953948994,0.11952947368044223,0.31428683092465837
2023-09-15,0.5650494981726737,0.1189864278430859,0.3159640739842404
2023-09-16,0.5646942899415606,0.11913769980926081,0.31616801024917857
2023-09-17,0.5657477142098799,0.11950706532574598,0.31474522046437414
2023-09-18,0.5659320511515887,0.11849512127095307,0.3155728275774582
2023-09-19,0.568610220641868,0.11699802512886466,0.3143917542292673
2023-09-20,0.5698138910904083,0.11759968056657186,0.31258642834301986
2023-09-21,0.5689997606016348,0.11973112456508124,0.311269114833284
2023-09-22,0.5683679804853943,0.11951937027505877,0.31211264923954696
2023-09-23,0.5684820077964003,0.11956676938806646,0.3119512228155332
2023-09-24,0.5672507493314395,0.12078792547982986,0.3119613251887306
2023-09-25,0.5668161373688676,0.1203333564068613,0.3128505062242711
2023-09-26,0.5657619475166143,0.1204059745899527,0.31383207789343276
2023-09-27,0.5668229081356319,0.11991647125079331,0.3132606206135748
2023-09-28,0.567702285779779,0.1172614912733664,0.3150362229468545
2023-09-29,0.5651800495565453,0.11672634942034746,0.31809360102310724
2023-09-30,0.5653752488980485,0.11650662738568988,0.31811812371626147
2023-10-01,0.5683393754778597,0.11287148778259412,0.3187891367395461
2023-10-02,0.5704082640044567,0.11538827156388937,0.314203464431654
2023-10-03,0.5691258822993527,0.11554070269356895,0.31533341500707834
2023-10-04,0.5734424516619355,0.11490457391156356,0.311652974426501
2023-10-05,0.5734987357495271,0.11647534841209357,0.31002591583837924
2023-10-06,0.5748308967682613,0.11483547597403122,0.3103336272577075
2023-10-07,0.5761441095027079,0.1151366292113679,0.3087192612859242
2023-10-08,0.5762209159953569,0.11531249091625537,0.3084665930883877
2023-10-09,0.5788879818690653,0.11723665232257421,0.3038753658083604
2023-10-10,0.5781151273254505,0.11778726196611455,0.30409761070843494
2023-10-11,0.5742308560434951,0.11908539333889832,0.3066837506176066
2023-10-12,0.5759345691066093,0.11984215098627315,0.30422327990711756
2023-10-13,0.5755478212435606,0.11929341443561713,0.3051587643208223
2023-10-14,0.5750343469367649,0.11920731953436767,0.3057583335288673
2023-10-15,0.5771170581163994,0.11838446471254434,0.3044984771710563
2023-10-16,0.5844269474260807,0.11428052876247442,0.3012925238114449
2023-10-17,0.5875257288845608,0.11541819317940527,0.29705607793603395
2023-10-18,0.5865573598756817,0.11570304675632105,0.29773959336799727
2023-10-19,0.5878290678130972,0.11462178879319422,0.2975491433937085
2023-10-20,0.5922281284241921,0.11193115602537493,0.29584071555043295
2023-10-21,0.5909716150789925,0.11104888054176011,0.29797950437924736
2023-10-22,0.5888170480466498,0.11034951780511595,0.30083343414823416
2023-10-23,0.6022015378649596,0.10223664943231828,0.2955618127027222
2023-10-24,0.6072621765049413,0.10035993133230812,0.29237789216275056
2023-10-25,0.6108011485740295,0.09924903010148237,0.28994982132448816
2023-10-26,0.6067663880585371,0.09961341002349461,0.2936202019179683
2023-10-27,0.6072008000566198,0.10042412473906835,0.2923750752043118
2023-10-28,0.6084490427459093,0.1001386350893367,0.291412322164754
2023-10-29,0.6094340718875444,0.09904421571491624,0.29152171239753927
2023-10-30,0.6068329773687823,0.09863885070539616,0.2945281719258216
2023-10-31,0.6065392704685391,0.09805203747866127,0.2954086920527997
2023-11-01,0.6081633303965785,0.0963278885496259,0.2955087810537955
2023-11-02,0.6078218167653812,0.09742024131229854,0.29475794192232035
2023-11-03,0.6041316585273434,0.09775322211810526,0.29811511935455126
2023-11-04,0.6034682014070688,0.09684159310890761,0.2996902054840236
2023-11-05,0.5988869509903719,0.09623790053734885,0.3048751484722792
2023-11-06,0.595269297349422,0.0955626653657571,0.30916803728482084
2023-11-07,0.60024980867719,0.09552003627190012,0.3042301550509099
2023-11-08,0.6009209573305653,0.09521059323474133,0.3038684494346934
2023-11-09,0.5936273619625523,0.09145982677854599,0.3149128112589017
2023-11-10,0.5972363638852908,0.09061299924364831,0.31215063687106087
2023-11-11,0.5972652888087676,0.0912504786817724,0.31148423250945995
2023-11-12,0.5974123114193824,0.09160436223188735,0.31098332634873016
2023-11-13,0.5950984549071596,0.09248651599664509,0.31241502909619534
2023-11-14,0.5935871447875702,0.09486452139458836,0.3115483338178414
2023-11-15,0.5998681384778276,0.0903637182973126,0.30976814322485974
2023-11-16,0.5979960238568888,0.09445370032467881,0.3075502758184324
2023-11-17,0.5999742353466981,0.09386203921627222,0.3061637254370297
2023-11-18,0.599953427669901,0.09408735500781601,0.30595921732228304
2023-11-19,0.6008328874236166,0.0922207851963367,0.3069463273800467
2023-11-20,0.6020611321156787,0.09227894857501713,0.30565991930930414
2023-11-21,0.601218633810991,0.09660588644531978,0.30217547974368913
2023-11-22,0.6003249681252776,0.09249090195033316,0.3071841299243892
2023-11-23,0.5994408337972446,0.09287453826095315,0.3076846279418023
2023-11-24,0.6006357725165163,0.09222457041625323,0.30713965706723045
2023-11-25,0.5998960359858782,0.09209584806345093,0.3080081159506709
2023-11-26,0.5999235833553203,0.09282670891309229,0.30724970773158744
2023-11-27,0.6023659673770924,0.09359514681799751,0.3040388858049102
2023-11-28,0.6032750051198394,0.09252397036620695,0.30420102451395364
2023-11-29,0.6046098974414003,0.09275720988205645,0.3026328926765433
2023-11-30,0.602208625550533,0.0929021259498811,0.30488924849958593
2023-12-01,0.605710788015209,0.09120585831719867,0.30308335366759237
2023-12-02,0.6044463692925903,0.08933382765134765,0.30621980305606206
2023-12-03,0.6061451365299928,0.08847538983873568,0.3053794736312715
2023-12-04,0.6143487052254302,0.0852953386252193,0.3003559561493505
2023-12-05,0.6229070639877667,0.0824532008373708,0.29463973517486247
2023-12-06,0.6234780118469239,0.08318727039702371,0.29333471775605247
2023-12-07,0.6123999259244148,0.08272055283919154,0.3048795212363936
2023-12-08,0.612044049882298,0.08126649789574483,0.3066894522219572
2023-12-09,0.6109124814864622,0.08208077894194783,0.30700673957158997
2023-12-10,0.6085113101896682,0.08198609926410778,0.309502590546224
2023-12-11,0.6036967623191393,0.08578359413120229,0.3105196435496584
2023-12-12,0.6056828029352861,0.08563518598236886,0.3086820110823451
2023-12-13,0.6082451207381249,0.0832558618024419,0.30849901745943326
2023-12-14,0.6050262734220574,0.08273579900394101,0.31223792757400154
2023-12-15,0.6064623252855829,0.08523222580169923,0.30830544891271794
2023-12-16,0.6067489200414794,0.08476847926341352,0.308482600695107
2023-12-17,0.6053592900595433,0.08637710061171716,0.30826360932873953
2023-12-18,0.6102399446245259,0.08449361411182685,0.30526644126364727
2023-12-19,0.6106988784786171,0.08536668992462751,0.3039344315967553
2023-12-20,0.6152243086247976,0.0833789821688477,0.3013967092063547
2023-12-21,0.6083932481255145,0.08208005137527935,0.30952670049920616
2023-12-22,0.6039487621806154,0.08145481366147206,0.31459642415791256
2023-12-23,0.6015885757224575,0.08172473851369537,0.31668668576384706
2023-12-24,0.5999261421517055,0.08294607694871961,0.31712778089957494
2023-12-25,0.5997226501313697,0.08172495370098593,0.31855239616764436
2023-12-26,0.5969548609720631,0.08322683994926061,0.3198182990786763
2023-12-27,0.5935247605546872,0.08108653087927895,0.3253887085660339
2023-12-28,0.5920007840007739,0.08258662324822069,0.32541259275100537
2023-12-29,0.5916694322731365,0.08348792264136791,0.3248426450854956
2023-12-30,0.5933433476423561,0.08363776360477278,0.3230188887528711
2023-12-31,0.5954181074183907,0.08357505669267354,0.32100683588893575
2024-01-01,0.5993358078001428,0.08056196486579552,0.3201022273340617
2024-01-02,0.6045580919691101,0.08000641775958425,0.3154354902713057
2024-01-03,0.6043154002935244,0.08425576885678948,0.3114288308496861
2024-01-04,0.6059291020591875,0.08237969221311936,0.3116912057276931
2024-01-05,0.608047320823475,0.08309769726701566,0.30885498190950933
2024-01-06,0.610911144240172,0.08421455151225687,0.3048743042475711
2024-01-07,0.6138821650112679,0.08484797628493858,0.30126985870379347
2024-01-08,0.6203873341173638,0.08022711169700995,0.29938555418562623
2024-01-09,0.6164188837349331,0.08136659652060754,0.3022145197444593
2024-01-10,0.6040970516063073,0.07907965326075013,0.3168232951329426
2024-01-11,0.6004850533886026,0.07923196020351582,0.32028298640788155
2024-01-12,0.590124501403757,0.08458566252378139,0.3252898360724616
2024-01-13,0.5860927472894579,0.084106888393348,0.3298003643171941
2024-01-14,0.5863459539143018,0.08621594232276214,0.32743810376293614
2024-01-15,0.5871230369253262,0.08488404831267406,0.3279929147619997
2024-01-16,0.5864564312866466,0.08357696140518035,0.32996660730817307
2024-01-17,0.5870917503649268,0.08463210258696802,0.32827614704810515
2024-01-18,0.5840527733884101,0.08716792040979218,0.32877930620179774
2024-01-19,0.5854753758052502,0.08643500248067608,0.32808962171407374
2024-01-20,0.585665489398872,0.08656352997007803,0.32777098063105004
2024-01-21,0.5611501087866225,0.12483712736374683,0.31401276384963067
2024-01-22,0.5856934486956208,0.09109025893357152,0.3232162923708077
2024-01-23,0.5920420713182607,0.09133740198977151,0.3166205266919677
2024-01-24,0.592786379490294,0.09155642653566808,0.31565719397403785
2024-01-25,0.5936256562424124,0.09207596281167557,0.31429838094591206
2024-01-26,0.5990969554692598,0.08885355184999023,0.31204949268075
2024-01-27,0.5998700593313023,0.08871370977756175,0.3114162308911359
2024-01-28,0.5736759052349937,0.12619308707112772,0.3001310076938786
2024-01-29,0.6008092661853949,0.08660497862838064,0.31258575518622456
2024-01-30,0.5986150743438974,0.0871645760131337,0.31422034964296897
2024-01-31,0.6016469302275451,0.0886286965807594,0.3097243731916955
2024-02-01,0.6028323002100926,0.08775470909934953,0.3094129906905579
2024-02-02,0.601945792245878,0.08754064972743149,0.31051355802669056
2024-02-03,0.6020059356578773,0.08799763066735107,0.3099964336747716
2024-02-04,0.6010262042054154,0.08871391813869477,0.31025987765588975
2024-02-05,0.6012530025362223,0.0884714057661744,0.3102755916976033
2024-02-06,0.5993447432690558,0.08760086103278752,0.3130543956981566
2024-02-07,0.601882091924194,0.0855591504936786,0.3125587575821274
2024-02-08,0.6057527890372407,0.08444800863363511,0.30979920232912417
2024-02-09,0.6099066858675007,0.08185439773873188,0.3082389163937674
2024-02-10,0.6115938903880124,0.08103072229984215,0.3073753873121455
2024-02-11,0.6143730863219609,0.08057144485549446,0.3050554688225447
2024-02-12,0.6134928136058987,0.07777674238889938,0.30873044400520194
2024-02-13,0.6138704223752924,0.07831410530329722,0.30781547232141027
2024-02-14,0.6147044796156609,0.07557174836696917,0.3097237720173699
2024-02-15,0.6115356673485902,0.07516854132387736,0.3132957913275324
2024-02-16,0.6137619366304903,0.07530552036266328,0.3109325430068465
2024-02-17,0.6132676886491958,0.07603945658449884,0.3106928547663054
2024-02-18,0.6105307199122877,0.07503168855510303,0.3144375915326093
2024-02-19,0.6057557089232913,0.07493184366043355,0.31931244741627507
2024-02-20,0.6058053937936104,0.07417471182849575,0.3200198943778938
2024-02-21,0.6055159450760266,0.07489725113580997,0.3195868037881635
2024-02-22,0.603768242077934,0.07537570115664613,0.32085605676541984
2024-02-23,0.6041307375306697,0.07635959875198703,0.3195096637173433
2024-02-24,0.6033510382860697,0.07510659060713833,0.3215423711067919
2024-02-25,0.5987305418590986,0.07430585147600925,0.3269636066648921
2024-02-26,0.605815962582106,0.07153731918768001,0.32264671823021396
2024-02-27,0.6134585855892243,0.06928330452360666,0.317258109887169
2024-02-28,0.6257902096771581,0.06481206011252082,0.309397730210321
2024-02-29,0.6215989847444349,0.0658230513513285,0.3125779639042366
2024-03-01,0.6193838768868031,0.06456749682845478,0.3160486262847421
2024-03-02,0.6168272065792243,0.0649278897772445,0.3182449036435312
2024-03-03,0.6183470070906854,0.06403032346277475,0.31762266944653983
2024-03-04,0.6275958997977232,0.06009021747720282,0.312313882725074
2024-03-05,0.6192279441919704,0.063735283441651,0.3170367723663786
2024-03-06,0.6152344174230259,0.061443274172281924,0.32332230840469217
2024-03-07,0.6123473696705133,0.06060623328748746,0.3270463970419992
2024-03-08,0.6149408875083912,0.06012417158772064,0.32493494090388825
2024-03-09,0.6140062339285842,0.06013142215704998,0.32586234391436597
2024-03-10,0.6164442996373783,0.06002329375912434,0.32353240660349725
2024-03-11,0.6175084824661364,0.05771659772695134,0.32477491980691225
2024-03-12,0.618211274161236,0.058433919731492326,0.3233548061072716
2024-03-13,0.6170059425217029,0.05734155269078564,0.3256525047875114
2024-03-14,0.6151805033376364,0.058615020223313385,0.32620447643905015
2024-03-15,0.6121298510034444,0.0601298167967834,0.3277403321997722
2024-03-16,0.6098768252846336,0.06371914546591922,0.326404029249447
2024-03-17,0.6127460113301876,0.06152884446859223,0.3257251442012201
2024-03-18,0.6155102825765627,0.062388837250477454,0.3221008801729599
2024-03-19,0.6165955548089089,0.06828809991219194,0.3151163452788991
2024-03-20,0.6180585257985604,0.06259145195293112,0.3193500222485085
2024-03-21,0.6115958383560253,0.06447194005094398,0.32393222159303087
2024-03-22,0.6123981182013682,0.06645392041948549,0.3211479613791463
2024-03-23,0.6128940000920396,0.06621772195265802,0.3208882779553024
2024-03-24,0.6167880478793081,0.06346519710562049,0.3197467550150714
2024-03-25,0.6195261827347921,0.06137856479053154,0.3190952524746764
2024-03-26,0.6197554827403245,0.06148429104143452,0.3187602262182409
2024-03-27,0.6220745924933037,0.062133910657649886,0.3157914968490466
2024-03-28,0.621983364839302,0.061181568638476486,0.3168350665222214
2024-03-29,0.619363921858032,0.061711869660089194,0.3189242084818788
2024-03-30,0.6198186940761523,0.06199389913198393,0.31818740679186375
2024-03-31,0.6184507638321406,0.060354722339407176,0.3211945138284522
2024-04-01,0.6216347375483207,0.062194728494940524,0.3161705339567388
2024-04-02,0.6195248186946606,0.06617444878786195,0.3143007325174774
2024-04-03,0.6196332293332611,0.0659894937541363,0.31437727691260253
2024-04-04,0.6259261276854933,0.06465118982889008,0.3094226824856166
2024-04-05,0.6254914178543112,0.06540007540580611,0.30910850673988277
2024-04-06,0.6262679092349178,0.06457139578482826,0.3091606949802539
2024-04-07,0.6238562762319021,0.0639166497803594,0.3122270739877385
2024-04-08,0.6214538947119497,0.06157508896098173,0.3169710163270686
2024-04-09,0.6213335332625054,0.06362542207518668,0.31504104466230787
2024-04-10,0.623026041830075,0.062496121953566464,0.3144778362163585
2024-04-11,0.6227377518130899,0.06302694601748646,0.31423530216942364
2024-04-12,0.6281869583072489,0.06616475053676553,0.30564829115598563
2024-04-13,0.6322037173949623,0.07033092468417554,0.29746535792086226
2024-04-14,0.6290921985425993,0.0681357071923231,0.3027720942650775
2024-04-15,0.6256613470119398,0.070255876691542,0.30408277629651825
2024-04-16,0.6290826714060248,0.07048646483761391,0.30043086375636135
2024-04-17,0.6249307278714256,0.0732089432591072,0.3018603288694673
2024-04-18,0.6266483700229102,0.07125978268467836,0.3020918472924113
2024-04-19,0.6276810502449228,0.07162815526138468,0.3006907944936925
2024-04-20,0.6249292779297736,0.07018895383822304,0.30488176823200336
2024-04-21,0.6254162598985787,0.07035580508673374,0.3042279350146874
2024-04-22,0.6273261238726255,0.06849103200111192,0.3041828441262626
2024-04-23,0.6240674632707268,0.06875460375969882,0.3071779329695744
2024-04-24,0.621749666341835,0.07067705114513416,0.3075732825130308
2024-04-25,0.6222427392606729,0.07047300282897218,0.30728425791035496
2024-04-26,0.6224190605606494,0.07128840207656949,0.3062925373627811
2024-04-27,0.6163639381360264,0.07106459422076604,0.3125714676432076
2024-04-28,0.6152894360890051,0.07130875416173192,0.31340180974926296
2024-04-29,0.6203661023632773,0.07098991568705905,0.30864398194966364
2024-04-30,0.6192913069323533,0.07455729235925136,0.3061514007083954
2024-05-01,0.6113266051656318,0.07643379246331458,0.3122396023710537
2024-05-02,0.6150118096091376,0.07594020483087904,0.3090479855599835
2024-05-03,0.6213903410605746,0.07228466552105592,0.30632499341836944
2024-05-04,0.6235993370758325,0.07154094937752342,0.30485971354664404
2024-05-05,0.6228941860858684,0.07139712865578737,0.30570868525834416
2024-05-06,0.622018024898491,0.07208098750725754,0.30590098759425144
2024-05-07,0.6229532100843432,0.07319802370315182,0.3038487662125049
2024-05-08,0.620468725037275,0.07413518841984099,0.3053960865428841
2024-05-09,0.6220021563879192,0.07213341809130465,0.30586442552077614
2024-05-10,0.6201385641959257,0.0745289295605009,0.3053325062435734
2024-05-11,0.6198518531052641,0.07450868425199866,0.30563946264273717
2024-05-12,0.6220680118560944,0.07384863477547278,0.30408335336843284
2024-05-13,0.6258058131339843,0.07268258265596751,0.30151160421004813
2024-05-14,0.6258583544929938,0.07416767640345558,0.2999739691035505
2024-05-15,0.6327755359496237,0.069926426064906,0.29729803798547033
2024-05-16,0.6334078637535973,0.07123158767149892,0.2953605485749037
2024-05-17,0.6317942777245892,0.06920197515008387,0.29900374712532696
2024-05-18,0.630313799799548,0.06922637582596497,0.300459824374487
2024-05-19,0.631102866072308,0.07004598762218447,0.29885114630550746
2024-05-20,0.6230444814394626,0.06408896548161899,0.3128665530789184
2024-05-21,0.6150505299444314,0.06429592606984935,0.32065354398571927
2024-05-22,0.6137797668047028,0.06526142469147489,0.3209588085038223
2024-05-23,0.6098989328279272,0.06582969417835619,0.32427137299371656
2024-05-24,0.6141418998554287,0.06578992175111371,0.32006817839345764
2024-05-25,0.6152603319666661,0.06520883244695448,0.3195308355863794
2024-05-26,0.611523143673949,0.0654638534601669,0.32301300286588414
2024-05-27,0.6110413894755108,0.0645338895883041,0.3244247209361851
2024-05-28,0.6091014856575255,0.06525838313678542,0.325640131205689
2024-05-29,0.6114502608461245,0.06613668445246815,0.3224130547014073
2024-05-30,0.6147372043785274,0.06642464997565797,0.31883814564581464
2024-05-31,0.6121656908164382,0.06637847268303394,0.32145583650052784
2024-06-01,0.6106443971537932,0.0661012646612872,0.3232543381849196
2024-06-02,0.6120298995074972,0.06623779466246336,0.3217323058300395
2024-06-03,0.6147337345571637,0.06552218325609303,0.3197440821867432
2024-06-04,0.6152697967624463,0.06400950163897573,0.32072070159857796
2024-06-05,0.6145369896113918,0.06355659852256568,0.3219064118660426
2024-06-06,0.615089591983518,0.06390418400235134,0.32100622401413076
2024-06-07,0.61791814027255,0.06541027123396839,0.3166715884934816
2024-06-08,0.6187779268571748,0.06551513797447914,0.315706935168346
2024-06-09,0.6187011201955515,0.06519474740389851,0.3161041324005501
2024-06-10,0.6221065386031607,0.06562960189064446,0.3122638595061949
2024-06-11,0.6235168122789027,0.06794519615383247,0.3085379915672649
2024-06-12,0.6219071668600098,0.06696267457380052,0.3111301585661898
2024-06-13,0.6221450852331124,0.06857940700628785,0.3092755077605997
2024-06-14,0.6196732900661672,0.06900275811510222,0.3113239518187305
2024-06-15,0.6166153199231281,0.06849833663556237,0.3148863434413095
2024-06-16,0.6153951033962204,0.06791103627861902,0.3166938603251606
2024-06-17,0.6203520844962377,0.06862497492991064,0.3110229405738516
2024-06-18,0.6168180634950146,0.06979569506131264,0.3133862414436728
2024-06-19,0.613321040216347,0.06963591530818222,0.31704304447547077
2024-06-20,0.615142889312681,0.07002038434785426,0.3148367263394647
2024-06-21,0.6122792910714077,0.07052574244024692,0.3171949664883455
2024-06-22,0.6133092185475485,0.07051340686185409,0.3161773745905973
2024-06-23,0.613537092870936,0.07170234999081916,0.3147605571382447
2024-06-24,0.6073307620797236,0.07432625051810428,0.3183429874021721
2024-06-25,0.6099281522553789,0.0729436023632903,0.3171282453813308
2024-06-26,0.6074815809401953,0.07382699293698908,0.3186914261228154
2024-06-27,0.6053261943957331,0.07239001945818896,0.32228378614607794
2024-06-28,0.6055533574815014,0.07377601487136934,0.3206706276471292
2024-06-29,0.6076008041613515,0.07333153587015467,0.31906765996849396
2024-06-30,0.6105107256348472,0.0716106159016748,0.31787865846347796
2024-07-01,0.610840517065179,0.0716099477224366,0.3175495352123845
2024-07-02,0.6068891273179925,0.07203497747420631,0.32107589520780117
2024-07-03,0.6078705580291318,0.07442925408840731,0.31770018788246085
2024-07-04,0.6102591344767391,0.07895122076227953,0.3107896447609814
2024-07-05,0.6116025848341963,0.07986299719958734,0.3085344179662164
2024-07-06,0.6106691952071956,0.07752284703070425,0.3118079577621001
2024-07-07,0.6113378931045512,0.08100815132491694,0.3076539555705319
2024-07-08,0.6084051688264921,0.07951125665880429,0.3120835745147036
2024-07-09,0.6111195402105448,0.07809749556788843,0.31078296422156676
2024-07-10,0.6077877043290363,0.07812702611563038,0.3140852695553332
2024-07-11,0.606889398991863,0.07846018688027745,0.31465041412785955
2024-07-12,0.6061225228017606,0.07764107029468151,0.3162364069035579
2024-07-13,0.6081812493808642,0.07622173775358086,0.3155970128655551
2024-07-14,0.6103074324505766,0.07455792040299869,0.3151346471464247
2024-07-15,0.612329408630016,0.07013168031429923,0.3175389110556849
2024-07-16,0.6146857951542918,0.07031738203047082,0.3149968228152374
2024-07-17,0.6134958695040205,0.07131486111232158,0.31518926938365793
2024-07-18,0.6119962786421801,0.07144383043305554,0.3165598909247645
2024-07-19,0.6161701034912935,0.06917677112200853,0.314653125386698
2024-07-20,0.6159222473484192,0.06881837844208957,0.3152593742094914
2024-07-21,0.6167422273069129,0.06791213363327175,0.3153456390598154
2024-07-22,0.619915541524481,0.06886535610075337,0.31121910237476574
2024-07-23,0.6143387194548294,0.07009663453024921,0.31556464601492135
2024-07-24,0.6168473791908577,0.07099011619226538,0.3121625046168769
2024-07-25,0.6259404841622569,0.07146786547860519,0.3025916503591379
2024-07-26,0.6269308893943716,0.06944618634987666,0.3036229242557517
2024-07-27,0.6277015549857603,0.06966067690447597,0.30263776810976367
2024-07-28,0.6282749861328659,0.06929767524230164,0.30242733862483245
2024-07-29,0.622441195930861,0.06994642243647498,0.30761238163266386
2024-07-30,0.6214081657896696,0.07035441731044285,0.30823741689988754
2024-07-31,0.6192565688246221,0.07176897275453083,0.3089744584208471
2024-08-01,0.6243267569196659,0.07132799634477141,0.3043452467355627
2024-08-02,0.6231605944845771,0.07576107885063083,0.30107832666479206
2024-08-03,0.6259748010067239,0.07716892301163349,0.29685627598164255
2024-08-04,0.6279620413140765,0.08090001749299122,0.29113794119293224
2024-08-05,0.6273448839951484,0.08729729096506657,0.285357825039785
2024-08-06,0.6294582335096782,0.08465531199103593,0.2858864544992858
2024-08-07,0.6293572907919558,0.08639841233297837,0.28424429687506586
2024-08-08,0.6342489158054604,0.07789881178397103,0.28785227241056865
2024-08-09,0.6363219269062022,0.07940940527559268,0.284268667818205
2024-08-10,0.6355994104220485,0.07933166677456692,0.2850689228033846
2024-08-11,0.6337444281474256,0.08207151794704844,0.284184053905526
2024-08-12,0.6268541568657553,0.08033925860772564,0.29280658452651903
2024-08-13,0.6319908892392713,0.07931903286231257,0.2886900778984161
2024-08-14,0.6265951231013761,0.081439217280516,0.29196565961810783
2024-08-15,0.6265747308912702,0.08333902428266443,0.2900862448260653
2024-08-16,0.6313077186024686,0.08230871410796108,0.2863835672895703
2024-08-17,0.6310556110504726,0.08152823113474583,0.2874161578147817
2024-08-18,0.627249464938907,0.08258683409108847,0.2901637009700044
2024-08-19,0.6277814503531138,0.08129290446805677,0.2909256451788295
2024-08-20,0.6279228119977199,0.08198158379886696,0.2900956042034131
2024-08-21,0.6338968432361602,0.07992899472100339,0.28617416204283636
2024-08-22,0.6305993640720831,0.08046736358996137,0.28893327233795557
2024-08-23,0.635835616071001,0.07671983795192268,0.2874445459770763
2024-08-24,0.6359058991902016,0.07666012248119478,0.28743397832860373
2024-08-25,0.6381940546300192,0.0767341382611012,0.2850718071088796
2024-08-26,0.6381660111806442,0.07835890537464067,0.28347508344471506
2024-08-27,0.6373841161486064,0.08267898507504867,0.279936898776345
2024-08-28,0.63276272128963,0.0828461131709714,0.2843911655393986
2024-08-29,0.6347976012657129,0.08276032743240447,0.28244207130188254
2024-08-30,0.6341187860808382,0.08308008965261562,0.2828011242665463
2024-08-31,0.6346819421290343,0.083353239107754,0.2819648187632118
2024-09-01,0.6347949635691021,0.08577634886547734,0.2794286875654205
2024-09-02,0.634845624592687,0.08329554576354353,0.28185882964376946
2024-09-03,0.6356489036939676,0.08561514603627159,0.27873595026976083
2024-09-04,0.636226042377069,0.08506576275417206,0.27870819486875886
2024-09-05,0.633495037697065,0.08741673185366716,0.2790882304492678
2024-09-06,0.6330856127991119,0.09091541564013583,0.2759989715607522
2024-09-07,0.6303832494080783,0.0903253201806606,0.2792914304112611
2024-09-08,0.6310305389620238,0.08926554687022675,0.2797039141677495
2024-09-09,0.6346615544523689,0.08653512044775982,0.2788033250998713
2024-09-10,0.6355457610740358,0.08577945778334556,0.2786747811426186
2024-09-11,0.6366015249854906,0.08642296061090463,0.2769755144036049
2024-09-12,0.6366893421236846,0.08527307556282804,0.27803758231348735
2024-09-13,0.6409443936997138,0.08273443070002799,0.2763211756002582
2024-09-14,0.6400612663391139,0.08334872488667514,0.27659000877421097
2024-09-15,0.6425220050729206,0.08493236783822472,0.27254562708885466
2024-09-16,0.6408742841130017,0.08594253598804873,0.27318317989894947
2024-09-17,0.6462653006559482,0.08370741984658471,0.2700272794974671
2024-09-18,0.6487680851849507,0.08230061784503316,0.2689312969700162
2024-09-19,0.6475781984113015,0.0804783137619319,0.2719434878267666
2024-09-20,0.6438584607455989,0.07992778331466809,0.276213755939733
2024-09-21,0.6404085128403336,0.07928334391489224,0.28030814324477416
2024-09-22,0.6438131058229611,0.07940551887470193,0.2767813753023369
2024-09-23,0.6392129768052979,0.07924000903368858,0.2815470141610135
2024-09-24,0.6406988970654849,0.07827896458775845,0.2810221383467566
2024-09-25,0.6413871906696097,0.07986181501789233,0.278750994312498
2024-09-26,0.6440411409771912,0.07782276757810298,0.2781360914447059
2024-09-27,0.6424523727003549,0.07695411590111309,0.28059351139853206
2024-09-28,0.6433053465700842,0.07693679911642046,0.27975785431349537
2024-09-29,0.6428555761951588,0.07720835875942363,0.27993606504541774
2024-09-30,0.6406347010117976,0.07942751045843682,0.2799377885297656
2024-10-01,0.6406737514565475,0.08266903892209092,0.27665720962136164
2024-10-02,0.6456933168477176,0.08362389946005463,0.27068278369222776
2024-10-03,0.6475292127099729,0.08369075752926008,0.26878002976076704
2024-10-04,0.6476237563092907,0.08192825207835355,0.2704479916123557
2024-10-05,0.6476588986429584,0.08191596607157361,0.2704251352854679
2024-10-06,0.6480942476756765,0.08103362513826019,0.27087212718606335
2024-10-07,0.6476592559365002,0.08171722092191012,0.2706235231415896
2024-10-08,0.6458879585706871,0.08143184630891935,0.27268019512039354
2024-10-09,0.6445138163909608,0.08316209508556781,0.2723240885234714
2024-10-10,0.6431361873495521,0.08339806982784725,0.27346574282260055
2024-10-11,0.6469379810678296,0.08107530179541139,0.2719867171367588
2024-10-12,0.6474923718907727,0.08021654340099436,0.27229108470823293
2024-10-13,0.6468904242057053,0.08055160319175501,0.27255797260253967
2024-10-14,0.6488834883583163,0.07682655642618624,0.27428995521549737
2024-10-15,0.6535153433731393,0.07626856483295291,0.2702160917939078
2024-10-16,0.6544105465793,0.0757879339397176,0.2698015194809824
2024-10-17,0.6549429581382644,0.0760472273292951,0.2690098145324405
2024-10-18,0.655332477184369,0.07507854763059432,0.2695889751850366
2024-10-19,0.6539233894943272,0.07506593172770572,0.27101067877796714
2024-10-20,0.6509642156533174,0.07403825045860862,0.2749975338880739
2024-10-21,0.6490676130451327,0.07547080460096059,0.27546158235390666
2024-10-22,0.6512688826398305,0.07565601065468576,0.27307510670548374
2024-10-23,0.6527109536587822,0.07649901361213958,0.2707900327290783
2024-10-24,0.6555988740782837,0.07521389835761957,0.2691872275640968
2024-10-25,0.6585637443905527,0.07734864837608113,0.2640876072333662
2024-10-26,0.6560552293585574,0.07665022784802586,0.26729454279341663
2024-10-27,0.656491208360609,0.07568690686365678,0.2678218847757342
2024-10-28,0.6590042118693787,0.07387849584597272,0.26711729228464853
2024-10-29,0.6637241045144266,0.07169149998466795,0.26458439550090546
2024-10-30,0.663213351392132,0.07212767627579171,0.26465897233207625
2024-10-31,0.6645561112291278,0.07426197704081608,0.2611819117300561
2024-11-01,0.6631122871607018,0.07497704465971657,0.2619106681795817
2024-11-02,0.663661042148336,0.07526499245064457,0.2610739654010195
2024-11-03,0.6648096853172448,0.07600065534143825,0.259189659341317
2024-11-04,0.6649179525132904,0.07710679967387628,0.25797524781283326
2024-11-05,0.666178680972165,0.07577147823033209,0.2580498407975028
2024-11-06,0.6671862634572824,0.07059998494414323,0.26221375159857435
2024-11-07,0.6597048595236984,0.06987399093440938,0.27042114954189217
2024-11-08,0.6579821573593186,0.06917911637120487,0.2728387262694765
2024-11-09,0.6502688476208031,0.0685653011559435,0.28116585122325344
2024-11-10,0.6531735309678267,0.06584321840698423,0.28098325062518903
2024-11-11,0.6628600722105769,0.06085585945873638,0.2762840683306868
2024-11-12,0.6651164523249635,0.06189285876697366,0.27299068890806283
2024-11-13,0.6726310127066226,0.06136389221832996,0.26600509507504744
2024-11-14,0.6693210035420886,0.06336160832590583,0.2673173881320057
2024-11-15,0.6727226942173784,0.06138884070072811,0.2658884650818935
2024-11-16,0.6671874421964686,0.061268923363693405,0.2715436344398379
2024-11-17,0.6656958019596156,0.061682361126139514,0.2726218369142449
2024-11-18,0.6616923795730512,0.06097093865709067,0.27733668176985815
2024-11-19,0.6686204532874716,0.06063732749880166,0.2707422192137268
2024-11-20,0.6749653861410742,0.06030220635922642,0.26473240749969945
2024-11-21,0.6702276819279616,0.05793301852157776,0.2718392995504607
2024-11-22,0.6659204293881902,0.058124497268879166,0.2759550733429307
2024-11-23,0.6597544923805689,0.05839312996026403,0.281852377659167
2024-11-24,0.6619050794610776,0.05858980445462436,0.27950511608429807
2024-11-25,0.6541591671728274,0.060825549906989074,0.2850152829201836
2024-11-26,0.6551600986150768,0.06166830276281539,0.2831715986221077
2024-11-27,0.651188329133732,0.059087659551348426,0.28972401131491954
2024-11-28,0.6516723045781165,0.05943352665905921,0.28889416876282425
2024-11-29,0.6502699887992492,0.058421914332345275,0.2913080968684054
2024-11-30,0.6436657166065672,0.0586717092351114,0.29766257415832137
2024-12-01,0.6396891591494158,0.05789301473376307,0.3024178261168211
2024-12-02,0.6341855044637094,0.05818004985911436,0.30763444567717624
2024-12-03,0.630936912536136,0.05807191936059083,0.3109911681032731
2024-12-04,0.6353290671321868,0.057122089984023225,0.30754884288379
2024-12-05,0.6340491043335721,0.05813465028961881,0.30781624537680913
2024-12-06,0.6317428815887903,0.05688895464829626,0.3113681637629133
2024-12-07,0.6284083790569465,0.05696965116223208,0.3146219697808214
2024-12-08,0.6315532312955789,0.05644016220642902,0.31200660649799206
2024-12-09,0.641932930248911,0.05960558371436211,0.29846148603672695
2024-12-10,0.6416300935317908,0.060208562647642246,0.29816134382056697
2024-12-11,0.6425584431192218,0.05784540956100831,0.29959614731976986
2024-12-12,0.6390299326303032,0.05860380761315562,0.3023662597565412
2024-12-13,0.6402410831129917,0.05805741433370188,0.3017015025533064
2024-12-14,0.6430698744110399,0.05838484532225086,0.29854528026670923
2024-12-15,0.6458788297788481,0.05702273450488015,0.29709843571627165
2024-12-16,0.6489568540145464,0.056518590813745474,0.2945245551717081
2024-12-17,0.6509165301043284,0.05669008761943032,0.2923933822762413
2024-12-18,0.6519301814850605,0.06022206692584781,0.28784775158909165
2024-12-19,0.6561161768264421,0.06217264213243133,0.2817111810411266
2024-12-20,0.6539259078339161,0.06193156945893817,0.2841425227071457
2024-12-21,0.6591357807462421,0.06258692137239419,0.27827729788136363
2024-12-22,0.6574175584480829,0.06379940803922923,0.2787830335126878
2024-12-23,0.6484963664040478,0.06322001390561768,0.28828361969033445
2024-12-24,0.6535722086108248,0.06104455478683816,0.2853832366023371
2024-12-25,0.6553055733145845,0.060813803908378594,0.2838806227770369
2024-12-26,0.6556778226526307,0.06323624332657658,0.28108593402079274
2024-12-27,0.6524545293440321,0.0639645861710336,0.2835808844849343
2024-12-28,0.6498451396671842,0.06288291369919816,0.28727194663361766
2024-12-29,0.6503934599838288,0.06401858157854061,0.2855879584376306
2024-12-30,0.6483472018650358,0.06407889591625017,0.28757390221871404
2024-12-31,0.6508778234692938,0.06371478942032933,0.28540738711037694
2025-01-01,0.648034305658496,0.06267486638748077,0.2892908279540232
2025-01-02,0.6476688562756484,0.06127478257599749,0.2910563611483541
2025-01-03,0.642089457896191,0.06031405394707092,0.29759648815673806
2025-01-04,0.6411499958877663,0.06024623981411735,0.29860376429811625
2025-01-05,0.6429943253349766,0.06038336419574892,0.2966223104692745
2025-01-06,0.648799870175049,0.058760440095574074,0.2924396897293769
2025-01-07,0.651427888198096,0.062099272714041934,0.28647283908786203
2025-01-08,0.6483056496873886,0.06298582122351783,0.2887085290890936
2025-01-09,0.6492888336133623,0.06480871091573975,0.2859024554708979
2025-01-10,0.6510659013040672,0.06356901209535029,0.28536508660058263
2025-01-11,0.6465279508488002,0.06320497025663285,0.2902670788945669
2025-01-12,0.6482537831548468,0.06342528694348176,0.2883209299016714
2025-01-13,0.6528173157700764,0.06375385385585836,0.2834288303740653
2025-01-14,0.6515158831049129,0.06233617898249427,0.28614793791259274
2025-01-15,0.6443720158215352,0.059451396563949196,0.29617658761451554
2025-01-16,0.6454575893470796,0.05990592969328298,0.2946364809596374
2025-01-17,0.6465305626733098,0.0582058259627045,0.2952636113639857
2025-01-18,0.6486988719736149,0.05823705014812041,0.2930640778782648
2025-01-19,0.651654380598176,0.060620362655154955,0.28772525674666904
2025-01-20,0.6508534523699826,0.06002291618547548,0.28912363144454195
2025-01-21,0.6554312283572967,0.059043443379273905,0.28552532826342936
2025-01-22,0.6515777496043353,0.06028270458755041,0.2881395458081143
2025-01-23,0.6514249814669816,0.060264641476568605,0.2883103770564498
2025-01-24,0.6543926589553223,0.06021483509579878,0.285392505948879
2025-01-25,0.6532527250477377,0.06028849997088032,0.28645877498138206
2025-01-26,0.6548064076959581,0.06162440868381876,0.2835691836202231
2025-01-27,0.6550092622366973,0.06209013359029506,0.2829006041730076
2025-01-28,0.6579137163172373,0.06288946371743322,0.27919681996532947
2025-01-29,0.6614605612629404,0.06180543744243898,0.2767340012946206
2025-01-30,0.6573159649952796,0.06098092142314232,0.2817031135815782
2025-01-31,0.6530369698444786,0.06200591061835942,0.28495711953716185
2025-02-01,0.6593982252253244,0.06369615977836193,0.27690561499631355
2025-02-02,0.6672521225764191,0.06643575719109505,0.26631212023248585
2025-02-03,0.6719620337309496,0.0648615920714972,0.2631763741975532
2025-02-04,0.6738934570159608,0.06792788189473845,0.25817866108930076
2025-02-05,0.6731736552665071,0.06915720930314977,0.25766913543034314
2025-02-06,0.6776260315810464,0.06970621326565876,0.25266775515329487
2025-02-07,0.6778643138000248,0.07002633713191375,0.25210934906806143
2025-02-08,0.6747275232017609,0.06976889557359749,0.2555035812246416
2025-02-09,0.6752666704904279,0.06988476374788204,0.25484856576169007
2025-02-10,0.6753612881988483,0.06919240518728774,0.25544630661386386
2025-02-11,0.6723440180327576,0.07011383881173931,0.25754214315550317
2025-02-12,0.6702883499700395,0.06841099891316417,0.26130065111679635
2025-02-13,0.6692888599753364,0.06920197322803809,0.26150916679662556
2025-02-14,0.6670223699748744,0.06838111534181159,0.26459651468331397
2025-02-15,0.6682768547716771,0.06853282671948399,0.26319031850883895
2025-02-16,0.6668027868240294,0.06940531353187783,0.2637918996440927
2025-02-17,0.6661267408473038,0.06954010018081186,0.26433315897188436
2025-02-18,0.6714843230987212,0.07015033830690547,0.2583653385943733
2025-02-19,0.6696034939955526,0.06920485835730836,0.261191647647139
2025-02-20,0.6721122673708058,0.06827183902702179,0.25961589360217247
2025-02-21,0.6729672556575265,0.07039076247555896,0.25664198186691456
2025-02-22,0.6694074552802616,0.06978097301843536,0.2608115717013031
2025-02-23,0.6679019716769375,0.06986414122293945,0.26223388710012296
2025-02-24,0.6763187885570192,0.07421859015744968,0.24946262128553104
2025-02-25,0.6691282170491494,0.07553216437609785,0.2553396185747528
2025-02-26,0.6669829739083374,0.07917649406181222,0.2538405320298504
2025-02-27,0.6690262716179597,0.07876141087426214,0.2522123175077781
2025-02-28,0.6704388074212158,0.07953911022388378,0.2500220823549005
2025-03-01,0.6737679256210884,0.0783767527435431,0.24785532163536844
2025-03-02,0.6633780956412221,0.07056066821911842,0.2660612361396595
2025-03-03,0.6730689641333083,0.07828378685879532,0.24864724900789636
2025-03-04,0.6723046573725492,0.07730434032774532,0.2503910022997055
2025-03-05,0.6763823136339995,0.07506969659957216,0.2485479897664284
2025-03-06,0.6755810774659486,0.07573360501013982,0.24868531752391151
2025-03-07,0.6741381226169643,0.07870953859923491,0.24715233878380086
2025-03-08,0.672210893852504,0.07902076217544604,0.24876834397204997
2025-03-09,0.6710997864436348,0.08432215159138268,0.24457806196498258
2025-03-10,0.6759472522800619,0.08711890271275093,0.23693384500718714
2025-03-11,0.6804394747751499,0.08324595260046398,0.23631457262438613
2025-03-12,0.6804047391700673,0.08251340458760204,0.23708185624233064
2025-03-13,0.6753337758825919,0.08467303064465552,0.23999319347275255
2025-03-14,0.6773222781220702,0.08215705878240763,0.24052066309552209
2025-03-15,0.6748623763398106,0.08157417271298772,0.2435634509472017
2025-03-16,0.6764823635471688,0.08349829461034641,0.24001934184248477
2025-03-17,0.6763737387859119,0.08202723307458917,0.241599028139499
2025-03-18,0.6739730937796145,0.08305210864201366,0.2429747975783719
2025-03-19,0.6746963654857403,0.07935208295645635,0.24595155155780332
2025-03-20,0.6730729109941752,0.08178612137513716,0.24514096763068766
2025-03-21,0.674048852393162,0.08212107258295091,0.24383007502388707
2025-03-22,0.673392507194284,0.08222087356932513,0.24438661923639082
2025-03-23,0.6767061346719061,0.08053276560665935,0.2427610997214345
2025-03-24,0.6755248563222453,0.07920639027991665,0.24526875339783796
2025-03-25,0.6750529393710772,0.07931641753140747,0.2456306430975153
2025-03-26,0.6782092457808004,0.08031352349622103,0.24147723072297853
2025-03-27,0.6783283234175054,0.08017985593280244,0.24149182064969218
2025-03-28,0.6794770143918447,0.08295955284338402,0.23756343276477127
2025-03-29,0.6803390533497091,0.08482900752911603,0.23483193912117478
2025-03-30,0.6807535702590102,0.08514506102835778,0.23410136871263207
2025-03-31,0.6812199958642824,0.0848424648544433,0.23393753928127425
2025-04-01,0.683407792178284,0.08254608920851049,0.23404611861320557
2025-04-02,0.68495771241995,0.08563409118770508,0.22940819639234492
2025-04-03,0.6850210401233785,0.08510132198090602,0.22987763789571553
2025-04-04,0.6843632520451881,0.08414259163252634,0.23149415632228562
2025-04-05,0.6843085684507302,0.08446171286797474,0.23122971868129505
2025-04-06,0.6879952167762682,0.09054276864794332,0.22146201457578849
2025-04-07,0.6915474719624674,0.08992190210885831,0.2185306259286743
2025-04-08,0.6892907000934271,0.09296526882164355,0.21774403108492932
2025-04-09,0.6894493293977504,0.08592248964588378,0.22462818095636589
2025-04-10,0.690102519428083,0.08915237516210728,0.22074510540980977
2025-04-11,0.6949596277558486,0.08577747876726308,0.2192628934768883
2025-04-12,0.691970812333762,0.08356802738436962,0.2244611602818684
2025-04-13,0.6914629913604234,0.08507522654745656,0.22346178209212
2025-04-14,0.6927548191173016,0.08440822316715621,0.22283695771554213
2025-04-15,0.6933949504075304,0.08556911242237124,0.22103593717009837
2025-04-16,0.6941117371088725,0.08534169461621924,0.22054656827490823
2025-04-17,0.6953610750539283,0.08484718201214977,0.21979174293392195
2025-04-18,0.6940908247541174,0.08513508196517933,0.22077409328070327
2025-04-19,0.6934902219589693,0.08439821969979841,0.22211155834123233
2025-04-20,0.6952226413710085,0.08450055345299974,0.22027680517599169
2025-04-21,0.7007631521299611,0.08289431141123334,0.21634253645880558
2025-04-22,0.7021779576051786,0.0783701456054616,0.21945189678935978
2025-04-23,0.7014955326642871,0.07813199428607595,0.2203724730496369
2025-04-24,0.7025521399687327,0.0782671621188466,0.2191806979124207
2025-04-25,0.7043297142182016,0.07806370448362822,0.2176065812981702
2025-04-26,0.7023557935120065,0.07826974134017443,0.219374465147819
2025-04-27,0.7009125917728289,0.07883587488196259,0.22025153334520847
2025-04-28,0.7027598679932825,0.07799201750237134,0.21924811450434623
2025-04-29,0.7025845995276636,0.0788607491358605,0.21855465133647592
2025-04-30,0.7034302400660959,0.07894386275167799,0.2176258971822261
2025-05-01,0.7053417344726121,0.07773399002832965,0.21692427549905835
2025-05-02,0.7066610153933731,0.07728228675442142,0.2160566978522055
2025-05-03,0.7055095249743851,0.0780677700329538,0.2164227049926611
2025-05-04,0.7044941457801326,0.07942107922048812,0.2160847749993793
2025-05-05,0.7047359670089564,0.07906662490662303,0.2161974080844206
2025-05-06,0.7088594944608557,0.07757579550628764,0.2135647100328567
2025-05-07,0.7098226096636839,0.07749133193895458,0.21268605839736152
2025-05-08,0.7027368261192699,0.07209870465214283,0.22516446922858746
2025-05-09,0.6950466364295261,0.071525132252475,0.2334282313179988
2025-05-10,0.6875553687190156,0.06966222175030166,0.24278240953068272
2025-05-11,0.6916407513510355,0.07046995044994196,0.23788929819902252
2025-05-12,0.6861771361610737,0.07087818504859197,0.24294467879033432
2025-05-13,0.6816514717543715,0.06949104483599024,0.24885748340963829
2025-05-14,0.6844124838141705,0.07021492726571123,0.24537258892011818
2025-05-15,0.6905865127020947,0.07078723512358769,0.23862625217431757
2025-05-16,0.6905050966747284,0.07120330582082592,0.23829159750444567
2025-05-17,0.6927268905970816,0.071690763268376,0.23558234613454243
2025-05-18,0.6954375773500023,0.06979465747924916,0.23476776517074857
2025-05-19,0.6950335710593369,0.07031959002456467,0.23464683891609855
2025-05-20,0.6975156977512853,0.06979100048376183,0.2326933017649529
2025-05-21,0.6997744803391969,0.06844971071425478,0.2317758089465484
2025-05-22,0.6981467371510773,0.06722771393997103,0.23462554890895168
2025-05-23,0.6980305199677566,0.07014756071581628,0.23182191931642718
2025-05-24,0.6976102987020808,0.0698612997602886,0.23252840153763057
2025-05-25,0.6991834415944954,0.06922127917220017,0.23159527923330442
2025-05-26,0.6999591874656366,0.06898729262281847,0.23105351991154507
2025-05-27,0.6956138888883039,0.06884473252857502,0.23554137858312088
2025-05-28,0.6942757617045695,0.06941957521215644,0.23630466308327408
2025-05-29,0.6931923459157,0.07069477356641934,0.2361128805178807
2025-05-30,0.6971484093445606,0.07223420009908332,0.2306173905563561
2025-05-31,0.6979118447318814,0.07186390302682015,0.23022425224129844
2025-06-01,0.6993297536714258,0.07129438568460046,0.2293758606439739
2025-06-02,0.6973363018366587,0.07105025263984624,0.23161344552349508
2025-06-03,0.6964970758443443,0.07141713901913269,0.23208578513652306
2025-06-04,0.695510790181558,0.07195601433324192,0.23253319548520007
2025-06-05,0.6988630955939995,0.07444734649409264,0.22668955791190787
2025-06-06,0.7007384321610707,0.07272857213370242,0.22653299570522678
2025-06-07,0.7004443351206131,0.07195209864195955,0.22760356623742736
2025-06-08,0.6997890157364683,0.07184404049274655,0.22836694377078515
2025-06-09,0.700841135337763,0.06901024155296602,0.2301486231092709
2025-06-10,0.6963610456350301,0.06868733770561174,0.23495161665935804
2025-06-11,0.6960499276631498,0.06968800759856407,0.2342620647382862
2025-06-12,0.6971373262317276,0.0716194884800407,0.2312431852882317
2025-06-13,0.7006779607308056,0.0720704588107654,0.227251580458429
2025-06-14,0.701752664887363,0.07270291225601529,0.2255444228566217
2025-06-15,0.7000916165573141,0.07243442309908052,0.2274739603436054
2025-06-16,0.701934117619653,0.07181856301329234,0.2262473193670547
2025-06-17,0.7003799231163763,0.07311618960998806,0.22650388727363546
2025-06-18,0.7007034829658403,0.07296162504686275,0.226334891987297
2025-06-19,0.7003075624675973,0.07307005207863,0.22662238545377272
2025-06-20,0.7028826224174387,0.07433876058169851,0.22277861700086282
2025-06-21,0.7064342151904385,0.07544924578665332,0.2181165390229081
2025-06-22,0.7079196407347103,0.07660180244714812,0.21547855681814165
2025-06-23,0.7054505803093752,0.07325978405801477,0.22128963563260995
2025-06-24,0.7048883223830947,0.07298331454128747,0.22212836307561779
2025-06-25,0.7086215048965919,0.0725127828891052,0.2188657122143029
2025-06-26,0.7098754348357444,0.07316865428020355,0.21695591088405197
2025-06-27,0.7087321025077441,0.07297504964424889,0.21829284784800704
2025-06-28,0.7068719240050009,0.07261432976253059,0.2205137462324686
2025-06-29,0.7059341975725625,0.07182900443516191,0.22223679799227558
2025-06-30,0.703416656033877,0.07238450581144168,0.2241988381546815
2025-07-01,0.7056320155056464,0.0736509210247873,0.22071706346956632
2025-07-02,0.7041025032943706,0.07159194388897956,0.22430555281664977
2025-07-03,0.7042064260651291,0.07125958944648723,0.22453398448838366
2025-07-04,0.7053771064259632,0.07249042213800454,0.22213247143603232
2025-07-05,0.7053798659762536,0.07237289723385719,0.2222472367898892
2025-07-06,0.7038829273151535,0.07157089192976036,0.22454618075508623
2025-07-07,0.7035407795297075,0.07204831780875436,0.22441090266153826
2025-07-08,0.7017360647412653,0.07145748683493942,0.22680644842379535
2025-07-09,0.699131461089157,0.06982247338688259,0.23104606552396037
2025-07-10,0.6990592884541812,0.06715646396481845,0.23378424758100053
2025-07-11,0.6985815804028456,0.0665083088812544,0.23491011071590004
2025-07-12,0.6991484633683019,0.06676502535826341,0.2340865112734346
2025-07-13,0.6996286073645934,0.06590432343253946,0.23446706920286695
2025-07-14,0.698568540155373,0.06531841464150555,0.23611304520312149
2025-07-15,0.6920164486376251,0.06565012520320876,0.24233342615916612
2025-07-16,0.6841039289576162,0.06473808287206899,0.25115798817031487
2025-07-17,0.6758014314518356,0.06410320604952371,0.2600953624986406
2025-07-18,0.6713028842217391,0.06474275292302287,0.263954362855238
2025-07-19,0.6698646362711523,0.06458452750652631,0.26555083622232134
2025-07-20,0.6624751745951978,0.06418005905254585,0.27334476635225635
2025-07-21,0.6596483161026699,0.0639350301967363,0.27641665370059376
2025-07-22,0.6632505159680989,0.06298981530208234,0.2737596687298188
2025-07-23,0.6711193169254873,0.06438512978982679,0.264495553284686
2025-07-24,0.6699192557108965,0.06478669799710327,0.2652940462920002
2025-07-25,0.6671798571630737,0.06473550707793146,0.268084635758995
2025-07-26,0.6669972920268046,0.06470148331760613,0.26830122465558937
2025-07-27,0.6640155809514477,0.06366948025927358,0.27231493878927865
2025-07-28,0.6664768842982022,0.06461196148584074,0.2689111542159571
2025-07-29,0.6665790397477263,0.06460714447130222,0.2688138157809715
2025-07-30,0.6674605691987914,0.0648374834526195,0.2677019473485891
2025-07-31,0.6681764734350483,0.06609382535957752,0.26572970120537415
2025-08-01,0.6712775527080042,0.06788874059388456,0.2608337066981111
2025-08-02,0.6759592944604743,0.0688351731456921,0.2552055323938336
2025-08-03,0.6731436587215804,0.06754114431553958,0.25931519696287997
2025-08-04,0.6661644275801509,0.06639611341216811,0.26743945900768096
2025-08-05,0.6695677154068697,0.06733543440670163,0.26309685018642875
2025-08-06,0.6679980787070009,0.06674415981307873,0.26525776147992036
2025-08-07,0.6616415209353452,0.06475428446404263,0.2736041946006123
2025-08-08,0.6576289744344685,0.06502972337088662,0.2773413021946449
2025-08-09,0.651426562877159,0.06456296659280855,0.28401047053003237
2025-08-10,0.6571554921102595,0.063580235472936,0.2792642724168045
2025-08-11,0.6583073908440625,0.06411693977859335,0.27757566937734407
2025-08-12,0.6483798571191717,0.06261305648370967,0.28900708639711864
2025-08-13,0.6484045544476663,0.06131152411329093,0.29028392143904275
2025-08-14,0.6468548952941989,0.0639129541519233,0.2892321505538778
2025-08-15,0.6479244872640676,0.06491283262171675,0.2871626801142156
2025-08-16,0.6474525145978449,0.0649624230246389,0.28758506237751613
2025-08-17,0.6455065100383313,0.06485663425814688,0.28963685570352193
2025-08-18,0.6485477189886011,0.06590701499220034,0.28554526601919855
2025-08-19,0.6516818739417946,0.06818339356428042,0.280134732493925
2025-08-20,0.6447087568097128,0.06645792950625153,0.2888333136840356
2025-08-21,0.6465255462416674,0.06761800745238276,0.28585644630594986
2025-08-22,0.6348404772894213,0.06400053737014275,0.30115898534043595
2025-08-23,0.6337685504604172,0.06469856676192776,0.301532882777655
2025-08-24,0.6300576487866267,0.06542683822380638,0.30451551298956686
2025-08-25,0.6377599916490367,0.06841658407042174,0.2938234242805415
2025-08-26,0.6323834644117826,0.067116631636135,0.3004999039520824
2025-08-27,0.6334521921850355,0.06766232183906831,0.29888548597589615
2025-08-28,0.634091818138504,0.06733150143572432,0.2985766804257717
2025-08-29,0.6318016597317294,0.06992529857235494,0.2982730416959156
2025-08-30,0.6325785902034471,0.06981386605524251,0.2976075437413104
2025-08-31,0.6317996805539935,0.07022027246817698,0.2979800469778296
2025-09-01,0.6368424850128187,0.07011981220523592,0.29303770278194535
2025-09-02,0.6376214943478978,0.06915350936912884,0.29322499628297344
2025-09-03,0.6355671204981657,0.06882051313763851,0.2956123663641958
2025-09-04,0.6389914545512131,0.06981772448221811,0.2911908209665688
2025-09-05,0.6378591380401955,0.06977861944491731,0.2923622425148872
2025-09-06,0.6381339600894773,0.0701855757564333,0.29168046415408944
2025-09-07,0.6368163501431308,0.06943010162497792,0.2937535482318915
2025-09-08,0.6363571051083039,0.0688190623317365,0.2948238325599596
2025-09-09,0.6350641421392097,0.06906958997776376,0.2958662678830265
2025-09-10,0.6375044480266896,0.0678228771243267,0.2946726748489837
2025-09-11,0.6363708261274913,0.06689455364886188,0.29673462022364683
2025-09-12,0.628849684879225,0.06597509273419604,0.305175222386579
2025-09-13,0.628651834847832,0.06619333047156226,0.3051548346806057
2025-09-14,0.6305341567579844,0.06678984368696106,0.3026759995550545
2025-09-15,0.6339018877869108,0.06712008008119734,0.298978032131892
2025-09-16,0.6353485840198643,0.06674311886926707,0.29790829711086864
2025-09-17,0.6301159640824711,0.06643620477493081,0.3034478311425981
2025-09-18,0.6313062798889736,0.06640658244637831,0.30228713766464815
2025-09-19,0.6331860082202236,0.06750211110293804,0.2993118806768383
2025-09-20,0.6315426970311694,0.06724694840946893,0.3012103545593616
2025-09-21,0.6317548765211958,0.06764458084276172,0.3006005426360425
2025-09-22,0.6369583467115119,0.06984713114676876,0.2931945221417194
2025-09-23,0.636822111382784,0.07040530150883358,0.2927725871083824
2025-09-24,0.6385789642465491,0.06991515890088267,0.2915058768525682
2025-09-25,0.6429097777970313,0.07323221552654312,0.2838580066764256
2025-09-26,0.6377047135197894,0.07213517409875758,0.29016011238145306
2025-09-27,0.6377803309911423,0.0723690628098695,0.28985060619898806
2025-09-28,0.6377808172072668,0.07082917503898772,0.2913900077537456
2025-09-29,0.6395038675300885,0.06956881813787696,0.29092731433203456
2025-09-30,0.6417385452026665,0.07018224042535672,0.28807921437197676
2025-10-01,0.6427000982220534,0.06773094164662641,0.2895689601313201
2025-10-02,0.6393556933523273,0.06650998476882501,0.29413432187884764
2025-10-03,0.6394314972376328,0.06606642866257167,0.2945020740997955
2025-10-04,0.642749564026804,0.0662979985169206,0.2909524374562753
2025-10-05,0.6436641189616308,0.06597677077439972,0.29035911026396954
2025-10-06,0.6398700411621056,0.06509193670039758,0.29503802213749686
2025-10-07,0.63968847310432,0.06702646290444177,0.2932850639912382
2025-10-08,0.6403789620237468,0.06606610361878212,0.2935549343574711
2025-10-09,0.6435747986344511,0.06738623053691145,0.2890389708286374
2025-10-10,0.6530540767616012,0.07356424464637563,0.2733816785920231
2025-10-11,0.6505214465168151,0.0750563775965895,0.2744221758865954
2025-10-12,0.6408166073822931,0.07137513318838198,0.2878082594293248
2025-10-13,0.6373590592651106,0.07094999459796567,0.2916909461369237
2025-10-14,0.6396608196719619,0.07288511178140024,0.2874540685466379
2025-10-15,0.6414447306352775,0.07458492508120439,0.28397034428351814
2025-10-16,0.6408034475305295,0.07645783739595992,0.2827387150735105
2025-10-17,0.6414757556230041,0.07789574138661444,0.28062850299038156
2025-10-18,0.641675493870279,0.0774249059613227,0.2808996001683983
2025-10-19,0.6414725864015856,0.07636041397200259,0.2821669996264118
2025-10-20,0.6419444194195387,0.07517699874792151,0.2828785818325399
2025-10-21,0.6424397250290786,0.07688137241099831,0.2806789025599232
2025-10-22,0.6434559024049801,0.07761609165900436,0.2789280059360155
2025-10-23,0.6441076816012437,0.07604789970043933,0.27984441869831694
2025-10-24,0.6432939491756449,0.07533997358290408,0.281366077241451
2025-10-25,0.6430289781430486,0.07492274355342006,0.2820482783035314
2025-10-26,0.6421002585049417,0.07297218446949047,0.2849275570255679
2025-10-27,0.6429849701425265,0.07328793537981679,0.28372709447765676
2025-10-28,0.6457128526371257,0.07438542137850816,0.2799017259843661
2025-10-29,0.6420624300467319,0.0759761833501521,0.2819613866031159
2025-10-30,0.6443774173820558,0.07737659049970536,0.2782459921182388
2025-10-31,0.6444425773264247,0.07646608261346556,0.27909134006010966
2025-11-01,0.6447000479134867,0.07614814199459802,0.27915181009191536
2025-11-02,0.6449140210334472,0.0757778480254703,0.2793081309410827
2025-11-03,0.6522617680704264,0.07950223790947898,0.2682359940200946
2025-11-04,0.6534958356653954,0.0834011973623109,0.26310296697229374
2025-11-05,0.6516713868302615,0.08137759129624128,0.2669510218734972
2025-11-06,0.6519985735746006,0.08352493209409409,0.2644764943313053
2025-11-07,0.649174351914298,0.08160597999223083,0.26921966809347136
2025-11-08,0.6485573496199213,0.08238849242151891,0.2690541579585598
2025-11-09,0.6473738258133678,0.08035123867367791,0.2722749355129544
2025-11-10,0.6480280862256755,0.07956611499105698,0.2724057987832675
2025-11-11,0.6498247834660814,0.08204857118944342,0.2681266453444751
2025-11-12,0.6473136422182573,0.08302359876401118,0.26966275901773157
2025-11-13,0.6502416947207496,0.08484010506260206,0.2649182002166484
2025-11-14,0.6440102508263299,0.0885458754243579,0.26744387374931217
2025-11-15,0.6443565093275526,0.0875218650559413,0.26812162561650604
2025-11-16,0.644037461921914,0.08870296408817574,0.26725957398991024
2025-11-17,0.643330602898747,0.09058953953021177,0.26607985757104125
2025-11-18,0.6396989614190345,0.089216973346318,0.2710840652346475
2025-11-19,0.6422478928567381,0.09094324371201555,0.2668088634312464
2025-11-20,0.6382740086717762,0.09551484695849292,0.26621114436973087
2025-11-21,0.639163210663366,0.09741471904285505,0.26342207029377895
2025-11-22,0.6380995789726043,0.09766116916586881,0.26423925186152686
2025-11-23,0.6405520903547769,0.0956133259841155,0.26383458366110757
2025-11-24,0.6354422194704592,0.09347741408698257,0.27108036644255823
2025-11-25,0.6331262067809134,0.0943152646971165,0.27255852852197016
2025-11-26,0.6372560938024873,0.09185581293355818,0.2708880932639546
2025-11-27,0.6399966965947558,0.09155518569962932,0.2684481177056149
2025-11-28,0.6395809570026679,0.09207256938173071,0.2683464736156014
2025-11-29,0.6409075170703459,0.09233771473911012,0.266754768190544
2025-11-30,0.6405530033882356,0.09276441865613812,0.2666825779556263
2025-12-01,0.6402029219844287,0.09740167777209781,0.26239540024347346
2025-12-02,0.6418449579485012,0.09244945491384217,0.26570558713765663
2025-12-03,0.6385068923551129,0.09008327482541566,0.27140983281947134
2025-12-04,0.6394348072100084,0.09166493737651721,0.2689002554134743
2025-12-05,0.6378952775162677,0.09430622701639546,0.26779849546733675
2025-12-06,0.6370960684991458,0.09433979695558062,0.26856413454527356
2025-12-07,0.639226420784923,0.09349104660715755,0.2672825326079195
2025-12-08,0.6372013119837386,0.09302307596265282,0.26977561205360856
2025-12-09,0.6358409973282863,0.0908016269179049,0.27335737575380886
2025-12-10,0.6354873492211309,0.09147063135453187,0.27304201942433726
2025-12-11,0.6391985220129791,0.09164820280065109,0.2691532751863698
2025-12-12,0.6390994036579196,0.09387230719555777,0.26702828914652266
2025-12-13,0.6374360192414241,0.09360327112229448,0.2689607096362814
2025-12-14,0.6352856342482895,0.09552939823587496,0.26918496751583554
2025-12-15,0.6355127571677188,0.0975106615554147,0.2669765812768665
2025-12-16,0.6385367486252991,0.09633415341461109,0.2651290979600899
2025-12-17,0.6410908896456445,0.09852222830669734,0.26038688204765814
2025-12-18,0.6415742321015447,0.09909072817444359,0.25933503972401173
2025-12-19,0.6400075866631961,0.0958114469337205,0.26418096640308336
2025-12-20,0.6403097804784438,0.09577926447658507,0.2639109550449712
2025-12-21,0.6402860623854217,0.09548591843969888,0.26422801917487937
2025-12-22,0.6400972809742851,0.09561330023493358,0.2642894187907814
2025-12-23,0.6398742896858602,0.09669040684753583,0.26343530346660393
2025-12-24,0.6414164212786394,0.09655300434196039,0.2620305743794002
2025-12-25,0.6432800386773981,0.09723897804390473,0.2594809832786972
2025-12-26,0.6422146688833794,0.0969739067975926,0.260811424319028
2025-12-27,0.6414638616789203,0.096270042578221,0.26226609574285864
2025-12-28,0.6411602829137183,0.09615761989476172,0.2626820971915201
2025-12-29,0.64076542272697,0.09671434536084261,0.2625202319121874
2025-12-30,0.6419708759305187,0.09565425780433515,0.26237486626514606
2025-12-31,0.6407666264275483,0.0962066473010181,0.26302672627143353
2026-01-01,0.6416481263195857,0.09489520300828365,0.26345667067213063
2026-01-02,0.6373027428271677,0.09310202187546988,0.2695952352973624
2026-01-03,0.6385471064509226,0.09261163362673693,0.2688412599223405
2026-01-04,0.6383591187414075,0.09177086258211159,0.26987001867648086
2026-01-05,0.6374534258741461,0.08939763161546288,0.27314894251039107
2026-01-06,0.6352755484199393,0.08916732220508367,0.275557129374977
2026-01-07,0.6359765921583068,0.09140070986677828,0.27262269797491495
2026-01-08,0.637866284914338,0.0918794222960686,0.27025429278959334
2026-01-09,0.6378413886205226,0.09229047542174848,0.2698681359577289
2026-01-10,0.6372814605328131,0.09226864702252317,0.2704498924446638
2026-01-11,0.6373918893410128,0.0918088730089996,0.2707992376499876
2026-01-12,0.6393660022024514,0.09164640707247708,0.2689875907250715
2026-01-13,0.6391185773840519,0.0878536730423446,0.27302774957360354
2026-01-14,0.6420270848964048,0.0870677182461361,0.2709051968574591
2026-01-15,0.6421667270109559,0.08829948724966159,0.2695337857393825
2026-01-16,0.6422922992264645,0.08844511062960785,0.2692625901439277
2026-01-17,0.6406703302854712,0.08861708782125069,0.2707125818932782
2026-01-18,0.6402599926982219,0.08997950628793497,0.26976050101384313
2026-01-19,0.641382731025194,0.09112348247161346,0.26749378650319255
2026-01-20,0.6419398086002311,0.09521155545421857,0.2628486359455503
2026-01-21,0.6420963404150244,0.09391637643467134,0.26398728315030423
2026-01-22,0.6436589529628645,0.09378883813998036,0.2625522088971552
2026-01-23,0.6440258088955452,0.09345953937226059,0.2625146517321943
2026-01-24,0.6435996335785827,0.09366882912963893,0.26273153729177834
2026-01-25,0.644068741402725,0.0964690542024563,0.25946220439481876
2026-01-26,0.6430734187332784,0.0942141297638479,0.2627124515028737
2026-01-27,0.6413614980869157,0.09291042154352899,0.2657280803695553
2026-01-28,0.6423825336612965,0.09279228304591346,0.26482518329279003
2026-01-29,0.6400346576876909,0.0969073058507358,0.2630580364615734
2026-01-30,0.6439657733442858,0.09792106897936934,0.25811315767634485
2026-01-31,0.6430849163285369,0.10450605978348115,0.2524090238879818
2026-02-01,0.6463564463949075,0.10740874485463572,0.2462348087504568
2026-02-02,0.6469742078588204,0.10526524590112632,0.24776054624005325
2026-02-03,0.644417232117414,0.10911592243682293,0.24646684544576314
2026-02-04,0.6433389557366587,0.11289274693032646,0.24376829733301483
2026-02-05,0.6330646403212169,0.12935669137236538,0.2375786683064177
2026-02-06,0.641196862419349,0.11735814093899895,0.241444996641652
2026-02-07,0.6370836093123897,0.11884232830076558,0.24407406238684473
2026-02-08,0.6409814752907054,0.11747451419453282,0.24154401051476176
2026-02-09,0.6400892349687034,0.11760302427593387,0.24230774075536268
2026-02-10,0.6408451075138173,0.12007031157418539,0.23908458091199727
2026-02-11,0.6395829338258193,0.12285990486173941,0.23755716131244123
2026-02-12,0.6367026249567214,0.12357702580713577,0.23972034923614283
2026-02-13,0.6392365430530341,0.11945209295844102,0.24131136398852499
2026-02-14,0.6371410293288582,0.11754492006716886,0.24531405060397293
2026-02-15,0.6404145348174639,0.1198441384056694,0.23974132677686674
2026-02-16,0.6385702182115239,0.11941427708499644,0.24201550470347966
2026-02-17,0.6351761850189374,0.12105144162439782,0.24377237335666482
2026-02-18,0.635207462814899,0.12304997613167905,0.24174256105342193
2026-02-19,0.6369920593429336,0.12254813358050264,0.2404598070765638
2026-02-20,0.6379377982741359,0.12113148199415211,0.240930719731712
2026-02-21,0.6376188963769057,0.12102608976038066,0.24135501386271352
2026-02-22,0.6387196529886611,0.12180511836031407,0.23947522865102472
2026-02-23,0.6350682058591922,0.12696851075731108,0.23796328338349673
2026-02-24,0.6335341327007837,0.12787196800774187,0.2385938992914744
2026-02-25,0.6338345940151517,0.12081643425860615,0.2453489717262421
2026-02-26,0.6344666107650936,0.12177522701220929,0.24375816222269714
2026-02-27,0.6348736784201375,0.12472032626422623,0.24040599531563622
2026-02-28,0.6364873022466733,0.12297294752436029,0.24053975022896643
2026-03-01,0.6338497534586016,0.12481828163706507,0.24133196490433337
2026-03-02,0.6386729050292821,0.12052948398589011,0.2407976109848278
2026-03-03,0.639514347672124,0.1218067378681507,0.23867891445972528
2026-03-04,0.645437885838413,0.11583360036792208,0.23872851379366491
2026-03-05,0.642898443184235,0.11851567260916156,0.2385858842066035
2026-03-06,0.639618907968047,0.12265406261875782,0.23772702941319523
2026-03-07,0.637783128893997,0.12382160191594688,0.23839526919005616
2026-03-08,0.6353935610703946,0.12576157527603188,0.23884486365357352
2026-03-09,0.6395077038897939,0.12254410791617285,0.23794818819403332
2026-03-10,0.6412611596387912,0.1204007521573752,0.23833808820383356
2026-03-11,0.6410578067222712,0.11997701591304535,0.23896517736468348
2026-03-12,0.6415218562906984,0.11959416811471568,0.23888397559458602
2026-03-13,0.6414764800739994,0.1189650208253473,0.23955849910065327
2026-03-14,0.6413073562692913,0.11850813987431799,0.24018450385639079
2026-03-15,0.6414814994794038,0.11596121253108525,0.24255728798951096
2026-03-16,0.6391976351986652,0.11243169618621911,0.24837066861511561
2026-03-17,0.638600457164955,0.113898918940316,0.24750062389472904
2026-03-18,0.6365333439400063,0.11769481260344036,0.24577184345655334
2026-03-19,0.635310114552825,0.11968059618295347,0.24500928926422144
2026-03-20,0.6369999797752828,0.11887244052856116,0.24412757969615603
2026-03-21,0.6379551764852286,0.11828071319559963,0.2437641103191718
2026-03-23,0.6380157833818754,0.11852678774629816,0.2434574288718265
2026-03-24,0.6374066821993699,0.11906775366543874,0.24352556413519139
2026-03-25,0.6385672353316876,0.11759469142888006,0.24383807323943232
2026-03-26,0.637455491749595,0.12131795956099395,0.24122654868941104
2026-03-27,0.6328603313085621,0.12553972604103014,0.24159994265040768
2026-03-28,0.6336204203932102,0.12431870876509919,0.24206087084169056
2026-03-29,0.6333774637886653,0.12589601683739254,0.24072651937394213
2026-03-30,0.633523110777693,0.12409224161086539,0.2423846476114416
2026-03-31,0.6359476075656048,0.12184780363961102,0.24220458879478426
2026-04-01,0.6344450926838334,0.12167310574559653,0.24388180157057007
2026-04-02,0.6357169867563902,0.1238848843022147,0.24039812894139512
2026-04-03,0.6350635386018577,0.12414254492768821,0.24079391647045406
2026-04-04,0.6356238078222163,0.12333654092683644,0.2410396512509473
2026-04-05,0.6384751123607055,0.1220791842146621,0.2394457034246324
2026-04-06,0.6388887001330347,0.12136411847539466,0.23974718139157064
2026-04-07,0.6409141894724912,0.11759773092009422,0.2414880796074145
2026-04-08,0.6421082425541621,0.11841601539410224,0.2394757420517357
2026-04-09,0.6441750908691956,0.11727399276872058,0.2385509163620839
2026-04-10,0.645066532764751,0.11618202184060274,0.23875144539464627
2026-04-11,0.6443247526414343,0.11537034452680918,0.24030490283175654
2026-04-12,0.6416690264802849,0.11899223888449559,0.2393387346352195
2026-04-13,0.6454194540082933,0.1136846500609027,0.24089589593080407
2026-04-14,0.645792831367092,0.11467947979631388,0.23952768883659417
2026-04-15,0.6453104932221913,0.11353117280162199,0.24115833397618672
2026-04-16,0.6436481062309738,0.11357543499328203,0.24277645877574416
2026-04-17,0.6467541224528923,0.11049244169200075,0.24275343585510697
2026-04-18,0.6471081077617905,0.11131327708068214,0.24157861515752738
2026-04-19,0.6461331368590882,0.11551596709511204,0.2383508960457997
2026-04-20,0.6489423334480544,0.1132357997925803,0.23782186675936526
2026-04-21,0.6481932927257857,0.11379645038667395,0.23801025688754032
2026-04-22,0.6526673306304933,0.11070274649790085,0.2366299228716058
2026-04-23,0.6540240988034115,0.11144731629814028,0.23452858489844822
2026-04-24,0.6522105444057085,0.11260370251621758,0.23518575307807393
2026-04-25,0.6529464636733211,0.11249039415651861,0.23456314217016033
2026-04-26,0.6533972321504521,0.11141236568058749,0.2351904021689604
2026-04-27,0.6531640023152868,0.11318283713447654,0.23365316055023666
2026-04-28,0.6516816476470124,0.11409521034896189,0.23422314200402566
2026-04-29,0.6520432831539416,0.11450669021126378,0.23345002663479472
2026-04-30,0.6532234739609769,0.11415988947306481,0.23261663656595824
2026-05-01,0.6568452838884884,0.11199445987439255,0.231160256237119
2026-05-02,0.6565291850890872,0.11166096157632224,0.2318098533345905
2026-05-03,0.6571060415834332,0.11059321226790697,0.23230074614865978
2026-05-04,0.6589977938734758,0.10989507794395426,0.23110712818256998
2026-05-05,0.6599890031714983,0.10868918604476753,0.23132181078373415
2026-05-06,0.6603386621602914,0.10855062050571909,0.23111071733398958
2026-05-07,0.6596201553044242,0.1104605894345191,0.22991925526105675
2026-05-08,0.6580091994426317,0.10956704428380937,0.2324237562735589
2026-05-09,0.658571587609022,0.10893409982617948,0.23249431256479855
2026-05-10,0.6586678746249733,0.10726660015171804,0.23406552522330856
2026-05-11,0.6589081993729962,0.10739879827963178,0.23369300234737206
2026-05-12,0.6590097223443082,0.10884143405562968,0.23214884360006216
2026-05-13,0.6568936863103277,0.1100582073998801,0.23304810628979214
2026-05-14,0.6590671354615294,0.10768297352825298,0.23324989101021762
2026-05-15,0.6568309351327841,0.11063031375873048,0.2325387511084854
2026-05-16,0.6573091585922771,0.11198335509029661,0.23070748631742632
2026-05-17,0.6566297036335215,0.1121977855149592,0.2311725108515193
2026-05-18,0.6564041556057378,0.11344969060437618,0.230146153789886
2026-05-19,0.6574626261219934,0.11409266044925111,0.22844471342875555
2026-05-20,0.6577213093154342,0.11285214696862068,0.22942654371594512
2026-05-21,0.6567547177507673,0.11268185685288905,0.2305634253963436
2026-05-22,0.6547230432319964,0.11496739551952334,0.23030956124848032
2026-05-23,0.6550669572124992,0.11366580240525213,0.23126724038224872
2026-05-24,0.656620285344421,0.1136013760661789,0.22977833858940014
2026-05-25,0.657157881944695,0.11311064810730545,0.2297314699479995
2026-05-26,0.6549519952260058,0.11493560694328453,0.23011239783070975
2026-05-27,0.6537249449515992,0.11654857767065256,0.2297264773777483
2026-05-28,0.6520905860268246,0.11774038938907333,0.23016902458410213
2026-05-29,0.6516840320577303,0.11757348109034821,0.2307424868519215
2026-05-30,0.649268591910319,0.11598112214753643,0.2347502859421445
2026-05-31,0.6497668574075324,0.11587735189669539,0.2343557906957722
2026-06-01,0.6438139997422376,0.11883009858358311,0.2373559016741793
2026-06-02,0.637840921823396,0.12667440393979876,0.23548467423680522
2026-06-03,0.6347406267215797,0.12893679930466614,0.2363225739737541
2026-06-04,0.6365483889268142,0.13119958463045955,0.23225202644272627
2026-06-05,0.6393944612440017,0.13617307736022075,0.22443246139577758
2026-06-06,0.6385866460274815,0.13806722060154325,0.22334613337097528
2026-06-07,0.6387169883646602,0.13294140092582551,0.2283416107095143
2026-06-08,0.6381711845822708,0.13204297176779828,0.2297858436499309
2026-06-09,0.6370004259217827,0.13502944524478033,0.22797012883343695
2026-06-10,0.6389233269886438,0.13597411290266675,0.22510256010868937
2026-06-11,0.6413412237543035,0.1319804378835323,0.22667833836216422
2026-06-12,0.6423361444395321,0.13188092847110747,0.22578292708936035
2026-06-13,0.6437558025564986,0.1302683381068164,0.22597585933668501
2026-06-14,0.6443228682174145,0.128437863197647,0.2272392685849386
2026-06-15,0.6423000572901476,0.1265983326373084,0.23110161007254393
2026-06-16,0.6409643426262199,0.12719347071896983,0.2318421866548102
2026-06-17,0.6394210560778759,0.1295681360853843,0.23101080783673972
2026-06-18,0.6380091382067206,0.13221583347002985,0.22977502832324953
2026-06-19,0.6394793784880026,0.13169920824373496,0.22882141326826244
2026-06-20,0.6399552531001217,0.12977593374185722,0.23026881315802106
2026-06-21,0.6399805826813427,0.1307444440669924,0.2292749732516649
2026-06-22,0.6405899181987991,0.13036491560133745,0.22904516619986343
2026-06-23,0.6400110782990682,0.1328523998339238,0.22713652186700795
2026-06-24,0.6374735331688144,0.13597526345054484,0.22655120338064075
2026-06-25,0.6364841422461792,0.13793900540509585,0.22557685234872496
2026-06-26,0.635501610444466,0.13734893851954513,0.22714945103598885
2026-06-27,0.6367182892695891,0.1372051314282612,0.22607657930214972
2026-06-28,0.6344469637525887,0.13935188990942815,0.22620114633798316
2026-06-29,0.6345612341922967,0.13643190121527746,0.22900686459242584
2026-06-30,0.6320215855323623,0.13909724912467947,0.22888116534295821
2026-07-01,0.6356337223165541,0.13525467957843768,0.22911159810500814
2026-07-02,0.6350669942749796,0.13275886897783806,0.23217413674718232
2026-07-03,0.6339372699955362,0.13003544163633665,0.23602728836812711
2026-07-04,0.6348489629006093,0.12891551949780447,0.23623551760158626
2026-07-05,0.6358774101518236,0.12803962649814793,0.23608296335002843
2026-07-06,0.6362529554507547,0.1281225833596011,0.2356244611896442
2026-07-17,0.6399396091917444,0.12844528414417955,0.23161510666407598
2026-07-18,0.6415073534820009,0.12710106793120166,0.23139157858679738
2026-07-19,0.6403226031374321,0.1275286540528368,0.23214874280973116
2026-07-20,0.6407408013895085,0.12627296736518856,0.232986231245303
2026-07-21,0.6429383303939608,0.12454879676016063,0.23251287284587865
2026-07-22,0.6416167279127496,0.12472133344696458,0.2336619386402858
2026-07-23,0.6421535512081193,0.12627830476703594,0.23156814402484469
