date_iso,timestamp_utc,price,block_height,days_ago,daily_dca_basis,weekly_dca_basis,monthly_dca_basis
2011-06-05,2011-06-05 23:50:00+00:00,16.6750000000,128873,5600,54.8704116077,55.0973300428,57.4724730970
2011-06-06,2011-06-06 23:50:00+00:00,18.3714142857,129109,5599,54.8928685597,55.0973300428,57.4724730970
2011-06-07,2011-06-07 23:50:00+00:00,23.3969883721,129276,5598,54.9123689254,55.0973300428,57.4724730970
2011-06-08,2011-06-08 23:50:00+00:00,29.6408538462,129465,5597,54.9255874201,55.0973300428,57.4724730970
2011-06-09,2011-06-09 23:50:00+00:00,28.9407000000,129686,5596,54.9339613801,55.0973300428,57.4724730970
2011-06-10,2011-06-10 23:50:00+00:00,23.8617411765,129909,5595,54.9427812523,55.0973300428,57.4724730970
2011-06-11,2011-06-11 23:50:00+00:00,14.6512000000,130162,5594,54.9555775026,55.0973300428,57.4724730970
2011-06-12,2011-06-12 23:50:00+00:00,18.7195900000,130392,5593,54.9826207997,55.0973300428,57.4724730970
2011-06-13,2011-06-13 23:50:00+00:00,19.4092722222,130621,5592,55.0016743765,55.0973300428,57.4724730970
2011-06-14,2011-06-14 23:50:00+00:00,19.3205642857,130867,5591,55.0197202095,55.0973300428,57.4724730970
2011-06-15,2011-06-15 23:50:00+00:00,19.4900000000,131146,5590,55.0379125379,55.0973300428,57.4724730970
2011-06-16,2011-06-16 23:50:00+00:00,17.3638180000,131327,5589,55.0558793844,55.0973300428,57.4724730970
2011-06-17,2011-06-17 23:50:00+00:00,15.8340642857,131513,5588,55.0772747992,55.1877456581,57.4724730970
2011-06-18,2011-06-18 23:50:00+00:00,16.8766666667,131711,5587,55.1017180292,55.1877456581,57.4724730970
2011-06-19,2011-06-19 23:50:00+00:00,17.4054672725,131932,5586,55.1240692755,55.1877456581,57.4724730970
2011-06-20,2011-06-20 23:50:00+00:00,17.4795582705,132166,5585,55.1454664554,55.1877456581,57.4724730970
2011-06-21,2011-06-21 23:50:00+00:00,17.8504829728,132419,5584,55.1667551984,55.1877456581,57.4724730970
2011-06-22,2011-06-22 23:50:00+00:00,17.9062871149,132680,5583,55.1874195005,55.1877456581,57.4724730970
2011-06-23,2011-06-23 23:50:00+00:00,18.1683975970,132920,5582,55.2080113722,55.1877456581,57.4724730970
2011-06-24,2011-06-24 23:50:00+00:00,18.5853960600,133135,5581,55.2281856770,55.3601655824,57.4724730970
2011-06-25,2011-06-25 23:50:00+00:00,17.9432756423,133280,5580,55.2477064388,55.3601655824,57.4724730970
2011-06-26,2011-06-26 23:50:00+00:00,16.3664385714,133429,5579,55.2683022286,55.3601655824,57.4724730970
2011-06-27,2011-06-27 23:50:00+00:00,16.7500666667,133598,5578,55.2918635119,55.3601655824,57.4724730970
2011-06-28,2011-06-28 23:50:00+00:00,16.9430025000,133757,5577,55.3146855918,55.3601655824,57.4724730970
2011-06-29,2011-06-29 23:50:00+00:00,16.8998333333,133928,5576,55.3371613621,55.3601655824,57.4724730970
2011-06-30,2011-06-30 23:50:00+00:00,16.1535981250,134121,5575,55.3597463566,55.3601655824,57.4724730970
2011-07-01,2011-07-01 23:50:00+00:00,15.3633281818,134292,5574,55.3838621290,55.4979489359,57.4724730970
2011-07-02,2011-07-02 23:50:00+00:00,15.4000000000,134462,5573,55.4097618336,55.4979489359,57.4724730970
2011-07-03,2011-07-03 23:50:00+00:00,15.4403966667,134626,5572,55.4356095968,55.4979489359,57.4724730970
2011-07-04,2011-07-04 23:50:00+00:00,13.8200560000,134798,5571,55.4613969759,55.4979489359,57.4724730970
2011-07-05,2011-07-05 23:50:00+00:00,12.8868056250,134936,5570,55.4914152356,55.4979489359,57.4724730970
2011-07-06,2011-07-06 23:50:00+00:00,14.7670711111,135091,5569,55.5243775572,55.4979489359,57.4724730970
2011-07-07,2011-07-07 23:50:00+00:00,14.7700784615,135225,5568,55.5519141949,55.4979489359,57.4724730970
2011-07-08,2011-07-08 23:50:00+00:00,14.3137700000,135390,5567,55.5794804157,55.6806854605,57.4724730970
2011-07-09,2011-07-09 23:50:00+00:00,14.3775000000,135537,5566,55.6082830079,55.6806854605,57.4724730970
2011-07-10,2011-07-10 23:50:00+00:00,14.7473900000,135676,5565,55.6369535813,55.6806854605,57.4724730970
2011-07-11,2011-07-11 23:50:00+00:00,14.2109984211,135832,5564,55.6646925304,55.6806854605,57.4724730970
2011-07-12,2011-07-12 23:50:00+00:00,14.0164816667,135973,5563,55.6938961840,55.6806854605,57.4724730970
2011-07-13,2011-07-13 23:50:00+00:00,13.9542942857,136163,5562,55.7236861913,55.6806854605,57.4724730970
2011-07-14,2011-07-14 23:50:00+00:00,13.9978090000,136309,5561,55.7536965403,55.6806854605,57.4724730970
2011-07-15,2011-07-15 23:50:00+00:00,13.8100000000,136471,5560,55.7836253607,55.8838360963,57.4724730970
2011-07-16,2011-07-16 23:50:00+00:00,13.7190485714,136625,5559,55.8141415555,55.8838360963,57.4724730970
2011-07-17,2011-07-17 23:50:00+00:00,13.1679187500,136796,5558,55.8449715190,55.8838360963,57.4724730970
2011-07-18,2011-07-18 23:50:00+00:00,13.4230714815,136968,5557,55.8775607659,55.8838360963,57.4724730970
2011-07-19,2011-07-19 23:50:00+00:00,13.8419937500,137107,5556,55.9093876569,55.8838360963,57.4724730970
2011-07-20,2011-07-20 23:50:00+00:00,13.6931348485,137257,5555,55.9399921575,55.8838360963,57.4724730970
2011-07-21,2011-07-21 23:50:00+00:00,13.6121040000,137410,5554,55.9710842082,55.8838360963,57.4724730970
2011-07-22,2011-07-22 23:50:00+00:00,13.6954200000,137562,5553,56.0024675891,56.0990913484,57.4724730970
2011-07-23,2011-07-23 23:50:00+00:00,13.6800000000,137708,5552,56.0336447653,56.0990913484,57.4724730970
2011-07-24,2011-07-24 23:50:00+00:00,13.9800100000,137874,5551,56.0649145312,56.0990913484,57.4724730970
2011-07-25,2011-07-25 23:50:00+00:00,14.0026000000,138039,5550,56.0953410786,56.0990913484,57.4724730970
2011-07-26,2011-07-26 23:50:00+00:00,13.8811700000,138214,5549,56.1257461430,56.0990913484,57.4724730970
2011-07-27,2011-07-27 23:50:00+00:00,13.9076000000,138387,5548,56.1565502663,56.0990913484,57.4724730970
2011-07-28,2011-07-28 23:50:00+00:00,13.4819066667,138542,5547,56.1873214281,56.0990913484,57.4724730970
2011-07-29,2011-07-29 23:50:00+00:00,13.5143963636,138708,5546,56.2194312732,56.3189834979,57.4724730970
2011-07-30,2011-07-30 23:50:00+00:00,13.5328131579,138859,5545,56.2514876837,56.3189834979,57.4724730970
2011-07-31,2011-07-31 23:50:00+00:00,13.3798933333,139033,5544,56.2835347166,56.3189834979,57.4724730970
2011-08-01,2011-08-01 23:50:00+00:00,13.0956020000,139200,5543,56.3161130825,56.3189834979,58.3463570620
2011-08-02,2011-08-02 23:50:00+00:00,12.0600190000,139354,5542,56.3496705587,56.3189834979,58.3463570620
2011-08-03,2011-08-03 23:50:00+00:00,9.2600500000,139509,5541,56.3870424810,56.3189834979,58.3463570620
2011-08-04,2011-08-04 23:50:00+00:00,10.7436633333,139639,5540,56.4388896550,56.3189834979,58.3463570620
2011-08-05,2011-08-05 23:50:00+00:00,9.7726675000,139780,5539,56.4822606262,56.5451163084,58.3463570620
2011-08-06,2011-08-06 23:50:00+00:00,6.5112754545,139901,5538,56.5310502044,56.5451163084,58.3463570620
2011-08-07,2011-08-07 23:50:00+00:00,8.1662882927,140026,5537,56.6095902504,56.5451163084,58.3463570620
2011-08-08,2011-08-08 23:50:00+00:00,7.8298550000,140163,5536,56.6703153979,56.5451163084,58.3463570620
2011-08-09,2011-08-09 23:50:00+00:00,9.7488606897,140310,5535,56.7342526170,56.5451163084,58.3463570620
2011-08-10,2011-08-10 23:50:00+00:00,10.0146862500,140461,5534,56.7837057221,56.5451163084,58.3463570620
2011-08-11,2011-08-11 23:50:00+00:00,9.4562400000,140597,5533,56.8316736206,56.5451163084,58.3463570620
2011-08-12,2011-08-12 23:50:00+00:00,9.4603400000,140726,5532,56.8831889494,56.8893325358,58.3463570620
2011-08-13,2011-08-13 23:50:00+00:00,10.1233396552,140860,5531,56.9347895739,56.8893325358,58.3463570620
2011-08-14,2011-08-14 23:50:00+00:00,10.7442646154,140992,5530,56.9824375190,56.8893325358,58.3463570620
2011-08-15,2011-08-15 23:50:00+00:00,11.1381360000,141121,5529,57.0268245983,56.8893325358,58.3463570620
2011-08-16,2011-08-16 23:50:00+00:00,10.9589550000,141266,5528,57.0693578005,56.8893325358,58.3463570620
2011-08-17,2011-08-17 23:50:00+00:00,10.9930666667,141401,5527,57.1128362488,56.8893325358,58.3463570620
2011-08-18,2011-08-18 23:50:00+00:00,10.8470176923,141548,5526,57.1562293767,56.8893325358,58.3463570620
2011-08-19,2011-08-19 23:50:00+00:00,11.6500000000,141679,5525,57.2004295577,57.2526663185,58.3463570620
2011-08-20,2011-08-20 23:50:00+00:00,11.4509980000,141828,5524,57.2409449153,57.2526663185,58.3463570620
2011-08-21,2011-08-21 23:50:00+00:00,11.3232120000,141987,5523,57.2824186461,57.2526663185,58.3463570620
2011-08-22,2011-08-22 23:50:00+00:00,10.9407647368,142159,5522,57.3245540506,57.2526663185,58.3463570620
2011-08-23,2011-08-23 23:50:00+00:00,10.9274070000,142314,5521,57.3686070115,57.2526663185,58.3463570620
2011-08-24,2011-08-24 23:50:00+00:00,10.8506000000,142448,5520,57.4128104489,57.2526663185,58.3463570620
2011-08-25,2011-08-25 23:50:00+00:00,9.6841397101,142584,5519,57.4574856030,57.2526663185,58.3463570620
2011-08-26,2011-08-26 23:50:00+00:00,8.1791894444,142731,5518,57.5088991978,57.5381248397,58.3463570620
2011-08-27,2011-08-27 23:50:00+00:00,8.5902000000,142853,5517,57.5718361039,57.5381248397,58.3463570620
2011-08-28,2011-08-28 23:50:00+00:00,9.0784642857,142969,5516,57.6314112353,57.5381248397,58.3463570620
2011-08-29,2011-08-29 23:50:00+00:00,8.9680937500,143106,5515,57.6873532757,57.5381248397,58.3463570620
2011-08-30,2011-08-30 23:50:00+00:00,8.7954660000,143251,5514,57.7442441330,57.5381248397,58.3463570620
2011-08-31,2011-08-31 23:50:00+00:00,8.2235362500,143408,5513,57.8025943318,57.5381248397,58.3463570620
2011-09-01,2011-09-01 23:50:00+00:00,8.2288837500,143535,5512,57.8658869506,57.5381248397,59.4755481135
2011-09-02,2011-09-02 23:50:00+00:00,8.6227800000,143692,5511,57.9292932556,57.9821665206,59.4755481135
2011-09-03,2011-09-03 23:50:00+00:00,8.4790000000,143837,5510,57.9894735841,57.9821665206,59.4755481135
2011-09-04,2011-09-04 23:50:00+00:00,8.1787135714,143971,5509,58.0510039372,57.9821665206,59.4755481135
2011-09-05,2011-09-05 23:50:00+00:00,7.6292071429,144128,5508,58.1153424747,57.9821665206,59.4755481135
2011-09-06,2011-09-06 23:50:00+00:00,6.8646766667,144278,5507,58.1852607374,57.9821665206,59.4755481135
2011-09-07,2011-09-07 23:50:00+00:00,7.1860777778,144414,5506,58.2643720093,57.9821665206,59.4755481135
2011-09-08,2011-09-08 23:50:00+00:00,6.5331220000,144542,5505,58.3396991242,57.9821665206,59.4755481135
2011-09-09,2011-09-09 23:50:00+00:00,5.0555800000,144697,5504,58.4238727524,58.4069939702,59.4755481135
2011-09-10,2011-09-10 23:50:00+00:00,4.7643420000,144831,5503,58.5361617105,58.4069939702,59.4755481135
2011-09-11,2011-09-11 23:50:00+00:00,5.9142241667,144956,5502,58.6564843216,58.4069939702,59.4755481135
2011-09-12,2011-09-12 23:50:00+00:00,6.0614342857,145086,5501,58.7517288336,58.4069939702,59.4755481135
2011-09-13,2011-09-13 23:50:00+00:00,5.8000000000,145230,5500,58.8447325126,58.4069939702,59.4755481135
2011-09-14,2011-09-14 23:50:00+00:00,5.6195433333,145377,5499,58.9427629726,58.4069939702,59.4755481135
2011-09-15,2011-09-15 23:50:00+00:00,4.8059157143,145532,5498,59.0446669843,58.4069939702,59.4755481135
2011-09-16,2011-09-16 23:50:00+00:00,4.8110000000,145651,5497,59.1661403416,59.2018485268,59.4755481135
2011-09-17,2011-09-17 23:50:00+00:00,4.7647000000,145785,5496,59.2880183855,59.2018485268,59.4755481135
2011-09-18,2011-09-18 23:50:00+00:00,5.2382333333,145943,5495,59.4117416315,59.2018485268,59.4755481135
2011-09-19,2011-09-19 23:50:00+00:00,5.4627707692,146070,5494,59.5237896136,59.2018485268,59.4755481135
2011-09-20,2011-09-20 23:50:00+00:00,6.1147972727,146209,5493,59.6312220339,59.2018485268,59.4755481135
2011-09-21,2011-09-21 23:50:00+00:00,5.6609356250,146356,5492,59.7264009700,59.2018485268,59.4755481135
2011-09-22,2011-09-22 23:50:00+00:00,5.4735640000,146505,5491,59.8304654856,59.2018485268,59.4755481135
2011-09-23,2011-09-23 23:50:00+00:00,5.5575763636,146637,5490,59.9388883388,60.0669284745,59.4755481135
2011-09-24,2011-09-24 23:50:00+00:00,5.4715266667,146765,5489,60.0459304312,60.0669284745,59.4755481135
2011-09-25,2011-09-25 23:50:00+00:00,5.3318300000,146904,5488,60.1552605926,60.0669284745,59.4755481135
2011-09-26,2011-09-26 23:50:00+00:00,4.8691600000,147037,5487,60.2681993930,60.0669284745,59.4755481135
2011-09-27,2011-09-27 23:50:00+00:00,4.7093666667,147170,5486,60.3934506895,60.0669284745,59.4755481135
2011-09-28,2011-09-28 23:50:00+00:00,4.7093475000,147314,5485,60.5239231985,60.0669284745,59.4755481135
2011-09-29,2011-09-29 23:50:00+00:00,4.7846225000,147441,5484,60.6550091395,60.0669284745,59.4755481135
2011-09-30,2011-09-30 23:50:00+00:00,5.1490566667,147565,5483,60.7844610079,60.8279069832,59.4755481135
2011-10-01,2011-10-01 23:50:00+00:00,5.0181025000,147708,5482,60.9045032093,60.8279069832,61.5948382641
2011-10-02,2011-10-02 23:50:00+00:00,5.0270100000,147829,5481,61.0285083145,60.8279069832,61.5948382641
2011-10-03,2011-10-03 23:50:00+00:00,5.0240100000,147974,5480,61.1528239791,60.8279069832,61.5948382641
2011-10-04,2011-10-04 23:50:00+00:00,4.9600000000,148085,5479,61.2777742068,60.8279069832,61.5948382641
2011-10-05,2011-10-05 23:50:00+00:00,4.8799366667,148229,5478,61.4050500161,60.8279069832,61.5948382641
2011-10-06,2011-10-06 23:50:00+00:00,4.7344250000,148359,5477,61.5351891930,60.8279069832,61.5948382641
2011-10-07,2011-10-07 23:50:00+00:00,4.2728000000,148496,5476,61.6703029531,61.6797179056,61.5948382641
2011-10-08,2011-10-08 23:50:00+00:00,4.0058700000,148614,5475,61.8219867770,61.6797179056,61.5948382641
2011-10-09,2011-10-09 23:50:00+00:00,4.1028800000,148743,5474,61.9854186708,61.6797179056,61.5948382641
2011-10-10,2011-10-10 23:50:00+00:00,4.0869466667,148866,5473,62.1456117595,61.6797179056,61.5948382641
2011-10-11,2011-10-11 23:50:00+00:00,3.9591533333,148958,5472,62.3073681302,61.6797179056,61.5948382641
2011-10-12,2011-10-12 23:50:00+00:00,4.1500000000,149079,5471,62.4756624298,61.6797179056,61.5948382641
2011-10-13,2011-10-13 23:50:00+00:00,4.0461500000,149175,5470,62.6365981396,61.6797179056,61.5948382641
2011-10-14,2011-10-14 23:50:00+00:00,3.9879400000,149314,5469,62.8028844542,62.7579535540,61.5948382641
2011-10-15,2011-10-15 23:50:00+00:00,3.8480350000,149449,5468,62.9727335014,62.7579535540,61.5948382641
2011-10-16,2011-10-16 23:50:00+00:00,3.5723744444,149567,5467,63.1502160648,62.7579535540,61.5948382641
2011-10-17,2011-10-17 23:50:00+00:00,2.5544640000,149686,5466,63.3434841357,62.7579535540,61.5948382641
2011-10-18,2011-10-18 23:50:00+00:00,2.4093233333,149806,5465,63.6205176996,62.7579535540,61.5948382641
2011-10-19,2011-10-19 23:50:00+00:00,2.2622557143,149938,5464,63.9177160018,62.7579535540,61.5948382641
2011-10-20,2011-10-20 23:50:00+00:00,2.3480050000,150054,5463,64.2381893673,62.7579535540,61.5948382641
2011-10-21,2011-10-21 23:50:00+00:00,2.5625450000,150174,5462,64.5496945342,63.9649279475,61.5948382641
2011-10-22,2011-10-22 23:50:00+00:00,3.1387333333,150273,5461,64.8368917169,63.9649279475,61.5948382641
2011-10-23,2011-10-23 23:50:00+00:00,3.1646903008,150380,5460,65.0711601044,63.9649279475,61.5948382641
2011-10-24,2011-10-24 23:50:00+00:00,2.5384758333,150507,5459,65.3051727419,63.9649279475,61.5948382641
2011-10-25,2011-10-25 23:50:00+00:00,2.7736116667,150636,5458,65.6023682408,63.9649279475,61.5948382641
2011-10-26,2011-10-26 23:50:00+00:00,2.7730100000,150754,5457,65.8758226354,63.9649279475,61.5948382641
2011-10-27,2011-10-27 23:50:00+00:00,3.0401142105,150854,5456,66.1517305315,63.9649279475,61.5948382641
2011-10-28,2011-10-28 23:50:00+00:00,3.1851980000,150958,5455,66.4044401476,65.9921985360,61.5948382641
2011-10-29,2011-10-29 23:50:00+00:00,3.5682600000,151072,5454,66.6469772442,65.9921985360,61.5948382641
2011-10-30,2011-10-30 23:50:00+00:00,3.2624975000,151181,5453,66.8637384302,65.9921985360,61.5948382641
2011-10-31,2011-10-31 23:50:00+00:00,3.2437483333,151313,5452,67.1036802198,65.9921985360,61.5948382641
2011-11-01,2011-11-01 23:50:00+00:00,3.1637620000,151464,5451,67.3469133972,65.9921985360,65.7107118330
2011-11-02,2011-11-02 23:50:00+00:00,3.2536933333,151617,5450,67.5985408673,65.9921985360,65.7107118330
2011-11-03,2011-11-03 23:50:00+00:00,3.1555000000,151742,5449,67.8447684579,65.9921985360,65.7107118330
2011-11-04,2011-11-04 23:50:00+00:00,3.0554500000,151890,5448,68.1010283426,67.7060032743,65.7107118330
2011-11-05,2011-11-05 23:50:00+00:00,2.9725050000,152032,5447,68.3682302544,67.7060032743,65.7107118330
2011-11-06,2011-11-06 23:50:00+00:00,2.9597720000,152180,5446,68.6455376427,67.7060032743,65.7107118330
2011-11-07,2011-11-07 23:50:00+00:00,3.0061166667,152311,5445,68.9264696094,67.7060032743,65.7107118330
2011-11-08,2011-11-08 23:50:00+00:00,3.0456833333,152460,5444,69.2052322092,67.7060032743,65.7107118330
2011-11-09,2011-11-09 23:50:00+00:00,2.9482128571,152621,5443,69.4825291462,67.7060032743,65.7107118330
2011-11-10,2011-11-10 23:50:00+00:00,2.8477188462,152762,5442,69.7718692838,67.7060032743,65.7107118330
2011-11-11,2011-11-11 23:50:00+00:00,3.0735269231,152881,5441,70.0745378180,69.5988682941,65.7107118330
2011-11-12,2011-11-12 23:50:00+00:00,3.0309900000,153024,5440,70.3564731434,69.5988682941,65.7107118330
2011-11-13,2011-11-13 23:50:00+00:00,2.9959900000,153169,5439,70.6449807230,69.5988682941,65.7107118330
2011-11-14,2011-11-14 23:50:00+00:00,2.1422394872,153311,5438,70.9395382440,69.5988682941,65.7107118330
2011-11-15,2011-11-15 23:50:00+00:00,2.3244861973,153477,5437,71.3610456780,69.5988682941,65.7107118330
2011-11-16,2011-11-16 23:50:00+00:00,2.5678744444,153612,5436,71.7530701769,69.5988682941,65.7107118330
2011-11-17,2011-11-17 23:50:00+00:00,2.2500000000,153751,5435,72.1105393404,69.5988682941,65.7107118330
2011-11-18,2011-11-18 23:50:00+00:00,2.0510271429,153884,5434,72.5249368544,71.5932163064,65.7107118330
2011-11-19,2011-11-19 23:50:00+00:00,2.1994325000,154007,5433,72.9865306612,71.5932163064,65.7107118330
2011-11-20,2011-11-20 23:50:00+00:00,2.1998700000,154148,5432,73.4215486846,71.5932163064,65.7107118330
2011-11-21,2011-11-21 23:50:00+00:00,2.2893600000,154267,5431,73.8618556952,71.5932163064,65.7107118330
2011-11-22,2011-11-22 23:50:00+00:00,2.3269550000,154408,5430,74.2895762506,71.5932163064,65.7107118330
2011-11-23,2011-11-23 23:50:00+00:00,2.3320550000,154542,5429,74.7151825129,71.5932163064,65.7107118330
2011-11-24,2011-11-24 23:50:00+00:00,2.4276278261,154655,5428,75.1448753208,71.5932163064,65.7107118330
2011-11-25,2011-11-25 23:50:00+00:00,2.4933128571,154790,5427,75.5619353564,74.8642869342,65.7107118330
2011-11-26,2011-11-26 23:50:00+00:00,2.4700300000,154908,5426,75.9722617089,74.8642869342,65.7107118330
2011-11-27,2011-11-27 23:50:00+00:00,2.4769754545,155024,5425,76.3912890814,74.8642869342,65.7107118330
2011-11-28,2011-11-28 23:50:00+00:00,2.5472952941,155151,5424,76.8138865626,74.8642869342,65.7107118330
2011-11-29,2011-11-29 23:50:00+00:00,2.7501950000,155289,5423,77.2290847810,74.8642869342,65.7107118330
2011-11-30,2011-11-30 23:50:00+00:00,2.9443100000,155447,5422,77.6167579023,74.8642869342,65.7107118330
2011-12-01,2011-12-01 23:50:00+00:00,3.0683995833,155633,5421,77.9815870400,74.8642869342,73.8692635021
2011-12-02,2011-12-02 23:50:00+00:00,3.1109315385,155779,5420,78.3344449398,77.7772746989,73.8692635021
2011-12-03,2011-12-03 23:50:00+00:00,2.7837090244,155930,5419,78.6855515472,77.7772746989,73.8692635021
2011-12-04,2011-12-04 23:50:00+00:00,2.8280966667,156066,5418,79.0835447066,77.7772746989,73.8692635021
2011-12-05,2011-12-05 23:50:00+00:00,2.8510700000,156223,5417,79.4791581582,77.7772746989,73.8692635021
2011-12-06,2011-12-06 23:50:00+00:00,3.0335100000,156395,5416,79.8755413852,77.7772746989,73.8692635021
2011-12-07,2011-12-07 23:50:00+00:00,2.9737285714,156533,5415,80.2509507757,77.7772746989,73.8692635021
2011-12-08,2011-12-08 23:50:00+00:00,2.9887140000,156697,5414,80.6380049002,77.7772746989,73.8692635021
2011-12-09,2011-12-09 23:50:00+00:00,2.9622850000,156843,5413,81.0269106731,80.2662846231,73.8692635021
2011-12-10,2011-12-10 23:50:00+00:00,3.0543762500,156989,5412,81.4233884283,80.2662846231,73.8692635021
2011-12-11,2011-12-11 23:50:00+00:00,3.2508912500,157140,5411,81.8113223142,80.2662846231,73.8692635021
2011-12-12,2011-12-12 23:50:00+00:00,3.1458730000,157267,5410,82.1784032666,80.2662846231,73.8692635021
2011-12-13,2011-12-13 23:50:00+00:00,3.2499000000,157400,5409,82.5618695972,80.2662846231,73.8692635021
2011-12-14,2011-12-14 23:50:00+00:00,3.1476677778,157553,5408,82.9361316793,80.2662846231,73.8692635021
2011-12-15,2011-12-15 23:50:00+00:00,3.2019916667,157665,5407,83.3267741115,80.2662846231,73.8692635021
2011-12-16,2011-12-16 23:50:00+00:00,3.2065950000,157783,5406,83.7142727074,83.0707077616,73.8692635021
2011-12-17,2011-12-17 23:50:00+00:00,3.2000233333,157932,5405,84.1049507931,83.0707077616,73.8692635021
2011-12-18,2011-12-18 23:50:00+00:00,3.1925050000,158077,5404,84.5002852444,83.0707077616,73.8692635021
2011-12-19,2011-12-19 23:50:00+00:00,3.5238750000,158235,5403,84.9004839845,83.0707077616,73.8692635021
2011-12-20,2011-12-20 23:50:00+00:00,3.9810724242,158368,5402,85.2649820427,83.0707077616,73.8692635021
2011-12-21,2011-12-21 23:50:00+00:00,3.8821000000,158517,5401,85.5885354095,83.0707077616,73.8692635021
2011-12-22,2011-12-22 23:50:00+00:00,3.9082362500,158667,5400,85.9234294263,83.0707077616,73.8692635021
2011-12-23,2011-12-23 23:50:00+00:00,3.9467800000,158808,5399,86.2587059265,85.8400736698,73.8692635021
2011-12-24,2011-12-24 23:50:00+00:00,3.9400000000,158954,5398,86.5932636596,85.8400736698,73.8692635021
2011-12-25,2011-12-25 23:50:00+00:00,4.2250000000,159125,5397,86.9311626194,85.8400736698,73.8692635021
2011-12-26,2011-12-26 23:50:00+00:00,4.0115994118,159305,5396,87.2476767386,85.8400736698,73.8692635021
2011-12-27,2011-12-27 23:50:00+00:00,4.1077450000,159449,5395,87.5845216254,85.8400736698,73.8692635021
2011-12-28,2011-12-28 23:50:00+00:00,4.1839014793,159603,5394,87.9157426544,85.8400736698,73.8692635021
2011-12-29,2011-12-29 23:50:00+00:00,4.1665666667,159742,5393,88.2432039982,85.8400736698,73.8692635021
2011-12-30,2011-12-30 23:50:00+00:00,4.2478428571,159882,5392,88.5746835359,88.2141197614,73.8692635021
2011-12-31,2011-12-31 23:50:00+00:00,4.7216290909,160035,5391,88.9020542697,88.2141197614,73.8692635021
2012-01-01,2012-01-01 23:50:00+00:00,5.2783990909,160187,5390,89.1970944669,88.2141197614,84.8711373771
2012-01-02,2012-01-02 23:50:00+00:00,5.2167800000,160340,5389,89.4610204600,88.2141197614,84.8711373771
2012-01-03,2012-01-03 23:50:00+00:00,4.8834277778,160499,5388,89.7299556064,88.2141197614,84.8711373771
2012-01-04,2012-01-04 23:50:00+00:00,5.5874900000,160647,5387,90.0202928511,88.2141197614,84.8711373771
2012-01-05,2012-01-05 23:50:00+00:00,6.9829248148,160794,5386,90.2735657350,88.2141197614,84.8711373771
2012-01-06,2012-01-06 23:50:00+00:00,6.6968633333,160965,5385,90.4739652912,90.5383453739,84.8711373771
2012-01-07,2012-01-07 23:50:00+00:00,6.8116566667,161150,5384,90.6846741245,90.5383453739,84.8711373771
2012-01-08,2012-01-08 23:50:00+00:00,7.1300907692,161312,5383,90.8925832658,90.5383453739,84.8711373771
2012-01-09,2012-01-09 23:50:00+00:00,6.3162950000,161477,5382,91.0914161875,90.5383453739,84.8711373771
2012-01-10,2012-01-10 23:50:00+00:00,6.4496876000,161616,5381,91.3191906737,90.5383453739,84.8711373771
2012-01-11,2012-01-11 23:50:00+00:00,6.8999666667,161770,5380,91.5430918012,90.5383453739,84.8711373771
2012-01-12,2012-01-12 23:50:00+00:00,6.7978466667,161926,5379,91.7523393111,90.5383453739,84.8711373771
2012-01-13,2012-01-13 23:50:00+00:00,6.4135020743,162066,5378,91.9660477695,92.0367266414,84.8711373771
2012-01-14,2012-01-14 23:50:00+00:00,6.7500150000,162214,5377,92.1947676603,92.0367266414,84.8711373771
2012-01-15,2012-01-15 23:50:00+00:00,7.0275609091,162354,5376,92.4123639465,92.0367266414,84.8711373771
2012-01-16,2012-01-16 23:50:00+00:00,6.6484619048,162528,5375,92.6217319886,92.0367266414,84.8711373771
2012-01-17,2012-01-17 23:50:00+00:00,5.5673076087,162687,5374,92.8451425947,92.0367266414,84.8711373771
2012-01-18,2012-01-18 23:50:00+00:00,5.9170500000,162814,5373,93.1168303656,92.0367266414,84.8711373771
2012-01-19,2012-01-19 23:50:00+00:00,6.3543171429,162964,5372,93.3729809624,92.0367266414,84.8711373771
2012-01-20,2012-01-20 23:50:00+00:00,6.3728600000,163109,5371,93.6116622259,93.6649433020,84.8711373771
2012-01-21,2012-01-21 23:50:00+00:00,6.1658640000,163273,5370,93.8509053678,93.6649433020,84.8711373771
2012-01-22,2012-01-22 23:50:00+00:00,6.3065940000,163409,5369,94.1001515350,93.6649433020,84.8711373771
2012-01-23,2012-01-23 23:50:00+00:00,6.3431115789,163580,5368,94.3448173623,93.6649433020,84.8711373771
2012-01-24,2012-01-24 23:50:00+00:00,6.2675833333,163719,5367,94.5893288614,93.6649433020,84.8711373771
2012-01-25,2012-01-25 23:50:00+00:00,5.7952094444,163867,5366,94.8383871605,93.6649433020,84.8711373771
2012-01-26,2012-01-26 23:50:00+00:00,5.3350370588,164005,5365,95.1107773859,93.6649433020,84.8711373771
2012-01-27,2012-01-27 23:50:00+00:00,5.2883071429,164145,5364,95.4100914319,95.3680746052,84.8711373771
2012-01-28,2012-01-28 23:50:00+00:00,5.6305344444,164291,5363,95.7142372550,95.3680746052,84.8711373771
2012-01-29,2012-01-29 23:50:00+00:00,5.3877700000,164456,5362,96.0006841559,95.3680746052,84.8711373771
2012-01-30,2012-01-30 23:50:00+00:00,5.4904666667,164629,5361,96.3028004573,95.3680746052,84.8711373771
2012-01-31,2012-01-31 23:50:00+00:00,5.4956314286,164779,5360,96.6008935628,95.3680746052,84.8711373771
2012-02-01,2012-02-01 23:50:00+00:00,6.0743912500,164920,5359,96.9006501928,95.3680746052,92.7747918380
2012-02-02,2012-02-02 23:50:00+00:00,6.1000666667,165080,5358,97.1718231060,95.3680746052,92.7747918380
2012-02-03,2012-02-03 23:50:00+00:00,5.9546500000,165238,5357,97.4433919088,97.5370336898,92.7747918380
2012-02-04,2012-02-04 23:50:00+00:00,5.8728450000,165394,5356,97.7237227306,97.5370336898,92.7747918380
2012-02-05,2012-02-05 23:50:00+00:00,5.6843966667,165537,5355,98.0099727768,97.5370336898,92.7747918380
2012-02-06,2012-02-06 23:50:00+00:00,5.4898200000,165683,5354,98.3082012005,97.5370336898,92.7747918380
2012-02-07,2012-02-07 23:50:00+00:00,5.6330377778,165819,5353,98.6196898845,97.5370336898,92.7747918380
2012-02-08,2012-02-08 23:50:00+00:00,5.5999800000,165965,5352,98.9248073416,97.5370336898,92.7747918380
2012-02-09,2012-02-09 23:50:00+00:00,5.8396154310,166108,5351,99.2338622625,97.5370336898,92.7747918380
2012-02-10,2012-02-10 23:50:00+00:00,5.9169264000,166247,5350,99.5314001038,99.5382040824,92.7747918380
2012-02-11,2012-02-11 23:50:00+00:00,5.6005000000,166397,5349,99.8266711237,99.5382040824,92.7747918380
2012-02-12,2012-02-12 23:50:00+00:00,5.5146800000,166555,5348,100.1417130542,99.5382040824,92.7747918380
2012-02-13,2012-02-13 23:50:00+00:00,5.2851921875,166693,5347,100.4641135338,99.5382040824,92.7747918380
2012-02-14,2012-02-14 23:50:00+00:00,4.4333818182,166828,5346,100.8036820647,99.5382040824,92.7747918380
2012-02-15,2012-02-15 23:50:00+00:00,4.2717454545,166965,5345,101.2153116518,99.5382040824,92.7747918380
2012-02-16,2012-02-16 23:50:00+00:00,4.2694500000,167103,5344,101.6469714663,99.5382040824,92.7747918380
2012-02-17,2012-02-17 23:50:00+00:00,4.3962100000,167253,5343,102.0827380467,101.6432599360,92.7747918380
2012-02-18,2012-02-18 23:50:00+00:00,4.2372890909,167426,5342,102.5091358249,101.6432599360,92.7747918380
2012-02-19,2012-02-19 23:50:00+00:00,4.3784025000,167584,5341,102.9562011163,101.6432599360,92.7747918380
2012-02-20,2012-02-20 23:50:00+00:00,4.3729900000,167723,5340,103.3921239645,101.6432599360,92.7747918380
2012-02-21,2012-02-21 23:50:00+00:00,4.3025400000,167850,5339,103.8324901752,101.6432599360,92.7747918380
2012-02-22,2012-02-22 23:50:00+00:00,4.4466458333,168010,5338,104.2844186700,101.6432599360,92.7747918380
2012-02-23,2012-02-23 23:50:00+00:00,5.0195252000,168177,5337,104.7249892224,101.6432599360,92.7747918380
2012-02-24,2012-02-24 23:50:00+00:00,5.0292012500,168325,5336,105.1162898306,104.6780531524,92.7747918380
2012-02-25,2012-02-25 23:50:00+00:00,4.7802454545,168492,5335,105.5098740910,104.6780531524,92.7747918380
2012-02-26,2012-02-26 23:50:00+00:00,4.9259825000,168640,5334,105.9283459083,104.6780531524,92.7747918380
2012-02-27,2012-02-27 23:50:00+00:00,4.9599880000,168796,5333,106.3371848417,104.6780531524,92.7747918380
2012-02-28,2012-02-28 23:50:00+00:00,4.8627550000,168955,5332,106.7463726052,104.6780531524,92.7747918380
2012-02-29,2012-02-29 23:50:00+00:00,4.8600070833,169133,5331,107.1675612298,104.6780531524,92.7747918380
2012-03-01,2012-03-01 23:50:00+00:00,4.9213300000,169285,5330,107.5924992466,104.6780531524,100.9625700928
2012-03-02,2012-03-02 23:50:00+00:00,4.7167414286,169419,5329,108.0153682484,107.4726308805,100.9625700928
2012-03-03,2012-03-03 23:50:00+00:00,4.6179614286,169533,5328,108.4611914168,107.4726308805,100.9625700928
2012-03-04,2012-03-04 23:50:00+00:00,4.8255933333,169667,5327,108.9209784553,107.4726308805,100.9625700928
2012-03-05,2012-03-05 23:50:00+00:00,4.9781014286,169815,5326,109.3639274214,107.4726308805,100.9625700928
2012-03-06,2012-03-06 23:50:00+00:00,4.9941958333,169950,5325,109.7962877474,107.4726308805,100.9625700928
2012-03-07,2012-03-07 23:50:00+00:00,4.9224075000,170105,5324,110.2307671238,107.4726308805,100.9625700928
2012-03-08,2012-03-08 23:50:00+00:00,4.9301600000,170260,5323,110.6755833669,107.4726308805,100.9625700928
2012-03-09,2012-03-09 23:50:00+00:00,4.8621080000,170426,5322,111.1234320923,110.6399510931,100.9625700928
2012-03-10,2012-03-10 23:50:00+00:00,4.4600000000,170594,5321,111.5817327327,110.6399510931,100.9625700928
2012-03-11,2012-03-11 23:50:00+00:00,4.8823115385,170726,5320,112.0877779887,110.6399510931,100.9625700928
2012-03-12,2012-03-12 23:50:00+00:00,4.9033666667,170895,5319,112.5524176525,110.6399510931,100.9625700928
2012-03-13,2012-03-13 23:50:00+00:00,5.2749780000,171049,5318,113.0189899227,110.6399510931,100.9625700928
2012-03-14,2012-03-14 23:50:00+00:00,5.3866650000,171191,5317,113.4548316685,110.6399510931,100.9625700928
2012-03-15,2012-03-15 23:50:00+00:00,5.1978150000,171312,5316,113.8846232790,110.6399510931,100.9625700928
2012-03-16,2012-03-16 23:50:00+00:00,5.3437400000,171466,5315,114.3344339919,113.9004337261,100.9625700928
2012-03-17,2012-03-17 23:50:00+00:00,5.1806025000,171635,5314,114.7749581110,113.9004337261,100.9625700928
2012-03-18,2012-03-18 23:50:00+00:00,5.2796833333,171796,5313,115.2337840099,113.9004337261,100.9625700928
2012-03-19,2012-03-19 23:50:00+00:00,4.6945440000,171939,5312,115.6873404380,113.9004337261,100.9625700928
2012-03-20,2012-03-20 23:50:00+00:00,4.8374558333,172099,5311,116.2046477017,113.9004337261,100.9625700928
2012-03-21,2012-03-21 23:50:00+00:00,4.8040300000,172255,5310,116.7106543688,113.9004337261,100.9625700928
2012-03-22,2012-03-22 23:50:00+00:00,4.7301400000,172412,5309,117.2250030280,113.9004337261,100.9625700928
2012-03-23,2012-03-23 23:50:00+00:00,4.6752433333,172541,5308,117.7525951103,117.0328338588,100.9625700928
2012-03-24,2012-03-24 23:50:00+00:00,4.6669600000,172724,5307,118.2917041451,117.0328338588,100.9625700928
2012-03-25,2012-03-25 23:50:00+00:00,4.5500100000,172880,5306,118.8369887452,117.0328338588,100.9625700928
2012-03-26,2012-03-26 23:50:00+00:00,4.6213383333,173033,5305,119.4023314855,117.0328338588,100.9625700928
2012-03-27,2012-03-27 23:50:00+00:00,4.8102915379,173188,5304,119.9640903875,117.0328338588,100.9625700928
2012-03-28,2012-03-28 23:50:00+00:00,4.8102475000,173335,5303,120.5080935947,117.0328338588,100.9625700928
2012-03-29,2012-03-29 23:50:00+00:00,4.7565413636,173478,5302,121.0572663590,117.0328338588,100.9625700928
2012-03-30,2012-03-30 23:50:00+00:00,4.8591425000,173633,5301,121.6182265032,120.8648653065,100.9625700928
2012-03-31,2012-03-31 23:50:00+00:00,4.8943925000,173803,5300,122.1721213044,120.8648653065,100.9625700928
2012-04-01,2012-04-01 23:50:00+00:00,4.8207050000,173944,5299,122.7270833038,120.8648653065,113.6346532369
2012-04-02,2012-04-02 23:50:00+00:00,4.9808360000,174061,5298,123.2962831503,120.8648653065,113.6346532369
2012-04-03,2012-04-03 23:50:00+00:00,4.9520000000,174195,5297,123.8516899226,120.8648653065,113.6346532369
2012-04-04,2012-04-04 23:50:00+00:00,4.9200666667,174331,5296,124.4157527514,120.8648653065,113.6346532369
2012-04-05,2012-04-05 23:50:00+00:00,4.9190000000,174449,5295,124.9890597935,120.8648653065,113.6346532369
2012-04-06,2012-04-06 23:50:00+00:00,4.9333922222,174583,5294,125.5680257577,124.8007380968,113.6346532369
2012-04-07,2012-04-07 23:50:00+00:00,4.6816784615,174713,5293,126.1508190506,124.8007380968,113.6346532369
2012-04-08,2012-04-08 23:50:00+00:00,4.7945000000,174864,5292,126.7723590921,124.8007380968,113.6346532369
2012-04-09,2012-04-09 23:50:00+00:00,4.8506814286,175010,5291,127.3848755879,124.8007380968,113.6346532369
2012-04-10,2012-04-10 23:50:00+00:00,4.8336466667,175153,5290,127.9960928155,124.8007380968,113.6346532369
2012-04-11,2012-04-11 23:50:00+00:00,4.9281016667,175298,5289,128.6157105785,124.8007380968,113.6346532369
2012-04-12,2012-04-12 23:50:00+00:00,4.9006087500,175424,5288,129.2290703789,124.8007380968,113.6346532369
2012-04-13,2012-04-13 23:50:00+00:00,4.9364947059,175548,5287,129.8521742428,128.9449089188,113.6346532369
2012-04-14,2012-04-14 23:50:00+00:00,4.9638100000,175687,5286,130.4767776413,128.9449089188,113.6346532369
2012-04-15,2012-04-15 23:50:00+00:00,4.9689258333,175793,5285,131.1040331862,128.9449089188,113.6346532369
2012-04-16,2012-04-16 23:50:00+00:00,4.9457300000,175943,5284,131.7369084554,128.9449089188,113.6346532369
2012-04-17,2012-04-17 23:50:00+00:00,4.9740271429,176078,5283,132.3792974562,128.9449089188,113.6346532369
2012-04-18,2012-04-18 23:50:00+00:00,5.1133000000,176209,5282,133.0243752230,128.9449089188,113.6346532369
2012-04-19,2012-04-19 23:50:00+00:00,5.1059575000,176365,5281,133.6574922840,128.9449089188,113.6346532369
2012-04-20,2012-04-20 23:50:00+00:00,5.3676220000,176519,5280,134.2978686100,133.3828921474,113.6346532369
2012-04-21,2012-04-21 23:50:00+00:00,5.2347825000,176673,5279,134.9117308804,133.3828921474,113.6346532369
2012-04-22,2012-04-22 23:50:00+00:00,5.2035166667,176813,5278,135.5479220230,133.3828921474,113.6346532369
2012-04-23,2012-04-23 23:50:00+00:00,4.9993401395,176949,5277,136.1944207408,133.3828921474,113.6346532369
2012-04-24,2012-04-24 23:50:00+00:00,5.0982200000,177087,5276,136.8752291907,133.3828921474,113.6346532369
2012-04-25,2012-04-25 23:50:00+00:00,5.1318200000,177213,5275,137.5492243166,133.3828921474,113.6346532369
2012-04-26,2012-04-26 23:50:00+00:00,5.0976550000,177368,5274,138.2254967572,133.3828921474,113.6346532369
2012-04-27,2012-04-27 23:50:00+00:00,5.1044901961,177502,5273,138.9134914803,137.7396920533,113.6346532369
2012-04-28,2012-04-28 23:50:00+00:00,4.9793000000,177656,5272,139.6076630309,137.7396920533,113.6346532369
2012-04-29,2012-04-29 23:50:00+00:00,4.8874100000,177834,5271,140.3274731721,137.7396920533,113.6346532369
2012-04-30,2012-04-30 23:50:00+00:00,4.9366560000,178013,5270,141.0692789400,137.7396920533,113.6346532369
2012-05-01,2012-05-01 23:50:00+00:00,4.9975085714,178180,5269,141.8114644828,137.7396920533,130.5733194198
2012-05-02,2012-05-02 23:50:00+00:00,5.0313937500,178333,5268,142.5522717418,137.7396920533,130.5733194198
2012-05-03,2012-05-03 23:50:00+00:00,5.1007825000,178491,5267,143.2958912078,137.7396920533,130.5733194198
2012-05-04,2012-05-04 23:50:00+00:00,5.0675050000,178652,5266,144.0369435921,142.6625984990,130.5733194198
2012-05-05,2012-05-05 23:50:00+00:00,5.0766175000,178819,5265,144.7911125400,142.6625984990,130.5733194198
2012-05-06,2012-05-06 23:50:00+00:00,5.0499100000,178982,5264,145.5520861160,142.6625984990,130.5733194198
2012-05-07,2012-05-07 23:50:00+00:00,5.0737950000,179153,5263,146.3256326652,142.6625984990,130.5733194198
2012-05-08,2012-05-08 23:50:00+00:00,5.0449400000,179327,5262,147.1039103245,142.6625984990,130.5733194198
2012-05-09,2012-05-09 23:50:00+00:00,4.9818500000,179493,5261,147.8954985229,142.6625984990,130.5733194198
2012-05-10,2012-05-10 23:50:00+00:00,4.8639972368,179624,5260,148.7065105568,142.6625984990,130.5733194198
2012-05-11,2012-05-11 23:50:00+00:00,4.9537520000,179765,5259,149.5474598562,148.0066693440,130.5733194198
2012-05-12,2012-05-12 23:50:00+00:00,4.9461900000,179895,5258,150.3822767088,148.0066693440,130.5733194198
2012-05-13,2012-05-13 23:50:00+00:00,4.9299600000,180033,5257,151.2281318543,148.0066693440,130.5733194198
2012-05-14,2012-05-14 23:50:00+00:00,5.0079364286,180170,5256,152.0868125611,148.0066693440,130.5733194198
2012-05-15,2012-05-15 23:50:00+00:00,5.0350100000,180304,5255,152.9415728303,148.0066693440,130.5733194198
2012-05-16,2012-05-16 23:50:00+00:00,5.0524666667,180422,5254,153.8014919139,148.0066693440,130.5733194198
2012-05-17,2012-05-17 23:50:00+00:00,5.0884583333,180539,5253,154.6683434133,148.0066693440,130.5733194198
2012-05-18,2012-05-18 23:50:00+00:00,5.1180100000,180685,5252,155.5389086128,153.9254600274,130.5733194198
2012-05-19,2012-05-19 23:50:00+00:00,5.1096500000,180835,5251,156.4143794957,153.9254600274,130.5733194198
2012-05-20,2012-05-20 23:50:00+00:00,5.0900200000,180973,5250,157.3016074313,153.9254600274,130.5733194198
2012-05-21,2012-05-21 23:50:00+00:00,5.0897950000,181098,5249,158.2029006339,153.9254600274,130.5733194198
2012-05-22,2012-05-22 23:50:00+00:00,5.0830275000,181214,5248,159.1149730003,153.9254600274,130.5733194198
2012-05-23,2012-05-23 23:50:00+00:00,5.1323725000,181343,5247,160.0392535081,153.9254600274,130.5733194198
2012-05-24,2012-05-24 23:50:00+00:00,5.1190400000,181468,5246,160.9653508864,153.9254600274,130.5733194198
2012-05-25,2012-05-25 23:50:00+00:00,5.1355133333,181590,5245,161.9051241923,160.1333508832,130.5733194198
2012-05-26,2012-05-26 23:50:00+00:00,5.1032366667,181731,5244,162.8531309842,160.1333508832,130.5733194198
2012-05-27,2012-05-27 23:50:00+00:00,5.1044800000,181890,5243,163.8189766122,160.1333508832,130.5733194198
2012-05-28,2012-05-28 23:50:00+00:00,5.1358000000,182033,5242,164.7964748663,160.1333508832,130.5733194198
2012-05-29,2012-05-29 23:50:00+00:00,5.1499700000,182159,5241,165.7798231634,160.1333508832,130.5733194198
2012-05-30,2012-05-30 23:50:00+00:00,5.1349950000,182289,5240,166.7725156988,160.1333508832,130.5733194198
2012-05-31,2012-05-31 23:50:00+00:00,5.1918938462,182428,5239,167.7805968437,160.1333508832,130.5733194198
2012-06-01,2012-06-01 23:50:00+00:00,5.2570214286,182577,5238,168.7897220781,166.8569895175,152.7614140902
2012-06-02,2012-06-02 23:50:00+00:00,5.2489800000,182738,5237,169.7983144110,166.8569895175,152.7614140902
2012-06-03,2012-06-03 23:50:00+00:00,5.2073077778,182892,5236,170.8210490343,166.8569895175,152.7614140902
2012-06-04,2012-06-04 23:50:00+00:00,5.2595200000,183048,5235,171.8651784426,166.8569895175,152.7614140902
2012-06-05,2012-06-05 23:50:00+00:00,5.4058790495,183193,5234,172.9116663499,166.8569895175,152.7614140902
2012-06-06,2012-06-06 23:50:00+00:00,5.4617766667,183347,5233,173.9416166280,166.8569895175,152.7614140902
2012-06-07,2012-06-07 23:50:00+00:00,5.5916280000,183486,5232,174.9732321846,166.8569895175,152.7614140902
2012-06-08,2012-06-08 23:50:00+00:00,5.6317366667,183626,5231,175.9923798519,174.0080296424,152.7614140902
2012-06-09,2012-06-09 23:50:00+00:00,5.5599700000,183797,5230,177.0162345821,174.0080296424,152.7614140902
2012-06-10,2012-06-10 23:50:00+00:00,5.4652500000,183963,5229,178.0663672439,174.0080296424,152.7614140902
2012-06-11,2012-06-11 23:50:00+00:00,5.5815833333,184104,5228,179.1485767715,174.0080296424,152.7614140902
2012-06-12,2012-06-12 23:50:00+00:00,5.7100133333,184261,5227,180.2207427011,174.0080296424,152.7614140902
2012-06-13,2012-06-13 23:50:00+00:00,5.9203475000,184411,5226,181.2808934853,174.0080296424,152.7614140902
2012-06-14,2012-06-14 23:50:00+00:00,5.9647763158,184567,5225,182.3144147175,174.0080296424,152.7614140902
2012-06-15,2012-06-15 23:50:00+00:00,6.5323645161,184725,5224,183.3520939316,181.2628524977,152.7614140902
2012-06-16,2012-06-16 23:50:00+00:00,6.4358200000,184881,5223,184.3072684928,181.2628524977,152.7614140902
2012-06-17,2012-06-17 23:50:00+00:00,6.1780512500,185046,5222,185.2879152127,181.2628524977,152.7614140902
2012-06-18,2012-06-18 23:50:00+00:00,6.2948768085,185220,5221,186.3225323849,181.2628524977,152.7614140902
2012-06-19,2012-06-19 23:50:00+00:00,6.4987566667,185368,5220,187.3489705666,181.2628524977,152.7614140902
2012-06-20,2012-06-20 23:50:00+00:00,6.6717150000,185513,5219,188.3532965055,181.2628524977,152.7614140902
2012-06-21,2012-06-21 23:50:00+00:00,6.6615142857,185647,5218,189.3414285660,181.2628524977,152.7614140902
2012-06-22,2012-06-22 23:50:00+00:00,6.5253525000,185786,5217,190.3419618489,188.0038826491,152.7614140902
2012-06-23,2012-06-23 23:50:00+00:00,6.4394320000,185949,5216,191.3755072187,188.0038826491,152.7614140902
2012-06-24,2012-06-24 23:50:00+00:00,6.3500216667,186080,5215,192.4352596279,188.0038826491,152.7614140902
2012-06-25,2012-06-25 23:50:00+00:00,6.3084414286,186236,5214,193.5229320661,188.0038826491,152.7614140902
2012-06-26,2012-06-26 23:50:00+00:00,6.4195000000,186385,5213,194.6309365887,188.0038826491,152.7614140902
2012-06-27,2012-06-27 23:50:00+00:00,6.6223372727,186547,5212,195.7319742542,188.0038826491,152.7614140902
2012-06-28,2012-06-28 23:50:00+00:00,6.6059466667,186685,5211,196.8104976036,188.0038826491,152.7614140902
2012-06-29,2012-06-29 23:50:00+00:00,6.6512055556,186831,5210,197.9042100405,195.2943380159,152.7614140902
2012-06-30,2012-06-30 23:50:00+00:00,6.6899675000,186962,5209,199.0027417538,195.2943380159,152.7614140902
2012-07-01,2012-07-01 23:50:00+00:00,6.6289900000,187105,5208,200.1072679282,195.2943380159,182.5392409007
2012-07-02,2012-07-02 23:50:00+00:00,6.7600609091,187256,5207,201.2352477336,195.2943380159,182.5392409007
2012-07-03,2012-07-03 23:50:00+00:00,6.4499720000,187415,5206,202.3534491447,195.2943380159,182.5392409007
2012-07-04,2012-07-04 23:50:00+00:00,6.5101000000,187565,5205,203.5411740316,195.2943380159,182.5392409007
2012-07-05,2012-07-05 23:50:00+00:00,6.6588833333,187710,5204,204.7318544114,195.2943380159,182.5392409007
2012-07-06,2012-07-06 23:50:00+00:00,6.6287400000,187866,5203,205.9090412575,203.0342681097,182.5392409007
2012-07-07,2012-07-07 23:50:00+00:00,6.7784275000,188032,5202,207.1059349623,203.0342681097,182.5392409007
2012-07-08,2012-07-08 23:50:00+00:00,6.7989800000,188183,5201,208.2895000769,203.0342681097,182.5392409007
2012-07-09,2012-07-09 23:50:00+00:00,6.9465625000,188346,5200,209.4833701415,203.0342681097,182.5392409007
2012-07-10,2012-07-10 23:50:00+00:00,7.1998600000,188497,5199,210.6647951528,203.0342681097,182.5392409007
2012-07-11,2012-07-11 23:50:00+00:00,7.1672666667,188631,5198,211.8163609302,203.0342681097,182.5392409007
2012-07-12,2012-07-12 23:50:00+00:00,7.6887392308,188778,5197,212.9865491558,203.0342681097,182.5392409007
2012-07-13,2012-07-13 23:50:00+00:00,7.6462750000,188944,5196,214.0866936186,211.4671662448,182.5392409007
2012-07-14,2012-07-14 23:50:00+00:00,7.5446980000,189106,5195,215.2051315524,211.4671662448,182.5392409007
2012-07-15,2012-07-15 23:50:00+00:00,7.6210100000,189246,5194,216.3516211123,211.4671662448,182.5392409007
2012-07-16,2012-07-16 23:50:00+00:00,8.4782222222,189396,5193,217.4987495733,211.4671662448,182.5392409007
2012-07-17,2012-07-17 23:50:00+00:00,8.7470441667,189566,5192,218.5364532370,211.4671662448,182.5392409007
2012-07-18,2012-07-18 23:50:00+00:00,9.0879885714,189722,5191,219.5508464320,211.4671662448,182.5392409007
2012-07-19,2012-07-19 23:50:00+00:00,8.8584183333,189858,5190,220.5348975418,211.4671662448,182.5392409007
2012-07-20,2012-07-20 23:50:00+00:00,8.5385450000,190005,5189,221.5551663948,219.3471791965,182.5392409007
2012-07-21,2012-07-21 23:50:00+00:00,8.8455300000,190146,5188,222.6257115087,219.3471791965,182.5392409007
2012-07-22,2012-07-22 23:50:00+00:00,8.4330480000,190302,5187,223.6678631634,219.3471791965,182.5392409007
2012-07-23,2012-07-23 23:50:00+00:00,8.4444057143,190443,5186,224.7740835877,219.3471791965,182.5392409007
2012-07-24,2012-07-24 23:50:00+00:00,8.5622450000,190603,5185,225.8901642234,219.3471791965,182.5392409007
2012-07-25,2012-07-25 23:50:00+00:00,8.8011950000,190763,5184,227.0016190939,219.3471791965,182.5392409007
2012-07-26,2012-07-26 23:50:00+00:00,8.8903381818,190933,5183,228.0926676090,219.3471791965,182.5392409007
2012-07-27,2012-07-27 23:50:00+00:00,8.9000000000,191111,5182,229.1831336064,226.9074089103,182.5392409007
2012-07-28,2012-07-28 23:50:00+00:00,8.8532675000,191263,5181,230.2832534628,226.9074089103,182.5392409007
2012-07-29,2012-07-29 23:50:00+00:00,8.7096488889,191428,5180,231.4005474674,226.9074089103,182.5392409007
2012-07-30,2012-07-30 23:50:00+00:00,9.0851844444,191604,5179,232.5486209271,226.9074089103,182.5392409007
2012-07-31,2012-07-31 23:50:00+00:00,9.3212368750,191734,5178,233.6585426263,226.9074089103,182.5392409007
2012-08-01,2012-08-01 23:50:00+00:00,9.5042675000,191869,5177,234.7498702573,226.9074089103,216.0698866972
2012-08-02,2012-08-02 23:50:00+00:00,10.5735688462,192035,5176,235.8296665688,226.9074089103,216.0698866972
2012-08-03,2012-08-03 23:50:00+00:00,10.8454475000,192196,5175,236.8045093338,234.6755549267,216.0698866972
2012-08-04,2012-08-04 23:50:00+00:00,10.9049640000,192353,5174,237.7619197782,234.6755549267,216.0698866972
2012-08-05,2012-08-05 23:50:00+00:00,10.8447433333,192491,5173,238.7219340950,234.6755549267,216.0698866972
2012-08-06,2012-08-06 23:50:00+00:00,10.8414480000,192632,5172,239.6957647089,234.6755549267,216.0698866972
2012-08-07,2012-08-07 23:50:00+00:00,10.9513285214,192796,5171,240.6782683259,234.6755549267,216.0698866972
2012-08-08,2012-08-08 23:50:00+00:00,11.0615100000,192961,5170,241.6587899446,234.6755549267,216.0698866972
2012-08-09,2012-08-09 23:50:00+00:00,11.1271678571,193132,5169,242.6373576962,234.6755549267,216.0698866972
2012-08-10,2012-08-10 23:50:00+00:00,11.3627671429,193288,5168,243.6181399282,241.4176617233,216.0698866972
2012-08-11,2012-08-11 23:50:00+00:00,11.5137833333,193454,5167,244.5856917797,241.4176617233,216.0698866972
2012-08-12,2012-08-12 23:50:00+00:00,11.6234081818,193614,5166,245.5478658339,241.4176617233,216.0698866972
2012-08-13,2012-08-13 23:50:00+00:00,12.0218937500,193775,5165,246.5083793990,241.4176617233,216.0698866972
2012-08-14,2012-08-14 23:50:00+00:00,12.1859940000,193932,5164,247.4429968065,241.4176617233,216.0698866972
2012-08-15,2012-08-15 23:50:00+00:00,13.2460968182,194098,5163,248.3717099718,241.4176617233,216.0698866972
2012-08-16,2012-08-16 23:50:00+00:00,13.4762833333,194253,5162,249.2287322751,241.4176617233,216.0698866972
2012-08-17,2012-08-17 23:50:00+00:00,11.6798506897,194390,5161,250.0763985931,248.2275661700,216.0698866972
2012-08-18,2012-08-18 23:50:00+00:00,11.4039112500,194541,5160,251.0695306038,248.2275661700,216.0698866972
2012-08-19,2012-08-19 23:50:00+00:00,7.9203362500,194722,5159,252.0964897798,248.2275661700,216.0698866972
2012-08-20,2012-08-20 23:50:00+00:00,10.0731542029,194897,5158,253.6123132463,248.2275661700,216.0698866972
2012-08-21,2012-08-21 23:50:00+00:00,9.9068211111,195070,5157,254.8068991097,248.2275661700,216.0698866972
2012-08-22,2012-08-22 23:50:00+00:00,9.7633950000,195225,5156,256.0344516834,248.2275661700,216.0698866972
2012-08-23,2012-08-23 23:50:00+00:00,10.0999925000,195391,5155,257.2934133675,248.2275661700,216.0698866972
2012-08-24,2012-08-24 23:50:00+00:00,10.6137777778,195539,5154,258.5210429395,255.2415598349,216.0698866972
2012-08-25,2012-08-25 23:50:00+00:00,10.5558366667,195677,5153,259.6981827075,255.2415598349,216.0698866972
2012-08-26,2012-08-26 23:50:00+00:00,10.5560000000,195857,5152,260.8933868905,255.2415598349,216.0698866972
2012-08-27,2012-08-27 23:50:00+00:00,10.9287283333,196002,5151,262.1000942469,255.2415598349,216.0698866972
2012-08-28,2012-08-28 23:50:00+00:00,10.8680433333,196153,5150,263.2749996167,255.2415598349,216.0698866972
2012-08-29,2012-08-29 23:50:00+00:00,10.8663033333,196320,5149,264.4678885638,255.2415598349,216.0698866972
2012-08-30,2012-08-30 23:50:00+00:00,10.7722740000,196475,5148,265.6723083757,255.2415598349,216.0698866972
2012-08-31,2012-08-31 23:50:00+00:00,10.1217600000,196614,5147,266.8993402221,263.4929470491,216.0698866972
2012-09-01,2012-09-01 23:50:00+00:00,9.9769600000,196776,5146,268.2216252312,263.4929470491,247.7430923677
2012-09-02,2012-09-02 23:50:00+00:00,10.2064600000,196939,5145,269.5778508858,263.4929470491,247.7430923677
2012-09-03,2012-09-03 23:50:00+00:00,10.5286666667,197097,5144,270.9162357168,263.4929470491,247.7430923677
2012-09-04,2012-09-04 23:50:00+00:00,10.3661300000,197249,5143,272.2252935121,263.4929470491,247.7430923677
2012-09-05,2012-09-05 23:50:00+00:00,10.9765211111,197430,5142,273.5692534972,263.4929470491,247.7430923677
2012-09-06,2012-09-06 23:50:00+00:00,11.1849700000,197600,5141,274.8482322489,263.4929470491,247.7430923677
2012-09-07,2012-09-07 23:50:00+00:00,11.0033233333,197768,5140,276.1145449513,272.7832870874,247.7430923677
2012-09-08,2012-09-08 23:50:00+00:00,11.0389950000,197914,5139,277.4151811649,272.7832870874,247.7430923677
2012-09-09,2012-09-09 23:50:00+00:00,11.0733266667,198072,5138,278.7242016418,272.7832870874,247.7430923677
2012-09-10,2012-09-10 23:50:00+00:00,11.1270333333,198221,5137,280.0418634206,272.7832870874,247.7430923677
2012-09-11,2012-09-11 23:50:00+00:00,11.2258135000,198367,5136,281.3658443374,272.7832870874,247.7430923677
2012-09-12,2012-09-12 23:50:00+00:00,11.3389225000,198521,5135,282.6906191775,272.7832870874,247.7430923677
2012-09-13,2012-09-13 23:50:00+00:00,11.3730033333,198653,5134,284.0144893176,272.7832870874,247.7430923677
2012-09-14,2012-09-14 23:50:00+00:00,11.7316000000,198814,5133,285.3471483469,281.9211388721,247.7430923677
2012-09-15,2012-09-15 23:50:00+00:00,11.6826250000,198958,5132,286.6498609466,281.9211388721,247.7430923677
2012-09-16,2012-09-16 23:50:00+00:00,11.8630905556,199120,5131,287.9708127404,281.9211388721,247.7430923677
2012-09-17,2012-09-17 23:50:00+00:00,11.8970816667,199288,5130,289.2832745266,281.9211388721,247.7430923677
2012-09-18,2012-09-18 23:50:00+00:00,12.2947333333,199454,5129,290.6043077675,281.9211388721,247.7430923677
2012-09-19,2012-09-19 23:50:00+00:00,12.5219900000,199594,5128,291.8928077329,281.9211388721,247.7430923677
2012-09-20,2012-09-20 23:50:00+00:00,12.3371242857,199746,5127,293.1685464697,281.9211388721,247.7430923677
2012-09-21,2012-09-21 23:50:00+00:00,12.3444728571,199916,5126,294.4762322624,291.0664711464,247.7430923677
2012-09-22,2012-09-22 23:50:00+00:00,12.2159000000,200074,5125,295.7953296826,291.0664711464,247.7430923677
2012-09-23,2012-09-23 23:50:00+00:00,12.0983275000,200232,5124,297.1415106986,291.0664711464,247.7430923677
2012-09-24,2012-09-24 23:50:00+00:00,12.0919800000,200384,5123,298.5143705670,291.0664711464,247.7430923677
2012-09-25,2012-09-25 23:50:00+00:00,12.1344180000,200524,5122,299.9012806038,291.0664711464,247.7430923677
2012-09-26,2012-09-26 23:50:00+00:00,12.3328585714,200662,5121,301.2965601515,291.0664711464,247.7430923677
2012-09-27,2012-09-27 23:50:00+00:00,12.3175983333,200824,5120,302.6817067951,291.0664711464,247.7430923677
2012-09-28,2012-09-28 23:50:00+00:00,12.2800000000,200983,5119,304.0820113272,300.3302173268,247.7430923677
2012-09-29,2012-09-29 23:50:00+00:00,12.3630950000,201149,5118,305.5004202174,300.3302173268,247.7430923677
2012-09-30,2012-09-30 23:50:00+00:00,12.3747500000,201310,5117,306.9226094269,300.3302173268,247.7430923677
2012-10-01,2012-10-01 23:50:00+00:00,12.0478206540,201441,5116,308.3572498544,300.3302173268,288.4137308335
2012-10-02,2012-10-02 23:50:00+00:00,12.6937816667,201587,5115,309.8470868595,300.3302173268,288.4137308335
2012-10-03,2012-10-03 23:50:00+00:00,12.9395000000,201720,5114,311.2719356686,300.3302173268,288.4137308335
2012-10-04,2012-10-04 23:50:00+00:00,12.7666666667,201849,5113,312.6819058776,300.3302173268,288.4137308335
2012-10-05,2012-10-05 23:50:00+00:00,12.7000000000,201986,5112,314.1254607862,310.2869293210,288.4137308335
2012-10-06,2012-10-06 23:50:00+00:00,12.5050000000,202140,5111,315.5909915164,310.2869293210,288.4137308335
2012-10-07,2012-10-07 23:50:00+00:00,11.8154750000,202265,5110,317.0950013078,310.2869293210,288.4137308335
2012-10-08,2012-10-08 23:50:00+00:00,11.7542783333,202445,5109,318.7067668824,310.2869293210,288.4137308335
2012-10-09,2012-10-09 23:50:00+00:00,11.8838871429,202583,5108,320.3444940889,310.2869293210,288.4137308335
2012-10-10,2012-10-10 23:50:00+00:00,12.0941666667,202736,5107,321.9809545463,310.2869293210,288.4137308335
2012-10-11,2012-10-11 23:50:00+00:00,12.0300000000,202874,5106,323.6048622386,310.2869293210,288.4137308335
2012-10-12,2012-10-12 23:50:00+00:00,11.9239166667,203020,5105,325.2550183949,320.5770311784,288.4137308335
2012-10-13,2012-10-13 23:50:00+00:00,11.8654728571,203169,5104,326.9382334990,320.5770311784,288.4137308335
2012-10-14,2012-10-14 23:50:00+00:00,11.7286992308,203298,5103,328.6483737435,320.5770311784,288.4137308335
2012-10-15,2012-10-15 23:50:00+00:00,11.8014677778,203465,5102,330.3982066479,320.5770311784,288.4137308335
2012-10-16,2012-10-16 23:50:00+00:00,11.8149014286,203622,5101,332.1560987241,320.5770311784,288.4137308335
2012-10-17,2012-10-17 23:50:00+00:00,11.9237783333,203763,5100,333.9313905837,320.5770311784,288.4137308335
2012-10-18,2012-10-18 23:50:00+00:00,11.9167977778,203920,5099,335.7093863273,320.5770311784,288.4137308335
2012-10-19,2012-10-19 23:50:00+00:00,11.7654866292,204057,5098,337.5082235348,332.3790934587,288.4137308335
2012-10-20,2012-10-20 23:50:00+00:00,11.7043678947,204214,5097,339.3515405753,332.3790934587,288.4137308335
2012-10-21,2012-10-21 23:50:00+00:00,11.6605450000,204372,5096,341.2259787884,332.3790934587,288.4137308335
2012-10-22,2012-10-22 23:50:00+00:00,11.7323316667,204530,5095,343.1294072421,332.3790934587,288.4137308335
2012-10-23,2012-10-23 23:50:00+00:00,11.7110025000,204660,5094,345.0426858911,332.3790934587,288.4137308335
2012-10-24,2012-10-24 23:50:00+00:00,11.6499900000,204824,5093,346.9818546678,332.3790934587,288.4137308335
2012-10-25,2012-10-25 23:50:00+00:00,10.7544290000,204966,5092,348.9544117042,332.3790934587,288.4137308335
2012-10-26,2012-10-26 23:50:00+00:00,10.1775318182,205132,5091,351.1233280989,345.3044598738,288.4137308335
2012-10-27,2012-10-27 23:50:00+00:00,10.3218278571,205306,5090,353.4495574506,345.3044598738,288.4137308335
2012-10-28,2012-10-28 23:50:00+00:00,10.6809900000,205473,5089,355.7735805940,345.3044598738,288.4137308335
2012-10-29,2012-10-29 23:50:00+00:00,10.5933300000,205631,5088,358.0471975661,345.3044598738,288.4137308335
2012-10-30,2012-10-30 23:50:00+00:00,10.8462250000,205775,5087,360.3707498244,345.3044598738,288.4137308335
2012-10-31,2012-10-31 23:50:00+00:00,11.0388457143,205917,5086,362.6686582325,345.3044598738,288.4137308335
2012-11-01,2012-11-01 23:50:00+00:00,10.5889446991,206054,5085,364.9548370290,345.3044598738,334.0217782821
2012-11-02,2012-11-02 23:50:00+00:00,10.4156613043,206198,5084,367.3730860960,361.6863719676,334.0217782821
2012-11-03,2012-11-03 23:50:00+00:00,10.6425000000,206343,5083,369.8668473128,361.6863719676,334.0217782821
2012-11-04,2012-11-04 23:50:00+00:00,10.8233366667,206501,5082,372.3398636201,361.6863719676,334.0217782821
2012-11-05,2012-11-05 23:50:00+00:00,10.7051528571,206659,5081,374.8037559633,361.6863719676,334.0217782821
2012-11-06,2012-11-06 23:50:00+00:00,10.8317990000,206795,5080,377.3300495535,361.6863719676,334.0217782821
2012-11-07,2012-11-07 23:50:00+00:00,10.8755233333,206949,5079,379.8606137916,361.6863719676,334.0217782821
2012-11-08,2012-11-08 23:50:00+00:00,10.8557677778,207106,5078,382.4156769781,361.6863719676,334.0217782821
2012-11-09,2012-11-09 23:50:00+00:00,10.8152631579,207258,5077,385.0112578729,379.3064870159,334.0217782821
2012-11-10,2012-11-10 23:50:00+00:00,10.8750840000,207402,5076,387.6535706118,379.3064870159,334.0217782821
2012-11-11,2012-11-11 23:50:00+00:00,10.5339400000,207549,5075,390.3181964139,379.3064870159,334.0217782821
2012-11-12,2012-11-12 23:50:00+00:00,10.9172000000,207681,5074,393.1114563664,379.3064870159,334.0217782821
2012-11-13,2012-11-13 23:50:00+00:00,10.8816705882,207820,5073,395.8431447479,379.3064870159,334.0217782821
2012-11-14,2012-11-14 23:50:00+00:00,10.9493400000,207964,5072,398.6235326021,379.3064870159,334.0217782821
2012-11-15,2012-11-15 23:50:00+00:00,11.1207503846,208098,5071,401.4263266732,379.3064870159,334.0217782821
2012-11-16,2012-11-16 23:50:00+00:00,11.7446320000,208243,5070,404.2245695783,398.0110326033,334.0217782821
2012-11-17,2012-11-17 23:50:00+00:00,11.7888370000,208386,5069,406.9071396019,398.0110326033,334.0217782821
2012-11-18,2012-11-18 23:50:00+00:00,11.6066918182,208531,5068,409.6160619515,398.0110326033,334.0217782821
2012-11-19,2012-11-19 23:50:00+00:00,11.7606200000,208679,5067,412.4070632199,398.0110326033,334.0217782821
2012-11-20,2012-11-20 23:50:00+00:00,11.6650800000,208824,5066,415.1991074882,398.0110326033,334.0217782821
2012-11-21,2012-11-21 23:50:00+00:00,11.6979826667,208977,5065,418.0543681129,398.0110326033,334.0217782821
2012-11-22,2012-11-22 23:50:00+00:00,12.3254392308,209120,5064,420.9418851795,398.0110326033,334.0217782821
2012-11-23,2012-11-23 23:50:00+00:00,12.3362315385,209284,5063,423.7163597099,416.9516736913,334.0217782821
2012-11-24,2012-11-24 23:50:00+00:00,12.3707650000,209432,5062,426.5262178077,416.9516736913,334.0217782821
2012-11-25,2012-11-25 23:50:00+00:00,12.5053900000,209581,5061,429.3664812729,416.9516736913,334.0217782821
2012-11-26,2012-11-26 23:50:00+00:00,12.2215850000,209738,5060,432.2138405784,416.9516736913,334.0217782821
2012-11-27,2012-11-27 23:50:00+00:00,12.1873000000,209886,5059,435.1698640814,416.9516736913,334.0217782821
2012-11-28,2012-11-28 23:50:00+00:00,12.2960158333,210058,5058,438.1765305282,416.9516736913,334.0217782821
2012-11-29,2012-11-29 23:50:00+00:00,12.4500000000,210222,5057,441.1983203449,416.9516736913,334.0217782821
2012-11-30,2012-11-30 23:50:00+00:00,12.5549800000,210349,5056,444.2240356930,436.7655773703,334.0217782821
2012-12-01,2012-12-01 23:50:00+00:00,12.5789302977,210516,5055,447.2661798660,436.7655773703,408.7896135994
2012-12-02,2012-12-02 23:50:00+00:00,12.4360175000,210658,5054,450.3454210351,436.7655773703,408.7896135994
2012-12-03,2012-12-03 23:50:00+00:00,12.6543108444,210805,5053,453.5057804462,436.7655773703,408.7896135994
2012-12-04,2012-12-04 23:50:00+00:00,13.4100000000,210916,5052,456.6548227959,436.7655773703,408.7896135994
2012-12-05,2012-12-05 23:50:00+00:00,13.2013366667,211038,5051,459.6628163337,436.7655773703,408.7896135994
2012-12-06,2012-12-06 23:50:00+00:00,13.3575600068,211174,5050,462.7618928433,436.7655773703,408.7896135994
2012-12-07,2012-12-07 23:50:00+00:00,13.4558644444,211305,5049,465.8662091157,458.2088860837,408.7896135994
2012-12-08,2012-12-08 23:50:00+00:00,13.5414715000,211442,5048,468.9898784009,458.2088860837,408.7896135994
2012-12-09,2012-12-09 23:50:00+00:00,13.3482457143,211570,5047,472.1362307132,458.2088860837,408.7896135994
2012-12-10,2012-12-10 23:50:00+00:00,13.4611038462,211712,5046,475.3742261212,458.2088860837,408.7896135994
2012-12-11,2012-12-11 23:50:00+00:00,13.6053175862,211857,5045,478.6297293131,458.2088860837,408.7896135994
2012-12-12,2012-12-12 23:50:00+00:00,13.6469082143,211987,5044,481.8951909240,458.2088860837,408.7896135994
2012-12-13,2012-12-13 23:50:00+00:00,13.7285110526,212115,5043,485.1963808204,458.2088860837,408.7896135994
2012-12-14,2012-12-14 23:50:00+00:00,13.6045425000,212223,5042,488.5238311128,480.2237324050,408.7896135994
2012-12-15,2012-12-15 23:50:00+00:00,13.5105390476,212339,5041,491.9304446708,480.2237324050,408.7896135994
2012-12-16,2012-12-16 23:50:00+00:00,13.3955285714,212451,5040,495.4111866947,480.2237324050,408.7896135994
2012-12-17,2012-12-17 23:50:00+00:00,13.2333500000,212583,5039,498.9743452643,480.2237324050,408.7896135994
2012-12-18,2012-12-18 23:50:00+00:00,13.2503658915,212709,5038,502.6364501244,480.2237324050,408.7896135994
2012-12-19,2012-12-19 23:50:00+00:00,13.5303133333,212850,5037,506.3492536548,480.2237324050,408.7896135994
2012-12-20,2012-12-20 23:50:00+00:00,13.5552350000,212958,5036,510.0381502120,480.2237324050,408.7896135994
2012-12-21,2012-12-21 23:50:00+00:00,13.3239960000,213084,5035,513.7755643773,504.2445258870,408.7896135994
2012-12-22,2012-12-22 23:50:00+00:00,13.4024733333,213236,5034,517.6378140435,504.2445258870,408.7896135994
2012-12-23,2012-12-23 23:50:00+00:00,13.3359320000,213358,5033,521.5363901395,504.2445258870,408.7896135994
2012-12-24,2012-12-24 23:50:00+00:00,13.1285000000,213491,5032,525.5161522822,504.2445258870,408.7896135994
2012-12-25,2012-12-25 23:50:00+00:00,13.3727700000,213615,5031,529.6247870031,504.2445258870,408.7896135994
2012-12-26,2012-12-26 23:50:00+00:00,13.4568750000,213769,5030,533.7210395504,504.2445258870,408.7896135994
2012-12-27,2012-12-27 23:50:00+00:00,13.3429245455,213925,5029,537.8559301201,504.2445258870,408.7896135994
2012-12-28,2012-12-28 23:50:00+00:00,13.4203285714,214091,5028,542.0941617880,531.4799865675,408.7896135994
2012-12-29,2012-12-29 23:50:00+00:00,13.3439900000,214235,5027,546.3757728640,531.4799865675,408.7896135994
2012-12-30,2012-12-30 23:50:00+00:00,13.4571300000,214403,5026,550.7530274492,531.4799865675,408.7896135994
2012-12-31,2012-12-31 23:50:00+00:00,13.5120050000,214561,5025,555.1641223619,531.4799865675,408.7896135994
2013-01-01,2013-01-01 23:50:00+00:00,13.2200000000,214723,5024,559.6294318386,531.4799865675,504.5208047364
2013-01-02,2013-01-02 23:50:00+00:00,13.0340000000,214875,5023,564.2725795557,531.4799865675,504.5208047364
2013-01-03,2013-01-03 23:50:00+00:00,13.1900000000,215039,5022,569.0649125643,531.4799865675,504.5208047364
2013-01-04,2013-01-04 23:50:00+00:00,13.1740000000,215192,5021,573.8817777583,561.6780897297,504.5208047364
2013-01-05,2013-01-05 23:50:00+00:00,13.1500000000,215331,5020,578.7889971025,561.6780897297,504.5208047364
2013-01-06,2013-01-06 23:50:00+00:00,13.1500000000,215478,5019,583.7922763175,561.6780897297,504.5208047364
2013-01-07,2013-01-07 23:50:00+00:00,13.2000000000,215644,5018,588.8848570239,561.6780897297,504.5208047364
2013-01-08,2013-01-08 23:50:00+00:00,13.5000000000,215778,5017,594.0488894651,561.6780897297,504.5208047364
2013-01-09,2013-01-09 23:50:00+00:00,13.5800000000,215906,5016,599.1858836665,561.6780897297,504.5208047364
2013-01-10,2013-01-10 23:50:00+00:00,14.0000000000,216055,5015,604.3828132226,561.6780897297,504.5208047364
2013-01-11,2013-01-11 23:50:00+00:00,14.0000000000,216171,5014,609.5090837731,596.3048107872,504.5208047364
2013-01-12,2013-01-12 23:50:00+00:00,13.8900000000,216295,5013,614.7251564799,596.3048107872,504.5208047364
2013-01-13,2013-01-13 23:50:00+00:00,13.6400000000,216428,5012,620.0768041548,596.3048107872,504.5208047364
2013-01-14,2013-01-14 23:50:00+00:00,14.0460000000,216584,5011,625.6276957180,596.3048107872,504.5208047364
2013-01-15,2013-01-15 23:50:00+00:00,14.2140000000,216704,5010,631.1126240359,596.3048107872,504.5208047364
2013-01-16,2013-01-16 23:50:00+00:00,14.5300000000,216837,5009,636.6287311804,596.3048107872,504.5208047364
2013-01-17,2013-01-17 23:50:00+00:00,15.3400000000,216948,5008,642.1183789735,596.3048107872,504.5208047364
2013-01-18,2013-01-18 23:50:00+00:00,15.5660000000,217069,5007,647.4014288329,633.0811685342,504.5208047364
2013-01-19,2013-01-19 23:50:00+00:00,15.3800000000,217223,5006,652.6937422031,633.0811685342,504.5208047364
2013-01-20,2013-01-20 23:50:00+00:00,15.5000000000,217352,5005,658.1426935499,633.0811685342,504.5208047364
2013-01-21,2013-01-21 23:50:00+00:00,16.5880000000,217482,5004,663.6413171492,633.0811685342,504.5208047364
2013-01-22,2013-01-22 23:50:00+00:00,17.3500000000,217627,5003,668.8562452478,633.0811685342,504.5208047364
2013-01-23,2013-01-23 23:50:00+00:00,17.5000000000,217755,5002,673.9154332560,633.0811685342,504.5208047364
2013-01-24,2013-01-24 23:50:00+00:00,17.2900000000,217910,5001,679.0082604214,633.0811685342,504.5208047364
2013-01-25,2013-01-25 23:50:00+00:00,17.4900000000,218046,5000,684.2457142530,670.2701642226,504.5208047364
2013-01-26,2013-01-26 23:50:00+00:00,17.4114057720,218204,4999,689.5038341608,670.2701642226,504.5208047364
2013-01-27,2013-01-27 23:50:00+00:00,17.6000000000,218355,4998,694.8704780118,670.2701642226,504.5208047364
2013-01-28,2013-01-28 23:50:00+00:00,18.6700000000,218499,4997,700.2631174166,670.2701642226,504.5208047364
2013-01-29,2013-01-29 23:50:00+00:00,19.3500000000,218658,4996,705.4178350987,670.2701642226,504.5208047364
2013-01-30,2013-01-30 23:50:00+00:00,19.4500000000,218812,4995,710.4608558069,670.2701642226,504.5208047364
2013-01-31,2013-01-31 23:50:00+00:00,20.4600000000,219004,4994,715.5513214973,670.2701642226,504.5208047364
2013-02-01,2013-02-01 23:50:00+00:00,20.3631425210,219150,4993,720.4534034568,707.2398402997,651.1903878155
2013-02-02,2013-02-02 23:50:00+00:00,19.8212097830,219305,4992,725.4496276813,707.2398402997,651.1903878155
2013-02-03,2013-02-03 23:50:00+00:00,20.2960000000,219490,4991,730.6612678305,707.2398402997,651.1903878155
2013-02-04,2013-02-04 23:50:00+00:00,20.3000000000,219655,4990,735.8223849560,707.2398402997,651.1903878155
2013-02-05,2013-02-05 23:50:00+00:00,20.5120000000,219822,4989,741.0579778585,707.2398402997,651.1903878155
2013-02-06,2013-02-06 23:50:00+00:00,20.9100000000,219968,4988,746.3138982059,707.2398402997,651.1903878155
2013-02-07,2013-02-07 23:50:00+00:00,21.7100000000,220123,4987,751.5419479377,707.2398402997,651.1903878155
2013-02-08,2013-02-08 23:50:00+00:00,22.4009706780,220274,4986,756.6434971062,742.3602150514,651.1903878155
2013-02-09,2013-02-09 23:50:00+00:00,23.1335655060,220415,4985,761.6514914689,742.3602150514,651.1903878155
2013-02-10,2013-02-10 23:50:00+00:00,23.6600000000,220577,4984,766.5615590544,742.3602150514,651.1903878155
2013-02-11,2013-02-11 23:50:00+00:00,23.9400000000,220735,4983,771.4224729567,742.3602150514,651.1903878155
2013-02-12,2013-02-12 23:50:00+00:00,25.4660000000,220876,4982,776.2876181269,742.3602150514,651.1903878155
2013-02-13,2013-02-13 23:50:00+00:00,25.0900000000,221046,4981,780.9099427724,742.3602150514,651.1903878155
2013-02-14,2013-02-14 23:50:00+00:00,27.4000000000,221196,4980,785.6624671059,742.3602150514,651.1903878155
2013-02-15,2013-02-15 23:50:00+00:00,27.0000000000,221376,4979,790.0536696065,777.4544716412,651.1903878155
2013-02-16,2013-02-16 23:50:00+00:00,27.5000000000,221565,4978,794.5645949365,777.4544716412,651.1903878155
2013-02-17,2013-02-17 23:50:00+00:00,26.9800000000,221754,4977,799.0427758281,777.4544716412,651.1903878155
2013-02-18,2013-02-18 23:50:00+00:00,26.9200000000,221914,4976,803.6645113331,777.4544716412,651.1903878155
2013-02-19,2013-02-19 23:50:00+00:00,29.3900000000,222072,4975,808.3527636826,777.4544716412,651.1903878155
2013-02-20,2013-02-20 23:50:00+00:00,30.0320000000,222266,4974,812.6832095886,777.4544716412,651.1903878155
2013-02-21,2013-02-21 23:50:00+00:00,30.0000000000,222442,4973,816.9644409706,777.4544716412,651.1903878155
2013-02-22,2013-02-22 23:50:00+00:00,30.4000000000,222612,4972,821.2975865597,809.0833846994,651.1903878155
2013-02-23,2013-02-23 23:50:00+00:00,29.5400000000,222776,4971,825.6185675421,809.0833846994,651.1903878155
2013-02-24,2013-02-24 23:50:00+00:00,29.7800000000,222932,4970,830.1197831489,809.0833846994,651.1903878155
2013-02-25,2013-02-25 23:50:00+00:00,30.4300000000,223137,4969,834.6339411601,809.0833846994,651.1903878155
2013-02-26,2013-02-26 23:50:00+00:00,31.1000000000,223301,4968,839.0976428064,809.0833846994,651.1903878155
2013-02-27,2013-02-27 23:50:00+00:00,31.3937700000,223492,4967,843.5097458786,809.0833846994,651.1903878155
2013-02-28,2013-02-28 23:50:00+00:00,33.4910149246,223663,4966,847.9267336266,809.0833846994,651.1903878155
2013-03-01,2013-03-01 23:50:00+00:00,34.5520000000,223815,4965,852.1002289642,839.3650574156,802.8440861838
2013-03-02,2013-03-02 23:50:00+00:00,34.1600000000,223961,4964,856.1813000196,839.3650574156,802.8440861838
2013-03-03,2013-03-03 23:50:00+00:00,34.3300000000,224121,4963,860.3528508122,839.3650574156,802.8440861838
2013-03-04,2013-03-04 23:50:00+00:00,36.5481587220,224298,4962,864.5451200085,839.3650574156,802.8440861838
2013-03-05,2013-03-05 23:50:00+00:00,40.9500000000,224439,4961,868.5112730976,839.3650574156,802.8440861838
2013-03-06,2013-03-06 23:50:00+00:00,42.4250868578,224593,4960,872.0644198417,839.3650574156,802.8440861838
2013-03-07,2013-03-07 23:50:00+00:00,41.6804369272,224754,4959,875.5169465106,839.3650574156,802.8440861838
2013-03-08,2013-03-08 23:50:00+00:00,43.7600000000,224915,4958,879.0639580031,867.8774723824,802.8440861838
2013-03-09,2013-03-09 23:50:00+00:00,46.0000000000,225082,4957,882.4621223610,867.8774723824,802.8440861838
2013-03-10,2013-03-10 23:50:00+00:00,45.2900000000,225265,4956,885.7118698363,867.8774723824,802.8440861838
2013-03-11,2013-03-11 23:50:00+00:00,48.2500000000,225431,4955,889.0413261048,867.8774723824,802.8440861838
2013-03-12,2013-03-12 23:50:00+00:00,44.8400000000,225564,4954,892.1795735115,867.8774723824,802.8440861838
2013-03-13,2013-03-13 23:50:00+00:00,46.9900000000,225720,4953,895.5965024491,867.8774723824,802.8440861838
2013-03-14,2013-03-14 23:50:00+00:00,46.9500000000,225902,4952,898.8745811316,867.8774723824,802.8440861838
2013-03-15,2013-03-15 23:50:00+00:00,47.0560000000,226072,4951,902.1810644355,891.5936961897,802.8440861838
2013-03-16,2013-03-16 23:50:00+00:00,46.7350955010,226247,4950,905.5053663408,891.5936961897,802.8440861838
2013-03-17,2013-03-17 23:50:00+00:00,47.0881651204,226457,4949,908.8799713461,891.5936961897,802.8440861838
2013-03-18,2013-03-18 23:50:00+00:00,50.4324924394,226646,4948,912.2542176581,891.5936961897,802.8440861838
2013-03-19,2013-03-19 23:50:00+00:00,59.4100000000,226817,4947,915.4163771664,891.5936961897,802.8440861838
2013-03-20,2013-03-20 23:50:00+00:00,64.4579715604,227028,4946,918.0909167284,891.5936961897,802.8440861838
2013-03-21,2013-03-21 23:50:00+00:00,72.2300000000,227247,4945,920.5562666861,891.5936961897,802.8440861838
2013-03-22,2013-03-22 23:50:00+00:00,69.9000000000,227475,4944,922.7483148792,914.8167169465,802.8440861838
2013-03-23,2013-03-23 23:50:00+00:00,63.9000000000,227691,4943,925.0316022760,914.8167169465,802.8440861838
2013-03-24,2013-03-24 23:50:00+00:00,70.3880000000,227881,4942,927.5609491040,914.8167169465,802.8440861838
2013-03-25,2013-03-25 23:50:00+00:00,75.1100000000,228025,4941,929.8527091220,914.8167169465,802.8440861838
2013-03-26,2013-03-26 23:50:00+00:00,79.8100000000,228175,4940,931.9996815049,914.8167169465,802.8440861838
2013-03-27,2013-03-27 23:50:00+00:00,89.3000000000,228307,4939,934.0189572344,914.8167169465,802.8440861838
2013-03-28,2013-03-28 23:50:00+00:00,88.9765319720,228490,4938,935.8116180633,914.8167169465,802.8440861838
2013-03-29,2013-03-29 23:50:00+00:00,90.0000000000,228662,4937,937.6191530495,930.7522322798,802.8440861838
2013-03-30,2013-03-30 23:50:00+00:00,92.2521875764,228838,4936,939.4115698495,930.7522322798,802.8440861838
2013-03-31,2013-03-31 23:50:00+00:00,96.1491459096,229006,4935,941.1628922002,930.7522322798,802.8440861838
2013-04-01,2013-04-01 23:50:00+00:00,104.7060000000,229205,4934,942.8423080993,930.7522322798,929.6653946373
2013-04-02,2013-04-02 23:50:00+00:00,115.8031815540,229385,4933,944.3747228529,930.7522322798,929.6653946373
2013-04-03,2013-04-03 23:50:00+00:00,132.5456779500,229560,4932,945.7467455913,930.7522322798,929.6653946373
2013-04-04,2013-04-04 23:50:00+00:00,134.9403249560,229714,4931,946.9249290385,930.7522322798,929.6653946373
2013-04-05,2013-04-05 23:50:00+00:00,141.7894163900,229872,4930,948.0821201259,943.2508973315,929.6653946373
2013-04-06,2013-04-06 23:50:00+00:00,141.0000000000,230036,4929,949.1771787873,943.2508973315,929.6653946373
2013-04-07,2013-04-07 23:50:00+00:00,164.9691250000,230198,4928,950.2824515819,943.2508973315,929.6653946373
2013-04-08,2013-04-08 23:50:00+00:00,185.2172370900,230355,4927,951.2014827764,943.2508973315,929.6653946373
2013-04-09,2013-04-09 23:50:00+00:00,229.4723525820,230531,4926,952.0007303196,943.2508973315,929.6653946373
2013-04-10,2013-04-10 23:50:00+00:00,160.0826217180,230722,4925,952.6097528081,943.2508973315,929.6653946373
2013-04-11,2013-04-11 23:50:00+00:00,81.2033201272,230880,4924,953.5684993313,943.2508973315,929.6653946373
2013-04-12,2013-04-12 23:50:00+00:00,108.3113968380,231055,4923,955.6539280466,950.8856411648,929.6653946373
2013-04-13,2013-04-13 23:50:00+00:00,92.8058935256,231222,4922,957.1752976035,950.8856411648,929.6653946373
2013-04-14,2013-04-14 23:50:00+00:00,91.1100000000,231375,4921,958.9903313030,950.8856411648,929.6653946373
2013-04-15,2013-04-15 23:50:00+00:00,74.0000000000,231536,4920,960.8506381289,950.8856411648,929.6653946373
2013-04-16,2013-04-16 23:50:00+00:00,67.9798189258,231715,4919,963.1973361840,950.8856411648,929.6653946373
2013-04-17,2013-04-17 23:50:00+00:00,89.8880000000,231886,4918,965.7834032395,950.8856411648,929.6653946373
2013-04-18,2013-04-18 23:50:00+00:00,109.0546346800,232034,4917,967.7011514189,950.8856411648,929.6653946373
2013-04-19,2013-04-19 23:50:00+00:00,117.8690035280,232169,4916,969.2535234139,961.5255901301,929.6653946373
2013-04-20,2013-04-20 23:50:00+00:00,126.3631636760,232322,4915,970.6800462142,961.5255901301,929.6653946373
2013-04-21,2013-04-21 23:50:00+00:00,117.6124517520,232500,4914,972.0016974122,961.5255901301,929.6653946373
2013-04-22,2013-04-22 23:50:00+00:00,123.9440000000,232654,4913,973.4410439234,961.5255901301,929.6653946373
2013-04-23,2013-04-23 23:50:00+00:00,137.0340000000,232822,4912,974.8012166692,961.5255901301,929.6653946373
2013-04-24,2013-04-24 23:50:00+00:00,149.4000000000,232983,4911,976.0162330511,961.5255901301,929.6653946373
2013-04-25,2013-04-25 23:50:00+00:00,141.8920000000,233155,4910,977.1173122243,961.5255901301,929.6653946373
2013-04-26,2013-04-26 23:50:00+00:00,137.3200000000,233326,4909,978.2903729236,971.4302738296,929.6653946373
2013-04-27,2013-04-27 23:50:00+00:00,128.7499862660,233474,4908,979.5126013345,971.4302738296,929.6653946373
2013-04-28,2013-04-28 23:50:00+00:00,135.2888556420,233651,4907,980.8334114902,971.4302738296,929.6653946373
2013-04-29,2013-04-29 23:50:00+00:00,143.2955765540,233825,4906,982.0845223594,971.4302738296,929.6653946373
2013-04-30,2013-04-30 23:50:00+00:00,139.5840000000,233972,4905,983.2579285078,971.4302738296,929.6653946373
2013-05-01,2013-05-01 23:50:00+00:00,116.7500000000,234123,4904,984.4712938465,971.4302738296,977.1907458153
2013-05-02,2013-05-02 23:50:00+00:00,106.4352085180,234258,4903,985.9658882870,971.4302738296,977.1907458153
2013-05-03,2013-05-03 23:50:00+00:00,97.9590735490,234395,4902,987.6307838236,979.9213527791,977.1907458153
2013-05-04,2013-05-04 23:50:00+00:00,112.8306588920,234555,4901,989.4643668003,979.9213527791,977.1907458153
2013-05-05,2013-05-05 23:50:00+00:00,116.8295597840,234720,4900,991.0357578903,979.9213527791,977.1907458153
2013-05-06,2013-05-06 23:50:00+00:00,112.5799000000,234885,4899,992.5517846814,979.9213527791,977.1907458153
2013-05-07,2013-05-07 23:50:00+00:00,110.9396161140,235054,4898,994.1382696059,979.9213527791,977.1907458153
2013-05-08,2013-05-08 23:50:00+00:00,113.5061941900,235219,4897,995.7570764690,979.9213527791,977.1907458153
2013-05-09,2013-05-09 23:50:00+00:00,111.6440000000,235380,4896,997.3404178030,979.9213527791,977.1907458153
2013-05-10,2013-05-10 23:50:00+00:00,117.8826578340,235552,4895,998.9594095914,992.6892870138,977.1907458153
2013-05-11,2013-05-11 23:50:00+00:00,115.3910000000,235737,4894,1000.4873677703,992.6892870138,977.1907458153
2013-05-12,2013-05-12 23:50:00+00:00,114.5000000000,235905,4893,1002.0582237235,992.6892870138,977.1907458153
2013-05-13,2013-05-13 23:50:00+00:00,115.9283158620,236075,4892,1003.6485512620,992.6892870138,977.1907458153
2013-05-14,2013-05-14 23:50:00+00:00,107.0620436020,236230,4891,1005.2223567996,992.6892870138,977.1907458153
2013-05-15,2013-05-15 23:50:00+00:00,108.5926339340,236373,4890,1006.9498538568,992.6892870138,977.1907458153
2013-05-16,2013-05-16 23:50:00+00:00,113.3203249160,236520,4889,1008.6566120561,992.6892870138,977.1907458153
2013-05-17,2013-05-17 23:50:00+00:00,117.4571630520,236682,4888,1010.2896379712,1003.3413489016,977.1907458153
2013-05-18,2013-05-18 23:50:00+00:00,118.4838000000,236829,4887,1011.8635123586,1003.3413489016,977.1907458153
2013-05-19,2013-05-19 23:50:00+00:00,116.3800000000,236987,4886,1013.4274387469,1003.3413489016,977.1907458153
2013-05-20,2013-05-20 23:50:00+00:00,117.5990418040,237116,4885,1015.0290272839,1003.3413489016,977.1907458153
2013-05-21,2013-05-21 23:50:00+00:00,117.3480000000,237267,4884,1016.6174961887,1003.3413489016,977.1907458153
2013-05-22,2013-05-22 23:50:00+00:00,119.0755218360,237423,4883,1018.2154607104,1003.3413489016,977.1907458153
2013-05-23,2013-05-23 23:50:00+00:00,123.8352774440,237597,4882,1019.7927775952,1003.3413489016,977.1907458153
2013-05-24,2013-05-24 23:50:00+00:00,128.6639179440,237766,4881,1021.3066538655,1014.3013098230,977.1907458153
2013-05-25,2013-05-25 23:50:00+00:00,128.8805726100,237931,4880,1022.7606896959,1014.3013098230,977.1907458153
2013-05-26,2013-05-26 23:50:00+00:00,130.0020807560,238092,4879,1024.2166610768,1014.3013098230,977.1907458153
2013-05-27,2013-05-27 23:50:00+00:00,126.2477154940,238271,4878,1025.6629475158,1014.3013098230,977.1907458153
2013-05-28,2013-05-28 23:50:00+00:00,125.8736908000,238428,4877,1027.1634043037,1014.3013098230,977.1907458153
2013-05-29,2013-05-29 23:50:00+00:00,130.2514872220,238595,4876,1028.6739835271,1014.3013098230,977.1907458153
2013-05-30,2013-05-30 23:50:00+00:00,126.9620000000,238776,4875,1030.1315084115,1014.3013098230,977.1907458153
2013-05-31,2013-05-31 23:50:00+00:00,127.8813895120,238950,4874,1031.6372033226,1024.4181210492,977.1907458153
2013-06-01,2013-06-01 23:50:00+00:00,128.7375331080,239159,4873,1033.1355235442,1024.4181210492,1024.0685467173
2013-06-02,2013-06-02 23:50:00+00:00,122.3461775700,239361,4872,1034.6273939512,1024.4181210492,1024.0685467173
2013-06-03,2013-06-03 23:50:00+00:00,123.1525392200,239575,4871,1036.2136361571,1024.4181210492,1024.0685467173
2013-06-04,2013-06-04 23:50:00+00:00,120.3217278960,239788,4870,1037.7935684721,1024.4181210492,1024.0685467173
2013-06-05,2013-06-05 23:50:00+00:00,121.1903953500,239972,4869,1039.4213666164,1024.4181210492,1024.0685467173
2013-06-06,2013-06-06 23:50:00+00:00,118.8114569040,240152,4868,1041.0416884589,1024.4181210492,1024.0685467173
2013-06-07,2013-06-07 23:50:00+00:00,110.3100207440,240312,4867,1042.7046453665,1034.8419075894,1024.0685467173
2013-06-08,2013-06-08 23:50:00+00:00,109.1205570160,240493,4866,1044.5190286940,1034.8419075894,1024.0685467173
2013-06-09,2013-06-09 23:50:00+00:00,99.6530898088,240655,4865,1046.3627254756,1034.8419075894,1024.0685467173
2013-06-10,2013-06-10 23:50:00+00:00,104.3145502660,240826,4864,1048.4104134902,1034.8419075894,1024.0685467173
2013-06-11,2013-06-11 23:50:00+00:00,107.3620000000,241007,4863,1050.3652357441,1034.8419075894,1024.0685467173
2013-06-12,2013-06-12 23:50:00+00:00,106.0121611020,241211,4862,1052.2661969524,1034.8419075894,1024.0685467173
2013-06-13,2013-06-13 23:50:00+00:00,102.0759270280,241396,4861,1054.2019513369,1034.8419075894,1024.0685467173
2013-06-14,2013-06-14 23:50:00+00:00,99.2239187486,241577,4860,1056.2291344345,1047.4737079838,1024.0685467173
2013-06-15,2013-06-15 23:50:00+00:00,99.7010813230,241750,4859,1058.3298733741,1047.4737079838,1024.0685467173
2013-06-16,2013-06-16 23:50:00+00:00,98.9963649952,241933,4858,1060.4286903049,1047.4737079838,1024.0685467173
2013-06-17,2013-06-17 23:50:00+00:00,100.0000000000,242079,4857,1062.5533143808,1047.4737079838,1024.0685467173
2013-06-18,2013-06-18 23:50:00+00:00,104.2125055600,242217,4856,1064.6636841458,1047.4737079838,1024.0685467173
2013-06-19,2013-06-19 23:50:00+00:00,105.2384867000,242356,4855,1066.6885854946,1047.4737079838,1024.0685467173
2013-06-20,2013-06-20 23:50:00+00:00,102.9958864840,242510,4854,1068.7000306887,1047.4737079838,1024.0685467173
2013-06-21,2013-06-21 23:50:00+00:00,101.5785504120,242678,4853,1070.7687883880,1062.0992514231,1024.0685467173
2013-06-22,2013-06-22 23:50:00+00:00,100.0000000000,242855,4852,1072.8785665724,1062.0992514231,1024.0685467173
2013-06-23,2013-06-23 23:50:00+00:00,100.4100000000,243019,4851,1075.0345717118,1062.0992514231,1024.0685467173
2013-06-24,2013-06-24 23:50:00+00:00,99.1983071558,243169,4850,1077.1903848727,1062.0992514231,1024.0685467173
2013-06-25,2013-06-25 23:50:00+00:00,97.8348793632,243325,4849,1079.3849843122,1062.0992514231,1024.0685467173
2013-06-26,2013-06-26 23:50:00+00:00,98.5186222374,243500,4848,1081.6233560076,1062.0992514231,1024.0685467173
2013-06-27,2013-06-27 23:50:00+00:00,96.8398302298,243666,4847,1083.8547668032,1062.0992514231,1024.0685467173
2013-06-28,2013-06-28 23:50:00+00:00,89.8270149586,243836,4846,1086.1391647955,1076.7920088141,1024.0685467173
2013-06-29,2013-06-29 23:50:00+00:00,88.9800000000,244005,4845,1088.6313223960,1076.7920088141,1024.0685467173
2013-06-30,2013-06-30 23:50:00+00:00,89.4830370372,244158,4844,1091.1620258183,1076.7920088141,1024.0685467173
2013-07-01,2013-07-01 23:50:00+00:00,83.8663799370,244315,4843,1093.6899707500,1076.7920088141,1070.6043781855
2013-07-02,2013-07-02 23:50:00+00:00,87.9202756588,244469,4842,1096.4164888684,1076.7920088141,1070.6043781855
2013-07-03,2013-07-03 23:50:00+00:00,77.8700280454,244651,4841,1099.0205787653,1076.7920088141,1070.6043781855
2013-07-04,2013-07-04 23:50:00+00:00,79.2388480802,244817,4840,1102.0063613780,1076.7920088141,1070.6043781855
2013-07-05,2013-07-05 23:50:00+00:00,67.0842065048,245003,4839,1104.9536809107,1094.1648742364,1070.6043781855
2013-07-06,2013-07-06 23:50:00+00:00,66.1934263416,245190,4838,1108.4984805246,1094.1648742364,1070.6043781855
2013-07-07,2013-07-07 23:50:00+00:00,73.7175890654,245377,4837,1112.1188684149,1094.1648742364,1070.6043781855
2013-07-08,2013-07-08 23:50:00+00:00,74.1486956236,245567,4836,1115.3676899768,1094.1648742364,1070.6043781855
2013-07-09,2013-07-09 23:50:00+00:00,75.0001833866,245753,4835,1118.6164924431,1094.1648742364,1070.6043781855
2013-07-10,2013-07-10 23:50:00+00:00,86.0265657156,245949,4834,1121.8457675128,1094.1648742364,1070.6043781855
2013-07-11,2013-07-11 23:50:00+00:00,87.6346673952,246122,4833,1124.6476573742,1094.1648742364,1070.6043781855
2013-07-12,2013-07-12 23:50:00+00:00,90.1719915296,246277,4832,1127.4086337115,1118.9573416068,1070.6043781855
2013-07-13,2013-07-13 23:50:00+00:00,91.6386140104,246433,4831,1130.0994609749,1118.9573416068,1070.6043781855
2013-07-14,2013-07-14 23:50:00+00:00,90.0420000000,246604,4830,1132.7571324160,1118.9573416068,1070.6043781855
2013-07-15,2013-07-15 23:50:00+00:00,93.7718702122,246767,4829,1135.4801024766,1118.9573416068,1070.6043781855
2013-07-16,2013-07-16 23:50:00+00:00,91.5859280438,246933,4828,1138.0988053486,1118.9573416068,1070.6043781855
2013-07-17,2013-07-17 23:50:00+00:00,91.0722695660,247118,4827,1140.7993277485,1118.9573416068,1070.6043781855
2013-07-18,2013-07-18 23:50:00+00:00,85.1628421328,247277,4826,1143.5305099342,1118.9573416068,1070.6043781855
2013-07-19,2013-07-19 23:50:00+00:00,86.4897668956,247450,4825,1146.4834653870,1137.7703668122,1070.6043781855
2013-07-20,2013-07-20 23:50:00+00:00,84.9360844130,247635,4824,1149.4036063273,1137.7703668122,1070.6043781855
2013-07-21,2013-07-21 23:50:00+00:00,85.8535458746,247833,4823,1152.3981141793,1137.7703668122,1070.6043781855
2013-07-22,2013-07-22 23:50:00+00:00,85.6013564132,247999,4822,1155.3746863259,1137.7703668122,1070.6043781855
2013-07-23,2013-07-23 23:50:00+00:00,86.8868121148,248140,4821,1158.3774703096,1137.7703668122,1070.6043781855
2013-07-24,2013-07-24 23:50:00+00:00,88.3315118620,248297,4820,1161.3487953391,1137.7703668122,1070.6043781855
2013-07-25,2013-07-25 23:50:00+00:00,90.1203062252,248444,4819,1164.2836928639,1137.7703668122,1070.6043781855
2013-07-26,2013-07-26 23:50:00+00:00,89.9867595098,248611,4818,1167.1711492602,1158.2027628658,1070.6043781855
2013-07-27,2013-07-27 23:50:00+00:00,88.1600000000,248789,4817,1170.0788514380,1158.2027628658,1070.6043781855
2013-07-28,2013-07-28 23:50:00+00:00,92.5140000000,248959,4816,1173.0680849857,1158.2027628658,1070.6043781855
2013-07-29,2013-07-29 23:50:00+00:00,93.3900000000,249136,4815,1175.9205527177,1158.2027628658,1070.6043781855
2013-07-30,2013-07-30 23:50:00+00:00,96.7757675278,249334,4814,1178.7588551504,1158.2027628658,1070.6043781855
2013-07-31,2013-07-31 23:50:00+00:00,98.2320000000,249524,4813,1181.5034166587,1158.2027628658,1070.6043781855
2013-08-01,2013-08-01 23:50:00+00:00,96.5785610740,249700,4812,1184.2172931420,1158.2027628658,1156.1570682550
2013-08-02,2013-08-02 23:50:00+00:00,95.8301376346,249893,4811,1186.9958403153,1178.5373509784,1156.1570682550
2013-08-03,2013-08-03 23:50:00+00:00,95.5500000000,250063,4810,1189.8124198319,1178.5373509784,1156.1570682550
2013-08-04,2013-08-04 23:50:00+00:00,96.3800000000,250242,4809,1192.6526267773,1178.5373509784,1156.1570682550
2013-08-05,2013-08-05 23:50:00+00:00,97.8009667200,250429,4808,1195.4808247312,1178.5373509784,1156.1570682550
2013-08-06,2013-08-06 23:50:00+00:00,97.6880000000,250619,4807,1198.2786219666,1178.5373509784,1156.1570682550
2013-08-07,2013-08-07 23:50:00+00:00,97.0628843610,250806,4806,1201.0942670945,1178.5373509784,1156.1570682550
2013-08-08,2013-08-08 23:50:00+00:00,94.2685705668,251009,4805,1203.9442431301,1178.5373509784,1156.1570682550
2013-08-09,2013-08-09 23:50:00+00:00,92.2924062460,251206,4804,1206.9015609049,1198.2432924153,1156.1570682550
2013-08-10,2013-08-10 23:50:00+00:00,93.5100000000,251416,4803,1209.9439117011,1198.2432924153,1156.1570682550
2013-08-11,2013-08-11 23:50:00+00:00,94.1440000000,251631,4802,1212.9596883538,1198.2432924153,1156.1570682550
2013-08-12,2013-08-12 23:50:00+00:00,95.3870275228,251849,4801,1215.9696219893,1198.2432924153,1156.1570682550
2013-08-13,2013-08-13 23:50:00+00:00,97.8292939478,252030,4800,1218.9529448814,1198.2432924153,1156.1570682550
2013-08-14,2013-08-14 23:50:00+00:00,99.1806789844,252199,4799,1221.8707690724,1198.2432924153,1156.1570682550
2013-08-15,2013-08-15 23:50:00+00:00,98.1072987918,252369,4798,1224.7602754689,1198.2432924153,1156.1570682550
2013-08-16,2013-08-16 23:50:00+00:00,98.2500000000,252536,4797,1227.6993537867,1219.5464561191,1156.1570682550
2013-08-17,2013-08-17 23:50:00+00:00,99.7648631980,252728,4796,1230.6491314135,1219.5464561191,1156.1570682550
2013-08-18,2013-08-18 23:50:00+00:00,99.3000000000,252920,4795,1233.5653098041,1219.5464561191,1156.1570682550
2013-08-19,2013-08-19 23:50:00+00:00,102.8500000000,253099,4794,1236.5115323109,1219.5464561191,1156.1570682550
2013-08-20,2013-08-20 23:50:00+00:00,104.8035180560,253288,4793,1239.3616956842,1219.5464561191,1156.1570682550
2013-08-21,2013-08-21 23:50:00+00:00,110.4300000000,253485,4792,1242.1678683549,1219.5464561191,1156.1570682550
2013-08-22,2013-08-22 23:50:00+00:00,109.5430502120,253700,4791,1244.8306949961,1219.5464561191,1156.1570682550
2013-08-23,2013-08-23 23:50:00+00:00,107.7023200880,253894,4790,1247.5299041197,1240.2094068480,1156.1570682550
2013-08-24,2013-08-24 23:50:00+00:00,109.0500683340,254078,4789,1250.2929050658,1240.2094068480,1156.1570682550
2013-08-25,2013-08-25 23:50:00+00:00,113.1731481480,254230,4788,1253.0317033060,1240.2094068480,1156.1570682550
2013-08-26,2013-08-26 23:50:00+00:00,111.8260384080,254397,4787,1255.6736309125,1240.2094068480,1156.1570682550
2013-08-27,2013-08-27 23:50:00+00:00,117.7098470700,254565,4786,1258.3630500186,1240.2094068480,1156.1570682550
2013-08-28,2013-08-28 23:50:00+00:00,117.9420000000,254743,4785,1260.9166052209,1240.2094068480,1156.1570682550
2013-08-29,2013-08-29 23:50:00+00:00,118.5465714600,254933,4784,1263.4760392071,1240.2094068480,1156.1570682550
2013-08-30,2013-08-30 23:50:00+00:00,124.8549651160,255138,4783,1266.0324709341,1259.5728714556,1156.1570682550
2013-08-31,2013-08-31 23:50:00+00:00,128.3689372200,255361,4782,1268.4569226317,1259.5728714556,1156.1570682550
2013-09-01,2013-09-01 23:50:00+00:00,130.6680000000,255578,4781,1270.8176341127,1259.5728714556,1242.4284407340
2013-09-02,2013-09-02 23:50:00+00:00,130.0707200000,255795,4780,1273.1416625725,1259.5728714556,1242.4284407340
2013-09-03,2013-09-03 23:50:00+00:00,129.1793672240,255990,4779,1275.4871477731,1259.5728714556,1242.4284407340
2013-09-04,2013-09-04 23:50:00+00:00,122.1799695960,256153,4778,1277.8604079753,1259.5728714556,1242.4284407340
2013-09-05,2013-09-05 23:50:00+00:00,122.6198512680,256331,4777,1280.3956925418,1259.5728714556,1242.4284407340
2013-09-06,2013-09-06 23:50:00+00:00,117.2155903820,256517,4776,1282.9320065482,1276.5593120618,1242.4284407340
2013-09-07,2013-09-07 23:50:00+00:00,119.9220000000,256663,4775,1285.6095915155,1276.5593120618,1242.4284407340
2013-09-08,2013-09-08 23:50:00+00:00,118.3400000000,256817,4774,1288.2325726803,1276.5593120618,1242.4284407340
2013-09-09,2013-09-09 23:50:00+00:00,121.2438956660,257022,4773,1290.9063036469,1276.5593120618,1242.4284407340
2013-09-10,2013-09-10 23:50:00+00:00,122.0661021660,257213,4772,1293.5213163631,1276.5593120618,1242.4284407340
2013-09-11,2013-09-11 23:50:00+00:00,127.3035687140,257412,4771,1296.1284857728,1276.5593120618,1242.4284407340
2013-09-12,2013-09-12 23:50:00+00:00,126.6573812160,257627,4770,1298.6281133323,1276.5593120618,1242.4284407340
2013-09-13,2013-09-13 23:50:00+00:00,127.5789443060,257829,4769,1301.1526820742,1295.3450355479,1242.4284407340
2013-09-14,2013-09-14 23:50:00+00:00,124.4900000000,258049,4768,1303.6678215719,1295.3450355479,1242.4284407340
2013-09-15,2013-09-15 23:50:00+00:00,125.3418186740,258229,4767,1306.2633777582,1295.3450355479,1242.4284407340
2013-09-16,2013-09-16 23:50:00+00:00,126.1445602940,258383,4766,1308.8507633294,1295.3450355479,1242.4284407340
2013-09-17,2013-09-17 23:50:00+00:00,126.8980751700,258562,4765,1311.4311865989,1295.3450355479,1242.4284407340
2013-09-18,2013-09-18 23:50:00+00:00,127.0503003480,258725,4764,1314.0058337057,1295.3450355479,1242.4284407340
2013-09-19,2013-09-19 23:50:00+00:00,124.1560000000,258916,4763,1316.5882612806,1295.3450355479,1242.4284407340
2013-09-20,2013-09-20 23:50:00+00:00,122.9818123940,259117,4762,1319.2490071097,1312.9928984579,1242.4284407340
2013-09-21,2013-09-21 23:50:00+00:00,123.4040000000,259306,4761,1321.9498797931,1312.9928984579,1242.4284407340
2013-09-22,2013-09-22 23:50:00+00:00,123.1552789540,259510,4760,1324.6527208624,1312.9928984579,1242.4284407340
2013-09-23,2013-09-23 23:50:00+00:00,122.6467440900,259719,4759,1327.3738388133,1312.9928984579,1242.4284407340
2013-09-24,2013-09-24 23:50:00+00:00,123.7720000000,259930,4758,1330.1198290233,1312.9928984579,1242.4284407340
2013-09-25,2013-09-25 23:50:00+00:00,123.2954116880,260137,4757,1332.8506830470,1312.9928984579,1242.4284407340
2013-09-26,2013-09-26 23:50:00+00:00,124.8404583080,260299,4756,1335.6056424444,1312.9928984579,1242.4284407340
2013-09-27,2013-09-27 23:50:00+00:00,126.8588387220,260477,4755,1338.3353681141,1331.9463335481,1242.4284407340
2013-09-28,2013-09-28 23:50:00+00:00,126.7602640320,260655,4754,1341.0292176580,1331.9463335481,1242.4284407340
2013-09-29,2013-09-29 23:50:00+00:00,127.0100000000,260822,4753,1343.7374027783,1331.9463335481,1242.4284407340
2013-09-30,2013-09-30 23:50:00+00:00,126.2500000000,260987,4752,1346.4517771431,1331.9463335481,1242.4284407340
2013-10-01,2013-10-01 23:50:00+00:00,127.4953750000,261174,4751,1349.1964489763,1331.9463335481,1313.6171519815
2013-10-02,2013-10-02 23:50:00+00:00,103.7198133860,261364,4750,1351.9237250658,1331.9463335481,1313.6171519815
2013-10-03,2013-10-03 23:50:00+00:00,117.5716317200,261564,4749,1355.3583219346,1331.9463335481,1313.6171519815
2013-10-04,2013-10-04 23:50:00+00:00,121.9400000000,261743,4748,1358.3702925291,1350.8451074009,1313.6171519815
2013-10-05,2013-10-05 23:50:00+00:00,121.2500000000,261962,4747,1361.2780021997,1350.8451074009,1313.6171519815
2013-10-06,2013-10-06 23:50:00+00:00,122.4900000000,262148,4746,1364.2177203769,1350.8451074009,1313.6171519815
2013-10-07,2013-10-07 23:50:00+00:00,123.5830019800,262302,4745,1367.1385218947,1350.8451074009,1313.6171519815
2013-10-08,2013-10-08 23:50:00+00:00,124.3537978000,262463,4744,1370.0445274553,1350.8451074009,1313.6171519815
2013-10-09,2013-10-09 23:50:00+00:00,125.9000000000,262641,4743,1372.9442132800,1350.8451074009,1313.6171519815
2013-10-10,2013-10-10 23:50:00+00:00,126.8000000000,262837,4742,1375.8180067982,1350.8451074009,1313.6171519815
2013-10-11,2013-10-11 23:50:00+00:00,127.4028133000,263022,4741,1378.6824732832,1371.2273483378,1313.6171519815
2013-10-12,2013-10-12 23:50:00+00:00,127.6640176520,263235,4740,1381.5450826405,1371.2273483378,1313.6171519815
2013-10-13,2013-10-13 23:50:00+00:00,132.5467988640,263456,4739,1384.4143248558,1371.2273483378,1313.6171519815
2013-10-14,2013-10-14 23:50:00+00:00,135.3629134980,263704,4738,1387.1795261031,1371.2273483378,1313.6171519815
2013-10-15,2013-10-15 23:50:00+00:00,144.0370095660,263966,4737,1389.8929583832,1371.2273483378,1313.6171519815
2013-10-16,2013-10-16 23:50:00+00:00,137.7259519320,264175,4736,1392.4360223854,1371.2273483378,1313.6171519815
2013-10-17,2013-10-17 23:50:00+00:00,143.9250826720,264344,4735,1395.1202495052,1371.2273483378,1313.6171519815
2013-10-18,2013-10-18 23:50:00+00:00,152.8900000000,264535,4734,1397.6869205900,1391.2909732346,1313.6171519815
2013-10-19,2013-10-19 23:50:00+00:00,166.0000000000,264759,4733,1400.0953867284,1391.2909732346,1313.6171519815
2013-10-20,2013-10-20 23:50:00+00:00,166.5774028460,264956,4732,1402.2984977017,1391.2909732346,1313.6171519815
2013-10-21,2013-10-21 23:50:00+00:00,180.0421454540,265168,4731,1404.5007821464,1391.2909732346,1313.6171519815
2013-10-22,2013-10-22 23:50:00+00:00,189.6718750000,265413,4730,1406.5231291541,1391.2909732346,1313.6171519815
2013-10-23,2013-10-23 23:50:00+00:00,203.6764721300,265635,4729,1408.4338696274,1391.2909732346,1313.6171519815
2013-10-24,2013-10-24 23:50:00+00:00,194.2056704680,265849,4728,1410.1981248131,1391.2909732346,1313.6171519815
2013-10-25,2013-10-25 23:50:00+00:00,187.4101391120,266083,4727,1412.0685448668,1408.1638328756,1313.6171519815
2013-10-26,2013-10-26 23:50:00+00:00,179.5600000000,266266,4726,1414.0237163803,1408.1638328756,1313.6171519815
2013-10-27,2013-10-27 23:50:00+00:00,194.2140405700,266445,4725,1416.0841374295,1408.1638328756,1313.6171519815
2013-10-28,2013-10-28 23:50:00+00:00,196.1578516320,266619,4724,1417.9725737929,1408.1638328756,1313.6171519815
2013-10-29,2013-10-29 23:50:00+00:00,204.7172157400,266781,4723,1419.8450774389,1408.1638328756,1313.6171519815
2013-10-30,2013-10-30 23:50:00+00:00,198.2414837340,266975,4722,1421.6320951201,1408.1638328756,1313.6171519815
2013-10-31,2013-10-31 23:50:00+00:00,203.1882634280,267186,4721,1423.4928616984,1408.1638328756,1313.6171519815
2013-11-01,2013-11-01 23:50:00+00:00,202.6600000000,267393,4720,1425.3064381891,1421.8851470626,1396.9244745718
2013-11-02,2013-11-02 23:50:00+00:00,204.7806666680,267597,4719,1427.1309500714,1421.8851470626,1396.9244745718
2013-11-03,2013-11-03 23:50:00+00:00,209.9767690520,267787,4718,1428.9388001703,1421.8851470626,1396.9244745718
2013-11-04,2013-11-04 23:50:00+00:00,227.6614745600,267983,4717,1430.6995655819,1421.8851470626,1396.9244745718
2013-11-05,2013-11-05 23:50:00+00:00,242.8534610940,268158,4716,1432.3044781840,1421.8851470626,1396.9244745718
2013-11-06,2013-11-06 23:50:00+00:00,263.3740693420,268321,4715,1433.7938642455,1421.8851470626,1396.9244745718
2013-11-07,2013-11-07 23:50:00+00:00,290.8376170480,268464,4714,1435.1467944461,1421.8851470626,1396.9244745718
2013-11-08,2013-11-08 23:50:00+00:00,334.1864086820,268599,4713,1436.3458916773,1434.6911737718,1396.9244745718
2013-11-09,2013-11-09 23:50:00+00:00,334.8792482300,268745,4712,1437.3519276092,1434.6911737718,1396.9244745718
2013-11-10,2013-11-10 23:50:00+00:00,325.4390789680,268916,4711,1438.3570830134,1434.6911737718,1396.9244745718
2013-11-11,2013-11-11 23:50:00+00:00,343.7995098560,269104,4710,1439.4021754715,1434.6911737718,1396.9244745718
2013-11-12,2013-11-12 23:50:00+00:00,354.9303324580,269304,4709,1440.3769300716,1434.6911737718,1396.9244745718
2013-11-13,2013-11-13 23:50:00+00:00,394.1902552160,269473,4708,1441.3131701895,1434.6911737718,1396.9244745718
2013-11-14,2013-11-14 23:50:00+00:00,415.8571482000,269657,4707,1442.1270328041,1434.6911737718,1396.9244745718
2013-11-15,2013-11-15 23:50:00+00:00,413.6051013720,269822,4706,1442.8836859014,1441.7458451541,1396.9244745718
2013-11-16,2013-11-16 23:50:00+00:00,436.6264816800,270016,4705,1443.6472552946,1441.7458451541,1396.9244745718
2013-11-17,2013-11-17 23:50:00+00:00,474.8506854040,270203,4704,1444.3554213731,1441.7458451541,1396.9244745718
2013-11-18,2013-11-18 23:50:00+00:00,667.0427060840,270359,4703,1444.9827289645,1441.7458451541,1396.9244745718
2013-11-19,2013-11-19 23:50:00+00:00,540.5360099620,270520,4702,1445.3412216013,1441.7458451541,1396.9244745718
2013-11-20,2013-11-20 23:50:00+00:00,598.5643910000,270682,4701,1445.8560532873,1441.7458451541,1396.9244745718
2013-11-21,2013-11-21 23:50:00+00:00,719.8218854520,270833,4700,1446.2916454684,1441.7458451541,1396.9244745718
2013-11-22,2013-11-22 23:50:00+00:00,796.0792847040,271003,4699,1446.6023418627,1447.0988249119,1396.9244745718
2013-11-23,2013-11-23 23:50:00+00:00,829.5318394280,271176,4698,1446.8540041093,1447.0988249119,1396.9244745718
2013-11-24,2013-11-24 23:50:00+00:00,804.0661970100,271343,4697,1447.0832765081,1447.0988249119,1396.9244745718
2013-11-25,2013-11-25 23:50:00+00:00,813.3048949680,271515,4696,1447.3297499357,1447.0988249119,1396.9244745718
2013-11-26,2013-11-26 23:50:00+00:00,916.0605297780,271675,4695,1447.5701070088,1447.0988249119,1396.9244745718
2013-11-27,2013-11-27 23:50:00+00:00,964.3124891280,271846,4694,1447.7490592449,1447.0988249119,1396.9244745718
2013-11-28,2013-11-28 23:50:00+00:00,1012.8129273400,272030,4693,1447.9037309387,1447.0988249119,1396.9244745718
2013-11-29,2013-11-29 23:50:00+00:00,1133.7552756800,272202,4692,1448.0363091381,1448.8646309257,1396.9244745718
2013-11-30,2013-11-30 23:50:00+00:00,1118.0154046600,272379,4691,1448.1218824882,1448.8646309257,1396.9244745718
2013-12-01,2013-12-01 23:50:00+00:00,953.1359506660,272572,4690,1448.2130554104,1448.8646309257,1452.1331353810
2013-12-02,2013-12-02 23:50:00+00:00,1041.9637237600,272731,4689,1448.3734975070,1448.8646309257,1452.1331353810
2013-12-03,2013-12-03 23:50:00+00:00,1054.1659421400,272931,4688,1448.4940123796,1448.8646309257,1452.1331353810
2013-12-04,2013-12-04 23:50:00+00:00,1134.3908598400,273102,4687,1448.6096249682,1448.8646309257,1452.1331353810
2013-12-05,2013-12-05 23:50:00+00:00,1026.0082963400,273274,4686,1448.6952585586,1448.8646309257,1452.1331353810
2013-12-06,2013-12-06 23:50:00+00:00,811.3518261880,273481,4685,1448.8226597867,1449.4659087386,1452.1331353810
2013-12-07,2013-12-07 23:50:00+00:00,693.8244813940,273676,4684,1449.0657247147,1449.4659087386,1452.1331353810
2013-12-08,2013-12-08 23:50:00+00:00,786.5764829900,273870,4683,1449.4026246786,1449.4659087386,1452.1331353810
2013-12-09,2013-12-09 23:50:00+00:00,897.7374376500,274045,4682,1449.6635369327,1449.4659087386,1452.1331353810
2013-12-10,2013-12-10 23:50:00+00:00,979.6951065800,274240,4681,1449.8539589722,1449.4659087386,1452.1331353810
2013-12-11,2013-12-11 23:50:00+00:00,877.3950645780,274403,4680,1450.0026472122,1449.4659087386,1452.1331353810
2013-12-12,2013-12-12 23:50:00+00:00,873.0438496040,274568,4679,1450.2049203617,1449.4659087386,1452.1331353810
2013-12-13,2013-12-13 23:50:00+00:00,885.3134358740,274740,4678,1450.4098909316,1451.1719198664,1452.1331353810
2013-12-14,2013-12-14 23:50:00+00:00,852.0197484200,274939,4677,1450.6078649442,1451.1719198664,1452.1331353810
2013-12-15,2013-12-15 23:50:00+00:00,861.8946910220,275115,4676,1450.8258462305,1451.1719198664,1452.1331353810
2013-12-16,2013-12-16 23:50:00+00:00,690.7009537120,275317,4675,1451.0379300195,1451.1719198664,1452.1331353810
2013-12-17,2013-12-17 23:50:00+00:00,675.8618964920,275521,4674,1451.3797586300,1451.1719198664,1452.1331353810
2013-12-18,2013-12-18 23:50:00+00:00,520.8357772840,275719,4673,1451.7362309209,1451.1719198664,1452.1331353810
2013-12-19,2013-12-19 23:50:00+00:00,684.7274038980,275944,4672,1452.2918197305,1451.1719198664,1452.1331353810
2013-12-20,2013-12-20 23:50:00+00:00,607.9770523140,276122,4671,1452.6404341805,1452.5617730449,1452.1331353810
2013-12-21,2013-12-21 23:50:00+00:00,597.4978388020,276285,4670,1453.0727159765,1452.5617730449,1452.1331353810
2013-12-22,2013-12-22 23:50:00+00:00,613.3973363260,276453,4669,1453.5184937110,1452.5617730449,1452.1331353810
2013-12-23,2013-12-23 23:50:00+00:00,657.3559823280,276623,4668,1453.9450901188,1452.5617730449,1452.1331353810
2013-12-24,2013-12-24 23:50:00+00:00,652.4450164240,276794,4667,1454.3227116332,1452.5617730449,1452.1331353810
2013-12-25,2013-12-25 23:50:00+00:00,679.4395154160,276954,4666,1454.7058844366,1452.5617730449,1452.1331353810
2013-12-26,2013-12-26 23:50:00+00:00,747.7618741940,277136,4665,1455.0617860284,1452.5617730449,1452.1331353810
2013-12-27,2013-12-27 23:50:00+00:00,723.7309792620,277320,4664,1455.3569417903,1455.5933616453,1452.1331353810
2013-12-28,2013-12-28 23:50:00+00:00,714.9991176480,277470,4663,1455.6725223298,1455.5933616453,1452.1331353810
2013-12-29,2013-12-29 23:50:00+00:00,728.0902972560,277636,4662,1455.9960483176,1455.5933616453,1452.1331353810
2013-12-30,2013-12-30 23:50:00+00:00,735.9660303120,277809,4661,1456.3084146102,1455.5933616453,1452.1331353810
2013-12-31,2013-12-31 23:50:00+00:00,731.9532930060,277995,4660,1456.6143571512,1455.5933616453,1452.1331353810
2014-01-01,2014-01-01 23:50:00+00:00,753.4054805560,278197,4659,1456.9239534297,1455.5933616453,1457.0865865271
2014-01-02,2014-01-02 23:50:00+00:00,784.2806038940,278331,4658,1457.2160800951,1455.5933616453,1457.0865865271
2014-01-03,2014-01-03 23:50:00+00:00,807.9159162320,278493,4657,1457.4846143484,1457.8068539715,1457.0865865271
2014-01-04,2014-01-04 23:50:00+00:00,828.7459845880,278634,4656,1457.7363385274,1457.8068539715,1457.0865865271
2014-01-05,2014-01-05 23:50:00+00:00,904.7600750740,278827,4655,1457.9740513765,1457.8068539715,1457.0865865271
2014-01-06,2014-01-06 23:50:00+00:00,917.3827255220,279014,4654,1458.1656269759,1457.8068539715,1457.0865865271
2014-01-07,2014-01-07 23:50:00+00:00,789.5935240420,279192,4653,1458.3503841119,1457.8068539715,1457.0865865271
2014-01-08,2014-01-08 23:50:00+00:00,822.8649230380,279385,4652,1458.6159461074,1457.8068539715,1457.0865865271
2014-01-09,2014-01-09 23:50:00+00:00,825.8665006040,279591,4651,1458.8582862086,1457.8068539715,1457.0865865271
2014-01-10,2014-01-10 23:50:00+00:00,854.4454505840,279779,4650,1459.0987889151,1459.5723970285,1457.0865865271
2014-01-11,2014-01-11 23:50:00+00:00,893.6831232820,279989,4649,1459.3209220654,1459.5723970285,1457.0865865271
2014-01-12,2014-01-12 23:50:00+00:00,843.2866137740,280193,4648,1459.5196682039,1459.5723970285,1457.0865865271
2014-01-13,2014-01-13 23:50:00+00:00,822.5304279340,280364,4647,1459.7492171811,1459.5723970285,1457.0865865271
2014-01-14,2014-01-14 23:50:00+00:00,815.9968194060,280526,4646,1459.9926662227,1459.5723970285,1457.0865865271
2014-01-15,2014-01-15 23:50:00+00:00,840.1151583520,280710,4645,1460.2407699861,1459.5723970285,1457.0865865271
2014-01-16,2014-01-16 23:50:00+00:00,814.4962523860,280894,4644,1460.4729057960,1459.5723970285,1457.0865865271
2014-01-17,2014-01-17 23:50:00+00:00,794.5266687980,281046,4643,1460.7224208445,1461.1308122114,1457.0865865271
2014-01-18,2014-01-18 23:50:00+00:00,811.3776217600,281221,4642,1460.9863178077,1461.1308122114,1457.0865865271
2014-01-19,2014-01-19 23:50:00+00:00,841.4564324120,281389,4641,1461.2383977623,1461.1308122114,1457.0865865271
2014-01-20,2014-01-20 23:50:00+00:00,826.6964250260,281586,4640,1461.4703931450,1461.1308122114,1457.0865865271
2014-01-21,2014-01-21 23:50:00+00:00,824.8757698780,281751,4639,1461.7123347670,1461.1308122114,1457.0865865271
2014-01-22,2014-01-22 23:50:00+00:00,818.5342702040,281943,4638,1461.9556912444,1461.1308122114,1457.0865865271
2014-01-23,2014-01-23 23:50:00+00:00,810.8692031640,282120,4637,1462.2035643401,1461.1308122114,1457.0865865271
2014-01-24,2014-01-24 23:50:00+00:00,779.3849452420,282310,4636,1462.4569563108,1462.9821472797,1457.0865865271
2014-01-25,2014-01-25 23:50:00+00:00,805.6526752220,282475,4635,1462.7335421619,1462.9821472797,1457.0865865271
2014-01-26,2014-01-26 23:50:00+00:00,814.8471465340,282626,4634,1462.9910299294,1462.9821472797,1457.0865865271
2014-01-27,2014-01-27 23:50:00+00:00,746.6786570780,282801,4633,1463.2422470360,1462.9821472797,1457.0865865271
2014-01-28,2014-01-28 23:50:00+00:00,785.9504199860,282953,4632,1463.5454676115,1462.9821472797,1457.0865865271
2014-01-29,2014-01-29 23:50:00+00:00,794.0981923960,283106,4631,1463.8179807022,1462.9821472797,1457.0865865271
2014-01-30,2014-01-30 23:50:00+00:00,799.5229998400,283283,4630,1464.0846691022,1462.9821472797,1457.0865865271
2014-01-31,2014-01-31 23:50:00+00:00,802.9985255620,283465,4629,1464.3476119300,1464.9230558991,1457.0865865271
2014-02-01,2014-02-01 23:50:00+00:00,813.1598902740,283656,4628,1464.6082537726,1464.9230558991,1466.0361191322
2014-02-02,2014-02-02 23:50:00+00:00,814.9327326020,283841,4627,1464.8618841267,1464.9230558991,1466.0361191322
2014-02-03,2014-02-03 23:50:00+00:00,808.5000000000,284023,4626,1465.1144706553,1464.9230558991,1466.0361191322
2014-02-04,2014-02-04 23:50:00+00:00,801.3917337600,284194,4625,1465.3717864908,1464.9230558991,1466.0361191322
2014-02-05,2014-02-05 23:50:00+00:00,780.9175150360,284360,4624,1465.6344005657,1464.9230558991,1466.0361191322
2014-02-06,2014-02-06 23:50:00+00:00,762.9810935980,284543,4623,1465.9124295084,1464.9230558991,1466.0361191322
2014-02-07,2014-02-07 23:50:00+00:00,708.3660443880,284698,4622,1466.2046857464,1466.7522046225,1466.0361191322
2014-02-08,2014-02-08 23:50:00+00:00,679.5781388620,284880,4621,1466.5442157855,1466.7522046225,1466.0361191322
2014-02-09,2014-02-09 23:50:00+00:00,687.3140889240,285020,4620,1466.9119031192,1466.7522046225,1466.0361191322
2014-02-10,2014-02-10 23:50:00+00:00,688.4182184200,285175,4619,1467.2722145977,1466.7522046225,1466.0361191322
2014-02-11,2014-02-11 23:50:00+00:00,675.1108406620,285340,4618,1467.6317708736,1466.7522046225,1466.0361191322
2014-02-12,2014-02-12 23:50:00+00:00,652.5431633340,285516,4617,1468.0050238900,1466.7522046225,1466.0361191322
2014-02-13,2014-02-13 23:50:00+00:00,605.8388944800,285695,4616,1468.4025573987,1466.7522046225,1466.0361191322
2014-02-14,2014-02-14 23:50:00+00:00,670.0066271760,285887,4615,1468.8557068276,1469.1353500054,1466.0361191322
2014-02-15,2014-02-15 23:50:00+00:00,655.2692747560,286071,4614,1469.2353708334,1469.1353500054,1466.0361191322
2014-02-16,2014-02-16 23:50:00+00:00,620.6411216620,286268,4613,1469.6311121497,1469.1353500054,1466.0361191322
2014-02-17,2014-02-17 23:50:00+00:00,632.4809440480,286423,4612,1470.0671356459,1469.1353500054,1466.0361191322
2014-02-18,2014-02-18 23:50:00+00:00,629.1273936300,286587,4611,1470.4894626565,1469.1353500054,1466.0361191322
2014-02-19,2014-02-19 23:50:00+00:00,624.8381149220,286787,4610,1470.9161711922,1469.1353500054,1466.0361191322
2014-02-20,2014-02-20 23:50:00+00:00,562.5895875420,286963,4609,1471.3484378540,1469.1353500054,1466.0361191322
2014-02-21,2014-02-21 23:50:00+00:00,581.2905250960,287116,4608,1471.8643934086,1471.7991448489,1466.0361191322
2014-02-22,2014-02-22 23:50:00+00:00,611.5522143760,287295,4607,1472.3540264754,1471.7991448489,1466.0361191322
2014-02-23,2014-02-23 23:50:00+00:00,608.1988505440,287461,4606,1472.8041074783,1471.7991448489,1466.0361191322
2014-02-24,2014-02-24 23:50:00+00:00,536.8594994300,287654,4605,1473.2589088001,1471.7991448489,1466.0361191322
2014-02-25,2014-02-25 23:50:00+00:00,536.2111523420,287816,4604,1473.8172617473,1471.7991448489,1466.0361191322
2014-02-26,2014-02-26 23:50:00+00:00,585.5174387140,287998,4603,1474.3773445786,1471.7991448489,1466.0361191322
2014-02-27,2014-02-27 23:50:00+00:00,583.0573920480,288188,4602,1474.8638624552,1471.7991448489,1466.0361191322
2014-02-28,2014-02-28 23:50:00+00:00,551.4270378320,288368,4601,1475.3543222514,1475.2337738796,1466.0361191322
2014-03-01,2014-03-01 23:50:00+00:00,566.7533114280,288511,4600,1475.8919064007,1475.2337738796,1473.8210736893
2014-03-02,2014-03-02 23:50:00+00:00,563.2946821140,288653,4599,1476.4068725441,1475.2337738796,1473.8210736893
2014-03-03,2014-03-03 23:50:00+00:00,676.8200671560,288797,4598,1476.9275619218,1475.2337738796,1473.8210736893
2014-03-04,2014-03-04 23:50:00+00:00,673.3879060860,288947,4597,1477.3074638520,1475.2337738796,1473.8210736893
2014-03-05,2014-03-05 23:50:00+00:00,670.1076203940,289106,4596,1477.6913045141,1475.2337738796,1473.8210736893
2014-03-06,2014-03-06 23:50:00+00:00,669.2199429620,289278,4595,1478.0789681825,1475.2337738796,1473.8210736893
2014-03-07,2014-03-07 23:50:00+00:00,632.3085565880,289444,4594,1478.4679460432,1479.0051285623,1473.8210736893
2014-03-08,2014-03-08 23:50:00+00:00,620.6247192340,289611,4593,1478.8988347785,1479.0051285623,1473.8210736893
2014-03-09,2014-03-09 23:50:00+00:00,638.4186128980,289792,4592,1479.3443518438,1479.0051285623,1473.8210736893
2014-03-10,2014-03-10 23:50:00+00:00,629.3820000000,289940,4591,1479.7689114888,1479.0051285623,1473.8210736893
2014-03-11,2014-03-11 23:50:00+00:00,635.0387279700,290109,4590,1480.2046353298,1479.0051285623,1473.8210736893
2014-03-12,2014-03-12 23:50:00+00:00,633.8548880540,290290,4589,1480.6340446156,1479.0051285623,1473.8210736893
2014-03-13,2014-03-13 23:50:00+00:00,641.6025862160,290452,4588,1481.0652966058,1479.0051285623,1473.8210736893
2014-03-14,2014-03-14 23:50:00+00:00,629.8350340720,290584,4587,1481.4878724462,1482.0303139232,1473.8210736893
2014-03-15,2014-03-15 23:50:00+00:00,637.4150902180,290751,4586,1481.9248185840,1482.0303139232,1473.8210736893
2014-03-16,2014-03-16 23:50:00+00:00,634.8101052920,290922,4585,1482.3531645299,1482.0303139232,1473.8210736893
2014-03-17,2014-03-17 23:50:00+00:00,622.8447910100,291083,4584,1482.7850330266,1482.0303139232,1473.8210736893
2014-03-18,2014-03-18 23:50:00+00:00,614.4389392380,291229,4583,1483.2318684828,1482.0303139232,1473.8210736893
2014-03-19,2014-03-19 23:50:00+00:00,611.1949513400,291388,4582,1483.6897209408,1482.0303139232,1473.8210736893
2014-03-20,2014-03-20 23:50:00+00:00,586.9532502960,291565,4581,1484.1522097464,1482.0303139232,1473.8210736893
2014-03-21,2014-03-21 23:50:00+00:00,570.0120956360,291751,4580,1484.6477092045,1485.0981076486,1473.8210736893
2014-03-22,2014-03-22 23:50:00+00:00,564.5454641480,291922,4579,1485.1681472280,1485.0981076486,1473.8210736893
2014-03-23,2014-03-23 23:50:00+00:00,559.6902947440,292136,4578,1485.6973685272,1485.0981076486,1473.8210736893
2014-03-24,2014-03-24 23:50:00+00:00,584.9115712780,292322,4577,1486.2346142758,1485.0981076486,1473.8210736893
2014-03-25,2014-03-25 23:50:00+00:00,583.8450739680,292479,4576,1486.7352685052,1485.0981076486,1473.8210736893
2014-03-26,2014-03-26 23:50:00+00:00,579.0872334660,292640,4575,1487.2379891127,1485.0981076486,1473.8210736893
2014-03-27,2014-03-27 23:50:00+00:00,472.1443373380,292808,4574,1487.7480795667,1485.0981076486,1473.8210736893
2014-03-28,2014-03-28 23:50:00+00:00,501.0961001420,292985,4573,1488.4482149642,1488.7525626534,1473.8210736893
2014-03-29,2014-03-29 23:50:00+00:00,491.9478371900,293158,4572,1489.0899647806,1488.7525626534,1473.8210736893
2014-03-30,2014-03-30 23:50:00+00:00,458.7746207240,293301,4571,1489.7505674854,1488.7525626534,1473.8210736893
2014-03-31,2014-03-31 23:50:00+00:00,457.0235545680,293481,4570,1490.4834934696,1488.7525626534,1473.8210736893
2014-04-01,2014-04-01 23:50:00+00:00,479.3122906860,293651,4569,1491.2215269587,1488.7525626534,1489.6095847835
2014-04-02,2014-04-02 23:50:00+00:00,439.6267265440,293848,4568,1491.9110357785,1488.7525626534,1489.6095847835
2014-04-03,2014-04-03 23:50:00+00:00,449.5395580100,294053,4567,1492.6933632809,1488.7525626534,1489.6095847835
2014-04-04,2014-04-04 23:50:00+00:00,451.9005502320,294249,4566,1493.4523530061,1493.2597651397,1489.6095847835
2014-04-05,2014-04-05 23:50:00+00:00,463.6255629840,294417,4565,1494.2067638477,1493.2597651397,1489.6095847835
2014-04-06,2014-04-06 23:50:00+00:00,457.8835943640,294570,4564,1494.9348645956,1493.2597651397,1489.6095847835
2014-04-07,2014-04-07 23:50:00+00:00,448.9551803700,294721,4563,1495.6772553679,1493.2597651397,1489.6095847835
2014-04-08,2014-04-08 23:50:00+00:00,453.3363754200,294855,4562,1496.4420291880,1493.2597651397,1489.6095847835
2014-04-09,2014-04-09 23:50:00+00:00,443.0619135380,295015,4561,1497.1973417478,1493.2597651397,1489.6095847835
2014-04-10,2014-04-10 23:50:00+00:00,363.8510860820,295171,4560,1497.9789206908,1493.2597651397,1489.6095847835
2014-04-11,2014-04-11 23:50:00+00:00,423.4131448000,295339,4559,1499.0037970479,1498.5561938566,1489.6095847835
2014-04-12,2014-04-12 23:50:00+00:00,423.3689630920,295502,4558,1499.8396948924,1498.5561938566,1489.6095847835
2014-04-13,2014-04-13 23:50:00+00:00,416.8646041540,295688,4557,1500.6770147894,1498.5561938566,1489.6095847835
2014-04-14,2014-04-14 23:50:00+00:00,459.0980058240,295880,4556,1501.5338760693,1498.5561938566,1489.6095847835
2014-04-15,2014-04-15 23:50:00+00:00,522.2949162700,296063,4555,1502.2827474595,1498.5561938566,1489.6095847835
2014-04-16,2014-04-16 23:50:00+00:00,527.6877209920,296221,4554,1502.9019639448,1498.5561938566,1489.6095847835
2014-04-17,2014-04-17 23:50:00+00:00,498.3666780460,296391,4553,1503.5122484831,1498.5561938566,1489.6095847835
2014-04-18,2014-04-18 23:50:00+00:00,482.2656561000,296546,4552,1504.1787131829,1504.4242091885,1489.6095847835
2014-04-19,2014-04-19 23:50:00+00:00,504.8423901820,296710,4551,1504.8793976240,1504.4242091885,1489.6095847835
2014-04-20,2014-04-20 23:50:00+00:00,500.3953934300,296888,4550,1505.5348477832,1504.4242091885,1489.6095847835
2014-04-21,2014-04-21 23:50:00+00:00,497.2518792180,297060,4549,1506.1999366923,1504.4242091885,1489.6095847835
2014-04-22,2014-04-22 23:50:00+00:00,489.9928099380,297213,4548,1506.8722138328,1504.4242091885,1489.6095847835
2014-04-23,2014-04-23 23:50:00+00:00,492.0000000000,297379,4547,1507.5602788466,1504.4242091885,1489.6095847835
2014-04-24,2014-04-24 23:50:00+00:00,502.2209525720,297530,4546,1508.2451093524,1504.4242091885,1489.6095847835
2014-04-25,2014-04-25 23:50:00+00:00,466.8868515840,297712,4545,1508.9101421620,1509.3458207229,1489.6095847835
2014-04-26,2014-04-26 23:50:00+00:00,461.0453260000,297872,4544,1509.6516302871,1509.3458207229,1489.6095847835
2014-04-27,2014-04-27 23:50:00+00:00,434.3747680440,298051,4543,1510.4078018209,1509.3458207229,1489.6095847835
2014-04-28,2014-04-28 23:50:00+00:00,442.8203740200,298203,4542,1511.2320253965,1509.3458207229,1489.6095847835
2014-04-29,2014-04-29 23:50:00+00:00,448.0000000000,298373,4541,1512.0354062552,1509.3458207229,1489.6095847835
2014-04-30,2014-04-30 23:50:00+00:00,448.8994199700,298510,4540,1512.8268342933,1509.3458207229,1489.6095847835
2014-05-01,2014-05-01 23:50:00+00:00,460.7012620440,298688,4539,1513.6171831364,1509.3458207229,1510.8399678552
2014-05-02,2014-05-02 23:50:00+00:00,454.3556238460,298849,4538,1514.3798671203,1514.5564249516,1510.8399678552
2014-05-03,2014-05-03 23:50:00+00:00,439.8720768060,298991,4537,1515.1589960303,1514.5564249516,1510.8399678552
2014-05-04,2014-05-04 23:50:00+00:00,437.9330603580,299142,4536,1515.9759869793,1514.5564249516,1510.8399678552
2014-05-05,2014-05-05 23:50:00+00:00,433.0000000000,299267,4535,1516.7993268713,1514.5564249516,1510.8399678552
2014-05-06,2014-05-06 23:50:00+00:00,428.0100000000,299460,4534,1517.6371404814,1514.5564249516,1510.8399678552
2014-05-07,2014-05-07 23:50:00+00:00,440.9202868140,299619,4533,1518.4899463848,1514.5564249516,1510.8399678552
2014-05-08,2014-05-08 23:50:00+00:00,439.0813533280,299785,4532,1519.3092437392,1514.5564249516,1510.8399678552
2014-05-09,2014-05-09 23:50:00+00:00,451.4689346020,299956,4531,1520.1346321814,1520.0299784538,1510.8399678552
2014-05-10,2014-05-10 23:50:00+00:00,456.5439881480,300132,4530,1520.9293717611,1520.0299784538,1510.8399678552
2014-05-11,2014-05-11 23:50:00+00:00,439.1457125800,300288,4529,1521.7127051165,1520.0299784538,1510.8399678552
2014-05-12,2014-05-12 23:50:00+00:00,442.4634900000,300451,4528,1522.5416179981,1520.0299784538,1510.8399678552
2014-05-13,2014-05-13 23:50:00+00:00,439.1072189860,300612,4527,1523.3630481746,1520.0299784538,1510.8399678552
2014-05-14,2014-05-14 23:50:00+00:00,445.7545188320,300762,4526,1524.1945956636,1520.0299784538,1510.8399678552
2014-05-15,2014-05-15 23:50:00+00:00,446.3367247900,300934,4525,1525.0099649760,1520.0299784538,1510.8399678552
2014-05-16,2014-05-16 23:50:00+00:00,447.2696477380,301112,4524,1525.8250622307,1525.6109651336,1510.8399678552
2014-05-17,2014-05-17 23:50:00+00:00,450.0057898000,301287,4523,1526.6389842477,1525.6109651336,1510.8399678552
2014-05-18,2014-05-18 23:50:00+00:00,446.8980000000,301455,4522,1527.4471218053,1525.6109651336,1510.8399678552
2014-05-19,2014-05-19 23:50:00+00:00,448.1790804920,301628,4521,1528.2644568291,1525.6109651336,1510.8399678552
2014-05-20,2014-05-20 23:50:00+00:00,489.1939119360,301805,4520,1529.0797207036,1525.6109651336,1510.8399678552
2014-05-21,2014-05-21 23:50:00+00:00,493.6944306720,301980,4519,1529.7993299465,1525.6109651336,1510.8399678552
2014-05-22,2014-05-22 23:50:00+00:00,529.4978227100,302152,4518,1530.5102741571,1525.6109651336,1510.8399678552
2014-05-23,2014-05-23 23:50:00+00:00,523.4915281540,302317,4517,1531.1511047883,1531.3260405834,1510.8399678552
2014-05-24,2014-05-24 23:50:00+00:00,528.2144891260,302472,4516,1531.8040149821,1531.3260405834,1510.8399678552
2014-05-25,2014-05-25 23:50:00+00:00,573.0733460800,302632,4515,1532.4488877740,1531.3260405834,1510.8399678552
2014-05-26,2014-05-26 23:50:00+00:00,583.5582502160,302787,4514,1533.0174316306,1531.3260405834,1510.8399678552
2014-05-27,2014-05-27 23:50:00+00:00,573.1855246180,302925,4513,1533.5703110754,1531.3260405834,1510.8399678552
2014-05-28,2014-05-28 23:50:00+00:00,580.2666116440,303094,4512,1534.1400107394,1531.3260405834,1510.8399678552
2014-05-29,2014-05-29 23:50:00+00:00,570.3500000000,303236,4511,1534.6992705550,1531.3260405834,1510.8399678552
2014-05-30,2014-05-30 23:50:00+00:00,621.1800000000,303403,4510,1535.2748463249,1535.9104749157,1510.8399678552
2014-05-31,2014-05-31 23:50:00+00:00,627.3743539160,303550,4509,1535.7760583173,1535.9104749157,1510.8399678552
2014-06-01,2014-06-01 23:50:00+00:00,629.8553311400,303725,4508,1536.2694986895,1535.9104749157,1534.3122187764
2014-06-02,2014-06-02 23:50:00+00:00,662.0855888840,303917,4507,1536.7601855376,1535.9104749157,1534.3122187764
2014-06-03,2014-06-03 23:50:00+00:00,669.9380435160,304095,4506,1537.2108721300,1535.9104749157,1534.3122187764
2014-06-04,2014-06-04 23:50:00+00:00,642.3573807020,304276,4505,1537.6527320083,1535.9104749157,1534.3122187764
2014-06-05,2014-06-05 23:50:00+00:00,661.4800000000,304430,4504,1538.1287067499,1535.9104749157,1534.3122187764
2014-06-06,2014-06-06 23:50:00+00:00,649.0938278240,304568,4503,1538.5815286743,1539.4305336717,1534.3122187764
2014-06-07,2014-06-07 23:50:00+00:00,657.1223194580,304724,4502,1539.0499964315,1539.4305336717,1534.3122187764
2014-06-08,2014-06-08 23:50:00+00:00,657.9504511280,304859,4501,1539.5090464253,1539.4305336717,1534.3122187764
2014-06-09,2014-06-09 23:50:00+00:00,648.3175507240,305013,4500,1539.9675651282,1539.4305336717,1534.3122187764
2014-06-10,2014-06-10 23:50:00+00:00,648.5499359720,305182,4499,1540.4384719757,1539.4305336717,1534.3122187764
2014-06-11,2014-06-11 23:50:00+00:00,622.5026906340,305327,4498,1540.9095847348,1539.4305336717,1534.3122187764
2014-06-12,2014-06-12 23:50:00+00:00,571.0064547140,305499,4497,1541.4152820816,1539.4305336717,1534.3122187764
2014-06-13,2014-06-13 23:50:00+00:00,591.9838809140,305663,4496,1541.9981515024,1542.7214993866,1534.3122187764
2014-06-14,2014-06-14 23:50:00+00:00,568.1956108240,305839,4495,1542.5488697711,1542.7214993866,1534.3122187764
2014-06-15,2014-06-15 23:50:00+00:00,590.4065770900,306032,4494,1543.1377001134,1542.7214993866,1534.3122187764
2014-06-16,2014-06-16 23:50:00+00:00,586.9804561420,306220,4493,1543.6921259188,1542.7214993866,1534.3122187764
2014-06-17,2014-06-17 23:50:00+00:00,606.4432300480,306403,4492,1544.2524457329,1542.7214993866,1534.3122187764
2014-06-18,2014-06-18 23:50:00+00:00,607.0000000000,306561,4491,1544.7843692056,1542.7214993866,1534.3122187764
2014-06-19,2014-06-19 23:50:00+00:00,593.1178931700,306726,4490,1545.3160920077,1542.7214993866,1534.3122187764
2014-06-20,2014-06-20 23:50:00+00:00,588.9509328120,306915,4489,1545.8689446592,1546.5904313057,1534.3122187764
2014-06-21,2014-06-21 23:50:00+00:00,589.0367901080,307100,4488,1546.4287959645,1546.5904313057,1534.3122187764
2014-06-22,2014-06-22 23:50:00+00:00,600.0404249320,307281,4487,1546.9891707428,1546.5904313057,1534.3122187764
2014-06-23,2014-06-23 23:50:00+00:00,588.1939809260,307457,4486,1547.5335815978,1546.5904313057,1534.3122187764
2014-06-24,2014-06-24 23:50:00+00:00,573.3281355760,307641,4485,1548.0965543723,1546.5904313057,1534.3122187764
2014-06-25,2014-06-25 23:50:00+00:00,560.4947890580,307831,4484,1548.6837669340,1546.5904313057,1534.3122187764
2014-06-26,2014-06-26 23:50:00+00:00,579.6227508780,308003,4483,1549.2930698627,1546.5904313057,1534.3122187764
2014-06-27,2014-06-27 23:50:00+00:00,599.9296293060,308194,4482,1549.8715687633,1550.5236064840,1534.3122187764
2014-06-28,2014-06-28 23:50:00+00:00,590.5955207660,308380,4481,1550.4194305496,1550.5236064840,1534.3122187764
2014-06-29,2014-06-29 23:50:00+00:00,599.8900000000,308538,4480,1550.9820699980,1550.5236064840,1534.3122187764
2014-06-30,2014-06-30 23:50:00+00:00,638.6865065200,308671,4479,1551.5312698464,1550.5236064840,1534.3122187764
2014-07-01,2014-07-01 23:50:00+00:00,639.1577927480,308804,4478,1552.0266336484,1550.5236064840,1549.3447952863
2014-07-02,2014-07-02 23:50:00+00:00,650.0712329860,308941,4477,1552.5219138181,1550.5236064840,1549.3447952863
2014-07-03,2014-07-03 23:50:00+00:00,646.6670635520,309079,4476,1553.0035786161,1550.5236064840,1549.3447952863
2014-07-04,2014-07-04 23:50:00+00:00,627.2587265140,309246,4475,1553.4901249371,1554.3719135059,1549.3447952863
2014-07-05,2014-07-05 23:50:00+00:00,630.7476635040,309397,4474,1554.0030201739,1554.3719135059,1549.3447952863
2014-07-06,2014-07-06 23:50:00+00:00,631.4238304700,309539,4473,1554.5117196473,1554.3719135059,1549.3447952863
2014-07-07,2014-07-07 23:50:00+00:00,622.7741207220,309690,4472,1555.0200619902,1554.3719135059,1549.3447952863
2014-07-08,2014-07-08 23:50:00+00:00,624.2982841780,309840,4471,1555.5408688549,1554.3719135059,1549.3447952863
2014-07-09,2014-07-09 23:50:00+00:00,621.8734082320,310005,4470,1556.0601344392,1554.3719135059,1549.3447952863
2014-07-10,2014-07-10 23:50:00+00:00,616.7759241340,310153,4469,1556.5833657636,1554.3719135059,1549.3447952863
2014-07-11,2014-07-11 23:50:00+00:00,634.1296792520,310307,4468,1557.1143954767,1557.9755903347,1549.3447952863
2014-07-12,2014-07-12 23:50:00+00:00,636.4664472500,310466,4467,1557.6219264242,1557.9755903347,1549.3447952863
2014-07-13,2014-07-13 23:50:00+00:00,630.5449909640,310627,4466,1558.1268684567,1557.9755903347,1549.3447952863
2014-07-14,2014-07-14 23:50:00+00:00,619.7012235420,310763,4465,1558.6403923303,1557.9755903347,1549.3447952863
2014-07-15,2014-07-15 23:50:00+00:00,623.5592835140,310921,4464,1559.1695977397,1557.9755903347,1549.3447952863
2014-07-16,2014-07-16 23:50:00+00:00,615.9106732140,311065,4463,1559.6939579807,1557.9755903347,1549.3447952863
2014-07-17,2014-07-17 23:50:00+00:00,623.7643585440,311237,4462,1560.2297713503,1557.9755903347,1549.3447952863
2014-07-18,2014-07-18 23:50:00+00:00,631.4288134500,311407,4461,1560.7550305966,1561.5413681300,1549.3447952863
2014-07-19,2014-07-19 23:50:00+00:00,629.7260000000,311585,4460,1561.2702438393,1561.5413681300,1549.3447952863
2014-07-20,2014-07-20 23:50:00+00:00,625.8466054240,311740,4459,1561.7883712569,1561.5413681300,1549.3447952863
2014-07-21,2014-07-21 23:50:00+00:00,621.8301364340,311897,4458,1562.3124647412,1561.5413681300,1549.3447952863
2014-07-22,2014-07-22 23:50:00+00:00,619.5676472520,312039,4457,1562.8428012633,1561.5413681300,1549.3447952863
2014-07-23,2014-07-23 23:50:00+00:00,619.9269847080,312184,4456,1563.3769573580,1561.5413681300,1549.3447952863
2014-07-24,2014-07-24 23:50:00+00:00,603.8208802320,312327,4455,1563.9112051280,1561.5413681300,1549.3447952863
2014-07-25,2014-07-25 23:50:00+00:00,602.8812411220,312490,4454,1564.4697022128,1565.1607184267,1549.3447952863
2014-07-26,2014-07-26 23:50:00+00:00,595.9570088400,312625,4453,1565.0302692014,1565.1607184267,1549.3447952863
2014-07-27,2014-07-27 23:50:00+00:00,591.9597686700,312778,4452,1565.6021004945,1565.1607184267,1549.3447952863
2014-07-28,2014-07-28 23:50:00+00:00,589.3779206380,312927,4451,1566.1808512508,1565.1607184267,1549.3447952863
2014-07-29,2014-07-29 23:50:00+00:00,585.1045461200,313077,4450,1566.7643726241,1565.1607184267,1549.3447952863
2014-07-30,2014-07-30 23:50:00+00:00,563.3470577280,313248,4449,1567.3554340729,1565.1607184267,1549.3447952863
2014-07-31,2014-07-31 23:50:00+00:00,582.0377327880,313397,4448,1567.9836921325,1565.1607184267,1549.3447952863
2014-08-01,2014-08-01 23:50:00+00:00,598.2000000000,313559,4447,1568.5811975489,1569.0985992809,1564.5006683579
2014-08-02,2014-08-02 23:50:00+00:00,589.3060000000,313723,4446,1569.1537193072,1569.0985992809,1564.5006683579
2014-08-03,2014-08-03 23:50:00+00:00,586.4895085060,313877,4445,1569.7409029282,1569.0985992809,1564.5006683579
2014-08-04,2014-08-04 23:50:00+00:00,588.4793312360,314004,4444,1570.3333125681,1569.0985992809,1564.5006683579
2014-08-05,2014-08-05 23:50:00+00:00,580.3409901220,314140,4443,1570.9232342267,1569.0985992809,1564.5006683579
2014-08-06,2014-08-06 23:50:00+00:00,582.4165333080,314302,4442,1571.5271141858,1569.0985992809,1564.5006683579
2014-08-07,2014-08-07 23:50:00+00:00,584.8124995400,314464,4441,1572.1283133509,1569.0985992809,1564.5006683579
2014-08-08,2014-08-08 23:50:00+00:00,588.7881240100,314620,4440,1572.7263249846,1573.1194267183,1564.5006683579
2014-08-09,2014-08-09 23:50:00+00:00,589.2420558560,314804,4439,1573.3186230565,1573.1194267183,1564.5006683579
2014-08-10,2014-08-10 23:50:00+00:00,590.7858176320,314980,4438,1573.9109043290,1573.1194267183,1564.5006683579
2014-08-11,2014-08-11 23:50:00+00:00,573.9565111500,315162,4437,1574.5014212484,1573.1194267183,1564.5006683579
2014-08-12,2014-08-12 23:50:00+00:00,567.8312128480,315336,4436,1575.1204058145,1573.1194267183,1564.5006683579
2014-08-13,2014-08-13 23:50:00+00:00,549.7903493740,315479,4435,1575.7506789435,1573.1194267183,1564.5006683579
2014-08-14,2014-08-14 23:50:00+00:00,507.3870178040,315662,4434,1576.4141287717,1573.1194267183,1564.5006683579
2014-08-15,2014-08-15 23:50:00+00:00,501.2377412620,315826,4433,1577.1637267682,1577.2785461637,1564.5006683579
2014-08-16,2014-08-16 23:50:00+00:00,522.7481270920,315985,4432,1577.9279602355,1577.2785461637,1564.5006683579
2014-08-17,2014-08-17 23:50:00+00:00,498.2256408780,316154,4431,1578.6471066255,1577.2785461637,1564.5006683579
2014-08-18,2014-08-18 23:50:00+00:00,473.2157087160,316350,4430,1579.4202519001,1577.2785461637,1564.5006683579
2014-08-19,2014-08-19 23:50:00+00:00,491.0069346700,316537,4429,1580.2543124667,1577.2785461637,1564.5006683579
2014-08-20,2014-08-20 23:50:00+00:00,518.0240521100,316706,4428,1581.0464049684,1577.2785461637,1564.5006683579
2014-08-21,2014-08-21 23:50:00+00:00,520.3913133000,316870,4427,1581.7796158887,1577.2785461637,1564.5006683579
2014-08-22,2014-08-22 23:50:00+00:00,514.7948761520,317028,4426,1582.5088701944,1582.6459594853,1564.5006683579
2014-08-23,2014-08-23 23:50:00+00:00,496.1902597120,317190,4425,1583.2509612628,1582.6459594853,1564.5006683579
2014-08-24,2014-08-24 23:50:00+00:00,507.6440996960,317337,4424,1584.0353933025,1582.6459594853,1564.5006683579
2014-08-25,2014-08-25 23:50:00+00:00,503.1851232000,317473,4423,1584.7951368565,1582.6459594853,1564.5006683579
2014-08-26,2014-08-26 23:50:00+00:00,513.6217346540,317648,4422,1585.5658778519,1582.6459594853,1564.5006683579
2014-08-27,2014-08-27 23:50:00+00:00,511.7922304720,317815,4421,1586.3147326301,1582.6459594853,1564.5006683579
2014-08-28,2014-08-28 23:50:00+00:00,506.5381989580,317990,4420,1587.0686005387,1582.6459594853,1564.5006683579
2014-08-29,2014-08-29 23:50:00+00:00,509.0455330480,318159,4419,1587.8350899903,1587.8575578506,1564.5006683579
2014-08-30,2014-08-30 23:50:00+00:00,501.0017905120,318340,4418,1588.5971131317,1587.8575578506,1564.5006683579
2014-08-31,2014-08-31 23:50:00+00:00,478.8788674280,318530,4417,1589.3782514095,1587.8575578506,1564.5006683579
2014-09-01,2014-09-01 23:50:00+00:00,475.3466094740,318665,4416,1590.2133138879,1587.8575578506,1582.0039947465
2014-09-02,2014-09-02 23:50:00+00:00,473.8033685340,318810,4415,1591.0585304399,1587.8575578506,1582.0039947465
2014-09-03,2014-09-03 23:50:00+00:00,474.5441927280,318980,4414,1591.9089634810,1587.8575578506,1582.0039947465
2014-09-04,2014-09-04 23:50:00+00:00,488.6074590400,319138,4413,1592.7587980570,1587.8575578506,1582.0039947465
2014-09-05,2014-09-05 23:50:00+00:00,477.6421457220,319285,4412,1593.5750148374,1593.2085265499,1582.0039947465
2014-09-06,2014-09-06 23:50:00+00:00,479.7417088200,319462,4411,1594.4195174027,1593.2085265499,1582.0039947465
2014-09-07,2014-09-07 23:50:00+00:00,476.1197457700,319616,4410,1595.2600116917,1593.2085265499,1582.0039947465
2014-09-08,2014-09-08 23:50:00+00:00,468.0304807320,319762,4409,1596.1109367307,1593.2085265499,1582.0039947465
2014-09-09,2014-09-09 23:50:00+00:00,473.3757324860,319907,4408,1596.9841593161,1593.2085265499,1582.0039947465
2014-09-10,2014-09-10 23:50:00+00:00,477.6073749840,320065,4407,1597.8447577059,1593.2085265499,1582.0039947465
2014-09-11,2014-09-11 23:50:00+00:00,477.4138829680,320236,4406,1598.6958181054,1593.2085265499,1582.0039947465
2014-09-12,2014-09-12 23:50:00+00:00,474.1973925900,320389,4405,1599.5486654988,1599.1369317690,1582.0039947465
2014-09-13,2014-09-13 23:50:00+00:00,477.1274723420,320571,4404,1600.4110743049,1599.1369317690,1582.0039947465
2014-09-14,2014-09-14 23:50:00+00:00,474.6063150740,320727,4403,1601.2672642738,1599.1369317690,1582.0039947465
2014-09-15,2014-09-15 23:50:00+00:00,469.5715241800,320885,4402,1602.1312524179,1599.1369317690,1582.0039947465
2014-09-16,2014-09-16 23:50:00+00:00,463.2017233960,321056,4401,1603.0097572601,1599.1369317690,1582.0039947465
2014-09-17,2014-09-17 23:50:00+00:00,452.3290782180,321244,4400,1603.9067480530,1599.1369317690,1582.0039947465
2014-09-18,2014-09-18 23:50:00+00:00,425.6686350860,321422,4399,1604.8355332759,1599.1369317690,1582.0039947465
2014-09-19,2014-09-19 23:50:00+00:00,395.7376897340,321593,4398,1605.8470022566,1605.1909829185,1582.0039947465
2014-09-20,2014-09-20 23:50:00+00:00,410.7151554100,321770,4397,1606.9645524043,1605.1909829185,1582.0039947465
2014-09-21,2014-09-21 23:50:00+00:00,400.4654117660,321933,4396,1608.0299640917,1605.1909829185,1582.0039947465
2014-09-22,2014-09-22 23:50:00+00:00,399.1341496680,322098,4395,1609.1339884941,1605.1909829185,1582.0039947465
2014-09-23,2014-09-23 23:50:00+00:00,439.4156581540,322250,4394,1610.2449482265,1605.1909829185,1582.0039947465
2014-09-24,2014-09-24 23:50:00+00:00,423.5680479300,322405,4393,1611.2222130963,1605.1909829185,1582.0039947465
2014-09-25,2014-09-25 23:50:00+00:00,409.3475153560,322579,4392,1612.2515019351,1605.1909829185,1582.0039947465
2014-09-26,2014-09-26 23:50:00+00:00,404.5741875160,322713,4391,1613.3311914871,1613.0409427508,1582.0039947465
2014-09-27,2014-09-27 23:50:00+00:00,400.6865141880,322846,4390,1614.4299329504,1613.0409427508,1582.0039947465
2014-09-28,2014-09-28 23:50:00+00:00,375.3031502240,322977,4389,1615.5449348917,1613.0409427508,1582.0039947465
2014-09-29,2014-09-29 23:50:00+00:00,373.9906226080,323115,4388,1616.7625324439,1613.0409427508,1582.0039947465
2014-09-30,2014-09-30 23:50:00+00:00,390.1871097300,323268,4387,1617.9881032440,1613.0409427508,1582.0039947465
2014-10-01,2014-10-01 23:50:00+00:00,383.9437351780,323423,4386,1619.1497483094,1613.0409427508,1607.8189832423
2014-10-02,2014-10-02 23:50:00+00:00,375.4928339000,323559,4385,1620.3385460676,1613.0409427508,1607.8189832423
2014-10-03,2014-10-03 23:50:00+00:00,357.3629803360,323707,4384,1621.5647921570,1620.7622048828,1607.8189832423
2014-10-04,2014-10-04 23:50:00+00:00,326.6424685980,323861,4383,1622.8746384934,1620.7622048828,1607.8189832423
2014-10-05,2014-10-05 23:50:00+00:00,323.0550494240,324028,4382,1624.3456505189,1620.7622048828,1607.8189832423
2014-10-06,2014-10-06 23:50:00+00:00,328.0491748120,324190,4381,1625.8405171536,1620.7622048828,1607.8189832423
2014-10-07,2014-10-07 23:50:00+00:00,334.4042184940,324324,4380,1627.3103305247,1620.7622048828,1607.8189832423
2014-10-08,2014-10-08 23:50:00+00:00,355.9922473460,324469,4379,1628.7483815401,1620.7622048828,1607.8189832423
2014-10-09,2014-10-09 23:50:00+00:00,364.5562265840,324616,4378,1630.0795643609,1620.7622048828,1607.8189832423
2014-10-10,2014-10-10 23:50:00+00:00,360.9386718860,324771,4377,1631.3734100136,1629.9674560910,1607.8189832423
2014-10-11,2014-10-11 23:50:00+00:00,362.4326819460,324916,4376,1632.6866511342,1629.9674560910,1607.8189832423
2014-10-12,2014-10-12 23:50:00+00:00,379.5442335080,325063,4375,1633.9956402757,1629.9674560910,1607.8189832423
2014-10-13,2014-10-13 23:50:00+00:00,392.3255061560,325219,4374,1635.2312799740,1629.9674560910,1607.8189832423
2014-10-14,2014-10-14 23:50:00+00:00,402.4285720380,325351,4373,1636.4167924040,1629.9674560910,1607.8189832423
2014-10-15,2014-10-15 23:50:00+00:00,394.0944819520,325501,4372,1637.5653180174,1629.9674560910,1607.8189832423
2014-10-16,2014-10-16 23:50:00+00:00,383.0852832960,325650,4371,1638.7482688366,1629.9674560910,1607.8189832423
2014-10-17,2014-10-17 23:50:00+00:00,383.0609196560,325790,4370,1639.9783515128,1639.1886462236,1607.8189832423
2014-10-18,2014-10-18 23:50:00+00:00,390.7537973400,325956,4369,1641.2109489582,1639.1886462236,1607.8189832423
2014-10-19,2014-10-19 23:50:00+00:00,388.5758725720,326089,4368,1642.4142261258,1639.1886462236,1607.8189832423
2014-10-20,2014-10-20 23:50:00+00:00,381.3568262200,326225,4367,1643.6286945899,1639.1886462236,1607.8189832423
2014-10-21,2014-10-21 23:50:00+00:00,385.8460746760,326377,4366,1644.8757068808,1639.1886462236,1607.8189832423
2014-10-22,2014-10-22 23:50:00+00:00,382.4363193200,326537,4365,1646.1062461572,1639.1886462236,1607.8189832423
2014-10-23,2014-10-23 23:50:00+00:00,356.5661552360,326686,4364,1647.3535624576,1639.1886462236,1607.8189832423
2014-10-24,2014-10-24 23:50:00+00:00,358.1904358080,326848,4363,1648.7215328525,1647.8482612092,1607.8189832423
2014-10-25,2014-10-25 23:50:00+00:00,348.1574356140,327003,4362,1650.0844674106,1647.8482612092,1607.8189832423
2014-10-26,2014-10-26 23:50:00+00:00,355.0214911720,327128,4361,1651.5005990251,1647.8482612092,1607.8189832423
2014-10-27,2014-10-27 23:50:00+00:00,350.9831834860,327286,4360,1652.8850163720,1647.8482612092,1607.8189832423
2014-10-28,2014-10-28 23:50:00+00:00,355.7740055640,327424,4359,1654.2927400789,1647.8482612092,1607.8189832423
2014-10-29,2014-10-29 23:50:00+00:00,335.0932848320,327580,4358,1655.6793778311,1647.8482612092,1607.8189832423
2014-10-30,2014-10-30 23:50:00+00:00,346.1215294860,327747,4357,1657.1783124006,1647.8482612092,1607.8189832423
2014-10-31,2014-10-31 23:50:00+00:00,337.8133933460,327935,4356,1658.6206006713,1657.4269677147,1607.8189832423
2014-11-01,2014-11-01 23:50:00+00:00,324.5734843560,328097,4355,1660.1110305280,1657.4269677147,1644.2160133130
2014-11-02,2014-11-02 23:50:00+00:00,324.3657932900,328251,4354,1661.6814020054,1657.4269677147,1644.2160133130
2014-11-03,2014-11-03 23:50:00+00:00,325.9658722180,328419,4353,1663.2567245414,1657.4269677147,1644.2160133130
2014-11-04,2014-11-04 23:50:00+00:00,330.0775407440,328583,4352,1664.8261248604,1657.4269677147,1644.2160133130
2014-11-05,2014-11-05 23:50:00+00:00,338.0022151560,328721,4351,1666.3748241753,1657.4269677147,1644.2160133130
2014-11-06,2014-11-06 23:50:00+00:00,349.9122070480,328874,4350,1667.8816961335,1657.4269677147,1644.2160133130
2014-11-07,2014-11-07 23:50:00+00:00,342.1350114360,329024,4349,1669.3274634197,1667.9018709890,1644.2160133130
2014-11-08,2014-11-08 23:50:00+00:00,345.7462867900,329178,4348,1670.8181145854,1667.9018709890,1644.2160133130
2014-11-09,2014-11-09 23:50:00+00:00,365.5638444880,329328,4347,1672.2924778181,1667.9018709890,1644.2160133130
2014-11-10,2014-11-10 23:50:00+00:00,365.8704261920,329475,4346,1673.6690596619,1667.9018709890,1644.2160133130
2014-11-11,2014-11-11 23:50:00+00:00,369.8149674340,329604,4345,1675.0470647029,1667.9018709890,1644.2160133130
2014-11-12,2014-11-12 23:50:00+00:00,424.3660600760,329750,4344,1676.4091159808,1667.9018709890,1644.2160133130
2014-11-13,2014-11-13 23:50:00+00:00,420.4748087720,329896,4343,1677.5487461576,1667.9018709890,1644.2160133130
2014-11-14,2014-11-14 23:50:00+00:00,399.5006388380,330049,4342,1678.7046063412,1678.3747716120,1644.2160133130
2014-11-15,2014-11-15 23:50:00+00:00,376.6290049740,330188,4341,1679.9437660339,1678.3747716120,1644.2160133130
2014-11-16,2014-11-16 23:50:00+00:00,389.7978101220,330338,4340,1681.2843282865,1678.3747716120,1644.2160133130
2014-11-17,2014-11-17 23:50:00+00:00,388.3580000000,330484,4339,1682.5691230171,1678.3747716120,1644.2160133130
2014-11-18,2014-11-18 23:50:00+00:00,375.0893458960,330637,4338,1683.8626932093,1678.3747716120,1644.2160133130
2014-11-19,2014-11-19 23:50:00+00:00,378.8960207060,330779,4337,1685.2184959532,1678.3747716120,1644.2160133130
2014-11-20,2014-11-20 23:50:00+00:00,356.4627090680,330917,4336,1686.5595391230,1678.3747716120,1644.2160133130
2014-11-21,2014-11-21 23:50:00+00:00,350.4622877660,331044,4335,1688.0125059974,1687.0855253282,1644.2160133130
2014-11-22,2014-11-22 23:50:00+00:00,353.3112036800,331198,4334,1689.5002841161,1687.0855253282,1644.2160133130
2014-11-23,2014-11-23 23:50:00+00:00,367.6990866780,331339,4333,1690.9761922051,1687.0855253282,1644.2160133130
2014-11-24,2014-11-24 23:50:00+00:00,375.8525662780,331487,4332,1692.3821368836,1687.0855253282,1644.2160133130
2014-11-25,2014-11-25 23:50:00+00:00,376.5900344260,331618,4331,1693.7519923077,1687.0855253282,1644.2160133130
2014-11-26,2014-11-26 23:50:00+00:00,367.5575626680,331754,4330,1695.1212438097,1687.0855253282,1644.2160133130
2014-11-27,2014-11-27 23:50:00+00:00,369.6542747740,331895,4329,1696.5367301427,1687.0855253282,1644.2160133130
2014-11-28,2014-11-28 23:50:00+00:00,376.8495204660,332044,4328,1697.9449584648,1697.5447210727,1644.2160133130
2014-11-29,2014-11-29 23:50:00+00:00,375.8847204100,332202,4327,1699.3217079921,1697.5447210727,1644.2160133130
2014-11-30,2014-11-30 23:50:00+00:00,376.6815158640,332360,4326,1700.7058839295,1697.5447210727,1644.2160133130
2014-12-01,2014-12-01 23:50:00+00:00,376.6290066890,332492,4325,1702.0891886854,1697.5447210727,1692.3323875572
2014-12-02,2014-12-02 23:50:00+00:00,379.0694120617,332640,4324,1703.4756353325,1697.5447210727,1692.3323875572
2014-12-03,2014-12-03 23:50:00+00:00,375.5560275468,332758,4323,1704.8534928158,1697.5447210727,1692.3323875572
2014-12-04,2014-12-04 23:50:00+00:00,369.1947038800,332904,4322,1706.2508439656,1697.5447210727,1692.3323875572
2014-12-05,2014-12-05 23:50:00+00:00,376.0000000000,333059,4321,1707.6820987117,1707.2260995629,1692.3323875572
2014-12-06,2014-12-06 23:50:00+00:00,375.0179515380,333197,4320,1709.0832731109,1707.2260995629,1692.3323875572
2014-12-07,2014-12-07 23:50:00+00:00,377.1457830300,333322,4319,1710.4921171240,1707.2260995629,1692.3323875572
2014-12-08,2014-12-08 23:50:00+00:00,361.6342622220,333482,4318,1711.8937293536,1707.2260995629,1692.3323875572
2014-12-09,2014-12-09 23:50:00+00:00,351.9085479040,333626,4317,1713.3756269615,1707.2260995629,1692.3323875572
2014-12-10,2014-12-10 23:50:00+00:00,346.9597450120,333770,4316,1714.9128537632,1707.2260995629,1692.3323875572
2014-12-11,2014-12-11 23:50:00+00:00,348.9219446920,333919,4315,1716.4812304552,1707.2260995629,1692.3323875572
2014-12-12,2014-12-12 23:50:00+00:00,352.8697126020,334056,4314,1718.0421177442,1717.0791140272,1692.3323875572
2014-12-13,2014-12-13 23:50:00+00:00,350.9615073260,334205,4313,1719.5845894404,1717.0791140272,1692.3323875572
2014-12-14,2014-12-14 23:50:00+00:00,357.1418999840,334347,4312,1721.1411359643,1717.0791140272,1692.3323875572
2014-12-15,2014-12-15 23:50:00+00:00,348.0818606860,334488,4311,1722.6672841524,1717.0791140272,1692.3323875572
2014-12-16,2014-12-16 23:50:00+00:00,328.9011390200,334630,4310,1724.2471222481,1717.0791140272,1692.3323875572
2014-12-17,2014-12-17 23:50:00+00:00,321.5984932060,334759,4309,1725.9464116243,1717.0791140272,1692.3323875572
2014-12-18,2014-12-18 23:50:00+00:00,312.2817758880,334887,4308,1727.6976802412,1717.0791140272,1692.3323875572
2014-12-19,2014-12-19 23:50:00+00:00,318.5441340620,335022,4307,1729.5177481072,1727.9236378724,1692.3323875572
2014-12-20,2014-12-20 23:50:00+00:00,331.4905016820,335156,4306,1731.2986797594,1727.9236378724,1692.3323875572
2014-12-21,2014-12-21 23:50:00+00:00,320.5567875540,335291,4305,1732.9985762906,1727.9236378724,1692.3323875572
2014-12-22,2014-12-22 23:50:00+00:00,331.9978829860,335452,4304,1734.7745492965,1727.9236378724,1692.3323875572
2014-12-23,2014-12-23 23:50:00+00:00,336.5221724140,335604,4303,1736.4796560416,1727.9236378724,1692.3323875572
2014-12-24,2014-12-24 23:50:00+00:00,322.5220000000,335758,4302,1738.1604737939,1727.9236378724,1692.3323875572
2014-12-25,2014-12-25 23:50:00+00:00,319.6932810020,335914,4301,1739.9361217868,1727.9236378724,1692.3323875572
2014-12-26,2014-12-26 23:50:00+00:00,329.3122812160,336066,4300,1741.7355845710,1740.4447662665,1692.3323875572
2014-12-27,2014-12-27 23:50:00+00:00,316.2093873380,336220,4299,1743.4750076498,1740.4447662665,1692.3323875572
2014-12-28,2014-12-28 23:50:00+00:00,317.5940000000,336388,4298,1745.3078946374,1740.4447662665,1692.3323875572
2014-12-29,2014-12-29 23:50:00+00:00,312.4585004120,336553,4297,1747.1357009862,1740.4447662665,1692.3323875572
2014-12-30,2014-12-30 23:50:00+00:00,311.4300201500,336707,4296,1749.0050424600,1740.4447662665,1692.3323875572
2014-12-31,2014-12-31 23:50:00+00:00,320.9927121280,336858,4295,1750.8868055521,1740.4447662665,1692.3323875572
2015-01-01,2015-01-01 23:50:00+00:00,314.0254563180,337022,4294,1752.7050635275,1740.4447662665,1735.0158183876
2015-01-02,2015-01-02 23:50:00+00:00,315.6871609840,337188,4293,1754.5775164342,1752.6766485138,1735.0158183876
2015-01-03,2015-01-03 23:50:00+00:00,283.0065351500,337352,4292,1756.4428009295,1752.6766485138,1735.0158183876
2015-01-04,2015-01-04 23:50:00+00:00,263.8078825160,337522,4291,1758.5765220050,1752.6766485138,1735.0158183876
2015-01-05,2015-01-05 23:50:00+00:00,276.8000000000,337680,4290,1760.9022781270,1752.6766485138,1735.0158183876
2015-01-06,2015-01-06 23:50:00+00:00,276.8000000000,337836,4289,1763.1063218334,1752.6766485138,1735.0158183876
2015-01-07,2015-01-07 23:50:00+00:00,276.8000000000,337978,4288,1765.3169217372,1752.6766485138,1735.0158183876
2015-01-08,2015-01-08 23:50:00+00:00,284.2775000000,338125,4287,1767.5341071352,1752.6766485138,1735.0158183876
2015-01-09,2015-01-09 23:50:00+00:00,293.9564606720,338265,4286,1769.6884680346,1765.7888303216,1735.0158183876
2015-01-10,2015-01-10 23:50:00+00:00,275.1789145520,338412,4285,1771.7642397636,1765.7888303216,1735.0158183876
2015-01-11,2015-01-11 23:50:00+00:00,265.1045999120,338567,4284,1774.0163751339,1765.7888303216,1735.0158183876
2015-01-12,2015-01-12 23:50:00+00:00,267.0091753000,338707,4283,1776.3770363242,1765.7888303216,1735.0158183876
2015-01-13,2015-01-13 23:50:00+00:00,226.2315100269,338834,4282,1778.7252148471,1765.7888303216,1735.0158183876
2015-01-14,2015-01-14 23:50:00+00:00,172.2093361644,338981,4281,1781.5810761825,1765.7888303216,1735.0158183876
2015-01-15,2015-01-15 23:50:00+00:00,210.2220540198,339132,4280,1785.4796954529,1765.7888303216,1735.0158183876
2015-01-16,2015-01-16 23:50:00+00:00,207.4007533856,339271,4279,1788.6118785681,1780.3544982430,1735.0158183876
2015-01-17,2015-01-17 23:50:00+00:00,199.7133548100,339408,4278,1791.8051035678,1780.3544982430,1735.0158183876
2015-01-18,2015-01-18 23:50:00+00:00,211.9333256560,339562,4277,1795.1510789294,1780.3544982430,1735.0158183876
2015-01-19,2015-01-19 23:50:00+00:00,216.2135457394,339705,4276,1798.2927745077,1780.3544982430,1735.0158183876
2015-01-20,2015-01-20 23:50:00+00:00,211.2143681032,339823,4275,1801.3760589899,1780.3544982430,1735.0158183876
2015-01-21,2015-01-21 23:50:00+00:00,227.3673392702,339972,4274,1804.5547870995,1780.3544982430,1735.0158183876
2015-01-22,2015-01-22 23:50:00+00:00,233.0832877620,340108,4273,1807.4890431785,1780.3544982430,1735.0158183876
2015-01-23,2015-01-23 23:50:00+00:00,233.6469371526,340230,4272,1810.3514884550,1802.7311641832,1735.0158183876
2015-01-24,2015-01-24 23:50:00+00:00,249.3475380570,340358,4271,1813.2163939113,1802.7311641832,1735.0158183876
2015-01-25,2015-01-25 23:50:00+00:00,254.5662431274,340483,4270,1815.8835926423,1802.7311641832,1735.0158183876
2015-01-26,2015-01-26 23:50:00+00:00,274.3673394384,340609,4269,1818.4962148793,1802.7311641832,1735.0158183876
2015-01-27,2015-01-27 23:50:00+00:00,263.8566599952,340757,4268,1820.8973255612,1802.7311641832,1735.0158183876
2015-01-28,2015-01-28 23:50:00+00:00,235.5267381424,340923,4267,1823.4190390231,1802.7311641832,1735.0158183876
2015-01-29,2015-01-29 23:50:00+00:00,235.3780460644,341086,4266,1826.3052850645,1802.7311641832,1735.0158183876
2015-01-30,2015-01-30 23:50:00+00:00,228.4714563518,341224,4265,1829.2041468294,1822.7987463873,1735.0158183876
2015-01-31,2015-01-31 23:50:00+00:00,218.1833214084,341390,4264,1832.2146981222,1822.7987463873,1735.0158183876
2015-02-01,2015-02-01 23:50:00+00:00,227.6223232278,341544,4263,1835.3996710213,1822.7987463873,1792.5434994150
2015-02-02,2015-02-02 23:50:00+00:00,237.9709054988,341704,4262,1838.4465037038,1822.7987463873,1792.5434994150
2015-02-03,2015-02-03 23:50:00+00:00,227.6791825346,341832,4261,1841.3528722399,1822.7987463873,1792.5434994150
2015-02-04,2015-02-04 23:50:00+00:00,227.0801987966,341990,4260,1844.4214912382,1822.7987463873,1792.5434994150
2015-02-05,2015-02-05 23:50:00+00:00,216.8557746663,342150,4259,1847.5110881507,1822.7987463873,1792.5434994150
2015-02-06,2015-02-06 23:50:00+00:00,222.7839778729,342323,4258,1850.7795258250,1843.9274114095,1792.5434994150
2015-02-07,2015-02-07 23:50:00+00:00,229.0018570208,342484,4257,1853.9620113687,1843.9274114095,1792.5434994150
2015-02-08,2015-02-08 23:50:00+00:00,223.9636719150,342618,4256,1857.0582013978,1843.9274114095,1792.5434994150
2015-02-09,2015-02-09 23:50:00+00:00,221.0042389553,342777,4255,1860.2461006163,1843.9274114095,1792.5434994150
2015-02-10,2015-02-10 23:50:00+00:00,220.6003968710,342923,4254,1863.4952766653,1843.9274114095,1792.5434994150
2015-02-11,2015-02-11 23:50:00+00:00,219.7285161312,343080,4253,1866.7641459544,1843.9274114095,1792.5434994150
2015-02-12,2015-02-12 23:50:00+00:00,222.8289033732,343200,4252,1870.0608431011,1843.9274114095,1792.5434994150
2015-02-13,2015-02-13 23:50:00+00:00,236.8050188504,343345,4251,1873.3184880292,1866.2634868279,1792.5434994150
2015-02-14,2015-02-14 23:50:00+00:00,257.0310272347,343506,4250,1876.3695999558,1866.2634868279,1792.5434994150
2015-02-15,2015-02-15 23:50:00+00:00,235.0457813202,343645,4249,1879.1559019787,1866.2634868279,1792.5434994150
2015-02-16,2015-02-16 23:50:00+00:00,234.5256899357,343803,4248,1882.2552650529,1866.2634868279,1792.5434994150
2015-02-17,2015-02-17 23:50:00+00:00,244.7022003916,343952,4247,1885.3742323484,1866.2634868279,1792.5434994150
2015-02-18,2015-02-18 23:50:00+00:00,237.4602610896,344118,4246,1888.3560961649,1866.2634868279,1792.5434994150
2015-02-19,2015-02-19 23:50:00+00:00,241.4600574504,344284,4245,1891.4538491592,1866.2634868279,1792.5434994150
2015-02-20,2015-02-20 23:50:00+00:00,245.3421246870,344442,4244,1894.5042521611,1887.6622161288,1792.5434994150
2015-02-21,2015-02-21 23:50:00+00:00,245.5785541629,344584,4243,1897.5103447387,1887.6622161288,1792.5434994150
2015-02-22,2015-02-22 23:50:00+00:00,236.4572949647,344736,4242,1900.5240750361,1887.6622161288,1792.5434994150
2015-02-23,2015-02-23 23:50:00+00:00,239.2251327609,344878,4241,1903.6830370343,1887.6622161288,1792.5434994150
2015-02-24,2015-02-24 23:50:00+00:00,239.8410423226,345007,4240,1906.8120549078,1887.6622161288,1792.5434994150
2015-02-25,2015-02-25 23:50:00+00:00,238.1139375509,345165,4239,1909.9436216790,1887.6622161288,1792.5434994150
2015-02-26,2015-02-26 23:50:00+00:00,237.0798280600,345313,4238,1913.1130935883,1887.6622161288,1792.5434994150
2015-02-27,2015-02-27 23:50:00+00:00,253.8268818944,345468,4237,1916.3104823325,1908.7466206987,1792.5434994150
2015-02-28,2015-02-28 23:50:00+00:00,253.6915093848,345609,4236,1919.2780573194,1908.7466206987,1792.5434994150
2015-03-01,2015-03-01 23:50:00+00:00,258.7270505769,345749,4235,1922.2580798846,1908.7466206987,1885.1172697738
2015-03-02,2015-03-02 23:50:00+00:00,276.0928005163,345907,4234,1925.1816258251,1908.7466206987,1885.1172697738
2015-03-03,2015-03-03 23:50:00+00:00,282.4760880922,346065,4233,1927.9019812374,1908.7466206987,1885.1172697738
2015-03-04,2015-03-04 23:50:00+00:00,272.0490118613,346206,4232,1930.5592416105,1908.7466206987,1885.1172697738
2015-03-05,2015-03-05 23:50:00+00:00,275.7988366596,346336,4231,1933.3449607447,1908.7466206987,1885.1172697738
2015-03-06,2015-03-06 23:50:00+00:00,273.0491746904,346484,4230,1936.0957648250,1929.5406126007,1885.1172697738
2015-03-07,2015-03-07 23:50:00+00:00,276.8780976691,346626,4229,1938.8881712197,1929.5406126007,1885.1172697738
2015-03-08,2015-03-08 23:50:00+00:00,275.2790516535,346781,4228,1941.6448099711,1929.5406126007,1885.1172697738
2015-03-09,2015-03-09 23:50:00+00:00,288.2142061171,346923,4227,1944.4293732691,1929.5406126007,1885.1172697738
2015-03-10,2015-03-10 23:50:00+00:00,292.4491012592,347075,4226,1947.0769893219,1929.5406126007,1885.1172697738
2015-03-11,2015-03-11 23:50:00+00:00,296.5324948519,347232,4225,1949.6878784341,1929.5406126007,1885.1172697738
2015-03-12,2015-03-12 23:50:00+00:00,295.8481806575,347361,4224,1952.2645326411,1929.5406126007,1885.1172697738
2015-03-13,2015-03-13 23:50:00+00:00,285.6382567508,347507,4223,1954.8562901228,1949.1177625790,1885.1172697738
2015-03-14,2015-03-14 23:50:00+00:00,283.2459863615,347639,4222,1957.5658255871,1949.1177625790,1885.1172697738
2015-03-15,2015-03-15 23:50:00+00:00,287.2991907259,347783,4221,1960.3110907792,1949.1177625790,1885.1172697738
2015-03-16,2015-03-16 23:50:00+00:00,291.3481411176,347920,4220,1963.0198903790,1949.1177625790,1885.1172697738
2015-03-17,2015-03-17 23:50:00+00:00,286.2368092016,348049,4219,1965.6931734959,1949.1177625790,1885.1172697738
2015-03-18,2015-03-18 23:50:00+00:00,258.1945290379,348201,4218,1968.4313215932,1949.1177625790,1885.1172697738
2015-03-19,2015-03-19 23:50:00+00:00,262.2621084127,348338,4217,1971.5280889296,1949.1177625790,1885.1172697738
2015-03-20,2015-03-20 23:50:00+00:00,263.0544217348,348474,4216,1974.5805374655,1968.1257710467,1885.1172697738
2015-03-21,2015-03-21 23:50:00+00:00,261.3618035694,348626,4215,1977.6332513402,1968.1257710467,1885.1172697738
2015-03-22,2015-03-22 23:50:00+00:00,268.2085121177,348767,4214,1980.7197946100,1968.1257710467,1885.1172697738
2015-03-23,2015-03-23 23:50:00+00:00,266.2329206344,348912,4213,1983.7262250511,1968.1257710467,1885.1172697738
2015-03-24,2015-03-24 23:50:00+00:00,245.6739071306,349086,4212,1986.7691577221,1968.1257710467,1885.1172697738
2015-03-25,2015-03-25 23:50:00+00:00,246.8942550731,349247,4211,1990.1184819390,1968.1257710467,1885.1172697738
2015-03-26,2015-03-26 23:50:00+00:00,249.5701946815,349395,4210,1993.4617259425,1968.1257710467,1885.1172697738
2015-03-27,2015-03-27 23:50:00+00:00,247.8728067689,349566,4209,1996.7766785264,1989.5475125493,1885.1172697738
2015-03-28,2015-03-28 23:50:00+00:00,253.4000507257,349716,4208,2000.1303430900,1989.5475125493,1885.1172697738
2015-03-29,2015-03-29 23:50:00+00:00,243.3137110162,349869,4207,2003.4129366740,1989.5475125493,1885.1172697738
2015-03-30,2015-03-30 23:50:00+00:00,248.4273894204,350009,4206,2006.8645279101,1989.5475125493,1885.1172697738
2015-03-31,2015-03-31 23:50:00+00:00,244.5766420522,350160,4205,2010.2483778229,1989.5475125493,1885.1172697738
2015-04-01,2015-04-01 23:50:00+00:00,247.6330365766,350291,4204,2013.7064052312,1989.5475125493,1974.4077078529
2015-04-02,2015-04-02 23:50:00+00:00,253.9553864677,350456,4203,2017.1291496735,1989.5475125493,1974.4077078529
2015-04-03,2015-04-03 23:50:00+00:00,254.8868361384,350604,4202,2020.4675122987,2013.0831190964,1974.4077078529
2015-04-04,2015-04-04 23:50:00+00:00,253.9929262544,350756,4201,2023.8045110065,2013.0831190964,1974.4077078529
2015-04-05,2015-04-05 23:50:00+00:00,261.2126187519,350905,4200,2027.1676575408,2013.0831190964,1974.4077078529
2015-04-06,2015-04-06 23:50:00+00:00,256.4220730129,351030,4199,2030.4367641439,2013.0831190964,1974.4077078529
2015-04-07,2015-04-07 23:50:00+00:00,253.9894885279,351182,4198,2033.7884642303,2013.0831190964,1974.4077078529
2015-04-08,2015-04-08 23:50:00+00:00,245.8480735402,351309,4197,2037.1897860870,2013.0831190964,1974.4077078529
2015-04-09,2015-04-09 23:50:00+00:00,244.6159208858,351441,4196,2040.7335309785,2013.0831190964,1974.4077078529
2015-04-10,2015-04-10 23:50:00+00:00,236.5108547053,351593,4195,2044.3117358926,2036.4958585365,1974.4077078529
2015-04-11,2015-04-11 23:50:00+00:00,236.7724009158,351733,4194,2048.0443272162,2036.4958585365,1974.4077078529
2015-04-12,2015-04-12 23:50:00+00:00,236.4770977506,351861,4193,2051.7876746036,2036.4958585365,1974.4077078529
2015-04-13,2015-04-13 23:50:00+00:00,224.9765153297,352018,4192,2055.5518427210,2036.4958585365,1974.4077078529
2015-04-14,2015-04-14 23:50:00+00:00,219.3874862191,352166,4191,2059.5504171645,2036.4958585365,1974.4077078529
2015-04-15,2015-04-15 23:50:00+00:00,223.8348000036,352288,4190,2063.6815874064,2036.4958585365,1974.4077078529
2015-04-16,2015-04-16 23:50:00+00:00,227.8703787265,352425,4189,2067.7389086079,2036.4958585365,1974.4077078529
2015-04-17,2015-04-17 23:50:00+00:00,223.0841719014,352550,4188,2071.7330739900,2062.7034910605,1974.4077078529
2015-04-18,2015-04-18 23:50:00+00:00,223.5865237126,352698,4187,2075.8415136371,2062.7034910605,1974.4077078529
2015-04-19,2015-04-19 23:50:00+00:00,223.5674472650,352843,4186,2079.9578462427,2062.7034910605,1974.4077078529
2015-04-20,2015-04-20 23:50:00+00:00,225.2184300872,352996,4185,2084.0929114241,2062.7034910605,1974.4077078529
2015-04-21,2015-04-21 23:50:00+00:00,235.5210246965,353151,4184,2088.2122653297,2062.7034910605,1974.4077078529
2015-04-22,2015-04-22 23:50:00+00:00,233.7009634609,353302,4183,2092.1466573115,2062.7034910605,1974.4077078529
2015-04-23,2015-04-23 23:50:00+00:00,236.1635368171,353432,4182,2096.1325360562,2062.7034910605,1974.4077078529
2015-04-24,2015-04-24 23:50:00+00:00,231.0205337249,353555,4181,2100.0884814383,2091.5454885373,1974.4077078529
2015-04-25,2015-04-25 23:50:00+00:00,226.5854799438,353719,4180,2104.1611326637,2091.5454885373,1974.4077078529
2015-04-26,2015-04-26 23:50:00+00:00,221.0537996048,353864,4179,2108.3416881695,2091.5454885373,1974.4077078529
2015-04-27,2015-04-27 23:50:00+00:00,227.4497711597,353999,4178,2112.6588776682,2091.5454885373,1974.4077078529
2015-04-28,2015-04-28 23:50:00+00:00,225.3984377539,354154,4177,2116.8593831859,2091.5454885373,1974.4077078529
2015-04-29,2015-04-29 23:50:00+00:00,225.6405442418,354281,4176,2121.1217574965,2091.5454885373,1974.4077078529
2015-04-30,2015-04-30 23:50:00+00:00,236.7031157499,354415,4175,2125.3982348993,2091.5454885373,1974.4077078529
2015-05-01,2015-05-01 23:50:00+00:00,232.7740205182,354562,4174,2129.4690067449,2120.1461705394,2079.4837054110
2015-05-02,2015-05-02 23:50:00+00:00,234.4547062686,354709,4173,2133.6351553987,2120.1461705394,2079.4837054110
2015-05-03,2015-05-03 23:50:00+00:00,239.8453986376,354850,4172,2137.7859112310,2120.1461705394,2079.4837054110
2015-05-04,2015-05-04 23:50:00+00:00,239.2673350150,354978,4171,2141.8494082727,2120.1461705394,2079.4837054110
2015-05-05,2015-05-05 23:50:00+00:00,236.2114911026,355131,4170,2145.9414664999,2120.1461705394,2079.4837054110
2015-05-06,2015-05-06 23:50:00+00:00,229.6557816854,355292,4169,2150.1111198798,2120.1461705394,2079.4837054110
2015-05-07,2015-05-07 23:50:00+00:00,237.4128309678,355435,4168,2154.4335922914,2120.1461705394,2079.4837054110
2015-05-08,2015-05-08 23:50:00+00:00,244.3376013239,355581,4167,2158.6164646719,2149.3871163576,2079.4837054110
2015-05-09,2015-05-09 23:50:00+00:00,242.6196451076,355713,4166,2162.6835999638,2149.3871163576,2079.4837054110
2015-05-10,2015-05-10 23:50:00+00:00,240.8437269087,355843,4165,2166.8007215946,2149.3871163576,2079.4837054110
2015-05-11,2015-05-11 23:50:00+00:00,241.6363056849,355998,4164,2170.9699370116,2149.3871163576,2079.4837054110
2015-05-12,2015-05-12 23:50:00+00:00,241.3522020526,356150,4163,2175.1417641395,2149.3871163576,2079.4837054110
2015-05-13,2015-05-13 23:50:00+00:00,236.3463168219,356312,4162,2179.3372311308,2149.3871163576,2079.4837054110
2015-05-14,2015-05-14 23:50:00+00:00,237.2065240952,356465,4161,2183.6515033477,2149.3871163576,2079.4837054110
2015-05-15,2015-05-15 23:50:00+00:00,237.8873972045,356612,4160,2187.9673201616,2177.9263419235,2079.4837054110
2015-05-16,2015-05-16 23:50:00+00:00,236.3927155274,356745,4159,2192.2883745919,2177.9263419235,2079.4837054110
2015-05-17,2015-05-17 23:50:00+00:00,236.6792552670,356915,4158,2196.6594655559,2177.9263419235,2079.4837054110
2015-05-18,2015-05-18 23:50:00+00:00,233.5907071813,357061,4157,2201.0441690001,2177.9263419235,2079.4837054110
2015-05-19,2015-05-19 23:50:00+00:00,231.9483393396,357190,4156,2205.5139183595,2177.9263419235,2079.4837054110
2015-05-20,2015-05-20 23:50:00+00:00,234.3981959711,357336,4155,2210.0396555708,2177.9263419235,2079.4837054110
2015-05-21,2015-05-21 23:50:00+00:00,235.6038944468,357491,4154,2214.5329981421,2177.9263419235,2079.4837054110
2015-05-22,2015-05-22 23:50:00+00:00,239.8753072752,357628,4153,2219.0209401885,2208.2442814949,2079.4837054110
2015-05-23,2015-05-23 23:50:00+00:00,238.7335530264,357741,4152,2223.4392904299,2208.2442814949,2079.4837054110
2015-05-24,2015-05-24 23:50:00+00:00,240.2080085180,357886,4151,2227.9012524348,2208.2442814949,2079.4837054110
2015-05-25,2015-05-25 23:50:00+00:00,236.5916060478,358028,4150,2232.3524466597,2208.2442814949,2079.4837054110
2015-05-26,2015-05-26 23:50:00+00:00,236.2509942257,358172,4149,2236.9003619777,2208.2442814949,2079.4837054110
2015-05-27,2015-05-27 23:50:00+00:00,237.0397222818,358310,4148,2241.4764330994,2208.2442814949,2079.4837054110
2015-05-28,2015-05-28 23:50:00+00:00,237.1630962247,358442,4147,2246.0563524607,2208.2442814949,2079.4837054110
2015-05-29,2015-05-29 23:50:00+00:00,236.4593782503,358596,4146,2250.6545676933,2239.2302464458,2079.4837054110
2015-05-30,2015-05-30 23:50:00+00:00,233.4292178093,358732,4145,2255.2892794728,2239.2302464458,2079.4837054110
2015-05-31,2015-05-31 23:50:00+00:00,229.8704626583,358879,4144,2260.0130313272,2239.2302464458,2079.4837054110
2015-06-01,2015-06-01 23:50:00+00:00,223.5682104109,359012,4143,2264.8410190442,2239.2302464458,2207.3058394560
2015-06-02,2015-06-02 23:50:00+00:00,225.4970953657,359162,4142,2269.8445549657,2239.2302464458,2207.3058394560
2015-06-03,2015-06-03 23:50:00+00:00,225.5681818920,359302,4141,2274.8248663295,2239.2302464458,2207.3058394560
2015-06-04,2015-06-04 23:50:00+00:00,223.9354202304,359445,4140,2279.8277478200,2239.2302464458,2207.3058394560
2015-06-05,2015-06-05 23:50:00+00:00,224.5960938206,359583,4139,2284.8958873549,2271.7322519399,2207.3058394560
2015-06-06,2015-06-06 23:50:00+00:00,225.0604746896,359760,4138,2289.9724294009,2271.7322519399,2207.3058394560
2015-06-07,2015-06-07 23:50:00+00:00,223.5081692989,359908,4137,2295.0623531497,2271.7322519399,2207.3058394560
2015-06-08,2015-06-08 23:50:00+00:00,228.7738683609,360065,4136,2300.2169079034,2271.7322519399,2207.3058394560
2015-06-09,2015-06-09 23:50:00+00:00,229.0032607796,360214,4135,2305.2648212234,2271.7322519399,2207.3058394560
2015-06-10,2015-06-10 23:50:00+00:00,228.5646397876,360384,4134,2310.3317438240,2271.7322519399,2207.3058394560
2015-06-11,2015-06-11 23:50:00+00:00,229.3214802261,360522,4133,2315.4343277954,2271.7322519399,2207.3058394560
2015-06-12,2015-06-12 23:50:00+00:00,229.3949082185,360663,4132,2320.5431689593,2307.3170349634,2207.3058394560
2015-06-13,2015-06-13 23:50:00+00:00,232.9901607483,360822,4131,2325.6752668368,2307.3170349634,2207.3058394560
2015-06-14,2015-06-14 23:50:00+00:00,232.2732607783,360971,4130,2330.7441333042,2307.3170349634,2207.3058394560
2015-06-15,2015-06-15 23:50:00+00:00,236.5940075448,361114,4129,2335.8551199727,2307.3170349634,2207.3058394560
2015-06-16,2015-06-16 23:50:00+00:00,250.8844311147,361233,4128,2340.8866888675,2307.3170349634,2207.3058394560
2015-06-17,2015-06-17 23:50:00+00:00,248.9102382222,361387,4127,2345.6214327992,2307.3170349634,2207.3058394560
2015-06-18,2015-06-18 23:50:00+00:00,248.9536229545,361547,4126,2350.4200057859,2307.3170349634,2207.3058394560
2015-06-19,2015-06-19 23:50:00+00:00,244.4347548507,361691,4125,2355.2396518619,2343.2936414849,2207.3058394560
2015-06-20,2015-06-20 23:50:00+00:00,246.0359477710,361828,4124,2360.1817564224,2343.2936414849,2207.3058394560
2015-06-21,2015-06-21 23:50:00+00:00,244.2264603457,361951,4123,2365.1109349978,2343.2936414849,2207.3058394560
2015-06-22,2015-06-22 23:50:00+00:00,246.9779718292,362104,4122,2370.1041900312,2343.2936414849,2207.3058394560
2015-06-23,2015-06-23 23:50:00+00:00,244.3608683250,362244,4121,2375.0585699071,2343.2936414849,2207.3058394560
2015-06-24,2015-06-24 23:50:00+00:00,240.1896323678,362397,4120,2380.0957489790,2343.2936414849,2207.3058394560
2015-06-25,2015-06-25 23:50:00+00:00,242.4657489592,362551,4119,2385.2549622224,2343.2936414849,2207.3058394560
2015-06-26,2015-06-26 23:50:00+00:00,242.9475698025,362706,4118,2390.3848816543,2377.9601061669,2207.3058394560
2015-06-27,2015-06-27 23:50:00+00:00,251.4917471261,362835,4117,2395.5280213889,2377.9601061669,2207.3058394560
2015-06-28,2015-06-28 23:50:00+00:00,248.8923275300,362976,4116,2400.5000629062,2377.9601061669,2207.3058394560
2015-06-29,2015-06-29 23:50:00+00:00,256.9158570092,363115,4115,2405.5536154939,2377.9601061669,2207.3058394560
2015-06-30,2015-06-30 23:50:00+00:00,263.2627227197,363262,4114,2410.4537365195,2377.9601061669,2207.3058394560
2015-07-01,2015-07-01 23:50:00+00:00,258.3393801002,363395,4113,2415.2431624829,2377.9601061669,2361.3691241560
2015-07-02,2015-07-02 23:50:00+00:00,254.7397570389,363550,4112,2420.1571111258,2377.9601061669,2361.3691241560
2015-07-03,2015-07-03 23:50:00+00:00,256.2885206258,363710,4111,2425.1717528177,2414.0391359914,2361.3691241560
2015-07-04,2015-07-04 23:50:00+00:00,260.3584808907,363864,4110,2430.1755862990,2414.0391359914,2361.3691241560
2015-07-05,2015-07-05 23:50:00+00:00,271.6396076486,364005,4109,2435.1145365501,2414.0391359914,2361.3691241560
2015-07-06,2015-07-06 23:50:00+00:00,269.0768488346,364184,4108,2439.8448568528,2414.0391359914,2361.3691241560
2015-07-07,2015-07-07 23:50:00+00:00,265.8951663337,364320,4107,2444.6469272322,2414.0391359914,2361.3691241560
2015-07-08,2015-07-08 23:50:00+00:00,270.6944467212,364481,4106,2449.5352746236,2414.0391359914,2361.3691241560
2015-07-09,2015-07-09 23:50:00+00:00,269.4970385702,364612,4105,2454.3477563645,2414.0391359914,2361.3691241560
2015-07-10,2015-07-10 23:50:00+00:00,285.9887145153,364769,4104,2459.2057314338,2449.1670533408,2361.3691241560
2015-07-11,2015-07-11 23:50:00+00:00,292.3726314343,364917,4103,2463.7687541155,2449.1670533408,2361.3691241560
2015-07-12,2015-07-12 23:50:00+00:00,312.0321590439,365052,4102,2468.2375821842,2449.1670533408,2361.3691241560
2015-07-13,2015-07-13 23:50:00+00:00,292.8213347492,365200,4101,2472.4035928226,2449.1670533408,2361.3691241560
2015-07-14,2015-07-14 23:50:00+00:00,287.3578299619,365344,4100,2476.9003063239,2449.1670533408,2361.3691241560
2015-07-15,2015-07-15 23:50:00+00:00,285.5353725027,365496,4099,2481.5131528192,2449.1670533408,2361.3691241560
2015-07-16,2015-07-16 23:50:00+00:00,278.4261692589,365631,4098,2486.1789779766,2449.1670533408,2361.3691241560
2015-07-17,2015-07-17 23:50:00+00:00,279.9105836013,365778,4097,2491.0001005685,2481.1933275948,2361.3691241560
2015-07-18,2015-07-18 23:50:00+00:00,276.9949239988,365926,4096,2495.8133588062,2481.1933275948,2361.3691241560
2015-07-19,2015-07-19 23:50:00+00:00,275.3879562178,366078,4095,2500.7050442127,2481.1933275948,2361.3691241560
2015-07-20,2015-07-20 23:50:00+00:00,279.7438688072,366234,4094,2505.6506516552,2481.1933275948,2361.3691241560
2015-07-21,2015-07-21 23:50:00+00:00,276.9741961455,366362,4093,2510.5312186389,2481.1933275948,2361.3691241560
2015-07-22,2015-07-22 23:50:00+00:00,277.8679479952,366515,4092,2515.4885100200,2481.1933275948,2361.3691241560
2015-07-23,2015-07-23 23:50:00+00:00,277.2529752899,366653,4091,2520.4498223337,2481.1933275948,2361.3691241560
2015-07-24,2015-07-24 23:50:00+00:00,289.1761070019,366823,4090,2525.4456320219,2515.0028570158,2361.3691241560
2015-07-25,2015-07-25 23:50:00+00:00,289.1680397056,366976,4089,2530.2308836586,2515.0028570158,2361.3691241560
2015-07-26,2015-07-26 23:50:00+00:00,293.1260382264,367122,4088,2535.0368101866,2515.0028570158,2361.3691241560
2015-07-27,2015-07-27 23:50:00+00:00,294.2216879970,367269,4087,2539.7896923155,2515.0028570158,2361.3691241560
2015-07-28,2015-07-28 23:50:00+00:00,295.1841944066,367407,4086,2544.5426385252,2515.0028570158,2361.3691241560
2015-07-29,2015-07-29 23:50:00+00:00,290.1760221636,367559,4085,2549.2981160350,2515.0028570158,2361.3691241560
2015-07-30,2015-07-30 23:50:00+00:00,288.1899783744,367694,4084,2554.1671382897,2515.0028570158,2361.3691241560
2015-07-31,2015-07-31 23:50:00+00:00,284.8233479579,367844,4083,2559.0952861609,2548.5933712727,2361.3691241560
2015-08-01,2015-08-01 23:50:00+00:00,281.5384731358,367999,4082,2564.1109754252,2548.5933712727,2512.8981830069
2015-08-02,2015-08-02 23:50:00+00:00,282.2863149250,368150,4081,2569.2150933540,2548.5933712727,2512.8981830069
2015-08-03,2015-08-03 23:50:00+00:00,280.8324962244,368308,4080,2574.3268048103,2548.5933712727,2512.8981830069
2015-08-04,2015-08-04 23:50:00+00:00,285.1789246642,368443,4079,2579.4913332605,2548.5933712727,2512.8981830069
2015-08-05,2015-08-05 23:50:00+00:00,281.7704602972,368576,4078,2584.5902698426,2548.5933712727,2512.8981830069
2015-08-06,2015-08-06 23:50:00+00:00,278.3535861877,368719,4077,2589.7816991127,2548.5933712727,2512.8981830069
2015-08-07,2015-08-07 23:50:00+00:00,279.4942602465,368857,4076,2595.0685642443,2583.8183007965,2512.8981830069
2015-08-08,2015-08-08 23:50:00+00:00,262.0541973260,369018,4075,2600.3553402903,2583.8183007965,2512.8981830069
2015-08-09,2015-08-09 23:50:00+00:00,267.5132894099,369159,4074,2606.0631993471,2583.8183007965,2512.8981830069
2015-08-10,2015-08-10 23:50:00+00:00,264.7917552982,369325,4073,2611.6685777434,2583.8183007965,2512.8981830069
2015-08-11,2015-08-11 23:50:00+00:00,271.7186639461,369489,4072,2617.3655282485,2583.8183007965,2512.8981830069
2015-08-12,2015-08-12 23:50:00+00:00,267.3464697065,369615,4071,2622.9274944139,2583.8183007965,2512.8981830069
2015-08-13,2015-08-13 23:50:00+00:00,264.5001511315,369761,4070,2628.6180762650,2583.8183007965,2512.8981830069
2015-08-14,2015-08-14 23:50:00+00:00,265.9844854815,369902,4069,2634.4048705270,2620.9466684996,2512.8981830069
2015-08-15,2015-08-15 23:50:00+00:00,262.3268821607,370040,4068,2640.1839107968,2620.9466684996,2512.8981830069
2015-08-16,2015-08-16 23:50:00+00:00,258.4844012582,370178,4067,2646.0814655209,2620.9466684996,2512.8981830069
2015-08-17,2015-08-17 23:50:00+00:00,256.6478960910,370324,4066,2652.1063713187,2620.9466684996,2512.8981830069
2015-08-18,2015-08-18 23:50:00+00:00,222.3092882476,370466,4065,2658.2098812640,2620.9466684996,2512.8981830069
2015-08-19,2015-08-19 23:50:00+00:00,227.4080900451,370623,4064,2665.3962589383,2620.9466684996,2512.8981830069
2015-08-20,2015-08-20 23:50:00+00:00,235.5313672199,370772,4063,2672.4478659757,2620.9466684996,2512.8981830069
2015-08-21,2015-08-21 23:50:00+00:00,233.0339053362,370938,4062,2679.2723345119,2661.5048772196,2512.8981830069
2015-08-22,2015-08-22 23:50:00+00:00,231.0864954707,371094,4061,2686.2159811268,2661.5048772196,2512.8981830069
2015-08-23,2015-08-23 23:50:00+00:00,228.8419084679,371229,4060,2693.2637668350,2661.5048772196,2512.8981830069
2015-08-24,2015-08-24 23:50:00+00:00,211.0402981202,371384,4059,2700.4283858991,2661.5048772196,2512.8981830069
2015-08-25,2015-08-25 23:50:00+00:00,223.1145210819,371520,4058,2708.3008752661,2661.5048772196,2512.8981830069
2015-08-26,2015-08-26 23:50:00+00:00,226.1075134092,371681,4057,2715.7570664328,2661.5048772196,2512.8981830069
2015-08-27,2015-08-27 23:50:00+00:00,225.5623705209,371816,4056,2723.1496593048,2661.5048772196,2512.8981830069
2015-08-28,2015-08-28 23:50:00+00:00,231.5200838783,371971,4055,2730.6059391139,2710.2001924283,2512.8981830069
2015-08-29,2015-08-29 23:50:00+00:00,230.1742717846,372132,4054,2737.8959083180,2710.2001924283,2512.8981830069
2015-08-30,2015-08-30 23:50:00+00:00,228.8670732205,372281,4053,2745.2754922830,2710.2001924283,2512.8981830069
2015-08-31,2015-08-31 23:50:00+00:00,230.5980910323,372439,4052,2752.7450410314,2710.2001924283,2512.8981830069
2015-09-01,2015-09-01 23:50:00+00:00,228.0608584855,372594,4051,2760.1973795617,2710.2001924283,2670.8700673781
2015-09-02,2015-09-02 23:50:00+00:00,229.3621245779,372754,4050,2767.7851417797,2710.2001924283,2670.8700673781
2015-09-03,2015-09-03 23:50:00+00:00,227.2399619314,372898,4049,2775.3711899001,2710.2001924283,2670.8700673781
2015-09-04,2015-09-04 23:50:00+00:00,231.2543033763,373055,4048,2783.0806216125,2761.2577690222,2670.8700673781
2015-09-05,2015-09-05 23:50:00+00:00,236.0671291026,373203,4047,2790.6898330985,2761.2577690222,2670.8700673781
2015-09-06,2015-09-06 23:50:00+00:00,240.6897683040,373347,4046,2798.1739416601,2761.2577690222,2670.8700673781
2015-09-07,2015-09-07 23:50:00+00:00,241.0214589080,373499,4045,2805.5437100481,2761.2577690222,2670.8700673781
2015-09-08,2015-09-08 23:50:00+00:00,244.2302820297,373633,4044,2812.9448878425,2761.2577690222,2670.8700673781
2015-09-09,2015-09-09 23:50:00+00:00,238.6469966939,373784,4043,2820.2816609104,2761.2577690222,2670.8700673781
2015-09-10,2015-09-10 23:50:00+00:00,238.6563137178,373953,4042,2827.8499700964,2761.2577690222,2670.8700673781
2015-09-11,2015-09-11 23:50:00+00:00,240.7280350705,374110,4041,2835.4624587316,2814.5310567304,2670.8700673781
2015-09-12,2015-09-12 23:50:00+00:00,235.3864008403,374248,4040,2843.0476934243,2814.5310567304,2670.8700673781
2015-09-13,2015-09-13 23:50:00+00:00,230.2314716350,374397,4039,2850.8670843985,2814.5310567304,2670.8700673781
2015-09-14,2015-09-14 23:50:00+00:00,230.6668198734,374551,4038,2858.9260361220,2814.5310567304,2670.8700673781
2015-09-15,2015-09-15 23:50:00+00:00,230.1831192440,374711,4037,2867.0180149953,2814.5310567304,2670.8700673781
2015-09-16,2015-09-16 23:50:00+00:00,229.2495574633,374853,4036,2875.1786347354,2814.5310567304,2670.8700673781
2015-09-17,2015-09-17 23:50:00+00:00,232.7716151934,374996,4035,2883.4263758529,2814.5310567304,2670.8700673781
2015-09-18,2015-09-18 23:50:00+00:00,233.4560018543,375144,4034,2891.5888872173,2867.6686388530,2670.8700673781
2015-09-19,2015-09-19 23:50:00+00:00,231.7295349160,375268,4033,2899.7755671046,2867.6686388530,2670.8700673781
2015-09-20,2015-09-20 23:50:00+00:00,230.6853572068,375396,4032,2908.0797655585,2867.6686388530,2670.8700673781
2015-09-21,2015-09-21 23:50:00+00:00,226.6662632337,375529,4031,2916.4770349599,2867.6686388530,2670.8700673781
2015-09-22,2015-09-22 23:50:00+00:00,230.6106869026,375684,4030,2925.0903251386,2867.6686388530,2670.8700673781
2015-09-23,2015-09-23 23:50:00+00:00,229.8297851347,375844,4029,2933.5977627913,2867.6686388530,2670.8700673781
2015-09-24,2015-09-24 23:50:00+00:00,234.4753888263,375982,4028,2942.1907561051,2867.6686388530,2670.8700673781
2015-09-25,2015-09-25 23:50:00+00:00,235.2908548006,376147,4027,2950.6521542305,2924.9672788443,2670.8700673781
2015-09-26,2015-09-26 23:50:00+00:00,234.5934120623,376295,4026,2959.1344518041,2924.9672788443,2670.8700673781
2015-09-27,2015-09-27 23:50:00+00:00,233.1806843495,376443,4025,2967.6975573430,2924.9672788443,2670.8700673781
2015-09-28,2015-09-28 23:50:00+00:00,239.4748864357,376585,4024,2976.3715130899,2924.9672788443,2670.8700673781
2015-09-29,2015-09-29 23:50:00+00:00,237.0919832032,376759,4023,2984.8510287485,2924.9672788443,2670.8700673781
2015-09-30,2015-09-30 23:50:00+00:00,236.8536879671,376906,4022,2993.4767535961,2924.9672788443,2670.8700673781
2015-10-01,2015-10-01 23:50:00+00:00,237.8207562509,377056,4021,3002.1663160546,2924.9672788443,2904.8103065574
2015-10-02,2015-10-02 23:50:00+00:00,238.1753007304,377193,4020,3010.8721189995,2984.2965650153,2904.8103065574
2015-10-03,2015-10-03 23:50:00+00:00,239.5604013208,377339,4019,3019.6187290738,2984.2965650153,2904.8103065574
2015-10-04,2015-10-04 23:50:00+00:00,239.3348115394,377493,4018,3028.3652875283,2984.2965650153,2904.8103065574
2015-10-05,2015-10-05 23:50:00+00:00,240.7845359196,377645,4017,3037.1760912934,2984.2965650153,2904.8103065574
2015-10-06,2015-10-06 23:50:00+00:00,246.7720171677,377788,4016,3045.9846203757,2984.2965650153,2904.8103065574
2015-10-07,2015-10-07 23:50:00+00:00,243.3066364293,377921,4015,3054.6146214617,2984.2965650153,2904.8103065574
2015-10-08,2015-10-08 23:50:00+00:00,242.9524075127,378058,4014,3063.4329338591,2984.2965650153,2904.8103065574
2015-10-09,2015-10-09 23:50:00+00:00,244.4255139081,378188,4013,3072.3208368366,3045.4703672213,2904.8103065574
2015-10-10,2015-10-10 23:50:00+00:00,245.9098072069,378348,4012,3081.2062297181,3045.4703672213,2904.8103065574
2015-10-11,2015-10-11 23:50:00+00:00,248.9401930674,378494,4011,3090.0888464817,3045.4703672213,2904.8103065574
2015-10-12,2015-10-12 23:50:00+00:00,246.2061722131,378634,4010,3098.9087401533,3045.4703672213,2904.8103065574
2015-10-13,2015-10-13 23:50:00+00:00,250.0391563718,378772,4009,3107.8910345336,3045.4703672213,2904.8103065574
2015-10-14,2015-10-14 23:50:00+00:00,253.1220307936,378922,4008,3116.7791565653,3045.4703672213,2904.8103065574
2015-10-15,2015-10-15 23:50:00+00:00,254.6331816684,379091,4007,3125.6039729724,3045.4703672213,2904.8103065574
2015-10-16,2015-10-16 23:50:00+00:00,262.7845342955,379233,4006,3134.4258466023,3107.6212040274,2904.8103065574
2015-10-17,2015-10-17 23:50:00+00:00,272.5708393361,379370,4005,3143.0016037262,3107.6212040274,2904.8103065574
2015-10-18,2015-10-18 23:50:00+00:00,264.1076345504,379515,4004,3151.2898369749,3107.6212040274,2904.8103065574
2015-10-19,2015-10-19 23:50:00+00:00,264.3202634397,379681,4003,3159.9192973204,3107.6212040274,2904.8103065574
2015-10-20,2015-10-20 23:50:00+00:00,270.7099906979,379809,4002,3168.5928559596,3107.6212040274,2904.8103065574
2015-10-21,2015-10-21 23:50:00+00:00,268.2452290712,379952,4001,3177.0932283214,3107.6212040274,2904.8103065574
2015-10-22,2015-10-22 23:50:00+00:00,275.5590833283,380099,4000,3185.7297319314,3107.6212040274,2904.8103065574
2015-10-23,2015-10-23 23:50:00+00:00,278.6980507749,380248,3999,3194.1652099067,3167.5710218580,2904.8103065574
2015-10-24,2015-10-24 23:50:00+00:00,283.6091613210,380395,3998,3202.5448749017,3167.5710218580,2904.8103065574
2015-10-25,2015-10-25 23:50:00+00:00,284.2626360068,380550,3997,3210.8125820025,3167.5710218580,2904.8103065574
2015-10-26,2015-10-26 23:50:00+00:00,286.8654745609,380713,3996,3219.1062374961,3167.5710218580,2904.8103065574
2015-10-27,2015-10-27 23:50:00+00:00,295.2009331241,380860,3995,3227.3638117169,3167.5710218580,2904.8103065574
2015-10-28,2015-10-28 23:50:00+00:00,304.8074503551,381000,3994,3235.4100266948,3167.5710218580,2904.8103065574
2015-10-29,2015-10-29 23:50:00+00:00,315.2108760790,381151,3993,3243.2192591224,3167.5710218580,2904.8103065574
2015-10-30,2015-10-30 23:50:00+00:00,328.9191848347,381320,3992,3250.7835573619,3226.1364246631,2904.8103065574
2015-10-31,2015-10-31 23:50:00+00:00,312.1089921374,381469,3991,3258.0353422161,3226.1364246631,2904.8103065574
2015-11-01,2015-11-01 23:50:00+00:00,328.4881524558,381619,3990,3265.7608509279,3226.1364246631,3174.5058423506
2015-11-02,2015-11-02 23:50:00+00:00,362.9529897207,381774,3989,3273.0978677185,3226.1364246631,3174.5058423506
2015-11-03,2015-11-03 23:50:00+00:00,403.6076001553,381929,3988,3279.6917640026,3226.1364246631,3174.5058423506
2015-11-04,2015-11-04 23:50:00+00:00,408.4031631733,382085,3987,3285.5640331841,3226.1364246631,3174.5058423506
2015-11-05,2015-11-05 23:50:00+00:00,385.7126493515,382229,3986,3291.3812593066,3226.1364246631,3174.5058423506
2015-11-06,2015-11-06 23:50:00+00:00,374.4413924060,382372,3985,3297.6150732192,3276.7728852003,3174.5058423506
2015-11-07,2015-11-07 23:50:00+00:00,385.7626579059,382526,3984,3304.0895286423,3276.7728852003,3174.5058423506
2015-11-08,2015-11-08 23:50:00+00:00,372.8669537419,382667,3983,3310.3770707627,3276.7728852003,3174.5058423506
2015-11-09,2015-11-09 23:50:00+00:00,378.9505953653,382816,3982,3316.9394566595,3276.7728852003,3174.5058423506
2015-11-10,2015-11-10 23:50:00+00:00,335.7963671705,382961,3981,3323.4117698935,3276.7728852003,3174.5058423506
2015-11-11,2015-11-11 23:50:00+00:00,310.2309524423,383130,3980,3330.8577472256,3276.7728852003,3174.5058423506
2015-11-12,2015-11-12 23:50:00+00:00,338.6393034806,383291,3979,3339.0284257122,3276.7728852003,3174.5058423506
2015-11-13,2015-11-13 23:50:00+00:00,337.0562129246,383451,3978,3346.4819888253,3322.0265753316,3174.5058423506
2015-11-14,2015-11-14 23:50:00+00:00,333.4391225398,383593,3977,3354.0119078990,3322.0265753316,3174.5058423506
2015-11-15,2015-11-15 23:50:00+00:00,320.3207315552,383749,3976,3361.6710758432,3322.0265753316,3174.5058423506
2015-11-16,2015-11-16 23:50:00+00:00,331.7085679803,383926,3975,3369.7200046585,3322.0265753316,3174.5058423506
2015-11-17,2015-11-17 23:50:00+00:00,336.2706450217,384074,3974,3377.5039668899,3322.0265753316,3174.5058423506
2015-11-18,2015-11-18 23:50:00+00:00,334.7224323079,384227,3973,3385.2099459843,3322.0265753316,3174.5058423506
2015-11-19,2015-11-19 23:50:00+00:00,326.5719146852,384361,3972,3392.9949421926,3322.0265753316,3174.5058423506
2015-11-20,2015-11-20 23:50:00+00:00,321.8274720150,384530,3971,3401.0369538596,3374.6424895954,3174.5058423506
2015-11-21,2015-11-21 23:50:00+00:00,326.3387576785,384704,3970,3409.2534167716,3374.6424895954,3174.5058423506
2015-11-22,2015-11-22 23:50:00+00:00,323.8077719618,384876,3969,3417.3874504876,3374.6424895954,3174.5058423506
2015-11-23,2015-11-23 23:50:00+00:00,323.1121158774,385040,3968,3425.6353527569,3374.6424895954,3174.5058423506
2015-11-24,2015-11-24 23:50:00+00:00,320.2786544059,385194,3967,3433.9471167238,3374.6424895954,3174.5058423506
2015-11-25,2015-11-25 23:50:00+00:00,328.9570992919,385343,3966,3442.3853426023,3374.6424895954,3174.5058423506
2015-11-26,2015-11-26 23:50:00+00:00,352.9815835414,385519,3965,3450.6220530529,3374.6424895954,3174.5058423506
2015-11-27,2015-11-27 23:50:00+00:00,357.7679405226,385653,3964,3458.2781113643,3432.0606495189,3174.5058423506
2015-11-28,2015-11-28 23:50:00+00:00,356.5316287062,385806,3963,3465.8572235400,3432.0606495189,3174.5058423506
2015-11-29,2015-11-29 23:50:00+00:00,371.5606233971,385956,3962,3473.5029955790,3432.0606495189,3174.5058423506
2015-11-30,2015-11-30 23:50:00+00:00,376.9796965740,386116,3961,3480.8393986831,3432.0606495189,3174.5058423506
2015-12-01,2015-12-01 23:50:00+00:00,362.9135153697,386284,3960,3488.0917165662,3432.0606495189,3399.3283043577
2015-12-02,2015-12-02 23:50:00+00:00,359.3656530803,386446,3959,3495.6953245158,3432.0606495189,3399.3283043577
2015-12-03,2015-12-03 23:50:00+00:00,361.4880907867,386588,3958,3503.4203799128,3432.0606495189,3399.3283043577
2015-12-04,2015-12-04 23:50:00+00:00,363.6694300330,386740,3957,3511.1326817527,3484.9692548807,3399.3283043577
2015-12-05,2015-12-05 23:50:00+00:00,387.8975263903,386916,3956,3518.8310024500,3484.9692548807,3399.3283043577
2015-12-06,2015-12-06 23:50:00+00:00,387.6737772690,387074,3955,3526.0270825000,3484.9692548807,3399.3283043577
2015-12-07,2015-12-07 23:50:00+00:00,394.8158178801,387221,3954,3533.2610152031,3484.9692548807,3399.3283043577
2015-12-08,2015-12-08 23:50:00+00:00,416.9436878043,387395,3953,3540.3804107134,3484.9692548807,3399.3283043577
2015-12-09,2015-12-09 23:50:00+00:00,417.5696303375,387562,3952,3547.1041724594,3484.9692548807,3399.3283043577
2015-12-10,2015-12-10 23:50:00+00:00,415.3993961685,387778,3951,3553.8454522447,3484.9692548807,3399.3283043577
2015-12-11,2015-12-11 23:50:00+00:00,453.1305854151,387937,3950,3560.6559950851,3538.7252730449,3399.3283043577
2015-12-12,2015-12-12 23:50:00+00:00,436.7529864639,388103,3949,3566.8502497119,3538.7252730449,3399.3283043577
2015-12-13,2015-12-13 23:50:00+00:00,433.3545154612,388244,3948,3573.3368743381,3538.7252730449,3399.3283043577
2015-12-14,2015-12-14 23:50:00+00:00,443.8590702690,388438,3947,3579.9087405140,3538.7252730449,3399.3283043577
2015-12-15,2015-12-15 23:50:00+00:00,463.9822589592,388622,3946,3586.3301596966,3538.7252730449,3399.3283043577
2015-12-16,2015-12-16 23:50:00+00:00,454.0652888456,388785,3945,3592.4582426843,3538.7252730449,3399.3283043577
2015-12-17,2015-12-17 23:50:00+00:00,455.8338169638,388941,3944,3598.7649924182,3538.7252730449,3399.3283043577
2015-12-18,2015-12-18 23:50:00+00:00,463.1291076307,389109,3943,3605.0689768410,3581.9725381901,3399.3283043577
2015-12-19,2015-12-19 23:50:00+00:00,461.4415972479,389264,3942,3611.2839722537,3581.9725381901,3399.3283043577
2015-12-20,2015-12-20 23:50:00+00:00,442.2988191820,389432,3941,3617.5498247333,3581.9725381901,3399.3283043577
2015-12-21,2015-12-21 23:50:00+00:00,437.2047325784,389581,3940,3624.1533009871,3581.9725381901,3399.3283043577
2015-12-22,2015-12-22 23:50:00+00:00,434.6732117943,389729,3939,3630.8724645645,3581.9725381901,3399.3283043577
2015-12-23,2015-12-23 23:50:00+00:00,442.4148208988,389887,3938,3637.6647813563,3581.9725381901,3399.3283043577
2015-12-24,2015-12-24 23:50:00+00:00,455.7401301606,390026,3937,3644.3502192957,3581.9725381901,3399.3283043577
2015-12-25,2015-12-25 23:50:00+00:00,455.8559151249,390188,3936,3650.8398777342,3625.3367497582,3399.3283043577
2015-12-26,2015-12-26 23:50:00+00:00,418.4736938530,390358,3935,3657.3541118535,3625.3367497582,3399.3283043577
2015-12-27,2015-12-27 23:50:00+00:00,422.2507205514,390563,3934,3664.5637701104,3625.3367497582,3399.3283043577
2015-12-28,2015-12-28 23:50:00+00:00,421.6523204184,390714,3933,3671.7323249411,3625.3367497582,3399.3283043577
2015-12-29,2015-12-29 23:50:00+00:00,432.9424291699,390873,3932,3678.9442175451,3625.3367497582,3399.3283043577
2015-12-30,2015-12-30 23:50:00+00:00,426.9732563835,391039,3931,3685.9744207522,3625.3367497582,3399.3283043577
2015-12-31,2015-12-31 23:50:00+00:00,430.2114326532,391181,3930,3693.1472073551,3625.3367497582,3399.3283043577
2016-01-01,2016-01-01 23:50:00+00:00,434.8839824640,391315,3929,3700.2902021740,3670.7496232633,3633.1575535419
2016-01-02,2016-01-02 23:50:00+00:00,434.9224203391,391459,3928,3707.3771476743,3670.7496232633,3633.1575535419
2016-01-03,2016-01-03 23:50:00+00:00,430.9997978271,391605,3927,3714.4942078035,3670.7496232633,3633.1575535419
2016-01-04,2016-01-04 23:50:00+00:00,433.9019913169,391786,3926,3721.7161193182,3670.7496232633,3633.1575535419
2016-01-05,2016-01-05 23:50:00+00:00,433.1665986958,391943,3925,3728.9148914072,3670.7496232633,3633.1575535419
2016-01-06,2016-01-06 23:50:00+00:00,429.9253492492,392084,3924,3736.1591750559,3670.7496232633,3633.1575535419
2016-01-07,2016-01-07 23:50:00+00:00,458.7099236880,392232,3923,3743.4975476215,3670.7496232633,3633.1575535419
2016-01-08,2016-01-08 23:50:00+00:00,454.0532833086,392404,3922,3750.3450595672,3720.0905978983,3633.1575535419
2016-01-09,2016-01-09 23:50:00+00:00,449.6971827988,392556,3921,3757.3016758736,3720.0905978983,3633.1575535419
2016-01-10,2016-01-10 23:50:00+00:00,448.9536352690,392729,3920,3764.3648359204,3720.0905978983,3633.1575535419
2016-01-11,2016-01-11 23:50:00+00:00,448.6952497818,392899,3919,3771.4715932377,3720.0905978983,3633.1575535419
2016-01-12,2016-01-12 23:50:00+00:00,435.4855509077,393070,3918,3778.6135577003,3720.0905978983,3633.1575535419
2016-01-13,2016-01-13 23:50:00+00:00,432.6577823363,393218,3917,3786.0336644885,3720.0905978983,3633.1575535419
2016-01-14,2016-01-14 23:50:00+00:00,430.0250259843,393351,3916,3793.5419352000,3720.0905978983,3633.1575535419
2016-01-15,2016-01-15 23:50:00+00:00,362.4305504508,393473,3915,3801.1361266414,3768.4960588579,3633.1575535419
2016-01-16,2016-01-16 23:50:00+00:00,388.1881730586,393615,3914,3810.3728267685,3768.4960588579,3633.1575535419
2016-01-17,2016-01-17 23:50:00+00:00,379.1487486399,393764,3913,3818.9767853356,3768.4960588579,3633.1575535419
2016-01-18,2016-01-18 23:50:00+00:00,384.9289182488,393939,3912,3827.8541414045,3768.4960588579,3633.1575535419
2016-01-19,2016-01-19 23:50:00+00:00,376.7663108392,394071,3911,3836.6283704892,3768.4960588579,3633.1575535419
2016-01-20,2016-01-20 23:50:00+00:00,419.2252501718,394225,3910,3845.6603071638,3768.4960588579,3633.1575535419
2016-01-21,2016-01-21 23:50:00+00:00,409.2680990241,394361,3909,3853.7179744451,3768.4960588579,3633.1575535419
2016-01-22,2016-01-22 23:50:00+00:00,383.2949288145,394537,3908,3862.0351072692,3832.9349168221,3633.1575535419
2016-01-23,2016-01-23 23:50:00+00:00,386.9158595465,394717,3907,3871.0274273475,3832.9349168221,3633.1575535419
2016-01-24,2016-01-24 23:50:00+00:00,402.8010750231,394885,3906,3879.9722534690,3832.9349168221,3633.1575535419
2016-01-25,2016-01-25 23:50:00+00:00,391.1212623043,395050,3905,3888.5684068380,3832.9349168221,3633.1575535419
2016-01-26,2016-01-26 23:50:00+00:00,391.6668140870,395209,3904,3897.4956129111,3832.9349168221,3633.1575535419
2016-01-27,2016-01-27 23:50:00+00:00,394.4466804448,395363,3903,3906.4545844575,3832.9349168221,3633.1575535419
2016-01-28,2016-01-28 23:50:00+00:00,379.7505777032,395510,3902,3915.3887666476,3832.9349168221,3633.1575535419
2016-01-29,2016-01-29 23:50:00+00:00,378.6405195412,395678,3901,3924.7558863927,3895.7696493954,3633.1575535419
2016-01-30,2016-01-30 23:50:00+00:00,377.3488875787,395865,3900,3934.2034097998,3895.7696493954,3633.1575535419
2016-01-31,2016-01-31 23:50:00+00:00,367.9508595509,396047,3899,3943.7374678062,3895.7696493954,3633.1575535419
2016-02-01,2016-02-01 23:50:00+00:00,371.3705231941,396209,3898,3953.5941788613,3895.7696493954,3852.8068004937
2016-02-02,2016-02-02 23:50:00+00:00,372.9622692614,396387,3897,3963.4045008192,3895.7696493954,3852.8068004937
2016-02-03,2016-02-03 23:50:00+00:00,368.5349031979,396567,3896,3973.2221372065,3895.7696493954,3852.8068004937
2016-02-04,2016-02-04 23:50:00+00:00,388.0950286680,396736,3895,3983.2248159360,3895.7696493954,3852.8068004937
2016-02-05,2016-02-05 23:50:00+00:00,383.9341258581,396923,3894,3992.7232005197,3961.8394356172,3852.8068004937
2016-02-06,2016-02-06 23:50:00+00:00,375.2273870476,397121,3893,4002.3868114961,3961.8394356172,3852.8068004937
2016-02-07,2016-02-07 23:50:00+00:00,376.4286292237,397299,3892,4012.3522942517,3961.8394356172,3852.8068004937
2016-02-08,2016-02-08 23:50:00+00:00,371.2169424334,397448,3891,4022.3373241280,3961.8394356172,3852.8068004937
2016-02-09,2016-02-09 23:50:00+00:00,372.7623707801,397624,3890,4032.5332511636,3961.8394356172,3852.8068004937
2016-02-10,2016-02-10 23:50:00+00:00,378.9517342131,397788,3889,4042.7393467227,3961.8394356172,3852.8068004937
2016-02-11,2016-02-11 23:50:00+00:00,378.1483816211,397979,3888,4052.8174121413,3961.8394356172,3852.8068004937
2016-02-12,2016-02-12 23:50:00+00:00,382.3920970165,398150,3887,4062.9748828839,4029.3753936770,3852.8068004937
2016-02-13,2016-02-13 23:50:00+00:00,390.6503666299,398306,3886,4073.0633702240,4029.3753936770,3852.8068004937
2016-02-14,2016-02-14 23:50:00+00:00,406.5740594276,398470,3885,4082.9700798476,4029.3753936770,3852.8068004937
2016-02-15,2016-02-15 23:50:00+00:00,398.8081586422,398624,3884,4092.4978629375,4029.3753936770,3852.8068004937
2016-02-16,2016-02-16 23:50:00+00:00,407.2382416477,398763,3883,4102.2827219374,4029.3753936770,3852.8068004937
2016-02-17,2016-02-17 23:50:00+00:00,414.8979246844,398916,3882,4111.8934754977,4029.3753936770,3852.8068004937
2016-02-18,2016-02-18 23:50:00+00:00,421.1656956337,399087,3881,4121.3559374510,4029.3753936770,3852.8068004937
2016-02-19,2016-02-19 23:50:00+00:00,420.4435359034,399231,3880,4130.7092180085,4099.8280753001,3852.8068004937
2016-02-20,2016-02-20 23:50:00+00:00,434.6179274200,399381,3879,4140.1279255200,4099.8280753001,3852.8068004937
2016-02-21,2016-02-21 23:50:00+00:00,438.4724307298,399509,3878,4149.2501797119,4099.8280753001,3852.8068004937
2016-02-22,2016-02-22 23:50:00+00:00,437.4889589179,399636,3877,4158.3272461585,4099.8280753001,3852.8068004937
2016-02-23,2016-02-23 23:50:00+00:00,419.6102231848,399772,3876,4167.4718016554,4099.8280753001,3852.8068004937
2016-02-24,2016-02-24 23:50:00+00:00,423.8512632694,399890,3875,4177.0999026542,4099.8280753001,3852.8068004937
2016-02-25,2016-02-25 23:50:00+00:00,423.5093989251,400046,3874,4186.6697043250,4099.8280753001,3852.8068004937
2016-02-26,2016-02-26 23:50:00+00:00,430.6719637219,400186,3873,4196.2970905950,4165.6299738436,3852.8068004937
2016-02-27,2016-02-27 23:50:00+00:00,432.1432341275,400330,3872,4205.7944566723,4165.6299738436,3852.8068004937
2016-02-28,2016-02-28 23:50:00+00:00,431.5065287388,400465,3871,4215.3035634641,4165.6299738436,3852.8068004937
2016-02-29,2016-02-29 23:50:00+00:00,436.4222492894,400600,3870,4224.8764632174,4165.6299738436,3852.8068004937
2016-03-01,2016-03-01 23:50:00+00:00,433.2277035607,400741,3869,4234.3769519438,4165.6299738436,4157.2809503745
2016-03-02,2016-03-02 23:50:00+00:00,420.1261526218,400896,3868,4244.0038862667,4165.6299738436,4157.2809503745
2016-03-03,2016-03-03 23:50:00+00:00,419.3115819896,401033,3867,4254.0165419723,4165.6299738436,4157.2809503745
2016-03-04,2016-03-04 23:50:00+00:00,407.2361243772,401188,3866,4264.1035179474,4231.9980844624,4157.2809503745
2016-03-05,2016-03-05 23:50:00+00:00,398.5024323916,401337,3865,4274.5779903924,4231.9980844624,4157.2809503745
2016-03-06,2016-03-06 23:50:00+00:00,404.6277893211,401485,3864,4285.3652712397,4231.9980844624,4157.2809503745
2016-03-07,2016-03-07 23:50:00+00:00,412.8005827105,401619,3863,4296.0312639888,4231.9980844624,4157.2809503745
2016-03-08,2016-03-08 23:50:00+00:00,411.4093473296,401773,3862,4306.5210636753,4231.9980844624,4157.2809503745
2016-03-09,2016-03-09 23:50:00+00:00,412.5996495317,401940,3861,4317.1072320700,4231.9980844624,4157.2809503745
2016-03-10,2016-03-10 23:50:00+00:00,415.9657358290,402095,3860,4327.7170754298,4231.9980844624,4157.2809503745
2016-03-11,2016-03-11 23:50:00+00:00,419.6453164975,402256,3859,4338.2890811886,4305.2497301601,4157.2809503745
2016-03-12,2016-03-12 23:50:00+00:00,410.1399408524,402400,3858,4348.8150509691,4305.2497301601,4157.2809503745
2016-03-13,2016-03-13 23:50:00+00:00,412.6153044677,402531,3857,4359.6698567714,4305.2497301601,4157.2809503745
2016-03-14,2016-03-14 23:50:00+00:00,415.0543529834,402685,3856,4370.5121989147,4305.2497301601,4157.2809503745
2016-03-15,2016-03-15 23:50:00+00:00,415.4742785336,402844,3855,4381.3433519957,4305.2497301601,4157.2809503745
2016-03-16,2016-03-16 23:50:00+00:00,416.2381856413,402998,3854,4392.2217960525,4305.2497301601,4157.2809503745
2016-03-17,2016-03-17 23:50:00+00:00,418.5086720041,403138,3853,4403.1378566922,4305.2497301601,4157.2809503745
2016-03-18,2016-03-18 23:50:00+00:00,409.2494736684,403274,3852,4414.0480948901,4378.8336727771,4157.2809503745
2016-03-19,2016-03-19 23:50:00+00:00,409.6114015306,403411,3851,4425.2931368100,4378.8336727771,4157.2809503745
2016-03-20,2016-03-20 23:50:00+00:00,411.6682983310,403556,3850,4436.5904680060,4378.8336727771,4157.2809503745
2016-03-21,2016-03-21 23:50:00+00:00,411.7585748668,403696,3849,4447.8888453953,4378.8336727771,4157.2809503745
2016-03-22,2016-03-22 23:50:00+00:00,416.5476187546,403843,3848,4459.2480806404,4378.8336727771,4157.2809503745
2016-03-23,2016-03-23 23:50:00+00:00,417.5388319534,403992,3847,4470.5263739011,4378.8336727771,4157.2809503745
2016-03-24,2016-03-24 23:50:00+00:00,412.6839146719,404139,3846,4481.8380060112,4378.8336727771,4157.2809503745
2016-03-25,2016-03-25 23:50:00+00:00,416.3595573151,404282,3845,4493.3608996249,4457.4440904420,4157.2809503745
2016-03-26,2016-03-26 23:50:00+00:00,416.9229832826,404439,3844,4504.8363027625,4457.4440904420,4157.2809503745
2016-03-27,2016-03-27 23:50:00+00:00,425.0114059719,404580,3843,4516.3592596870,4457.4440904420,4157.2809503745
2016-03-28,2016-03-28 23:50:00+00:00,422.6782895074,404749,3842,4527.7037886032,4457.4440904420,4157.2809503745
2016-03-29,2016-03-29 23:50:00+00:00,416.1195712728,404904,3841,4539.1810723408,4457.4440904420,4157.2809503745
2016-03-30,2016-03-30 23:50:00+00:00,413.0844050950,405054,3840,4550.9238276861,4457.4440904420,4157.2809503745
2016-03-31,2016-03-31 23:50:00+00:00,415.5563323267,405178,3839,4562.8294185566,4457.4440904420,4157.2809503745
2016-04-01,2016-04-01 23:50:00+00:00,417.1655761917,405330,3838,4574.7251943268,4537.6653575098,4459.0973948257
2016-04-02,2016-04-02 23:50:00+00:00,419.7207145719,405469,3837,4586.6385123618,4537.6653575098,4459.0973948257
2016-04-03,2016-04-03 23:50:00+00:00,419.8253239919,405611,3836,4598.5398529985,4537.6653575098,4459.0973948257
2016-04-04,2016-04-04 23:50:00+00:00,419.3623254590,405777,3835,4610.5060817917,4537.6653575098,4459.0973948257
2016-04-05,2016-04-05 23:50:00+00:00,422.2472808455,405931,3834,4622.5556973130,4537.6653575098,4459.0973948257
2016-04-06,2016-04-06 23:50:00+00:00,421.3123840664,406088,3833,4634.5834976651,4537.6653575098,4459.0973948257
2016-04-07,2016-04-07 23:50:00+00:00,421.1524932382,406229,3832,4646.7099914561,4537.6653575098,4459.0973948257
2016-04-08,2016-04-08 23:50:00+00:00,418.7008248021,406373,3831,4658.9115963362,4620.9553152766,4459.0973948257
2016-04-09,2016-04-09 23:50:00+00:00,419.1189017502,406535,3830,4671.2630815167,4620.9553152766,4459.0973948257
2016-04-10,2016-04-10 23:50:00+00:00,422.0637750411,406706,3829,4683.6730861171,4620.9553152766,4459.0973948257
2016-04-11,2016-04-11 23:50:00+00:00,423.4443541572,406860,3828,4696.0598325159,4620.9553152766,4459.0973948257
2016-04-12,2016-04-12 23:50:00+00:00,426.7720846891,407007,3827,4708.4740451917,4620.9553152766,4459.0973948257
2016-04-13,2016-04-13 23:50:00+00:00,424.9491271719,407172,3826,4720.8533419088,4620.9553152766,4459.0973948257
2016-04-14,2016-04-14 23:50:00+00:00,425.7382992613,407335,3825,4733.3633055659,4620.9553152766,4459.0973948257
2016-04-15,2016-04-15 23:50:00+00:00,430.4106286826,407476,3824,4745.9206485791,4707.3258218169,4459.0973948257
2016-04-16,2016-04-16 23:50:00+00:00,433.2765036183,407614,3823,4758.4003968987,4707.3258218169,4459.0973948257
2016-04-17,2016-04-17 23:50:00+00:00,428.9189224903,407771,3822,4770.8610124292,4707.3258218169,4459.0973948257
2016-04-18,2016-04-18 23:50:00+00:00,429.6255257115,407906,3821,4783.5340479554,4707.3258218169,4459.0973948257
2016-04-19,2016-04-19 23:50:00+00:00,436.6868552636,408055,3820,4796.2581872303,4707.3258218169,4459.0973948257
2016-04-20,2016-04-20 23:50:00+00:00,442.4563172566,408221,3819,4808.8289996013,4707.3258218169,4459.0973948257
2016-04-21,2016-04-21 23:50:00+00:00,451.6680756279,408372,3818,4821.2907140738,4707.3258218169,4459.0973948257
2016-04-22,2016-04-22 23:50:00+00:00,448.0902332850,408514,3817,4833.5416096823,4794.5839588798,4459.0973948257
2016-04-23,2016-04-23 23:50:00+00:00,455.4868984702,408658,3816,4845.9701805644,4794.5839588798,4459.0973948257
2016-04-24,2016-04-24 23:50:00+00:00,462.2531786290,408790,3815,4858.2451755689,4794.5839588798,4459.0973948257
2016-04-25,2016-04-25 23:50:00+00:00,464.5798340098,408918,3814,4870.3891252552,4794.5839588798,4459.0973948257
2016-04-26,2016-04-26 23:50:00+00:00,469.6017137638,409067,3813,4882.5326199713,4794.5839588798,4459.0973948257
2016-04-27,2016-04-27 23:50:00+00:00,444.5981380116,409198,3812,4894.5985733202,4794.5839588798,4459.0973948257
2016-04-28,2016-04-28 23:50:00+00:00,451.7265497427,409333,3811,4907.4873784197,4794.5839588798,4459.0973948257
2016-04-29,2016-04-29 23:50:00+00:00,457.4444086730,409489,3810,4920.2255263713,4881.4654562325,4459.0973948257
2016-04-30,2016-04-30 23:50:00+00:00,453.3580726385,409637,3809,4932.8599395447,4881.4654562325,4459.0973948257
2016-05-01,2016-05-01 23:50:00+00:00,454.3377402582,409792,3808,4945.6926546556,4881.4654562325,4830.5529162313
2016-05-02,2016-05-02 23:50:00+00:00,445.7292786483,409948,3807,4958.5683885377,4881.4654562325,4830.5529162313
2016-05-03,2016-05-03 23:50:00+00:00,451.5018549478,410099,3806,4971.7942219830,4881.4654562325,4830.5529162313
2016-05-04,2016-05-04 23:50:00+00:00,448.0019374047,410264,3805,4984.9104720542,4881.4654562325,4830.5529162313
2016-05-05,2016-05-05 23:50:00+00:00,449.2282265593,410421,3804,4998.2166921887,4881.4654562325,4830.5529162313
2016-05-06,2016-05-06 23:50:00+00:00,460.9599712724,410584,3803,5011.5609520386,4969.8182874951,4830.5529162313
2016-05-07,2016-05-07 23:50:00+00:00,461.1380599593,410732,3802,5024.6074986988,4969.8182874951,4830.5529162313
2016-05-08,2016-05-08 23:50:00+00:00,461.5625344457,410900,3801,5037.7234753159,4969.8182874951,4830.5529162313
2016-05-09,2016-05-09 23:50:00+00:00,463.8478179626,411072,3800,5050.9016742157,4969.8182874951,4830.5529162313
2016-05-10,2016-05-10 23:50:00+00:00,452.3892392408,411227,3799,5064.0839357299,4969.8182874951,4830.5529162313
2016-05-11,2016-05-11 23:50:00+00:00,454.4613929684,411362,3798,5077.7128562836,4969.8182874951,4830.5529162313
2016-05-12,2016-05-12 23:50:00+00:00,455.5385620369,411503,3797,5091.3537616951,4969.8182874951,4830.5529162313
2016-05-13,2016-05-13 23:50:00+00:00,457.6083469783,411654,3796,5105.0396782184,5060.9854918552,4830.5529162313
2016-05-14,2016-05-14 23:50:00+00:00,458.4449158676,411798,3795,5118.7380885806,5060.9854918552,4830.5529162313
2016-05-15,2016-05-15 23:50:00+00:00,460.9721197501,411937,3794,5132.4898030468,5060.9854918552,4830.5529162313
2016-05-16,2016-05-16 23:50:00+00:00,454.6210663381,412078,3793,5146.2394162767,5060.9854918552,4830.5529162313
2016-05-17,2016-05-17 23:50:00+00:00,453.8437384548,412220,3792,5160.2830117827,5060.9854918552,4830.5529162313
2016-05-18,2016-05-18 23:50:00+00:00,454.9559643050,412373,3791,5174.4375425314,5060.9854918552,4830.5529162313
2016-05-19,2016-05-19 23:50:00+00:00,438.5470537052,412493,3790,5188.6392052853,5060.9854918552,4830.5529162313
2016-05-20,2016-05-20 23:50:00+00:00,445.2144546196,412642,3789,5203.5142397098,5156.6949312624,4830.5529162313
2016-05-21,2016-05-21 23:50:00+00:00,445.7950017282,412782,3788,5218.2372424848,5156.6949312624,4830.5529162313
2016-05-22,2016-05-22 23:50:00+00:00,441.1173717870,412966,3787,5233.0304873489,5156.6949312624,4830.5529162313
2016-05-23,2016-05-23 23:50:00+00:00,445.0955493237,413145,3786,5248.0887662386,5156.6949312624,4830.5529162313
2016-05-24,2016-05-24 23:50:00+00:00,445.7460073246,413294,3785,5263.0936950510,5156.6949312624,4830.5529162313
2016-05-25,2016-05-25 23:50:00+00:00,451.3402890773,413432,3784,5278.1685331291,5156.6949312624,4830.5529162313
2016-05-26,2016-05-26 23:50:00+00:00,454.0834910885,413564,3783,5293.1320656293,5156.6949312624,4830.5529162313
2016-05-27,2016-05-27 23:50:00+00:00,470.6678659297,413705,3782,5308.0889430948,5259.5774841859,4830.5529162313
2016-05-28,2016-05-28 23:50:00+00:00,523.4010670292,413838,3781,5322.5570928457,5259.5774841859,4830.5529162313
2016-05-29,2016-05-29 23:50:00+00:00,522.4012688893,413985,3780,5335.4994549341,5259.5774841859,4830.5529162313
2016-05-30,2016-05-30 23:50:00+00:00,531.7697241514,414129,3779,5348.5394916144,5259.5774841859,4830.5529162313
2016-05-31,2016-05-31 23:50:00+00:00,531.5451114534,414256,3778,5361.3937798321,5259.5774841859,4830.5529162313
2016-06-01,2016-06-01 23:50:00+00:00,534.9292311663,414398,3777,5374.3229356437,5259.5774841859,5233.8560685140
2016-06-02,2016-06-02 23:50:00+00:00,538.0219157805,414538,3776,5387.2300202886,5259.5774841859,5233.8560685140
2016-06-03,2016-06-03 23:50:00+00:00,570.0249109843,414677,3775,5400.1231265478,5360.5818778900,5233.8560685140
2016-06-04,2016-06-04 23:50:00+00:00,574.1044870800,414798,3774,5412.2749115933,5360.5818778900,5233.8560685140
2016-06-05,2016-06-05 23:50:00+00:00,574.6507220672,414968,3773,5424.3907754502,5360.5818778900,5233.8560685140
2016-06-06,2016-06-06 23:50:00+00:00,585.2448605162,415136,3772,5436.5544997016,5360.5818778900,5233.8560685140
2016-06-07,2016-06-07 23:50:00+00:00,578.1194883937,415278,3771,5448.5313966177,5360.5818778900,5233.8560685140
2016-06-08,2016-06-08 23:50:00+00:00,583.0049348369,415423,3770,5460.7341480949,5360.5818778900,5233.8560685140
2016-06-09,2016-06-09 23:50:00+00:00,577.0760450769,415588,3769,5472.8830068500,5360.5818778900,5233.8560685140
2016-06-10,2016-06-10 23:50:00+00:00,579.8212995235,415730,3768,5485.2332481927,5445.4882398539,5233.8560685140
2016-06-11,2016-06-11 23:50:00+00:00,607.1743038068,415888,3767,5497.5801293383,5445.4882398539,5233.8560685140
2016-06-12,2016-06-12 23:50:00+00:00,671.0887766936,416033,3766,5509.3630401971,5445.4882398539,5233.8560685140
2016-06-13,2016-06-13 23:50:00+00:00,705.2537025153,416194,3765,5519.9331462530,5445.4882398539,5233.8560685140
2016-06-14,2016-06-14 23:50:00+00:00,685.1158454197,416326,3764,5529.9630003055,5445.4882398539,5233.8560685140
2016-06-15,2016-06-15 23:50:00+00:00,697.4923346650,416479,3763,5540.3746844913,5445.4882398539,5233.8560685140
2016-06-16,2016-06-16 23:50:00+00:00,768.6542678136,416628,3762,5550.6190983259,5445.4882398539,5233.8560685140
2016-06-17,2016-06-17 23:50:00+00:00,752.9334092069,416776,3761,5559.8158064887,5531.7722312780,5233.8560685140
2016-06-18,2016-06-18 23:50:00+00:00,757.3416662071,416934,3760,5569.2720253457,5531.7722312780,5233.8560685140
2016-06-19,2016-06-19 23:50:00+00:00,767.4518264835,417111,3759,5578.7015170417,5531.7722312780,5233.8560685140
2016-06-20,2016-06-20 23:50:00+00:00,715.3350485678,417274,3758,5588.0234981847,5531.7722312780,5233.8560685140
2016-06-21,2016-06-21 23:50:00+00:00,667.2175316531,417425,3757,5598.1734573675,5531.7722312780,5233.8560685140
2016-06-22,2016-06-22 23:50:00+00:00,597.5623930749,417553,3756,5609.2101716779,5531.7722312780,5233.8560685140
2016-06-23,2016-06-23 23:50:00+00:00,627.9657566292,417692,3755,5621.7664270344,5531.7722312780,5233.8560685140
2016-06-24,2016-06-24 23:50:00+00:00,667.5468611638,417821,3754,5633.7006663113,5597.9358802723,5233.8560685140
2016-06-25,2016-06-25 23:50:00+00:00,665.7125861193,417984,3753,5644.8902865835,5597.9358802723,5233.8560685140
2016-06-26,2016-06-26 23:50:00+00:00,633.8908753968,418131,3752,5656.1656395895,5597.9358802723,5233.8560685140
2016-06-27,2016-06-27 23:50:00+00:00,657.0424731544,418276,3751,5668.1379872247,5597.9358802723,5233.8560685140
2016-06-28,2016-06-28 23:50:00+00:00,647.9137512329,418425,3750,5679.6893320854,5597.9358802723,5233.8560685140
2016-06-29,2016-06-29 23:50:00+00:00,637.0942855303,418572,3749,5691.4793316311,5597.9358802723,5233.8560685140
2016-06-30,2016-06-30 23:50:00+00:00,672.6324199351,418721,3748,5703.5521996353,5597.9358802723,5233.8560685140
2016-07-01,2016-07-01 23:50:00+00:00,677.7523138559,418877,3747,5714.9599259351,5676.1506102022,5632.8920871301
2016-07-02,2016-07-02 23:50:00+00:00,703.0031427888,419025,3746,5726.3211931172,5676.1506102022,5632.8920871301
2016-07-03,2016-07-03 23:50:00+00:00,661.4398503660,419180,3745,5737.2679815218,5676.1506102022,5632.8920871301
2016-07-04,2016-07-04 23:50:00+00:00,681.3720236262,419330,3744,5749.0515522960,5676.1506102022,5632.8920871301
2016-07-05,2016-07-05 23:50:00+00:00,669.5220391629,419474,3743,5760.4978499912,5676.1506102022,5632.8920871301
2016-07-06,2016-07-06 23:50:00+00:00,677.0219670929,419616,3742,5772.2272498975,5676.1506102022,5632.8920871301
2016-07-07,2016-07-07 23:50:00+00:00,640.7836172203,419752,3741,5783.8628611957,5676.1506102022,5632.8920871301
2016-07-08,2016-07-08 23:50:00+00:00,665.8419667001,419897,3740,5796.3020259801,5755.4899104511,5632.8920871301
2016-07-09,2016-07-09 23:50:00+00:00,657.3184540890,420045,3739,5808.2715420805,5755.4899104511,5632.8920871301
2016-07-10,2016-07-10 23:50:00+00:00,651.3047799817,420202,3738,5820.4735356363,5755.4899104511,5632.8920871301
2016-07-11,2016-07-11 23:50:00+00:00,651.1524242489,420345,3737,5832.8613589118,5755.4899104511,5632.8920871301
2016-07-12,2016-07-12 23:50:00+00:00,665.2699931764,420488,3736,5845.3119847161,5755.4899104511,5632.8920871301
2016-07-13,2016-07-13 23:50:00+00:00,655.2105758523,420616,3735,5857.5231962944,5755.4899104511,5632.8920871301
2016-07-14,2016-07-14 23:50:00+00:00,660.2911244613,420756,3734,5870.0050678821,5755.4899104511,5632.8920871301
2016-07-15,2016-07-15 23:50:00+00:00,666.4306437344,420893,3733,5882.4381211830,5839.0731573517,5632.8920871301
2016-07-16,2016-07-16 23:50:00+00:00,663.3188356449,421050,3732,5894.8007474864,5839.0731573517,5632.8920871301
2016-07-17,2016-07-17 23:50:00+00:00,679.8341644292,421200,3731,5907.2879538975,5839.0731573517,5632.8920871301
2016-07-18,2016-07-18 23:50:00+00:00,675.0654188098,421347,3730,5919.4908450627,5839.0731573517,5632.8920871301
2016-07-19,2016-07-19 23:50:00+00:00,674.0658044288,421475,3729,5931.8488893942,5839.0731573517,5632.8920871301
2016-07-20,2016-07-20 23:50:00+00:00,667.3264934261,421626,3728,5944.2861338876,5839.0731573517,5632.8920871301
2016-07-21,2016-07-21 23:50:00+00:00,667.2942051820,421759,3727,5956.9250009256,5839.0731573517,5632.8920871301
2016-07-22,2016-07-22 23:50:00+00:00,653.2611166393,421888,3726,5969.6252496091,5925.3600929265,5632.8920871301
2016-07-23,2016-07-23 23:50:00+00:00,657.7541150362,422018,3725,5982.6959411156,5925.3600929265,5632.8920871301
2016-07-24,2016-07-24 23:50:00+00:00,660.8986520111,422143,3724,5995.7301206172,5925.3600929265,5632.8920871301
2016-07-25,2016-07-25 23:50:00+00:00,656.7279189565,422273,3723,6008.7581138281,5925.3600929265,5632.8920871301
2016-07-26,2016-07-26 23:50:00+00:00,654.1744626193,422402,3722,6021.9435161042,5925.3600929265,5632.8920871301
2016-07-27,2016-07-27 23:50:00+00:00,656.6374550331,422530,3721,6035.2522269939,5925.3600929265,5632.8920871301
2016-07-28,2016-07-28 23:50:00+00:00,654.8738329725,422663,3720,6048.5707053909,5925.3600929265,5632.8920871301
2016-07-29,2016-07-29 23:50:00+00:00,657.2028417428,422812,3719,6061.9958308457,6016.6323068628,5632.8920871301
2016-07-30,2016-07-30 23:50:00+00:00,655.0710646481,422932,3718,6075.4342310423,6016.6323068628,5632.8920871301
2016-07-31,2016-07-31 23:50:00+00:00,626.6782449704,423087,3717,6088.9890149494,6016.6323068628,5632.8920871301
2016-08-01,2016-08-01 23:50:00+00:00,603.0714699772,423239,3716,6103.3049973062,6016.6323068628,5988.8714140843
2016-08-02,2016-08-02 23:50:00+00:00,541.1173090968,423393,3715,6118.3255567947,6016.6323068628,5988.8714140843
2016-08-03,2016-08-03 23:50:00+00:00,570.4980849331,423559,3714,6135.3519640489,6016.6323068628,5988.8714140843
2016-08-04,2016-08-04 23:50:00+00:00,584.2871190374,423713,3713,6151.5125289595,6016.6323068628,5988.8714140843
2016-08-05,2016-08-05 23:50:00+00:00,578.7203581680,423882,3712,6167.3433212692,6110.4748056978,5988.8714140843
2016-08-06,2016-08-06 23:50:00+00:00,590.6386563792,424047,3711,6183.4340171709,6110.4748056978,5988.8714140843
2016-08-07,2016-08-07 23:50:00+00:00,594.2242426380,424196,3710,6199.2564315077,6110.4748056978,5988.8714140843
2016-08-08,2016-08-08 23:50:00+00:00,591.5945962715,424343,3709,6215.0622282693,6110.4748056978,5988.8714140843
2016-08-09,2016-08-09 23:50:00+00:00,585.9862966428,424466,3708,6231.0357441707,6110.4748056978,5988.8714140843
2016-08-10,2016-08-10 23:50:00+00:00,593.3092280998,424619,3707,6247.2705844758,6110.4748056978,5988.8714140843
2016-08-11,2016-08-11 23:50:00+00:00,586.8243344160,424766,3706,6263.3761066041,6110.4748056978,5988.8714140843
2016-08-12,2016-08-12 23:50:00+00:00,587.6670928265,424916,3705,6279.7718889473,6222.7017794094,5988.8714140843
2016-08-13,2016-08-13 23:50:00+00:00,585.6063890255,425081,3704,6296.2365035582,6222.7017794094,5988.8714140843
2016-08-14,2016-08-14 23:50:00+00:00,572.7941323514,425242,3703,6312.8610859899,6222.7017794094,5988.8714140843
2016-08-15,2016-08-15 23:50:00+00:00,567.4857481003,425390,3702,6329.9961380533,6222.7017794094,5988.8714140843
2016-08-16,2016-08-16 23:50:00+00:00,578.4633278460,425524,3701,6347.4115734534,6222.7017794094,5988.8714140843
2016-08-17,2016-08-17 23:50:00+00:00,573.9991993688,425646,3700,6364.5664624826,6222.7017794094,5988.8714140843
2016-08-18,2016-08-18 23:50:00+00:00,573.6346051923,425801,3699,6381.9717165830,6222.7017794094,5988.8714140843
2016-08-19,2016-08-19 23:50:00+00:00,573.6856113315,425956,3698,6399.4941820803,6337.5787348332,5988.8714140843
2016-08-20,2016-08-20 23:50:00+00:00,580.6772171225,426110,3697,6417.1209638619,6337.5787348332,5988.8714140843
2016-08-21,2016-08-21 23:50:00+00:00,580.2640710661,426270,3696,6434.6196093540,6337.5787348332,5988.8714140843
2016-08-22,2016-08-22 23:50:00+00:00,584.5310006792,426432,3695,6452.2373131030,6337.5787348332,5988.8714140843
2016-08-23,2016-08-23 23:50:00+00:00,582.1403915732,426579,3694,6469.8188180549,6337.5787348332,5988.8714140843
2016-08-24,2016-08-24 23:50:00+00:00,578.8355713317,426731,3693,6487.5860663958,6337.5787348332,5988.8714140843
2016-08-25,2016-08-25 23:50:00+00:00,575.7225958239,426859,3692,6505.5732977919,6337.5787348332,5988.8714140843
2016-08-26,2016-08-26 23:50:00+00:00,578.7497338081,426992,3691,6523.7780854888,6460.5136043851,5988.8714140843
2016-08-27,2016-08-27 23:50:00+00:00,569.4518502063,427135,3690,6541.9896229102,6460.5136043851,5988.8714140843
2016-08-28,2016-08-28 23:50:00+00:00,575.0956449604,427289,3689,6560.6422323494,6460.5136043851,5988.8714140843
2016-08-29,2016-08-29 23:50:00+00:00,572.9005311004,427437,3688,6579.2094374923,6460.5136043851,5988.8714140843
2016-08-30,2016-08-30 23:50:00+00:00,575.2640454162,427600,3687,6597.9708570169,6460.5136043851,5988.8714140843
2016-08-31,2016-08-31 23:50:00+00:00,571.1965360377,427735,3686,6616.7646677492,6460.5136043851,5988.8714140843
2016-09-01,2016-09-01 23:50:00+00:00,572.5561672482,427873,3685,6635.8240546001,6460.5136043851,6461.8934771161
2016-09-02,2016-09-02 23:50:00+00:00,575.0009111071,428029,3684,6654.9540161492,6587.5505748496,6461.8934771161
2016-09-03,2016-09-03 23:50:00+00:00,598.6908473035,428155,3683,6674.1152592266,6587.5505748496,6461.8934771161
2016-09-04,2016-09-04 23:50:00+00:00,611.4227799560,428333,3682,6692.5604231779,6587.5505748496,6461.8934771161
2016-09-05,2016-09-05 23:50:00+00:00,606.1033693816,428473,3681,6710.6923823303,6587.5505748496,6461.8934771161
2016-09-06,2016-09-06 23:50:00+00:00,610.3828471589,428610,3680,6729.1094084179,6587.5505748496,6461.8934771161
2016-09-07,2016-09-07 23:50:00+00:00,615.0585387829,428761,3679,6747.4947410548,6587.5505748496,6461.8934771161
2016-09-08,2016-09-08 23:50:00+00:00,627.3697008597,428906,3678,6765.8358808327,6587.5505748496,6461.8934771161
2016-09-09,2016-09-09 23:50:00+00:00,622.2820047346,429047,3677,6783.8877155386,6721.1636217698,6461.8934771161
2016-09-10,2016-09-10 23:50:00+00:00,623.2641908172,429201,3676,6802.2100665395,6721.1636217698,6461.8934771161
2016-09-11,2016-09-11 23:50:00+00:00,606.3234045793,429367,3675,6820.6096532245,6721.1636217698,6461.8934771161
2016-09-12,2016-09-12 23:50:00+00:00,607.3223156688,429530,3674,6839.6899085578,6721.1636217698,6461.8934771161
2016-09-13,2016-09-13 23:50:00+00:00,608.2890249240,429695,3673,6858.8529476167,6721.1636217698,6461.8934771161
2016-09-14,2016-09-14 23:50:00+00:00,608.7350306745,429850,3672,6878.1004802073,6721.1636217698,6461.8934771161
2016-09-15,2016-09-15 23:50:00+00:00,605.2743670752,430003,3671,6897.4513080992,6721.1636217698,6461.8934771161
2016-09-16,2016-09-16 23:50:00+00:00,607.7392757582,430143,3670,6917.0444076094,6849.0229083264,6461.8934771161
2016-09-17,2016-09-17 23:50:00+00:00,606.8865340702,430306,3669,6936.6720292189,6849.0229083264,6461.8934771161
2016-09-18,2016-09-18 23:50:00+00:00,610.9444636865,430452,3668,6956.4526536959,6849.0229083264,6461.8934771161
2016-09-19,2016-09-19 23:50:00+00:00,608.5191535320,430585,3667,6976.2120393533,6849.0229083264,6461.8934771161
2016-09-20,2016-09-20 23:50:00+00:00,606.7807663856,430732,3666,6996.1819670660,6849.0229083264,6461.8934771161
2016-09-21,2016-09-21 23:50:00+00:00,596.5872229886,430900,3665,7016.3407843496,6849.0229083264,6461.8934771161
2016-09-22,2016-09-22 23:50:00+00:00,595.3638256212,431041,3664,7037.0077622017,6849.0229083264,6461.8934771161
2016-09-23,2016-09-23 23:50:00+00:00,601.5785021721,431179,3663,7057.8550753412,6985.9375928525,6461.8934771161
2016-09-24,2016-09-24 23:50:00+00:00,601.0346316913,431345,3662,7078.6003347894,6985.9375928525,6461.8934771161
2016-09-25,2016-09-25 23:50:00+00:00,600.5018579500,431529,3661,7099.5000499726,6985.9375928525,6461.8934771161
2016-09-26,2016-09-26 23:50:00+00:00,606.2001855574,431683,3660,7120.5555157017,6985.9375928525,6461.8934771161
2016-09-27,2016-09-27 23:50:00+00:00,604.6179169459,431849,3659,7141.5296581598,6985.9375928525,6461.8934771161
2016-09-28,2016-09-28 23:50:00+00:00,604.9065178321,431998,3658,7162.6998434767,6985.9375928525,6461.8934771161
2016-09-29,2016-09-29 23:50:00+00:00,605.8710149342,432140,3657,7183.9964599913,6985.9375928525,6461.8934771161
2016-09-30,2016-09-30 23:50:00+00:00,608.9129588326,432283,3656,7205.3944780820,7130.6318599817,6461.8934771161
2016-10-01,2016-10-01 23:50:00+00:00,615.4437866654,432439,3655,7226.8143391486,7130.6318599817,7062.2451888265
2016-10-02,2016-10-02 23:50:00+00:00,611.1847244226,432581,3654,7248.1231949682,7130.6318599817,7062.2451888265
2016-10-03,2016-10-03 23:50:00+00:00,612.7803428472,432732,3653,7269.7336607728,7130.6318599817,7062.2451888265
2016-10-04,2016-10-04 23:50:00+00:00,608.7535531171,432889,3652,7291.4232950293,7130.6318599817,7062.2451888265
2016-10-05,2016-10-05 23:50:00+00:00,611.7243118951,433056,3651,7313.4128655990,7130.6318599817,7062.2451888265
2016-10-06,2016-10-06 23:50:00+00:00,611.3559903042,433214,3650,7335.4300213105,7130.6318599817,7062.2451888265
2016-10-07,2016-10-07 23:50:00+00:00,617.7007337645,433361,3649,7357.6069312905,7280.0034279911,7062.2451888265
2016-10-08,2016-10-08 23:50:00+00:00,619.0011133411,433529,3648,7379.6797818399,7280.0034279911,7062.2451888265
2016-10-09,2016-10-09 23:50:00+00:00,615.6507746404,433688,3647,7401.8465909284,7280.0034279911,7062.2451888265
2016-10-10,2016-10-10 23:50:00+00:00,617.8852701124,433814,3646,7424.2921457783,7280.0034279911,7062.2451888265
2016-10-11,2016-10-11 23:50:00+00:00,642.0432135327,433952,3645,7446.7973037113,7280.0034279911,7062.2451888265
2016-10-12,2016-10-12 23:50:00+00:00,635.7951243679,434096,3644,7468.5195297305,7280.0034279911,7062.2451888265
2016-10-13,2016-10-13 23:50:00+00:00,635.3288217408,434225,3643,7490.6166210011,7280.0034279911,7062.2451888265
2016-10-14,2016-10-14 23:50:00+00:00,638.0457908026,434360,3642,7512.8749909084,7433.8986569898,7062.2451888265
2016-10-15,2016-10-15 23:50:00+00:00,636.7173591555,434502,3641,7535.1738510069,7433.8986569898,7062.2451888265
2016-10-16,2016-10-16 23:50:00+00:00,640.4330294525,434632,3640,7557.6691480052,7433.8986569898,7062.2451888265
2016-10-17,2016-10-17 23:50:00+00:00,638.2363785568,434757,3639,7580.1677555418,7433.8986569898,7062.2451888265
2016-10-18,2016-10-18 23:50:00+00:00,635.2516741913,434912,3638,7602.8985839835,7433.8986569898,7062.2451888265
2016-10-19,2016-10-19 23:50:00+00:00,628.6662997535,435038,3637,7625.8964701499,7433.8986569898,7062.2451888265
2016-10-20,2016-10-20 23:50:00+00:00,628.7118242328,435171,3636,7649.3120265572,7433.8986569898,7062.2451888265
2016-10-21,2016-10-21 23:50:00+00:00,630.4802818462,435335,3635,7672.8829595050,7589.3495904686,7062.2451888265
2016-10-22,2016-10-22 23:50:00+00:00,652.4767975854,435484,3634,7696.5399748593,7589.3495904686,7062.2451888265
2016-10-23,2016-10-23 23:50:00+00:00,650.3057909224,435629,3633,7719.4793075175,7589.3495904686,7062.2451888265
2016-10-24,2016-10-24 23:50:00+00:00,648.7729777620,435771,3632,7742.6529859286,7589.3495904686,7062.2451888265
2016-10-25,2016-10-25 23:50:00+00:00,652.6148720914,435911,3631,7766.0394427392,7589.3495904686,7062.2451888265
2016-10-26,2016-10-26 23:50:00+00:00,674.1736532731,436047,3630,7789.4289330788,7589.3495904686,7062.2451888265
2016-10-27,2016-10-27 23:50:00+00:00,687.4780503021,436211,3629,7812.1486145483,7589.3495904686,7062.2451888265
2016-10-28,2016-10-28 23:50:00+00:00,688.4962938599,436363,3628,7834.5281733030,7754.2569359826,7062.2451888265
2016-10-29,2016-10-29 23:50:00+00:00,714.0132049999,436510,3627,7857.0121544210,7754.2569359826,7062.2451888265
2016-10-30,2016-10-30 23:50:00+00:00,697.5440979156,436679,3626,7878.7493657673,7754.2569359826,7062.2451888265
2016-10-31,2016-10-31 23:50:00+00:00,697.0695553784,436827,3625,7901.1887066340,7754.2569359826,7062.2451888265
2016-11-01,2016-11-01 23:50:00+00:00,729.7826819596,436971,3624,7923.7856293595,7754.2569359826,7737.6833725756
2016-11-02,2016-11-02 23:50:00+00:00,742.1366006752,437104,3623,7945.4040873732,7754.2569359826,7737.6833725756
2016-11-03,2016-11-03 23:50:00+00:00,687.9545124061,437259,3622,7966.7531399014,7754.2569359826,7737.6833725756
2016-11-04,2016-11-04 23:50:00+00:00,704.0639814358,437375,3621,7990.0997406646,7910.9891776450,7737.6833725756
2016-11-05,2016-11-05 23:50:00+00:00,705.4952687890,437521,3620,8013.0066292063,7910.9891776450,7737.6833725756
2016-11-06,2016-11-06 23:50:00+00:00,716.3226858760,437675,3619,8036.0065899456,7910.9891776450,7737.6833725756
2016-11-07,2016-11-07 23:50:00+00:00,703.0813011748,437820,3618,8058.7671879435,7910.9891776450,7737.6833725756
2016-11-08,2016-11-08 23:50:00+00:00,710.8930104497,437989,3617,8082.1445623671,7910.9891776450,7737.6833725756
2016-11-09,2016-11-09 23:50:00+00:00,721.2385791965,438137,3616,8105.3870347480,7910.9891776450,7737.6833725756
2016-11-10,2016-11-10 23:50:00+00:00,713.3071442331,438303,3615,8128.4077413290,7910.9891776450,7737.6833725756
2016-11-11,2016-11-11 23:50:00+00:00,716.6398744332,438468,3614,8151.8559040643,8070.7841370606,7737.6833725756
2016-11-12,2016-11-12 23:50:00+00:00,704.1206813293,438636,3613,8175.3322268018,8070.7841370606,7737.6833725756
2016-11-13,2016-11-13 23:50:00+00:00,702.3881415370,438778,3612,8199.4190360429,8070.7841370606,7737.6833725756
2016-11-14,2016-11-14 23:50:00+00:00,704.8674758914,438949,3611,8223.7272662274,8070.7841370606,7737.6833725756
2016-11-15,2016-11-15 23:50:00+00:00,712.2453422596,439105,3610,8248.0992674799,8070.7841370606,7737.6833725756
2016-11-16,2016-11-16 23:50:00+00:00,737.3415145062,439277,3609,8272.3511207188,8070.7841370606,7737.6833725756
2016-11-17,2016-11-17 23:50:00+00:00,730.3281411169,439435,3608,8295.8479563389,8070.7841370606,7737.6833725756
2016-11-18,2016-11-18 23:50:00+00:00,748.4639181661,439583,3607,8319.7417131580,8234.5492179276,7737.6833725756
2016-11-19,2016-11-19 23:50:00+00:00,750.7693031371,439724,3606,8343.1463794438,8234.5492179276,7737.6833725756
2016-11-20,2016-11-20 23:50:00+00:00,729.8329977410,439854,3605,8366.6165290093,8234.5492179276,7737.6833725756
2016-11-21,2016-11-21 23:50:00+00:00,736.5494413631,439993,3604,8390.9786344389,8234.5492179276,7737.6833725756
2016-11-22,2016-11-22 23:50:00+00:00,748.0008385886,440126,3603,8415.2510904221,8234.5492179276,7737.6833725756
2016-11-23,2016-11-23 23:50:00+00:00,741.6163279206,440274,3602,8439.2669740853,8234.5492179276,7737.6833725756
2016-11-24,2016-11-24 23:50:00+00:00,737.6106062206,440435,3601,8463.6627222210,8234.5492179276,7737.6833725756
2016-11-25,2016-11-25 23:50:00+00:00,739.7574413835,440586,3600,8488.3601530457,8397.6417276026,7737.6833725756
2016-11-26,2016-11-26 23:50:00+00:00,732.8834415193,440739,3599,8513.1367590744,8397.6417276026,7737.6833725756
2016-11-27,2016-11-27 23:50:00+00:00,728.8590062573,440885,3598,8538.3292183441,8397.6417276026,7737.6833725756
2016-11-28,2016-11-28 23:50:00+00:00,729.9131589550,441046,3597,8563.8389624648,8397.6417276026,7737.6833725756
2016-11-29,2016-11-29 23:50:00+00:00,732.0910705749,441196,3596,8589.4752545193,8397.6417276026,7737.6833725756
2016-11-30,2016-11-30 23:50:00+00:00,742.3702971211,441339,3595,8615.1957382977,8397.6417276026,7737.6833725756
2016-12-01,2016-12-01 23:50:00+00:00,753.1630525910,441486,3594,8640.6922342900,8397.6417276026,8416.8851698379
2016-12-02,2016-12-02 23:50:00+00:00,769.7881767182,441628,3593,8665.9509334640,8570.2452232038,8416.8851698379
2016-12-03,2016-12-03 23:50:00+00:00,766.6808823682,441799,3592,8690.7689306033,8570.2452232038,8416.8851698379
2016-12-04,2016-12-04 23:50:00+00:00,765.0191934693,441949,3591,8715.8548048144,8570.2452232038,8416.8851698379
2016-12-05,2016-12-05 23:50:00+00:00,751.8443230070,442101,3590,8741.1603139607,8570.2452232038,8416.8851698379
2016-12-06,2016-12-06 23:50:00+00:00,759.5092488245,442251,3589,8767.1179455714,8570.2452232038,8416.8851698379
2016-12-07,2016-12-07 23:50:00+00:00,765.0274254945,442423,3588,8792.9555484598,8570.2452232038,8416.8851698379
2016-12-08,2016-12-08 23:50:00+00:00,767.1251344840,442582,3587,8818.7545172920,8570.2452232038,8416.8851698379
2016-12-09,2016-12-09 23:50:00+00:00,772.4507520835,442717,3586,8844.6418634254,8742.9439526776,8416.8851698379
2016-12-10,2016-12-10 23:50:00+00:00,775.4348079092,442847,3585,8870.4989460779,8742.9439526776,8416.8851698379
2016-12-11,2016-12-11 23:50:00+00:00,769.3897794425,443034,3584,8896.4121968623,8742.9439526776,8416.8851698379
2016-12-12,2016-12-12 23:50:00+00:00,778.2982728837,443190,3583,8922.7170181958,8742.9439526776,8416.8851698379
2016-12-13,2016-12-13 23:50:00+00:00,777.1148524612,443370,3582,8948.8600627759,8742.9439526776,8416.8851698379
2016-12-14,2016-12-14 23:50:00+00:00,777.5387069475,443509,3581,8975.2154967385,8742.9439526776,8416.8851698379
2016-12-15,2016-12-15 23:50:00+00:00,776.1219368299,443635,3580,9001.7256059695,8742.9439526776,8416.8851698379
2016-12-16,2016-12-16 23:50:00+00:00,780.9259172614,443769,3579,9028.4612012993,8922.7664226250,8416.8851698379
2016-12-17,2016-12-17 23:50:00+00:00,788.9255361335,443913,3578,9055.1895146178,8922.7664226250,8416.8851698379
2016-12-18,2016-12-18 23:50:00+00:00,790.4343388020,444051,3577,9081.7922244919,8922.7664226250,8416.8851698379
2016-12-19,2016-12-19 23:50:00+00:00,790.9863472150,444205,3576,9108.5105796979,8922.7664226250,8416.8851698379
2016-12-20,2016-12-20 23:50:00+00:00,799.2034682737,444342,3575,9135.3810773411,8922.7664226250,8416.8851698379
2016-12-21,2016-12-21 23:50:00+00:00,833.3000276325,444502,3574,9162.1204397487,8922.7664226250,8416.8851698379
2016-12-22,2016-12-22 23:50:00+00:00,857.6320329591,444660,3573,9187.8221287571,8922.7664226250,8416.8851698379
2016-12-23,2016-12-23 23:50:00+00:00,916.2689181351,444812,3572,9212.8738512809,9108.6084294489,8416.8851698379
2016-12-24,2016-12-24 23:50:00+00:00,892.4642177832,444949,3571,9236.2937678260,9108.6084294489,8416.8851698379
2016-12-25,2016-12-25 23:50:00+00:00,894.8863982561,445113,3570,9260.5455112733,9108.6084294489,8416.8851698379
2016-12-26,2016-12-26 23:50:00+00:00,901.3421392503,445256,3569,9284.8653852613,9108.6084294489,8416.8851698379
2016-12-27,2016-12-27 23:50:00+00:00,927.8784235549,445411,3568,9309.1326747878,9108.6084294489,8416.8851698379
2016-12-28,2016-12-28 23:50:00+00:00,978.6706323804,445577,3567,9332.7660205062,9108.6084294489,8416.8851698379
2016-12-29,2016-12-29 23:50:00+00:00,970.5916246962,445725,3566,9355.1600763939,9108.6084294489,8416.8851698379
2016-12-30,2016-12-30 23:50:00+00:00,960.9125488130,445882,3565,9377.8843239845,9271.1438926143,8416.8851698379
2016-12-31,2016-12-31 23:50:00+00:00,967.7422560148,446032,3564,9400.9894251629,9271.1438926143,8416.8851698379
2017-01-01,2017-01-01 23:50:00+00:00,995.9339491996,446187,3563,9424.0386519359,9271.1438926143,9211.1845395759
2017-01-02,2017-01-02 23:50:00+00:00,1014.3551444208,446345,3562,9446.4813746130,9271.1438926143,9211.1845395759
2017-01-03,2017-01-03 23:50:00+00:00,1024.4356274214,446510,3561,9468.5848296251,9271.1438926143,9211.1845395759
2017-01-04,2017-01-04 23:50:00+00:00,1120.5665806362,446664,3560,9490.5590270093,9271.1438926143,9211.1845395759
2017-01-05,2017-01-05 23:50:00+00:00,1002.9225429219,446803,3559,9510.5191694979,9271.1438926143,9211.1845395759
2017-01-06,2017-01-06 23:50:00+00:00,893.5322212420,446963,3558,9533.2478612183,9431.3898805967,9211.1845395759
2017-01-07,2017-01-07 23:50:00+00:00,906.0237000545,447103,3557,9559.2332023230,9431.3898805967,9211.1845395759
2017-01-08,2017-01-08 23:50:00+00:00,920.0144439293,447269,3556,9584.9766653403,9431.3898805967,9211.1845395759
2017-01-09,2017-01-09 23:50:00+00:00,901.6846047663,447405,3555,9610.4376731042,9431.3898805967,9211.1845395759
2017-01-10,2017-01-10 23:50:00+00:00,905.3372890525,447565,3554,9636.6260694923,9431.3898805967,9211.1845395759
2017-01-11,2017-01-11 23:50:00+00:00,788.6627243240,447717,3553,9662.8548556634,9431.3898805967,9211.1845395759
2017-01-12,2017-01-12 23:50:00+00:00,810.6206346707,447890,3552,9693.5626041560,9431.3898805967,9211.1845395759
2017-01-13,2017-01-13 23:50:00+00:00,826.8820727987,448040,3551,9723.5690252388,9612.1894117578,9211.1845395759
2017-01-14,2017-01-14 23:50:00+00:00,824.4725280214,448211,3550,9753.1287466803,9612.1894117578,9211.1845395759
2017-01-15,2017-01-15 23:50:00+00:00,828.2438456916,448379,3549,9782.9808624336,9612.1894117578,9211.1845395759
2017-01-16,2017-01-16 23:50:00+00:00,832.2975703858,448547,3548,9812.8833724501,9612.1894117578,9211.1845395759
2017-01-17,2017-01-17 23:50:00+00:00,905.9891266982,448703,3547,9842.8256369862,9612.1894117578,9211.1845395759
2017-01-18,2017-01-18 23:50:00+00:00,887.4321969839,448856,3546,9870.2825483254,9612.1894117578,9211.1845395759
2017-01-19,2017-01-19 23:50:00+00:00,902.5132703894,449029,3545,9898.5465841633,9612.1894117578,9211.1845395759
2017-01-20,2017-01-20 23:50:00+00:00,895.0778348690,449219,3544,9926.4654892601,9817.9326021136,9211.1845395759
2017-01-21,2017-01-21 23:50:00+00:00,923.9705284417,449398,3543,9954.8156647414,9817.9326021136,9211.1845395759
2017-01-22,2017-01-22 23:50:00+00:00,926.2267163652,449575,3542,9982.3614406380,9817.9326021136,9211.1845395759
2017-01-23,2017-01-23 23:50:00+00:00,918.1218197310,449713,3541,10010.0011691165,9817.9326021136,9211.1845395759
2017-01-24,2017-01-24 23:50:00+00:00,886.5455413735,449861,3540,10038.0814085499,9817.9326021136,9211.1845395759
2017-01-25,2017-01-25 23:50:00+00:00,897.3617133683,450011,3539,10067.4465234792,9817.9326021136,9211.1845395759
2017-01-26,2017-01-26 23:50:00+00:00,916.8285986587,450164,3538,10096.6089409829,9817.9326021136,9211.1845395759
2017-01-27,2017-01-27 23:50:00+00:00,921.5422094300,450336,3537,10125.2715524868,10015.2448646885,9211.1845395759
2017-01-28,2017-01-28 23:50:00+00:00,924.7673237597,450488,3536,10153.9510419165,10015.2448646885,9211.1845395759
2017-01-29,2017-01-29 23:50:00+00:00,915.1648754788,450653,3535,10182.6988208115,10015.2448646885,9211.1845395759
2017-01-30,2017-01-30 23:50:00+00:00,922.0738109943,450798,3534,10211.9610526455,10015.2448646885,9211.1845395759
2017-01-31,2017-01-31 23:50:00+00:00,968.8802576054,450941,3533,10241.1656018417,10015.2448646885,9211.1845395759
2017-02-01,2017-02-01 23:50:00+00:00,987.7523632206,451134,3532,10268.9898675467,10015.2448646885,9909.8538489518
2017-02-02,2017-02-02 23:50:00+00:00,1008.0424230506,451292,3531,10296.3895200688,10015.2448646885,9909.8538489518
2017-02-03,2017-02-03 23:50:00+00:00,1017.4797248414,451441,3530,10323.3361831142,10214.8473855750,9909.8538489518
2017-02-04,2017-02-04 23:50:00+00:00,1034.9539111460,451584,3529,10350.1603353150,10214.8473855750,9909.8538489518
2017-02-05,2017-02-05 23:50:00+00:00,1015.6507467246,451743,3528,10376.6331035786,10214.8473855750,9909.8538489518
2017-02-06,2017-02-06 23:50:00+00:00,1023.1524015509,451869,3527,10403.8202995122,10214.8473855750,9909.8538489518
2017-02-07,2017-02-07 23:50:00+00:00,1053.8503861201,452021,3526,10430.9431107741,10214.8473855750,9909.8538489518
2017-02-08,2017-02-08 23:50:00+00:00,1053.7050616734,452167,3525,10457.3399152261,10214.8473855750,9909.8538489518
2017-02-09,2017-02-09 23:50:00+00:00,988.4129320650,452335,3524,10483.8898366286,10214.8473855750,9909.8538489518
2017-02-10,2017-02-10 23:50:00+00:00,999.5649259923,452483,3523,10512.5562958787,10401.3989964075,9909.8538489518
2017-02-11,2017-02-11 23:50:00+00:00,1017.4108314001,452622,3522,10541.0402458270,10401.3989964075,9909.8538489518
2017-02-12,2017-02-12 23:50:00+00:00,1007.6745400361,452761,3521,10569.1385232273,10401.3989964075,9909.8538489518
2017-02-13,2017-02-13 23:50:00+00:00,1002.2742943587,452925,3520,10597.7060942158,10401.3989964075,9909.8538489518
2017-02-14,2017-02-14 23:50:00+00:00,1013.0606096748,453094,3519,10626.6164655897,10401.3989964075,9909.8538489518
2017-02-15,2017-02-15 23:50:00+00:00,1013.7192202030,453233,3518,10655.3587223572,10401.3989964075,9909.8538489518
2017-02-16,2017-02-16 23:50:00+00:00,1035.5864430166,453383,3517,10684.2525438296,10401.3989964075,9909.8538489518
2017-02-17,2017-02-17 23:50:00+00:00,1054.5323358232,453533,3516,10712.6401368909,10599.6080067290,9909.8538489518
2017-02-18,2017-02-18 23:50:00+00:00,1061.9505209874,453683,3515,10740.6258518306,10599.6080067290,9909.8538489518
2017-02-19,2017-02-19 23:50:00+00:00,1057.2512244091,453818,3514,10768.5556204506,10599.6080067290,9909.8538489518
2017-02-20,2017-02-20 23:50:00+00:00,1086.2696442808,453968,3513,10796.7859346177,10599.6080067290,9909.8538489518
2017-02-21,2017-02-21 23:50:00+00:00,1126.8589354030,454105,3512,10824.3378317850,10599.6080067290,9909.8538489518
2017-02-22,2017-02-22 23:50:00+00:00,1129.8504031737,454243,3511,10850.9343997617,10599.6080067290,9909.8538489518
2017-02-23,2017-02-23 23:50:00+00:00,1176.8521763203,454394,3510,10877.5980522912,10599.6080067290,9909.8538489518
2017-02-24,2017-02-24 23:50:00+00:00,1185.0389520725,454556,3509,10903.2106866113,10794.2370777070,9909.8538489518
2017-02-25,2017-02-25 23:50:00+00:00,1155.3930852456,454721,3508,10928.7590573845,10794.2370777070,9909.8538489518
2017-02-26,2017-02-26 23:50:00+00:00,1183.8062908634,454902,3507,10955.1830396880,10794.2370777070,9909.8538489518
2017-02-27,2017-02-27 23:50:00+00:00,1194.8283747514,455045,3506,10981.0357755848,10794.2370777070,9909.8538489518
2017-02-28,2017-02-28 23:50:00+00:00,1195.8369020168,455198,3505,11006.7563235882,10794.2370777070,9909.8538489518
2017-03-01,2017-03-01 23:50:00+00:00,1228.5614421186,455343,3504,11032.5879087079,10794.2370777070,10746.6803467021
2017-03-02,2017-03-02 23:50:00+00:00,1265.8578469159,455500,3503,11057.7783244996,10794.2370777070,10746.6803467021
2017-03-03,2017-03-03 23:50:00+00:00,1291.5770036361,455650,3502,11082.2574010824,10971.8176192731,10746.6803467021
2017-03-04,2017-03-04 23:50:00+00:00,1267.3528520011,455780,3501,11106.3049076211,10971.8176192731,10746.6803467021
2017-03-05,2017-03-05 23:50:00+00:00,1277.5105061242,455930,3500,11130.9946881224,10971.8176192731,10746.6803467021
2017-03-06,2017-03-06 23:50:00+00:00,1283.6842084601,456072,3499,11155.5855512176,10971.8176192731,10746.6803467021
2017-03-07,2017-03-07 23:50:00+00:00,1236.2938477595,456224,3498,11180.1649362755,10971.8176192731,10746.6803467021
2017-03-08,2017-03-08 23:50:00+00:00,1150.0236036838,456367,3497,11205.9392082686,10971.8176192731,10746.6803467021
2017-03-09,2017-03-09 23:50:00+00:00,1195.1541699692,456515,3496,11234.0374606759,10971.8176192731,10746.6803467021
2017-03-10,2017-03-10 23:50:00+00:00,1112.0866738419,456669,3495,11261.1016593679,11138.7857928112,10746.6803467021
2017-03-11,2017-03-11 23:50:00+00:00,1185.3058442201,456818,3494,11290.5919510792,11138.7857928112,10746.6803467021
2017-03-12,2017-03-12 23:50:00+00:00,1235.7711375342,456972,3493,11318.2166533225,11138.7857928112,10746.6803467021
2017-03-13,2017-03-13 23:50:00+00:00,1244.5663616591,457119,3492,11344.7228546223,11138.7857928112,10746.6803467021
2017-03-14,2017-03-14 23:50:00+00:00,1247.7630042829,457275,3491,11371.1569741993,11138.7857928112,10746.6803467021
2017-03-15,2017-03-15 23:50:00+00:00,1262.4206240552,457418,3490,11397.6532017732,11138.7857928112,10746.6803467021
2017-03-16,2017-03-16 23:50:00+00:00,1176.9608841733,457570,3489,11423.9404180354,11138.7857928112,10746.6803467021
2017-03-17,2017-03-17 23:50:00+00:00,1075.7232574299,457724,3488,11452.5267661777,11343.7487601125,10746.6803467021
2017-03-18,2017-03-18 23:50:00+00:00,968.1089976756,457881,3487,11484.2966399520,11343.7487601125,10746.6803467021
2017-03-19,2017-03-19 23:50:00+00:00,1018.3045586602,458045,3486,11520.1943290978,11343.7487601125,10746.6803467021
2017-03-20,2017-03-20 23:50:00+00:00,1043.6578375929,458181,3485,11554.3870685770,11343.7487601125,10746.6803467021
2017-03-21,2017-03-21 23:50:00+00:00,1113.6685965088,458324,3484,11587.8836656801,11343.7487601125,10746.6803467021
2017-03-22,2017-03-22 23:50:00+00:00,1037.2465846063,458483,3483,11619.2591528132,11343.7487601125,10746.6803467021
2017-03-23,2017-03-23 23:50:00+00:00,1027.2830294733,458631,3482,11653.4028268670,11343.7487601125,10746.6803467021
2017-03-24,2017-03-24 23:50:00+00:00,933.1697539478,458807,3481,11688.1345053103,11565.4247335383,10746.6803467021
2017-03-25,2017-03-25 23:50:00+00:00,961.3879462046,458941,3480,11726.9723386916,11565.4247335383,10746.6803467021
2017-03-26,2017-03-26 23:50:00+00:00,969.0173124004,459105,3479,11764.8401792779,11565.4247335383,10746.6803467021
2017-03-27,2017-03-27 23:50:00+00:00,1041.3102894201,459238,3478,11802.6473403099,11565.4247335383,10746.6803467021
2017-03-28,2017-03-28 23:50:00+00:00,1045.4750146765,459393,3477,11837.8320163258,11565.4247335383,10746.6803467021
2017-03-29,2017-03-29 23:50:00+00:00,1040.4428183684,459530,3476,11873.0923748322,11565.4247335383,10746.6803467021
2017-03-30,2017-03-30 23:50:00+00:00,1037.7534053277,459696,3475,11908.7726893157,11565.4247335383,10746.6803467021
2017-03-31,2017-03-31 23:50:00+00:00,1082.7250423311,459830,3474,11944.7911247979,11836.7823415061,10746.6803467021
2017-04-01,2017-04-01 23:50:00+00:00,1090.4005316487,459961,3473,11979.3949699390,11836.7823415061,11522.9643229770
2017-04-02,2017-04-02 23:50:00+00:00,1099.0261334055,460120,3472,12013.9497247023,11836.7823415061,11522.9643229770
2017-04-03,2017-04-03 23:50:00+00:00,1151.1597494764,460297,3471,12048.4234557876,11836.7823415061,11522.9643229770
2017-04-04,2017-04-04 23:50:00+00:00,1143.0292032430,460420,3470,12081.3820750146,11836.7823415061,11522.9643229770
2017-04-05,2017-04-05 23:50:00+00:00,1133.0626233946,460582,3469,12114.8020889946,11836.7823415061,11522.9643229770
2017-04-06,2017-04-06 23:50:00+00:00,1193.1537715324,460730,3468,12148.7544427859,11836.7823415061,11522.9643229770
2017-04-07,2017-04-07 23:50:00+00:00,1193.3132640712,460892,3467,12181.0148173408,12078.6574361694,11522.9643229770
2017-04-08,2017-04-08 23:50:00+00:00,1183.8935053048,461030,3466,12213.4609228055,12078.6574361694,11522.9643229770
2017-04-09,2017-04-09 23:50:00+00:00,1209.3369012368,461187,3465,12246.3878050625,12078.6574361694,11522.9643229770
2017-04-10,2017-04-10 23:50:00+00:00,1209.8499838384,461333,3464,12278.7383501185,12078.6574361694,11522.9643229770
2017-04-11,2017-04-11 23:50:00+00:00,1221.5398742760,461502,3463,12311.2637487772,12078.6574361694,11522.9643229770
2017-04-12,2017-04-12 23:50:00+00:00,1214.4567978728,461645,3462,12343.6327286355,12078.6574361694,11522.9643229770
2017-04-13,2017-04-13 23:50:00+00:00,1174.8368508155,461772,3461,12376.4025266240,12078.6574361694,11522.9643229770
2017-04-14,2017-04-14 23:50:00+00:00,1172.6691908070,461910,3460,12410.6018815515,12305.4240326532,11522.9643229770
2017-04-15,2017-04-15 23:50:00+00:00,1177.7152670936,462061,3459,12445.0811531384,12305.4240326532,11522.9643229770
2017-04-16,2017-04-16 23:50:00+00:00,1164.9733826019,462207,3458,12479.6080899889,12305.4240326532,11522.9643229770
2017-04-17,2017-04-17 23:50:00+00:00,1189.5375772550,462345,3457,12514.7680165029,12305.4240326532,11522.9643229770
2017-04-18,2017-04-18 23:50:00+00:00,1201.7158482752,462489,3456,12549.3393403883,12305.4240326532,11522.9643229770
2017-04-19,2017-04-19 23:50:00+00:00,1210.4839232126,462634,3455,12583.7319028223,12305.4240326532,11522.9643229770
2017-04-20,2017-04-20 23:50:00+00:00,1235.6649373071,462772,3454,12618.0557208115,12305.4240326532,11522.9643229770
2017-04-21,2017-04-21 23:50:00+00:00,1249.0561225724,462938,3453,12651.8068839583,12546.5389727853,11522.9643229770
2017-04-22,2017-04-22 23:50:00+00:00,1241.8951760429,463083,3452,12685.3543324510,12546.5389727853,11522.9643229770
2017-04-23,2017-04-23 23:50:00+00:00,1250.3472418375,463236,3451,12719.3161705573,12546.5389727853,11522.9643229770
2017-04-24,2017-04-24 23:50:00+00:00,1256.5417001687,463360,3450,12753.2235802819,12546.5389727853,11522.9643229770
2017-04-25,2017-04-25 23:50:00+00:00,1278.6417664638,463508,3449,12787.1451553339,12546.5389727853,11522.9643229770
2017-04-26,2017-04-26 23:50:00+00:00,1294.6780496550,463660,3448,12820.6117446796,12546.5389727853,11522.9643229770
2017-04-27,2017-04-27 23:50:00+00:00,1346.6851056144,463808,3447,12853.8092078576,12546.5389727853,11522.9643229770
2017-04-28,2017-04-28 23:50:00+00:00,1350.4576499293,463943,3446,12885.7610233525,12781.0258440646,11522.9643229770
2017-04-29,2017-04-29 23:50:00+00:00,1354.4069470018,464118,3445,12917.7902944342,12781.0258440646,11522.9643229770
2017-04-30,2017-04-30 23:50:00+00:00,1383.0539029624,464267,3444,12949.8927889923,12781.0258440646,11522.9643229770
2017-05-01,2017-05-01 23:50:00+00:00,1425.2481458295,464419,3443,12981.4254731992,12781.0258440646,12578.6487974076
2017-05-02,2017-05-02 23:50:00+00:00,1465.5810426562,464577,3442,13012.0775206139,12781.0258440646,12578.6487974076
2017-05-03,2017-05-03 23:50:00+00:00,1526.4207056111,464707,3441,13041.9380738517,12781.0258440646,12578.6487974076
2017-05-04,2017-05-04 23:50:00+00:00,1554.0068489204,464876,3440,13070.6027063152,12781.0258440646,12578.6487974076
2017-05-05,2017-05-05 23:50:00+00:00,1526.2278035910,465004,3439,13098.8301489281,13004.7557010840,12578.6487974076
2017-05-06,2017-05-06 23:50:00+00:00,1584.9514134546,465174,3438,13127.7833908547,13004.7557010840,12578.6487974076
2017-05-07,2017-05-07 23:50:00+00:00,1597.2058531776,465339,3437,13155.6593299541,13004.7557010840,12578.6487974076
2017-05-08,2017-05-08 23:50:00+00:00,1701.8770462876,465521,3436,13183.4253700270,13004.7557010840,12578.6487974076
2017-05-09,2017-05-09 23:50:00+00:00,1719.5961033260,465675,3435,13209.3688124461,13004.7557010840,12578.6487974076
2017-05-10,2017-05-10 23:50:00+00:00,1791.2692326529,465824,3434,13235.1209099233,13004.7557010840,12578.6487974076
2017-05-11,2017-05-11 23:50:00+00:00,1834.8367578989,465958,3433,13259.7968906422,13004.7557010840,12578.6487974076
2017-05-12,2017-05-12 23:50:00+00:00,1694.4671103687,466112,3432,13283.8979155555,13207.0535570753,12578.6487974076
2017-05-13,2017-05-13 23:50:00+00:00,1787.7256658652,466269,3431,13310.4317728373,13207.0535570753,12578.6487974076
2017-05-14,2017-05-14 23:50:00+00:00,1796.7730922387,466435,3430,13335.4910478329,13207.0535570753,12578.6487974076
2017-05-15,2017-05-15 23:50:00+00:00,1724.7694873501,466602,3429,13360.5129296951,13207.0535570753,12578.6487974076
2017-05-16,2017-05-16 23:50:00+00:00,1738.6013027844,466737,3428,13386.8580946908,13207.0535570753,12578.6487974076
2017-05-17,2017-05-17 23:50:00+00:00,1803.9774846923,466891,3427,13413.0806715967,13207.0535570753,12578.6487974076
2017-05-18,2017-05-18 23:50:00+00:00,1891.2189190792,467034,3426,13438.3227590833,13207.0535570753,12578.6487974076
2017-05-19,2017-05-19 23:50:00+00:00,1966.1600061196,467196,3425,13462.3216213690,13392.7542743793,12578.6487974076
2017-05-20,2017-05-20 23:50:00+00:00,2052.9757275294,467361,3424,13485.3499526161,13392.7542743793,12578.6487974076
2017-05-21,2017-05-21 23:50:00+00:00,2052.5502115696,467510,3423,13507.3242523355,13392.7542743793,12578.6487974076
2017-05-22,2017-05-22 23:50:00+00:00,2114.3483953569,467656,3422,13529.3885903517,13392.7542743793,12578.6487974076
2017-05-23,2017-05-23 23:50:00+00:00,2268.0560178414,467822,3421,13550.7737212864,13392.7542743793,12578.6487974076
2017-05-24,2017-05-24 23:50:00+00:00,2431.1791752125,467978,3420,13570.5129465365,13392.7542743793,12578.6487974076
2017-05-25,2017-05-25 23:50:00+00:00,2331.3462280805,468140,3419,13588.7234439777,13392.7542743793,12578.6487974076
2017-05-26,2017-05-26 23:50:00+00:00,2272.1649053409,468294,3418,13607.9477653803,13553.8378929461,12578.6487974076
2017-05-27,2017-05-27 23:50:00+00:00,2078.6323751461,468457,3417,13627.8450530483,13553.8378929461,12578.6487974076
2017-05-28,2017-05-28 23:50:00+00:00,2225.4645712728,468625,3416,13650.0469956877,13553.8378929461,12578.6487974076
2017-05-29,2017-05-29 23:50:00+00:00,2286.2068610013,468776,3415,13670.5972135320,13553.8378929461,12578.6487974076
2017-05-30,2017-05-30 23:50:00+00:00,2185.1005053472,468956,3414,13690.5660215660,13553.8378929461,12578.6487974076
2017-05-31,2017-05-31 23:50:00+00:00,2298.2209745872,469120,3413,13711.7198228296,13553.8378929461,12578.6487974076
2017-06-01,2017-06-01 23:50:00+00:00,2417.9412739112,469290,3412,13731.7065879149,13553.8378929461,13514.5730588318
2017-06-02,2017-06-02 23:50:00+00:00,2479.5616565385,469437,3411,13750.5691365115,13693.1591852834,13514.5730588318
2017-06-03,2017-06-03 23:50:00+00:00,2543.8723274892,469629,3410,13768.9232505715,13693.1591852834,13514.5730588318
2017-06-04,2017-06-04 23:50:00+00:00,2521.8458675831,469789,3409,13786.7687414405,13693.1591852834,13514.5730588318
2017-06-05,2017-06-05 23:50:00+00:00,2695.0334189788,469954,3408,13804.8630586652,13693.1591852834,13514.5730588318
2017-06-06,2017-06-06 23:50:00+00:00,2873.7969374932,470104,3407,13821.5866293867,13693.1591852834,13514.5730588318
2017-06-07,2017-06-07 23:50:00+00:00,2701.4140898845,470267,3406,13837.0630186141,13693.1591852834,13514.5730588318
2017-06-08,2017-06-08 23:50:00+00:00,2803.2970167930,470434,3405,13853.8347251949,13693.1591852834,13514.5730588318
2017-06-09,2017-06-09 23:50:00+00:00,2810.2941602111,470583,3404,13869.8966641147,13821.5093896891,13514.5730588318
2017-06-10,2017-06-10 23:50:00+00:00,2919.9279707867,470726,3403,13885.9550371674,13821.5093896891,13514.5730588318
2017-06-11,2017-06-11 23:50:00+00:00,2991.4426584000,470873,3402,13901.3011475441,13821.5093896891,13514.5730588318
2017-06-12,2017-06-12 23:50:00+00:00,2656.1781794939,471020,3401,13916.2240470779,13821.5093896891,13514.5730588318
2017-06-13,2017-06-13 23:50:00+00:00,2707.2075876858,471160,3400,13933.5967452855,13821.5093896891,13514.5730588318
2017-06-14,2017-06-14 23:50:00+00:00,2443.7740726358,471300,3399,13950.6167932215,13821.5093896891,13514.5730588318
2017-06-15,2017-06-15 23:50:00+00:00,2415.0926209398,471453,3398,13969.9751006124,13821.5093896891,13514.5730588318
2017-06-16,2017-06-16 23:50:00+00:00,2485.2215784160,471601,3397,13989.6786257742,13933.8451896852,13514.5730588318
2017-06-17,2017-06-17 23:50:00+00:00,2644.3694299812,471747,3396,14008.7742326757,13933.8451896852,13514.5730588318
2017-06-18,2017-06-18 23:50:00+00:00,2512.4288220863,471889,3395,14026.5298193961,13933.8451896852,13514.5730588318
2017-06-19,2017-06-19 23:50:00+00:00,2595.0475545493,472041,3394,14045.4951966191,13933.8451896852,13514.5730588318
2017-06-20,2017-06-20 23:50:00+00:00,2734.9342331113,472180,3393,14063.7844293239,13933.8451896852,13514.5730588318
2017-06-21,2017-06-21 23:50:00+00:00,2653.5361530836,472318,3392,14080.9799758692,13933.8451896852,13514.5730588318
2017-06-22,2017-06-22 23:50:00+00:00,2693.6777403844,472458,3391,14098.8852540263,13933.8451896852,13514.5730588318
2017-06-23,2017-06-23 23:50:00+00:00,2687.6564249824,472620,3390,14116.5165972166,14067.4623335254,13514.5730588318
2017-06-24,2017-06-24 23:50:00+00:00,2568.5925241151,472764,3389,14134.2515655389,14067.4623335254,13514.5730588318
2017-06-25,2017-06-25 23:50:00+00:00,2501.1788695913,472886,3388,14153.0612779801,14067.4623335254,13514.5730588318
2017-06-26,2017-06-26 23:50:00+00:00,2419.8281336490,473028,3387,14172.5545292984,14067.4623335254,13514.5730588318
2017-06-27,2017-06-27 23:50:00+00:00,2565.9955752034,473160,3386,14192.9126967286,14067.4623335254,13514.5730588318
2017-06-28,2017-06-28 23:50:00+00:00,2554.2217718277,473317,3385,14211.9367593517,14067.4623335254,13514.5730588318
2017-06-29,2017-06-29 23:50:00+00:00,2537.4077103018,473436,3384,14231.1306883268,14067.4623335254,13514.5730588318
2017-06-30,2017-06-30 23:50:00+00:00,2460.9232820756,473590,3383,14250.5436582318,14191.6125522446,13514.5730588318
2017-07-01,2017-07-01 23:50:00+00:00,2420.5394650155,473756,3382,14270.7587262274,14191.6125522446,14092.0041528051
2017-07-02,2017-07-02 23:50:00+00:00,2508.7110635949,473944,3381,14291.4527729790,14191.6125522446,14092.0041528051
2017-07-03,2017-07-03 23:50:00+00:00,2543.5205570258,474113,3380,14311.3393158593,14191.6125522446,14092.0041528051
2017-07-04,2017-07-04 23:50:00+00:00,2603.9755135205,474267,3379,14330.9615230547,14191.6125522446,14092.0041528051
2017-07-05,2017-07-05 23:50:00+00:00,2611.9076336688,474415,3378,14350.0928272050,14191.6125522446,14092.0041528051
2017-07-06,2017-07-06 23:50:00+00:00,2601.1915674692,474558,3377,14369.2153477095,14191.6125522446,14092.0041528051
2017-07-07,2017-07-07 23:50:00+00:00,2500.6068002547,474706,3376,14388.4969975823,14333.0672792037,14092.0041528051
2017-07-08,2017-07-08 23:50:00+00:00,2559.2909885064,474871,3375,14408.7931261851,14333.0672792037,14092.0041528051
2017-07-09,2017-07-09 23:50:00+00:00,2505.7193673833,475008,3374,14428.5928593174,14333.0672792037,14092.0041528051
2017-07-10,2017-07-10 23:50:00+00:00,2337.6926899975,475205,3373,14448.9759122352,14333.0672792037,14092.0041528051
2017-07-11,2017-07-11 23:50:00+00:00,2308.5349031275,475379,3372,14471.2100361851,14333.0672792037,14092.0041528051
2017-07-12,2017-07-12 23:50:00+00:00,2386.6789346826,475556,3371,14493.8626358690,14333.0672792037,14092.0041528051
2017-07-13,2017-07-13 23:50:00+00:00,2338.8345995324,475712,3370,14515.7129458453,14333.0672792037,14092.0041528051
2017-07-14,2017-07-14 23:50:00+00:00,2218.0683995737,475850,3369,14538.1799666224,14475.1712874427,14092.0041528051
2017-07-15,2017-07-15 23:50:00+00:00,1970.0224148276,475979,3368,14562.1956242882,14475.1712874427,14092.0041528051
2017-07-16,2017-07-16 23:50:00+00:00,1914.3158613562,476142,3367,14589.8929929461,14475.1712874427,14092.0041528051
2017-07-17,2017-07-17 23:50:00+00:00,2226.8543703792,476289,3366,14618.6502399938,14475.1712874427,14092.0041528051
2017-07-18,2017-07-18 23:50:00+00:00,2304.6771777961,476452,3365,14642.8651817905,14475.1712874427,14092.0041528051
2017-07-19,2017-07-19 23:50:00+00:00,2262.4342019700,476603,3364,14666.2053002141,14475.1712874427,14092.0041528051
2017-07-20,2017-07-20 23:50:00+00:00,2836.4441013378,476765,3363,14690.1537418934,14475.1712874427,14092.0041528051
2017-07-21,2017-07-21 23:50:00+00:00,2667.7990925158,476919,3362,14708.4368010868,14643.4037717825,14092.0041528051
2017-07-22,2017-07-22 23:50:00+00:00,2828.2888439324,477078,3361,14728.2146001210,14643.4037717825,14092.0041528051
2017-07-23,2017-07-23 23:50:00+00:00,2756.3507669668,477252,3360,14746.6807132232,14643.4037717825,14092.0041528051
2017-07-24,2017-07-24 23:50:00+00:00,2761.0032926496,477429,3359,14765.8031714594,14643.4037717825,14092.0041528051
2017-07-25,2017-07-25 23:50:00+00:00,2562.1887893065,477578,3358,14784.9469242815,14643.4037717825,14092.0041528051
2017-07-26,2017-07-26 23:50:00+00:00,2524.0042104313,477724,3357,14805.9868454992,14643.4037717825,14092.0041528051
2017-07-27,2017-07-27 23:50:00+00:00,2662.3277360997,477879,3356,14827.4861285870,14643.4037717825,14092.0041528051
2017-07-28,2017-07-28 23:50:00+00:00,2784.9319075271,478027,3355,14847.7080839383,14781.6412334691,14092.0041528051
2017-07-29,2017-07-29 23:50:00+00:00,2699.3367794540,478184,3354,14866.9075995771,14781.6412334691,14092.0041528051
2017-07-30,2017-07-30 23:50:00+00:00,2733.6980518700,478333,3353,14886.9208733848,14781.6412334691,14092.0041528051
2017-07-31,2017-07-31 23:50:00+00:00,2861.3551172835,478476,3352,14906.6913968317,14781.6412334691,14092.0041528051
2017-08-01,2017-08-01 23:50:00+00:00,2731.1154904957,478627,3351,14925.4413385666,14781.6412334691,14731.9611295258
2017-08-02,2017-08-02 23:50:00+00:00,2700.9520190592,478778,3350,14945.3608796837,14781.6412334691,14731.9611295258
2017-08-03,2017-08-03 23:50:00+00:00,2787.8641269540,478917,3349,14965.6190628067,14781.6412334691,14731.9611295258
2017-08-04,2017-08-04 23:50:00+00:00,2855.5448136861,479096,3348,14985.1701925142,14915.7811539501,14731.9611295258
2017-08-05,2017-08-05 23:50:00+00:00,3246.8898576917,479272,3347,15004.2123387951,14915.7811539501,14731.9611295258
2017-08-06,2017-08-06 23:50:00+00:00,3219.1355141814,479413,3346,15020.4677662666,14915.7811539501,14731.9611295258
2017-08-07,2017-08-07 23:50:00+00:00,3394.1250519662,479566,3345,15036.9476956047,14915.7811539501,14731.9611295258
2017-08-08,2017-08-08 23:50:00+00:00,3418.0657164880,479727,3344,15052.3884883030,14915.7811539501,14731.9611295258
2017-08-09,2017-08-09 23:50:00+00:00,3341.9317359190,479867,3343,15067.7301413499,14915.7811539501,14731.9611295258
2017-08-10,2017-08-10 23:50:00+00:00,3432.1805546018,480000,3342,15083.5660297346,14915.7811539501,14731.9611295258
2017-08-11,2017-08-11 23:50:00+00:00,3651.9521595541,480145,3341,15098.9078363042,15048.7467471399,14731.9611295258
2017-08-12,2017-08-12 23:50:00+00:00,3873.8402776600,480278,3340,15113.0909554371,15048.7467471399,14731.9611295258
2017-08-13,2017-08-13 23:50:00+00:00,4055.4301082173,480428,3339,15126.2344259492,15048.7467471399,14731.9611295258
2017-08-14,2017-08-14 23:50:00+00:00,4321.7408780016,480557,3338,15138.6150366100,15048.7467471399,14731.9611295258
2017-08-15,2017-08-15 23:50:00+00:00,4158.3690493076,480709,3337,15149.9781896073,15048.7467471399,14731.9611295258
2017-08-16,2017-08-16 23:50:00+00:00,4371.8985716925,480839,3336,15161.9916593325,15048.7467471399,14731.9611295258
2017-08-17,2017-08-17 23:50:00+00:00,4278.8745651421,481018,3335,15173.2205549866,15048.7467471399,14731.9611295258
2017-08-18,2017-08-18 23:50:00+00:00,4103.3081866659,481167,3334,15184.8167515461,15147.8505394270,14731.9611295258
2017-08-19,2017-08-19 23:50:00+00:00,4136.0284975203,481319,3333,15197.1305213218,15147.8505394270,14731.9611295258
2017-08-20,2017-08-20 23:50:00+00:00,4047.5907074207,481450,3332,15209.3378374013,15147.8505394270,14731.9611295258
2017-08-21,2017-08-21 23:50:00+00:00,3993.4967661136,481565,3331,15221.9395900395,15147.8505394270,14731.9611295258
2017-08-22,2017-08-22 23:50:00+00:00,4089.1926880986,481651,3330,15234.8030798351,15147.8505394270,14731.9611295258
2017-08-23,2017-08-23 23:50:00+00:00,4128.2094362766,481810,3329,15247.2868296728,15147.8505394270,14731.9611295258
2017-08-24,2017-08-24 23:50:00+00:00,4309.7432335987,481913,3328,15259.6368568084,15147.8505394270,14731.9611295258
2017-08-25,2017-08-25 23:50:00+00:00,4357.5045802342,482015,3327,15271.2990890482,15233.9936212634,14731.9611295258
2017-08-26,2017-08-26 23:50:00+00:00,4339.1853262605,482120,3326,15282.8075916613,15233.9936212634,14731.9611295258
2017-08-27,2017-08-27 23:50:00+00:00,4343.6146576495,482273,3325,15294.4085517479,15233.9936212634,14731.9611295258
2017-08-28,2017-08-28 23:50:00+00:00,4384.6480486381,482404,3324,15306.0175703625,15233.9936212634,14731.9611295258
2017-08-29,2017-08-29 23:50:00+00:00,4591.9730647879,482551,3323,15317.4991035423,15233.9936212634,14731.9611295258
2017-08-30,2017-08-30 23:50:00+00:00,4578.2580410056,482721,3322,15328.2764778544,15233.9936212634,14731.9611295258
2017-08-31,2017-08-31 23:50:00+00:00,4739.8219096100,482884,3321,15339.1217526676,15233.9936212634,14731.9611295258
2017-09-01,2017-09-01 23:50:00+00:00,4930.9139634297,483056,3320,15349.4605539335,15314.4682881346,15344.9382197789
2017-09-02,2017-09-02 23:50:00+00:00,4635.5493670042,483222,3319,15359.2383762654,15314.4682881346,15344.9382197789
2017-09-03,2017-09-03 23:50:00+00:00,4624.0041288362,483376,3318,15369.9545365654,15314.4682881346,15344.9382197789
2017-09-04,2017-09-04 23:50:00+00:00,4340.7473055612,483550,3317,15380.7305496789,15314.4682881346,15344.9382197789
2017-09-05,2017-09-05 23:50:00+00:00,4426.6604145629,483747,3316,15392.5364626945,15314.4682881346,15344.9382197789
2017-09-06,2017-09-06 23:50:00+00:00,4610.8066027410,483908,3315,15404.0476055868,15314.4682881346,15344.9382197789
2017-09-07,2017-09-07 23:50:00+00:00,4621.9928164711,484085,3314,15414.9360086803,15314.4682881346,15344.9382197789
2017-09-08,2017-09-08 23:50:00+00:00,4341.4884613413,484260,3313,15425.8087018036,15382.8084344955,15344.9382197789
2017-09-09,2017-09-09 23:50:00+00:00,4330.5837584308,484428,3312,15437.7091396261,15382.8084344955,15344.9382197789
2017-09-10,2017-09-10 23:50:00+00:00,4250.0880372511,484567,3311,15449.6769708040,15382.8084344955,15344.9382197789
2017-09-11,2017-09-11 23:50:00+00:00,4207.5136117071,484739,3310,15461.9865002770,15382.8084344955,15344.9382197789
2017-09-12,2017-09-12 23:50:00+00:00,4157.6631770084,484929,3309,15474.4954071409,15382.8084344955,15344.9382197789
2017-09-13,2017-09-13 23:50:00+00:00,3867.7915092908,485119,3308,15487.2387705311,15382.8084344955,15344.9382197789
2017-09-14,2017-09-14 23:50:00+00:00,3240.8962881220,485294,3307,15501.3205297784,15382.8084344955,15344.9382197789
2017-09-15,2017-09-15 23:50:00+00:00,3710.9858608872,485472,3306,15519.0789143611,15465.9653239818,15344.9382197789
2017-09-16,2017-09-16 23:50:00+00:00,3711.8661641714,485641,3305,15534.0344946496,15465.9653239818,15344.9382197789
2017-09-17,2017-09-17 23:50:00+00:00,3703.3124561892,485817,3304,15549.0233306050,15465.9653239818,15344.9382197789
2017-09-18,2017-09-18 23:50:00+00:00,4094.5549208672,485946,3303,15564.0958584780,15465.9653239818,15344.9382197789
2017-09-19,2017-09-19 23:50:00+00:00,3911.1000329190,486102,3302,15577.3104804032,15465.9653239818,15344.9382197789
2017-09-20,2017-09-20 23:50:00+00:00,3869.9896605977,486219,3301,15591.3991650594,15465.9653239818,15344.9382197789
2017-09-21,2017-09-21 23:50:00+00:00,3617.6710605707,486394,3300,15605.7223622349,15465.9653239818,15344.9382197789
2017-09-22,2017-09-22 23:50:00+00:00,3615.9131536079,486533,3299,15621.4136119139,15570.4594806028,15344.9382197789
2017-09-23,2017-09-23 23:50:00+00:00,3782.0205495432,486698,3298,15637.1559557508,15570.4594806028,15344.9382197789
2017-09-24,2017-09-24 23:50:00+00:00,3668.2651341464,486844,3297,15652.0370392753,15570.4594806028,15344.9382197789
2017-09-25,2017-09-25 23:50:00+00:00,3918.8906674191,486970,3296,15667.5661701757,15570.4594806028,15344.9382197789
2017-09-26,2017-09-26 23:50:00+00:00,3886.1024756670,487106,3295,15681.8343049616,15570.4594806028,15344.9382197789
2017-09-27,2017-09-27 23:50:00+00:00,4199.9683304293,487255,3294,15696.2981675429,15570.4594806028,15344.9382197789
2017-09-28,2017-09-28 23:50:00+00:00,4187.5762458963,487432,3293,15709.3562635717,15570.4594806028,15344.9382197789
2017-09-29,2017-09-29 23:50:00+00:00,4156.6599836784,487601,3292,15722.4969649027,15680.5258966089,15344.9382197789
2017-09-30,2017-09-30 23:50:00+00:00,4335.4670096900,487739,3291,15735.8013114035,15680.5258966089,15344.9382197789
2017-10-01,2017-10-01 23:50:00+00:00,4382.8122842536,487869,3290,15748.3883022798,15680.5258966089,15648.1368946680
2017-10-02,2017-10-02 23:50:00+00:00,4391.7505603951,488017,3289,15760.8149325464,15680.5258966089,15648.1368946680
2017-10-03,2017-10-03 23:50:00+00:00,4311.3560516755,488202,3288,15773.2336282951,15680.5258966089,15648.1368946680
2017-10-04,2017-10-04 23:50:00+00:00,4215.1823335366,488334,3287,15786.0013764433,15680.5258966089,15648.1368946680
2017-10-05,2017-10-05 23:50:00+00:00,4317.5286219966,488460,3286,15799.1995933896,15680.5258966089,15648.1368946680
2017-10-06,2017-10-06 23:50:00+00:00,4362.9807726376,488618,3285,15811.9999273839,15773.5693491835,15648.1368946680
2017-10-07,2017-10-07 23:50:00+00:00,4427.3494829669,488776,3284,15824.6448392336,15773.5693491835,15648.1368946680
2017-10-08,2017-10-08 23:50:00+00:00,4599.5847725205,488960,3283,15837.0631282387,15773.5693491835,15648.1368946680
2017-10-09,2017-10-09 23:50:00+00:00,4770.7588124619,489118,3282,15848.8611644564,15773.5693491835,15648.1368946680
2017-10-10,2017-10-10 23:50:00+00:00,4742.2045860623,489281,3281,15860.0859284294,15773.5693491835,15648.1368946680
2017-10-11,2017-10-11 23:50:00+00:00,4817.0760012420,489420,3280,15871.4303922259,15773.5693491835,15648.1368946680
2017-10-12,2017-10-12 23:50:00+00:00,5421.2564743439,489572,3279,15882.5458815781,15773.5693491835,15648.1368946680
2017-10-13,2017-10-13 23:50:00+00:00,5622.4015373109,489708,3278,15891.9010619737,15862.0219180728,15648.1368946680
2017-10-14,2017-10-14 23:50:00+00:00,5806.2748379104,489849,3277,15900.7638215081,15862.0219180728,15648.1368946680
2017-10-15,2017-10-15 23:50:00+00:00,5690.4433120437,490043,3276,15909.2067163690,15862.0219180728,15648.1368946680
2017-10-16,2017-10-16 23:50:00+00:00,5751.4012953187,490217,3275,15917.9349761691,15862.0219180728,15648.1368946680
2017-10-17,2017-10-17 23:50:00+00:00,5593.7603909677,490382,3274,15926.5338549542,15862.0219180728,15648.1368946680
2017-10-18,2017-10-18 23:50:00+00:00,5574.3071803420,490534,3273,15935.5274532601,15862.0219180728,15648.1368946680
2017-10-19,2017-10-19 23:50:00+00:00,5700.8191829727,490710,3272,15944.5851951229,15862.0219180728,15648.1368946680
2017-10-20,2017-10-20 23:50:00+00:00,5997.4467640761,490890,3271,15953.3490203058,15923.9899981123,15648.1368946680
2017-10-21,2017-10-21 23:50:00+00:00,6015.7235550075,491041,3270,15961.4518901532,15923.9899981123,15648.1368946680
2017-10-22,2017-10-22 23:50:00+00:00,5998.8322636531,491225,3269,15969.5284402907,15923.9899981123,15648.1368946680
2017-10-23,2017-10-23 23:50:00+00:00,5889.6720580493,491396,3268,15977.6546822078,15923.9899981123,15648.1368946680
2017-10-24,2017-10-24 23:50:00+00:00,5518.7662129819,491562,3267,15986.0358562689,15923.9899981123,15648.1368946680
2017-10-25,2017-10-25 23:50:00+00:00,5744.7936868948,491747,3266,15995.3248420741,15923.9899981123,15648.1368946680
2017-10-26,2017-10-26 23:50:00+00:00,5890.7143073772,491929,3265,16004.0710383315,15923.9899981123,15648.1368946680
2017-10-27,2017-10-27 23:50:00+00:00,5778.7009833010,492032,3264,16012.4934444911,15980.6280882926,15648.1368946680
2017-10-28,2017-10-28 23:50:00+00:00,5752.9443033250,492117,3263,16021.1887339818,15980.6280882926,15648.1368946680
2017-10-29,2017-10-29 23:50:00+00:00,6150.6172754481,492272,3262,16029.9598429502,15980.6280882926,15648.1368946680
2017-10-30,2017-10-30 23:50:00+00:00,6122.6880259418,492419,3261,16037.8594401151,15980.6280882926,15648.1368946680
2017-10-31,2017-10-31 23:50:00+00:00,6441.3050298222,492555,3260,16045.8302543765,15980.6280882926,15648.1368946680
2017-11-01,2017-11-01 23:50:00+00:00,6764.7607007710,492713,3259,16053.1750314062,15980.6280882926,16029.6334997240
2017-11-02,2017-11-02 23:50:00+00:00,7032.2521439295,492863,3258,16059.9433699138,15980.6280882926,16029.6334997240
2017-11-03,2017-11-03 23:50:00+00:00,7188.6736621927,492982,3257,16066.2759359224,16041.4007650928,16029.6334997240
2017-11-04,2017-11-04 23:50:00+00:00,7391.4995208813,493112,3256,16072.3719013084,16041.4007650928,16029.6334997240
2017-11-05,2017-11-05 23:50:00+00:00,7390.6623454448,493251,3255,16078.1730837683,16041.4007650928,16029.6334997240
2017-11-06,2017-11-06 23:50:00+00:00,6960.1621482044,493386,3254,16083.9832432917,16041.4007650928,16029.6334997240
2017-11-07,2017-11-07 23:50:00+00:00,7123.9976989686,493542,3253,16090.4672282000,16041.4007650928,16029.6334997240
2017-11-08,2017-11-08 23:50:00+00:00,7469.0098696658,493685,3252,16096.6971693353,16041.4007650928,16029.6334997240
2017-11-09,2017-11-09 23:50:00+00:00,7135.4213010083,493838,3251,16102.4186114197,16041.4007650928,16029.6334997240
2017-11-10,2017-11-10 23:50:00+00:00,6591.1286753660,493959,3250,16108.6473934467,16083.9968156177,16029.6334997240
2017-11-11,2017-11-11 23:50:00+00:00,6361.5873312493,494039,3249,16115.8099221352,16083.9968156177,16029.6334997240
2017-11-12,2017-11-12 23:50:00+00:00,5909.6447898412,494119,3248,16123.4213888473,16083.9968156177,16029.6334997240
2017-11-13,2017-11-13 23:50:00+00:00,6525.6369662477,494258,3247,16132.0081843856,16083.9968156177,16029.6334997240
2017-11-14,2017-11-14 23:50:00+00:00,6595.5484387382,494387,3246,16139.3275488936,16083.9968156177,16029.6334997240
2017-11-15,2017-11-15 23:50:00+00:00,7282.0687389374,494538,3245,16146.5275722003,16083.9968156177,16029.6334997240
2017-11-16,2017-11-16 23:50:00+00:00,7845.3219799649,494691,3244,16152.5887740123,16083.9968156177,16029.6334997240
2017-11-17,2017-11-17 23:50:00+00:00,7691.5208803062,494857,3243,16157.8645263501,16134.0767552038,16029.6334997240
2017-11-18,2017-11-18 23:50:00+00:00,7780.4865522992,494994,3242,16163.3523746728,16134.0767552038,16029.6334997240
2017-11-19,2017-11-19 23:50:00+00:00,8033.5533555865,495154,3241,16168.7274253975,16134.0767552038,16029.6334997240
2017-11-20,2017-11-20 23:50:00+00:00,8255.8673531853,495328,3240,16173.7824788870,16134.0767552038,16029.6334997240
2017-11-21,2017-11-21 23:50:00+00:00,8096.8604318605,495502,3239,16178.5729408796,16134.0767552038,16029.6334997240
2017-11-22,2017-11-22 23:50:00+00:00,8244.9695366723,495647,3238,16183.5616020170,16134.0767552038,16029.6334997240
2017-11-23,2017-11-23 23:50:00+00:00,8035.8938488716,495807,3237,16188.3768098379,16134.0767552038,16029.6334997240
2017-11-24,2017-11-24 23:50:00+00:00,8215.4579030888,495956,3236,16193.4535703413,16172.4170689068,16029.6334997240
2017-11-25,2017-11-25 23:50:00+00:00,8771.8632065703,496111,3235,16198.3160478418,16172.4170689068,16029.6334997240
2017-11-26,2017-11-26 23:50:00+00:00,9349.1199304853,496263,3234,16202.5576813164,16172.4170689068,16029.6334997240
2017-11-27,2017-11-27 23:50:00+00:00,9754.4497188342,496434,3233,16206.2323153844,16172.4170689068,16029.6334997240
2017-11-28,2017-11-28 23:50:00+00:00,9926.7119318878,496590,3232,16209.5495527188,16172.4170689068,16029.6334997240
2017-11-29,2017-11-29 23:50:00+00:00,9863.7957133663,496762,3231,16212.7254722303,16172.4170689068,16029.6334997240
2017-11-30,2017-11-30 23:50:00+00:00,9953.8232555045,496931,3230,16215.9569153265,16172.4170689068,16029.6334997240
2017-12-01,2017-12-01 23:50:00+00:00,10862.8696926667,497111,3229,16219.1169479656,16206.3920888970,16237.4698962679
2017-12-02,2017-12-02 23:50:00+00:00,10923.7412301263,497274,3228,16221.5948039995,16206.3920888970,16237.4698962679
2017-12-03,2017-12-03 23:50:00+00:00,11285.9738172302,497449,3227,16224.0331111129,16206.3920888970,16237.4698962679
2017-12-04,2017-12-04 23:50:00+00:00,11625.1906745117,497631,3226,16226.2338607046,16206.3920888970,16237.4698962679
2017-12-05,2017-12-05 23:50:00+00:00,11703.7031175535,497809,3225,16228.2254397036,16206.3920888970,16237.4698962679
2017-12-06,2017-12-06 23:50:00+00:00,13919.9784305021,497996,3224,16230.1715951090,16206.3920888970,16237.4698962679
2017-12-07,2017-12-07 23:50:00+00:00,17144.1105617705,498147,3223,16231.0073807429,16206.3920888970,16237.4698962679
2017-12-08,2017-12-08 23:50:00+00:00,16241.2541724968,498305,3222,16230.7390826059,16223.7034868095,16237.4698962679
2017-12-09,2017-12-09 23:50:00+00:00,15065.9111393024,498479,3221,16230.7358201780,16223.7034868095,16237.4698962679
2017-12-10,2017-12-10 23:50:00+00:00,15049.9021805681,498643,3220,16231.1255448748,16223.7034868095,16237.4698962679
2017-12-11,2017-12-11 23:50:00+00:00,16779.8391399303,498812,3219,16231.5213091611,16223.7034868095,16237.4698962679
2017-12-12,2017-12-12 23:50:00+00:00,17220.0599492300,498971,3218,16231.3564878547,16223.7034868095,16237.4698962679
2017-12-13,2017-12-13 23:50:00+00:00,16525.0947350353,499156,3217,16231.0668019262,16223.7034868095,16237.4698962679
2017-12-14,2017-12-14 23:50:00+00:00,16607.8827132690,499342,3216,16230.9770025633,16223.7034868095,16237.4698962679
2017-12-15,2017-12-15 23:50:00+00:00,17644.1918548274,499510,3215,16230.8624304119,16223.6653744643,16237.4698962679
2017-12-16,2017-12-16 23:50:00+00:00,19587.6137328711,499682,3214,16230.4579229570,16223.6653744643,16237.4698962679
2017-12-17,2017-12-17 23:50:00+00:00,19179.6689844765,499867,3213,16229.5921842239,16223.6653744643,16237.4698962679
2017-12-18,2017-12-18 23:50:00+00:00,19007.0093317691,500048,3212,16228.8150366625,16223.6653744643,16237.4698962679
2017-12-19,2017-12-19 23:50:00+00:00,17737.6603189445,500189,3211,16228.0763239663,16223.6653744643,16237.4698962679
2017-12-20,2017-12-20 23:50:00+00:00,16456.2284240584,500325,3210,16227.6460833134,16223.6653744643,16237.4698962679
2017-12-21,2017-12-21 23:50:00+00:00,15651.9466103934,500456,3209,16227.5758414055,16223.6653744643,16237.4698962679
2017-12-22,2017-12-22 23:50:00+00:00,14140.9901934735,500611,3208,16227.7618781576,16220.8202079577,16237.4698962679
2017-12-23,2017-12-23 23:50:00+00:00,14800.6959575694,500749,3207,16228.5086273556,16220.8202079577,16237.4698962679
2017-12-24,2017-12-24 23:50:00+00:00,14170.8777917799,500903,3206,16228.9969616842,16220.8202079577,16237.4698962679
2017-12-25,2017-12-25 23:50:00+00:00,14073.4036707208,501037,3205,16229.7324183539,16220.8202079577,16237.4698962679
2017-12-26,2017-12-26 23:50:00+00:00,15761.3169697730,501180,3204,16230.5085858458,16220.8202079577,16237.4698962679
2017-12-27,2017-12-27 23:50:00+00:00,15382.4960605053,501336,3203,16230.6594329462,16220.8202079577,16237.4698962679
2017-12-28,2017-12-28 23:50:00+00:00,14456.9688747131,501485,3202,16230.9389285732,16220.8202079577,16237.4698962679
2017-12-29,2017-12-29 23:50:00+00:00,14487.2233182562,501650,3201,16231.5611481288,16226.0308932102,16237.4698962679
2017-12-30,2017-12-30 23:50:00+00:00,12743.8168862644,501794,3200,16232.1719102574,16226.0308932102,16237.4698962679
2017-12-31,2017-12-31 23:50:00+00:00,13896.6330974021,501960,3199,16233.5609693199,16226.0308932102,16237.4698962679
2018-01-01,2018-01-01 23:50:00+00:00,13436.4011349653,502115,3198,16234.4146469314,16226.0308932102,16313.6156967216
2018-01-02,2018-01-02 23:50:00+00:00,14732.4533557963,502285,3197,16235.4721682565,16226.0308932102,16313.6156967216
2018-01-03,2018-01-03 23:50:00+00:00,15068.4868529477,502443,3196,16235.9904445665,16226.0308932102,16313.6156967216
2018-01-04,2018-01-04 23:50:00+00:00,15150.0443934424,502609,3195,16236.3841823011,16226.0308932102,16313.6156967216
2018-01-05,2018-01-05 23:50:00+00:00,16929.9935842188,502754,3194,16236.7486977492,16230.2935124657,16313.6156967216
2018-01-06,2018-01-06 23:50:00+00:00,17094.0758082781,502922,3193,16236.5404767806,16230.2935124657,16313.6156967216
2018-01-07,2018-01-07 23:50:00+00:00,16162.8132779126,503084,3192,16236.2853064429,16230.2935124657,16313.6156967216
2018-01-08,2018-01-08 23:50:00+00:00,14998.2501270315,503250,3191,16236.3084359066,16230.2935124657,16313.6156967216
2018-01-09,2018-01-09 23:50:00+00:00,14415.4660292176,503414,3190,16236.7285897641,16230.2935124657,16313.6156967216
2018-01-10,2018-01-10 23:50:00+00:00,14850.2836846479,503580,3189,16237.3718772321,16230.2935124657,16313.6156967216
2018-01-11,2018-01-11 23:50:00+00:00,13310.7766238752,503773,3188,16237.8476279736,16230.2935124657,16313.6156967216
2018-01-12,2018-01-12 23:50:00+00:00,13797.8222793959,503950,3187,16238.9681134401,16228.8226322852,16313.6156967216
2018-01-13,2018-01-13 23:50:00+00:00,14218.5180089983,504100,3186,16239.8699336285,16228.8226322852,16313.6156967216
2018-01-14,2018-01-14 23:50:00+00:00,13655.2421810491,504256,3185,16240.5948369591,16228.8226322852,16313.6156967216
2018-01-15,2018-01-15 23:50:00+00:00,13574.7977354383,504406,3184,16241.5606100103,16228.8226322852,16313.6156967216
2018-01-16,2018-01-16 23:50:00+00:00,11467.3809782847,504564,3183,16242.5630744051,16228.8226322852,16313.6156967216
2018-01-17,2018-01-17 23:50:00+00:00,11136.8087350582,504731,3182,16244.6889454703,16228.8226322852,16313.6156967216
2018-01-18,2018-01-18 23:50:00+00:00,11289.2109114092,504905,3181,16247.0315031658,16228.8226322852,16313.6156967216
2018-01-19,2018-01-19 23:50:00+00:00,11511.0983547336,505067,3180,16249.2755613014,16235.1092679841,16313.6156967216
2018-01-20,2018-01-20 23:50:00+00:00,12763.7794623906,505247,3179,16251.3797963330,16235.1092679841,16313.6156967216
2018-01-21,2018-01-21 23:50:00+00:00,11455.5263964957,505434,3178,16252.7771975201,16235.1092679841,16313.6156967216
2018-01-22,2018-01-22 23:50:00+00:00,10781.2688813604,505602,3177,16254.9198167105,16235.1092679841,16313.6156967216
2018-01-23,2018-01-23 23:50:00+00:00,10801.0831317507,505777,3176,16257.5186653624,16235.1092679841,16313.6156967216
2018-01-24,2018-01-24 23:50:00+00:00,11354.2290994051,505954,3175,16260.1058138631,16235.1092679841,16313.6156967216
2018-01-25,2018-01-25 23:50:00+00:00,11137.8786024598,506113,3174,16262.3195943063,16235.1092679841,16313.6156967216
2018-01-26,2018-01-26 23:50:00+00:00,11091.2165104278,506266,3173,16264.6780048859,16249.7980654645,16313.6156967216
2018-01-27,2018-01-27 23:50:00+00:00,11333.3978749912,506425,3172,16267.0700986413,16249.7980654645,16313.6156967216
2018-01-28,2018-01-28 23:50:00+00:00,11597.0801648611,506581,3171,16269.3035828106,16249.7980654645,16313.6156967216
2018-01-29,2018-01-29 23:50:00+00:00,11149.4312105262,506729,3170,16271.3715318968,16249.7980654645,16313.6156967216
2018-01-30,2018-01-30 23:50:00+00:00,9937.7263811606,506896,3169,16273.7306337164,16249.7980654645,16313.6156967216
2018-01-31,2018-01-31 23:50:00+00:00,10087.7241986694,507015,3168,16277.0064367999,16249.7980654645,16313.6156967216
2018-02-01,2018-02-01 23:50:00+00:00,9014.0262072414,507174,3167,16280.1604078579,16249.7980654645,16346.9534874859
2018-02-02,2018-02-02 23:50:00+00:00,8799.1219106177,507340,3166,16284.3065382563,16266.4992399359,16346.9534874859
2018-02-03,2018-02-03 23:50:00+00:00,9208.4599191646,507501,3165,16288.6845354635,16266.4992399359,16346.9534874859
2018-02-04,2018-02-04 23:50:00+00:00,8176.4606157584,507676,3164,16292.6438054858,16266.4992399359,16346.9534874859
2018-02-05,2018-02-05 23:50:00+00:00,6891.9344144169,507864,3163,16297.7584467310,16266.4992399359,16346.9534874859
2018-02-06,2018-02-06 23:50:00+00:00,7714.3920572328,508034,3162,16304.7957977198,16266.4992399359,16346.9534874859
2018-02-07,2018-02-07 23:50:00+00:00,7575.6111967020,508173,3161,16310.5416672097,16266.4992399359,16346.9534874859
2018-02-08,2018-02-08 23:50:00+00:00,8222.7536494557,508306,3160,16316.4952935282,16266.4992399359,16346.9534874859
2018-02-09,2018-02-09 23:50:00+00:00,8677.9105274525,508440,3159,16321.5809222941,16297.0977724396,16346.9534874859
2018-02-10,2018-02-10 23:50:00+00:00,8537.3932080680,508583,3158,16326.1345553304,16297.0977724396,16346.9534874859
2018-02-11,2018-02-11 23:50:00+00:00,8073.2936492177,508735,3157,16330.8538414411,16297.0977724396,16346.9534874859
2018-02-12,2018-02-12 23:50:00+00:00,8883.2563239916,508899,3156,16336.1482038833,16297.0977724396,16346.9534874859
2018-02-13,2018-02-13 23:50:00+00:00,8519.1861038131,509065,3155,16340.4934905392,16297.0977724396,16346.9534874859
2018-02-14,2018-02-14 23:50:00+00:00,9483.4579062164,509239,3154,16345.2513451092,16297.0977724396,16346.9534874859
2018-02-15,2018-02-15 23:50:00+00:00,10063.9019980228,509372,3153,16349.0031325543,16297.0977724396,16346.9534874859
2018-02-16,2018-02-16 23:50:00+00:00,10236.5000000000,509532,3152,16352.2430727717,16328.8865266030,16346.9534874859
2018-02-17,2018-02-17 23:50:00+00:00,11101.7000000000,509679,3151,16355.3441245981,16328.8865266030,16346.9534874859
2018-02-18,2018-02-18 23:50:00+00:00,10593.2000000000,509843,3150,16357.8015794383,16328.8865266030,16346.9534874859
2018-02-19,2018-02-19 23:50:00+00:00,11230.0000000000,510003,3149,16360.6288635773,16328.8865266030,16346.9534874859
2018-02-20,2018-02-20 23:50:00+00:00,11403.7000000000,510146,3148,16363.0036204137,16328.8865266030,16346.9534874859
2018-02-21,2018-02-21 23:50:00+00:00,10690.4000000000,510314,3147,16365.2651444973,16328.8865266030,16346.9534874859
2018-02-22,2018-02-22 23:50:00+00:00,10005.0000000000,510464,3146,16368.0269888795,16328.8865266030,16346.9534874859
2018-02-23,2018-02-23 23:50:00+00:00,10301.1000000000,510612,3145,16371.3376153816,16350.5114604127,16346.9534874859
2018-02-24,2018-02-24 23:50:00+00:00,9813.0700000000,510754,3144,16374.4066735750,16350.5114604127,16346.9534874859
2018-02-25,2018-02-25 23:50:00+00:00,9664.7300000000,510926,3143,16377.8908570571,16350.5114604127,16346.9534874859
2018-02-26,2018-02-26 23:50:00+00:00,10366.7000000000,511069,3142,16381.5123291273,16350.5114604127,16346.9534874859
2018-02-27,2018-02-27 23:50:00+00:00,10725.6000000000,511228,3141,16384.5388790180,16350.5114604127,16346.9534874859
2018-02-28,2018-02-28 23:50:00+00:00,10397.9000000000,511383,3140,16387.2924163070,16350.5114604127,16346.9534874859
2018-03-01,2018-03-01 23:50:00+00:00,10951.0000000000,511548,3139,16390.3001038826,16350.5114604127,16475.8296259608
2018-03-02,2018-03-02 23:50:00+00:00,11086.4000000000,511703,3138,16392.8948325818,16371.9247267995,16475.8296259608
2018-03-03,2018-03-03 23:50:00+00:00,11489.7000000000,511885,3137,16395.3964713935,16371.9247267995,16475.8296259608
2018-03-04,2018-03-04 23:50:00+00:00,11512.6000000000,512031,3136,16397.6289997647,16371.9247267995,16475.8296259608
2018-03-05,2018-03-05 23:50:00+00:00,11573.3000000000,512180,3135,16399.8487086839,16371.9247267995,16475.8296259608
2018-03-06,2018-03-06 23:50:00+00:00,10779.9000000000,512335,3134,16402.0313286685,16371.9247267995,16475.8296259608
2018-03-07,2018-03-07 23:50:00+00:00,9965.5700000000,512494,3133,16404.7621657888,16371.9247267995,16475.8296259608
2018-03-08,2018-03-08 23:50:00+00:00,9395.0100000000,512654,3132,16408.1472309482,16371.9247267995,16475.8296259608
2018-03-09,2018-03-09 23:50:00+00:00,9337.5500000000,512803,3131,16412.0600982647,16389.3661415053,16475.8296259608
2018-03-10,2018-03-10 23:50:00+00:00,8866.0000000000,512943,3130,16416.0337273756,16389.3661415053,16475.8296259608
2018-03-11,2018-03-11 23:50:00+00:00,9578.6300000000,513094,3129,16420.5026419050,16389.3661415053,16475.8296259608
2018-03-12,2018-03-12 23:50:00+00:00,9205.1200000000,513257,3128,16424.2531531671,16389.3661415053,16475.8296259608
2018-03-13,2018-03-13 23:50:00+00:00,9194.8500000000,513415,3127,16428.3733909629,16389.3661415053,16475.8296259608
2018-03-14,2018-03-14 23:50:00+00:00,8269.8100000000,513558,3126,16432.5088158942,16389.3661415053,16475.8296259608
2018-03-15,2018-03-15 23:50:00+00:00,8300.8600000000,513701,3125,16437.7007513978,16389.3661415053,16475.8296259608
2018-03-16,2018-03-16 23:50:00+00:00,8338.3500000000,513859,3124,16442.8601498015,16417.1029852345,16475.8296259608
2018-03-17,2018-03-17 23:50:00+00:00,7916.8800000000,514005,3123,16447.9791743606,16417.1029852345,16475.8296259608
2018-03-18,2018-03-18 23:50:00+00:00,8223.6800000000,514156,3122,16453.6582872715,16417.1029852345,16475.8296259608
2018-03-19,2018-03-19 23:50:00+00:00,8630.6500000000,514314,3121,16458.9359359022,16417.1029852345,16475.8296259608
2018-03-20,2018-03-20 23:50:00+00:00,8913.4700000000,514440,3120,16463.7221994730,16417.1029852345,16475.8296259608
2018-03-21,2018-03-21 23:50:00+00:00,8929.2800000000,514591,3119,16468.1946471470,16417.1029852345,16475.8296259608
2018-03-22,2018-03-22 23:50:00+00:00,8721.5700000000,514734,3118,16472.6551095145,16417.1029852345,16475.8296259608
2018-03-23,2018-03-23 23:50:00+00:00,8820.5400000000,514868,3117,16477.3531686908,16452.8442846351,16475.8296259608
2018-03-24,2018-03-24 23:50:00+00:00,8682.6200000000,515024,3116,16481.9447669420,16452.8442846351,16475.8296259608
2018-03-25,2018-03-25 23:50:00+00:00,8494.4400000000,515160,3115,16486.6990153427,16452.8442846351,16475.8296259608
2018-03-26,2018-03-26 23:50:00+00:00,8210.2200000000,515308,3114,16491.6819034873,16452.8442846351,16475.8296259608
2018-03-27,2018-03-27 23:50:00+00:00,7840.1600000000,515460,3113,16497.0272859665,16452.8442846351,16475.8296259608
2018-03-28,2018-03-28 23:50:00+00:00,7980.1200000000,515597,3112,16502.8826790824,16452.8442846351,16475.8296259608
2018-03-29,2018-03-29 23:50:00+00:00,7162.9600000000,515749,3111,16508.5500272311,16452.8442846351,16475.8296259608
2018-03-30,2018-03-30 23:50:00+00:00,6895.3000000000,515911,3110,16515.4786190161,16484.8986197035,16475.8296259608
2018-03-31,2018-03-31 23:50:00+00:00,6978.1800000000,516039,3109,16522.8933491163,16484.8986197035,16475.8296259608
2018-04-01,2018-04-01 23:50:00+00:00,6844.2300000000,516200,3108,16530.1680808328,16484.8986197035,16556.9271554352
2018-04-02,2018-04-02 23:50:00+00:00,7075.7200000000,516357,3107,16537.7007860055,16484.8986197035,16556.9271554352
2018-04-03,2018-04-03 23:50:00+00:00,7458.0400000000,516517,3106,16544.8239365270,16484.8986197035,16556.9271554352
2018-04-04,2018-04-04 23:50:00+00:00,6852.8000000000,516666,3105,16551.3185975281,16484.8986197035,16556.9271554352
2018-04-05,2018-04-05 23:50:00+00:00,6811.2900000000,516822,3104,16558.8685860748,16484.8986197035,16556.9271554352
2018-04-06,2018-04-06 23:50:00+00:00,6629.8700000000,516959,3103,16566.5089949237,16536.6966270252,16556.9271554352
2018-04-07,2018-04-07 23:50:00+00:00,6903.1600000000,517140,3102,16574.5171705967,16536.6966270252,16556.9271554352
2018-04-08,2018-04-08 23:50:00+00:00,7023.3800000000,517302,3101,16582.0087753637,16536.6966270252,16556.9271554352
2018-04-09,2018-04-09 23:50:00+00:00,6763.4500000000,517447,3100,16589.2918637918,16536.6966270252,16556.9271554352
2018-04-10,2018-04-10 23:50:00+00:00,6839.1000000000,517612,3099,16597.0724335300,16536.6966270252,16556.9271554352
2018-04-11,2018-04-11 23:50:00+00:00,6939.1800000000,517772,3098,16604.7197800643,16536.6966270252,16556.9271554352
2018-04-12,2018-04-12 23:50:00+00:00,7926.6005829596,517928,3097,16612.1912090924,16536.6966270252,16556.9271554352
2018-04-13,2018-04-13 23:50:00+00:00,7858.3203968254,518093,3096,16618.0727630476,16592.6649077844,16556.9271554352
2018-04-14,2018-04-14 23:50:00+00:00,7994.1627464789,518230,3095,16624.0601668111,16592.6649077844,16556.9271554352
2018-04-15,2018-04-15 23:50:00+00:00,8355.6354787234,518389,3094,16629.8624777240,16592.6649077844,16556.9271554352
2018-04-16,2018-04-16 23:50:00+00:00,8052.6800000000,518531,3093,16635.1884113547,16592.6649077844,16556.9271554352
2018-04-17,2018-04-17 23:50:00+00:00,7906.8100000000,518696,3092,16640.9244459234,16592.6649077844,16556.9271554352
2018-04-18,2018-04-18 23:50:00+00:00,8162.9900000000,518854,3091,16646.8735456736,16592.6649077844,16556.9271554352
2018-04-19,2018-04-19 23:50:00+00:00,8282.5500000000,519033,3090,16652.4745477435,16592.6649077844,16556.9271554352
2018-04-20,2018-04-20 23:50:00+00:00,8836.4600000000,519169,3089,16657.9240953038,16634.4949146071,16556.9271554352
2018-04-21,2018-04-21 23:50:00+00:00,8883.3600000000,519330,3088,16662.7002438987,16634.4949146071,16556.9271554352
2018-04-22,2018-04-22 23:50:00+00:00,8802.5300000000,519489,3087,16667.4284617086,16634.4949146071,16556.9271554352
2018-04-23,2018-04-23 23:50:00+00:00,8930.9100000000,519642,3086,16672.2555366640,16634.4949146071,16556.9271554352
2018-04-24,2018-04-24 23:50:00+00:00,9732.6100000000,519802,3085,16676.9413175024,16634.4949146071,16556.9271554352
2018-04-25,2018-04-25 23:50:00+00:00,8826.2800000000,519925,3084,16680.8005739021,16634.4949146071,16556.9271554352
2018-04-26,2018-04-26 23:50:00+00:00,9280.9200000000,520066,3083,16685.6168427630,16634.4949146071,16556.9271554352
2018-04-27,2018-04-27 23:50:00+00:00,9011.7800000000,520207,3082,16689.9373857107,16667.8489069681,16556.9271554352
2018-04-28,2018-04-28 23:50:00+00:00,9343.4200000000,520334,3081,16694.5540633786,16667.8489069681,16556.9271554352
2018-04-29,2018-04-29 23:50:00+00:00,9415.0900000000,520493,3080,16698.8196968019,16667.8489069681,16556.9271554352
2018-04-30,2018-04-30 23:50:00+00:00,9247.1900000000,520649,3079,16703.0164609663,16667.8489069681,16556.9271554352
2018-05-01,2018-05-01 23:50:00+00:00,9105.5300000000,520803,3078,16707.3929523886,16667.8489069681,16790.5307409803
2018-05-02,2018-05-02 23:50:00+00:00,9233.7200000000,520946,3077,16711.9272899409,16667.8489069681,16790.5307409803
2018-05-03,2018-05-03 23:50:00+00:00,9755.3100000000,521097,3076,16716.3285331204,16667.8489069681,16790.5307409803
2018-05-04,2018-05-04 23:50:00+00:00,9715.8200000000,521236,3075,16720.2085023730,16700.0938406187,16790.5307409803
2018-05-05,2018-05-05 23:50:00+00:00,9843.1300000000,521395,3074,16724.1307088832,16700.0938406187,16790.5307409803
2018-05-06,2018-05-06 23:50:00+00:00,9646.7400000000,521533,3073,16727.9360902031,16700.0938406187,16790.5307409803
2018-05-07,2018-05-07 23:50:00+00:00,9369.8400000000,521681,3072,16731.9341656295,16700.0938406187,16790.5307409803
2018-05-08,2018-05-08 23:50:00+00:00,9249.7500000000,521823,3071,16736.2161655339,16700.0938406187,16790.5307409803
2018-05-09,2018-05-09 23:50:00+00:00,9324.2800000000,521980,3070,16740.6296366037,16700.0938406187,16790.5307409803
2018-05-10,2018-05-10 23:50:00+00:00,9040.5200000000,522136,3069,16744.9693630861,16700.0938406187,16790.5307409803
2018-05-11,2018-05-11 23:50:00+00:00,8462.5000000000,522262,3068,16749.6219859297,16727.4848428601,16790.5307409803
2018-05-12,2018-05-12 23:50:00+00:00,8499.3400000000,522429,3067,16754.9717542423,16727.4848428601,16790.5307409803
2018-05-13,2018-05-13 23:50:00+00:00,8723.6400000000,522575,3066,16760.2815066240,16727.4848428601,16790.5307409803
2018-05-14,2018-05-14 23:50:00+00:00,8719.8900000000,522707,3065,16765.3206677673,16727.4848428601,16790.5307409803
2018-05-15,2018-05-15 23:50:00+00:00,8515.2200000000,522853,3064,16770.3706772220,16727.4848428601,16790.5307409803
2018-05-16,2018-05-16 23:50:00+00:00,8358.6200000000,523034,3063,16775.6802829789,16727.4848428601,16790.5307409803
2018-05-17,2018-05-17 23:50:00+00:00,8085.7000000000,523166,3062,16781.1990703119,16727.4848428601,16790.5307409803
2018-05-18,2018-05-18 23:50:00+00:00,8251.4500000000,523314,3061,16787.0968582884,16764.8674333187,16790.5307409803
2018-05-19,2018-05-19 23:50:00+00:00,8241.6800000000,523466,3060,16792.7737051075,16764.8674333187,16790.5307409803
2018-05-20,2018-05-20 23:50:00+00:00,8515.5800000000,523611,3059,16798.4713608303,16764.8674333187,16790.5307409803
2018-05-21,2018-05-21 23:50:00+00:00,8409.3700000000,523767,3058,16803.8162434805,16764.8674333187,16790.5307409803
2018-05-22,2018-05-22 23:50:00+00:00,8049.5600000000,523920,3057,16809.3051130728,16764.8674333187,16790.5307409803
2018-05-23,2018-05-23 23:50:00+00:00,7566.2600000000,524082,3056,16815.2929562239,16764.8674333187,16790.5307409803
2018-05-24,2018-05-24 23:50:00+00:00,7593.1300000000,524224,3055,16822.0239951104,16764.8674333187,16790.5307409803
2018-05-25,2018-05-25 23:50:00+00:00,7453.4400000000,524401,3054,16828.7214671928,16804.5426142000,16790.5307409803
2018-05-26,2018-05-26 23:50:00+00:00,7358.4700000000,524561,3053,16835.6578146718,16804.5426142000,16790.5307409803
2018-05-27,2018-05-27 23:50:00+00:00,7364.0900000000,524726,3052,16842.7653795625,16804.5426142000,16790.5307409803
2018-05-28,2018-05-28 23:50:00+00:00,7134.6800000000,524883,3051,16849.8739621185,16804.5426142000,16790.5307409803
2018-05-29,2018-05-29 23:50:00+00:00,7467.5800000000,525019,3050,16857.4000230445,16804.5426142000,16790.5307409803
2018-05-30,2018-05-30 23:50:00+00:00,7406.1900000000,525196,3049,16864.3549038774,16804.5426142000,16790.5307409803
2018-05-31,2018-05-31 23:50:00+00:00,7491.6400000000,525362,3048,16871.4237544831,16804.5426142000,16790.5307409803
2018-06-01,2018-06-01 23:50:00+00:00,7539.1400000000,525530,3047,16878.3591893416,16853.0377038047,16932.0208577941
2018-06-02,2018-06-02 23:50:00+00:00,7646.7400000000,525682,3046,16885.2261687221,16853.0377038047,16932.0208577941
2018-06-03,2018-06-03 23:50:00+00:00,7720.2500000000,525846,3045,16891.9283538984,16853.0377038047,16932.0208577941
2018-06-04,2018-06-04 23:50:00+00:00,7499.4800000000,526028,3044,16898.5234565945,16853.0377038047,16932.0208577941
2018-06-05,2018-06-05 23:50:00+00:00,7625.5500000000,526204,3043,16905.4861651774,16853.0377038047,16932.0208577941
2018-06-06,2018-06-06 23:50:00+00:00,7656.0900000000,526350,3042,16912.2519167178,16853.0377038047,16932.0208577941
2018-06-07,2018-06-07 23:50:00+00:00,7676.5500000000,526493,3041,16918.9783002421,16853.0377038047,16932.0208577941
2018-06-08,2018-06-08 23:50:00+00:00,7631.9000000000,526639,3040,16925.6816609891,16901.0368760484,16932.0208577941
2018-06-09,2018-06-09 23:50:00+00:00,7565.0000000000,526783,3039,16932.4666527252,16901.0368760484,16932.0208577941
2018-06-10,2018-06-10 23:50:00+00:00,6784.0300000000,526908,3038,16939.3710016911,16901.0368760484,16932.0208577941
2018-06-11,2018-06-11 23:50:00+00:00,6901.1300000000,527050,3037,16947.7245955631,16901.0368760484,16932.0208577941
2018-06-12,2018-06-12 23:50:00+00:00,6566.2000000000,527194,3036,16955.8550832825,16901.0368760484,16932.0208577941
2018-06-13,2018-06-13 23:50:00+00:00,6342.4300000000,527338,3035,16964.6996080393,16901.0368760484,16932.0208577941
2018-06-14,2018-06-14 23:50:00+00:00,6681.4200000000,527491,3034,16974.0694450361,16901.0368760484,16932.0208577941
2018-06-15,2018-06-15 23:50:00+00:00,6460.8500000000,527644,3033,16982.6951105138,16948.4662396329,16932.0208577941
2018-06-16,2018-06-16 23:50:00+00:00,6538.6500000000,527808,3032,16991.8217940920,16948.4662396329,16932.0208577941
2018-06-17,2018-06-17 23:50:00+00:00,6503.9400000000,527967,3031,17000.7887106890,16948.4662396329,16932.0208577941
2018-06-18,2018-06-18 23:50:00+00:00,6733.3800000000,528129,3030,17009.8489619230,16948.4662396329,16932.0208577941
2018-06-19,2018-06-19 23:50:00+00:00,6759.1000000000,528284,3029,17018.4238972609,16948.4662396329,16932.0208577941
2018-06-20,2018-06-20 23:50:00+00:00,6776.8400000000,528441,3028,17026.9590459239,16948.4662396329,16932.0208577941
2018-06-21,2018-06-21 23:50:00+00:00,6737.5800000000,528610,3027,17035.4712770828,16948.4662396329,16932.0208577941
2018-06-22,2018-06-22 23:50:00+00:00,6083.6800000000,528760,3026,17044.0802038392,17012.2427575794,16932.0208577941
2018-06-23,2018-06-23 23:50:00+00:00,6166.8000000000,528920,3025,17054.2372393544,17012.2427575794,16932.0208577941
2018-06-24,2018-06-24 23:50:00+00:00,6168.7900000000,529093,3024,17064.1997762060,17012.2427575794,16932.0208577941
2018-06-25,2018-06-25 23:50:00+00:00,6260.6300000000,529248,3023,17074.1755174797,17012.2427575794,16932.0208577941
2018-06-26,2018-06-26 23:50:00+00:00,6096.1900000000,529395,3022,17083.9398744678,17012.2427575794,16932.0208577941
2018-06-27,2018-06-27 23:50:00+00:00,6154.4800000000,529516,3021,17094.1386202498,17012.2427575794,16932.0208577941
2018-06-28,2018-06-28 23:50:00+00:00,5903.4400000000,529674,3020,17104.2058128128,17012.2427575794,16932.0208577941
2018-06-29,2018-06-29 23:50:00+00:00,6220.7600000000,529824,3019,17114.9619265962,17083.2796889703,16932.0208577941
2018-06-30,2018-06-30 23:50:00+00:00,6396.9800000000,529965,3018,17124.8990517370,17083.2796889703,16932.0208577941
2018-07-01,2018-07-01 23:50:00+00:00,6388.1200000000,530111,3017,17134.4233870946,17083.2796889703,17145.6352879424
2018-07-02,2018-07-02 23:50:00+00:00,6614.9200000000,530254,3016,17143.9857779716,17083.2796889703,17145.6352879424
2018-07-03,2018-07-03 23:50:00+00:00,6533.5600000000,530370,3015,17153.0414161617,17083.2796889703,17145.6352879424
2018-07-04,2018-07-04 23:50:00+00:00,6609.7000000000,530504,3014,17162.2966113234,17083.2796889703,17145.6352879424
2018-07-05,2018-07-05 23:50:00+00:00,6643.3400000000,530641,3013,17171.3954097936,17083.2796889703,17145.6352879424
2018-07-06,2018-07-06 23:50:00+00:00,6674.6800000000,530801,3012,17180.4348360528,17152.7731921628,17145.6352879424
2018-07-07,2018-07-07 23:50:00+00:00,6859.5300000000,530956,3011,17189.4204403840,17152.7731921628,17145.6352879424
2018-07-08,2018-07-08 23:50:00+00:00,6762.0100000000,531114,3010,17198.0246984630,17152.7731921628,17145.6352879424
2018-07-09,2018-07-09 23:50:00+00:00,6746.2200000000,531251,3009,17206.8501729299,17152.7731921628,17145.6352879424
2018-07-10,2018-07-10 23:50:00+00:00,6328.3300000000,531398,3008,17215.7246919691,17152.7731921628,17145.6352879424
2018-07-11,2018-07-11 23:50:00+00:00,6393.5900000000,531532,3007,17225.5801151703,17152.7731921628,17145.6352879424
2018-07-12,2018-07-12 23:50:00+00:00,6228.8100000000,531676,3006,17235.2940054109,17152.7731921628,17145.6352879424
2018-07-13,2018-07-13 23:50:00+00:00,6236.4900000000,531819,3005,17245.4348282599,17215.6233109992,17145.6352879424
2018-07-14,2018-07-14 23:50:00+00:00,6275.1800000000,531951,3004,17255.5747584771,17215.6233109992,17145.6352879424
2018-07-15,2018-07-15 23:50:00+00:00,6359.6400000000,532085,3003,17265.6352452761,17215.6233109992,17145.6352879424
2018-07-16,2018-07-16 23:50:00+00:00,6742.4900000000,532205,3002,17275.5037829827,17215.6233109992,17145.6352879424
2018-07-17,2018-07-17 23:50:00+00:00,7318.7400000000,532363,3001,17284.5013108395,17215.6233109992,17145.6352879424
2018-07-18,2018-07-18 23:50:00+00:00,7370.7800000000,532537,3000,17292.3501771001,17215.6233109992,17145.6352879424
2018-07-19,2018-07-19 23:50:00+00:00,7466.8600000000,532708,2999,17300.1151418347,17215.6233109992,17145.6352879424
2018-07-20,2018-07-20 23:50:00+00:00,7354.9400000000,532862,2998,17307.7178352422,17286.5613449170,17145.6352879424
2018-07-21,2018-07-21 23:50:00+00:00,7418.7100000000,532999,2997,17315.5361720704,17286.5613449170,17145.6352879424
2018-07-22,2018-07-22 23:50:00+00:00,7418.4900000000,533182,2996,17323.2497363857,17286.5613449170,17145.6352879424
2018-07-23,2018-07-23 23:50:00+00:00,7713.3100000000,533347,2995,17330.9757348419,17286.5613449170,17145.6352879424
2018-07-24,2018-07-24 23:50:00+00:00,8424.2700000000,533507,2994,17338.1964633546,17286.5613449170,17145.6352879424
2018-07-25,2018-07-25 23:50:00+00:00,8181.3900000000,533684,2993,17344.3282570824,17286.5613449170,17145.6352879424
2018-07-26,2018-07-26 23:50:00+00:00,7951.5800000000,533847,2992,17350.8230626812,17286.5613449170,17145.6352879424
2018-07-27,2018-07-27 23:50:00+00:00,8167.8100000000,534015,2991,17357.6829153029,17341.2727943163,17145.6352879424
2018-07-28,2018-07-28 23:50:00+00:00,8188.8500000000,534160,2990,17364.2170471944,17341.2727943163,17145.6352879424
2018-07-29,2018-07-29 23:50:00+00:00,8221.4400000000,534330,2989,17370.7287212487,17341.2727943163,17145.6352879424
2018-07-30,2018-07-30 23:50:00+00:00,8183.5656225600,534465,2988,17377.2007235879,17341.2727943163,17145.6352879424
2018-07-31,2018-07-31 23:50:00+00:00,7774.8730356500,534611,2987,17383.7388401566,17341.2727943163,17145.6352879424
2018-08-01,2018-08-01 23:50:00+00:00,7624.9074159400,534761,2986,17390.9368427200,17341.2727943163,17442.3288911373
2018-08-02,2018-08-02 23:50:00+00:00,7567.1516023300,534913,2985,17398.4021636701,17341.2727943163,17442.3288911373
2018-08-03,2018-08-03 23:50:00+00:00,7436.2618355400,535081,2984,17405.9805371535,17387.0052568947,17442.3288911373
2018-08-04,2018-08-04 23:50:00+00:00,7032.2131673900,535257,2983,17413.8070572809,17387.0052568947,17442.3288911373
2018-08-05,2018-08-05 23:50:00+00:00,7064.0262663400,535414,2982,17422.4323363682,17387.0052568947,17442.3288911373
2018-08-06,2018-08-06 23:50:00+00:00,6951.2803658000,535546,2981,17431.0066846509,17387.0052568947,17442.3288911373
2018-08-07,2018-08-07 23:50:00+00:00,6753.7176483900,535698,2980,17439.8295796040,17387.0052568947,17442.3288911373
2018-08-08,2018-08-08 23:50:00+00:00,6305.8030447500,535855,2979,17449.0974357304,17387.0052568947,17442.3288911373
2018-08-09,2018-08-09 23:50:00+00:00,6568.0216872400,536004,2978,17459.4579011144,17387.0052568947,17442.3288911373
2018-08-10,2018-08-10 23:50:00+00:00,6184.7117836700,536179,2977,17469.1886098535,17441.7928700486,17442.3288911373
2018-08-11,2018-08-11 23:50:00+00:00,6289.7460516400,536351,2976,17479.9054836505,17441.7928700486,17442.3288911373
2018-08-12,2018-08-12 23:50:00+00:00,6335.0605809100,536506,2975,17490.3650834419,17441.7928700486,17442.3288911373
2018-08-13,2018-08-13 23:50:00+00:00,6297.9666404300,536654,2974,17500.7271359003,17441.7928700486,17442.3288911373
2018-08-14,2018-08-14 23:50:00+00:00,6199.7127680500,536791,2973,17511.2043496034,17441.7928700486,17442.3288911373
2018-08-15,2018-08-15 23:50:00+00:00,6293.2772436500,536953,2972,17521.9611278319,17441.7928700486,17442.3288911373
2018-08-16,2018-08-16 23:50:00+00:00,6324.7423257000,537108,2971,17532.4902689325,17441.7928700486,17442.3288911373
2018-08-17,2018-08-17 23:50:00+00:00,6580.6293368700,537262,2970,17542.9572605065,17516.8120771151,17442.3288911373
2018-08-18,2018-08-18 23:50:00+00:00,6423.6869181300,537423,2969,17552.8057972672,17516.8120771151,17442.3288911373
2018-08-19,2018-08-19 23:50:00+00:00,6506.0688118500,537566,2968,17563.0578929764,17516.8120771151,17442.3288911373
2018-08-20,2018-08-20 23:50:00+00:00,6305.1925956200,537718,2967,17573.1237243068,17516.8120771151,17442.3288911373
2018-08-21,2018-08-21 23:50:00+00:00,6496.2584470000,537866,2966,17583.7183446612,17516.8120771151,17442.3288911373
2018-08-22,2018-08-22 23:50:00+00:00,6376.8346136200,538025,2965,17593.8459053351,17516.8120771151,17442.3288911373
2018-08-23,2018-08-23 23:50:00+00:00,6534.8766244700,538173,2964,17604.2934058804,17516.8120771151,17442.3288911373
2018-08-24,2018-08-24 23:50:00+00:00,6717.6829862900,538321,2963,17614.3632475866,17585.7396700553,17442.3288911373
2018-08-25,2018-08-25 23:50:00+00:00,6769.9498551100,538455,2962,17624.0147404893,17585.7396700553,17442.3288911373
2018-08-26,2018-08-26 23:50:00+00:00,6715.6480535800,538627,2961,17633.5626571482,17585.7396700553,17442.3288911373
2018-08-27,2018-08-27 23:50:00+00:00,6881.5661200700,538812,2960,17643.2529904634,17585.7396700553,17442.3288911373
2018-08-28,2018-08-28 23:50:00+00:00,7096.2770829200,538966,2959,17652.5824470412,17585.7396700553,17442.3288911373
2018-08-29,2018-08-29 23:50:00+00:00,7046.0768298300,539104,2958,17661.4644297067,17585.7396700553,17442.3288911373
2018-08-30,2018-08-30 23:50:00+00:00,6981.5768570800,539258,2957,17670.4673870849,17585.7396700553,17442.3288911373
2018-08-31,2018-08-31 23:50:00+00:00,7036.7553148900,539412,2956,17679.6242709748,17653.2572507639,17442.3288911373
2018-09-01,2018-09-01 23:50:00+00:00,7193.4165005200,539566,2955,17688.6779304170,17653.2572507639,17674.5410365404
2018-09-02,2018-09-02 23:50:00+00:00,7269.1008196900,539709,2954,17697.4188574133,17653.2572507639,17674.5410365404
2018-09-03,2018-09-03 23:50:00+00:00,7264.7992243600,539853,2953,17706.0206921751,17653.2572507639,17674.5410365404
2018-09-04,2018-09-04 23:50:00+00:00,7362.7119946000,539980,2952,17714.6453882758,17653.2572507639,17674.5410365404
2018-09-05,2018-09-05 23:50:00+00:00,6818.8302295800,540109,2951,17723.0894981848,17653.2572507639,17674.5410365404
2018-09-06,2018-09-06 23:50:00+00:00,6538.4802332400,540261,2950,17732.7020610386,17653.2572507639,17674.5410365404
2018-09-07,2018-09-07 23:50:00+00:00,6463.2255963900,540413,2949,17743.0028251706,17716.5970745344,17674.5410365404
2018-09-08,2018-09-08 23:50:00+00:00,6223.4301166500,540564,2948,17753.5129537629,17716.5970745344,17674.5410365404
2018-09-09,2018-09-09 23:50:00+00:00,6303.8064850300,540726,2947,17764.6810690738,17716.5970745344,17674.5410365404
2018-09-10,2018-09-10 23:50:00+00:00,6329.6969085200,540862,2946,17775.6510952067,17716.5970745344,17674.5410365404
2018-09-11,2018-09-11 23:50:00+00:00,6324.5901519200,541001,2945,17786.5724384054,17716.5970745344,17674.5410365404
2018-09-12,2018-09-12 23:50:00+00:00,6360.6969470600,541170,2944,17797.5283680240,17716.5970745344,17674.5410365404
2018-09-13,2018-09-13 23:50:00+00:00,6521.2382716100,541317,2943,17808.4085425927,17716.5970745344,17674.5410365404
2018-09-14,2018-09-14 23:50:00+00:00,6512.7054845300,541451,2942,17818.8917222427,17790.1722654827,17674.5410365404
2018-09-15,2018-09-15 23:50:00+00:00,6544.1362036900,541590,2941,17829.4161088235,17790.1722654827,17674.5410365404
2018-09-16,2018-09-16 23:50:00+00:00,6514.5299709100,541730,2940,17839.8802745813,17790.1722654827,17674.5410365404
2018-09-17,2018-09-17 23:50:00+00:00,6281.1960929600,541864,2939,17850.4391551246,17790.1722654827,17674.5410365404
2018-09-18,2018-09-18 23:50:00+00:00,6369.1871276100,542005,2938,17861.6369384460,17790.1722654827,17674.5410365404
2018-09-19,2018-09-19 23:50:00+00:00,6394.8907356600,542160,2937,17872.6172032614,17790.1722654827,17674.5410365404
2018-09-20,2018-09-20 23:50:00+00:00,6523.4482987200,542316,2936,17883.5497267113,17790.1722654827,17674.5410365404
2018-09-21,2018-09-21 23:50:00+00:00,6734.9523943100,542460,2935,17894.1668867069,17863.8226852338,17674.5410365404
2018-09-22,2018-09-22 23:50:00+00:00,6722.2211341300,542614,2934,17904.2779259558,17863.8226852338,17674.5410365404
2018-09-23,2018-09-23 23:50:00+00:00,6707.2609558400,542765,2933,17914.4380737594,17863.8226852338,17674.5410365404
2018-09-24,2018-09-24 23:50:00+00:00,6595.4133252800,542914,2932,17924.6530609068,17863.8226852338,17674.5410365404
2018-09-25,2018-09-25 23:50:00+00:00,6444.4106726900,543082,2931,17935.1641637975,17863.8226852338,17674.5410365404
2018-09-26,2018-09-26 23:50:00+00:00,6498.3260272100,543221,2930,17946.0852895222,17863.8226852338,17674.5410365404
2018-09-27,2018-09-27 23:50:00+00:00,6680.7146117600,543365,2929,17956.8854605340,17863.8226852338,17674.5410365404
2018-09-28,2018-09-28 23:50:00+00:00,6642.0772968000,543519,2928,17967.2428210263,17934.5509551121,17674.5410365404
2018-09-29,2018-09-29 23:50:00+00:00,6601.9553879000,543671,2927,17977.7153702575,17934.5509551121,17674.5410365404
2018-09-30,2018-09-30 23:50:00+00:00,6627.9944946500,543834,2926,17988.3084889893,17934.5509551121,17674.5410365404
2018-10-01,2018-10-01 23:50:00+00:00,6587.6114941300,543992,2925,17998.8554469483,17934.5509551121,17944.0803674160
2018-10-02,2018-10-02 23:50:00+00:00,6556.0986608900,544127,2924,18009.5245986878,17934.5509551121,17944.0803674160
2018-10-03,2018-10-03 23:50:00+00:00,6502.5904474700,544270,2923,18020.2947798116,17934.5509551121,17944.0803674160
2018-10-04,2018-10-04 23:50:00+00:00,6576.2033926900,544420,2922,18031.2248900568,17934.5509551121,17944.0803674160
2018-10-05,2018-10-05 23:50:00+00:00,6622.4848368200,544552,2921,18041.9839271875,18007.7945083980,17944.0803674160
2018-10-06,2018-10-06 23:50:00+00:00,6589.0528441100,544677,2920,18052.6445864412,18007.7945083980,17944.0803674160
2018-10-07,2018-10-07 23:50:00+00:00,6602.9452584900,544821,2919,18063.4108097717,18007.7945083980,17944.0803674160
2018-10-08,2018-10-08 23:50:00+00:00,6652.2262371500,544954,2918,18074.1615269007,18007.7945083980,17944.0803674160
2018-10-09,2018-10-09 23:50:00+00:00,6640.6474592900,545084,2917,18084.8066362024,18007.7945083980,17944.0803674160
2018-10-10,2018-10-10 23:50:00+00:00,6585.1775576800,545229,2916,18095.5010395019,18007.7945083980,17944.0803674160
2018-10-11,2018-10-11 23:50:00+00:00,6249.0900320300,545388,2915,18106.3581082074,18007.7945083980,17944.0803674160
2018-10-12,2018-10-12 23:50:00+00:00,6273.1966960300,545520,2914,18118.1556709695,18082.3436313040,17944.0803674160
2018-10-13,2018-10-13 23:50:00+00:00,6289.0009018000,545659,2913,18129.9073455242,18082.3436313040,17944.0803674160
2018-10-14,2018-10-14 23:50:00+00:00,6292.2324689600,545773,2912,18141.6370858275,18082.3436313040,17944.0803674160
2018-10-15,2018-10-15 23:50:00+00:00,6605.2610346800,545938,2911,18153.3808435612,18082.3436313040,17944.0803674160
2018-10-16,2018-10-16 23:50:00+00:00,6600.6772069500,546073,2910,18164.2939107024,18082.3436313040,17944.0803674160
2018-10-17,2018-10-17 23:50:00+00:00,6546.1633200100,546209,2909,18175.2395621768,18082.3436313040,17944.0803674160
2018-10-18,2018-10-18 23:50:00+00:00,6474.6472490300,546348,2908,18186.3494458339,18082.3436313040,17944.0803674160
2018-10-19,2018-10-19 23:50:00+00:00,6466.0105350000,546491,2907,18197.6727905438,18164.5415330592,17944.0803674160
2018-10-20,2018-10-20 23:50:00+00:00,6489.4697530800,546632,2906,18209.0415904160,18164.5415330592,17944.0803674160
2018-10-21,2018-10-21 23:50:00+00:00,6482.3481295500,546770,2905,18220.3685552883,18164.5415330592,17944.0803674160
2018-10-22,2018-10-22 23:50:00+00:00,6491.9821234700,546926,2904,18231.7368138059,18164.5415330592,17944.0803674160
2018-10-23,2018-10-23 23:50:00+00:00,6475.7297153200,547081,2903,18243.1008688975,18164.5415330592,17944.0803674160
2018-10-24,2018-10-24 23:50:00+00:00,6495.4283624100,547192,2902,18254.5313370306,18164.5415330592,17944.0803674160
2018-10-25,2018-10-25 23:50:00+00:00,6481.1708283500,547331,2901,18265.9301718526,18164.5415330592,17944.0803674160
2018-10-26,2018-10-26 23:50:00+00:00,6477.8456534800,547473,2900,18277.3901406176,18244.0784507453,17944.0803674160
2018-10-27,2018-10-27 23:50:00+00:00,6480.2867089800,547609,2899,18288.8815574446,18244.0784507453,17944.0803674160
2018-10-28,2018-10-28 23:50:00+00:00,6486.3862713700,547747,2898,18300.3886586696,18244.0784507453,17944.0803674160
2018-10-29,2018-10-29 23:50:00+00:00,6332.7887046400,547896,2897,18311.9014118171,18244.0784507453,17944.0803674160
2018-10-30,2018-10-30 23:50:00+00:00,6334.7409058000,548049,2896,18323.8701481882,18244.0784507453,17944.0803674160
2018-10-31,2018-10-31 23:50:00+00:00,6317.7500997400,548212,2895,18335.8571738348,18244.0784507453,17944.0803674160
2018-11-01,2018-11-01 23:50:00+00:00,6375.5262166700,548367,2894,18347.9175784852,18244.0784507453,18272.2020978727
2018-11-02,2018-11-02 23:50:00+00:00,6390.6386150000,548510,2893,18359.8350798709,18324.4751175103,18272.2020978727
2018-11-03,2018-11-03 23:50:00+00:00,6361.2577421300,548670,2892,18371.7330417696,18324.4751175103,18272.2020978727
2018-11-04,2018-11-04 23:50:00+00:00,6376.1293927800,548794,2891,18383.7391695126,18324.4751175103,18272.2020978727
2018-11-05,2018-11-05 23:50:00+00:00,6427.4642653700,548938,2890,18395.7263913557,18324.4751175103,18272.2020978727
2018-11-06,2018-11-06 23:50:00+00:00,6455.2790894500,549066,2889,18407.5906560637,18324.4751175103,18272.2020978727
2018-11-07,2018-11-07 23:50:00+00:00,6520.9336635600,549196,2888,18419.3997116178,18324.4751175103,18272.2020978727
2018-11-08,2018-11-08 23:50:00+00:00,6457.2029916800,549316,2887,18431.0485991933,18324.4751175103,18272.2020978727
2018-11-09,2018-11-09 23:50:00+00:00,6387.2498778500,549443,2886,18442.8987006537,18407.7061814569,18272.2020978727
2018-11-10,2018-11-10 23:50:00+00:00,6407.7404474700,549575,2885,18454.9725087013,18407.7061814569,18272.2020978727
2018-11-11,2018-11-11 23:50:00+00:00,6408.8330108300,549721,2884,18467.0113232280,18407.7061814569,18272.2020978727
2018-11-12,2018-11-12 23:50:00+00:00,6373.1049678400,549860,2883,18479.0710714104,18407.7061814569,18272.2020978727
2018-11-13,2018-11-13 23:50:00+00:00,6357.2319551200,549979,2882,18491.2587468743,18407.7061814569,18272.2020978727
2018-11-14,2018-11-14 23:50:00+00:00,5722.3395097500,550114,2881,18503.5175460306,18407.7061814569,18272.2020978727
2018-11-15,2018-11-15 23:50:00+00:00,5645.5929210700,550241,2880,18517.8789208024,18407.7061814569,18272.2020978727
2018-11-16,2018-11-16 23:50:00+00:00,5574.7549961500,550367,2879,18532.5560047056,18492.1752747697,18272.2020978727
2018-11-17,2018-11-17 23:50:00+00:00,5554.8098913600,550512,2878,18547.5356298402,18492.1752747697,18272.2020978727
2018-11-18,2018-11-18 23:50:00+00:00,5622.0216027800,550634,2877,18562.6270687008,18492.1752747697,18272.2020978727
2018-11-19,2018-11-19 23:50:00+00:00,4875.1423900300,550762,2876,18577.4953361923,18492.1752747697,18272.2020978727
2018-11-20,2018-11-20 23:50:00+00:00,4415.0740033900,550894,2875,18595.6748364082,18492.1752747697,18272.2020978727
2018-11-21,2018-11-21 23:50:00+00:00,4602.1677150400,550999,2874,18616.4798232324,18492.1752747697,18272.2020978727
2018-11-22,2018-11-22 23:50:00+00:00,4368.7323469100,551121,2873,18636.2327677567,18492.1752747697,18272.2020978727
2018-11-23,2018-11-23 23:50:00+00:00,4346.0184326500,551247,2872,18657.4486098494,18597.0212029710,18272.2020978727
2018-11-24,2018-11-24 23:50:00+00:00,3883.3593886800,551389,2871,18678.8730237269,18597.0212029710,18272.2020978727
2018-11-25,2018-11-25 23:50:00+00:00,4015.1313039100,551516,2870,18703.7025339012,18597.0212029710,18272.2020978727
2018-11-26,2018-11-26 23:50:00+00:00,3775.0866284100,551627,2869,18727.5823494864,18597.0212029710,18272.2020978727
2018-11-27,2018-11-27 23:50:00+00:00,3813.5714195900,551757,2868,18753.4817390277,18597.0212029710,18272.2020978727
2018-11-28,2018-11-28 23:50:00+00:00,4260.8282554700,551876,2867,18779.1421828447,18597.0212029710,18272.2020978727
2018-11-29,2018-11-29 23:50:00+00:00,4274.7420408900,551982,2866,18801.4953135964,18597.0212029710,18272.2020978727
2018-11-30,2018-11-30 23:50:00+00:00,4016.4491179400,552082,2865,18823.8229036673,18746.9554180535,18272.2020978727
2018-12-01,2018-12-01 23:50:00+00:00,4215.6847783400,552207,2864,18848.0850931514,18746.9554180535,18638.2957402502
2018-12-02,2018-12-02 23:50:00+00:00,4138.3828355200,552320,2863,18870.9632042276,18746.9554180535,18638.2957402502
2018-12-03,2018-12-03 23:50:00+00:00,3892.7593391100,552435,2862,18894.4656543527,18746.9554180535,18638.2957402502
2018-12-04,2018-12-04 23:50:00+00:00,3996.7482073800,552572,2861,18919.9506900488,18746.9554180535,18638.2957402502
2018-12-05,2018-12-05 23:50:00+00:00,3753.9948266300,552702,2860,18944.6836769717,18746.9554180535,18638.2957402502
2018-12-06,2018-12-06 23:50:00+00:00,3521.1017238400,552836,2859,18971.5353978174,18746.9554180535,18638.2957402502
2018-12-07,2018-12-07 23:50:00+00:00,3419.9372003500,552952,2858,19000.7076294321,18916.5823362005,18638.2957402502
2018-12-08,2018-12-08 23:50:00+00:00,3476.1147145200,553078,2857,19031.0551647212,18916.5823362005,18638.2957402502
2018-12-09,2018-12-09 23:50:00+00:00,3616.2102579800,553205,2856,19060.9199851589,18916.5823362005,18638.2957402502
2018-12-10,2018-12-10 23:50:00+00:00,3505.4796825400,553329,2855,19089.4770781604,18916.5823362005,18638.2957402502
2018-12-11,2018-12-11 23:50:00+00:00,3423.5194881200,553455,2854,19119.2587102143,18916.5823362005,18638.2957402502
2018-12-12,2018-12-12 23:50:00+00:00,3481.2366735900,553575,2853,19150.0321970141,18916.5823362005,18638.2957402502
2018-12-13,2018-12-13 23:50:00+00:00,3312.0035248600,553706,2852,19180.3018875080,18916.5823362005,18638.2957402502
2018-12-14,2018-12-14 23:50:00+00:00,3242.1941335900,553853,2851,19212.5889281775,19129.0301891037,18638.2957402502
2018-12-15,2018-12-15 23:50:00+00:00,3237.0570847400,554002,2850,19245.8525036775,19129.0301891037,18638.2957402502
2018-12-16,2018-12-16 23:50:00+00:00,3255.2201380200,554115,2849,19279.3187907354,19129.0301891037,18638.2957402502
2018-12-17,2018-12-17 23:50:00+00:00,3545.3513900900,554275,2848,19312.6995526909,19129.0301891037,18638.2957402502
2018-12-18,2018-12-18 23:50:00+00:00,3695.4306338000,554405,2847,19342.9153344741,19129.0301891037,18638.2957402502
2018-12-19,2018-12-19 23:50:00+00:00,3747.4298577800,554553,2846,19371.7366062434,19129.0301891037,18638.2957402502
2018-12-20,2018-12-20 23:50:00+00:00,4132.2252904000,554688,2845,19400.1674960993,19129.0301891037,18638.2957402502
2018-12-21,2018-12-21 23:50:00+00:00,3894.3932109800,554828,2844,19425.4044534533,19362.1382576223,18638.2957402502
2018-12-22,2018-12-22 23:50:00+00:00,4012.1645812200,555001,2843,19452.6918927804,19362.1382576223,18638.2957402502
2018-12-23,2018-12-23 23:50:00+00:00,3998.5285854600,555179,2842,19479.0690210358,19362.1382576223,18638.2957402502
2018-12-24,2018-12-24 23:50:00+00:00,4080.4789609600,555332,2841,19505.6502534096,19362.1382576223,18638.2957402502
2018-12-25,2018-12-25 23:50:00+00:00,3815.4906096600,555490,2840,19531.6482214888,19362.1382576223,18638.2957402502
2018-12-26,2018-12-26 23:50:00+00:00,3855.9311587900,555646,2839,19560.0274152453,19362.1382576223,18638.2957402502
2018-12-27,2018-12-27 23:50:00+00:00,3659.3099015200,555822,2838,19588.1376474374,19362.1382576223,18638.2957402502
2018-12-28,2018-12-28 23:50:00+00:00,3926.3291364000,555989,2837,19618.2389513960,19553.4246177940,18638.2957402502
2018-12-29,2018-12-29 23:50:00+00:00,3827.7772996400,556127,2836,19645.9246411545,19553.4246177940,18638.2957402502
2018-12-30,2018-12-30 23:50:00+00:00,3867.2723614900,556302,2835,19674.6035008718,19553.4246177940,18638.2957402502
2018-12-31,2018-12-31 23:50:00+00:00,3741.2967951800,556456,2834,19703.0210596852,19553.4246177940,18638.2957402502
2019-01-01,2019-01-01 23:50:00+00:00,3840.9592489900,556607,2833,19732.7376111244,19553.4246177940,19342.2675897459
2019-01-02,2019-01-02 23:50:00+00:00,3943.2898433500,556756,2832,19761.6086123108,19553.4246177940,19342.2675897459
2019-01-03,2019-01-03 23:50:00+00:00,3836.5580479300,556912,2831,19789.6500236084,19553.4246177940,19342.2675897459
2019-01-04,2019-01-04 23:50:00+00:00,3858.2382800200,557059,2830,19818.7701570700,19747.4901671073,19342.2675897459
2019-01-05,2019-01-05 23:50:00+00:00,3841.0611702900,557225,2829,19847.7928418713,19747.4901671073,19342.2675897459
2019-01-06,2019-01-06 23:50:00+00:00,4076.2033195600,557366,2828,19877.0832006667,19747.4901671073,19342.2675897459
2019-01-07,2019-01-07 23:50:00+00:00,4024.4620664500,557504,2827,19904.3760069020,19747.4901671073,19342.2675897459
2019-01-08,2019-01-08 23:50:00+00:00,4033.5547536300,557675,2826,19932.2066684799,19747.4901671073,19342.2675897459
2019-01-09,2019-01-09 23:50:00+00:00,4035.7129408200,557839,2825,19960.0560560291,19747.4901671073,19342.2675897459
2019-01-10,2019-01-10 23:50:00+00:00,3679.7934740800,557993,2824,19987.9844247225,19747.4901671073,19342.2675897459
2019-01-11,2019-01-11 23:50:00+00:00,3686.2199285700,558142,2823,20019.4128630149,19950.8638455728,19342.2675897459
2019-01-12,2019-01-12 23:50:00+00:00,3660.8992821900,558281,2822,20050.8951741421,19950.8638455728,19342.2675897459
2019-01-13,2019-01-13 23:50:00+00:00,3552.0091698300,558418,2821,20082.7673369081,19950.8638455728,19342.2675897459
2019-01-14,2019-01-14 23:50:00+00:00,3706.0522204100,558568,2820,20115.9652254193,19950.8638455728,19342.2675897459
2019-01-15,2019-01-15 23:50:00+00:00,3629.3994895000,558700,2819,20147.6115470235,19950.8638455728,19342.2675897459
2019-01-16,2019-01-16 23:50:00+00:00,3656.4647752400,558833,2818,20180.2036827297,19950.8638455728,19342.2675897459
2019-01-17,2019-01-17 23:50:00+00:00,3679.8126213000,558960,2817,20212.6288993093,19950.8638455728,19342.2675897459
2019-01-18,2019-01-18 23:50:00+00:00,3653.6664613000,559097,2816,20244.9290645374,20171.7157304325,19342.2675897459
2019-01-19,2019-01-19 23:50:00+00:00,3729.0822985000,559229,2815,20277.6397422801,20171.7157304325,19342.2675897459
2019-01-20,2019-01-20 23:50:00+00:00,3602.9466938800,559386,2814,20309.6682651953,20171.7157304325,19342.2675897459
2019-01-21,2019-01-21 23:50:00+00:00,3577.0258597800,559536,2813,20343.2020813630,20171.7157304325,19342.2675897459
2019-01-22,2019-01-22 23:50:00+00:00,3605.0456537100,559667,2812,20377.1677721401,20171.7157304325,19342.2675897459
2019-01-23,2019-01-23 23:50:00+00:00,3585.1230663600,559814,2811,20410.9493247343,20171.7157304325,19342.2675897459
2019-01-24,2019-01-24 23:50:00+00:00,3605.0100028800,559976,2810,20445.0965309562,20171.7157304325,19342.2675897459
2019-01-25,2019-01-25 23:50:00+00:00,3602.0680367700,560112,2809,20479.1528804065,20401.1500894737,19342.2675897459
2019-01-26,2019-01-26 23:50:00+00:00,3601.7521559100,560262,2808,20513.3812071666,20401.1500894737,19342.2675897459
2019-01-27,2019-01-27 23:50:00+00:00,3586.6922163800,560398,2807,20547.7523148647,20401.1500894737,19342.2675897459
2019-01-28,2019-01-28 23:50:00+00:00,3472.3398050300,560545,2806,20582.4394204144,20401.1500894737,19342.2675897459
2019-01-29,2019-01-29 23:50:00+00:00,3447.0337696900,560691,2805,20618.6602084807,20401.1500894737,19342.2675897459
2019-01-30,2019-01-30 23:50:00+00:00,3485.3190571000,560827,2804,20655.3563647746,20401.1500894737,19342.2675897459
2019-01-31,2019-01-31 23:50:00+00:00,3457.1918590300,560983,2803,20691.7229274897,20401.1500894737,19342.2675897459
2019-02-01,2019-02-01 23:50:00+00:00,3488.6546767400,561140,2802,20728.6018197705,20641.2126730170,20219.7142403068
2019-02-02,2019-02-02 23:50:00+00:00,3526.7685208900,561284,2801,20765.2372871342,20641.2126730170,20219.7142403068
2019-02-03,2019-02-03 23:50:00+00:00,3461.4967207100,561423,2800,20801.5500586914,20641.2126730170,20219.7142403068
2019-02-04,2019-02-04 23:50:00+00:00,3456.7853735200,561570,2799,20838.8456299416,20641.2126730170,20219.7142403068
2019-02-05,2019-02-05 23:50:00+00:00,3460.7247957700,561714,2798,20876.3633096516,20641.2126730170,20219.7142403068
2019-02-06,2019-02-06 23:50:00+00:00,3412.8326453700,561879,2797,20913.9918008080,20641.2126730170,20219.7142403068
2019-02-07,2019-02-07 23:50:00+00:00,3400.6012536000,562054,2796,20952.4198947574,20641.2126730170,20219.7142403068
2019-02-08,2019-02-08 23:50:00+00:00,3661.6593387000,562217,2795,20991.1832641909,20898.0850558887,20219.7142403068
2019-02-09,2019-02-09 23:50:00+00:00,3671.8105587200,562367,2794,21026.8001118718,20898.0850558887,20219.7142403068
2019-02-10,2019-02-10 23:50:00+00:00,3684.2495698800,562507,2793,21062.4437407139,20898.0850558887,20219.7142403068
2019-02-11,2019-02-11 23:50:00+00:00,3648.0933523100,562650,2792,21098.0874816686,20898.0850558887,20219.7142403068
2019-02-12,2019-02-12 23:50:00+00:00,3653.9911055500,562780,2791,21134.3082403511,20898.0850558887,20219.7142403068
2019-02-13,2019-02-13 23:50:00+00:00,3631.3432938500,562933,2790,21170.6086028081,20898.0850558887,20219.7142403068
2019-02-14,2019-02-14 23:50:00+00:00,3616.3696862400,563075,2789,21207.3352834303,20898.0850558887,20219.7142403068
2019-02-15,2019-02-15 23:50:00+00:00,3623.2245187300,563201,2788,21244.4006733667,21147.5772713265,20219.7142403068
2019-02-16,2019-02-16 23:50:00+00:00,3631.0060736000,563351,2787,21281.5375760556,21147.5772713265,20219.7142403068
2019-02-17,2019-02-17 23:50:00+00:00,3677.1183544800,563510,2786,21318.7348513003,21147.5772713265,20219.7142403068
2019-02-18,2019-02-18 23:50:00+00:00,3915.1539300000,563664,2785,21355.5236658856,21147.5772713265,20219.7142403068
2019-02-19,2019-02-19 23:50:00+00:00,3946.1535445800,563820,2784,21389.7486532477,21147.5772713265,20219.7142403068
2019-02-20,2019-02-20 23:50:00+00:00,3996.9023451400,563949,2783,21423.7773139929,21147.5772713265,20219.7142403068
2019-02-21,2019-02-21 23:50:00+00:00,3952.2103642000,564070,2782,21457.4064787216,21147.5772713265,20219.7142403068
2019-02-22,2019-02-22 23:50:00+00:00,4002.2913313000,564231,2781,21491.6355729370,21407.7335784604,20219.7142403068
2019-02-23,2019-02-23 23:50:00+00:00,4145.9880905000,564376,2780,21525.4710805681,21407.7335784604,20219.7142403068
2019-02-24,2019-02-24 23:50:00+00:00,3814.9375750400,564513,2779,21557.9894312663,21407.7335784604,20219.7142403068
2019-02-25,2019-02-25 23:50:00+00:00,3884.9355583600,564656,2778,21594.1424533612,21407.7335784604,20219.7142403068
2019-02-26,2019-02-26 23:50:00+00:00,3857.5610773400,564816,2777,21629.6473990354,21407.7335784604,20219.7142403068
2019-02-27,2019-02-27 23:50:00+00:00,3851.0235527000,564956,2776,21665.6038599856,21407.7335784604,20219.7142403068
2019-02-28,2019-02-28 23:50:00+00:00,3855.6737810100,565107,2775,21701.7807979853,21407.7335784604,20219.7142403068
2019-03-01,2019-03-01 23:50:00+00:00,3861.8706931800,565270,2774,21738.0516176178,21644.8383005367,21331.7104717112
2019-03-02,2019-03-02 23:50:00+00:00,3867.5741817800,565402,2773,21774.3990151405,21644.8383005367,21331.7104717112
2019-03-03,2019-03-03 23:50:00+00:00,3845.5943111800,565547,2772,21810.8289906777,21644.8383005367,21331.7104717112
2019-03-04,2019-03-04 23:50:00+00:00,3761.0068591500,565684,2771,21847.6620567233,21644.8383005367,21331.7104717112
2019-03-05,2019-03-05 23:50:00+00:00,3894.0674737200,565832,2770,21885.6577145092,21644.8383005367,21331.7104717112
2019-03-06,2019-03-06 23:50:00+00:00,3905.4072226900,565960,2769,21922.2363903479,21644.8383005367,21331.7104717112
2019-03-07,2019-03-07 23:50:00+00:00,3911.0620833800,566103,2768,21958.8342114238,21644.8383005367,21331.7104717112
2019-03-08,2019-03-08 23:50:00+00:00,3898.2561647500,566247,2767,21995.5162860621,21899.4892557003,21331.7104717112
2019-03-09,2019-03-09 23:50:00+00:00,3960.9652572400,566388,2766,22032.4951838749,21899.4892557003,21331.7104717112
2019-03-10,2019-03-10 23:50:00+00:00,3953.8349280600,566524,2765,22068.9101272188,21899.4892557003,21331.7104717112
2019-03-11,2019-03-11 23:50:00+00:00,3906.1298629900,566666,2764,22105.5526144460,21899.4892557003,21331.7104717112
2019-03-12,2019-03-12 23:50:00+00:00,3911.2962052600,566809,2763,22142.8917610456,21899.4892557003,21331.7104717112
2019-03-13,2019-03-13 23:50:00+00:00,3906.5418911500,566944,2762,22180.3242053441,21899.4892557003,21331.7104717112
2019-03-14,2019-03-14 23:50:00+00:00,3913.5173675500,567098,2761,22217.9663065932,21899.4892557003,21331.7104717112
2019-03-15,2019-03-15 23:50:00+00:00,3958.6689844300,567251,2760,22255.6819236136,22158.5346181980,21331.7104717112
2019-03-16,2019-03-16 23:50:00+00:00,4048.9084994800,567415,2759,22293.0282917098,22158.5346181980,21331.7104717112
2019-03-17,2019-03-17 23:50:00+00:00,4028.8488828700,567560,2758,22329.5095555451,22158.5346181980,21331.7104717112
2019-03-18,2019-03-18 23:50:00+00:00,4034.6740829100,567722,2757,22366.3601364212,22158.5346181980,21331.7104717112
2019-03-19,2019-03-19 23:50:00+00:00,4070.4887861300,567896,2756,22403.2941598571,22158.5346181980,21331.7104717112
2019-03-20,2019-03-20 23:50:00+00:00,4086.3782434400,568054,2755,22439.9787104094,22158.5346181980,21331.7104717112
2019-03-21,2019-03-21 23:50:00+00:00,4031.4894468700,568199,2754,22476.6351322623,22158.5346181980,21331.7104717112
2019-03-22,2019-03-22 23:50:00+00:00,4023.9104345100,568360,2753,22514.0517054743,22420.1487872715,21331.7104717112
2019-03-23,2019-03-23 23:50:00+00:00,4036.5766927000,568505,2752,22551.7067277992,22420.1487872715,21331.7104717112
2019-03-24,2019-03-24 23:50:00+00:00,4018.8696986900,568654,2751,22589.3707851041,22420.1487872715,21331.7104717112
2019-03-25,2019-03-25 23:50:00+00:00,3963.7839787900,568803,2750,22627.3916065985,22420.1487872715,21331.7104717112
2019-03-26,2019-03-26 23:50:00+00:00,3985.0808028700,568937,2749,22666.2146766438,22420.1487872715,21331.7104717112
2019-03-27,2019-03-27 23:50:00+00:00,4086.6778626600,569087,2748,22704.9466708999,22420.1487872715,21331.7104717112
2019-03-28,2019-03-28 23:50:00+00:00,4069.1071497700,569232,2747,22742.6649252157,22420.1487872715,21331.7104717112
2019-03-29,2019-03-29 23:50:00+00:00,4098.3745405900,569379,2746,22780.7360021364,22684.0299469552,21331.7104717112
2019-03-30,2019-03-30 23:50:00+00:00,4096.9196372500,569518,2745,22818.6297305279,22684.0299469552,21331.7104717112
2019-03-31,2019-03-31 23:50:00+00:00,4104.2342331288,569658,2744,22856.6939893358,22684.0299469552,21331.7104717112
2019-04-01,2019-04-01 23:50:00+00:00,4157.4656993700,569793,2743,22894.8302162719,22684.0299469552,22447.5959827427
2019-04-02,2019-04-02 23:50:00+00:00,4886.7496967900,569951,2742,22932.5235220847,22684.0299469552,22447.5959827427
2019-04-03,2019-04-03 23:50:00+00:00,4971.3077410400,570093,2741,22963.4609156798,22684.0299469552,22447.5959827427
2019-04-04,2019-04-04 23:50:00+00:00,4922.7987877800,570233,2740,22993.8329092861,22684.0299469552,22447.5959827427
2019-04-05,2019-04-05 23:50:00+00:00,5036.7930236500,570390,2739,23024.6912595375,22949.5234145223,22447.5959827427
2019-04-06,2019-04-06 23:50:00+00:00,5062.7937613400,570528,2738,23054.7626513201,22949.5234145223,22447.5959827427
2019-04-07,2019-04-07 23:50:00+00:00,5198.8969901400,570671,2737,23084.7362283413,22949.5234145223,22447.5959827427
2019-04-08,2019-04-08 23:50:00+00:00,5289.9179813700,570818,2736,23113.8000935155,22949.5234145223,22447.5959827427
2019-04-09,2019-04-09 23:50:00+00:00,5204.9583784700,570951,2735,23142.3104565441,22949.5234145223,22447.5959827427
2019-04-10,2019-04-10 23:50:00+00:00,5325.0815552900,571099,2734,23171.5181357438,22949.5234145223,22447.5959827427
2019-04-11,2019-04-11 23:50:00+00:00,5064.4876724300,571256,2733,23199.9675280989,22949.5234145223,22447.5959827427
2019-04-12,2019-04-12 23:50:00+00:00,5088.8499732900,571406,2732,23230.4163034931,23160.1789314111,22447.5959827427
2019-04-13,2019-04-13 23:50:00+00:00,5096.5865627600,571541,2731,23260.7802145937,23160.1789314111,22447.5959827427
2019-04-14,2019-04-14 23:50:00+00:00,5167.3219828600,571664,2730,23291.1866624128,23160.1789314111,22447.5959827427
2019-04-15,2019-04-15 23:50:00+00:00,5066.1871545800,571806,2729,23321.1597785019,23160.1789314111,22447.5959827427
2019-04-16,2019-04-16 23:50:00+00:00,5237.5952090500,571954,2728,23352.0044219841,23160.1789314111,22447.5959827427
2019-04-17,2019-04-17 23:50:00+00:00,5251.6638002100,572089,2727,23381.6583627992,23160.1789314111,22447.5959827427
2019-04-18,2019-04-18 23:50:00+00:00,5299.1645945300,572240,2726,23411.3067150174,23160.1789314111,22447.5959827427
2019-04-19,2019-04-19 23:50:00+00:00,5305.4551370500,572392,2725,23440.7080213405,23373.0028073854,22447.5959827427
2019-04-20,2019-04-20 23:50:00+00:00,5337.3785183400,572524,2724,23470.1596903278,23373.0028073854,22447.5959827427
2019-04-21,2019-04-21 23:50:00+00:00,5314.5314532000,572685,2723,23499.4785450234,23373.0028073854,22447.5959827427
2019-04-22,2019-04-22 23:50:00+00:00,5399.7113969900,572820,2722,23529.0561800704,23373.0028073854,22447.5959827427
2019-04-23,2019-04-23 23:50:00+00:00,5571.9772267900,572935,2721,23558.1247546240,23373.0028073854,22447.5959827427
2019-04-24,2019-04-24 23:50:00+00:00,5464.8666418200,573099,2720,23586.1156207855,23373.0028073854,22447.5959827427
2019-04-25,2019-04-25 23:50:00+00:00,5210.5936214100,573241,2719,23614.9151734047,23373.0028073854,22447.5959827427
2019-04-26,2019-04-26 23:50:00+00:00,5280.6148452100,573392,2718,23645.6431729760,23579.4268149038,22447.5959827427
2019-04-27,2019-04-27 23:50:00+00:00,5266.4581439500,573530,2717,23675.9489110937,23579.4268149038,22447.5959827427
2019-04-28,2019-04-28 23:50:00+00:00,5285.1390082200,573691,2716,23706.4601669109,23579.4268149038,22447.5959827427
2019-04-29,2019-04-29 23:50:00+00:00,5248.2042709100,573855,2715,23736.9334423945,23579.4268149038,22447.5959827427
2019-04-30,2019-04-30 23:50:00+00:00,5350.0325011700,573995,2714,23767.7848650101,23579.4268149038,22447.5959827427
2019-05-01,2019-05-01 23:50:00+00:00,5401.0296361900,574167,2713,23797.9823346331,23579.4268149038,23601.2640688252
2019-05-02,2019-05-02 23:50:00+00:00,5505.2836717600,574351,2712,23827.9095003274,23579.4268149038,23601.2640688252
2019-05-03,2019-05-03 23:50:00+00:00,5768.2894069300,574499,2711,23857.1980542337,23791.9156364190,23601.2640688252
2019-05-04,2019-05-04 23:50:00+00:00,5829.9390303100,574632,2710,23884.8367987281,23791.9156364190,23601.2640688252
2019-05-05,2019-05-05 23:50:00+00:00,5790.9987585900,574764,2709,23912.1731825181,23791.9156364190,23601.2640688252
2019-05-06,2019-05-06 23:50:00+00:00,5750.2606552800,574914,2708,23939.8365719214,23791.9156364190,23601.2640688252
2019-05-07,2019-05-07 23:50:00+00:00,5843.4950662800,575042,2707,23967.8441631249,23791.9156364190,23601.2640688252
2019-05-08,2019-05-08 23:50:00+00:00,5983.7606126800,575192,2706,23995.3477282523,23791.9156364190,23601.2640688252
2019-05-09,2019-05-09 23:50:00+00:00,6174.1323480800,575344,2705,24022.0790907482,23791.9156364190,23601.2640688252
2019-05-10,2019-05-10 23:50:00+00:00,6379.2921179400,575468,2704,24047.7878294902,23985.5731117419,23601.2640688252
2019-05-11,2019-05-11 23:50:00+00:00,7212.2931791200,575598,2703,24072.4539815936,23985.5731117419,23601.2640688252
2019-05-12,2019-05-12 23:50:00+00:00,6972.3715229100,575756,2702,24093.2988550463,23985.5731117419,23601.2640688252
2019-05-13,2019-05-13 23:50:00+00:00,7807.1343813300,575924,2701,24115.2225349870,23985.5731117419,23601.2640688252
2019-05-14,2019-05-14 23:50:00+00:00,7994.4161563200,576076,2700,24133.8938553109,23985.5731117419,23601.2640688252
2019-05-15,2019-05-15 23:50:00+00:00,8205.1674948400,576223,2699,24151.9594478322,23985.5731117419,23601.2640688252
2019-05-16,2019-05-16 23:50:00+00:00,7883.3929052500,576371,2698,24169.3698683137,23985.5731117419,23601.2640688252
2019-05-17,2019-05-17 23:50:00+00:00,7332.3336281200,576520,2697,24187.8974106983,24158.3057106009,23601.2640688252
2019-05-18,2019-05-18 23:50:00+00:00,7272.8703646000,576674,2696,24208.5393151702,24158.3057106009,23601.2640688252
2019-05-19,2019-05-19 23:50:00+00:00,8197.0815499100,576838,2695,24229.4747381105,24158.3057106009,23601.2640688252
2019-05-20,2019-05-20 23:50:00+00:00,7977.2817283400,576999,2694,24247.0783150700,24158.3057106009,23601.2640688252
2019-05-21,2019-05-21 23:50:00+00:00,7964.0871682800,577151,2693,24265.4555127979,24158.3057106009,23601.2640688252
2019-05-22,2019-05-22 23:50:00+00:00,7684.8421461100,577319,2692,24283.9197678174,24158.3057106009,23601.2640688252
2019-05-23,2019-05-23 23:50:00+00:00,7881.8467210500,577475,2691,24303.4273223667,24158.3057106009,23601.2640688252
2019-05-24,2019-05-24 23:50:00+00:00,7987.3715658300,577628,2690,24322.2654925589,24303.1628866882,23601.2640688252
2019-05-25,2019-05-25 23:50:00+00:00,8052.5438590700,577769,2689,24340.7776091540,24303.1628866882,23601.2640688252
2019-05-26,2019-05-26 23:50:00+00:00,8674.0724031800,577935,2688,24359.1080543027,24303.1628866882,23601.2640688252
2019-05-27,2019-05-27 23:50:00+00:00,8802.7581997500,578102,2687,24375.5120084869,24303.1628866882,23601.2640688252
2019-05-28,2019-05-28 23:50:00+00:00,8719.9617362000,578264,2686,24391.5770006072,24303.1628866882,23601.2640688252
2019-05-29,2019-05-29 23:50:00+00:00,8658.6202156900,578439,2685,24407.9144992800,24303.1628866882,23601.2640688252
2019-05-30,2019-05-30 23:50:00+00:00,8313.2130537900,578599,2684,24424.4666710610,24303.1628866882,23601.2640688252
2019-05-31,2019-05-31 23:50:00+00:00,8584.0374993600,578716,2683,24442.1221157319,24433.1356149408,23601.2640688252
2019-06-01,2019-06-01 23:50:00+00:00,8567.4957993200,578868,2682,24458.9697338856,24433.1356149408,24530.0349302898
2019-06-02,2019-06-02 23:50:00+00:00,8744.9985848800,578998,2681,24475.9034469706,24433.1356149408,24530.0349302898
2019-06-03,2019-06-03 23:50:00+00:00,8214.5450161100,579118,2680,24492.3429808462,24433.1356149408,24530.0349302898
2019-06-04,2019-06-04 23:50:00+00:00,7694.7904634700,579271,2679,24510.4727015365,24433.1356149408,24530.0349302898
2019-06-05,2019-06-05 23:50:00+00:00,7820.4974293700,579432,2678,24530.4903634996,24433.1356149408,24530.0349302898
2019-06-06,2019-06-06 23:50:00+00:00,7823.9682618700,579588,2677,24550.0854202235,24433.1356149408,24530.0349302898
2019-06-07,2019-06-07 23:50:00+00:00,8042.6245527200,579747,2676,24569.7136910225,24551.4921016392,24530.0349302898
2019-06-08,2019-06-08 23:50:00+00:00,7941.7591903600,579869,2675,24588.6026766889,24551.4921016392,24530.0349302898
2019-06-09,2019-06-09 23:50:00+00:00,7686.7051703800,580017,2674,24607.8924977936,24551.4921016392,24530.0349302898
2019-06-10,2019-06-10 23:50:00+00:00,7994.9166742200,580174,2673,24628.1751098383,24551.4921016392,24530.0349302898
2019-06-11,2019-06-11 23:50:00+00:00,7923.1955719500,580318,2672,24647.3661032248,24551.4921016392,24530.0349302898
2019-06-12,2019-06-12 23:50:00+00:00,8139.6123389700,580449,2671,24666.8593499997,24551.4921016392,24530.0349302898
2019-06-13,2019-06-13 23:50:00+00:00,8226.3949943800,580596,2670,24685.6321817918,24551.4921016392,24530.0349302898
2019-06-14,2019-06-14 23:50:00+00:00,8690.3978563000,580769,2669,24704.1513514680,24684.1319400202,24530.0349302898
2019-06-15,2019-06-15 23:50:00+00:00,8839.6942612800,580913,2668,24721.2254447386,24684.1319400202,24530.0349302898
2019-06-16,2019-06-16 23:50:00+00:00,8993.5198550800,581043,2667,24737.8900398519,24684.1319400202,24530.0349302898
2019-06-17,2019-06-17 23:50:00+00:00,9323.1887729100,581176,2666,24754.1449052820,24684.1319400202,24530.0349302898
2019-06-18,2019-06-18 23:50:00+00:00,9070.3517160000,581341,2665,24769.5281829672,24684.1319400202,24530.0349302898
2019-06-19,2019-06-19 23:50:00+00:00,9276.7718236400,581517,2664,24785.6316175547,24684.1319400202,24530.0349302898
2019-06-20,2019-06-20 23:50:00+00:00,9527.8533661600,581659,2663,24801.2014718754,24684.1319400202,24530.0349302898
2019-06-21,2019-06-21 23:50:00+00:00,10118.5985274000,581793,2662,24816.1454237325,24803.9455088690,24530.0349302898
2019-06-22,2019-06-22 23:50:00+00:00,10694.2934800000,581936,2661,24829.6989115090,24803.9455088690,24530.0349302898
2019-06-23,2019-06-23 23:50:00+00:00,10842.5148341000,582115,2660,24842.0430801217,24803.9455088690,24530.0349302898
2019-06-24,2019-06-24 23:50:00+00:00,11006.9875879000,582292,2659,24854.1118578072,24803.9455088690,24530.0349302898
2019-06-25,2019-06-25 23:50:00+00:00,11784.6041669000,582437,2658,24865.8808692487,24803.9455088690,24530.0349302898
2019-06-26,2019-06-26 23:50:00+00:00,13003.3251831000,582605,2657,24876.2735814927,24803.9455088690,24530.0349302898
2019-06-27,2019-06-27 23:50:00+00:00,11151.3707985000,582747,2656,24884.8283987430,24803.9455088690,24530.0349302898
2019-06-28,2019-06-28 23:50:00+00:00,12392.3293102000,582909,2655,24896.3768370224,24899.0416474323,24530.0349302898
2019-06-29,2019-06-29 23:50:00+00:00,11958.9651413000,583084,2654,24905.8457046384,24899.0416474323,24530.0349302898
2019-06-30,2019-06-30 23:50:00+00:00,10817.5692473000,583235,2653,24916.0131733226,24899.0416474323,24530.0349302898
2019-07-01,2019-07-01 23:50:00+00:00,10590.7580719000,583378,2652,24928.2638480914,24899.0416474323,25060.6227318938
2019-07-02,2019-07-02 23:50:00+00:00,10810.4966905000,583532,2651,24941.0003656734,24899.0416474323,25060.6227318938
2019-07-03,2019-07-03 23:50:00+00:00,11953.3879742000,583708,2650,24953.3085575248,24899.0416474323,25060.6227318938
2019-07-04,2019-07-04 23:50:00+00:00,11212.6101976000,583875,2649,24963.5573853886,24899.0416474323,25060.6227318938
2019-07-05,2019-07-05 23:50:00+00:00,10984.1057812000,584059,2648,24975.1242477155,24965.5217455667,25060.6227318938
2019-07-06,2019-07-06 23:50:00+00:00,11209.2110757000,584242,2647,24987.1482036100,24965.5217455667,25060.6227318938
2019-07-07,2019-07-07 23:50:00+00:00,11451.3503881000,584396,2646,24998.7610263378,24965.5217455667,25060.6227318938
2019-07-08,2019-07-08 23:50:00+00:00,12285.7323738000,584574,2645,25009.9473322645,24965.5217455667,25060.6227318938
2019-07-09,2019-07-09 23:50:00+00:00,12560.6272457000,584726,2644,25019.7479043048,24965.5217455667,25060.6227318938
2019-07-10,2019-07-10 23:50:00+00:00,12152.5890505000,584855,2643,25029.1413483346,24965.5217455667,25060.6227318938
2019-07-11,2019-07-11 23:50:00+00:00,11345.7367321000,584986,2642,25039.1833000791,24965.5217455667,25060.6227318938
2019-07-12,2019-07-12 23:50:00+00:00,11816.4282932000,585149,2641,25050.6313191359,25049.8746824295,25060.6227318938
2019-07-13,2019-07-13 23:50:00+00:00,11373.0446962000,585291,2640,25061.2632122040,25049.8746824295,25060.6227318938
2019-07-14,2019-07-14 23:50:00+00:00,10258.3435750000,585435,2639,25072.6980988756,25049.8746824295,25060.6227318938
2019-07-15,2019-07-15 23:50:00+00:00,10902.4940933000,585581,2638,25086.4312305881,25049.8746824295,25060.6227318938
2019-07-16,2019-07-16 23:50:00+00:00,9493.3175597400,585743,2637,25098.8138922395,25049.8746824295,25060.6227318938
2019-07-17,2019-07-17 23:50:00+00:00,9694.4506863900,585877,2636,25114.4755700402,25049.8746824295,25060.6227318938
2019-07-18,2019-07-18 23:50:00+00:00,10663.3319664000,585998,2635,25129.6449420379,25049.8746824295,25060.6227318938
2019-07-19,2019-07-19 23:50:00+00:00,10533.9668428000,586115,2634,25142.5946283913,25124.5097593311,25060.6227318938
2019-07-20,2019-07-20 23:50:00+00:00,10770.4048064000,586292,2633,25155.8443122474,25124.5097593311,25060.6227318938
2019-07-21,2019-07-21 23:50:00+00:00,10598.6005555000,586441,2632,25168.6164786025,25124.5097593311,25060.6227318938
2019-07-22,2019-07-22 23:50:00+00:00,10339.5348432000,586599,2631,25181.7740876233,25124.5097593311,25060.6227318938
2019-07-23,2019-07-23 23:50:00+00:00,9900.1096996900,586740,2630,25195.5260954001,25124.5097593311,25060.6227318938
2019-07-24,2019-07-24 23:50:00+00:00,9821.9930263300,586881,2629,25210.3413608682,25124.5097593311,25060.6227318938
2019-07-25,2019-07-25 23:50:00+00:00,9912.8091424400,587031,2628,25225.3798685227,25124.5097593311,25060.6227318938
2019-07-26,2019-07-26 23:50:00+00:00,9872.5147204800,587197,2627,25240.2215960331,25217.4046972044,25060.6227318938
2019-07-27,2019-07-27 23:50:00+00:00,9457.6032636100,587349,2626,25255.1921280084,25217.4046972044,25060.6227318938
2019-07-28,2019-07-28 23:50:00+00:00,9555.3675842400,587524,2625,25271.2729233762,25217.4046972044,25060.6227318938
2019-07-29,2019-07-29 23:50:00+00:00,9521.4919129900,587693,2624,25287.1228623243,25217.4046972044,25060.6227318938
2019-07-30,2019-07-30 23:50:00+00:00,9604.7420039500,587833,2623,25303.0956868459,25217.4046972044,25060.6227318938
2019-07-31,2019-07-31 23:50:00+00:00,10085.6277491000,588004,2622,25318.8783461110,25217.4046972044,25060.6227318938
2019-08-01,2019-08-01 23:50:00+00:00,10399.6694229000,588146,2621,25333.4771553601,25217.4046972044,25460.4610695329
2019-08-02,2019-08-02 23:50:00+00:00,10518.1746772000,588316,2620,25347.3697265045,25322.3610954371,25460.4610695329
2019-08-03,2019-08-03 23:50:00+00:00,10821.7265103000,588488,2619,25361.0221091731,25322.3610954371,25460.4610695329
2019-08-04,2019-08-04 23:50:00+00:00,10970.1842157000,588655,2618,25374.0437842639,25322.3610954371,25460.4610695329
2019-08-05,2019-08-05 23:50:00+00:00,11805.6537253000,588798,2617,25386.7808347185,25322.3610954371,25460.4610695329
2019-08-06,2019-08-06 23:50:00+00:00,11478.1693461000,588961,2616,25397.9496392761,25322.3610954371,25460.4610695329
2019-08-07,2019-08-07 23:50:00+00:00,11941.9683406000,589114,2615,25409.7335154376,25322.3610954371,25460.4610695329
2019-08-08,2019-08-08 23:50:00+00:00,11966.4074050000,589254,2614,25420.7008617371,25322.3610954371,25460.4610695329
2019-08-09,2019-08-09 23:50:00+00:00,11862.9367600000,589401,2613,25431.6437542414,25418.0175409938,25460.4610695329
2019-08-10,2019-08-10 23:50:00+00:00,11354.0242177000,589554,2612,25442.7851018976,25418.0175409938,25460.4610695329
2019-08-11,2019-08-11 23:50:00+00:00,11523.5793784000,589705,2611,25454.8823671859,25418.0175409938,25460.4610695329
2019-08-12,2019-08-12 23:50:00+00:00,11382.6159562000,589839,2610,25466.6784044722,25418.0175409938,25460.4610695329
2019-08-13,2019-08-13 23:50:00+00:00,10895.8304358000,589997,2609,25478.7618308092,25418.0175409938,25460.4610695329
2019-08-14,2019-08-14 23:50:00+00:00,10038.4217089000,590148,2608,25491.8439517845,25418.0175409938,25460.4610695329
2019-08-15,2019-08-15 23:50:00+00:00,10311.5454290000,590301,2607,25506.9057207210,25418.0175409938,25460.4610695329
2019-08-16,2019-08-16 23:50:00+00:00,10374.3393471000,590452,2606,25521.3373797635,25496.1218850976,25460.4610695329
2019-08-17,2019-08-17 23:50:00+00:00,10231.7438454000,590581,2605,25535.6495436614,25496.1218850976,25460.4610695329
2019-08-18,2019-08-18 23:50:00+00:00,10345.8103795000,590707,2604,25550.3255564086,25496.1218850976,25460.4610695329
2019-08-19,2019-08-19 23:50:00+00:00,10916.0538702000,590870,2603,25564.7591874738,25496.1218850976,25460.4610695329
2019-08-20,2019-08-20 23:50:00+00:00,10763.2326304000,591022,2602,25577.9506219537,25496.1218850976,25460.4610695329
2019-08-21,2019-08-21 23:50:00+00:00,10138.0493550000,591159,2601,25591.4933431795,25496.1218850976,25460.4610695329
2019-08-22,2019-08-22 23:50:00+00:00,10131.0561021000,591298,2600,25606.5056644761,25496.1218850976,25460.4610695329
2019-08-23,2019-08-23 23:50:00+00:00,10407.9653290000,591452,2599,25621.5643795929,25596.4167670414,25460.4610695329
2019-08-24,2019-08-24 23:50:00+00:00,10159.9605385000,591608,2598,25635.9880916525,25596.4167670414,25460.4610695329
2019-08-25,2019-08-25 23:50:00+00:00,10138.5176650000,591768,2597,25651.0333756246,25596.4167670414,25460.4610695329
2019-08-26,2019-08-26 23:50:00+00:00,10372.8263035000,591905,2596,25666.1607652986,25596.4167670414,25460.4610695329
2019-08-27,2019-08-27 23:50:00+00:00,10185.4998997000,592039,2595,25680.7514423946,25596.4167670414,25460.4610695329
2019-08-28,2019-08-28 23:50:00+00:00,9756.7857073500,592190,2594,25695.8212883626,25596.4167670414,25460.4610695329
2019-08-29,2019-08-29 23:50:00+00:00,9510.2005441300,592355,2593,25712.0203164872,25596.4167670414,25460.4610695329
2019-08-30,2019-08-30 23:50:00+00:00,9598.1736482600,592515,2592,25728.9309885084,25697.4966122045,25460.4610695329
2019-08-31,2019-08-31 23:50:00+00:00,9630.5931961600,592679,2591,25745.6304425621,25697.4966122045,25460.4610695329
2019-09-01,2019-09-01 23:50:00+00:00,9757.9703180700,592823,2590,25762.2746345585,25697.4966122045,25896.5465909141
2019-09-02,2019-09-02 23:50:00+00:00,10346.7607927000,592974,2589,25778.6053298333,25697.4966122045,25896.5465909141
2019-09-03,2019-09-03 23:50:00+00:00,10623.5401172000,593137,2588,25793.4701251219,25697.4966122045,25896.5465909141
2019-09-04,2019-09-04 23:50:00+00:00,10594.4933536000,593272,2587,25807.7152888426,25697.4966122045,25896.5465909141
2019-09-05,2019-09-05 23:50:00+00:00,10575.5332840000,593439,2586,25822.0537739221,25697.4966122045,25896.5465909141
2019-09-06,2019-09-06 23:50:00+00:00,10353.3025592000,593595,2585,25836.4630106618,25814.5223477320,25896.5465909141
2019-09-07,2019-09-07 23:50:00+00:00,10517.2547840000,593746,2584,25851.4244259251,25814.5223477320,25896.5465909141
2019-09-08,2019-09-08 23:50:00+00:00,10441.2759790000,593924,2583,25866.0247720500,25814.5223477320,25896.5465909141
2019-09-09,2019-09-09 23:50:00+00:00,10334.9741628000,594070,2582,25880.8324352514,25814.5223477320,25896.5465909141
2019-09-10,2019-09-10 23:50:00+00:00,10115.9757913000,594251,2581,25895.9245022496,25814.5223477320,25896.5465909141
2019-09-11,2019-09-11 23:50:00+00:00,10178.3718893000,594435,2580,25911.5910093583,25814.5223477320,25896.5465909141
2019-09-12,2019-09-12 23:50:00+00:00,10410.1268031000,594593,2579,25927.1307008076,25814.5223477320,25896.5465909141
2019-09-13,2019-09-13 23:50:00+00:00,10360.5472773000,594743,2578,25942.1301244003,25919.4195132132,25896.5465909141
2019-09-14,2019-09-14 23:50:00+00:00,10358.0491621000,594897,2577,25957.2787634940,25919.4195132132,25896.5465909141
2019-09-15,2019-09-15 23:50:00+00:00,10347.7129074000,595046,2576,25972.4629825220,25919.4195132132,25896.5465909141
2019-09-16,2019-09-16 23:50:00+00:00,10276.7935649000,595209,2575,25987.7020837712,25919.4195132132,25896.5465909141
2019-09-17,2019-09-17 23:50:00+00:00,10241.2721545000,595356,2574,26003.1461274452,25919.4195132132,25896.5465909141
2019-09-18,2019-09-18 23:50:00+00:00,10198.2484072000,595531,2573,26018.7093635870,25919.4195132132,25896.5465909141
2019-09-19,2019-09-19 23:50:00+00:00,10266.4149694000,595678,2572,26034.4119197282,25919.4195132132,25896.5465909141
2019-09-20,2019-09-20 23:50:00+00:00,10181.6413094000,595830,2571,26049.9738307378,26025.6254451772,25896.5465909141
2019-09-21,2019-09-21 23:50:00+00:00,10019.7169101000,595994,2570,26065.7808912677,26025.6254451772,25896.5465909141
2019-09-22,2019-09-22 23:50:00+00:00,10070.3921064000,596162,2569,26082.0397671811,26025.6254451772,25896.5465909141
2019-09-23,2019-09-23 23:50:00+00:00,9729.3237643500,596272,2568,26098.1984201255,26025.6254451772,25896.5465909141
2019-09-24,2019-09-24 23:50:00+00:00,8620.5664273300,596432,2567,26115.3145494742,26025.6254451772,25896.5465909141
2019-09-25,2019-09-25 23:50:00+00:00,8486.9929720600,596588,2566,26135.9851985912,26025.6254451772,25896.5465909141
2019-09-26,2019-09-26 23:50:00+00:00,8118.9675678300,596759,2565,26157.1917385761,26025.6254451772,25896.5465909141
2019-09-27,2019-09-27 23:50:00+00:00,8251.8455574400,596891,2564,26179.8769354755,26136.4477307504,25896.5465909141
2019-09-28,2019-09-28 23:50:00+00:00,8245.9151547800,597051,2563,26202.0879710034,26136.4477307504,25896.5465909141
2019-09-29,2019-09-29 23:50:00+00:00,8104.1856756400,597186,2562,26224.3775044057,26136.4477307504,25896.5465909141
2019-09-30,2019-09-30 23:50:00+00:00,8293.8677406200,597317,2561,26247.2929522095,26136.4477307504,25896.5465909141
2019-10-01,2019-10-01 23:50:00+00:00,8343.2766814000,597458,2560,26269.5056929088,26136.4477307504,26410.4271959102
2019-10-02,2019-10-02 23:50:00+00:00,8393.0416448600,597607,2559,26291.5805908388,26136.4477307504,26410.4271959102
2019-10-03,2019-10-03 23:50:00+00:00,8259.9919786300,597754,2558,26313.5175572762,26136.4477307504,26410.4271959102
2019-10-04,2019-10-04 23:50:00+00:00,8205.9392412100,597902,2557,26336.0289291659,26292.1421620498,26410.4271959102
2019-10-05,2019-10-05 23:50:00+00:00,8151.5005292100,598058,2556,26358.8132800203,26292.1421620498,26410.4271959102
2019-10-06,2019-10-06 23:50:00+00:00,7988.1559588800,598206,2555,26381.8766662738,26292.1421620498,26410.4271959102
2019-10-07,2019-10-07 23:50:00+00:00,8245.6229330000,598363,2554,26405.6833866634,26292.1421620498,26410.4271959102
2019-10-08,2019-10-08 23:50:00+00:00,8228.7831528000,598524,2553,26428.4823567571,26292.1421620498,26410.4271959102
2019-10-09,2019-10-09 23:50:00+00:00,8595.7398172200,598663,2552,26451.4066890582,26292.1421620498,26410.4271959102
2019-10-10,2019-10-10 23:50:00+00:00,8583.1788414000,598825,2551,26472.9635200074,26292.1421620498,26410.4271959102
2019-10-11,2019-10-11 23:50:00+00:00,8321.1187310900,598980,2550,26494.6193311498,26451.8707415931,26410.4271959102
2019-10-12,2019-10-12 23:50:00+00:00,8342.6955469800,599114,2549,26517.3397842971,26451.8707415931,26410.4271959102
2019-10-13,2019-10-13 23:50:00+00:00,8323.0826122400,599256,2548,26540.0311966932,26451.8707415931,26410.4271959102
2019-10-14,2019-10-14 23:50:00+00:00,8371.9891356000,599389,2547,26562.8575889568,26451.8707415931,26410.4271959102
2019-10-15,2019-10-15 23:50:00+00:00,8208.0334808600,599545,2546,26585.5464120384,26451.8707415931,26410.4271959102
2019-10-16,2019-10-16 23:50:00+00:00,8057.2956475400,599686,2545,26608.9556707351,26451.8707415931,26410.4271959102
2019-10-17,2019-10-17 23:50:00+00:00,8102.9528969400,599836,2544,26633.0601325830,26451.8707415931,26410.4271959102
2019-10-18,2019-10-18 23:50:00+00:00,7977.4188356400,599998,2543,26657.0318996942,26611.1637013621,26410.4271959102
2019-10-19,2019-10-19 23:50:00+00:00,7990.3125540200,600140,2542,26681.6096405861,26611.1637013621,26410.4271959102
2019-10-20,2019-10-20 23:50:00+00:00,8218.0728680500,600285,2541,26706.1953661345,26611.1637013621,26410.4271959102
2019-10-21,2019-10-21 23:50:00+00:00,8236.2773718200,600444,2540,26729.8701462781,26611.1637013621,26410.4271959102
2019-10-22,2019-10-22 23:50:00+00:00,8080.6156669500,600613,2539,26753.5298180732,26611.1637013621,26410.4271959102
2019-10-23,2019-10-23 23:50:00+00:00,7506.1600422700,600779,2538,26777.9108859491,26611.1637013621,26410.4271959102
2019-10-24,2019-10-24 23:50:00+00:00,7497.3100685400,600913,2537,26805.0377323261,26611.1637013621,26410.4271959102
2019-10-25,2019-10-25 23:50:00+00:00,8656.1721980200,601052,2536,26832.2856998038,26783.5086642701,26410.4271959102
2019-10-26,2019-10-26 23:50:00+00:00,9248.6050974500,601192,2535,26854.5297941074,26783.5086642701,26410.4271959102
2019-10-27,2019-10-27 23:50:00+00:00,9559.5290473500,601307,2534,26874.7190320211,26783.5086642701,26410.4271959102
2019-10-28,2019-10-28 23:50:00+00:00,9266.5414834400,601440,2533,26893.9503998137,26783.5086642701,26410.4271959102
2019-10-29,2019-10-29 23:50:00+00:00,9429.5642237800,601574,2532,26914.1707236443,26783.5086642701,26410.4271959102
2019-10-30,2019-10-30 23:50:00+00:00,9209.1400858800,601708,2531,26933.9027361595,26783.5086642701,26410.4271959102
2019-10-31,2019-10-31 23:50:00+00:00,9190.1593584100,601840,2530,26954.4082487286,26783.5086642701,26410.4271959102
2019-11-01,2019-11-01 23:50:00+00:00,9260.4172551000,601971,2529,26975.0257887553,26939.3514396847,27109.2899134043
2019-11-02,2019-11-02 23:50:00+00:00,9324.9296675800,602105,2528,26995.4532576619,26939.3514396847,27109.2899134043
2019-11-03,2019-11-03 23:50:00+00:00,9235.2052954900,602242,2527,27015.7121189640,26939.3514396847,27109.2899134043
2019-11-04,2019-11-04 23:50:00+00:00,9414.2706326800,602373,2526,27036.3189778680,26939.3514396847,27109.2899134043
2019-11-05,2019-11-05 23:50:00+00:00,9348.1292738400,602519,2525,27056.3765314591,26939.3514396847,27109.2899134043
2019-11-06,2019-11-06 23:50:00+00:00,9357.0143814900,602651,2524,27076.6980996972,26939.3514396847,27109.2899134043
2019-11-07,2019-11-07 23:50:00+00:00,9267.4794472600,602784,2523,27097.0368010578,26939.3514396847,27109.2899134043
2019-11-08,2019-11-08 23:50:00+00:00,8816.9508737200,602914,2522,27117.7233036798,27082.5729480254,27109.2899134043
2019-11-09,2019-11-09 23:50:00+00:00,8814.8826883500,603058,2521,27140.0687532885,27082.5729480254,27109.2899134043
2019-11-10,2019-11-10 23:50:00+00:00,9058.2260392100,603223,2520,27162.4766286876,27082.5729480254,27109.2899134043
2019-11-11,2019-11-11 23:50:00+00:00,8756.3173139500,603375,2519,27184.0452962176,27082.5729480254,27109.2899134043
2019-11-12,2019-11-12 23:50:00+00:00,8812.7186631700,603509,2518,27206.7843186229,27082.5729480254,27109.2899134043
2019-11-13,2019-11-13 23:50:00+00:00,8817.2615186800,603643,2517,27229.3642237049,27082.5729480254,27109.2899134043
2019-11-14,2019-11-14 23:50:00+00:00,8710.2850781600,603814,2516,27251.9823762780,27082.5729480254,27109.2899134043
2019-11-15,2019-11-15 23:50:00+00:00,8491.5573335400,603971,2515,27275.0681786207,27239.3237848002,27109.2899134043
2019-11-16,2019-11-16 23:50:00+00:00,8546.7319707000,604119,2514,27299.0881392417,27239.3237848002,27109.2899134043
2019-11-17,2019-11-17 23:50:00+00:00,8572.1850382700,604273,2513,27322.9437619882,27239.3237848002,27109.2899134043
2019-11-18,2019-11-18 23:50:00+00:00,8311.8108886500,604414,2512,27346.7567284677,27239.3237848002,27109.2899134043
2019-11-19,2019-11-19 23:50:00+00:00,8203.9373982800,604559,2511,27371.7205676927,27239.3237848002,27109.2899134043
2019-11-20,2019-11-20 23:50:00+00:00,8027.7793943700,604703,2510,27397.2230452514,27239.3237848002,27109.2899134043
2019-11-21,2019-11-21 23:50:00+00:00,7640.6367678200,604840,2509,27423.5951896720,27239.3237848002,27109.2899134043
2019-11-22,2019-11-22 23:50:00+00:00,7304.9623628800,604970,2508,27451.9356646404,27407.8793802808,27109.2899134043
2019-11-23,2019-11-23 23:50:00+00:00,7384.6978552600,605145,2507,27482.1691699637,27407.8793802808,27109.2899134043
2019-11-24,2019-11-24 23:50:00+00:00,7046.1417464700,605276,2506,27512.0471013978,27407.8793802808,27109.2899134043
2019-11-25,2019-11-25 23:50:00+00:00,7150.1287140800,605401,2505,27543.9844324324,27407.8793802808,27109.2899134043
2019-11-26,2019-11-26 23:50:00+00:00,7223.0358256300,605522,2504,27575.3947911976,27407.8793802808,27109.2899134043
2019-11-27,2019-11-27 23:50:00+00:00,7539.3465104800,605658,2503,27606.4722176869,27407.8793802808,27109.2899134043
2019-11-28,2019-11-28 23:50:00+00:00,7465.2258910700,605825,2502,27635.8715405114,27407.8793802808,27109.2899134043
2019-11-29,2019-11-29 23:50:00+00:00,7762.1795945300,605958,2501,27665.7601535324,27620.1964116423,27109.2899134043
2019-11-30,2019-11-30 23:50:00+00:00,7567.9749769500,606087,2500,27694.1652189776,27620.1964116423,27109.2899134043
2019-12-01,2019-12-01 23:50:00+00:00,7425.8576643800,606226,2499,27723.6682287375,27620.1964116423,27753.7922197349
2019-12-02,2019-12-02 23:50:00+00:00,7325.3348725600,606371,2498,27754.0376358335,27620.1964116423,27753.7922197349
2019-12-03,2019-12-03 23:50:00+00:00,7323.8121002100,606528,2497,27785.0693845496,27620.1964116423,27753.7922197349
2019-12-04,2019-12-04 23:50:00+00:00,7260.1000344300,606691,2496,27816.2043515698,27620.1964116423,27753.7922197349
2019-12-05,2019-12-05 23:50:00+00:00,7447.6673282000,606840,2495,27847.8066487806,27620.1964116423,27753.7922197349
2019-12-06,2019-12-06 23:50:00+00:00,7544.3790341600,606984,2494,27878.4252010745,27819.5546301952,27753.7922197349
2019-12-07,2019-12-07 23:50:00+00:00,7552.2996346400,607140,2493,27908.5980312100,27819.5546301952,27753.7922197349
2019-12-08,2019-12-08 23:50:00+00:00,7566.1817308300,607287,2492,27938.8169952115,27819.5546301952,27753.7922197349
2019-12-09,2019-12-09 23:50:00+00:00,7401.0115811700,607434,2491,27969.0495203040,27819.5546301952,27753.7922197349
2019-12-10,2019-12-10 23:50:00+00:00,7274.4626183900,607583,2490,28000.3006072898,27819.5546301952,27753.7922197349
2019-12-11,2019-12-11 23:50:00+00:00,7218.2564846900,607716,2489,28032.3888840870,27819.5546301952,27753.7922197349
2019-12-12,2019-12-12 23:50:00+00:00,7244.4894000300,607850,2488,28064.9155363398,27819.5546301952,27753.7922197349
2019-12-13,2019-12-13 23:50:00+00:00,7267.3591545200,608000,2487,28097.3847630974,28031.1627064298,27753.7922197349
2019-12-14,2019-12-14 23:50:00+00:00,7130.3579957200,608153,2486,28129.8171539458,28031.1627064298,27753.7922197349
2019-12-15,2019-12-15 23:50:00+00:00,7157.8299808800,608276,2485,28163.1945380428,28031.1627064298,27753.7922197349
2019-12-16,2019-12-16 23:50:00+00:00,6930.5058576800,608434,2484,28196.5059121295,28031.1627064298,27753.7922197349
2019-12-17,2019-12-17 23:50:00+00:00,6611.5104684600,608574,2483,28231.3939446461,28031.1627064298,27753.7922197349
2019-12-18,2019-12-18 23:50:00+00:00,7270.4696697500,608708,2482,28268.6378971973,28031.1627064298,27753.7922197349
2019-12-19,2019-12-19 23:50:00+00:00,7204.0210376000,608866,2481,28301.5839144259,28031.1627064298,27753.7922197349
2019-12-20,2019-12-20 23:50:00+00:00,7217.2697229800,609021,2480,28335.0441913505,28258.5951946665,27753.7922197349
2019-12-21,2019-12-21 23:50:00+00:00,7189.9063682100,609197,2479,28368.5280489975,28258.5951946665,27753.7922197349
2019-12-22,2019-12-22 23:50:00+00:00,7512.8006354100,609365,2478,28402.2899204487,28258.5951946665,27753.7922197349
2019-12-23,2019-12-23 23:50:00+00:00,7355.1683071400,609509,2477,28434.2083189304,28258.5951946665,27753.7922197349
2019-12-24,2019-12-24 23:50:00+00:00,7309.2139315800,609635,2476,28467.1580356491,28258.5951946665,27753.7922197349
2019-12-25,2019-12-25 23:50:00+00:00,7280.4524001800,609762,2475,28500.4914605180,28258.5951946665,27753.7922197349
2019-12-26,2019-12-26 23:50:00+00:00,7240.0270056000,609930,2474,28534.1079544997,28258.5951946665,27753.7922197349
2019-12-27,2019-12-27 23:50:00+00:00,7295.6072329400,610073,2473,28568.0842257965,28493.2551388736,27753.7922197349
2019-12-28,2019-12-28 23:50:00+00:00,7319.8908485300,610223,2472,28601.8208662972,28493.2551388736,27753.7922197349
2019-12-29,2019-12-29 23:50:00+00:00,7419.1794152700,610379,2471,28635.5137854618,28493.2551388736,27753.7922197349
2019-12-30,2019-12-30 23:50:00+00:00,7300.6742650700,610543,2470,28668.7051878992,28493.2551388736,27753.7922197349
2019-12-31,2019-12-31 23:50:00+00:00,7197.5271091700,610690,2469,28702.7306205948,28493.2551388736,27753.7922197349
2020-01-01,2020-01-01 23:50:00+00:00,7199.6611008700,610862,2468,28737.5214193788,28493.2551388736,28712.3116938732
2020-01-02,2020-01-02 23:50:00+00:00,6985.6590225700,611005,2467,28772.4111495064,28493.2551388736,28712.3116938732
2020-01-03,2020-01-03 23:50:00+00:00,7347.5973779100,611171,2466,28808.8460761808,28729.7289508517,28712.3116938732
2020-01-04,2020-01-04 23:50:00+00:00,7415.2024454600,611341,2465,28843.0230408986,28729.7289508517,28712.3116938732
2020-01-05,2020-01-05 23:50:00+00:00,7410.8125409200,611504,2464,28876.8891022442,28729.7289508517,28712.3116938732
2020-01-06,2020-01-06 23:50:00+00:00,7770.5284347300,611640,2463,28910.8894914154,28729.7289508517,28712.3116938732
2020-01-07,2020-01-07 23:50:00+00:00,8166.9631000300,611815,2462,28942.8722135480,28729.7289508517,28712.3116938732
2020-01-08,2020-01-08 23:50:00+00:00,8082.9505472700,611956,2461,28972.8209574645,28729.7289508517,28712.3116938732
2020-01-09,2020-01-09 23:50:00+00:00,7880.2882491300,612115,2460,29003.2913467156,28729.7289508517,28712.3116938732
2020-01-10,2020-01-10 23:50:00+00:00,8164.6557152600,612263,2459,29034.9415122588,28969.2258380095,28712.3116938732
2020-01-11,2020-01-11 23:50:00+00:00,8029.6421079500,612426,2458,29065.1675675619,28969.2258380095,28712.3116938732
2020-01-12,2020-01-12 23:50:00+00:00,8185.6403698500,612577,2457,29096.1908793127,28969.2258380095,28712.3116938732
2020-01-13,2020-01-13 23:50:00+00:00,8148.3188608200,612720,2456,29126.4859894321,28969.2258380095,28712.3116938732
2020-01-14,2020-01-14 23:50:00+00:00,8827.7644260600,612865,2455,29157.0627731206,28969.2258380095,28712.3116938732
2020-01-15,2020-01-15 23:50:00+00:00,8807.0102753200,613016,2454,29184.4500346818,28969.2258380095,28712.3116938732
2020-01-16,2020-01-16 23:50:00+00:00,8723.7857657300,613176,2453,29212.0040514830,28969.2258380095,28712.3116938732
2020-01-17,2020-01-17 23:50:00+00:00,8929.0376776000,613334,2452,29240.0103850659,29181.0692462696,28712.3116938732
2020-01-18,2020-01-18 23:50:00+00:00,8942.8089032100,613466,2451,29267.1724962763,29181.0692462696,28712.3116938732
2020-01-19,2020-01-19 23:50:00+00:00,8706.2451299300,613616,2450,29294.3469449390,29181.0692462696,28712.3116938732
2020-01-20,2020-01-20 23:50:00+00:00,8657.6429394200,613769,2449,29322.6608654759,29181.0692462696,28712.3116938732
2020-01-21,2020-01-21 23:50:00+00:00,8745.8947883300,613920,2448,29351.2796867926,29181.0692462696,28712.3116938732
2020-01-22,2020-01-22 23:50:00+00:00,8680.8760422200,614076,2447,29379.5667525863,29181.0692462696,28712.3116938732
2020-01-23,2020-01-23 23:50:00+00:00,8406.5160678000,614236,2446,29408.2343844428,29181.0692462696,28712.3116938732
2020-01-24,2020-01-24 23:50:00+00:00,8445.4342815200,614388,2445,29438.3140395481,29371.4051064499,28712.3116938732
2020-01-25,2020-01-25 23:50:00+00:00,8367.8477734400,614550,2444,29468.2852093662,29371.4051064499,28712.3116938732
2020-01-26,2020-01-26 23:50:00+00:00,8596.8298331600,614695,2443,29498.7331262708,29371.4051064499,28712.3116938732
2020-01-27,2020-01-27 23:50:00+00:00,8909.8191775300,614825,2442,29528.1324827882,29371.4051064499,28712.3116938732
2020-01-28,2020-01-28 23:50:00+00:00,9358.5903170300,614967,2441,29556.1522394861,29371.4051064499,28712.3116938732
2020-01-29,2020-01-29 23:50:00+00:00,9316.6295044500,615126,2440,29582.3178507605,29371.4051064499,28712.3116938732
2020-01-30,2020-01-30 23:50:00+00:00,9508.9935947000,615283,2439,29608.7243257285,29371.4051064499,28712.3116938732
2020-01-31,2020-01-31 23:50:00+00:00,9350.5293651800,615426,2438,29634.4175364557,29581.4234700801,28712.3116938732
2020-02-01,2020-02-01 23:50:00+00:00,9392.8753684100,615576,2437,29660.8198893533,29581.4234700801,29812.0482617715
2020-02-02,2020-02-02 23:50:00+00:00,9344.3652929200,615720,2436,29687.1166274890,29581.4234700801,29812.0482617715
2020-02-03,2020-02-03 23:50:00+00:00,9293.5210890800,615868,2435,29713.6820905005,29581.4234700801,29812.0482617715
2020-02-04,2020-02-04 23:50:00+00:00,9180.9629665000,616000,2434,29740.5297851553,29581.4234700801,29812.0482617715
2020-02-05,2020-02-05 23:50:00+00:00,9613.4242889500,616159,2433,29767.9286286270,29581.4234700801,29812.0482617715
2020-02-06,2020-02-06 23:50:00+00:00,9729.8022314900,616294,2432,29793.6120927598,29581.4234700801,29812.0482617715
2020-02-07,2020-02-07 23:50:00+00:00,9790.3338464100,616434,2431,29818.9060126021,29766.4897338154,29812.0482617715
2020-02-08,2020-02-08 23:50:00+00:00,9866.5072437300,616572,2430,29844.0308751960,29766.4897338154,29812.0482617715
2020-02-09,2020-02-09 23:50:00+00:00,10119.1248203000,616722,2429,29868.9292128831,29766.4897338154,29812.0482617715
2020-02-10,2020-02-10 23:50:00+00:00,9865.5926089600,616847,2428,29892.9584543576,29766.4897338154,29812.0482617715
2020-02-11,2020-02-11 23:50:00+00:00,10205.1323621000,616996,2427,29917.9828262632,29766.4897338154,29812.0482617715
2020-02-12,2020-02-12 23:50:00+00:00,10322.7164894000,617138,2426,29941.8234841000,29766.4897338154,29812.0482617715
2020-02-13,2020-02-13 23:50:00+00:00,10205.6192109000,617278,2425,29965.3085750988,29766.4897338154,29812.0482617715
2020-02-14,2020-02-14 23:50:00+00:00,10300.0506266000,617412,2424,29989.2623476147,29942.5550451266,29812.0482617715
2020-02-15,2020-02-15 23:50:00+00:00,9891.8365091800,617555,2423,30012.9402976549,29942.5550451266,29812.0482617715
2020-02-16,2020-02-16 23:50:00+00:00,9943.2599809500,617698,2422,30038.1677951428,29942.5550451266,29812.0482617715
2020-02-17,2020-02-17 23:50:00+00:00,9686.0492097700,617854,2421,30063.2634513744,29942.5550451266,29812.0482617715
2020-02-18,2020-02-18 23:50:00+00:00,10147.0726363000,618004,2420,30089.4209737143,29942.5550451266,29812.0482617715
2020-02-19,2020-02-19 23:50:00+00:00,9635.0500871300,618145,2419,30113.8871713277,29942.5550451266,29812.0482617715
2020-02-20,2020-02-20 23:50:00+00:00,9618.2590645300,618271,2418,30140.3809409094,29942.5550451266,29812.0482617715
2020-02-21,2020-02-21 23:50:00+00:00,9690.9552868200,618426,2417,30167.0115703451,30108.5024850021,29812.0482617715
2020-02-22,2020-02-22 23:50:00+00:00,9660.9148883200,618572,2416,30193.4171108456,30108.5024850021,29812.0482617715
2020-02-23,2020-02-23 23:50:00+00:00,9920.8679668400,618716,2415,30220.0121799073,30108.5024850021,29812.0482617715
2020-02-24,2020-02-24 23:50:00+00:00,9645.3983304200,618855,2414,30245.6483823485,30108.5024850021,29812.0482617715
2020-02-25,2020-02-25 23:50:00+00:00,9346.5334669500,619001,2413,30272.4426855876,30108.5024850021,29812.0482617715
2020-02-26,2020-02-26 23:50:00+00:00,8824.3312273200,619137,2412,30300.5686385992,30108.5024850021,29812.0482617715
2020-02-27,2020-02-27 23:50:00+00:00,8786.8789396900,619284,2411,30331.1860576101,30108.5024850021,29812.0482617715
2020-02-28,2020-02-28 23:50:00+00:00,8689.1152459100,619440,2410,30362.0756589941,30293.5006178741,29812.0482617715
2020-02-29,2020-02-29 23:50:00+00:00,8615.2277235500,619580,2409,30393.5449702211,30293.5006178741,29812.0482617715
2020-03-01,2020-03-01 23:50:00+00:00,8563.4116861100,619758,2408,30425.4852406700,30293.5006178741,30644.7819514061
2020-03-02,2020-03-02 23:50:00+00:00,8865.8395570500,619907,2407,30457.7900235093,30293.5006178741,30644.7819514061
2020-03-03,2020-03-03 23:50:00+00:00,8792.3517106500,620059,2406,30488.6513506702,30293.5006178741,30644.7819514061
2020-03-04,2020-03-04 23:50:00+00:00,8742.6116612800,620224,2405,30519.9661465088,30293.5006178741,30644.7819514061
2020-03-05,2020-03-05 23:50:00+00:00,9077.8794638600,620389,2404,30551.6227088077,30293.5006178741,30644.7819514061
2020-03-06,2020-03-06 23:50:00+00:00,9120.7484543700,620541,2403,30581.7272202535,30514.0509839772,30644.7819514061
2020-03-07,2020-03-07 23:50:00+00:00,8909.7582806900,620702,2402,30611.7142668454,30514.0509839772,30644.7819514061
2020-03-08,2020-03-08 23:50:00+00:00,8110.2560780800,620859,2401,30642.8005824068,30514.0509839772,30644.7819514061
2020-03-09,2020-03-09 23:50:00+00:00,7916.6221409200,621007,2400,30678.3142823458,30514.0509839772,30644.7819514061
2020-03-10,2020-03-10 23:50:00+00:00,7915.6175479200,621141,2399,30715.1260508662,30514.0509839772,30644.7819514061
2020-03-11,2020-03-11 23:50:00+00:00,7912.8153047300,621261,2398,30752.0634034435,30514.0509839772,30644.7819514061
2020-03-12,2020-03-12 23:50:00+00:00,4860.3538301200,621411,2397,30789.1383278429,30514.0509839772,30644.7819514061
2020-03-13,2020-03-13 23:50:00+00:00,5547.0651614000,621537,2396,30857.8440704232,30724.1544291155,30644.7819514061
2020-03-14,2020-03-14 23:50:00+00:00,5195.8551745200,621665,2395,30916.7461332748,30724.1544291155,30644.7819514061
2020-03-15,2020-03-15 23:50:00+00:00,5391.0602491900,621783,2394,30980.8077007498,30724.1544291155,30644.7819514061
2020-03-16,2020-03-16 23:50:00+00:00,5014.8683037700,621901,2393,31042.3826643796,30724.1544291155,30644.7819514061
2020-03-17,2020-03-17 23:50:00+00:00,5237.7620948200,622024,2392,31109.8836904407,30724.1544291155,30644.7819514061
2020-03-18,2020-03-18 23:50:00+00:00,5237.9138609200,622125,2391,31174.2862633976,30724.1544291155,30644.7819514061
2020-03-19,2020-03-19 23:50:00+00:00,6193.2957703500,622232,2390,31239.0080079069,30724.1544291155,30644.7819514061
2020-03-20,2020-03-20 23:50:00+00:00,6186.2187198200,622342,2389,31291.9778196620,31137.3906309870,30644.7819514061
2020-03-21,2020-03-21 23:50:00+00:00,6172.9672775000,622466,2388,31345.2481606160,31137.3906309870,30644.7819514061
2020-03-22,2020-03-22 23:50:00+00:00,5833.5106102400,622593,2387,31398.8883679827,31137.3906309870,30644.7819514061
2020-03-23,2020-03-23 23:50:00+00:00,6431.8100380800,622705,2386,31456.6666311526,31137.3906309870,30644.7819514061
2020-03-24,2020-03-24 23:50:00+00:00,6732.6522146700,622836,2385,31508.0676555322,31137.3906309870,30644.7819514061
2020-03-25,2020-03-25 23:50:00+00:00,6677.0743252700,622929,2384,31556.7779963385,31137.3906309870,30644.7819514061
2020-03-26,2020-03-26 23:50:00+00:00,6718.9673148600,623088,2383,31606.1985053194,31137.3906309870,30644.7819514061
2020-03-27,2020-03-27 23:50:00+00:00,6470.8933593400,623243,2382,31655.4229036570,31510.0919841884,30644.7819514061
2020-03-28,2020-03-28 23:50:00+00:00,6241.5651249600,623378,2381,31707.2514228638,31510.0919841884,30644.7819514061
2020-03-29,2020-03-29 23:50:00+00:00,5929.6778840000,623528,2380,31761.7002669628,31510.0919841884,30644.7819514061
2020-03-30,2020-03-30 23:50:00+00:00,6447.7257995100,623676,2379,31819.9686023199,31510.0919841884,30644.7819514061
2020-03-31,2020-03-31 23:50:00+00:00,6443.3140502600,623835,2378,31872.7109494279,31510.0919841884,30644.7819514061
2020-04-01,2020-04-01 23:50:00+00:00,6589.2491919200,623985,2377,31925.7185638921,31510.0919841884,31678.7820535273
2020-04-02,2020-04-02 23:50:00+00:00,6795.0429917900,624138,2376,31977.4682600495,31510.0919841884,31678.7820535273
2020-04-03,2020-04-03 23:50:00+00:00,6736.3638143100,624273,2375,32027.4445507325,31872.8340711847,31678.7820535273
2020-04-04,2020-04-04 23:50:00+00:00,6858.6970096900,624431,2374,32078.1752436978,31872.8340711847,31678.7820535273
2020-04-05,2020-04-05 23:50:00+00:00,6794.4745242200,624602,2373,32127.9581063311,31872.8340711847,31678.7820535273
2020-04-06,2020-04-06 23:50:00+00:00,7248.7241019200,624734,2372,32178.5394873359,31872.8340711847,31678.7820535273
2020-04-07,2020-04-07 23:50:00+00:00,7172.8782887300,624901,2371,32225.2831436595,31872.8340711847,31678.7820535273
2020-04-08,2020-04-08 23:50:00+00:00,7335.3697990900,625045,2370,32272.8434721259,31872.8340711847,31678.7820535273
2020-04-09,2020-04-09 23:50:00+00:00,7301.0127751600,625200,2369,32319.2229966560,31872.8340711847,31678.7820535273
2020-04-10,2020-04-10 23:50:00+00:00,6862.7879969100,625362,2368,32366.0591538121,32227.5711918129,31678.7820535273
2020-04-11,2020-04-11 23:50:00+00:00,6852.5019207100,625522,2367,32416.9534654874,32227.5711918129,31678.7820535273
2020-04-12,2020-04-12 23:50:00+00:00,6998.3940057400,625674,2366,32468.1487664994,32227.5711918129,31678.7820535273
2020-04-13,2020-04-13 23:50:00+00:00,6845.0952690600,625846,2365,32518.1892599054,32227.5711918129,31678.7820535273
2020-04-14,2020-04-14 23:50:00+00:00,6841.2730461600,626013,2364,32569.8626754837,32227.5711918129,31678.7820535273
2020-04-15,2020-04-15 23:50:00+00:00,6643.9796161700,626182,2363,32621.7812793964,32227.5711918129,31678.7820535273
2020-04-16,2020-04-16 23:50:00+00:00,7106.0948468400,626336,2362,32675.8718292108,32227.5711918129,31678.7820535273
2020-04-17,2020-04-17 23:50:00+00:00,7098.6862748200,626461,2361,32725.7475895760,32583.8717966429,31678.7820535273
2020-04-18,2020-04-18 23:50:00+00:00,7259.9029294400,626621,2360,32775.8851560968,32583.8717966429,31678.7820535273
2020-04-19,2020-04-19 23:50:00+00:00,7191.1131149500,626774,2359,32824.7904077398,32583.8717966429,31678.7820535273
2020-04-20,2020-04-20 23:50:00+00:00,6882.3401858100,626933,2358,32874.4873857964,32583.8717966429,31678.7820535273
2020-04-21,2020-04-21 23:50:00+00:00,6878.0377392600,627084,2357,32927.2470304416,32583.8717966429,31678.7820535273
2020-04-22,2020-04-22 23:50:00+00:00,7118.6833566100,627214,2356,32980.2632581016,32583.8717966429,31678.7820535273
2020-04-23,2020-04-23 23:50:00+00:00,7430.1650404300,627355,2355,33031.2185226481,32583.8717966429,31678.7820535273
2020-04-24,2020-04-24 23:50:00+00:00,7549.1333876400,627501,2354,33079.6372819484,32934.7319498380,31678.7820535273
2020-04-25,2020-04-25 23:50:00+00:00,7569.2379175100,627636,2353,33127.2503042119,32934.7319498380,31678.7820535273
2020-04-26,2020-04-26 23:50:00+00:00,7680.4828701400,627773,2352,33174.8766125025,32934.7319498380,31678.7820535273
2020-04-27,2020-04-27 23:50:00+00:00,7794.7139121600,627914,2351,33221.7824035148,32934.7319498380,31678.7820535273
2020-04-28,2020-04-28 23:50:00+00:00,7807.2968383300,628068,2350,33267.9624593154,32934.7319498380,31678.7820535273
2020-04-29,2020-04-29 23:50:00+00:00,8801.0377668800,628212,2349,33314.2128708183,32934.7319498380,31678.7820535273
2020-04-30,2020-04-30 23:50:00+00:00,8657.1939924000,628348,2348,33353.7780032879,32934.7319498380,31678.7820535273
2020-05-01,2020-05-01 23:50:00+00:00,8855.3202295900,628488,2347,33394.3680804861,33267.6777318204,33304.5777612959
2020-05-02,2020-05-02 23:50:00+00:00,8985.1708157200,628636,2346,33433.8603373188,33267.6777318204,33304.5777612959
2020-05-03,2020-05-03 23:50:00+00:00,8898.1224125600,628805,2345,33472.7001518723,33267.6777318204,33304.5777612959
2020-05-04,2020-05-04 23:50:00+00:00,8915.3626647100,628962,2344,33512.1852142399,33267.6777318204,33304.5777612959
2020-05-05,2020-05-05 23:50:00+00:00,8987.6101903400,629120,2343,33551.6929502981,33267.6777318204,33304.5777612959
2020-05-06,2020-05-06 23:50:00+00:00,9253.0762078200,629275,2342,33590.8933944595,33267.6777318204,33304.5777612959
2020-05-07,2020-05-07 23:50:00+00:00,9982.3230001000,629423,2341,33628.6770396461,33267.6777318204,33304.5777612959
2020-05-08,2020-05-08 23:50:00+00:00,9854.1592056300,629559,2340,33662.7544324948,33543.7176160889,33304.5777612959
2020-05-09,2020-05-09 23:50:00+00:00,9590.0633314900,629695,2339,33697.5627046055,33543.7176160889,33304.5777612959
2020-05-10,2020-05-10 23:50:00+00:00,8761.2997468400,629865,2338,33733.8330652230,33543.7176160889,33304.5777612959
2020-05-11,2020-05-11 23:50:00+00:00,8599.7819465600,630022,2337,33775.0267889573,33543.7176160889,33304.5777612959
2020-05-12,2020-05-12 23:50:00+00:00,8800.7297215500,630167,2336,33817.4060829669,33543.7176160889,33304.5777612959
2020-05-13,2020-05-13 23:50:00+00:00,9274.8562031500,630287,2335,33858.6246942007,33543.7176160889,33304.5777612959
2020-05-14,2020-05-14 23:50:00+00:00,9742.7328527700,630402,2334,33897.1195960220,33543.7176160889,33304.5777612959
2020-05-15,2020-05-15 23:50:00+00:00,9324.7495589200,630525,2333,33933.1795391554,33786.9040376485,33304.5777612959
2020-05-16,2020-05-16 23:50:00+00:00,9378.1248550100,630653,2332,33971.6240636307,33786.9040376485,33304.5777612959
2020-05-17,2020-05-17 23:50:00+00:00,9670.0267230800,630752,2331,34009.8860240359,33786.9040376485,33304.5777612959
2020-05-18,2020-05-18 23:50:00+00:00,9729.4652758500,630882,2330,34046.6657979975,33786.9040376485,33304.5777612959
2020-05-19,2020-05-19 23:50:00+00:00,9723.3113790300,630996,2329,34083.2417813014,33786.9040376485,33304.5777612959
2020-05-20,2020-05-20 23:50:00+00:00,9522.4676137800,631111,2328,34119.9604894224,33786.9040376485,33304.5777612959
2020-05-21,2020-05-21 23:50:00+00:00,9083.1273867100,631243,2327,34157.8776523330,33786.9040376485,33304.5777612959
2020-05-22,2020-05-22 23:50:00+00:00,9182.6397990600,631354,2326,34198.4656963714,34055.1891610136,33304.5777612959
2020-05-23,2020-05-23 23:50:00+00:00,9212.3836217100,631473,2325,34238.5837756309,34055.1891610136,33304.5777612959
2020-05-24,2020-05-24 23:50:00+00:00,8792.9574416900,631590,2324,34278.6529618825,34055.1891610136,33304.5777612959
2020-05-25,2020-05-25 23:50:00+00:00,8910.1406501300,631715,2323,34321.4760780254,34055.1891610136,33304.5777612959
2020-05-26,2020-05-26 23:50:00+00:00,8830.0083677100,631836,2322,34363.6826824437,34055.1891610136,33304.5777612959
2020-05-27,2020-05-27 23:50:00+00:00,9178.8408253000,631977,2321,34406.5491973440,34055.1891610136,33304.5777612959
2020-05-28,2020-05-28 23:50:00+00:00,9521.7710264000,632108,2320,34447.3583804889,34055.1891610136,33304.5777612959
2020-05-29,2020-05-29 23:50:00+00:00,9440.8814352100,632234,2319,34486.2873907038,34335.3166483294,33304.5777612959
2020-05-30,2020-05-30 23:50:00+00:00,9696.8079040600,632391,2318,34525.8009236722,34335.3166483294,33304.5777612959
2020-05-31,2020-05-31 23:50:00+00:00,9452.4540850900,632541,2317,34563.9978352775,34335.3166483294,33304.5777612959
2020-06-01,2020-06-01 23:50:00+00:00,10170.4099128000,632673,2316,34603.6907236089,34335.3166483294,34543.1833545279
2020-06-02,2020-06-02 23:50:00+00:00,9532.1893494700,632804,2315,34639.6379741183,34335.3166483294,34543.1833545279
2020-06-03,2020-06-03 23:50:00+00:00,9646.2557319000,632940,2314,34679.1122833799,34335.3166483294,34543.1833545279
2020-06-04,2020-06-04 23:50:00+00:00,9803.7054849900,633092,2313,34718.0644403359,34335.3166483294,34543.1833545279
2020-06-05,2020-06-05 23:50:00+00:00,9667.0231381400,633273,2312,34756.2680826126,34611.0418179436,34543.1833545279
2020-06-06,2020-06-06 23:50:00+00:00,9650.3797516400,633468,2311,34795.3446160972,34611.0418179436,34543.1833545279
2020-06-07,2020-06-07 23:50:00+00:00,9759.6952109900,633628,2310,34834.6367790183,34611.0418179436,34543.1833545279
2020-06-08,2020-06-08 23:50:00+00:00,9770.6585093800,633789,2309,34873.4406041218,34611.0418179436,34543.1833545279
2020-06-09,2020-06-09 23:50:00+00:00,9795.6496154700,633949,2308,34912.3039983045,34611.0418179436,34543.1833545279
2020-06-10,2020-06-10 23:50:00+00:00,9870.7899030300,634113,2307,34951.1496505836,34611.0418179436,34543.1833545279
2020-06-11,2020-06-11 23:50:00+00:00,9324.4758415600,634297,2306,34989.7030615160,34611.0418179436,34543.1833545279
2020-06-12,2020-06-12 23:50:00+00:00,9481.7483892400,634459,2305,35031.5350899790,34883.8036244439,34543.1833545279
2020-06-13,2020-06-13 23:50:00+00:00,9474.7419230200,634620,2304,35072.5539673043,34883.8036244439,34543.1833545279
2020-06-14,2020-06-14 23:50:00+00:00,9386.7878921400,634788,2303,35113.7465183255,34883.8036244439,34543.1833545279
2020-06-15,2020-06-15 23:50:00+00:00,9454.1501582900,634927,2302,35155.6028027413,34883.8036244439,34543.1833545279
2020-06-16,2020-06-16 23:50:00+00:00,9540.6765140400,635078,2301,35197.1868263984,34883.8036244439,34543.1833545279
2020-06-17,2020-06-17 23:50:00+00:00,9483.1526877200,635216,2300,35238.3877173840,34883.8036244439,34543.1833545279
2020-06-18,2020-06-18 23:50:00+00:00,9412.4359738200,635339,2299,35280.0653636231,34883.8036244439,34543.1833545279
2020-06-19,2020-06-19 23:50:00+00:00,9277.0451614900,635482,2298,35322.3082560255,35170.1945827240,34543.1833545279
2020-06-20,2020-06-20 23:50:00+00:00,9335.1793928900,635617,2297,35365.5335840579,35170.1945827240,34543.1833545279
2020-06-21,2020-06-21 23:50:00+00:00,9301.3700444600,635764,2296,35408.5360635337,35170.1945827240,34543.1833545279
2020-06-22,2020-06-22 23:50:00+00:00,9649.2555242000,635906,2295,35451.8940955464,35170.1945827240,34543.1833545279
2020-06-23,2020-06-23 23:50:00+00:00,9628.6940375200,636064,2294,35493.2676546807,35170.1945827240,34543.1833545279
2020-06-24,2020-06-24 23:50:00+00:00,9308.9700216100,636204,2293,35534.8959790922,35170.1945827240,34543.1833545279
2020-06-25,2020-06-25 23:50:00+00:00,9265.1225540200,636345,2292,35578.6284270053,35170.1945827240,34543.1833545279
2020-06-26,2020-06-26 23:50:00+00:00,9165.4640092500,636509,2291,35622.7885597985,35472.0420622421,34543.1833545279
2020-06-27,2020-06-27 23:50:00+00:00,9050.0802128800,636647,2290,35667.7491174615,35472.0420622421,34543.1833545279
2020-06-28,2020-06-28 23:50:00+00:00,9155.7319590600,636797,2289,35713.6378315215,35472.0420622421,34543.1833545279
2020-06-29,2020-06-29 23:50:00+00:00,9200.4380394100,636940,2288,35758.9724293860,35472.0420622421,34543.1833545279
2020-06-30,2020-06-30 23:50:00+00:00,9138.2507814600,637090,2287,35804.1645770117,35472.0420622421,34543.1833545279
2020-07-01,2020-07-01 23:50:00+00:00,9228.1628943800,637251,2286,35849.9266240957,35472.0420622421,35667.8660924044
2020-07-02,2020-07-02 23:50:00+00:00,9123.4101543200,637416,2285,35895.2447861008,35472.0420622421,35667.8660924044
2020-07-03,2020-07-03 23:50:00+00:00,9087.3039110300,637579,2284,35941.4211870579,35786.1486985556,35667.8660924044
2020-07-04,2020-07-04 23:50:00+00:00,9116.0938432200,637736,2283,35988.0042112523,35786.1486985556,35667.8660924044
2020-07-05,2020-07-05 23:50:00+00:00,9075.6229314300,637899,2282,36034.5513761915,35786.1486985556,35667.8660924044
2020-07-06,2020-07-06 23:50:00+00:00,9294.8067885400,638052,2281,36081.5392672924,35786.1486985556,35667.8660924044
2020-07-07,2020-07-07 23:50:00+00:00,9254.8004397400,638211,2280,36127.2037850593,35786.1486985556,35667.8660924044
2020-07-08,2020-07-08 23:50:00+00:00,9425.3694891600,638365,2279,36173.2912851327,35786.1486985556,35667.8660924044
2020-07-09,2020-07-09 23:50:00+00:00,9294.7660354700,638529,2278,36218.4111026731,35786.1486985556,35667.8660924044
2020-07-10,2020-07-10 23:50:00+00:00,9278.8078672000,638688,2277,36264.5444098850,36111.6004057186,35667.8660924044
2020-07-11,2020-07-11 23:50:00+00:00,9240.3463265400,638845,2276,36310.9432759877,36111.6004057186,35667.8660924044
2020-07-12,2020-07-12 23:50:00+00:00,9276.4998501800,638998,2275,36357.7626208936,36111.6004057186,35667.8660924044
2020-07-13,2020-07-13 23:50:00+00:00,9243.6138550900,639143,2274,36404.4983863644,36111.6004057186,35667.8660924044
2020-07-14,2020-07-14 23:50:00+00:00,9243.2134164200,639288,2273,36451.6199303389,36111.6004057186,35667.8660924044
2020-07-15,2020-07-15 23:50:00+00:00,9192.8373678400,639427,2272,36498.9080092737,36111.6004057186,35667.8660924044
2020-07-16,2020-07-16 23:50:00+00:00,9137.2182562100,639561,2271,36546.7094271193,36111.6004057186,35667.8660924044
2020-07-17,2020-07-17 23:50:00+00:00,9149.9429538000,639680,2270,36595.0691372877,36435.8046490336,35667.8660924044
2020-07-18,2020-07-18 23:50:00+00:00,9158.5646274900,639810,2269,36643.5097260877,36435.8046490336,35667.8660924044
2020-07-19,2020-07-19 23:50:00+00:00,9185.4524034200,639942,2268,36692.0605395224,36435.8046490336,35667.8660924044
2020-07-20,2020-07-20 23:50:00+00:00,9177.8644826200,640083,2267,36740.5928681054,36435.8046490336,35667.8660924044
2020-07-21,2020-07-21 23:50:00+00:00,9374.7834592500,640208,2266,36789.3505197285,36435.8046490336,35667.8660924044
2020-07-22,2020-07-22 23:50:00+00:00,9525.3634499700,640351,2265,36836.9097843515,36435.8046490336,35667.8660924044
2020-07-23,2020-07-23 23:50:00+00:00,9579.9797700700,640487,2264,36883.6210745929,36435.8046490336,35667.8660924044
2020-07-24,2020-07-24 23:50:00+00:00,9537.7970762500,640645,2263,36930.1317108349,36774.2732415983,35667.8660924044
2020-07-25,2020-07-25 23:50:00+00:00,9677.1134972900,640790,2262,36977.0801311571,36774.2732415983,35667.8660924044
2020-07-26,2020-07-26 23:50:00+00:00,9906.3451940100,640949,2261,37023.2746606606,36774.2732415983,35667.8660924044
2020-07-27,2020-07-27 23:50:00+00:00,11023.4346460000,641096,2260,37068.1719150825,36774.2732415983,35667.8660924044
2020-07-28,2020-07-28 23:50:00+00:00,10909.9046958000,641243,2259,37106.9818084517,36774.2732415983,35667.8660924044
2020-07-29,2020-07-29 23:50:00+00:00,11098.4100908000,641391,2258,37146.4844067011,36774.2732415983,35667.8660924044
2020-07-30,2020-07-30 23:50:00+00:00,11121.1587554000,641526,2257,37185.1525092848,36774.2732415983,35667.8660924044
2020-07-31,2020-07-31 23:50:00+00:00,11332.4012834000,641679,2256,37223.8223866237,37102.2938107666,35667.8660924044
2020-08-01,2020-08-01 23:50:00+00:00,11766.9595624000,641812,2255,37261.5751379175,37102.2938107666,37084.5503831416
2020-08-02,2020-08-02 23:50:00+00:00,11059.3145305000,641955,2254,37297.4267893407,37102.2938107666,37084.5503831416
2020-08-03,2020-08-03 23:50:00+00:00,11245.5240356000,642117,2253,37336.7437215063,37102.2938107666,37084.5503831416
2020-08-04,2020-08-04 23:50:00+00:00,11207.6483786000,642262,2252,37375.2498984649,37102.2938107666,37084.5503831416
2020-08-05,2020-08-05 23:50:00+00:00,11751.6655847000,642393,2251,37414.0567783580,37102.2938107666,37084.5503831416
2020-08-06,2020-08-06 23:50:00+00:00,11785.1405100000,642548,2250,37450.4040390698,37102.2938107666,37084.5503831416
2020-08-07,2020-08-07 23:50:00+00:00,11595.3530615000,642700,2249,37486.7033814740,37366.1780607885,37084.5503831416
2020-08-08,2020-08-08 23:50:00+00:00,11745.8403294000,642843,2248,37523.9754297663,37366.1780607885,37084.5503831416
2020-08-09,2020-08-09 23:50:00+00:00,11672.4786076000,642999,2247,37560.6611930041,37366.1780607885,37084.5503831416
2020-08-10,2020-08-10 23:50:00+00:00,11872.1227256000,643136,2246,37597.7882925500,37366.1780607885,37084.5503831416
2020-08-11,2020-08-11 23:50:00+00:00,11412.1825511000,643289,2245,37634.1131219066,37366.1780607885,37084.5503831416
2020-08-12,2020-08-12 23:50:00+00:00,11576.8771692000,643444,2244,37672.6875685136,37366.1780607885,37084.5503831416
2020-08-13,2020-08-13 23:50:00+00:00,11796.3961941000,643593,2243,37710.5853129253,37366.1780607885,37084.5503831416
2020-08-14,2020-08-14 23:50:00+00:00,11772.9732991000,643759,2242,37747.5716806992,37626.6946488111,37084.5503831416
2020-08-15,2020-08-15 23:50:00+00:00,11864.5063121000,643917,2241,37784.7712252525,37626.6946488111,37084.5503831416
2020-08-16,2020-08-16 23:50:00+00:00,11895.1527133000,644069,2240,37821.6589883751,37626.6946488111,37084.5503831416
2020-08-17,2020-08-17 23:50:00+00:00,12250.1363960000,644193,2239,37858.5128866129,37626.6946488111,37084.5503831416
2020-08-18,2020-08-18 23:50:00+00:00,11988.7456259000,644332,2238,37893.9085814924,37626.6946488111,37084.5503831416
2020-08-19,2020-08-19 23:50:00+00:00,11758.8645702000,644472,2237,37930.5469143324,37626.6946488111,37084.5503831416
2020-08-20,2020-08-20 23:50:00+00:00,11881.7212215000,644617,2236,37968.3403232370,37626.6946488111,37084.5503831416
2020-08-21,2020-08-21 23:50:00+00:00,11581.8887181000,644773,2235,38005.6747388975,37886.6948273029,37084.5503831416
2020-08-22,2020-08-22 23:50:00+00:00,11689.4073895000,644909,2234,38044.5277502283,37886.6948273029,37084.5503831416
2020-08-23,2020-08-23 23:50:00+00:00,11667.8605615000,645065,2233,38082.9793757272,37886.6948273029,37084.5503831416
2020-08-24,2020-08-24 23:50:00+00:00,11778.4188516000,645215,2232,38121.6462258063,37886.6948273029,37084.5503831416
2020-08-25,2020-08-25 23:50:00+00:00,11375.0539617000,645343,2231,38159.9013537919,37886.6948273029,37084.5503831416
2020-08-26,2020-08-26 23:50:00+00:00,11487.5574841000,645484,2230,38200.2377332002,37886.6948273029,37084.5503831416
2020-08-27,2020-08-27 23:50:00+00:00,11322.8535935000,645613,2229,38240.1309512145,37886.6948273029,37084.5503831416
2020-08-28,2020-08-28 23:50:00+00:00,11539.8349300000,645777,2228,38280.9763421370,38158.3730854098,37084.5503831416
2020-08-29,2020-08-29 23:50:00+00:00,11512.5428548000,645923,2227,38320.8508439675,38158.3730854098,37084.5503831416
2020-08-30,2020-08-30 23:50:00+00:00,11711.5398306000,646048,2226,38360.9802452900,38158.3730854098,37084.5503831416
2020-08-31,2020-08-31 23:50:00+00:00,11685.3448054000,646199,2225,38400.2518051089,38158.3730854098,37084.5503831416
2020-09-01,2020-09-01 23:50:00+00:00,11968.9674207000,646354,2224,38439.7664508042,38158.3730854098,38195.0896776157
2020-09-02,2020-09-02 23:50:00+00:00,11418.0179849000,646498,2223,38478.0475085964,38158.3730854098,38195.0896776157
2020-09-03,2020-09-03 23:50:00+00:00,10238.4577620000,646627,2222,38519.1312486182,38158.3730854098,38195.0896776157
2020-09-04,2020-09-04 23:50:00+00:00,10511.8138807000,646761,2221,38567.0961534127,38437.1835319348,38195.0896776157
2020-09-05,2020-09-05 23:50:00+00:00,10169.5672210000,646902,2220,38613.5181032210,38437.1835319348,38195.0896776157
2020-09-06,2020-09-06 23:50:00+00:00,10280.3517032000,647053,2219,38662.2504444116,38437.1835319348,38195.0896776157
2020-09-07,2020-09-07 23:50:00+00:00,10369.5637386000,647225,2218,38710.4341252682,38437.1835319348,38195.0896776157
2020-09-08,2020-09-08 23:50:00+00:00,10131.5166457000,647382,2217,38758.2146339204,38437.1835319348,38195.0896776157
2020-09-09,2020-09-09 23:50:00+00:00,10242.3477803000,647532,2216,38807.6963669242,38437.1835319348,38195.0896776157
2020-09-10,2020-09-10 23:50:00+00:00,10363.1390401000,647688,2215,38856.6214211179,38437.1835319348,38195.0896776157
2020-09-11,2020-09-11 23:50:00+00:00,10400.9146854000,647828,2214,38904.9363448194,38762.0227359162,38195.0896776157
2020-09-12,2020-09-12 23:50:00+00:00,10442.1706031000,647997,2213,38953.1750958106,38762.0227359162,38195.0896776157
2020-09-13,2020-09-13 23:50:00+00:00,10323.7557975000,648159,2212,39001.3161809011,38762.0227359162,38195.0896776157
2020-09-14,2020-09-14 23:50:00+00:00,10680.8374328000,648333,2211,39050.3776982898,38762.0227359162,38195.0896776157
2020-09-15,2020-09-15 23:50:00+00:00,10796.9509861000,648492,2210,39097.3673508879,38762.0227359162,38195.0896776157
2020-09-16,2020-09-16 23:50:00+00:00,10974.9048915000,648646,2209,39143.8145065832,38762.0227359162,38195.0896776157
2020-09-17,2020-09-17 23:50:00+00:00,10948.9899152000,648823,2208,39189.3697614967,38762.0227359162,38195.0896776157
2020-09-18,2020-09-18 23:50:00+00:00,10944.5858045000,648990,2207,39235.2230270655,39099.4147780408,38195.0896776157
2020-09-19,2020-09-19 23:50:00+00:00,11094.3462761000,649138,2206,39281.2511435129,39099.4147780408,38195.0896776157
2020-09-20,2020-09-20 23:50:00+00:00,10938.2712894000,649281,2205,39326.5641714865,39099.4147780408,38195.0896776157
2020-09-21,2020-09-21 23:50:00+00:00,10462.2596185000,649426,2204,39372.9277240690,39099.4147780408,38195.0896776157
2020-09-22,2020-09-22 23:50:00+00:00,10538.4603213000,649554,2203,39422.3771149406,39099.4147780408,38195.0896776157
2020-09-23,2020-09-23 23:50:00+00:00,10225.8639271000,649696,2202,39471.5069508036,39099.4147780408,38195.0896776157
2020-09-24,2020-09-24 23:50:00+00:00,10745.5486217000,649834,2201,39522.8627529388,39099.4147780408,38195.0896776157
2020-09-25,2020-09-25 23:50:00+00:00,10702.2904910000,650002,2200,39571.0327220382,39421.3544903293,38195.0896776157
2020-09-26,2020-09-26 23:50:00+00:00,10754.4375117000,650152,2199,39619.6327303920,39421.3544903293,38195.0896776157
2020-09-27,2020-09-27 23:50:00+00:00,10774.4267558000,650305,2198,39668.0722922812,39421.3544903293,38195.0896776157
2020-09-28,2020-09-28 23:50:00+00:00,10721.3270409000,650433,2197,39716.5508438919,39421.3544903293,38195.0896776157
2020-09-29,2020-09-29 23:50:00+00:00,10848.8304873000,650574,2196,39765.5233453816,39421.3544903293,38195.0896776157
2020-09-30,2020-09-30 23:50:00+00:00,10787.6178668000,650730,2195,39813.8699041510,39421.3544903293,38195.0896776157
2020-10-01,2020-10-01 23:50:00+00:00,10623.3301247000,650854,2194,39862.7572117025,39421.3544903293,39377.0354541408
2020-10-02,2020-10-02 23:50:00+00:00,10575.9726652104,650991,2193,39912.8508180305,39761.1541036070,39377.0354541408
2020-10-03,2020-10-03 23:50:00+00:00,10549.3288996095,651142,2192,39963.4234681923,39761.1541036070,39377.0354541408
2020-10-04,2020-10-04 23:50:00+00:00,10668.4272919174,651300,2191,40014.3452966609,39761.1541036070,39377.0354541408
2020-10-05,2020-10-05 23:50:00+00:00,10793.3394275097,651440,2190,40064.6680891075,39761.1541036070,39377.0354541408
2020-10-06,2020-10-06 23:50:00+00:00,10604.3729766552,651569,2189,40114.3663023834,39761.1541036070,39377.0354541408
2020-10-07,2020-10-07 23:50:00+00:00,10669.0028923093,651721,2188,40165.4508374797,39761.1541036070,39377.0354541408
2020-10-08,2020-10-08 23:50:00+00:00,10915.6111703496,651882,2187,40216.2900844260,39761.1541036070,39377.0354541408
2020-10-09,2020-10-09 23:50:00+00:00,11064.4575924439,652022,2186,40265.7342544980,40114.8277270321,39377.0354541408
2020-10-10,2020-10-10 23:50:00+00:00,11296.3614282095,652166,2185,40314.4288520051,40114.8277270321,39377.0354541408
2020-10-11,2020-10-11 23:50:00+00:00,11384.2101206740,652306,2184,40361.9020946200,40114.8277270321,39377.0354541408
2020-10-12,2020-10-12 23:50:00+00:00,11555.3523826170,652457,2183,40409.0199451788,40114.8277270321,39377.0354541408
2020-10-13,2020-10-13 23:50:00+00:00,11425.8994006980,652622,2182,40455.3154341397,40114.8277270321,39377.0354541408
2020-10-14,2020-10-14 23:50:00+00:00,11429.5305259496,652772,2181,40502.4971834124,40114.8277270321,39377.0354541408
2020-10-15,2020-10-15 23:50:00+00:00,11495.1362503457,652923,2180,40549.8115799430,40114.8277270321,39377.0354541408
2020-10-16,2020-10-16 23:50:00+00:00,11322.1221002533,653078,2179,40596.9025430096,40455.2688696410,39377.0354541408
2020-10-17,2020-10-17 23:50:00+00:00,11357.5076994191,653234,2178,40645.1546984202,40455.2688696410,39377.0354541408
2020-10-18,2020-10-18 23:50:00+00:00,11483.3474470464,653355,2177,40693.3568616931,40455.2688696410,39377.0354541408
2020-10-19,2020-10-19 23:50:00+00:00,11742.0564640684,653480,2176,40740.9819498837,40455.2688696410,39377.0354541408
2020-10-20,2020-10-20 23:50:00+00:00,11916.3344745158,653622,2175,40787.2950000327,40455.2688696410,39377.0354541408
2020-10-21,2020-10-21 23:50:00+00:00,12823.7216130112,653753,2174,40832.8009494839,40455.2688696410,39377.0354541408
2020-10-22,2020-10-22 23:50:00+00:00,12965.9389109671,653890,2173,40873.8847812645,40455.2688696410,39377.0354541408
2020-10-23,2020-10-23 23:50:00+00:00,12928.4222928933,654020,2172,40914.4300876022,40792.7755939670,39377.0354541408
2020-10-24,2020-10-24 23:50:00+00:00,13112.5183088928,654173,2171,40955.2662904022,40792.7755939670,39377.0354541408
2020-10-25,2020-10-25 23:50:00+00:00,13025.1527261713,654288,2170,40995.3807715704,40792.7755939670,39377.0354541408
2020-10-26,2020-10-26 23:50:00+00:00,13072.2534305089,654401,2169,41036.0081442779,40792.7755939670,39377.0354541408
2020-10-27,2020-10-27 23:50:00+00:00,13638.6134711885,654499,2168,41076.5384225130,40792.7755939670,39377.0354541408
2020-10-28,2020-10-28 23:50:00+00:00,13274.1015514869,654599,2167,41114.7081749595,40792.7755939670,39377.0354541408
2020-10-29,2020-10-29 23:50:00+00:00,13449.3107731720,654705,2166,41154.5586088177,40792.7755939670,39377.0354541408
2020-10-30,2020-10-30 23:50:00+00:00,13567.7510904727,654819,2165,41193.7540431622,41078.3734769689,39377.0354541408
2020-10-31,2020-10-31 23:50:00+00:00,13779.0269455110,654930,2164,41232.5505952142,41078.3734769689,39377.0354541408
2020-11-01,2020-11-01 23:50:00+00:00,13712.1792267537,655055,2163,41270.5663356388,41078.3734769689,40915.1356928184
2020-11-02,2020-11-02 23:50:00+00:00,13558.7595675043,655150,2162,41308.9667541723,41078.3734769689,40915.1356928184
2020-11-03,2020-11-03 23:50:00+00:00,13914.8069211995,655291,2161,41348.1271746972,41078.3734769689,40915.1356928184
2020-11-04,2020-11-04 23:50:00+00:00,14127.4345014326,655451,2160,41385.9017734927,41078.3734769689,40915.1356928184
2020-11-05,2020-11-05 23:50:00+00:00,15556.6606742195,655597,2159,41422.9209033892,41078.3734769689,40915.1356928184
2020-11-06,2020-11-06 23:50:00+00:00,15552.7894262368,655749,2158,41454.8613725084,41349.7089190856,40915.1356928184
2020-11-07,2020-11-07 23:50:00+00:00,14849.0923320695,655897,2157,41486.8935886048,41349.7089190856,40915.1356928184
2020-11-08,2020-11-08 23:50:00+00:00,15486.1287662426,656035,2156,41521.4415267132,41349.7089190856,40915.1356928184
2020-11-09,2020-11-09 23:50:00+00:00,15336.7385976552,656216,2155,41553.8593629642,41349.7089190856,40915.1356928184
2020-11-10,2020-11-10 23:50:00+00:00,15289.7944663241,656365,2154,41586.8630486480,41349.7089190856,40915.1356928184
2020-11-11,2020-11-11 23:50:00+00:00,15693.9068734529,656513,2153,41620.1110004182,41349.7089190856,40915.1356928184
2020-11-12,2020-11-12 23:50:00+00:00,16281.4145119656,656672,2152,41652.0853963181,41349.7089190856,40915.1356928184
2020-11-13,2020-11-13 23:50:00+00:00,16311.5133226392,656812,2151,41682.2814987679,41573.5946509763,40915.1356928184
2020-11-14,2020-11-14 23:50:00+00:00,16075.4527338736,656955,2150,41712.4578469922,41573.5946509763,40915.1356928184
2020-11-15,2020-11-15 23:50:00+00:00,15962.0989515604,657105,2149,41743.4360239254,41573.5946509763,40915.1356928184
2020-11-16,2020-11-16 23:50:00+00:00,16709.6122838794,657265,2148,41774.8480565744,41573.5946509763,40915.1356928184
2020-11-17,2020-11-17 23:50:00+00:00,17667.3815934344,657422,2147,41804.0553821026,41573.5946509763,40915.1356928184
2020-11-18,2020-11-18 23:50:00+00:00,17812.2332367500,657586,2146,41830.6853408641,41573.5946509763,40915.1356928184
2020-11-19,2020-11-19 23:50:00+00:00,17797.5526918571,657726,2145,41856.9981626719,41573.5946509763,40915.1356928184
2020-11-20,2020-11-20 23:50:00+00:00,18624.9127370334,657894,2144,41883.4065902347,41784.3848974594,40915.1356928184
2020-11-21,2020-11-21 23:50:00+00:00,18681.8847398762,658064,2143,41907.8274144102,41784.3848974594,40915.1356928184
2020-11-22,2020-11-22 23:50:00+00:00,18406.8363938575,658239,2142,41932.1651676093,41784.3848974594,40915.1356928184
2020-11-23,2020-11-23 23:50:00+00:00,18340.9509240220,658386,2141,41957.2116361440,41784.3848974594,40915.1356928184
2020-11-24,2020-11-24 23:50:00+00:00,19081.1138092077,658521,2140,41982.4722279953,41784.3848974594,40915.1356928184
2020-11-25,2020-11-25 23:50:00+00:00,18764.4765440494,658676,2139,42006.0421693155,41784.3848974594,40915.1356928184
2020-11-26,2020-11-26 23:50:00+00:00,17106.2907014696,658827,2138,42030.3913672155,41784.3848974594,40915.1356928184
2020-11-27,2020-11-27 23:50:00+00:00,17096.7245330632,658981,2137,42059.0673799644,41954.8735192482,40915.1356928184
2020-11-28,2020-11-28 23:50:00+00:00,17714.0605859970,659134,2136,42087.8365798446,41954.8735192482,40915.1356928184
2020-11-29,2020-11-29 23:50:00+00:00,18147.6364598104,659283,2135,42114.9786766735,41954.8735192482,40915.1356928184
2020-11-30,2020-11-30 23:50:00+00:00,19689.8105449972,659395,2134,42141.0588717187,41954.8735192482,40915.1356928184
2020-12-01,2020-12-01 23:50:00+00:00,18863.7808608613,659550,2133,42163.5984491288,41954.8735192482,42091.2320778849
2020-12-02,2020-12-02 23:50:00+00:00,19196.4370391648,659681,2132,42188.0398405116,41954.8735192482,42091.2320778849
2020-12-03,2020-12-03 23:50:00+00:00,19437.0816585009,659836,2131,42211.7644282989,41954.8735192482,42091.2320778849
2020-12-04,2020-12-04 23:50:00+00:00,18756.3408767156,659981,2130,42234.9979021837,42155.8354216524,42091.2320778849
2020-12-05,2020-12-05 23:50:00+00:00,19137.3706402972,660125,2129,42259.8450975156,42155.8354216524,42091.2320778849
2020-12-06,2020-12-06 23:50:00+00:00,19331.0579199583,660261,2128,42283.8530416268,42155.8354216524,42091.2320778849
2020-12-07,2020-12-07 23:50:00+00:00,19198.3221890773,660410,2127,42307.4703024821,42155.8354216524,42091.2320778849
2020-12-08,2020-12-08 23:50:00+00:00,18327.6948175764,660554,2126,42331.4376745843,42155.8354216524,42091.2320778849
2020-12-09,2020-12-09 23:50:00+00:00,18564.9043662465,660694,2125,42357.5438321927,42155.8354216524,42091.2320778849
2020-12-10,2020-12-10 23:50:00+00:00,18272.7162435610,660821,2124,42383.1172215139,42155.8354216524,42091.2320778849
2020-12-11,2020-12-11 23:50:00+00:00,18079.3121332072,660963,2123,42409.4753292299,42329.5468514561,42091.2320778849
2020-12-12,2020-12-12 23:50:00+00:00,18799.9244382663,661095,2122,42436.3879598574,42329.5468514561,42091.2320778849
2020-12-13,2020-12-13 23:50:00+00:00,19148.6934562713,661251,2121,42461.5578691117,42329.5468514561,42091.2320778849
2020-12-14,2020-12-14 23:50:00+00:00,19246.4783873027,661394,2120,42485.9565322300,42329.5468514561,42091.2320778849
2020-12-15,2020-12-15 23:50:00+00:00,19423.8174165751,661535,2119,42510.1800427828,42329.5468514561,42091.2320778849
2020-12-16,2020-12-16 23:50:00+00:00,21344.9612812471,661675,2118,42534.0489038309,42329.5468514561,42091.2320778849
2020-12-17,2020-12-17 23:50:00+00:00,22790.8065382764,661808,2117,42554.0032016337,42329.5468514561,42091.2320778849
2020-12-18,2020-12-18 23:50:00+00:00,23078.7639555841,661965,2116,42571.4493784892,42517.7651503503,42091.2320778849
2020-12-19,2020-12-19 23:50:00+00:00,23851.2425140760,662122,2115,42588.4568856146,42517.7651503503,42091.2320778849
2020-12-20,2020-12-20 23:50:00+00:00,23549.7811233669,662274,2114,42604.2891253570,42517.7651503503,42091.2320778849
2020-12-21,2020-12-21 23:50:00+00:00,22875.4556997310,662409,2113,42620.6095338157,42517.7651503503,42091.2320778849
2020-12-22,2020-12-22 23:50:00+00:00,23758.9336281691,662551,2112,42638.0353865353,42517.7651503503,42091.2320778849
2020-12-23,2020-12-23 23:50:00+00:00,23279.5492931020,662707,2111,42654.0909976623,42517.7651503503,42091.2320778849
2020-12-24,2020-12-24 23:50:00+00:00,23764.7534048731,662832,2110,42670.9218628195,42517.7651503503,42091.2320778849
2020-12-25,2020-12-25 23:50:00+00:00,24688.2115203339,662976,2109,42687.0242220742,42636.6804797178,42091.2320778849
2020-12-26,2020-12-26 23:50:00+00:00,26440.2487002033,663114,2108,42701.7924955966,42636.6804797178,42091.2320778849
2020-12-27,2020-12-27 23:50:00+00:00,26388.1494556721,663260,2107,42714.2607195897,42636.6804797178,42091.2320778849
2020-12-28,2020-12-28 23:50:00+00:00,27098.9527539284,663421,2106,42726.8128067966,42636.6804797178,42091.2320778849
2020-12-29,2020-12-29 23:50:00+00:00,27324.9881064342,663572,2105,42738.5216610797,42636.6804797178,42091.2320778849
2020-12-30,2020-12-30 23:50:00+00:00,28827.0079735798,663745,2104,42749.9829230867,42636.6804797178,42091.2320778849
2020-12-31,2020-12-31 23:50:00+00:00,28988.6424935310,663911,2103,42759.8033168030,42636.6804797178,42091.2320778849
2021-01-01,2021-01-01 23:50:00+00:00,29354.3104926801,664059,2102,42769.4692507057,42739.9102328506,42844.8891831066
2021-01-02,2021-01-02 23:50:00+00:00,32031.6197124808,664211,2101,42778.7744615719,42739.9102328506,42844.8891831066
2021-01-03,2021-01-03 23:50:00+00:00,32939.0574716838,664370,2100,42785.6103196763,42739.9102328506,42844.8891831066
2021-01-04,2021-01-04 23:50:00+00:00,31930.8394060544,664541,2099,42791.7045686964,42739.9102328506,42844.8891831066
2021-01-05,2021-01-05 23:50:00+00:00,34070.2003318098,664698,2098,42798.6432765853,42739.9102328506,42844.8891831066
2021-01-06,2021-01-06 23:50:00+00:00,36850.1471535034,664877,2097,42803.8726146954,42739.9102328506,42844.8891831066
2021-01-07,2021-01-07 23:50:00+00:00,39241.9363740178,665044,2096,42807.1723176122,42739.9102328506,42844.8891831066
2021-01-08,2021-01-08 23:50:00+00:00,40771.7594640279,665192,2095,42809.0287929952,42804.9739592893,42844.8891831066
2021-01-09,2021-01-09 23:50:00+00:00,40388.8736375231,665332,2094,42810.0503392942,42804.9739592893,42844.8891831066
2021-01-10,2021-01-10 23:50:00+00:00,38474.2960692984,665490,2093,42811.2765177850,42804.9739592893,42844.8891831066
2021-01-11,2021-01-11 23:50:00+00:00,35603.3637737794,665645,2092,42813.5834598118,42804.9739592893,42844.8891831066
2021-01-12,2021-01-12 23:50:00+00:00,33879.4514297691,665792,2091,42817.7303933594,42804.9739592893,42844.8891831066
2021-01-13,2021-01-13 23:50:00+00:00,37320.8081008498,665944,2090,42823.1360657002,42804.9739592893,42844.8891831066
2021-01-14,2021-01-14 23:50:00+00:00,39192.5632280153,666090,2089,42826.1585643438,42804.9739592893,42844.8891831066
2021-01-15,2021-01-15 23:50:00+00:00,36732.7629254802,666247,2088,42828.0602152823,42812.1143048764,42844.8891831066
2021-01-16,2021-01-16 23:50:00+00:00,36206.7434167146,666394,2087,42831.4657223361,42812.1143048764,42844.8891831066
2021-01-17,2021-01-17 23:50:00+00:00,35774.0233685713,666526,2086,42835.2229277659,42812.1143048764,42844.8891831066
2021-01-18,2021-01-18 23:50:00+00:00,36642.5318946764,666669,2085,42839.2784500033,42812.1143048764,42844.8891831066
2021-01-19,2021-01-19 23:50:00+00:00,36072.6345567260,666819,2084,42842.7550757009,42812.1143048764,42844.8891831066
2021-01-20,2021-01-20 23:50:00+00:00,35553.5508096463,666962,2083,42846.6155955617,42812.1143048764,42844.8891831066
2021-01-21,2021-01-21 23:50:00+00:00,30818.5990085871,667091,2082,42850.8374735621,42812.1143048764,42844.8891831066
2021-01-22,2021-01-22 23:50:00+00:00,33004.7233300404,667232,2081,42858.8783290887,42835.9043533015,42844.8891831066
2021-01-23,2021-01-23 23:50:00+00:00,32057.5712738143,667386,2080,42865.0312750742,42835.9043533015,42844.8891831066
2021-01-24,2021-01-24 23:50:00+00:00,32293.2701468078,667526,2079,42871.9833125733,42835.9043533015,42844.8891831066
2021-01-25,2021-01-25 23:50:00+00:00,32368.1149983009,667667,2078,42878.7428552884,42835.9043533015,42844.8891831066
2021-01-26,2021-01-26 23:50:00+00:00,32571.3216857644,667828,2077,42885.4476379139,42835.9043533015,42844.8891831066
2021-01-27,2021-01-27 23:50:00+00:00,30438.3670042094,667968,2076,42891.9901705445,42835.9043533015,42844.8891831066
2021-01-28,2021-01-28 23:50:00+00:00,33459.3512520692,668115,2075,42900.4491527080,42835.9043533015,42844.8891831066
2021-01-29,2021-01-29 23:50:00+00:00,34318.5281998321,668264,2074,42906.2865218980,42878.9091476630,42844.8891831066
2021-01-30,2021-01-30 23:50:00+00:00,34258.1229059642,668402,2073,42911.4664676808,42878.9091476630,42844.8891831066
2021-01-31,2021-01-31 23:50:00+00:00,33108.2966512959,668546,2072,42916.6983375822,42878.9091476630,42844.8891831066
2021-02-01,2021-02-01 23:50:00+00:00,33543.8597435008,668666,2071,42922.8383569267,42878.9091476630,43132.1728544022
2021-02-02,2021-02-02 23:50:00+00:00,35524.1199522732,668818,2070,42928.6369050437,42878.9091476630,43132.1728544022
2021-02-03,2021-02-03 23:50:00+00:00,37451.3674729163,668967,2069,42932.9620808611,42878.9091476630,43132.1728544022
2021-02-04,2021-02-04 23:50:00+00:00,36924.7420058599,669127,2068,42936.0009380549,42878.9091476630,43132.1728544022
2021-02-05,2021-02-05 23:50:00+00:00,38123.1535401471,669298,2067,42939.3828577234,42915.0736579643,43132.1728544022
2021-02-06,2021-02-06 23:50:00+00:00,39271.9967681832,669456,2066,42942.0087105268,42915.0736579643,43132.1728544022
2021-02-07,2021-02-07 23:50:00+00:00,38904.2141493887,669611,2065,42943.9521295439,42915.0736579643,43132.1728544022
2021-02-08,2021-02-08 23:50:00+00:00,45981.8645896845,669775,2064,42946.1127113611,42915.0736579643,43132.1728544022
2021-02-09,2021-02-09 23:50:00+00:00,46506.1348090774,669916,2063,42944.7383832569,42915.0736579643,43132.1728544022
2021-02-10,2021-02-10 23:50:00+00:00,44886.3810996796,670061,2062,42943.1435501442,42915.0736579643,43132.1728544022
2021-02-11,2021-02-11 23:50:00+00:00,47812.5353338969,670189,2061,42942.2415262958,42915.0736579643,43132.1728544022
2021-02-12,2021-02-12 23:50:00+00:00,47482.8613524091,670331,2060,42940.1182358597,42933.3670265384,43132.1728544022
2021-02-13,2021-02-13 23:50:00+00:00,47067.9391352625,670488,2059,42938.1231205219,42933.3670265384,43132.1728544022
2021-02-14,2021-02-14 23:50:00+00:00,48747.4524415548,670637,2058,42936.2925574717,42933.3670265384,43132.1728544022
2021-02-15,2021-02-15 23:50:00+00:00,47984.9547536791,670788,2057,42933.8044107749,42933.3670265384,43132.1728544022
2021-02-16,2021-02-16 23:50:00+00:00,49175.9005159218,670908,2056,42931.6063523408,42933.3670265384,43132.1728544022
2021-02-17,2021-02-17 23:50:00+00:00,52138.0449876849,671048,2055,42928.9537661115,42933.3670265384,43132.1728544022
2021-02-18,2021-02-18 23:50:00+00:00,51649.5754362938,671185,2054,42925.2625068218,42933.3670265384,43132.1728544022
2021-02-19,2021-02-19 23:50:00+00:00,55776.1888125134,671337,2053,42921.7310592875,42919.3797760412,43132.1728544022
2021-02-20,2021-02-20 23:50:00+00:00,56134.5441520291,671482,2052,42916.9109595545,42919.3797760412,43132.1728544022
2021-02-21,2021-02-21 23:50:00+00:00,57487.0380740846,671625,2051,42911.9844828451,42919.3797760412,43132.1728544022
2021-02-22,2021-02-22 23:50:00+00:00,54092.6887998871,671758,2050,42906.6779451101,42919.3797760412,43132.1728544022
2021-02-23,2021-02-23 23:50:00+00:00,48548.9572135791,671884,2049,42902.3480660062,42919.3797760412,43132.1728544022
2021-02-24,2021-02-24 23:50:00+00:00,49652.0100317287,672043,2048,42899.9117463578,42919.3797760412,43132.1728544022
2021-02-25,2021-02-25 23:50:00+00:00,47209.5440687305,672198,2047,42897.0619644402,42919.3797760412,43132.1728544022
2021-02-26,2021-02-26 23:50:00+00:00,46243.9520541050,672338,2046,42895.1468266368,42885.6410528081,43132.1728544022
2021-02-27,2021-02-27 23:50:00+00:00,46319.6963936109,672495,2045,42893.6279083372,42885.6410528081,43132.1728544022
2021-02-28,2021-02-28 23:50:00+00:00,45119.1256976819,672626,2044,42892.0757839985,42885.6410528081,43132.1728544022
2021-03-01,2021-03-01 23:50:00+00:00,49768.1603501215,672755,2043,42891.0395269900,42885.6410528081,43314.2481576173
2021-03-02,2021-03-02 23:50:00+00:00,48401.7329785249,672897,2042,42888.1372656733,42885.6410528081,43314.2481576173
2021-03-03,2021-03-03 23:50:00+00:00,50698.5683352480,673051,2041,42885.7437077166,42885.6410528081,43314.2481576173
2021-03-04,2021-03-04 23:50:00+00:00,48515.7702137772,673179,2040,42882.5043243117,42885.6410528081,43314.2481576173
2021-03-05,2021-03-05 23:50:00+00:00,48915.7895945687,673328,2039,42880.0624938694,42874.9778657635,43314.2481576173
2021-03-06,2021-03-06 23:50:00+00:00,48905.8798703098,673481,2038,42877.4664892339,42874.9778657635,43314.2481576173
2021-03-07,2021-03-07 23:50:00+00:00,51282.1136986560,673625,2037,42874.8719887514,42874.9778657635,43314.2481576173
2021-03-08,2021-03-08 23:50:00+00:00,52307.8607131832,673780,2036,42871.4199337184,42874.9778657635,43314.2481576173
2021-03-09,2021-03-09 23:50:00+00:00,54696.8218222056,673922,2035,42867.6197357964,42874.9778657635,43314.2481576173
2021-03-10,2021-03-10 23:50:00+00:00,56128.7672274550,674071,2034,42863.0622470462,42874.9778657635,43314.2481576173
2021-03-11,2021-03-11 23:50:00+00:00,57800.3667141908,674203,2033,42858.0798290252,42874.9778657635,43314.2481576173
2021-03-12,2021-03-12 23:50:00+00:00,57372.3295128343,674353,2032,42852.6280250238,42856.7903708030,43314.2481576173
2021-03-13,2021-03-13 23:50:00+00:00,61217.0508798956,674495,2031,42847.2889179788,42856.7903708030,43314.2481576173
2021-03-14,2021-03-14 23:50:00+00:00,59728.5939289337,674653,2030,42840.9561402954,42856.7903708030,43314.2481576173
2021-03-15,2021-03-15 23:50:00+00:00,55813.8936028549,674800,2029,42834.9871179051,42856.7903708030,43314.2481576173
2021-03-16,2021-03-16 23:50:00+00:00,56488.6224704007,674950,2028,42830.0760416457,42856.7903708030,43314.2481576173
2021-03-17,2021-03-17 23:50:00+00:00,58748.9235428563,675085,2027,42824.9676193270,42856.7903708030,43314.2481576173
2021-03-18,2021-03-18 23:50:00+00:00,57887.8812431903,675238,2026,42819.2389921781,42856.7903708030,43314.2481576173
2021-03-19,2021-03-19 23:50:00+00:00,58374.2068639123,675384,2025,42813.7354213320,42819.4332321939,43314.2481576173
2021-03-20,2021-03-20 23:50:00+00:00,58443.5214344648,675539,2024,42808.0975238145,42819.4332321939,43314.2481576173
2021-03-21,2021-03-21 23:50:00+00:00,57521.4567131999,675696,2023,42802.4371397466,42819.4332321939,43314.2481576173
2021-03-22,2021-03-22 23:50:00+00:00,54608.2591492133,675847,2022,42797.0211055649,42819.4332321939,43314.2481576173
2021-03-23,2021-03-23 23:50:00+00:00,54888.8553703070,676005,2021,42792.4413970057,42819.4332321939,43314.2481576173
2021-03-24,2021-03-24 23:50:00+00:00,52774.2636904924,676156,2020,42787.7732902063,42819.4332321939,43314.2481576173
2021-03-25,2021-03-25 23:50:00+00:00,51704.1619251988,676314,2019,42783.7633917870,42819.4332321939,43314.2481576173
2021-03-26,2021-03-26 23:50:00+00:00,55137.3137257793,676449,2018,42780.1059329390,42779.9888165651,43314.2481576173
2021-03-27,2021-03-27 23:50:00+00:00,56067.9455484747,676606,2017,42775.3529916470,42779.9888165651,43314.2481576173
2021-03-28,2021-03-28 23:50:00+00:00,55991.2011964778,676766,2016,42770.3232340559,42779.9888165651,43314.2481576173
2021-03-29,2021-03-29 23:50:00+00:00,57769.1401206630,676919,2015,42765.3118567186,42779.9888165651,43314.2481576173
2021-03-30,2021-03-30 23:50:00+00:00,58937.6388868143,677063,2014,42759.7976587172,42779.9888165651,43314.2481576173
2021-03-31,2021-03-31 23:50:00+00:00,58954.4970081497,677220,2013,42753.9677670323,42779.9888165651,43314.2481576173
2021-04-01,2021-04-01 23:50:00+00:00,59118.9740776880,677366,2012,42748.1292654588,42779.9888165651,43230.5747085574
2021-04-02,2021-04-02 23:50:00+00:00,59392.1494811252,677506,2011,42742.2436830079,42746.7236878472,43230.5747085574
2021-04-03,2021-04-03 23:50:00+00:00,57642.9709581908,677638,2010,42736.2831729059,42746.7236878472,43230.5747085574
2021-04-04,2021-04-04 23:50:00+00:00,58752.8065941548,677783,2009,42730.7827547041,42746.7236878472,43230.5747085574
2021-04-05,2021-04-05 23:50:00+00:00,58898.7658983339,677939,2008,42724.9803646579,42746.7236878472,43230.5747085574
2021-04-06,2021-04-06 23:50:00+00:00,58243.4539402529,678083,2007,42719.1354178001,42746.7236878472,43230.5747085574
2021-04-07,2021-04-07 23:50:00+00:00,56219.3962988062,678240,2006,42713.4599815821,42746.7236878472,43230.5747085574
2021-04-08,2021-04-08 23:50:00+00:00,58321.1071354466,678375,2005,42708.3427289015,42746.7236878472,43230.5747085574
2021-04-09,2021-04-09 23:50:00+00:00,58245.0030010835,678526,2004,42702.6383148971,42705.0211092208,43230.5747085574
2021-04-10,2021-04-10 23:50:00+00:00,59793.2354100938,678684,2003,42696.9501218404,42705.0211092208,43230.5747085574
2021-04-11,2021-04-11 23:50:00+00:00,60226.4236096343,678827,2002,42690.8530619283,42705.0211092208,43230.5747085574
2021-04-12,2021-04-12 23:50:00+00:00,59915.4644652315,678972,2001,42684.6421212345,42705.0211092208,43230.5747085574
2021-04-13,2021-04-13 23:50:00+00:00,63603.7081723369,679115,2000,42678.5052603372,42705.0211092208,43230.5747085574
2021-04-14,2021-04-14 23:50:00+00:00,62922.2131802291,679248,1999,42671.4824299698,42705.0211092208,43230.5747085574
2021-04-15,2021-04-15 23:50:00+00:00,63285.5672706734,679421,1998,42664.6100208414,42705.0211092208,43230.5747085574
2021-04-16,2021-04-16 23:50:00+00:00,61611.9968058427,679524,1997,42657.6498002458,42665.2195772617,43230.5747085574
2021-04-17,2021-04-17 23:50:00+00:00,60803.8465316362,679614,1996,42651.0760530502,42665.2195772617,43230.5747085574
2021-04-18,2021-04-18 23:50:00+00:00,56163.1054032771,679740,1995,42644.6943885473,42665.2195772617,43230.5747085574
2021-04-19,2021-04-19 23:50:00+00:00,55657.8392317476,679837,1994,42639.5472961470,42665.2195772617,43230.5747085574
2021-04-20,2021-04-20 23:50:00+00:00,56379.2124771625,679964,1993,42634.5437030466,42665.2195772617,43230.5747085574
2021-04-21,2021-04-21 23:50:00+00:00,53861.4369594757,680065,1992,42629.3265399836,42665.2195772617,43230.5747085574
2021-04-22,2021-04-22 23:50:00+00:00,51826.8935437270,680209,1991,42624.8620160589,42665.2195772617,43230.5747085574
2021-04-23,2021-04-23 23:50:00+00:00,51027.7333278617,680343,1990,42621.0592491947,42619.2330266995,43230.5747085574
2021-04-24,2021-04-24 23:50:00+00:00,50020.1534214591,680486,1989,42617.5292759130,42619.2330266995,43230.5747085574
2021-04-25,2021-04-25 23:50:00+00:00,49039.8623414981,680630,1988,42614.3569321744,42619.2330266995,43230.5747085574
2021-04-26,2021-04-26 23:50:00+00:00,54006.2520126260,680744,1987,42611.5470540322,42619.2330266995,43230.5747085574
2021-04-27,2021-04-27 23:50:00+00:00,54981.4799948714,680886,1986,42607.0205702616,42619.2330266995,43230.5747085574
2021-04-28,2021-04-28 23:50:00+00:00,54793.3945298051,681028,1985,42602.1901910600,42619.2330266995,43230.5747085574
2021-04-29,2021-04-29 23:50:00+00:00,53558.6620690632,681149,1984,42597.4131391304,42619.2330266995,43230.5747085574
2021-04-30,2021-04-30 23:50:00+00:00,57775.2781515528,681295,1983,42593.0172572598,42594.5187649082,43230.5747085574
2021-05-01,2021-05-01 23:50:00+00:00,57811.5175275939,681433,1982,42587.3708579932,42594.5187649082,43055.2530906812
2021-05-02,2021-05-02 23:50:00+00:00,56613.2026484786,681617,1981,42581.7103264426,42594.5187649082,43055.2530906812
2021-05-03,2021-05-03 23:50:00+00:00,57200.2912228916,681795,1980,42576.3807868834,42594.5187649082,43055.2530906812
2021-05-04,2021-05-04 23:50:00+00:00,53333.5377527430,681975,1979,42570.8811739557,42594.5187649082,43055.2530906812
2021-05-05,2021-05-05 23:50:00+00:00,57424.0059481338,682133,1978,42566.5384608687,42594.5187649082,43055.2530906812
2021-05-06,2021-05-06 23:50:00+00:00,56485.7012969462,682302,1977,42560.9684488179,42594.5187649082,43055.2530906812
2021-05-07,2021-05-07 23:50:00+00:00,57369.5579987357,682475,1976,42555.6593754078,42555.0079767969,43055.2530906812
2021-05-08,2021-05-08 23:50:00+00:00,58766.5848746697,682647,1975,42550.0962184792,42555.0079767969,43055.2530906812
2021-05-09,2021-05-09 23:50:00+00:00,58218.5660767975,682832,1974,42544.1489292260,42555.0079767969,43055.2530906812
2021-05-10,2021-05-10 23:50:00+00:00,55824.8616666640,683012,1973,42538.3441809448,42555.0079767969,43055.2530906812
2021-05-11,2021-05-11 23:50:00+00:00,56714.0889102323,683185,1972,42533.2107849715,42555.0079767969,43055.2530906812
2021-05-12,2021-05-12 23:50:00+00:00,49916.4944991351,683354,1971,42527.8156959175,42555.0079767969,43055.2530906812
2021-05-13,2021-05-13 23:50:00+00:00,49729.3025003253,683517,1970,42524.6205041426,42555.0079767969,43055.2530906812
2021-05-14,2021-05-14 23:50:00+00:00,49873.6863924086,683652,1969,42521.4917947566,42516.0755905771,43055.2530906812
2021-05-15,2021-05-15 23:50:00+00:00,46803.8305224837,683772,1968,42518.3068904249,42516.0755905771,43055.2530906812
2021-05-16,2021-05-16 23:50:00+00:00,46406.3315441962,683905,1967,42516.3277624266,42516.0755905771,43055.2530906812
2021-05-17,2021-05-17 23:50:00+00:00,43382.1478591669,684028,1966,42514.5150600621,42516.0755905771,43055.2530906812
2021-05-18,2021-05-18 23:50:00+00:00,42985.8430963998,684128,1965,42514.0823518218,42516.0755905771,43055.2530906812
2021-05-19,2021-05-19 23:50:00+00:00,37151.9539355256,684253,1964,42513.8447852939,42516.0755905771,43055.2530906812
2021-05-20,2021-05-20 23:50:00+00:00,40512.1110801566,684365,1963,42516.9707086374,42516.0755905771,43055.2530906812
2021-05-21,2021-05-21 23:50:00+00:00,37273.4423549615,684475,1962,42518.0431495193,42493.7663777321,43055.2530906812
2021-05-22,2021-05-22 23:50:00+00:00,37645.7221468565,684588,1961,42521.0941323967,42493.7663777321,43055.2530906812
2021-05-23,2021-05-23 23:50:00+00:00,34888.6783128068,684710,1960,42523.9038921122,42493.7663777321,43055.2530906812
2021-05-24,2021-05-24 23:50:00+00:00,38669.0184494052,684836,1959,42528.6548870330,42493.7663777321,43055.2530906812
2021-05-25,2021-05-25 23:50:00+00:00,38211.7855219048,684958,1958,42530.8229622659,42493.7663777321,43055.2530906812
2021-05-26,2021-05-26 23:50:00+00:00,39266.3553511109,685081,1957,42533.2795239966,42493.7663777321,43055.2530906812
2021-05-27,2021-05-27 23:50:00+00:00,38530.1395731867,685198,1956,42535.0887672210,42493.7663777321,43055.2530906812
2021-05-28,2021-05-28 23:50:00+00:00,35690.7435565341,685317,1955,42537.3503896462,42515.0322126351,43055.2530906812
2021-05-29,2021-05-29 23:50:00+00:00,34613.0638532581,685432,1954,42541.5268494604,42515.0322126351,43055.2530906812
2021-05-30,2021-05-30 23:50:00+00:00,35639.9814545637,685577,1953,42546.5169664733,42515.0322126351,43055.2530906812
2021-05-31,2021-05-31 23:50:00+00:00,37317.2767973899,685718,1952,42550.7412211763,42515.0322126351,43055.2530906812
2021-06-01,2021-06-01 23:50:00+00:00,36642.3295918503,685859,1951,42553.8000868926,42515.0322126351,42886.8411956096
2021-06-02,2021-06-02 23:50:00+00:00,37659.8070952697,686026,1950,42557.3209741524,42515.0322126351,42886.8411956096
2021-06-03,2021-06-03 23:50:00+00:00,39173.7932921505,686173,1949,42560.1607823279,42515.0322126351,42886.8411956096
2021-06-04,2021-06-04 23:50:00+00:00,36975.0065685056,686301,1948,42562.0495217234,42544.1888769940,42886.8411956096
2021-06-05,2021-06-05 23:50:00+00:00,35533.7465875977,686434,1947,42565.3529435786,42544.1888769940,42886.8411956096
2021-06-06,2021-06-06 23:50:00+00:00,35797.4223899317,686584,1946,42569.6817794224,42544.1888769940,42886.8411956096
2021-06-07,2021-06-07 23:50:00+00:00,33577.6942252335,686717,1945,42573.8227759861,42544.1888769940,42886.8411956096
2021-06-08,2021-06-08 23:50:00+00:00,33452.0022549023,686865,1944,42579.6910586965,42544.1888769940,42886.8411956096
2021-06-09,2021-06-09 23:50:00+00:00,37290.9917761784,686993,1943,42585.6714473129,42544.1888769940,42886.8411956096
2021-06-10,2021-06-10 23:50:00+00:00,36744.7393084557,687110,1942,42588.7851832797,42544.1888769940,42886.8411956096
2021-06-11,2021-06-11 23:50:00+00:00,37242.8869133659,687215,1941,42592.2751698042,42567.2517810003,42886.8411956096
2021-06-12,2021-06-12 23:50:00+00:00,35512.9001145289,687346,1940,42595.4288819240,42567.2517810003,42886.8411956096
2021-06-13,2021-06-13 23:50:00+00:00,39019.8874209246,687478,1939,42599.8104752379,42567.2517810003,42886.8411956096
2021-06-14,2021-06-14 23:50:00+00:00,40536.0961867031,687615,1938,42601.8272719962,42567.2517810003,42886.8411956096
2021-06-15,2021-06-15 23:50:00+00:00,40239.1880627208,687745,1937,42602.9481075418,42567.2517810003,42886.8411956096
2021-06-16,2021-06-16 23:50:00+00:00,38287.5259240971,687867,1936,42604.2408191726,42567.2517810003,42886.8411956096
2021-06-17,2021-06-17 23:50:00+00:00,38109.1970806497,687997,1935,42606.7233418754,42567.2517810003,42886.8411956096
2021-06-18,2021-06-18 23:50:00+00:00,35713.8437778878,688123,1934,42609.3234540090,42589.2326327330,42886.8411956096
2021-06-19,2021-06-19 23:50:00+00:00,35668.6958768699,688225,1933,42613.5798698810,42589.2326327330,42886.8411956096
2021-06-20,2021-06-20 23:50:00+00:00,35704.6208578876,688330,1932,42617.8748626063,42589.2326327330,42886.8411956096
2021-06-21,2021-06-21 23:50:00+00:00,31586.7545269988,688436,1931,42622.1486326794,42589.2326327330,42886.8411956096
2021-06-22,2021-06-22 23:50:00+00:00,32477.4211309903,688527,1930,42629.8654726747,42589.2326327330,42886.8411956096
2021-06-23,2021-06-23 23:50:00+00:00,33652.9241546368,688627,1929,42636.7748864157,42589.2326327330,42886.8411956096
2021-06-24,2021-06-24 23:50:00+00:00,34629.9910446399,688732,1928,42642.6793055017,42589.2326327330,42886.8411956096
2021-06-25,2021-06-25 23:50:00+00:00,31670.6725443713,688843,1927,42647.8001405539,42618.9598622000,42886.8411956096
2021-06-26,2021-06-26 23:50:00+00:00,31982.5700317642,688930,1926,42655.4764052257,42618.9598622000,42886.8411956096
2021-06-27,2021-06-27 23:50:00+00:00,34607.2889731348,688990,1925,42662.8722654905,42618.9598622000,42886.8411956096
2021-06-28,2021-06-28 23:50:00+00:00,34408.6460923669,689077,1924,42668.0343722452,42618.9598622000,42886.8411956096
2021-06-29,2021-06-29 23:50:00+00:00,35900.1543344789,689167,1923,42673.3610676688,42618.9598622000,42886.8411956096
2021-06-30,2021-06-30 23:50:00+00:00,35024.6068287885,689256,1922,42677.5503932755,42618.9598622000,42886.8411956096
2021-07-01,2021-07-01 23:50:00+00:00,33568.5864306147,689352,1921,42682.4052538498,42618.9598622000,43001.3443521942
2021-07-02,2021-07-02 23:50:00+00:00,33933.6014840779,689442,1920,42688.4416315979,42672.6019077499,43001.3443521942
2021-07-03,2021-07-03 23:50:00+00:00,34674.5324661941,689568,1919,42694.1816328120,42672.6019077499,43001.3443521942
2021-07-04,2021-07-04 23:50:00+00:00,35285.0965662806,689684,1918,42699.3305655576,42672.6019077499,43001.3443521942
2021-07-05,2021-07-05 23:50:00+00:00,33821.8091172224,689815,1917,42704.0113812124,42672.6019077499,43001.3443521942
2021-07-06,2021-07-06 23:50:00+00:00,34158.9212238135,689957,1916,42709.8654324977,42672.6019077499,43001.3443521942
2021-07-07,2021-07-07 23:50:00+00:00,33850.9140907792,690080,1915,42715.4491845547,42672.6019077499,43001.3443521942
2021-07-08,2021-07-08 23:50:00+00:00,32847.3967899128,690220,1914,42721.2942318645,42672.6019077499,43001.3443521942
2021-07-09,2021-07-09 23:50:00+00:00,33878.2368619327,690349,1913,42728.0082936658,42712.7475815603,43001.3443521942
2021-07-10,2021-07-10 23:50:00+00:00,33517.8733400940,690511,1912,42733.8467139368,42712.7475815603,43001.3443521942
2021-07-11,2021-07-11 23:50:00+00:00,34242.6725066981,690637,1911,42739.9961961258,42712.7475815603,43001.3443521942
2021-07-12,2021-07-12 23:50:00+00:00,33186.3768449809,690760,1910,42745.5497635603,42712.7475815603,43001.3443521942
2021-07-13,2021-07-13 23:50:00+00:00,32616.0209110282,690898,1909,42752.0005251404,42712.7475815603,43001.3443521942
2021-07-14,2021-07-14 23:50:00+00:00,32808.3151865427,691066,1908,42758.9649228616,42712.7475815603,43001.3443521942
2021-07-15,2021-07-15 23:50:00+00:00,31671.4430537093,691196,1907,42765.7665540440,42712.7475815603,43001.3443521942
2021-07-16,2021-07-16 23:50:00+00:00,31426.8994786954,691347,1906,42773.6277054784,42753.5862529760,43001.3443521942
2021-07-17,2021-07-17 23:50:00+00:00,31548.9229576133,691490,1905,42781.7360564784,42753.5862529760,43001.3443521942
2021-07-18,2021-07-18 23:50:00+00:00,31814.3482784059,691633,1904,42789.7376534898,42753.5862529760,43001.3443521942
2021-07-19,2021-07-19 23:50:00+00:00,30834.3683902332,691802,1903,42797.4961305197,42753.5862529760,43001.3443521942
2021-07-20,2021-07-20 23:50:00+00:00,29783.0114171061,691926,1902,42806.2279777902,42753.5862529760,43001.3443521942
2021-07-21,2021-07-21 23:50:00+00:00,32131.6354868829,692071,1901,42816.0765756830,42753.5862529760,43001.3443521942
2021-07-22,2021-07-22 23:50:00+00:00,32328.2098380500,692221,1900,42823.5711722153,42753.5862529760,43001.3443521942
2021-07-23,2021-07-23 23:50:00+00:00,33498.8224981856,692357,1899,42830.8934787874,42810.3120810198,43001.3443521942
2021-07-24,2021-07-24 23:50:00+00:00,34265.5562447420,692511,1898,42837.1809088334,42810.3120810198,43001.3443521942
2021-07-25,2021-07-25 23:50:00+00:00,35242.6443568511,692665,1897,42842.8304891124,42810.3120810198,43001.3443521942
2021-07-26,2021-07-26 23:50:00+00:00,37401.1887499893,692815,1896,42847.7040339236,42810.3120810198,43001.3443521942
2021-07-27,2021-07-27 23:50:00+00:00,39315.1322549214,692985,1895,42850.9969831713,42810.3120810198,43001.3443521942
2021-07-28,2021-07-28 23:50:00+00:00,40021.2728855842,693142,1894,42853.0318569708,42810.3120810198,43001.3443521942
2021-07-29,2021-07-29 23:50:00+00:00,40037.5216223072,693301,1893,42854.6336727253,42810.3120810198,43001.3443521942
2021-07-30,2021-07-30 23:50:00+00:00,42080.7549107719,693468,1892,42856.2274577485,42854.2677007416,43001.3443521942
2021-07-31,2021-07-31 23:50:00+00:00,41692.7573233360,693626,1891,42856.6451049226,42854.2677007416,43001.3443521942
2021-08-01,2021-08-01 23:50:00+00:00,40135.3320007472,693781,1890,42857.2781188603,42854.2677007416,43194.0030144027
2021-08-02,2021-08-02 23:50:00+00:00,39183.6724488346,693923,1889,42858.8168434140,42854.2677007416,43194.0030144027
2021-08-03,2021-08-03 23:50:00+00:00,38160.7166531160,694093,1888,42860.9461050683,42854.2677007416,43194.0030144027
2021-08-04,2021-08-04 23:50:00+00:00,39799.3037652714,694227,1887,42863.7439313085,42854.2677007416,43194.0030144027
2021-08-05,2021-08-05 23:50:00+00:00,40854.5997207364,694389,1886,42865.4939464869,42854.2677007416,43194.0030144027
2021-08-06,2021-08-06 23:50:00+00:00,42826.8312632613,694546,1885,42866.6132711823,42857.1854223970,43194.0030144027
2021-08-07,2021-08-07 23:50:00+00:00,44689.8609593256,694714,1884,42866.6344065227,42857.1854223970,43194.0030144027
2021-08-08,2021-08-08 23:50:00+00:00,43785.4818193998,694870,1883,42865.7056726373,42857.1854223970,43194.0030144027
2021-08-09,2021-08-09 23:50:00+00:00,46284.9739822162,695025,1882,42865.2272215780,42857.1854223970,43194.0030144027
2021-08-10,2021-08-10 23:50:00+00:00,45594.0762723664,695190,1881,42863.5435662111,42857.1854223970,43194.0030144027
2021-08-11,2021-08-11 23:50:00+00:00,45593.6359307052,695335,1880,42862.1781805128,42857.1854223970,43194.0030144027
2021-08-12,2021-08-12 23:50:00+00:00,44428.2884668064,695486,1879,42860.8116357221,42857.1854223970,43194.0030144027
2021-08-13,2021-08-13 23:50:00+00:00,47831.9760429127,695629,1878,42860.0064460581,42857.2983434123,43194.0030144027
2021-08-14,2021-08-14 23:50:00+00:00,47096.9456619804,695794,1877,42857.6330290477,42857.2983434123,43194.0030144027
2021-08-15,2021-08-15 23:50:00+00:00,47064.6303706254,695974,1876,42855.5767729055,42857.2983434123,43194.0030144027
2021-08-16,2021-08-16 23:50:00+00:00,46004.4840786022,696135,1875,42853.5327998697,42857.2983434123,43194.0030144027
2021-08-17,2021-08-17 23:50:00+00:00,44695.3576192130,696309,1874,42851.9666161879,42857.2983434123,43194.0030144027
2021-08-18,2021-08-18 23:50:00+00:00,44801.1887171441,696444,1873,42851.0230367584,42857.2983434123,43194.0030144027
2021-08-19,2021-08-19 23:50:00+00:00,46717.5787452038,696598,1872,42850.0266516596,42857.2983434123,43194.0030144027
2021-08-20,2021-08-20 23:50:00+00:00,49339.1760368780,696756,1871,42848.1307581538,42840.6730959804,43194.0030144027
2021-08-21,2021-08-21 23:50:00+00:00,48905.4905855490,696927,1870,42845.1164859586,42840.6730959804,43194.0030144027
2021-08-22,2021-08-22 23:50:00+00:00,49321.6540494121,697089,1869,42842.2759189010,42840.6730959804,43194.0030144027
2021-08-23,2021-08-23 23:50:00+00:00,49546.1477072891,697289,1868,42839.2631847273,42840.6730959804,43194.0030144027
2021-08-24,2021-08-24 23:50:00+00:00,47756.0018810657,697441,1867,42836.1573587140,42840.6730959804,43194.0030144027
2021-08-25,2021-08-25 23:50:00+00:00,48961.7677866001,697601,1866,42833.7925375298,42840.6730959804,43194.0030144027
2021-08-26,2021-08-26 23:50:00+00:00,46940.7076517785,697749,1865,42830.9181953944,42840.6730959804,43194.0030144027
2021-08-27,2021-08-27 23:50:00+00:00,49024.0309449539,697893,1864,42828.9065055690,42819.5502580200,43194.0030144027
2021-08-28,2021-08-28 23:50:00+00:00,48883.2901404512,698035,1863,42826.0015754443,42819.5502580200,43194.0030144027
2021-08-29,2021-08-29 23:50:00+00:00,48947.2589703193,698191,1862,42823.1517596696,42819.5502580200,43194.0030144027
2021-08-30,2021-08-30 23:50:00+00:00,47093.8809185828,698326,1861,42820.2729200804,42819.5502580200,43194.0030144027
2021-08-31,2021-08-31 23:50:00+00:00,47238.2268323822,698471,1860,42818.1838861163,42819.5502580200,43194.0030144027
2021-09-01,2021-09-01 23:50:00+00:00,48763.8564353368,698605,1859,42816.0288234858,42819.5502580200,43247.1614051557
2021-09-02,2021-09-02 23:50:00+00:00,49341.8538046277,698756,1858,42813.2182658613,42819.5502580200,43247.1614051557
2021-09-03,2021-09-03 23:50:00+00:00,50011.3468120954,698904,1857,42810.1679698229,42799.1868576281,43247.1614051557
2021-09-04,2021-09-04 23:50:00+00:00,49951.9241505559,699060,1856,42806.8469588188,42799.1868576281,43247.1614051557
2021-09-05,2021-09-05 23:50:00+00:00,51741.5507772271,699223,1855,42803.5463767038,42799.1868576281,43247.1614051557
2021-09-06,2021-09-06 23:50:00+00:00,52610.5411520828,699394,1854,42799.5586013643,42799.1868576281,43247.1614051557
2021-09-07,2021-09-07 23:50:00+00:00,46795.2091075437,699549,1853,42795.2517498349,42799.1868576281,43247.1614051557
2021-09-08,2021-09-08 23:50:00+00:00,46039.0821273611,699691,1852,42793.2766523852,42799.1868576281,43247.1614051557
2021-09-09,2021-09-09 23:50:00+00:00,46377.1687384770,699827,1851,42791.6467994708,42799.1868576281,43247.1614051557
2021-09-10,2021-09-10 23:50:00+00:00,44888.1237052338,699964,1850,42789.8585945936,42775.9086161435,43247.1614051557
2021-09-11,2021-09-11 23:50:00+00:00,45147.4403588995,700112,1849,42788.7768571376,42775.9086161435,43247.1614051557
2021-09-12,2021-09-12 23:50:00+00:00,46082.2315032119,700259,1848,42787.5672384671,42775.9086161435,43247.1614051557
2021-09-13,2021-09-13 23:50:00+00:00,45004.7019742212,700415,1847,42785.9110431495,42775.9086161435,43247.1614051557
2021-09-14,2021-09-14 23:50:00+00:00,47031.1673236441,700584,1846,42784.7683858966,42775.9086161435,43247.1614051557
2021-09-15,2021-09-15 23:50:00+00:00,48143.0374494642,700727,1845,42782.6747237718,42775.9086161435,43247.1614051557
2021-09-16,2021-09-16 23:50:00+00:00,47799.1850388310,700862,1844,42780.0916221931,42775.9086161435,43247.1614051557
2021-09-17,2021-09-17 23:50:00+00:00,47204.6626601066,701010,1843,42777.6543927328,42768.2856392504,43247.1614051557
2021-09-18,2021-09-18 23:50:00+00:00,48234.2154736678,701166,1842,42775.4765291888,42768.2856392504,43247.1614051557
2021-09-19,2021-09-19 23:50:00+00:00,47257.2870422188,701325,1841,42772.8471605565,42768.2856392504,43247.1614051557
2021-09-20,2021-09-20 23:50:00+00:00,42907.0657674559,701487,1840,42770.6413543217,42768.2856392504,43247.1614051557
2021-09-21,2021-09-21 23:50:00+00:00,40633.9343353387,701611,1839,42770.5674062999,42768.2856392504,43247.1614051557
2021-09-22,2021-09-22 23:50:00+00:00,43569.1762005688,701747,1838,42771.7910444284,42768.2856392504,43247.1614051557
2021-09-23,2021-09-23 23:50:00+00:00,44890.0474696476,701912,1837,42771.3649236107,42768.2856392504,43247.1614051557
2021-09-24,2021-09-24 23:50:00+00:00,42796.2432153252,702059,1836,42770.2654492836,42753.0080624024,43247.1614051557
2021-09-25,2021-09-25 23:50:00+00:00,42746.9792240337,702203,1835,42770.2513010609,42753.0080624024,43247.1614051557
2021-09-26,2021-09-26 23:50:00+00:00,43247.4568764652,702342,1834,42770.2639972188,42753.0080624024,43247.1614051557
2021-09-27,2021-09-27 23:50:00+00:00,42248.0177177400,702498,1833,42770.0065369420,42753.0080624024,43247.1614051557
2021-09-28,2021-09-28 23:50:00+00:00,41032.2619291795,702647,1832,42770.2949876707,42753.0080624024,43247.1614051557
2021-09-29,2021-09-29 23:50:00+00:00,41538.2829880179,702778,1831,42771.2844437532,42753.0080624024,43247.1614051557
2021-09-30,2021-09-30 23:50:00+00:00,43750.8717986245,702949,1830,42771.9782261813,42753.0080624024,43247.1614051557
2021-10-01,2021-10-01 23:50:00+00:00,48118.1777059521,703090,1829,42771.4550004611,42752.8432100825,43167.1035397499
2021-10-02,2021-10-02 23:50:00+00:00,47756.2542830374,703279,1828,42768.8552604144,42752.8432100825,43167.1035397499
2021-10-03,2021-10-03 23:50:00+00:00,48220.6530374676,703429,1827,42766.4106586864,42752.8432100825,43167.1035397499
2021-10-04,2021-10-04 23:50:00+00:00,49080.6690923170,703585,1826,42763.7616921418,42752.8432100825,43167.1035397499
2021-10-05,2021-10-05 23:50:00+00:00,51559.3620442230,703749,1825,42760.7460733482,42752.8432100825,43167.1035397499
2021-10-06,2021-10-06 23:50:00+00:00,55431.0270020136,703880,1824,42756.7458279188,42752.8432100825,43167.1035397499
2021-10-07,2021-10-07 23:50:00+00:00,53776.5428709291,704021,1823,42751.3837401307,42752.8432100825,43167.1035397499
2021-10-08,2021-10-08 23:50:00+00:00,53884.2905331918,704140,1822,42746.5737418060,42734.5863272653,43167.1035397499
2021-10-09,2021-10-09 23:50:00+00:00,55068.6435456213,704287,1821,42741.7222413859,42734.5863272653,43167.1035397499
2021-10-10,2021-10-10 23:50:00+00:00,54675.0932153114,704450,1820,42736.4659738456,42734.5863272653,43167.1035397499
2021-10-11,2021-10-11 23:50:00+00:00,57434.2409902386,704595,1819,42731.3364312923,42734.5863272653,43167.1035397499
2021-10-12,2021-10-12 23:50:00+00:00,56064.7699769785,704729,1818,42725.3202114264,42734.5863272653,43167.1035397499
2021-10-13,2021-10-13 23:50:00+00:00,57377.7991769381,704898,1817,42719.7262250455,42734.5863272653,43167.1035397499
2021-10-14,2021-10-14 23:50:00+00:00,57354.3208633141,705035,1816,42713.7174697320,42734.5863272653,43167.1035397499
2021-10-15,2021-10-15 23:50:00+00:00,61571.0949052185,705177,1815,42707.7109556477,42700.6033175111,43167.1035397499
2021-10-16,2021-10-16 23:50:00+00:00,60890.1428308367,705310,1814,42700.4992432641,42700.6033175111,43167.1035397499
2021-10-17,2021-10-17 23:50:00+00:00,61640.3751053925,705470,1813,42693.4646208369,42700.6033175111,43167.1035397499
2021-10-18,2021-10-18 23:50:00+00:00,61975.5469731470,705618,1812,42686.2235520762,42700.6033175111,43167.1035397499
2021-10-19,2021-10-19 23:50:00+00:00,64238.2711078022,705771,1811,42678.8887013690,42700.6033175111,43167.1035397499
2021-10-20,2021-10-20 23:50:00+00:00,65996.5661678894,705921,1810,42670.9765155403,42700.6033175111,43167.1035397499
2021-10-21,2021-10-21 23:50:00+00:00,62385.1670712518,706069,1809,42662.6412303504,42700.6033175111,43167.1035397499
2021-10-22,2021-10-22 23:50:00+00:00,60703.4295410214,706227,1808,42655.1826775013,42650.1340532359,43167.1035397499
2021-10-23,2021-10-23 23:50:00+00:00,61342.9082548190,706373,1807,42648.1654752073,42650.1340532359,43167.1035397499
2021-10-24,2021-10-24 23:50:00+00:00,60881.9475648719,706525,1806,42640.9699174949,42650.1340532359,43167.1035397499
2021-10-25,2021-10-25 23:50:00+00:00,62967.4130230234,706708,1805,42633.8931103546,42650.1340532359,43167.1035397499
2021-10-26,2021-10-26 23:50:00+00:00,60449.3553026080,706857,1804,42626.2628836752,42650.1340532359,43167.1035397499
2021-10-27,2021-10-27 23:50:00+00:00,58639.6804613920,707014,1803,42619.2933791594,42650.1340532359,43167.1035397499
2021-10-28,2021-10-28 23:50:00+00:00,60572.2712439758,707167,1802,42612.8328657803,42650.1340532359,43167.1035397499
2021-10-29,2021-10-29 23:50:00+00:00,62234.0310114303,707339,1801,42605.8187311837,42601.0270280858,43167.1035397499
2021-10-30,2021-10-30 23:50:00+00:00,61735.3706698447,707494,1800,42598.3547053359,42601.0270280858,43167.1035397499
2021-10-31,2021-10-31 23:50:00+00:00,61366.9998815658,707633,1799,42591.0158725132,42601.0270280858,43167.1035397499
2021-11-01,2021-11-01 23:50:00+00:00,61058.2262653798,707779,1798,42583.7694737454,42601.0270280858,43093.2029703127
2021-11-02,2021-11-02 23:50:00+00:00,63176.5717853198,707938,1797,42576.6006087764,42601.0270280858,43093.2029703127
2021-11-03,2021-11-03 23:50:00+00:00,62999.1224039112,708100,1796,42568.8720881930,42601.0270280858,43093.2029703127
2021-11-04,2021-11-04 23:50:00+00:00,61434.6328168967,708242,1795,42561.1827595429,42601.0270280858,43093.2029703127
2021-11-05,2021-11-05 23:50:00+00:00,61121.3105207273,708397,1794,42553.8956564285,42548.7978737619,43093.2029703127
2021-11-06,2021-11-06 23:50:00+00:00,61493.6638971142,708550,1793,42546.6871673591,42548.7978737619,43093.2029703127
2021-11-07,2021-11-07 23:50:00+00:00,63252.4247617827,708703,1792,42539.3730380959,42548.7978737619,43093.2029703127
2021-11-08,2021-11-08 23:50:00+00:00,67589.0065792849,708839,1791,42531.5965589666,42548.7978737619,43093.2029703127
2021-11-09,2021-11-09 23:50:00+00:00,66945.6988339685,708992,1790,42522.7895420150,42548.7978737619,43093.2029703127
2021-11-10,2021-11-10 23:50:00+00:00,64818.2160292131,709140,1789,42514.1199717620,42548.7978737619,43093.2029703127
2021-11-11,2021-11-11 23:50:00+00:00,64816.1345305689,709298,1788,42505.9396636852,42548.7978737619,43093.2029703127
2021-11-12,2021-11-12 23:50:00+00:00,64282.4380605083,709441,1787,42497.7538536747,42498.3538005129,43093.2029703127
2021-11-13,2021-11-13 23:50:00+00:00,64468.2221088311,709593,1786,42489.6915147296,42498.3538005129,43093.2029703127
2021-11-14,2021-11-14 23:50:00+00:00,65342.4199021584,709749,1785,42481.5778813669,42498.3538005129,43093.2029703127
2021-11-15,2021-11-15 23:50:00+00:00,63743.3999594891,709902,1784,42473.2484062353,42498.3538005129,43093.2029703127
2021-11-16,2021-11-16 23:50:00+00:00,60312.9023558478,710052,1783,42465.3011315312,42498.3538005129,43093.2029703127
2021-11-17,2021-11-17 23:50:00+00:00,60357.1715047330,710201,1782,42458.2505648905,42498.3538005129,43093.2029703127
2021-11-18,2021-11-18 23:50:00+00:00,56875.8657827076,710345,1781,42451.1821206037,42498.3538005129,43093.2029703127
2021-11-19,2021-11-19 23:50:00+00:00,58130.9984471752,710480,1780,42445.1344770147,42441.9508107393,43093.2029703127
2021-11-20,2021-11-20 23:50:00+00:00,59767.4923960179,710626,1779,42438.6974288369,42441.9508107393,43093.2029703127
2021-11-21,2021-11-21 23:50:00+00:00,58653.9370635474,710756,1778,42431.7781186033,42441.9508107393,43093.2029703127
2021-11-22,2021-11-22 23:50:00+00:00,56345.4213422385,710900,1777,42425.1750212816,42441.9508107393,43093.2029703127
2021-11-23,2021-11-23 23:50:00+00:00,57599.5362349197,711031,1776,42419.2742529817,42441.9508107393,43093.2029703127
2021-11-24,2021-11-24 23:50:00+00:00,57185.9863848639,711187,1775,42412.9768617053,42441.9508107393,43093.2029703127
2021-11-25,2021-11-25 23:50:00+00:00,58927.8906878300,711318,1774,42406.8015161675,42441.9508107393,43093.2029703127
2021-11-26,2021-11-26 23:50:00+00:00,53761.7017245877,711449,1773,42400.0968695466,42396.9013911802,43093.2029703127
2021-11-27,2021-11-27 23:50:00+00:00,54542.0636042875,711591,1772,42395.0407420899,42396.9013911802,43093.2029703127
2021-11-28,2021-11-28 23:50:00+00:00,57201.7080154558,711731,1771,42389.7100920892,42396.9013911802,43093.2029703127
2021-11-29,2021-11-29 23:50:00+00:00,57816.0652920357,711876,1770,42383.5095694865,42396.9013911802,43093.2029703127
2021-11-30,2021-11-30 23:50:00+00:00,56915.5122108448,712010,1769,42377.1152713960,42396.9013911802,43093.2029703127
2021-12-01,2021-12-01 23:50:00+00:00,57182.6760137954,712146,1768,42370.9935683218,42396.9013911802,42879.3673953844
2021-12-02,2021-12-02 23:50:00+00:00,56448.4486807157,712300,1767,42364.7833287095,42396.9013911802,42879.3673953844
2021-12-03,2021-12-03 23:50:00+00:00,53765.7964830913,712470,1766,42358.7989836855,42361.5065735398,42879.3673953844
2021-12-04,2021-12-04 23:50:00+00:00,48962.9209932725,712622,1765,42353.7078794404,42361.5065735398,42879.3673953844
2021-12-05,2021-12-05 23:50:00+00:00,49174.9029080607,712791,1764,42350.4671553193,42361.5065735398,42879.3673953844
2021-12-06,2021-12-06 23:50:00+00:00,50492.4355963902,712962,1763,42347.1336976370,42361.5065735398,42879.3673953844
2021-12-07,2021-12-07 23:50:00+00:00,50592.0884979508,713117,1762,42343.2570241674,42361.5065735398,42879.3673953844
2021-12-08,2021-12-08 23:50:00+00:00,50521.2363999483,713285,1761,42339.3369478733,42361.5065735398,42879.3673953844
2021-12-09,2021-12-09 23:50:00+00:00,47911.0764042769,713448,1760,42335.4413726786,42361.5065735398,42879.3673953844
2021-12-10,2021-12-10 23:50:00+00:00,47262.2374429955,713602,1759,42332.6406640421,42325.8805273884,42879.3673953844
2021-12-11,2021-12-11 23:50:00+00:00,49354.0871686779,713754,1758,42330.1291949215,42325.8805273884,42879.3673953844
2021-12-12,2021-12-12 23:50:00+00:00,50118.9209592841,713895,1757,42326.7007163730,42325.8805273884,42879.3673953844
2021-12-13,2021-12-13 23:50:00+00:00,46762.4825280562,714034,1756,42322.9534810919,42325.8805273884,42879.3673953844
2021-12-14,2021-12-14 23:50:00+00:00,48413.7056473881,714184,1755,42320.6641178982,42325.8805273884,42879.3673953844
2021-12-15,2021-12-15 23:50:00+00:00,48819.8493472314,714325,1754,42317.6277280024,42325.8805273884,42879.3673953844
2021-12-16,2021-12-16 23:50:00+00:00,47695.2803949022,714440,1753,42314.4127964187,42325.8805273884,42879.3673953844
2021-12-17,2021-12-17 23:50:00+00:00,46326.9195956994,714589,1752,42311.6881939148,42308.2752093629,42879.3673953844
2021-12-18,2021-12-18 23:50:00+00:00,46962.9133405925,714715,1751,42309.5939374411,42308.2752093629,42879.3673953844
2021-12-19,2021-12-19 23:50:00+00:00,46791.8960559549,714863,1750,42307.1985043071,42308.2752093629,42879.3673953844
2021-12-20,2021-12-20 23:50:00+00:00,46853.7106345453,715009,1749,42304.8802387848,42308.2752093629,42879.3673953844
2021-12-21,2021-12-21 23:50:00+00:00,48957.1939109845,715170,1748,42302.5307105173,42308.2752093629,42879.3673953844
2021-12-22,2021-12-22 23:50:00+00:00,48646.4333756683,715318,1747,42299.2395488376,42308.2752093629,42879.3673953844
2021-12-23,2021-12-23 23:50:00+00:00,50770.6141896504,715471,1746,42296.0788244772,42308.2752093629,42879.3673953844
2021-12-24,2021-12-24 23:50:00+00:00,50864.3289523512,715620,1745,42292.0333765612,42293.6001184932,42879.3673953844
2021-12-25,2021-12-25 23:50:00+00:00,50649.9261486622,715767,1744,42287.9468536573,42293.6001184932,42879.3673953844
2021-12-26,2021-12-26 23:50:00+00:00,50806.4421753319,715902,1743,42283.9417998912,42293.6001184932,42879.3673953844
2021-12-27,2021-12-27 23:50:00+00:00,50610.9568029403,716050,1742,42279.8704939112,42293.6001184932,42879.3673953844
2021-12-28,2021-12-28 23:50:00+00:00,47669.7403720771,716183,1741,42275.8733397078,42293.6001184932,42879.3673953844
2021-12-29,2021-12-29 23:50:00+00:00,46407.5954896429,716328,1740,42273.1243535787,42293.6001184932,42879.3673953844
2021-12-30,2021-12-30 23:50:00+00:00,47188.3205500879,716448,1739,42270.9587776578,42293.6001184932,42879.3673953844
2021-12-31,2021-12-31 23:50:00+00:00,46328.9431380899,716596,1738,42268.4244432058,42264.9988068904,42879.3673953844
2022-01-01,2022-01-01 23:50:00+00:00,47620.4238109337,716770,1737,42266.2917742385,42264.9988068904,42695.2378513556
2022-01-02,2022-01-02 23:50:00+00:00,47344.8434097434,716926,1736,42263.5545390140,42264.9988068904,42695.2378513556
2022-01-03,2022-01-03 23:50:00+00:00,46467.6157952545,717066,1735,42260.9403265696,42264.9988068904,42695.2378513556
2022-01-04,2022-01-04 23:50:00+00:00,45926.7617865701,717215,1734,42258.7340700362,42264.9988068904,42695.2378513556
2022-01-05,2022-01-05 23:50:00+00:00,43589.3556830720,717365,1733,42256.7866273314,42264.9988068904,42695.2378513556
2022-01-06,2022-01-06 23:50:00+00:00,43154.4552248505,717510,1732,42256.0407795713,42264.9988068904,42695.2378513556
2022-01-07,2022-01-07 23:50:00+00:00,41564.2390104385,717650,1731,42255.5325761323,42250.0546660635,42695.2378513556
2022-01-08,2022-01-08 23:50:00+00:00,41744.0578319856,717795,1730,42255.9388176752,42250.0546660635,42695.2378513556
2022-01-09,2022-01-09 23:50:00+00:00,41910.5122677903,717935,1729,42256.2385062429,42250.0546660635,42695.2378513556
2022-01-10,2022-01-10 23:50:00+00:00,41820.0178692238,718078,1728,42256.4402306938,42250.0546660635,42695.2378513556
2022-01-11,2022-01-11 23:50:00+00:00,42721.6954837235,718236,1727,42256.6955748812,42250.0546660635,42695.2378513556
2022-01-12,2022-01-12 23:50:00+00:00,43935.6439849123,718375,1726,42256.4290999306,42250.0546660635,42695.2378513556
2022-01-13,2022-01-13 23:50:00+00:00,42596.1233764377,718551,1725,42255.4928682107,42250.0546660635,42695.2378513556
2022-01-14,2022-01-14 23:50:00+00:00,43101.3359962645,718712,1724,42255.2968676282,42252.8772501980,42695.2378513556
2022-01-15,2022-01-15 23:50:00+00:00,43198.8698618119,718878,1723,42254.8154847388,42252.8772501980,42695.2378513556
2022-01-16,2022-01-16 23:50:00+00:00,43122.7874144315,719052,1722,42254.2792410722,42252.8772501980,42695.2378513556
2022-01-17,2022-01-17 23:50:00+00:00,42235.1848487035,719215,1721,42253.7847575436,42252.8772501980,42695.2378513556
2022-01-18,2022-01-18 23:50:00+00:00,42372.5532733987,719350,1720,42253.7955762092,42252.8772501980,42695.2378513556
2022-01-19,2022-01-19 23:50:00+00:00,41731.9479208412,719523,1719,42253.7266846085,42252.8772501980,42695.2378513556
2022-01-20,2022-01-20 23:50:00+00:00,40706.9315483169,719691,1718,42254.0341971005,42252.8772501980,42695.2378513556
2022-01-21,2022-01-21 23:50:00+00:00,36440.2657685999,719826,1717,42254.9695128779,42249.4963961056,42695.2378513556
2022-01-22,2022-01-22 23:50:00+00:00,35036.9447362001,719960,1716,42258.8991002749,42249.4963961056,42695.2378513556
2022-01-23,2022-01-23 23:50:00+00:00,36254.8798572428,720102,1715,42263.9787617057,42249.4963961056,42695.2378513556
2022-01-24,2022-01-24 23:50:00+00:00,36656.1938221723,720251,1714,42268.0661363133,42249.4963961056,42695.2378513556
2022-01-25,2022-01-25 23:50:00+00:00,36946.2382832174,720404,1713,42271.8440692451,42249.4963961056,42695.2378513556
2022-01-26,2022-01-26 23:50:00+00:00,36851.3698799706,720533,1712,42275.4035183720,42249.4963961056,42695.2378513556
2022-01-27,2022-01-27 23:50:00+00:00,37148.3222790892,720664,1711,42279.0405229778,42249.4963961056,42695.2378513556
2022-01-28,2022-01-28 23:50:00+00:00,37789.4788200197,720819,1710,42282.4556200480,42277.0054222413,42695.2378513556
2022-01-29,2022-01-29 23:50:00+00:00,38137.4726968704,720964,1709,42285.3974097788,42277.0054222413,42695.2378513556
2022-01-30,2022-01-30 23:50:00+00:00,37936.3287774392,721114,1708,42288.0902411713,42277.0054222413,42695.2378513556
2022-01-31,2022-01-31 23:50:00+00:00,38455.6896634557,721255,1707,42290.9322375423,42277.0054222413,42695.2378513556
2022-02-01,2022-02-01 23:50:00+00:00,38784.5022987054,721409,1706,42293.4046780730,42277.0054222413,42617.9080936623
2022-02-02,2022-02-02 23:50:00+00:00,36924.1023944157,721562,1705,42295.6489959723,42277.0054222413,42617.9080936623
2022-02-03,2022-02-03 23:50:00+00:00,37018.5870026790,721709,1704,42299.2602046274,42277.0054222413,42617.9080936623
2022-02-04,2022-02-04 23:50:00+00:00,41516.0728191583,721840,1703,42302.8036354403,42297.5909469055,42617.9080936623
2022-02-05,2022-02-05 23:50:00+00:00,41421.4764329111,721959,1702,42303.2746391501,42297.5909469055,42617.9080936623
2022-02-06,2022-02-06 23:50:00+00:00,42411.1042902743,722114,1701,42303.8040815821,42297.5909469055,42617.9080936623
2022-02-07,2022-02-07 23:50:00+00:00,43921.9643782471,722251,1700,42303.7411235941,42297.5909469055,42617.9080936623
2022-02-08,2022-02-08 23:50:00+00:00,44110.3166906064,722404,1699,42302.8237786709,42297.5909469055,42617.9080936623
2022-02-09,2022-02-09 23:50:00+00:00,44347.1209296635,722544,1698,42301.8029388117,42297.5909469055,42617.9080936623
2022-02-10,2022-02-10 23:50:00+00:00,43548.0718887081,722692,1697,42300.6533020551,42297.5909469055,42617.9080936623
2022-02-11,2022-02-11 23:50:00+00:00,42407.6876621475,722832,1696,42299.9388761864,42300.8678665751,42617.9080936623
2022-02-12,2022-02-12 23:50:00+00:00,42198.7514316023,723020,1695,42299.8754691903,42300.8678665751,42617.9080936623
2022-02-13,2022-02-13 23:50:00+00:00,42242.1001471313,723179,1694,42299.9353077453,42300.8678665751,42617.9080936623
2022-02-14,2022-02-14 23:50:00+00:00,42601.7150721152,723333,1693,42299.9695158916,42300.8678665751,42617.9080936623
2022-02-15,2022-02-15 23:50:00+00:00,44600.7841738215,723508,1692,42299.7924431639,42300.8678665751,42617.9080936623
2022-02-16,2022-02-16 23:50:00+00:00,43980.5145592428,723664,1691,42298.5019552474,42300.8678665751,42617.9080936623
2022-02-17,2022-02-17 23:50:00+00:00,40548.8398470681,723821,1690,42297.5447669202,42300.8678665751,42617.9080936623
2022-02-18,2022-02-18 23:50:00+00:00,40031.5905380562,723954,1689,42298.6247941303,42300.4275788871,42617.9080936623
2022-02-19,2022-02-19 23:50:00+00:00,40127.3692166278,724104,1688,42300.0439288091,42300.4275788871,42617.9080936623
2022-02-20,2022-02-20 23:50:00+00:00,38460.3912172185,724248,1687,42301.4015971671,42300.4275788871,42617.9080936623
2022-02-21,2022-02-21 23:50:00+00:00,37012.5606394452,724371,1686,42303.9074450072,42300.4275788871,42617.9080936623
2022-02-22,2022-02-22 23:50:00+00:00,38314.6497345406,724522,1685,42307.4969496688,42300.4275788871,42617.9080936623
2022-02-23,2022-02-23 23:50:00+00:00,37311.6256122160,724673,1684,42310.1152529737,42300.4275788871,42617.9080936623
2022-02-24,2022-02-24 23:50:00+00:00,38305.9277628848,724804,1683,42313.4833864102,42300.4275788871,42617.9080936623
2022-02-25,2022-02-25 23:50:00+00:00,39216.7004378501,724937,1682,42316.1154318050,42310.3777447010,42617.9080936623
2022-02-26,2022-02-26 23:50:00+00:00,39048.1222748769,725064,1681,42318.1050382434,42310.3777447010,42617.9080936623
2022-02-27,2022-02-27 23:50:00+00:00,37721.4334156104,725199,1680,42320.2145594129,42310.3777447010,42617.9080936623
2022-02-28,2022-02-28 23:50:00+00:00,43204.6016302955,725353,1679,42323.2877058486,42310.3777447010,42617.9080936623
2022-03-01,2022-03-01 23:50:00+00:00,44348.1964269518,725514,1678,42322.7732089188,42310.3777447010,42693.2606291014
2022-03-02,2022-03-02 23:50:00+00:00,43936.4097100920,725651,1677,42321.6206343070,42310.3777447010,42693.2606291014
2022-03-03,2022-03-03 23:50:00+00:00,42459.6037659090,725800,1676,42320.6925872680,42310.3777447010,42693.2606291014
2022-03-04,2022-03-04 23:50:00+00:00,39146.8844693976,725937,1675,42320.6099267037,42324.2895149140,42693.2606291014
2022-03-05,2022-03-05 23:50:00+00:00,39416.4626875355,726061,1674,42322.6596236273,42324.2895149140,42693.2606291014
2022-03-06,2022-03-06 23:50:00+00:00,38423.6189360560,726191,1673,42324.5249015251,42324.2895149140,42693.2606291014
2022-03-07,2022-03-07 23:50:00+00:00,38018.6495049252,726341,1672,42327.0949978739,42324.2895149140,42693.2606291014
2022-03-08,2022-03-08 23:50:00+00:00,38726.3021021878,726488,1671,42329.9657479453,42324.2895149140,42693.2606291014
2022-03-09,2022-03-09 23:50:00+00:00,41977.3834618720,726626,1670,42332.3245628624,42324.2895149140,42693.2606291014
2022-03-10,2022-03-10 23:50:00+00:00,39455.2319187226,726771,1669,42332.5390290878,42324.2895149140,42693.2606291014
2022-03-11,2022-03-11 23:50:00+00:00,38811.4963411146,726909,1668,42334.3899117087,42338.6680508436,42693.2606291014
2022-03-12,2022-03-12 23:50:00+00:00,38934.9435628973,727066,1667,42336.6951747630,42338.6680508436,42693.2606291014
2022-03-13,2022-03-13 23:50:00+00:00,37835.3405665225,727215,1666,42338.9155571963,42338.6680508436,42693.2606291014
2022-03-14,2022-03-14 23:50:00+00:00,39618.0932912249,727368,1665,42341.9425841793,42338.6680508436,42693.2606291014
2022-03-15,2022-03-15 23:50:00+00:00,39322.5484924003,727509,1664,42343.6921283276,42338.6680508436,42693.2606291014
2022-03-16,2022-03-16 23:50:00+00:00,41144.9268338670,727663,1663,42345.6484769811,42338.6680508436,42693.2606291014
2022-03-17,2022-03-17 23:50:00+00:00,40948.6656564469,727821,1662,42346.3920291398,42338.6680508436,42693.2606291014
2022-03-18,2022-03-18 23:50:00+00:00,41819.0716019157,727965,1661,42347.2622672759,42354.8411152287,42693.2606291014
2022-03-19,2022-03-19 23:50:00+00:00,42189.9385188489,728119,1660,42347.5844756991,42354.8411152287,42693.2606291014
2022-03-20,2022-03-20 23:50:00+00:00,41245.0600499595,728275,1659,42347.6798556687,42354.8411152287,42693.2606291014
2022-03-21,2022-03-21 23:50:00+00:00,41080.7104931317,728426,1658,42348.3626752178,42354.8411152287,42693.2606291014
2022-03-22,2022-03-22 23:50:00+00:00,42356.0435866360,728577,1657,42349.1513253225,42354.8411152287,42693.2606291014
2022-03-23,2022-03-23 23:50:00+00:00,42893.5066795671,728720,1656,42349.1471640066,42354.8411152287,42693.2606291014
2022-03-24,2022-03-24 23:50:00+00:00,43957.6083492664,728865,1655,42348.8224226454,42354.8411152287,42693.2606291014
2022-03-25,2022-03-25 23:50:00+00:00,44383.2571270102,729019,1654,42347.8853776902,42357.1308321771,42693.2606291014
2022-03-26,2022-03-26 23:50:00+00:00,44521.2239054721,729180,1653,42346.7105575075,42357.1308321771,42693.2606291014
2022-03-27,2022-03-27 23:50:00+00:00,46823.6717570690,729312,1652,42345.4585936813,42357.1308321771,42693.2606291014
2022-03-28,2022-03-28 23:50:00+00:00,47063.1140076103,729471,1651,42343.0057272170,42357.1308321771,42693.2606291014
2022-03-29,2022-03-29 23:50:00+00:00,47488.1670762562,729623,1650,42340.4321177598,42357.1308321771,42693.2606291014
2022-03-30,2022-03-30 23:50:00+00:00,47098.9030284521,729758,1649,42337.6489662247,42357.1308321771,42693.2606291014
2022-03-31,2022-03-31 23:50:00+00:00,45558.2635949215,729895,1648,42335.0520768168,42357.1308321771,42693.2606291014
2022-04-01,2022-04-01 23:50:00+00:00,46259.2135529215,730036,1647,42333.2335928048,42348.9390598373,42664.3133826225
2022-04-02,2022-04-02 23:50:00+00:00,45892.8769783515,730172,1646,42331.0509681661,42348.9390598373,42664.3133826225
2022-04-03,2022-04-03 23:50:00+00:00,46440.8878814586,730309,1645,42329.0538669507,42348.9390598373,42664.3133826225
2022-04-04,2022-04-04 23:50:00+00:00,46617.0855800000,730469,1644,42326.7743206380,42348.9390598373,42664.3133826225
2022-04-05,2022-04-05 23:50:00+00:00,45581.2936368598,730611,1643,42324.4035094656,42348.9390598373,42664.3133826225
2022-04-06,2022-04-06 23:50:00+00:00,43200.5314548320,730764,1642,42322.5618248667,42348.9390598373,42664.3133826225
2022-04-07,2022-04-07 23:50:00+00:00,43526.5828055933,730900,1641,42322.0376835536,42348.9390598373,42664.3133826225
2022-04-08,2022-04-08 23:50:00+00:00,42307.7071537653,731035,1640,42321.3235426749,42333.7115992373,42664.3133826225
2022-04-09,2022-04-09 23:50:00+00:00,42772.6705990588,731189,1639,42321.3318530922,42333.7115992373,42664.3133826225
2022-04-10,2022-04-10 23:50:00+00:00,42268.7330341967,731329,1638,42321.0592198037,42333.7115992373,42664.3133826225
2022-04-11,2022-04-11 23:50:00+00:00,39506.7533696183,731466,1637,42321.0912240810,42333.7115992373,42664.3133826225
2022-04-12,2022-04-12 23:50:00+00:00,40168.5563308243,731618,1636,42322.9341053670,42333.7115992373,42664.3133826225
2022-04-13,2022-04-13 23:50:00+00:00,41161.4987377093,731758,1635,42324.3224839143,42333.7115992373,42664.3133826225
2022-04-14,2022-04-14 23:50:00+00:00,39919.9721005912,731896,1634,42325.0542431014,42333.7115992373,42664.3133826225
2022-04-15,2022-04-15 23:50:00+00:00,40546.2846225431,732054,1633,42326.6158331989,42333.8227979444,42664.3133826225
2022-04-16,2022-04-16 23:50:00+00:00,40424.4832933225,732184,1632,42327.7546524959,42333.8227979444,42664.3133826225
2022-04-17,2022-04-17 23:50:00+00:00,39722.8154140144,732350,1631,42328.9765648113,42333.8227979444,42664.3133826225
2022-04-18,2022-04-18 23:50:00+00:00,40830.9919841730,732488,1630,42330.6804051233,42333.8227979444,42664.3133826225
2022-04-19,2022-04-19 23:50:00+00:00,41502.2824794896,732611,1629,42331.6348592591,42333.8227979444,42664.3133826225
2022-04-20,2022-04-20 23:50:00+00:00,41374.3782012031,732772,1628,42332.1544759404,42333.8227979444,42664.3133826225
2022-04-21,2022-04-21 23:50:00+00:00,40527.3640835385,732940,1627,42332.7567880480,42333.8227979444,42664.3133826225
2022-04-22,2022-04-22 23:50:00+00:00,39740.3198538771,733075,1626,42333.9166097584,42341.8343749036,42664.3133826225
2022-04-23,2022-04-23 23:50:00+00:00,39486.7287113245,733239,1625,42335.6169021963,42341.8343749036,42664.3133826225
2022-04-24,2022-04-24 23:50:00+00:00,39485.8957520025,733408,1624,42337.4977922554,42341.8343749036,42664.3133826225
2022-04-25,2022-04-25 23:50:00+00:00,40480.7742107815,733570,1623,42339.3817576207,42341.8343749036,42664.3133826225
2022-04-26,2022-04-26 23:50:00+00:00,38069.2654251023,733710,1622,42340.5802763968,42341.8343749036,42664.3133826225
2022-04-27,2022-04-27 23:50:00+00:00,39240.4698134219,733881,1621,42343.5111085052,42341.8343749036,42664.3133826225
2022-04-28,2022-04-28 23:50:00+00:00,39755.2691324570,734012,1620,42345.5781367394,42341.8343749036,42664.3133826225
2022-04-29,2022-04-29 23:50:00+00:00,38600.1533465325,734164,1619,42347.2823956511,42353.7852344217,42664.3133826225
2022-04-30,2022-04-30 23:50:00+00:00,37716.8844757087,734313,1618,42349.8232671704,42353.7852344217,42664.3133826225
2022-05-01,2022-05-01 23:50:00+00:00,38480.5835264622,734481,1617,42353.0405950738,42353.7852344217,42603.0028567826
2022-05-02,2022-05-02 23:50:00+00:00,38531.4687187729,734637,1616,42355.6782334113,42353.7852344217,42603.0028567826
2022-05-03,2022-05-03 23:50:00+00:00,37751.4458161084,734791,1615,42358.2813398003,42353.7852344217,42603.0028567826
2022-05-04,2022-05-04 23:50:00+00:00,39693.1114608401,734936,1614,42361.4841909488,42353.7852344217,42603.0028567826
2022-05-05,2022-05-05 23:50:00+00:00,36566.4164944455,735092,1613,42363.2497662746,42353.7852344217,42603.0028567826
2022-05-06,2022-05-06 23:50:00+00:00,36054.1601209023,735233,1612,42367.4163043077,42371.6223966946,42603.0028567826
2022-05-07,2022-05-07 23:50:00+00:00,35542.9084065901,735378,1611,42372.0218561662,42371.6223966946,42603.0028567826
2022-05-08,2022-05-08 23:50:00+00:00,33987.6413606512,735533,1610,42377.0791304505,42371.6223966946,42603.0028567826
2022-05-09,2022-05-09 23:50:00+00:00,30384.5798164025,735687,1609,42383.5812273264,42371.6223966946,42603.0028567826
2022-05-10,2022-05-10 23:50:00+00:00,31007.7550893843,735841,1608,42393.9926516138,42371.6223966946,42603.0028567826
2022-05-11,2022-05-11 23:50:00+00:00,28900.1838817858,735985,1607,42403.6820677545,42371.6223966946,42603.0028567826
2022-05-12,2022-05-12 23:50:00+00:00,29100.4324583418,736121,1606,42416.0224918233,42371.6223966946,42603.0028567826
2022-05-13,2022-05-13 23:50:00+00:00,29260.8571277443,736273,1605,42428.1184341688,42403.9270821756,42603.0028567826
2022-05-14,2022-05-14 23:50:00+00:00,30100.3060629475,736412,1604,42440.0248124319,42403.9270821756,42603.0028567826
2022-05-15,2022-05-15 23:50:00+00:00,31300.5561307512,736535,1603,42450.8812549613,42403.9270821756,42603.0028567826
2022-05-16,2022-05-16 23:50:00+00:00,29872.9954742449,736701,1602,42460.3230867643,42403.9270821756,42603.0028567826
2022-05-17,2022-05-17 23:50:00+00:00,30440.9649962508,736846,1601,42471.5010078874,42403.9270821756,42603.0028567826
2022-05-18,2022-05-18 23:50:00+00:00,28762.3839642561,736982,1600,42481.9942930513,42403.9270821756,42603.0028567826
2022-05-19,2022-05-19 23:50:00+00:00,30339.6621833054,737104,1599,42494.6708964538,42403.9270821756,42603.0028567826
2022-05-20,2022-05-20 23:50:00+00:00,29214.7444185247,737231,1598,42505.3273114124,42487.2631587418,42603.0028567826
2022-05-21,2022-05-21 23:50:00+00:00,29423.8971901249,737366,1597,42517.4389838899,42487.2631587418,42603.0028567826
2022-05-22,2022-05-22 23:50:00+00:00,30340.5982668532,737487,1596,42529.2970061531,42487.2631587418,42603.0028567826
2022-05-23,2022-05-23 23:50:00+00:00,29113.4774982626,737648,1595,42540.0114619645,42487.2631587418,42603.0028567826
2022-05-24,2022-05-24 23:50:00+00:00,29659.8637408343,737767,1594,42552.3227866768,42487.2631587418,42603.0028567826
2022-05-25,2022-05-25 23:50:00+00:00,29571.5716709909,737911,1593,42563.9370756024,42487.2631587418,42603.0028567826
2022-05-26,2022-05-26 23:50:00+00:00,29337.4801846482,738053,1592,42575.6869282350,42487.2631587418,42603.0028567826
2022-05-27,2022-05-27 23:50:00+00:00,28607.0807746612,738191,1591,42587.7656513516,42572.0915823929,42603.0028567826
2022-05-28,2022-05-28 23:50:00+00:00,29030.5611740018,738340,1590,42600.8597661571,42572.0915823929,42603.0028567826
2022-05-29,2022-05-29 23:50:00+00:00,29424.7278790451,738489,1589,42613.3956863374,42572.0915823929,42603.0028567826
2022-05-30,2022-05-30 23:50:00+00:00,31703.0360551878,738642,1588,42625.4268245795,42572.0915823929,42603.0028567826
2022-05-31,2022-05-31 23:50:00+00:00,31835.1050830417,738788,1587,42634.6823901278,42572.0915823929,42603.0028567826
2022-06-01,2022-06-01 23:50:00+00:00,29791.5178104388,738924,1586,42643.8036162336,42572.0915823929,42689.2914908190
2022-06-02,2022-06-02 23:50:00+00:00,30467.9070558570,739048,1585,42655.4136273537,42572.0915823929,42689.2914908190
2022-06-03,2022-06-03 23:50:00+00:00,29715.6614220850,739191,1584,42666.1882212064,42663.8406851077,42689.2914908190
2022-06-04,2022-06-04 23:50:00+00:00,29828.9008979830,739332,1583,42677.9378608023,42663.8406851077,42689.2914908190
2022-06-05,2022-06-05 23:50:00+00:00,29902.2258488882,739478,1582,42689.5616719032,42663.8406851077,42689.2914908190
2022-06-06,2022-06-06 23:50:00+00:00,31372.1909367675,739626,1581,42701.1117219373,42663.8406851077,42689.2914908190
2022-06-07,2022-06-07 23:50:00+00:00,31164.9011093249,739786,1580,42710.8734129367,42663.8406851077,42689.2914908190
2022-06-08,2022-06-08 23:50:00+00:00,30217.6428559248,739968,1579,42720.8969959408,42663.8406851077,42689.2914908190
2022-06-09,2022-06-09 23:50:00+00:00,30112.4685241016,740114,1578,42732.1019410061,42663.8406851077,42689.2914908190
2022-06-10,2022-06-10 23:50:00+00:00,29082.1500281494,740260,1577,42743.4608957882,42746.2569550376,42689.2914908190
2022-06-11,2022-06-11 23:50:00+00:00,28359.0788679950,740414,1576,42756.2049849362,42746.2569550376,42689.2914908190
2022-06-12,2022-06-12 23:50:00+00:00,26773.5883809315,740542,1575,42769.9911124295,42746.2569550376,42689.2914908190
2022-06-13,2022-06-13 23:50:00+00:00,22499.3799282660,740673,1574,42786.2321983172,42746.2569550376,42689.2914908190
2022-06-14,2022-06-14 23:50:00+00:00,22202.8037303595,740820,1573,42810.7718533139,42746.2569550376,42689.2914908190
2022-06-15,2022-06-15 23:50:00+00:00,22567.6262041357,740984,1572,42836.0639230348,42746.2569550376,42689.2914908190
2022-06-16,2022-06-16 23:50:00+00:00,20368.6027652944,741105,1571,42860.5667458371,42746.2569550376,42689.2914908190
2022-06-17,2022-06-17 23:50:00+00:00,20468.6447127330,741213,1570,42890.7335957663,42835.7065045073,42689.2914908190
2022-06-18,2022-06-18 23:50:00+00:00,19021.8190377890,741366,1569,42920.6997376966,42835.7065045073,42689.2914908190
2022-06-19,2022-06-19 23:50:00+00:00,20526.5095290003,741500,1568,42955.1184309649,42835.7065045073,42689.2914908190
2022-06-20,2022-06-20 23:50:00+00:00,20642.6700827313,741634,1567,42985.0918368888,42835.7065045073,42689.2914908190
2022-06-21,2022-06-21 23:50:00+00:00,20722.6029395992,741784,1566,43014.8215516133,42835.7065045073,42689.2914908190
2022-06-22,2022-06-22 23:50:00+00:00,19984.7168730269,741912,1565,43044.4092646417,42835.7065045073,42689.2914908190
2022-06-23,2022-06-23 23:50:00+00:00,21080.3098495812,742063,1564,43076.1894216923,42835.7065045073,42689.2914908190
2022-06-24,2022-06-24 23:50:00+00:00,21266.2277304143,742192,1563,43104.9655703039,43045.6979414183,42689.2914908190
2022-06-25,2022-06-25 23:50:00+00:00,21481.2629610279,742342,1562,43133.3231371228,43045.6979414183,42689.2914908190
2022-06-26,2022-06-26 23:50:00+00:00,21037.0451337280,742482,1561,43161.1926865868,43045.6979414183,42689.2914908190
2022-06-27,2022-06-27 23:50:00+00:00,20739.1843433276,742617,1560,43190.3094786640,43045.6979414183,42689.2914908190
2022-06-28,2022-06-28 23:50:00+00:00,20281.2650899531,742765,1559,43220.3210207711,43045.6979414183,42689.2914908190
2022-06-29,2022-06-29 23:50:00+00:00,20089.3186906676,742915,1558,43251.7200650194,43045.6979414183,42689.2914908190
2022-06-30,2022-06-30 23:50:00+00:00,19763.6952774366,743087,1557,43283.7720450399,43045.6979414183,42689.2914908190
2022-07-01,2022-07-01 23:50:00+00:00,19329.3235243471,743221,1556,43316.9018119050,43244.2986740242,43047.6920266536
2022-07-02,2022-07-02 23:50:00+00:00,19241.9281031633,743359,1555,43351.4992131072,43244.2986740242,43047.6920266536
2022-07-03,2022-07-03 23:50:00+00:00,19298.5751553353,743512,1554,43386.4811869908,43244.2986740242,43047.6920266536
2022-07-04,2022-07-04 23:50:00+00:00,20251.3694537735,743657,1553,43421.3796230720,43244.2986740242,43047.6920266536
2022-07-05,2022-07-05 23:50:00+00:00,20176.5588718361,743775,1552,43453.4130944860,43244.2986740242,43047.6920266536
2022-07-06,2022-07-06 23:50:00+00:00,20561.9363261429,743901,1551,43485.7584880263,43244.2986740242,43047.6920266536
2022-07-07,2022-07-07 23:50:00+00:00,21645.8716870398,744059,1550,43517.0589580366,43244.2986740242,43047.6920266536
2022-07-08,2022-07-08 23:50:00+00:00,21822.0877764005,744207,1549,43545.4635647181,43486.6560926970,43047.6920266536
2022-07-09,2022-07-09 23:50:00+00:00,21588.6528719916,744338,1548,43573.4844822093,43486.6560926970,43047.6920266536
2022-07-10,2022-07-10 23:50:00+00:00,20856.2644133476,744494,1547,43602.1867066950,43486.6560926970,43047.6920266536
2022-07-11,2022-07-11 23:50:00+00:00,19991.5367838588,744616,1546,43632.9669666033,43486.6560926970,43047.6920266536
2022-07-12,2022-07-12 23:50:00+00:00,19321.7059522949,744768,1545,43666.3900391105,43486.6560926970,43047.6920266536
2022-07-13,2022-07-13 23:50:00+00:00,20196.9307174547,744878,1544,43702.0526565383,43486.6560926970,43047.6920266536
2022-07-14,2022-07-14 23:50:00+00:00,20573.8248073523,744999,1543,43735.0394977465,43486.6560926970,43047.6920266536
2022-07-15,2022-07-15 23:50:00+00:00,20828.2312993254,745143,1542,43766.9922758554,43682.8894459791,43047.6920266536
2022-07-16,2022-07-16 23:50:00+00:00,21196.9735310061,745291,1541,43798.2942784193,43682.8894459791,43047.6920266536
2022-07-17,2022-07-17 23:50:00+00:00,20824.4219439899,745415,1540,43828.6399836482,43682.8894459791,43047.6920266536
2022-07-18,2022-07-18 23:50:00+00:00,22390.3998295030,745547,1539,43860.1222318321,43682.8894459791,43047.6920266536
2022-07-19,2022-07-19 23:50:00+00:00,23396.6155182471,745685,1538,43887.4843007157,43682.8894459791,43047.6920266536
2022-07-20,2022-07-20 23:50:00+00:00,23318.1604588776,745809,1537,43912.5062817973,43682.8894459791,43047.6920266536
2022-07-21,2022-07-21 23:50:00+00:00,23157.5363121651,745949,1536,43937.7701886841,43682.8894459791,43047.6920266536
2022-07-22,2022-07-22 23:50:00+00:00,22716.5636261223,746081,1535,43963.4706943357,43901.8584089830,43047.6920266536
2022-07-23,2022-07-23 23:50:00+00:00,22479.5229338009,746234,1534,43990.2922875026,43901.8584089830,43047.6920266536
2022-07-24,2022-07-24 23:50:00+00:00,22625.6802622819,746392,1533,44017.7683641476,43901.8584089830,43047.6920266536
2022-07-25,2022-07-25 23:50:00+00:00,21387.8666015321,746535,1532,44044.9508328846,43901.8584089830,43047.6920266536
2022-07-26,2022-07-26 23:50:00+00:00,21214.4122549269,746694,1531,44075.4479014517,43901.8584089830,43047.6920266536
2022-07-27,2022-07-27 23:50:00+00:00,22905.3201467801,746859,1530,44106.5132472839,43901.8584089830,43047.6920266536
2022-07-28,2022-07-28 23:50:00+00:00,23839.5120338714,747001,1529,44133.2299072187,43901.8584089830,43047.6920266536
2022-07-29,2022-07-29 23:50:00+00:00,23813.7935056561,747144,1528,44157.8306733487,44089.6101703280,43047.6920266536
2022-07-30,2022-07-30 23:50:00+00:00,23657.6172892915,747273,1527,44182.5490695198,44089.6101703280,43047.6920266536
2022-07-31,2022-07-31 23:50:00+00:00,23341.2078457337,747428,1526,44207.6826253903,44089.6101703280,43047.6920266536
2022-08-01,2022-08-01 23:50:00+00:00,23318.6741289877,747564,1525,44233.6129724120,44089.6101703280,44108.9593507678
2022-08-02,2022-08-02 23:50:00+00:00,22981.6406318257,747719,1524,44259.6610611344,44089.6101703280,44108.9593507678
2022-08-03,2022-08-03 23:50:00+00:00,22852.6944017391,747862,1523,44286.5840004123,44089.6101703280,44108.9593507678
2022-08-04,2022-08-04 23:50:00+00:00,22640.3955891482,747996,1522,44313.8919328183,44089.6101703280,44108.9593507678
2022-08-05,2022-08-05 23:50:00+00:00,23248.4539263128,748146,1521,44341.7999556925,44262.4839234127,44108.9593507678
2022-08-06,2022-08-06 23:50:00+00:00,22968.0760089488,748306,1520,44368.2837644070,44262.4839234127,44108.9593507678
2022-08-07,2022-08-07 23:50:00+00:00,23172.9679689875,748466,1519,44395.5154611322,44262.4839234127,44108.9593507678
2022-08-08,2022-08-08 23:50:00+00:00,23801.3497511068,748608,1518,44422.3161081884,44262.4839234127,44108.9593507678
2022-08-09,2022-08-09 23:50:00+00:00,23173.1383715564,748752,1517,44447.7007562676,44262.4839234127,44108.9593507678
2022-08-10,2022-08-10 23:50:00+00:00,23933.8019126906,748901,1516,44474.6340186652,44262.4839234127,44108.9593507678
2022-08-11,2022-08-11 23:50:00+00:00,23958.2824285332,749041,1515,44499.8428193609,44262.4839234127,44108.9593507678
2022-08-12,2022-08-12 23:50:00+00:00,24404.6160719396,749193,1514,44525.0576680234,44447.6255618855,44108.9593507678
2022-08-13,2022-08-13 23:50:00+00:00,24431.2686713633,749333,1513,44549.3331470128,44447.6255618855,44108.9593507678
2022-08-14,2022-08-14 23:50:00+00:00,24325.8405236146,749466,1512,44573.6085349751,44447.6255618855,44108.9593507678
2022-08-15,2022-08-15 23:50:00+00:00,24147.3078245493,749612,1511,44598.1760898403,44447.6255618855,44108.9593507678
2022-08-16,2022-08-16 23:50:00+00:00,23892.4844395905,749760,1510,44623.2041296258,44447.6255618855,44108.9593507678
2022-08-17,2022-08-17 23:50:00+00:00,23318.9443354551,749887,1509,44648.8769964410,44447.6255618855,44108.9593507678
2022-08-18,2022-08-18 23:50:00+00:00,23217.3312946477,750033,1508,44675.9759990067,44447.6255618855,44108.9593507678
2022-08-19,2022-08-19 23:50:00+00:00,20882.6507067123,750209,1507,44703.3928280538,44617.2702231321,44108.9593507678
2022-08-20,2022-08-20 23:50:00+00:00,21169.0766722861,750360,1506,44737.2783555830,44617.2702231321,44108.9593507678
2022-08-21,2022-08-21 23:50:00+00:00,21541.5318333653,750506,1505,44770.3974901984,44617.2702231321,44108.9593507678
2022-08-22,2022-08-22 23:50:00+00:00,21371.3952632278,750649,1504,44802.5197450122,44617.2702231321,44108.9593507678
2022-08-23,2022-08-23 23:50:00+00:00,21526.1664959397,750822,1503,44835.2252327282,44617.2702231321,44108.9593507678
2022-08-24,2022-08-24 23:50:00+00:00,21399.6253787026,750968,1502,44867.5712392360,44617.2702231321,44108.9593507678
2022-08-25,2022-08-25 23:50:00+00:00,21604.0645670616,751127,1501,44900.3760996036,44617.2702231321,44108.9593507678
2022-08-26,2022-08-26 23:50:00+00:00,20233.2052908585,751304,1500,44932.6776032454,44854.3874570183,44108.9593507678
2022-08-27,2022-08-27 23:50:00+00:00,20059.3694590567,751449,1499,44969.2992166627,44854.3874570183,44108.9593507678
2022-08-28,2022-08-28 23:50:00+00:00,19649.7191862551,751608,1498,45006.6087401306,44854.3874570183,44108.9593507678
2022-08-29,2022-08-29 23:50:00+00:00,20284.9006810602,751766,1497,45045.4388529851,44854.3874570183,44108.9593507678
2022-08-30,2022-08-30 23:50:00+00:00,19790.3279489311,751927,1496,45082.2230198305,44854.3874570183,44108.9593507678
2022-08-31,2022-08-31 23:50:00+00:00,20044.0076430109,752075,1495,45120.7942885128,44854.3874570183,44108.9593507678
2022-09-01,2022-09-01 23:50:00+00:00,20114.4114039023,752211,1494,45158.6104372738,44854.3874570183,44909.7654583166
2022-09-02,2022-09-02 23:50:00+00:00,19945.9517422637,752341,1493,45196.3018929991,45110.9019754856,44909.7654583166
2022-09-03,2022-09-03 23:50:00+00:00,19815.0495411116,752487,1492,45234.6828118084,45110.9019754856,44909.7654583166
2022-09-04,2022-09-04 23:50:00+00:00,19978.8066598985,752657,1491,45273.6358959117,45110.9019754856,44909.7654583166
2022-09-05,2022-09-05 23:50:00+00:00,19832.6172729017,752809,1490,45312.1385350343,45110.9019754856,44909.7654583166
2022-09-06,2022-09-06 23:50:00+00:00,18849.6753555976,752951,1489,45351.2681857248,45110.9019754856,44909.7654583166
2022-09-07,2022-09-07 23:50:00+00:00,19290.0382038841,753097,1488,45394.1590844537,45110.9019754856,44909.7654583166
2022-09-08,2022-09-08 23:50:00+00:00,19328.2611306367,753225,1487,45435.5076454878,45110.9019754856,44909.7654583166
2022-09-09,2022-09-09 23:50:00+00:00,21366.2314998991,753372,1486,45476.8447260213,45379.6982917462,44909.7654583166
2022-09-10,2022-09-10 23:50:00+00:00,21678.0754348102,753528,1485,45511.4286558850,45379.6982917462,44909.7654583166
2022-09-11,2022-09-11 23:50:00+00:00,21766.3274168508,753711,1484,45545.1708143385,45379.6982917462,44909.7654583166
2022-09-12,2022-09-12 23:50:00+00:00,22334.5824233890,753865,1483,45578.7466473692,45379.6982917462,44909.7654583166
2022-09-13,2022-09-13 23:50:00+00:00,20189.6989563714,754002,1482,45610.7765309846,45379.6982917462,44909.7654583166
2022-09-14,2022-09-14 23:50:00+00:00,20253.9460385493,754127,1481,45649.5867330839,45379.6982917462,44909.7654583166
2022-09-15,2022-09-15 23:50:00+00:00,19713.1985309829,754276,1480,45688.2940218077,45379.6982917462,44909.7654583166
2022-09-16,2022-09-16 23:50:00+00:00,19755.1304994057,754403,1479,45729.0342927690,45621.5566901738,44909.7654583166
2022-09-17,2022-09-17 23:50:00+00:00,20132.0630259975,754571,1478,45769.7499482031,45621.5566901738,44909.7654583166
2022-09-18,2022-09-18 23:50:00+00:00,19415.1877230739,754727,1477,45809.2468667993,45621.5566901738,44909.7654583166
2022-09-19,2022-09-19 23:50:00+00:00,19562.5526295790,754856,1476,45851.4778869376,45621.5566901738,44909.7654583166
2022-09-20,2022-09-20 23:50:00+00:00,18883.7186228706,755009,1475,45893.2902278538,45621.5566901738,44909.7654583166
2022-09-21,2022-09-21 23:50:00+00:00,18536.0271299148,755150,1474,45937.8664760571,45621.5566901738,44909.7654583166
2022-09-22,2022-09-22 23:50:00+00:00,19419.0399890887,755277,1473,45984.0159983692,45621.5566901738,44909.7654583166
2022-09-23,2022-09-23 23:50:00+00:00,19305.2177215994,755412,1472,46026.7904601554,45906.4272474049,44909.7654583166
2022-09-24,2022-09-24 23:50:00+00:00,18945.0143575080,755559,1471,46070.1409670591,45906.4272474049,44909.7654583166
2022-09-25,2022-09-25 23:50:00+00:00,18794.8612616858,755706,1470,46115.0570888856,45906.4272474049,44909.7654583166
2022-09-26,2022-09-26 23:50:00+00:00,19204.7216214916,755857,1469,46160.7338806825,45906.4272474049,44909.7654583166
2022-09-27,2022-09-27 23:50:00+00:00,19114.0732790285,755986,1468,46204.9122542427,45906.4272474049,44909.7654583166
2022-09-28,2022-09-28 23:50:00+00:00,19429.8141180282,756136,1467,46249.5957390028,45906.4272474049,44909.7654583166
2022-09-29,2022-09-29 23:50:00+00:00,19542.4779914474,756278,1466,46293.1840131273,45906.4272474049,44909.7654583166
2022-09-30,2022-09-30 23:50:00+00:00,19451.4111780518,756447,1465,46336.4793402493,46209.6347343792,44909.7654583166
2022-10-01,2022-10-01 23:50:00+00:00,19309.7614239346,756627,1464,46380.2670464692,46209.6347343792,46068.7382025341
2022-10-02,2022-10-02 23:50:00+00:00,19047.2931378749,756786,1463,46424.7531877733,46209.6347343792,46068.7382025341
2022-10-03,2022-10-03 23:50:00+00:00,19623.3842510898,756939,1462,46470.4398361260,46209.6347343792,46068.7382025341
2022-10-04,2022-10-04 23:50:00+00:00,20336.3052517934,757103,1461,46513.9966591528,46209.6347343792,46068.7382025341
2022-10-05,2022-10-05 23:50:00+00:00,20166.1318767575,757278,1460,46555.0428789941,46209.6347343792,46068.7382025341
2022-10-06,2022-10-06 23:50:00+00:00,19952.0789059054,757435,1459,46596.8355374455,46209.6347343792,46068.7382025341
2022-10-07,2022-10-07 23:50:00+00:00,19545.9509487813,757607,1458,46639.5544779878,46515.8031602802,46068.7382025341
2022-10-08,2022-10-08 23:50:00+00:00,19412.5842776521,757783,1457,46683.9683033447,46515.8031602802,46068.7382025341
2022-10-09,2022-10-09 23:50:00+00:00,19443.8017974638,757941,1456,46729.0551071368,46515.8031602802,46068.7382025341
2022-10-10,2022-10-10 23:50:00+00:00,19141.0614937310,758105,1455,46774.1668776261,46515.8031602802,46068.7382025341
2022-10-11,2022-10-11 23:50:00+00:00,19049.8632579463,758266,1454,46820.6544372122,46515.8031602802,46068.7382025341
2022-10-12,2022-10-12 23:50:00+00:00,19157.5407658463,758401,1453,46867.6767733841,46515.8031602802,46068.7382025341
2022-10-13,2022-10-13 23:50:00+00:00,19385.4112671968,758544,1452,46914.4113760139,46515.8031602802,46068.7382025341
2022-10-14,2022-10-14 23:50:00+00:00,19186.2823440279,758701,1451,46960.3713239708,46826.4375586826,46068.7382025341
2022-10-15,2022-10-15 23:50:00+00:00,19066.5776282421,758852,1450,47007.3008646927,46826.4375586826,46068.7382025341
2022-10-16,2022-10-16 23:50:00+00:00,19266.8895837666,758998,1449,47054.8892827265,46826.4375586826,46068.7382025341
2022-10-17,2022-10-17 23:50:00+00:00,19552.7255051626,759147,1448,47101.8046004256,46826.4375586826,46068.7382025341
2022-10-18,2022-10-18 23:50:00+00:00,19338.5227710068,759289,1447,47147.7129713952,46826.4375586826,46068.7382025341
2022-10-19,2022-10-19 23:50:00+00:00,19137.3951919105,759440,1446,47194.6471797581,46826.4375586826,46068.7382025341
2022-10-20,2022-10-20 23:50:00+00:00,19050.9229668731,759586,1445,47242.5794569857,46826.4375586826,46068.7382025341
2022-10-21,2022-10-21 23:50:00+00:00,19175.5779435326,759739,1444,47291.0431242623,47154.6110274906,46068.7382025341
2022-10-22,2022-10-22 23:50:00+00:00,19207.5132472086,759876,1443,47339.1437668881,47154.6110274906,46068.7382025341
2022-10-23,2022-10-23 23:50:00+00:00,19569.5004918108,760031,1442,47387.2742511680,47154.6110274906,46068.7382025341
2022-10-24,2022-10-24 23:50:00+00:00,19342.9504977438,760168,1441,47434.0659704229,47154.6110274906,46068.7382025341
2022-10-25,2022-10-25 23:50:00+00:00,20100.3596045070,760291,1440,47481.9523871598,47154.6110274906,46068.7382025341
2022-10-26,2022-10-26 23:50:00+00:00,20777.2378745095,760445,1439,47526.9442503486,47154.6110274906,46068.7382025341
2022-10-27,2022-10-27 23:50:00+00:00,20285.2758821134,760581,1438,47569.5336202443,47154.6110274906,46068.7382025341
2022-10-28,2022-10-28 23:50:00+00:00,20601.8588176954,760738,1437,47614.1002752558,47490.9895339288,46068.7382025341
2022-10-29,2022-10-29 23:50:00+00:00,20817.5706336963,760881,1436,47657.6145828425,47490.9895339288,46068.7382025341
2022-10-30,2022-10-30 23:50:00+00:00,20632.6321770794,761017,1435,47700.4717981889,47490.9895339288,46068.7382025341
2022-10-31,2022-10-31 23:50:00+00:00,20499.2197698344,761187,1434,47744.1505257359,47490.9895339288,46068.7382025341
2022-11-01,2022-11-01 23:50:00+00:00,20481.8803685749,761333,1433,47788.4731372563,47490.9895339288,47438.2962371525
2022-11-02,2022-11-02 23:50:00+00:00,20162.8932357976,761457,1432,47833.0061776329,47490.9895339288,47438.2962371525
2022-11-03,2022-11-03 23:50:00+00:00,20204.7645080719,761621,1431,47878.9220470006,47490.9895339288,47438.2962371525
2022-11-04,2022-11-04 23:50:00+00:00,21149.0275520611,761748,1430,47924.8254749188,47795.2892794453,47438.2962371525
2022-11-05,2022-11-05 23:50:00+00:00,21276.1015711656,761899,1429,47967.3231599143,47795.2892794453,47438.2962371525
2022-11-06,2022-11-06 23:50:00+00:00,20932.9567094981,762038,1428,48009.5001295071,47795.2892794453,47438.2962371525
2022-11-07,2022-11-07 23:50:00+00:00,20593.7267584047,762181,1427,48053.0573037719,47795.2892794453,47438.2962371525
2022-11-08,2022-11-08 23:50:00+00:00,18534.2689543040,762345,1426,48098.0314342144,47795.2892794453,47438.2962371525
2022-11-09,2022-11-09 23:50:00+00:00,15863.3444420538,762492,1425,48151.9307292262,47795.2892794453,47438.2962371525
2022-11-10,2022-11-10 23:50:00+00:00,17571.8455991075,762641,1424,48220.8561146807,47795.2892794453,47438.2962371525
2022-11-11,2022-11-11 23:50:00+00:00,17008.5846034813,762774,1423,48280.0343144578,48092.3131721063,47438.2962371525
2022-11-12,2022-11-12 23:50:00+00:00,16798.1058875748,762942,1422,48342.5385858035,48092.3131721063,47438.2962371525
2022-11-13,2022-11-13 23:50:00+00:00,16346.5594089160,763070,1421,48406.5079571438,48092.3131721063,47438.2962371525
2022-11-14,2022-11-14 23:50:00+00:00,16634.9151166923,763194,1420,48473.4581949178,48092.3131721063,47438.2962371525
2022-11-15,2022-11-15 23:50:00+00:00,16867.7787530461,763349,1419,48538.9278995209,48092.3131721063,47438.2962371525
2022-11-16,2022-11-16 23:50:00+00:00,16663.0785119941,763498,1418,48603.2848291683,48092.3131721063,47438.2962371525
2022-11-17,2022-11-17 23:50:00+00:00,16686.2157713881,763637,1417,48669.1212376329,48092.3131721063,47438.2962371525
2022-11-18,2022-11-18 23:50:00+00:00,16695.3517671969,763775,1416,48735.0900367893,48529.2031230038,47438.2962371525
2022-11-19,2022-11-19 23:50:00+00:00,16717.7103026608,763923,1415,48801.2763402950,48529.2031230038,47438.2962371525
2022-11-20,2022-11-20 23:50:00+00:00,16287.9153275063,764072,1414,48867.6013697208,48529.2031230038,47438.2962371525
2022-11-21,2022-11-21 23:50:00+00:00,15797.5306160848,764199,1413,48936.8762004870,48529.2031230038,47438.2962371525
2022-11-22,2022-11-22 23:50:00+00:00,16178.8837017430,764327,1412,49009.6880333680,48529.2031230038,47438.2962371525
2022-11-23,2022-11-23 23:50:00+00:00,16622.3073757729,764467,1411,49080.2731158582,48529.2031230038,47438.2962371525
2022-11-24,2022-11-24 23:50:00+00:00,16589.3319620691,764596,1410,49148.3374668125,48529.2031230038,47438.2962371525
2022-11-25,2022-11-25 23:50:00+00:00,16526.6323199933,764719,1409,49216.8934617720,48991.6526402787,47438.2962371525
2022-11-26,2022-11-26 23:50:00+00:00,16470.6078999551,764827,1408,49286.1333116132,48991.6526402787,47438.2962371525
2022-11-27,2022-11-27 23:50:00+00:00,16449.9969497286,764964,1407,49356.0234335214,48991.6526402787,47438.2962371525
2022-11-28,2022-11-28 23:50:00+00:00,16221.6197474809,765104,1406,49426.3440692910,48991.6526402787,47438.2962371525
2022-11-29,2022-11-29 23:50:00+00:00,16447.8839878520,765233,1405,49498.4583058678,48991.6526402787,47438.2962371525
2022-11-30,2022-11-30 23:50:00+00:00,17178.3154069279,765373,1404,49569.4022861710,48991.6526402787,47438.2962371525
2022-12-01,2022-12-01 23:50:00+00:00,16962.9864042288,765526,1403,49636.1113779420,48991.6526402787,48804.9494672153
2022-12-02,2022-12-02 23:50:00+00:00,17076.2987834337,765651,1402,49704.3979267069,49475.1817836159,48804.9494672153
2022-12-03,2022-12-03 23:50:00+00:00,16915.7101046282,765781,1401,49772.2787995626,49475.1817836159,48804.9494672153
2022-12-04,2022-12-04 23:50:00+00:00,17137.5971606099,765920,1400,49841.4291561920,49475.1817836159,48804.9494672153
2022-12-05,2022-12-05 23:50:00+00:00,16974.7095898030,766066,1399,49909.5083321224,49475.1817836159,48804.9494672153
2022-12-06,2022-12-06 23:50:00+00:00,17085.2759876795,766201,1398,49978.8719823314,49475.1817836159,48804.9494672153
2022-12-07,2022-12-07 23:50:00+00:00,16850.7725156191,766374,1397,50047.8448574951,49475.1817836159,48804.9494672153
2022-12-08,2022-12-08 23:50:00+00:00,17243.5175017402,766541,1396,50118.5731623291,49475.1817836159,48804.9494672153
2022-12-09,2022-12-09 23:50:00+00:00,17137.6591719095,766694,1395,50187.1628890408,49949.0235069006,48804.9494672153
2022-12-10,2022-12-10 23:50:00+00:00,17124.0154778202,766847,1394,50256.6884554285,49949.0235069006,48804.9494672153
2022-12-11,2022-12-11 23:50:00+00:00,17102.8393952077,766992,1393,50326.5916889078,49949.0235069006,48804.9494672153
2022-12-12,2022-12-12 23:50:00+00:00,17211.8140173909,767138,1392,50396.9224381144,49949.0235069006,48804.9494672153
2022-12-13,2022-12-13 23:50:00+00:00,17783.9600929862,767301,1391,50466.8737508012,49949.0235069006,48804.9494672153
2022-12-14,2022-12-14 23:50:00+00:00,17827.3238934862,767451,1390,50533.6863660718,49949.0235069006,48804.9494672153
2022-12-15,2022-12-15 23:50:00+00:00,17371.0623816473,767588,1389,50600.5205777334,49949.0235069006,48804.9494672153
2022-12-16,2022-12-16 23:50:00+00:00,16626.2363396483,767718,1388,50670.3536823013,50434.2508722179,48804.9494672153
2022-12-17,2022-12-17 23:50:00+00:00,16800.2299463017,767856,1387,50745.2684128951,50434.2508722179,48804.9494672153
2022-12-18,2022-12-18 23:50:00+00:00,16777.8759469250,768001,1386,50819.3528489299,50434.2508722179,48804.9494672153
2022-12-19,2022-12-19 23:50:00+00:00,16450.9541764290,768138,1385,50893.9096826720,50434.2508722179,48804.9494672153
2022-12-20,2022-12-20 23:50:00+00:00,16899.8165427898,768278,1384,50971.0171659256,50434.2508722179,48804.9494672153
2022-12-21,2022-12-21 23:50:00+00:00,16810.9313539419,768421,1383,51045.4286768392,50434.2508722179,48804.9494672153
2022-12-22,2022-12-22 23:50:00+00:00,16829.6053834631,768557,1382,51120.7575408971,50434.2508722179,48804.9494672153
2022-12-23,2022-12-23 23:50:00+00:00,16795.7521963342,768688,1381,51196.2933672859,50957.5731987703,48804.9494672153
2022-12-24,2022-12-24 23:50:00+00:00,16850.4640968049,768777,1380,51272.3908514783,50957.5731987703,48804.9494672153
2022-12-25,2022-12-25 23:50:00+00:00,16838.6202253249,768916,1379,51348.4561254044,50957.5731987703,48804.9494672153
2022-12-26,2022-12-26 23:50:00+00:00,16892.5830891551,769046,1378,51424.9384280799,50957.5731987703,48804.9494672153
2022-12-27,2022-12-27 23:50:00+00:00,16711.6871278683,769162,1377,51501.3950649269,50957.5731987703,48804.9494672153
2022-12-28,2022-12-28 23:50:00+00:00,16547.5668695962,769331,1376,51579.4299132145,50957.5731987703,48804.9494672153
2022-12-29,2022-12-29 23:50:00+00:00,16633.7304966220,769471,1375,51658.9674455258,50957.5731987703,48804.9494672153
2022-12-30,2022-12-30 23:50:00+00:00,16605.9224361608,769630,1374,51738.2570923056,51489.1809586364,48804.9494672153
2022-12-31,2022-12-31 23:50:00+00:00,16553.3369865751,769786,1373,51818.1034265123,51489.1809586364,48804.9494672153
2023-01-01,2023-01-01 23:50:00+00:00,16620.8199266805,769941,1372,51898.6890800216,51489.1809586364,50881.2861123683
2023-01-02,2023-01-02 23:50:00+00:00,16693.9300090974,770096,1371,51979.1605078356,51489.1809586364,50881.2861123683
2023-01-03,2023-01-03 23:50:00+00:00,16682.7158853094,770250,1370,52059.4786432502,51489.1809586364,50881.2861123683
2023-01-04,2023-01-04 23:50:00+00:00,16865.1597548515,770393,1369,52140.2432234701,51489.1809586364,50881.2861123683
2023-01-05,2023-01-05 23:50:00+00:00,16841.8215955243,770550,1368,52220.0847930407,51489.1809586364,50881.2861123683
2023-01-06,2023-01-06 23:50:00+00:00,16961.0574113138,770729,1367,52300.4530190416,52047.0004374070,50881.2861123683
2023-01-07,2023-01-07 23:50:00+00:00,16950.8882359895,770884,1366,52380.3488062679,52047.0004374070,50881.2861123683
2023-01-08,2023-01-08 23:50:00+00:00,17057.2244579190,771038,1365,52460.6779850714,52047.0004374070,50881.2861123683
2023-01-09,2023-01-09 23:50:00+00:00,17190.7096891330,771190,1364,52540.6279270022,52047.0004374070,50881.2861123683
2023-01-10,2023-01-10 23:50:00+00:00,17437.1071503611,771359,1363,52620.0149870739,52047.0004374070,50881.2861123683
2023-01-11,2023-01-11 23:50:00+00:00,17915.6525152447,771506,1362,52698.0833381959,52047.0004374070,50881.2861123683
2023-01-12,2023-01-12 23:50:00+00:00,18869.8571757962,771656,1361,52773.3640911093,52047.0004374070,50881.2861123683
2023-01-13,2023-01-13 23:50:00+00:00,19865.2735827629,771816,1360,52843.1754366962,52605.0503687392,50881.2861123683
2023-01-14,2023-01-14 23:50:00+00:00,21020.7215506419,771983,1359,52907.8046329773,52605.0503687392,50881.2861123683
2023-01-15,2023-01-15 23:50:00+00:00,20873.3528803426,772149,1358,52966.9706779335,52605.0503687392,50881.2861123683
2023-01-16,2023-01-16 23:50:00+00:00,21171.4001086333,772296,1357,53027.0526393584,52605.0503687392,50881.2861123683
2023-01-17,2023-01-17 23:50:00+00:00,21187.1355580904,772453,1356,53085.9582819142,52605.0503687392,50881.2861123683
2023-01-18,2023-01-18 23:50:00+00:00,20722.7180850346,772591,1355,53145.0090566630,52605.0503687392,50881.2861123683
2023-01-19,2023-01-19 23:50:00+00:00,21067.8028282030,772736,1354,53206.4903405830,52605.0503687392,50881.2861123683
2023-01-20,2023-01-20 23:50:00+00:00,22664.2359854773,772869,1353,53266.5476186127,53055.7758419704,50881.2861123683
2023-01-21,2023-01-21 23:50:00+00:00,22795.6825348052,773007,1352,53319.7982738383,53055.7758419704,50881.2861123683
2023-01-22,2023-01-22 23:50:00+00:00,22715.7809479875,773159,1351,53372.6981067597,53055.7758419704,50881.2861123683
2023-01-23,2023-01-23 23:50:00+00:00,22954.1108635781,773316,1350,53426.1078606008,53055.7758419704,50881.2861123683
2023-01-24,2023-01-24 23:50:00+00:00,22625.9958975026,773446,1349,53478.7349822866,53055.7758419704,50881.2861123683
2023-01-25,2023-01-25 23:50:00+00:00,23149.5513940547,773618,1348,53532.8872686464,53055.7758419704,50881.2861123683
2023-01-26,2023-01-26 23:50:00+00:00,23023.9445728568,773775,1347,53585.0991470690,53055.7758419704,50881.2861123683
2023-01-27,2023-01-27 23:50:00+00:00,23071.7989901938,773930,1346,53637.9944974063,53426.9818129866,50881.2861123683
2023-01-28,2023-01-28 23:50:00+00:00,23015.4616798857,774098,1345,53690.8801863893,53426.9818129866,50881.2861123683
2023-01-29,2023-01-29 23:50:00+00:00,23773.9859406473,774258,1344,53744.1772098599,53426.9818129866,50881.2861123683
2023-01-30,2023-01-30 23:50:00+00:00,22813.3797227136,774397,1343,53794.6724879369,53426.9818129866,50881.2861123683
2023-01-31,2023-01-31 23:50:00+00:00,23137.1610289574,774511,1342,53849.1649415992,53426.9818129866,50881.2861123683
2023-02-01,2023-02-01 23:50:00+00:00,23711.5276291104,774649,1341,53902.5203415300,53426.9818129866,53323.8728474792
2023-02-02,2023-02-02 23:50:00+00:00,23494.4363886378,774793,1340,53953.7869978950,53426.9818129866,53323.8728474792
2023-02-03,2023-02-03 23:50:00+00:00,23459.9535879408,774924,1339,54006.0768799402,53795.6172312769,53323.8728474792
2023-02-04,2023-02-04 23:50:00+00:00,23318.7479950308,775062,1338,54058.6832458389,53795.6172312769,53323.8728474792
2023-02-05,2023-02-05 23:50:00+00:00,22965.0722306378,775212,1337,54112.0364111609,53795.6172312769,53323.8728474792
2023-02-06,2023-02-06 23:50:00+00:00,22768.9717738561,775363,1336,54167.0254890541,53795.6172312769,53323.8728474792
2023-02-07,2023-02-07 23:50:00+00:00,23273.9843360699,775504,1335,54223.0350110493,53795.6172312769,53323.8728474792
2023-02-08,2023-02-08 23:50:00+00:00,22945.9456066122,775643,1334,54277.1400508370,53795.6172312769,53323.8728474792
2023-02-09,2023-02-09 23:50:00+00:00,21835.0704743514,775803,1333,54332.7948844188,53795.6172312769,53323.8728474792
2023-02-10,2023-02-10 23:50:00+00:00,21641.6928126042,775950,1332,54393.5722274125,54162.2996437318,53323.8728474792
2023-02-11,2023-02-11 23:50:00+00:00,21871.6150723341,776100,1331,54455.4890419948,54162.2996437318,53323.8728474792
2023-02-12,2023-02-12 23:50:00+00:00,21768.0249514631,776262,1330,54516.5549228331,54162.2996437318,53323.8728474792
2023-02-13,2023-02-13 23:50:00+00:00,21816.4969923938,776417,1329,54578.3377969141,54162.2996437318,53323.8728474792
2023-02-14,2023-02-14 23:50:00+00:00,22226.8957960230,776572,1328,54640.1247649638,54162.2996437318,53323.8728474792
2023-02-15,2023-02-15 23:50:00+00:00,24295.7823268440,776732,1327,54700.2368466088,54162.2996437318,53323.8728474792
2023-02-16,2023-02-16 23:50:00+00:00,23657.2506992149,776912,1326,54751.9096561400,54162.2996437318,53323.8728474792
2023-02-17,2023-02-17 23:50:00+00:00,24577.9165475380,777078,1325,54806.2767284448,54594.0764756446,53323.8728474792
2023-02-18,2023-02-18 23:50:00+00:00,24636.1826568973,777244,1324,54857.2350896073,54594.0764756446,53323.8728474792
2023-02-19,2023-02-19 23:50:00+00:00,24359.1634691171,777408,1323,54908.1462629964,54594.0764756446,53323.8728474792
2023-02-20,2023-02-20 23:50:00+00:00,24801.8254036576,777555,1322,54960.2839663567,54594.0764756446,53323.8728474792
2023-02-21,2023-02-21 23:50:00+00:00,24412.7766763074,777722,1321,55010.9213893821,54594.0764756446,53323.8728474792
2023-02-22,2023-02-22 23:50:00+00:00,24190.5007953479,777862,1320,55063.2049878847,54594.0764756446,53323.8728474792
2023-02-23,2023-02-23 23:50:00+00:00,23946.3366542478,778034,1319,55116.5344151230,54594.0764756446,53323.8728474792
2023-02-24,2023-02-24 23:50:00+00:00,23203.8254047461,778167,1318,55171.0218158987,54949.1425520817,53323.8728474792
2023-02-25,2023-02-25 23:50:00+00:00,23169.2730798490,778275,1317,55228.7947935091,54949.1425520817,53323.8728474792
2023-02-26,2023-02-26 23:50:00+00:00,23540.4512720207,778442,1316,55286.9262476426,54949.1425520817,53323.8728474792
2023-02-27,2023-02-27 23:50:00+00:00,23519.8639792693,778583,1315,55343.6837185944,54949.1425520817,53323.8728474792
2023-02-28,2023-02-28 23:50:00+00:00,23159.3538037001,778721,1314,55400.7313520139,54949.1425520817,53323.8728474792
2023-03-01,2023-03-01 23:50:00+00:00,23652.7497737762,778890,1313,55459.5342383123,54949.1425520817,54881.5851109531
2023-03-02,2023-03-02 23:50:00+00:00,23479.3218870689,779034,1312,55516.4360208502,54949.1425520817,54881.5851109531
2023-03-03,2023-03-03 23:50:00+00:00,22359.2172096883,779198,1311,55574.2774442522,55351.9478185678,54881.5851109531
2023-03-04,2023-03-04 23:50:00+00:00,22347.3439242321,779355,1310,55637.3693638693,55351.9478185678,54881.5851109531
2023-03-05,2023-03-05 23:50:00+00:00,22442.4745388988,779510,1309,55700.7577465280,55351.9478185678,54881.5851109531
2023-03-06,2023-03-06 23:50:00+00:00,22428.6763935183,779642,1308,55763.9370407741,55351.9478185678,54881.5851109531
2023-03-07,2023-03-07 23:50:00+00:00,22221.3132269194,779805,1307,55827.4221977449,55351.9478185678,54881.5851109531
2023-03-08,2023-03-08 23:50:00+00:00,21723.2768312590,779940,1306,55892.1448206507,55351.9478185678,54881.5851109531
2023-03-09,2023-03-09 23:50:00+00:00,20370.7466111065,780075,1305,55959.5928536202,55351.9478185678,54881.5851109531
2023-03-10,2023-03-10 23:50:00+00:00,20176.7876459319,780209,1304,56034.6662666439,55792.1918562646,54881.5851109531
2023-03-11,2023-03-11 23:50:00+00:00,20663.8971913591,780374,1303,56111.1973198049,55792.1918562646,54881.5851109531
2023-03-12,2023-03-12 23:50:00+00:00,22123.7422269452,780537,1302,56185.2229399225,55792.1918562646,54881.5851109531
2023-03-13,2023-03-13 23:50:00+00:00,24156.6678970693,780694,1301,56251.7907070291,55792.1918562646,54881.5851109531
2023-03-14,2023-03-14 23:50:00+00:00,24781.7852795926,780840,1300,56309.3398813332,55792.1918562646,54881.5851109531
2023-03-15,2023-03-15 23:50:00+00:00,24377.2940104285,780986,1299,56364.5418450015,55792.1918562646,54881.5851109531
2023-03-16,2023-03-16 23:50:00+00:00,25050.1492606499,781119,1298,56421.5795348887,55792.1918562646,54881.5851109531
2023-03-17,2023-03-17 23:50:00+00:00,27399.9518526489,781267,1297,56476.1112064116,56326.7408710088,54881.5851109531
2023-03-18,2023-03-18 23:50:00+00:00,26954.3655983030,781429,1296,56522.3922105923,56326.7408710088,54881.5851109531
2023-03-19,2023-03-19 23:50:00+00:00,28101.0152763422,781578,1295,56570.3116831170,56326.7408710088,54881.5851109531
2023-03-20,2023-03-20 23:50:00+00:00,27716.6859641119,781730,1294,56614.6367267382,56326.7408710088,54881.5851109531
2023-03-21,2023-03-21 23:50:00+00:00,28151.3251208052,781874,1293,56660.3251618539,56326.7408710088,54881.5851109531
2023-03-22,2023-03-22 23:50:00+00:00,27328.3976309554,782035,1292,56704.7719350023,56326.7408710088,54881.5851109531
2023-03-23,2023-03-23 23:50:00+00:00,28335.1620723499,782217,1291,56752.0259976703,56326.7408710088,54881.5851109531
2023-03-24,2023-03-24 23:50:00+00:00,27446.9425539074,782379,1290,56796.1809958086,56650.0208236206,54881.5851109531
2023-03-25,2023-03-25 23:50:00+00:00,27488.8024550984,782526,1289,56843.3361864561,56650.0208236206,54881.5851109531
2023-03-26,2023-03-26 23:50:00+00:00,28013.8277232926,782670,1288,56890.5037325265,56650.0208236206,54881.5851109531
2023-03-27,2023-03-27 23:50:00+00:00,27158.4993024627,782818,1287,56936.1057397579,56650.0208236206,54881.5851109531
2023-03-28,2023-03-28 23:50:00+00:00,27270.2629329723,782951,1286,56984.6906319591,56650.0208236206,54881.5851109531
2023-03-29,2023-03-29 23:50:00+00:00,28349.6327510930,783095,1285,57033.0523290099,56650.0208236206,54881.5851109531
2023-03-30,2023-03-30 23:50:00+00:00,28021.2103883324,783254,1284,57078.0290129701,56650.0208236206,54881.5851109531
2023-03-31,2023-03-31 23:50:00+00:00,28479.2287189028,783394,1283,57124.1984559016,56979.5057217969,54881.5851109531
2023-04-01,2023-04-01 23:50:00+00:00,28473.5683778214,783533,1282,57169.0516222486,56979.5057217969,56620.0913787015
2023-04-02,2023-04-02 23:50:00+00:00,28194.1022318852,783682,1281,57214.0633110805,56979.5057217969,56620.0913787015
2023-04-03,2023-04-03 23:50:00+00:00,27767.6378517015,783814,1280,57260.1081279072,56979.5057217969,56620.0913787015
2023-04-04,2023-04-04 23:50:00+00:00,28167.6974039430,783977,1279,57307.6980104574,56979.5057217969,56620.0913787015
2023-04-05,2023-04-05 23:50:00+00:00,28173.7362916007,784114,1278,57354.1251595052,56979.5057217969,56620.0913787015
2023-04-06,2023-04-06 23:50:00+00:00,28041.1975310074,784275,1277,57400.6808504375,56979.5057217969,56620.0913787015
2023-04-07,2023-04-07 23:50:00+00:00,27924.6805888283,784416,1276,57447.8192381883,57292.8125866502,56620.0913787015
2023-04-08,2023-04-08 23:50:00+00:00,27942.7676656288,784564,1275,57495.4950332981,57292.8125866502,56620.0913787015
2023-04-09,2023-04-09 23:50:00+00:00,28340.4168537808,784710,1274,57543.2648107725,57292.8125866502,56620.0913787015
2023-04-10,2023-04-10 23:50:00+00:00,29628.5443755146,784833,1273,57589.8809981621,57292.8125866502,56620.0913787015
2023-04-11,2023-04-11 23:50:00+00:00,30254.0219674820,784986,1272,57632.6401435121,57292.8125866502,56620.0913787015
2023-04-12,2023-04-12 23:50:00+00:00,29887.1999587814,785148,1271,57673.7040915318,57292.8125866502,56620.0913787015
2023-04-13,2023-04-13 23:50:00+00:00,30391.6738955012,785289,1270,57715.9554668689,57292.8125866502,56620.0913787015
2023-04-14,2023-04-14 23:50:00+00:00,30476.9517386248,785428,1269,57756.8755210873,57625.8045277041,56620.0913787015
2023-04-15,2023-04-15 23:50:00+00:00,30311.3454516351,785587,1268,57797.6757637492,57625.8045277041,56620.0913787015
2023-04-16,2023-04-16 23:50:00+00:00,30307.7565221151,785712,1267,57839.0715604318,57625.8045277041,56620.0913787015
2023-04-17,2023-04-17 23:50:00+00:00,29459.3796486051,785867,1266,57880.6025715311,57625.8045277041,56620.0913787015
2023-04-18,2023-04-18 23:50:00+00:00,30374.5055872356,786033,1265,57924.7792465734,57625.8045277041,56620.0913787015
2023-04-19,2023-04-19 23:50:00+00:00,28787.5762750889,786171,1264,57966.3746906618,57625.8045277041,56620.0913787015
2023-04-20,2023-04-20 23:50:00+00:00,28262.4940909424,786304,1263,58012.9315594200,57625.8045277041,56620.0913787015
2023-04-21,2023-04-21 23:50:00+00:00,27284.5816888357,786450,1262,58061.3611424243,57910.8151579966,56620.0913787015
2023-04-22,2023-04-22 23:50:00+00:00,27809.9630088153,786599,1261,58113.3447790791,57910.8151579966,56620.0913787015
2023-04-23,2023-04-23 23:50:00+00:00,27598.7597086630,786743,1260,58163.6452160174,57910.8151579966,56620.0913787015
2023-04-24,2023-04-24 23:50:00+00:00,27524.7670205672,786887,1259,58214.8536255901,57910.8151579966,56620.0913787015
2023-04-25,2023-04-25 23:50:00+00:00,28336.0379696166,787010,1258,58266.4967760783,57910.8151579966,56620.0913787015
2023-04-26,2023-04-26 23:50:00+00:00,28377.9780770092,787141,1257,58315.4998104143,57910.8151579966,56620.0913787015
2023-04-27,2023-04-27 23:50:00+00:00,29474.4655321431,787272,1256,58364.5221113482,57910.8151579966,56620.0913787015
2023-04-28,2023-04-28 23:50:00+00:00,29357.3343140901,787419,1255,58410.1412398438,58274.2111956200,56620.0913787015
2023-04-29,2023-04-29 23:50:00+00:00,29231.5865778850,787556,1254,58456.2735357964,58274.2111956200,56620.0913787015
2023-04-30,2023-04-30 23:50:00+00:00,29325.8399426098,787702,1253,58502.9528208655,58274.2111956200,56620.0913787015
2023-05-01,2023-05-01 23:50:00+00:00,28095.0419163598,787885,1252,58549.4804123927,58274.2111956200,57984.8250814008
2023-05-02,2023-05-02 23:50:00+00:00,28648.3688581359,788015,1251,58600.2569546026,58274.2111956200,57984.8250814008
2023-05-03,2023-05-03 23:50:00+00:00,29007.5458862813,788156,1250,58649.3112687733,58274.2111956200,57984.8250814008
2023-05-04,2023-05-04 23:50:00+00:00,28844.3230167531,788301,1249,58697.3342389460,58274.2111956200,57984.8250814008
2023-05-05,2023-05-05 23:50:00+00:00,29524.6092600713,788421,1248,58746.0525133936,58596.6553918034,57984.8250814008
2023-05-06,2023-05-06 23:50:00+00:00,28917.3607874342,788570,1247,58792.7157191193,58596.6553918034,57984.8250814008
2023-05-07,2023-05-07 23:50:00+00:00,28441.3680383238,788707,1246,58841.5045202462,58596.6553918034,57984.8250814008
2023-05-08,2023-05-08 23:50:00+00:00,27716.3672626902,788844,1245,58892.0651510405,58596.6553918034,57984.8250814008
2023-05-09,2023-05-09 23:50:00+00:00,27652.9466298251,788997,1244,58945.3629338206,58596.6553918034,57984.8250814008
2023-05-10,2023-05-10 23:50:00+00:00,27611.8581265476,789166,1243,58999.0749874917,58596.6553918034,57984.8250814008
2023-05-11,2023-05-11 23:50:00+00:00,27002.4930001727,789317,1242,59053.1228406304,58596.6553918034,57984.8250814008
2023-05-12,2023-05-12 23:50:00+00:00,26817.2354769501,789457,1241,59109.6580978054,58922.6071990124,57984.8250814008
2023-05-13,2023-05-13 23:50:00+00:00,26803.4936629342,789604,1240,59167.1154136135,58922.6071990124,57984.8250814008
2023-05-14,2023-05-14 23:50:00+00:00,26916.4422754725,789776,1239,59224.8316814679,58922.6071990124,57984.8250814008
2023-05-15,2023-05-15 23:50:00+00:00,27197.1535928115,789925,1238,59282.3097445169,58922.6071990124,57984.8250814008
2023-05-16,2023-05-16 23:50:00+00:00,27028.6215113561,790077,1237,59338.9011530491,58922.6071990124,57984.8250814008
2023-05-17,2023-05-17 23:50:00+00:00,27402.0195800047,790236,1236,59396.3469269435,58922.6071990124,57984.8250814008
2023-05-18,2023-05-18 23:50:00+00:00,26834.6127494502,790379,1235,59452.5543886038,58922.6071990124,57984.8250814008
2023-05-19,2023-05-19 23:50:00+00:00,26876.9963212768,790528,1234,59511.1742218587,59323.8616325775,57984.8250814008
2023-05-20,2023-05-20 23:50:00+00:00,27123.2302584679,790659,1233,59569.8360067094,59323.8616325775,57984.8250814008
2023-05-21,2023-05-21 23:50:00+00:00,26754.8331721037,790811,1232,59627.7342598065,59323.8616325775,57984.8250814008
2023-05-22,2023-05-22 23:50:00+00:00,26854.9458192556,790950,1231,59687.3086669986,59323.8616325775,57984.8250814008
2023-05-23,2023-05-23 23:50:00+00:00,27222.4248683509,791109,1230,59746.6950169810,59323.8616325775,57984.8250814008
2023-05-24,2023-05-24 23:50:00+00:00,26342.0065190902,791250,1229,59804.8336954809,59323.8616325775,57984.8250814008
2023-05-25,2023-05-25 23:50:00+00:00,26477.0972031435,791399,1228,59866.7637115014,59323.8616325775,57984.8250814008
2023-05-26,2023-05-26 23:50:00+00:00,26719.1165481612,791553,1227,59928.3564503150,59733.5918332168,57984.8250814008
2023-05-27,2023-05-27 23:50:00+00:00,26868.2284112847,791698,1226,59989.1726451068,59733.5918332168,57984.8250814008
2023-05-28,2023-05-28 23:50:00+00:00,28107.0550116629,791857,1225,60049.6005743609,59733.5918332168,57984.8250814008
2023-05-29,2023-05-29 23:50:00+00:00,27753.1834088847,792019,1224,60105.4072696604,59733.5918332168,57984.8250814008
2023-05-30,2023-05-30 23:50:00+00:00,27705.1379897579,792174,1223,60162.7518751268,59733.5918332168,57984.8250814008
2023-05-31,2023-05-31 23:50:00+00:00,27228.5688045953,792316,1222,60220.4855655430,59733.5918332168,57984.8250814008
2023-06-01,2023-06-01 23:50:00+00:00,26816.7130277403,792448,1221,60280.3050286393,59733.5918332168,59529.5159329945
2023-06-02,2023-06-02 23:50:00+00:00,27247.5506846746,792612,1220,60342.0251914711,60158.3484579944,59529.5159329945
2023-06-03,2023-06-03 23:50:00+00:00,27066.7495139147,792742,1219,60402.2086489588,60158.3484579944,59529.5159329945
2023-06-04,2023-06-04 23:50:00+00:00,27100.6725352805,792889,1218,60463.3472130716,60158.3484579944,59529.5159329945
2023-06-05,2023-06-05 23:50:00+00:00,25770.9571020305,793026,1217,60524.5712462223,60158.3484579944,59529.5159329945
2023-06-06,2023-06-06 23:50:00+00:00,27208.7304034823,793179,1216,60591.7681833720,60158.3484579944,59529.5159329945
2023-06-07,2023-06-07 23:50:00+00:00,26354.2800049894,793312,1215,60653.0164359732,60158.3484579944,59529.5159329945
2023-06-08,2023-06-08 23:50:00+00:00,26518.6520246485,793467,1214,60718.1082703218,60158.3484579944,59529.5159329945
2023-06-09,2023-06-09 23:50:00+00:00,26488.6089619127,793636,1213,60782.7312779706,60578.8647467243,59529.5159329945
2023-06-10,2023-06-10 23:50:00+00:00,25862.0063908444,793788,1212,60847.7296229945,60578.8647467243,59529.5159329945
2023-06-11,2023-06-11 23:50:00+00:00,25917.1977344574,793953,1211,60915.7774544544,60578.8647467243,59529.5159329945
2023-06-12,2023-06-12 23:50:00+00:00,25898.4229819551,794109,1210,60983.8374250412,60578.8647467243,59529.5159329945
2023-06-13,2023-06-13 23:50:00+00:00,25897.1535855588,794256,1209,61052.2488530996,60578.8647467243,59529.5159329945
2023-06-14,2023-06-14 23:50:00+00:00,25122.9625600642,794378,1208,61120.9334400144,60578.8647467243,59529.5159329945
2023-06-15,2023-06-15 23:50:00+00:00,25565.9134167308,794527,1207,61193.5784437522,60578.8647467243,59529.5159329945
2023-06-16,2023-06-16 23:50:00+00:00,26322.8639661297,794678,1206,61264.3708569205,61032.8994059570,59529.5159329945
2023-06-17,2023-06-17 23:50:00+00:00,26517.5945490646,794820,1205,61331.9337288255,61032.8994059570,59529.5159329945
2023-06-18,2023-06-18 23:50:00+00:00,26325.8901810201,794970,1204,61398.8848766080,61032.8994059570,59529.5159329945
2023-06-19,2023-06-19 23:50:00+00:00,26783.2471969441,795112,1203,61466.9564621557,61032.8994059570,59529.5159329945
2023-06-20,2023-06-20 23:50:00+00:00,28363.1350283142,795248,1202,61533.2494647418,61032.8994059570,59529.5159329945
2023-06-21,2023-06-21 23:50:00+00:00,30038.5197092391,795368,1201,61593.2261807381,61032.8994059570,59529.5159329945
2023-06-22,2023-06-22 23:50:00+00:00,29915.4403051216,795507,1200,61647.1918627705,61032.8994059570,59529.5159329945
2023-06-23,2023-06-23 23:50:00+00:00,30622.9336472913,795632,1199,61701.7773432118,61504.4190508817,59529.5159329945
2023-06-24,2023-06-24 23:50:00+00:00,30542.4242516921,795777,1198,61754.0924341281,61504.4190508817,59529.5159329945
2023-06-25,2023-06-25 23:50:00+00:00,30464.3768442492,795931,1197,61806.8586556520,61504.4190508817,59529.5159329945
2023-06-26,2023-06-26 23:50:00+00:00,30286.0199271532,796075,1196,61860.0719718872,61504.4190508817,59529.5159329945
2023-06-27,2023-06-27 23:50:00+00:00,30725.4543534843,796216,1195,61914.0863873097,61504.4190508817,59529.5159329945
2023-06-28,2023-06-28 23:50:00+00:00,30091.6397568426,796324,1194,61966.7672072354,61504.4190508817,59529.5159329945
2023-06-29,2023-06-29 23:50:00+00:00,30458.2508252800,796469,1193,62021.8365958233,61504.4190508817,59529.5159329945
2023-06-30,2023-06-30 23:50:00+00:00,30490.7915153195,796628,1192,62075.8034956902,61869.2824985607,59529.5159329945
2023-07-01,2023-07-01 23:50:00+00:00,30586.1626093886,796761,1191,62129.8416905537,61869.2824985607,61402.0738579835
2023-07-02,2023-07-02 23:50:00+00:00,30622.2369972301,796932,1190,62183.7328068693,61869.2824985607,61402.0738579835
2023-07-03,2023-07-03 23:50:00+00:00,31152.7134509953,797070,1189,62237.6829033130,61869.2824985607,61402.0738579835
2023-07-04,2023-07-04 23:50:00+00:00,30791.3543255026,797211,1188,62290.0015456463,61869.2824985607,61402.0738579835
2023-07-05,2023-07-05 23:50:00+00:00,30501.9777128283,797367,1187,62343.7301024595,61869.2824985607,61402.0738579835
2023-07-06,2023-07-06 23:50:00+00:00,29995.7892950140,797506,1186,62398.6537652877,61869.2824985607,61402.0738579835
2023-07-07,2023-07-07 23:50:00+00:00,30321.1643734029,797678,1185,62455.5883377188,62246.0960848100,61402.0738579835
2023-07-08,2023-07-08 23:50:00+00:00,30270.0471237424,797859,1184,62511.5425979338,62246.0960848100,61402.0738579835
2023-07-09,2023-07-09 23:50:00+00:00,30177.5614263560,798027,1183,62567.8763594231,62246.0960848100,61402.0738579835
2023-07-10,2023-07-10 23:50:00+00:00,30399.5676252617,798181,1182,62624.7432536411,62246.0960848100,61402.0738579835
2023-07-11,2023-07-11 23:50:00+00:00,30625.2321324380,798317,1181,62681.0050948268,62246.0960848100,61402.0738579835
2023-07-12,2023-07-12 23:50:00+00:00,30386.1848843036,798459,1180,62736.6552292570,62246.0960848100,61402.0738579835
2023-07-13,2023-07-13 23:50:00+00:00,31454.3854580246,798578,1179,62793.3580059766,62246.0960848100,61402.0738579835
2023-07-14,2023-07-14 23:50:00+00:00,30326.1414839973,798719,1178,62846.5124330162,62636.3288154541,61402.0738579835
2023-07-15,2023-07-15 23:50:00+00:00,30291.1085531506,798856,1177,62903.8235556426,62636.3288154541,61402.0738579835
2023-07-16,2023-07-16 23:50:00+00:00,30232.8659422061,799012,1176,62961.4655893361,62636.3288154541,61402.0738579835
2023-07-17,2023-07-17 23:50:00+00:00,30160.6471317664,799147,1175,63019.5267048887,62636.3288154541,61402.0738579835
2023-07-18,2023-07-18 23:50:00+00:00,29854.1616294549,799306,1174,63078.0626108178,62636.3288154541,61402.0738579835
2023-07-19,2023-07-19 23:50:00+00:00,29928.0626337793,799458,1173,63137.9641947682,62636.3288154541,61402.0738579835
2023-07-20,2023-07-20 23:50:00+00:00,29795.7509329067,799586,1172,63197.8003024088,62636.3288154541,61402.0738579835
2023-07-21,2023-07-21 23:50:00+00:00,29918.0622451605,799696,1171,63258.3594575867,63036.0915573050,61402.0738579835
2023-07-22,2023-07-22 23:50:00+00:00,29748.9259907675,799832,1170,63318.6684283857,63036.0915573050,61402.0738579835
2023-07-23,2023-07-23 23:50:00+00:00,30058.5812563158,799978,1169,63379.8489825990,63036.0915573050,61402.0738579835
2023-07-24,2023-07-24 23:50:00+00:00,29181.3927993408,800128,1168,63440.0596966861,63036.0915573050,61402.0738579835
2023-07-25,2023-07-25 23:50:00+00:00,29242.2700718324,800264,1167,63503.9440180190,63036.0915573050,61402.0738579835
2023-07-26,2023-07-26 23:50:00+00:00,29339.2283738779,800411,1166,63567.8198044529,63036.0915573050,61402.0738579835
2023-07-27,2023-07-27 23:50:00+00:00,29204.3502221115,800547,1165,63631.5414317840,63036.0915573050,61402.0738579835
2023-07-28,2023-07-28 23:50:00+00:00,29320.9363484864,800689,1164,63696.0494293165,63456.7136993445,61402.0738579835
2023-07-29,2023-07-29 23:50:00+00:00,29359.2726808107,800821,1163,63760.3236913219,63456.7136993445,61402.0738579835
2023-07-30,2023-07-30 23:50:00+00:00,29275.1091062240,800987,1162,63824.6826419923,63456.7136993445,61402.0738579835
2023-07-31,2023-07-31 23:50:00+00:00,29229.6766283125,801130,1161,63889.6271307626,63456.7136993445,61402.0738579835
2023-08-01,2023-08-01 23:50:00+00:00,29668.5781139684,801266,1160,63955.0034498886,63456.7136993445,63030.3772247012
2023-08-02,2023-08-02 23:50:00+00:00,29150.1782003986,801423,1159,64018.8371208371,63456.7136993445,63030.3772247012
2023-08-03,2023-08-03 23:50:00+00:00,29175.8163555900,801574,1158,64085.0346980320,63456.7136993445,63030.3772247012
2023-08-04,2023-08-04 23:50:00+00:00,29074.5525483206,801695,1157,64151.3768769118,63904.8994345416,63030.3772247012
2023-08-05,2023-08-05 23:50:00+00:00,29045.6162542304,801849,1156,64218.3975612965,63904.8994345416,63030.3772247012
2023-08-06,2023-08-06 23:50:00+00:00,29042.0480211678,802013,1155,64285.7974482113,63904.8994345416,63030.3772247012
2023-08-07,2023-08-07 23:50:00+00:00,29179.4548728283,802158,1154,64353.4713217091,63904.8994345416,63030.3772247012
2023-08-08,2023-08-08 23:50:00+00:00,29763.2397185717,802284,1153,64420.8219641440,63904.8994345416,63030.3772247012
2023-08-09,2023-08-09 23:50:00+00:00,29578.6047350551,802446,1152,64486.0044696840,63904.8994345416,63030.3772247012
2023-08-10,2023-08-10 23:50:00+00:00,29437.8426384499,802572,1151,64552.1918946737,63904.8994345416,63030.3772247012
2023-08-11,2023-08-11 23:50:00+00:00,29401.4028588253,802723,1150,64619.2177710437,64372.2681382007,63030.3772247012
2023-08-12,2023-08-12 23:50:00+00:00,29416.3209521918,802890,1149,64686.6533372017,64372.2681382007,63030.3772247012
2023-08-13,2023-08-13 23:50:00+00:00,29283.4330763789,803025,1148,64754.2846502229,64372.2681382007,63030.3772247012
2023-08-14,2023-08-14 23:50:00+00:00,29412.6629632129,803196,1147,64822.7409778699,64372.2681382007,63030.3772247012
2023-08-15,2023-08-15 23:50:00+00:00,29168.9393102894,803367,1146,64890.9107416397,64372.2681382007,63030.3772247012
2023-08-16,2023-08-16 23:50:00+00:00,28716.9556756770,803529,1145,64960.3904395956,64372.2681382007,63030.3772247012
2023-08-17,2023-08-17 23:50:00+00:00,26641.1490175833,803686,1144,65032.1356548439,64372.2681382007,63030.3772247012
2023-08-18,2023-08-18 23:50:00+00:00,26047.6557018570,803823,1143,65114.2286292577,64842.5460012118,63030.3772247012
2023-08-19,2023-08-19 23:50:00+00:00,26087.6681513793,803964,1142,65199.8569073490,64842.5460012118,63030.3772247012
2023-08-20,2023-08-20 23:50:00+00:00,26188.2940150577,804128,1141,65285.6414202694,64842.5460012118,63030.3772247012
2023-08-21,2023-08-21 23:50:00+00:00,26119.6865997804,804291,1140,65371.2509338581,64842.5460012118,63030.3772247012
2023-08-22,2023-08-22 23:50:00+00:00,26023.4584889966,804434,1139,65457.6134827139,64842.5460012118,63030.3772247012
2023-08-23,2023-08-23 23:50:00+00:00,26424.4258852670,804577,1138,65544.8913472356,64842.5460012118,63030.3772247012
2023-08-24,2023-08-24 23:50:00+00:00,26139.0400945493,804717,1137,65630.3473729654,64842.5460012118,63030.3772247012
2023-08-25,2023-08-25 23:50:00+00:00,26051.0276962783,804852,1136,65717.7483362171,65440.4959917070,63030.3772247012
2023-08-26,2023-08-26 23:50:00+00:00,26006.6715364229,804988,1135,65806.0301541214,65440.4959917070,63030.3772247012
2023-08-27,2023-08-27 23:50:00+00:00,26087.2252240873,805105,1134,65894.9564948629,65440.4959917070,63030.3772247012
2023-08-28,2023-08-28 23:50:00+00:00,26108.5582747890,805223,1133,65983.8248446558,65440.4959917070,63030.3772247012
2023-08-29,2023-08-29 23:50:00+00:00,27722.8571506219,805381,1132,66072.9700749723,65440.4959917070,63030.3772247012
2023-08-30,2023-08-30 23:50:00+00:00,27301.8029928452,805506,1131,66153.8836518577,65440.4959917070,63030.3772247012
2023-08-31,2023-08-31 23:50:00+00:00,25929.8273633107,805650,1130,66237.2992226268,65440.4959917070,63030.3772247012
2023-09-01,2023-09-01 23:50:00+00:00,25802.6775814268,805801,1129,66328.6249176604,66057.0332231768,64952.4264819476
2023-09-02,2023-09-02 23:50:00+00:00,25862.6621403054,805954,1128,66421.1086654623,66057.0332231768,64952.4264819476
2023-09-03,2023-09-03 23:50:00+00:00,25971.1192769633,806111,1127,66513.6626314167,66057.0332231768,64952.4264819476
2023-09-04,2023-09-04 23:50:00+00:00,25818.2004165872,806261,1126,66606.0037880780,66057.0332231768,64952.4264819476
2023-09-05,2023-09-05 23:50:00+00:00,25776.0931954926,806385,1125,66699.6683921316,66057.0332231768,64952.4264819476
2023-09-06,2023-09-06 23:50:00+00:00,25755.8449257759,806519,1124,66794.0153095517,66057.0332231768,64952.4264819476
2023-09-07,2023-09-07 23:50:00+00:00,26215.6976764740,806665,1123,66888.9197678745,66057.0332231768,64952.4264819476
2023-09-08,2023-09-08 23:50:00+00:00,25903.4558171567,806798,1122,66981.5407612282,66703.3867344650,64952.4264819476
2023-09-09,2023-09-09 23:50:00+00:00,25894.3716789264,806950,1121,67076.4299662563,66703.3867344650,64952.4264819476
2023-09-10,2023-09-10 23:50:00+00:00,25841.8915371782,807096,1120,67171.8131292551,66703.3867344650,64952.4264819476
2023-09-11,2023-09-11 23:50:00+00:00,25131.8536107488,807256,1119,67267.9562973558,66703.3867344650,64952.4264819476
2023-09-12,2023-09-12 23:50:00+00:00,25851.2382753878,807396,1118,67368.9857611333,66703.3867344650,64952.4264819476
2023-09-13,2023-09-13 23:50:00+00:00,26230.4112960061,807543,1117,67465.9885336912,66703.3867344650,64952.4264819476
2023-09-14,2023-09-14 23:50:00+00:00,26536.0822077804,807706,1116,67561.1584903054,66703.3867344650,64952.4264819476
2023-09-15,2023-09-15 23:50:00+00:00,26647.2234097979,807893,1115,67654.9659565551,67366.5586092905,64952.4264819476
2023-09-16,2023-09-16 23:50:00+00:00,26560.6818264789,808049,1114,67748.5558063332,67366.5586092905,64952.4264819476
2023-09-17,2023-09-17 23:50:00+00:00,26527.9355736059,808197,1113,67843.0794695898,67366.5586092905,64952.4264819476
2023-09-18,2023-09-18 23:50:00+00:00,26750.8306586876,808354,1112,67938.2308869732,67366.5586092905,64952.4264819476
2023-09-19,2023-09-19 23:50:00+00:00,27225.1652880122,808493,1111,68032.5130554107,67366.5586092905,64952.4264819476
2023-09-20,2023-09-20 23:50:00+00:00,27130.3198936110,808638,1110,68124.5046660534,67366.5586092905,64952.4264819476
2023-09-21,2023-09-21 23:50:00+00:00,26565.4443305877,808777,1109,68217.4507892216,67366.5586092905,64952.4264819476
2023-09-22,2023-09-22 23:50:00+00:00,26580.9482411660,808904,1108,68314.1203093268,68020.2759130225,64952.4264819476
2023-09-23,2023-09-23 23:50:00+00:00,26579.7118609358,809062,1107,68411.1467669416,68020.2759130225,64952.4264819476
2023-09-24,2023-09-24 23:50:00+00:00,26251.9400012604,809208,1106,68508.6328604109,68020.2759130225,64952.4264819476
2023-09-25,2023-09-25 23:50:00+00:00,26301.8478092495,809351,1105,68608.5753641742,68020.2759130225,64952.4264819476
2023-09-26,2023-09-26 23:50:00+00:00,26207.0988402769,809489,1104,68708.6826581090,68020.2759130225,64952.4264819476
2023-09-27,2023-09-27 23:50:00+00:00,26351.9237997275,809646,1103,68809.8548821664,68020.2759130225,64952.4264819476
2023-09-28,2023-09-28 23:50:00+00:00,27020.0201195083,809792,1102,68910.6062562633,68020.2759130225,64952.4264819476
2023-09-29,2023-09-29 23:50:00+00:00,26918.0472594945,809938,1101,69007.7783355438,68698.1202904178,64952.4264819476
2023-09-30,2023-09-30 23:50:00+00:00,26969.6624222760,810077,1100,69106.0109581992,68698.1202904178,64952.4264819476
2023-10-01,2023-10-01 23:50:00+00:00,27971.7200796628,810218,1099,69204.3933464061,68698.1202904178,67729.8532433697
2023-10-02,2023-10-02 23:50:00+00:00,27615.8109222834,810373,1098,69297.4263590316,68698.1202904178,67729.8532433697
2023-10-03,2023-10-03 23:50:00+00:00,27442.0484635127,810538,1097,69392.9025683236,68698.1202904178,67729.8532433697
2023-10-04,2023-10-04 23:50:00+00:00,27793.8355959913,810668,1096,69489.8273784828,68698.1202904178,67729.8532433697
2023-10-05,2023-10-05 23:50:00+00:00,27435.1378448644,810808,1095,69585.1614946183,68698.1202904178,67729.8532433697
2023-10-06,2023-10-06 23:50:00+00:00,27945.9233719191,810970,1094,69683.0203926215,69384.0596088738,67729.8532433697
2023-10-07,2023-10-07 23:50:00+00:00,27972.8616832872,811141,1093,69778.3668175396,69384.0596088738,67729.8532433697
2023-10-08,2023-10-08 23:50:00+00:00,27946.9408191196,811288,1092,69873.9957964384,69384.0596088738,67729.8532433697
2023-10-09,2023-10-09 23:50:00+00:00,27589.8725283071,811445,1091,69970.2120676811,69384.0596088738,67729.8532433697
2023-10-10,2023-10-10 23:50:00+00:00,27391.3405159958,811607,1090,70068.9567897057,69384.0596088738,67729.8532433697
2023-10-11,2023-10-11 23:50:00+00:00,26839.4634565126,811767,1089,70169.3504859464,69384.0596088738,67729.8532433697
2023-10-12,2023-10-12 23:50:00+00:00,26740.6222791905,811933,1088,70273.6247628846,69384.0596088738,67729.8532433697
2023-10-13,2023-10-13 23:50:00+00:00,26846.4089605135,812070,1087,70379.0296731568,70049.8915403216,67729.8532433697
2023-10-14,2023-10-14 23:50:00+00:00,26863.1722560850,812214,1086,70484.2721366395,70049.8915403216,67729.8532433697
2023-10-15,2023-10-15 23:50:00+00:00,27147.7227567254,812383,1085,70589.9179409292,70049.8915403216,67729.8532433697
2023-10-16,2023-10-16 23:50:00+00:00,28525.7121658639,812524,1084,70694.2777646702,70049.8915403216,67729.8532433697
2023-10-17,2023-10-17 23:50:00+00:00,28418.9494449073,812685,1083,70790.9053980591,70049.8915403216,67729.8532433697
2023-10-18,2023-10-18 23:50:00+00:00,28329.0609562546,812832,1082,70888.5885267268,70049.8915403216,67729.8532433697
2023-10-19,2023-10-19 23:50:00+00:00,28706.1628299467,812972,1081,70987.2435579613,70049.8915403216,67729.8532433697
2023-10-20,2023-10-20 23:50:00+00:00,29681.5310015572,813106,1080,71084.1873901108,70784.8130281693,67729.8532433697
2023-10-21,2023-10-21 23:50:00+00:00,29910.6982115522,813254,1079,71176.2016783877,70784.8130281693,67729.8532433697
2023-10-22,2023-10-22 23:50:00+00:00,29976.4814093799,813407,1078,71267.4096526631,70784.8130281693,67729.8532433697
2023-10-23,2023-10-23 23:50:00+00:00,32960.9031300207,813566,1077,71358.6748221073,70784.8130281693,67729.8532433697
2023-10-24,2023-10-24 23:50:00+00:00,33832.9215678228,813692,1076,71436.0161946217,70784.8130281693,67729.8532433697
2023-10-25,2023-10-25 23:50:00+00:00,34470.4613056340,813834,1075,71509.9498356895,70784.8130281693,67729.8532433697
2023-10-26,2023-10-26 23:50:00+00:00,34168.1992300833,813985,1074,71581.5666177703,70784.8130281693,67729.8532433697
2023-10-27,2023-10-27 23:50:00+00:00,33916.7642368565,814139,1073,71654.6888768968,71427.1050538146,67729.8532433697
2023-10-28,2023-10-28 23:50:00+00:00,34097.5290899961,814299,1072,71729.1388305595,71427.1050538146,67729.8532433697
2023-10-29,2023-10-29 23:50:00+00:00,34551.3650387274,814436,1071,71803.1306653960,71427.1050538146,67729.8532433697
2023-10-30,2023-10-30 23:50:00+00:00,34497.3037052442,814592,1070,71875.5540938378,71427.1050538146,67729.8532433697
2023-10-31,2023-10-31 23:50:00+00:00,34653.6842729529,814745,1069,71948.4793109571,71427.1050538146,67729.8532433697
2023-11-01,2023-11-01 23:50:00+00:00,35421.1309038313,814897,1068,72021.0543089443,71427.1050538146,70513.9168210779
2023-11-02,2023-11-02 23:50:00+00:00,34934.7416820697,815040,1067,72090.8668718774,71427.1050538146,70513.9168210779
2023-11-03,2023-11-03 23:50:00+00:00,34740.1173306426,815175,1066,72162.8663671360,71947.1715687605,70513.9168210779
2023-11-04,2023-11-04 23:50:00+00:00,35070.0478456889,815344,1065,72235.9311459415,71947.1715687605,70513.9168210779
2023-11-05,2023-11-05 23:50:00+00:00,35053.7604560900,815508,1064,72307.9510482412,71947.1715687605,70513.9168210779
2023-11-06,2023-11-06 23:50:00+00:00,35032.6453205807,815634,1063,72380.3159084188,71947.1715687605,70513.9168210779
2023-11-07,2023-11-07 23:50:00+00:00,35448.2806676018,815768,1062,72453.0474390986,71947.1715687605,70513.9168210779
2023-11-08,2023-11-08 23:50:00+00:00,35708.9365763642,815917,1061,72524.4035674002,71947.1715687605,70513.9168210779
2023-11-09,2023-11-09 23:50:00+00:00,36718.2999658518,816058,1060,72595.0116325247,71947.1715687605,70513.9168210779
2023-11-10,2023-11-10 23:50:00+00:00,37327.7140067953,816213,1059,72662.0528307821,72457.7177938600,70513.9168210779
2023-11-11,2023-11-11 23:50:00+00:00,37128.8108883206,816374,1058,72727.1221570692,72457.7177938600,70513.9168210779
2023-11-12,2023-11-12 23:50:00+00:00,37057.8000758565,816534,1057,72793.1510305310,72457.7177938600,70513.9168210779
2023-11-13,2023-11-13 23:50:00+00:00,36534.6332410215,816655,1056,72859.6847476274,72457.7177938600,70513.9168210779
2023-11-14,2023-11-14 23:50:00+00:00,35534.1172334461,816792,1055,72928.4146615537,72457.7177938600,70513.9168210779
2023-11-15,2023-11-15 23:50:00+00:00,37964.8928323147,816942,1054,73001.3016220842,72457.7177938600,70513.9168210779
2023-11-16,2023-11-16 23:50:00+00:00,36208.8007371058,817089,1053,73065.3370664379,72457.7177938600,70513.9168210779
2023-11-17,2023-11-17 23:50:00+00:00,36549.8505906689,817240,1052,73136.1017300246,72912.1506920212,70513.9168210779
2023-11-18,2023-11-18 23:50:00+00:00,36580.4198914963,817387,1051,73205.8245952792,72912.1506920212,70513.9168210779
2023-11-19,2023-11-19 23:50:00+00:00,37420.2440093735,817559,1050,73275.6967930536,72912.1506920212,70513.9168210779
2023-11-20,2023-11-20 23:50:00+00:00,37485.7690254478,817724,1049,73342.6898725591,72912.1506920212,70513.9168210779
2023-11-21,2023-11-21 23:50:00+00:00,35969.2471775108,817874,1048,73409.6935587788,72912.1506920212,70513.9168210779
2023-11-22,2023-11-22 23:50:00+00:00,37459.0315813038,818018,1047,73482.7482952983,72912.1506920212,70513.9168210779
2023-11-23,2023-11-23 23:50:00+00:00,37289.7765055617,818166,1046,73550.3698497111,72912.1506920212,70513.9168210779
2023-11-24,2023-11-24 23:50:00+00:00,37727.3370284660,818331,1045,73618.8741771870,73398.9662227348,70513.9168210779
2023-11-25,2023-11-25 23:50:00+00:00,37803.4732110331,818492,1044,73686.0202333080,73398.9662227348,70513.9168210779
2023-11-26,2023-11-26 23:50:00+00:00,37484.8035550384,818639,1043,73753.1395867054,73398.9662227348,70513.9168210779
2023-11-27,2023-11-27 23:50:00+00:00,37269.4009872799,818769,1042,73821.6866156995,73398.9662227348,70513.9168210779
2023-11-28,2023-11-28 23:50:00+00:00,37793.2165423987,818916,1041,73891.3019182995,73398.9662227348,70513.9168210779
2023-11-29,2023-11-29 23:50:00+00:00,37827.1841495604,819050,1040,73959.2268695240,73398.9662227348,70513.9168210779
2023-11-30,2023-11-30 23:50:00+00:00,37714.6103228717,819184,1039,74027.2826096490,73398.9662227348,70513.9168210779
2023-12-01,2023-12-01 23:50:00+00:00,38670.5303577682,819354,1038,74096.0125661783,73867.7096142441,72568.0706161877
2023-12-02,2023-12-02 23:50:00+00:00,39476.8592997238,819479,1037,74161.5267821325,73867.7096142441,72568.0706161877
2023-12-03,2023-12-03 23:50:00+00:00,39944.9090519596,819644,1036,74224.4748377193,73867.7096142441,72568.0706161877
2023-12-04,2023-12-04 23:50:00+00:00,41968.8995766901,819802,1035,74286.0691916413,73867.7096142441,72568.0706161877
2023-12-05,2023-12-05 23:50:00+00:00,44139.7146093222,819940,1034,74341.4317457349,73867.7096142441,72568.0706161877
2023-12-06,2023-12-06 23:50:00+00:00,43728.4368629685,820076,1033,74390.7060469461,73867.7096142441,72568.0706161877
2023-12-07,2023-12-07 23:50:00+00:00,43268.4384833721,820191,1032,74441.2855439396,73867.7096142441,72568.0706161877
2023-12-08,2023-12-08 23:50:00+00:00,44191.7140039497,820325,1031,74493.3407335157,74324.7975419107,72568.0706161877
2023-12-09,2023-12-09 23:50:00+00:00,43723.6922369816,820481,1030,74542.9650498349,74324.7975419107,72568.0706161877
2023-12-10,2023-12-10 23:50:00+00:00,43764.5810311404,820621,1029,74594.0619366417,74324.7975419107,72568.0706161877
2023-12-11,2023-12-11 23:50:00+00:00,41195.1155003121,820778,1028,74645.2127192051,74324.7975419107,72568.0706161877
2023-12-12,2023-12-12 23:50:00+00:00,41507.4506928681,820925,1027,74704.2772399246,74324.7975419107,72568.0706161877
2023-12-13,2023-12-13 23:50:00+00:00,42910.6269940646,821074,1026,74762.5555951376,74324.7975419107,72568.0706161877
2023-12-14,2023-12-14 23:50:00+00:00,43038.8790072248,821220,1025,74816.7364393751,74324.7975419107,72568.0706161877
2023-12-15,2023-12-15 23:50:00+00:00,41949.3273007756,821381,1024,74870.7217648821,74671.1659929623,72568.0706161877
2023-12-16,2023-12-16 23:50:00+00:00,42222.3828498701,821534,1023,74928.2025779387,74671.1659929623,72568.0706161877
2023-12-17,2023-12-17 23:50:00+00:00,41413.0982283744,821681,1022,74985.0362882672,74671.1659929623,72568.0706161877
2023-12-18,2023-12-18 23:50:00+00:00,42679.4215411100,821851,1021,75044.6206807070,74671.1659929623,72568.0706161877
2023-12-19,2023-12-19 23:50:00+00:00,42266.9195913608,822015,1020,75100.4551196072,74671.1659929623,72568.0706161877
2023-12-20,2023-12-20 23:50:00+00:00,43629.8314864979,822159,1019,75157.7501084723,74671.1659929623,72568.0706161877
2023-12-21,2023-12-21 23:50:00+00:00,43879.5874841327,822306,1018,75211.1384155306,74671.1659929623,72568.0706161877
2023-12-22,2023-12-22 23:50:00+00:00,44026.9012829493,822469,1017,75263.9811875166,75072.2536489483,72568.0706161877
2023-12-23,2023-12-23 23:50:00+00:00,43751.5464428811,822634,1016,75316.5767583781,75072.2536489483,72568.0706161877
2023-12-24,2023-12-24 23:50:00+00:00,43047.9068447895,822804,1015,75370.1497795709,75072.2536489483,72568.0706161877
2023-12-25,2023-12-25 23:50:00+00:00,43624.1033163758,822944,1014,75426.0009885333,75072.2536489483,72568.0706161877
2023-12-26,2023-12-26 23:50:00+00:00,42529.0229843751,823082,1013,75480.3198688490,75072.2536489483,72568.0706161877
2023-12-27,2023-12-27 23:50:00+00:00,43414.9531275116,823212,1012,75538.1525001411,75072.2536489483,72568.0706161877
2023-12-28,2023-12-28 23:50:00+00:00,42624.5766672541,823332,1011,75593.4763786767,75072.2536489483,72568.0706161877
2023-12-29,2023-12-29 23:50:00+00:00,42077.0305270328,823484,1010,75651.4112484299,75439.1193250943,72568.0706161877
2023-12-30,2023-12-30 23:50:00+00:00,42215.2909221348,823629,1009,75711.2844353860,75439.1193250943,72568.0706161877
2023-12-31,2023-12-31 23:50:00+00:00,42225.1697976350,823785,1008,75770.9282144312,75439.1193250943,72568.0706161877
2024-01-01,2024-01-01 23:50:00+00:00,44152.2269044367,823940,1007,75830.7531320363,75439.1193250943,74488.5001192855
2024-01-02,2024-01-02 23:50:00+00:00,44977.0380911767,824070,1006,75884.8746035227,75439.1193250943,74488.5001192855
2024-01-03,2024-01-03 23:50:00+00:00,42830.9042051680,824226,1005,75936.7981052393,75439.1193250943,74488.5001192855
2024-01-04,2024-01-04 23:50:00+00:00,44230.1625840140,824398,1004,75995.3042014400,75439.1193250943,74488.5001192855
2024-01-05,2024-01-05 23:50:00+00:00,44144.4512554344,824535,1003,76049.7581233473,75856.7959334895,74488.5001192855
2024-01-06,2024-01-06 23:50:00+00:00,43951.9630636431,824677,1002,76104.6528075390,75856.7959334895,74488.5001192855
2024-01-07,2024-01-07 23:50:00+00:00,43903.6494154260,824794,1001,76160.3115855806,75856.7959334895,74488.5001192855
2024-01-08,2024-01-08 23:50:00+00:00,46944.0012168687,824917,1000,76216.3088377173,75856.7959334895,74488.5001192855
2024-01-09,2024-01-09 23:50:00+00:00,46088.4187903228,825070,999,76263.9114125435,75856.7959334895,74488.5001192855
2024-01-10,2024-01-10 23:50:00+00:00,46608.1898075882,825202,998,76313.9766296350,75856.7959334895,74488.5001192855
2024-01-11,2024-01-11 23:50:00+00:00,46393.1001465856,825376,997,76362.7929983262,75856.7959334895,74488.5001192855
2024-01-12,2024-01-12 23:50:00+00:00,42897.8584804556,825544,996,76412.3532078295,76239.7951750077,74488.5001192855
2024-01-13,2024-01-13 23:50:00+00:00,42838.7359698740,825702,995,76472.3984630151,76239.7951750077,74488.5001192855
2024-01-14,2024-01-14 23:50:00+00:00,41769.4393366528,825831,994,76532.8488394129,76239.7951750077,74488.5001192855
2024-01-15,2024-01-15 23:50:00+00:00,42582.9215313985,825942,993,76597.0475787715,76239.7951750077,74488.5001192855
2024-01-16,2024-01-16 23:50:00+00:00,43152.4934266257,826070,992,76658.7744212612,76239.7951750077,74488.5001192855
2024-01-17,2024-01-17 23:50:00+00:00,42730.9262333834,826191,991,76718.8847298587,76239.7951750077,74488.5001192855
2024-01-18,2024-01-18 23:50:00+00:00,41261.2424951907,826331,990,76780.5724789827,76239.7951750077,74488.5001192855
2024-01-19,2024-01-19 23:50:00+00:00,41609.5625077872,826465,989,76847.4616322544,76659.3920419667,74488.5001192855
2024-01-20,2024-01-20 23:50:00+00:00,41648.7186457885,826607,988,76913.3884113421,76659.3920419667,74488.5001192855
2024-01-21,2024-01-21 23:50:00+00:00,41535.7591631473,826748,987,76979.4266826769,76659.3920419667,74488.5001192855
2024-01-22,2024-01-22 23:50:00+00:00,39450.4018713302,826907,986,77046.1058671555,76659.3920419667,74488.5001192855
2024-01-23,2024-01-23 23:50:00+00:00,39827.3493961979,827060,985,77120.7200926807,76659.3920419667,74488.5001192855
2024-01-24,2024-01-24 23:50:00+00:00,40110.3806221753,827210,984,77194.1781914267,76659.3920419667,74488.5001192855
2024-01-25,2024-01-25 23:50:00+00:00,39928.1446773402,827393,983,77266.8501908582,76659.3920419667,74488.5001192855
2024-01-26,2024-01-26 23:50:00+00:00,41874.3439345598,827544,982,77340.5006770922,77120.1165608531,74488.5001192855
2024-01-27,2024-01-27 23:50:00+00:00,42115.2234786391,827716,981,77407.3318685999,77120.1165608531,74488.5001192855
2024-01-28,2024-01-28 23:50:00+00:00,42023.4372020074,827875,980,77473.5788413723,77120.1165608531,74488.5001192855
2024-01-29,2024-01-29 23:50:00+00:00,43260.5183645658,828032,979,77540.3934935571,77120.1165608531,74488.5001192855
2024-01-30,2024-01-30 23:50:00+00:00,42911.9531776631,828172,978,77603.2700399599,77120.1165608531,74488.5001192855
2024-01-31,2024-01-31 23:50:00+00:00,42585.0250674347,828307,977,77667.5369578378,77120.1165608531,74488.5001192855
2024-02-01,2024-02-01 23:50:00+00:00,43049.0605001377,828460,976,77733.1500073929,77120.1165608531,76072.3816230995
2024-02-02,2024-02-02 23:50:00+00:00,43163.9427218440,828648,975,77797.4376199625,77586.5799810901,76072.3816230995
2024-02-03,2024-02-03 23:50:00+00:00,42978.4281258609,828799,974,77861.5791716670,77586.5799810901,76072.3816230995
2024-02-04,2024-02-04 23:50:00+00:00,42597.6528424110,828954,973,77926.5828560467,77586.5799810901,76072.3816230995
2024-02-05,2024-02-05 23:50:00+00:00,42660.5222343998,829108,972,77993.1308401181,77586.5799810901,76072.3816230995
2024-02-06,2024-02-06 23:50:00+00:00,43100.8018336135,829279,971,78059.7129042452,77586.5799810901,76072.3816230995
2024-02-07,2024-02-07 23:50:00+00:00,44243.0733581119,829440,970,78125.0396558410,77586.5799810901,76072.3816230995
2024-02-08,2024-02-08 23:50:00+00:00,45330.3815185534,829578,969,78186.8317845549,77586.5799810901,76072.3816230995
2024-02-09,2024-02-09 23:50:00+00:00,47132.7002282210,829743,968,78245.4206164449,78034.2867885209,76072.3816230995
2024-02-10,2024-02-10 23:50:00+00:00,47778.3030407316,829895,967,78298.8702443899,78034.2867885209,76072.3816230995
2024-02-11,2024-02-11 23:50:00+00:00,48254.9440913296,830033,966,78350.6819076103,78034.2867885209,76072.3816230995
2024-02-12,2024-02-12 23:50:00+00:00,49971.5089181970,830210,965,78401.3529013575,78034.2867885209,76072.3816230995
2024-02-13,2024-02-13 23:50:00+00:00,49757.6996516723,830345,964,78447.6501218061,78034.2867885209,76072.3816230995
2024-02-14,2024-02-14 23:50:00+00:00,51819.5146191197,830485,963,78494.6485427088,78034.2867885209,76072.3816230995
2024-02-15,2024-02-15 23:50:00+00:00,51932.7441152015,830641,962,78536.6738308582,78034.2867885209,76072.3816230995
2024-02-16,2024-02-16 23:50:00+00:00,52182.3052364303,830775,961,78578.5614047068,78406.7926051806,76072.3816230995
2024-02-17,2024-02-17 23:50:00+00:00,51665.3847844768,830925,960,78619.9881500404,78406.7926051806,76072.3816230995
2024-02-18,2024-02-18 23:50:00+00:00,52122.5454555893,831046,959,78662.7822575432,78406.7926051806,76072.3816230995
2024-02-19,2024-02-19 23:50:00+00:00,51770.6346169228,831183,958,78704.6147619189,78406.7926051806,76072.3816230995
2024-02-20,2024-02-20 23:50:00+00:00,52300.9337458208,831324,957,78747.4243912298,78406.7926051806,76072.3816230995
2024-02-21,2024-02-21 23:50:00+00:00,51847.0582869566,831463,956,78789.0985505472,78406.7926051806,76072.3816230995
2024-02-22,2024-02-22 23:50:00+00:00,51321.3945878377,831598,955,78831.9934345474,78406.7926051806,76072.3816230995
2024-02-23,2024-02-23 23:50:00+00:00,50723.7477632909,831756,954,78876.3134419625,78695.4700904708,76072.3816230995
2024-02-24,2024-02-24 23:50:00+00:00,51569.8528965524,831893,953,78922.2769695103,78695.4700904708,76072.3816230995
2024-02-25,2024-02-25 23:50:00+00:00,51730.1657122085,832057,952,78966.2721006110,78695.4700904708,76072.3816230995
2024-02-26,2024-02-26 23:50:00+00:00,54521.8318883338,832190,951,79010.0145176641,78695.4700904708,76072.3816230995
2024-02-27,2024-02-27 23:50:00+00:00,57040.0028449957,832320,950,79047.3868350440,78695.4700904708,76072.3816230995
2024-02-28,2024-02-28 23:50:00+00:00,62547.6812033348,832466,949,79079.5372653254,78695.4700904708,76072.3816230995
2024-02-29,2024-02-29 23:50:00+00:00,61296.2878391983,832602,948,79101.5912609563,78695.4700904708,76072.3816230995
2024-03-01,2024-03-01 23:50:00+00:00,62486.3891327543,832755,947,79125.8620379782,79015.8632645903,77940.7903931068
2024-03-02,2024-03-02 23:50:00+00:00,62022.1280771121,832883,946,79148.1414497701,79015.8632645903,77940.7903931068
2024-03-03,2024-03-03 23:50:00+00:00,63119.3909012458,833038,945,79171.2751682769,79015.8632645903,77940.7903931068
2024-03-04,2024-03-04 23:50:00+00:00,68365.4263909785,833166,944,79192.6093445520,79015.8632645903,77940.7903931068
2024-03-05,2024-03-05 23:50:00+00:00,63889.5184269347,833333,943,79205.9115867988,79015.8632645903,77940.7903931068
2024-03-06,2024-03-06 23:50:00+00:00,66125.9771682433,833473,942,79226.0740748994,79015.8632645903,77940.7903931068
2024-03-07,2024-03-07 23:50:00+00:00,66996.4355069651,833650,941,79242.7570061127,79015.8632645903,77940.7903931068
2024-03-08,2024-03-08 23:50:00+00:00,68350.0441306461,833807,940,79258.1694015567,79170.9968939933,77940.7903931068
2024-03-09,2024-03-09 23:50:00+00:00,68511.1870763922,833971,939,79271.6423789603,79170.9968939933,77940.7903931068
2024-03-10,2024-03-10 23:50:00+00:00,68989.0410391792,834113,938,79284.9180627243,79170.9968939933,77940.7903931068
2024-03-11,2024-03-11 23:50:00+00:00,72106.0919089749,834284,937,79297.5480643467,79170.9968939933,77940.7903931068
2024-03-12,2024-03-12 23:50:00+00:00,71455.5351057279,834424,936,79305.9984215539,79170.9968939933,77940.7903931068
2024-03-13,2024-03-13 23:50:00+00:00,73104.5022761031,834583,935,79315.3181846432,79170.9968939933,77940.7903931068
2024-03-14,2024-03-14 23:50:00+00:00,71401.2809536193,834722,934,79322.5334819775,79170.9968939933,77940.7903931068
2024-03-15,2024-03-15 23:50:00+00:00,69522.7282035036,834851,933,79331.9665818405,79264.6455233286,77940.7903931068
2024-03-16,2024-03-16 23:50:00+00:00,65222.4408656723,834996,932,79343.9783389674,79264.6455233286,77940.7903931068
2024-03-17,2024-03-17 23:50:00+00:00,68550.5518606481,835142,931,79362.4348768260,79264.6455233286,77940.7903931068
2024-03-18,2024-03-18 23:50:00+00:00,67725.6460834997,835287,930,79375.8964580894,79264.6455233286,77940.7903931068
2024-03-19,2024-03-19 23:50:00+00:00,61860.4972729429,835444,929,79390.5970714783,79264.6455233286,77940.7903931068
2024-03-20,2024-03-20 23:50:00+00:00,67880.9721239256,835592,928,79414.8477957287,79264.6455233286,77940.7903931068
2024-03-21,2024-03-21 23:50:00+00:00,65471.5725776900,835712,927,79429.4067035691,79264.6455233286,77940.7903931068
2024-03-22,2024-03-22 23:50:00+00:00,63582.3444617418,835847,926,79447.6976252312,79348.2449535427,77940.7903931068
2024-03-23,2024-03-23 23:50:00+00:00,64015.4623958801,836002,925,79469.1349189848,79348.2449535427,77940.7903931068
2024-03-24,2024-03-24 23:50:00+00:00,67255.2033505341,836174,924,79489.9025429444,79348.2449535427,77940.7903931068
2024-03-25,2024-03-25 23:50:00+00:00,69962.1417196642,836303,923,79505.5723364408,79348.2449535427,77940.7903931068
2024-03-26,2024-03-26 23:50:00+00:00,70007.2864148747,836439,922,79517.3368054423,79348.2449535427,77940.7903931068
2024-03-27,2024-03-27 23:50:00+00:00,69478.6896428178,836573,921,79529.0670166395,79348.2449535427,77940.7903931068
2024-03-28,2024-03-28 23:50:00+00:00,70747.3047677376,836727,920,79541.5735544627,79348.2449535427,77940.7903931068
2024-03-29,2024-03-29 23:50:00+00:00,69898.0485040493,836871,919,79552.3339255791,79497.5801651601,77940.7903931068
2024-03-30,2024-03-30 23:50:00+00:00,69661.2297213920,837026,918,79564.3049323227,79497.5801651601,77940.7903931068
2024-03-31,2024-03-31 23:50:00+00:00,71354.8508746677,837164,917,79576.6415245859,79497.5801651601,77940.7903931068
2024-04-01,2024-04-01 23:50:00+00:00,69704.0888536103,837313,916,79586.6527600783,79497.5801651601,78567.6187743318
2024-04-02,2024-04-02 23:50:00+00:00,65458.8482329813,837462,915,79598.9865861913,79497.5801651601,78567.6187743318
2024-04-03,2024-04-03 23:50:00+00:00,66041.8463825227,837603,914,79617.8035390051,79497.5801651601,78567.6187743318
2024-04-04,2024-04-04 23:50:00+00:00,68539.4560210812,837739,913,79635.7338763760,79497.5801651601,78567.6187743318
2024-04-05,2024-04-05 23:50:00+00:00,67887.1070007870,837887,912,79649.8731441707,79581.0103387951,78567.6187743318
2024-04-06,2024-04-06 23:50:00+00:00,68960.2853549560,838044,911,79665.0251972154,79581.0103387951,78567.6187743318
2024-04-07,2024-04-07 23:50:00+00:00,69374.9004208595,838215,910,79678.6170124528,79581.0103387951,78567.6187743318
2024-04-08,2024-04-08 23:50:00+00:00,71634.1542303814,838371,909,79691.6378944072,79581.0103387951,78567.6187743318
2024-04-09,2024-04-09 23:50:00+00:00,69148.7225107242,838518,908,79701.5111414367,79581.0103387951,78567.6187743318
2024-04-10,2024-04-10 23:50:00+00:00,70514.2837112009,838669,907,79714.9238172153,79581.0103387951,78567.6187743318
2024-04-11,2024-04-11 23:50:00+00:00,70090.1001087453,838802,906,79726.4057482046,79581.0103387951,78567.6187743318
2024-04-12,2024-04-12 23:50:00+00:00,67246.1811739544,838937,905,79738.5193550395,79686.5982341037,78567.6187743318
2024-04-13,2024-04-13 23:50:00+00:00,64459.3394915427,839102,904,79754.9088321720,79686.5982341037,78567.6187743318
2024-04-14,2024-04-14 23:50:00+00:00,65771.2252859931,839259,903,79775.8723232324,79686.5982341037,78567.6187743318
2024-04-15,2024-04-15 23:50:00+00:00,63488.4511710499,839400,902,79794.7089786243,79686.5982341037,78567.6187743318
2024-04-16,2024-04-16 23:50:00+00:00,63749.0475167084,839561,901,79817.4616656725,79686.5982341037,78567.6187743318
2024-04-17,2024-04-17 23:50:00+00:00,61331.6803360844,839702,900,79839.8219008247,79686.5982341037,78567.6187743318
2024-04-18,2024-04-18 23:50:00+00:00,63521.5000287111,839847,899,79866.6310865279,79686.5982341037,78567.6187743318
2024-04-19,2024-04-19 23:50:00+00:00,64013.4406500117,839996,898,79889.5229503191,79801.0404233421,78567.6187743318
2024-04-20,2024-04-20 23:50:00+00:00,64900.5503393868,840128,897,79911.6177287359,79801.0404233421,78567.6187743318
2024-04-21,2024-04-21 23:50:00+00:00,64949.4607160551,840267,896,79932.2514344077,79801.0404233421,78567.6187743318
2024-04-22,2024-04-22 23:50:00+00:00,66857.5356562364,840415,895,79952.8590681477,79801.0404233421,78567.6187743318
2024-04-23,2024-04-23 23:50:00+00:00,66403.1484328433,840587,894,79970.3800122828,79801.0404233421,78567.6187743318
2024-04-24,2024-04-24 23:50:00+00:00,64267.7848074256,840742,893,79988.6812155341,79801.0404233421,78567.6187743318
2024-04-25,2024-04-25 23:50:00+00:00,64509.8003389681,840886,892,80010.6227386316,79801.0404233421,78567.6187743318
2024-04-26,2024-04-26 23:50:00+00:00,63787.1194630158,841018,891,80032.2059531002,79955.0973125319,78567.6187743318
2024-04-27,2024-04-27 23:50:00+00:00,63486.5093326137,841157,890,80055.1140025075,79955.0973125319,78567.6187743318
2024-04-28,2024-04-28 23:50:00+00:00,63054.5391067747,841299,889,80078.6221993192,79955.0973125319,78567.6187743318
2024-04-29,2024-04-29 23:50:00+00:00,63830.8314485122,841429,888,80102.9769150774,79955.0973125319,78567.6187743318
2024-04-30,2024-04-30 23:50:00+00:00,60734.7130164064,841570,887,80126.0053375511,79955.0973125319,78567.6187743318
2024-05-01,2024-05-01 23:50:00+00:00,58295.1761610524,841701,886,80154.8899183993,79955.0973125319,78902.0567066097
2024-05-02,2024-05-02 23:50:00+00:00,59132.3990753491,841848,885,80188.8667327269,79955.0973125319,78902.0567066097
2024-05-03,2024-05-03 23:50:00+00:00,62880.9316945143,841977,884,80221.1811854884,80114.9915400786,78902.0567066097
2024-05-04,2024-05-04 23:50:00+00:00,63892.4549874494,842118,883,80246.2422996629,80114.9915400786,78902.0567066097
2024-05-05,2024-05-05 23:50:00+00:00,64044.0474564526,842256,882,80269.5366681201,80114.9915400786,78902.0567066097
2024-05-06,2024-05-06 23:50:00+00:00,63165.9074854637,842377,881,80292.6263944224,80114.9915400786,78902.0567066097
2024-05-07,2024-05-07 23:50:00+00:00,62364.8207293360,842499,880,80317.3731491519,80114.9915400786,78902.0567066097
2024-05-08,2024-05-08 23:50:00+00:00,61158.5764717661,842627,879,80343.6848786981,80114.9915400786,78902.0567066097
2024-05-09,2024-05-09 23:50:00+00:00,63046.7647145035,842771,878,80372.4005724839,80114.9915400786,78902.0567066097
2024-05-10,2024-05-10 23:50:00+00:00,60784.6709682460,842917,877,80397.5929891299,80289.6371119805,78902.0567066097
2024-05-11,2024-05-11 23:50:00+00:00,60777.8491576297,843076,876,80427.2172257339,80289.6371119805,78902.0567066097
2024-05-12,2024-05-12 23:50:00+00:00,61478.1635313231,843209,875,80456.9447501611,80289.6371119805,78902.0567066097
2024-05-13,2024-05-13 23:50:00+00:00,62894.2692189475,843355,874,80485.3731858702,80289.6371119805,78902.0567066097
2024-05-14,2024-05-14 23:50:00+00:00,61574.3057331452,843492,873,80511.1674950266,80289.6371119805,78902.0567066097
2024-05-15,2024-05-15 23:50:00+00:00,66226.0271454156,843631,872,80539.5729220521,80289.6371119805,78902.0567066097
2024-05-16,2024-05-16 23:50:00+00:00,65259.4331063986,843775,871,80559.5631375501,80289.6371119805,78902.0567066097
2024-05-17,2024-05-17 23:50:00+00:00,67021.3303584509,843930,870,80581.2784821629,80496.2783138755,78902.0567066097
2024-05-18,2024-05-18 23:50:00+00:00,66935.4609385415,844058,869,80600.0439971012,80496.2783138755,78902.0567066097
2024-05-19,2024-05-19 23:50:00+00:00,66309.3438002627,844212,868,80619.0048484828,80496.2783138755,78902.0567066097
2024-05-20,2024-05-20 23:50:00+00:00,71409.6796868195,844367,867,80639.0764055314,80496.2783138755,78902.0567066097
2024-05-21,2024-05-21 23:50:00+00:00,70157.4128460141,844505,866,80651.1131406369,80496.2783138755,78902.0567066097
2024-05-22,2024-05-22 23:50:00+00:00,69173.2995421522,844658,865,80665.0615425562,80496.2783138755,78902.0567066097
2024-05-23,2024-05-23 23:50:00+00:00,67901.1068065005,844826,864,80680.5748133107,80496.2783138755,78902.0567066097
2024-05-24,2024-05-24 23:50:00+00:00,68529.7202345497,844988,863,80698.1738474153,80627.0076057580,78902.0567066097
2024-05-25,2024-05-25 23:50:00+00:00,69279.5263713847,845148,862,80714.8004050972,80627.0076057580,78902.0567066097
2024-05-26,2024-05-26 23:50:00+00:00,68518.4773050655,845315,861,80730.2769836934,80627.0076057580,78902.0567066097
2024-05-27,2024-05-27 23:50:00+00:00,69385.7367256296,845439,860,80747.0109916957,80627.0076057580,78902.0567066097
2024-05-28,2024-05-28 23:50:00+00:00,68280.5942643546,845573,859,80762.4057517223,80627.0076057580,78902.0567066097
2024-05-29,2024-05-29 23:50:00+00:00,67573.7897213030,845708,858,80779.6163047216,80627.0076057580,78902.0567066097
2024-05-30,2024-05-30 23:50:00+00:00,68378.3232055370,845833,857,80798.0412974320,80627.0076057580,78902.0567066097
2024-05-31,2024-05-31 23:50:00+00:00,67488.3241702433,845981,856,80815.1892597747,80742.8875303056,78902.0567066097
2024-06-01,2024-06-01 23:50:00+00:00,67705.1487161649,846122,855,80833.8584960535,80742.8875303056,79875.6919138528
2024-06-02,2024-06-02 23:50:00+00:00,67753.8098570756,846262,854,80852.2168785127,80742.8875303056,79875.6919138528
2024-06-03,2024-06-03 23:50:00+00:00,68808.6995974575,846419,853,80870.5453437941,80742.8875303056,79875.6919138528
2024-06-04,2024-06-04 23:50:00+00:00,70619.7659476015,846553,852,80887.1875370269,80742.8875303056,79875.6919138528
2024-06-05,2024-06-05 23:50:00+00:00,71114.4634708746,846675,851,80901.0091745756,80742.8875303056,79875.6919138528
2024-06-06,2024-06-06 23:50:00+00:00,70799.0827135803,846809,850,80914.1093413059,80742.8875303056,79875.6919138528
2024-06-07,2024-06-07 23:50:00+00:00,69343.5217611093,846950,849,80927.7278344438,80873.0785192638,79875.6919138528
2024-06-08,2024-06-08 23:50:00+00:00,69307.3523282929,847123,848,80943.6736758045,80873.0785192638,79875.6919138528
2024-06-09,2024-06-09 23:50:00+00:00,69646.0274020644,847276,847,80959.7217156595,80873.0785192638,79875.6919138528
2024-06-10,2024-06-10 23:50:00+00:00,69482.5234083248,847415,846,80975.2702742362,80873.0785192638,79875.6919138528
2024-06-11,2024-06-11 23:50:00+00:00,67329.0860210946,847537,845,80991.1239136323,80873.0785192638,79875.6919138528
2024-06-12,2024-06-12 23:50:00+00:00,68237.5407440275,847682,844,81010.6004699566,80873.0785192638,79875.6919138528
2024-06-13,2024-06-13 23:50:00+00:00,66751.0584813773,847826,843,81028.5925882261,80873.0785192638,79875.6919138528
2024-06-14,2024-06-14 23:50:00+00:00,66010.3307548423,847957,842,81049.1814145868,80984.3598987518,79875.6919138528
2024-06-15,2024-06-15 23:50:00+00:00,66188.6098339666,848091,841,81071.1434729143,80984.3598987518,79875.6919138528
2024-06-16,2024-06-16 23:50:00+00:00,66625.3825250137,848253,840,81092.8503272949,80984.3598987518,79875.6919138528
2024-06-17,2024-06-17 23:50:00+00:00,66492.7981793497,848394,839,81113.8438747270,80984.3598987518,79875.6919138528
2024-06-18,2024-06-18 23:50:00+00:00,65160.1241537217,848545,838,81135.1335364839,80984.3598987518,79875.6919138528
2024-06-19,2024-06-19 23:50:00+00:00,64929.8045033661,848682,837,81158.9057675952,80984.3598987518,79875.6919138528
2024-06-20,2024-06-20 23:50:00+00:00,64855.2539924026,848814,836,81183.1780236950,80984.3598987518,79875.6919138528
2024-06-21,2024-06-21 23:50:00+00:00,64066.1051619201,848954,835,81207.6628113871,81137.7397897463,79875.6919138528
2024-06-22,2024-06-22 23:50:00+00:00,64259.3301254128,849106,834,81233.7238832116,81137.7397897463,79875.6919138528
2024-06-23,2024-06-23 23:50:00+00:00,63216.6642439661,849216,833,81259.4922670768,81137.7397897463,79875.6919138528
2024-06-24,2024-06-24 23:50:00+00:00,60318.1804473846,849370,832,81287.3774064632,81137.7397897463,79875.6919138528
2024-06-25,2024-06-25 23:50:00+00:00,61802.3702304301,849495,831,81321.3976467797,81137.7397897463,79875.6919138528
2024-06-26,2024-06-26 23:50:00+00:00,60778.0653177623,849617,830,81352.3536635076,81137.7397897463,79875.6919138528
2024-06-27,2024-06-27 23:50:00+00:00,61588.1769955159,849745,829,81385.5867684535,81137.7397897463,79875.6919138528
2024-06-28,2024-06-28 23:50:00+00:00,60301.9818950371,849882,828,81417.1947542085,81319.8340712584,79875.6919138528
2024-06-29,2024-06-29 23:50:00+00:00,60871.0868440363,850036,827,81451.6819930947,81319.8340712584,79875.6919138528
2024-06-30,2024-06-30 23:50:00+00:00,62754.3103608551,850158,826,81485.0357444226,81319.8340712584,79875.6919138528
2024-07-01,2024-07-01 23:50:00+00:00,62833.0670673428,850301,825,81514.5269209818,81319.8340712584,80391.8015833233
2024-07-02,2024-07-02 23:50:00+00:00,62024.3945152038,850448,824,81543.9499299648,81319.8340712584,80391.8015833233
2024-07-03,2024-07-03 23:50:00+00:00,60232.0474412260,850593,823,81575.1435228487,81319.8340712584,80391.8015833233
2024-07-04,2024-07-04 23:50:00+00:00,57170.3382491864,850733,822,81610.3241095920,81319.8340712584,80391.8015833233
2024-07-05,2024-07-05 23:50:00+00:00,56740.6690076138,850854,821,81652.8406902660,81560.7446785060,80391.8015833233
2024-07-06,2024-07-06 23:50:00+00:00,58208.9785386202,851019,820,81696.5835506942,81560.7446785060,80391.8015833233
2024-07-07,2024-07-07 23:50:00+00:00,55884.8814534343,851159,819,81736.8536565245,81560.7446785060,80391.8015833233
2024-07-08,2024-07-08 23:50:00+00:00,56650.6211722978,851319,818,81783.1034320634,81560.7446785060,80391.8015833233
2024-07-09,2024-07-09 23:50:00+00:00,58021.5340377792,851473,817,81827.5366870967,81560.7446785060,80391.8015833233
2024-07-10,2024-07-10 23:50:00+00:00,57720.3008105797,851610,816,81868.7013926688,81560.7446785060,80391.8015833233
2024-07-11,2024-07-11 23:50:00+00:00,57369.0262138897,851749,815,81910.7491730375,81560.7446785060,80391.8015833233
2024-07-12,2024-07-12 23:50:00+00:00,57907.2827275081,851899,814,81953.8189241387,81866.8216937012,80391.8015833233
2024-07-13,2024-07-13 23:50:00+00:00,59225.0012274809,852051,813,81995.7001971422,81866.8216937012,80391.8015833233
2024-07-14,2024-07-14 23:50:00+00:00,60748.8078238425,852218,812,82034.5431303501,81866.8216937012,80391.8015833233
2024-07-15,2024-07-15 23:50:00+00:00,64816.9399318620,852372,811,82070.0011505528,81866.8216937012,80391.8015833233
2024-07-16,2024-07-16 23:50:00+00:00,65172.1164849953,852520,810,82096.9797749035,81866.8216937012,80391.8015833233
2024-07-17,2024-07-17 23:50:00+00:00,64120.9202628393,852679,809,82123.3419619480,81866.8216937012,80391.8015833233
2024-07-18,2024-07-18 23:50:00+00:00,63959.4300477669,852808,808,82151.8874431833,81866.8216937012,80391.8015833233
2024-07-19,2024-07-19 23:50:00+00:00,66707.0678088278,852955,807,82180.8531341041,82159.8752883067,80391.8015833233
2024-07-20,2024-07-20 23:50:00+00:00,67204.9514832769,853119,806,82204.5115317757,82159.8752883067,80391.8015833233
2024-07-21,2024-07-21 23:50:00+00:00,68077.2658880114,853290,805,82227.3095685216,82159.8752883067,80391.8015833233
2024-07-22,2024-07-22 23:50:00+00:00,67614.9074351261,853467,804,82248.5727378057,82159.8752883067,80391.8015833233
2024-07-23,2024-07-23 23:50:00+00:00,65929.5908976716,853637,803,82270.7465596027,82159.8752883067,80391.8015833233
2024-07-24,2024-07-24 23:50:00+00:00,65399.0192727271,853778,802,82296.1801513211,82159.8752883067,80391.8015833233
2024-07-25,2024-07-25 23:50:00+00:00,65726.3447730287,853940,801,82322.7341404584,82159.8752883067,80391.8015833233
2024-07-26,2024-07-26 23:50:00+00:00,67896.8787415156,854101,800,82348.7262203654,82325.7091380555,80391.8015833233
2024-07-27,2024-07-27 23:50:00+00:00,68069.8245781841,854255,799,82370.6693907592,82325.7091380555,80391.8015833233
2024-07-28,2024-07-28 23:50:00+00:00,68222.7149148794,854403,798,82392.3609673661,82325.7091380555,80391.8015833233
2024-07-29,2024-07-29 23:50:00+00:00,66805.9854758281,854580,797,82413.8378785679,82325.7091380555,80391.8015833233
2024-07-30,2024-07-30 23:50:00+00:00,66225.4696191826,854731,796,82438.0338092700,82325.7091380555,80391.8015833233
2024-07-31,2024-07-31 23:50:00+00:00,64687.8374433244,854871,795,82463.4272127656,82325.7091380555,80391.8015833233
2024-08-01,2024-08-01 23:50:00+00:00,65361.2898566105,855012,794,82491.9763239739,82325.7091380555,81232.5602058250
2024-08-02,2024-08-02 23:50:00+00:00,61414.6703903518,855137,793,82519.2495326089,82479.4616730578,81232.5602058250
2024-08-03,2024-08-03 23:50:00+00:00,60692.7465513283,855272,792,82555.0693308739,82479.4616730578,81232.5602058250
2024-08-04,2024-08-04 23:50:00+00:00,58008.0604870608,855413,791,82592.6811719134,82479.4616730578,81232.5602058250
2024-08-05,2024-08-05 23:50:00+00:00,54017.7875253875,855571,790,82637.0137196372,82479.4616730578,81232.5602058250
2024-08-06,2024-08-06 23:50:00+00:00,56002.9878639063,855711,789,82692.5415150947,82479.4616730578,81232.5602058250
2024-08-07,2024-08-07 23:50:00+00:00,55041.6039236460,855832,788,82742.5833206719,82479.4616730578,81232.5602058250
2024-08-08,2024-08-08 23:50:00+00:00,61784.6807672979,855960,787,82795.5296918589,82479.4616730578,81232.5602058250
2024-08-09,2024-08-09 23:50:00+00:00,60925.3573108650,856092,786,82831.3669748012,82730.5766658878,81232.5602058250
2024-08-10,2024-08-10 23:50:00+00:00,60879.1047785142,856221,785,82869.3237517823,82730.5766658878,81232.5602058250
2024-08-11,2024-08-11 23:50:00+00:00,58757.7734285243,856382,784,82907.5216235648,82730.5766658878,81232.5602058250
2024-08-12,2024-08-12 23:50:00+00:00,59342.1206789390,856519,783,82951.0635332931,82730.5766658878,81232.5602058250
2024-08-13,2024-08-13 23:50:00+00:00,60595.3481904949,856668,782,82993.2865917732,82730.5766658878,81232.5602058250
2024-08-14,2024-08-14 23:50:00+00:00,58732.3365757333,856798,781,83032.5842147177,82730.5766658878,81232.5602058250
2024-08-15,2024-08-15 23:50:00+00:00,57619.4649865465,856959,780,83076.6516527106,82730.5766658878,81232.5602058250
2024-08-16,2024-08-16 23:50:00+00:00,58921.3360823619,857100,779,83123.7959422702,82995.7931000932,81232.5602058250
2024-08-17,2024-08-17 23:50:00+00:00,59446.2624508841,857250,778,83167.7058017074,82995.7931000932,81232.5602058250
2024-08-18,2024-08-18 23:50:00+00:00,58482.7453172541,857407,777,83210.4397828975,82995.7931000932,81232.5602058250
2024-08-19,2024-08-19 23:50:00+00:00,59569.7229493952,857537,776,83255.8035038232,82995.7931000932,81232.5602058250
2024-08-20,2024-08-20 23:50:00+00:00,59051.2774869839,857686,775,83298.5404327815,82995.7931000932,81232.5602058250
2024-08-21,2024-08-21 23:50:00+00:00,61164.6944167579,857834,774,83342.7544843969,82995.7931000932,81232.5602058250
2024-08-22,2024-08-22 23:50:00+00:00,60388.1533923417,857991,773,83381.8669204335,82995.7931000932,81232.5602058250
2024-08-23,2024-08-23 23:50:00+00:00,64033.1899577438,858157,772,83423.0127607659,83302.4258830046,81232.5602058250
2024-08-24,2024-08-24 23:50:00+00:00,64120.1732328145,858311,771,83455.7898811647,83302.4258830046,81232.5602058250
2024-08-25,2024-08-25 23:50:00+00:00,64308.3831661740,858443,770,83488.4862257392,83302.4258830046,81232.5602058250
2024-08-26,2024-08-26 23:50:00+00:00,62929.6078626517,858577,769,83520.8792923247,83302.4258830046,81232.5602058250
2024-08-27,2024-08-27 23:50:00+00:00,59545.8405351091,858718,768,83556.4790505944,83302.4258830046,81232.5602058250
2024-08-28,2024-08-28 23:50:00+00:00,59024.8230392339,858880,767,83600.4297130223,83302.4258830046,81232.5602058250
2024-08-29,2024-08-29 23:50:00+00:00,59352.7290331122,859012,766,83645.8955740050,83302.4258830046,81232.5602058250
2024-08-30,2024-08-30 23:50:00+00:00,59145.6299649464,859151,765,83690.6729933169,83530.9405303162,81232.5602058250
2024-08-31,2024-08-31 23:50:00+00:00,58971.6543364991,859302,764,83736.1572188076,83530.9405303162,81232.5602058250
2024-09-01,2024-09-01 23:50:00+00:00,57319.9485439699,859443,763,83782.2692108459,83530.9405303162,81998.3736139885
2024-09-02,2024-09-02 23:50:00+00:00,59099.3799773517,859611,762,83833.0597101015,83530.9405303162,81998.3736139885
2024-09-03,2024-09-03 23:50:00+00:00,57469.4226985167,859759,761,83879.1888517543,83530.9405303162,81998.3736139885
2024-09-04,2024-09-04 23:50:00+00:00,57982.5872161001,859909,760,83929.9382658449,83530.9405303162,81998.3736139885
2024-09-05,2024-09-05 23:50:00+00:00,56163.8494779936,860064,759,83979.4521160804,83530.9405303162,81998.3736139885
2024-09-06,2024-09-06 23:50:00+00:00,53914.8198573214,860210,758,84034.3580506233,83848.0960958641,81998.3736139885
2024-09-07,2024-09-07 23:50:00+00:00,54174.6012164995,860369,757,84096.4194803495,83848.0960958641,81998.3736139885
2024-09-08,2024-09-08 23:50:00+00:00,54796.3110707265,860535,756,84157.9039416794,83848.0960958641,81998.3736139885
2024-09-09,2024-09-09 23:50:00+00:00,57106.0488471756,860681,755,84217.6741241272,83848.0960958641,81998.3736139885
2024-09-10,2024-09-10 23:50:00+00:00,57626.3829411293,860816,754,84270.7355455192,83848.0960958641,81998.3736139885
2024-09-11,2024-09-11 23:50:00+00:00,57388.9397831628,860924,753,84322.5120075613,83848.0960958641,81998.3736139885
2024-09-12,2024-09-12 23:50:00+00:00,58121.3182559756,861077,752,84375.1697912000,83848.0960958641,81998.3736139885
2024-09-13,2024-09-13 23:50:00+00:00,60637.8903086522,861200,751,84425.9498953935,84281.3613695612,81998.3736139885
2024-09-14,2024-09-14 23:50:00+00:00,60001.4544149817,861340,750,84470.1330631209,84281.3613695612,81998.3736139885
2024-09-15,2024-09-15 23:50:00+00:00,59207.1911017603,861489,749,84516.1488254396,84281.3613695612,81998.3736139885
2024-09-16,2024-09-16 23:50:00+00:00,58232.1797464585,861615,748,84564.4754167826,84281.3613695612,81998.3736139885
2024-09-17,2024-09-17 23:50:00+00:00,60304.8912841112,861766,747,84615.6973554949,84281.3613695612,81998.3736139885
2024-09-18,2024-09-18 23:50:00+00:00,61321.1441185249,861904,746,84661.4476277468,84281.3613695612,81998.3736139885
2024-09-19,2024-09-19 23:50:00+00:00,62967.5470227986,862026,745,84704.7236770810,84281.3613695612,81998.3736139885
2024-09-20,2024-09-20 23:50:00+00:00,63122.1799985990,862170,744,84744.0445011894,84589.6094594527,81998.3736139885
2024-09-21,2024-09-21 23:50:00+00:00,63486.4422198549,862305,743,84783.1314519291,84589.6094594527,81998.3736139885
2024-09-22,2024-09-22 23:50:00+00:00,63567.3701072749,862442,742,84821.4785970634,84589.6094594527,81998.3736139885
2024-09-23,2024-09-23 23:50:00+00:00,63322.5513906897,862587,741,84859.7692072421,84589.6094594527,81998.3736139885
2024-09-24,2024-09-24 23:50:00+00:00,64338.7124999745,862733,740,84898.7904393543,84589.6094594527,81998.3736139885
2024-09-25,2024-09-25 23:50:00+00:00,63078.0508015470,862873,739,84935.5184405951,84589.6094594527,81998.3736139885
2024-09-26,2024-09-26 23:50:00+00:00,65134.2092380844,863007,738,84975.4171201315,84589.6094594527,81998.3736139885
2024-09-27,2024-09-27 23:50:00+00:00,65767.3370500298,863143,737,85010.5540912302,84861.8826322170,81998.3736139885
2024-09-28,2024-09-28 23:50:00+00:00,65920.3371684084,863272,736,85044.3633103852,84861.8826322170,81998.3736139885
2024-09-29,2024-09-29 23:50:00+00:00,65673.0046394970,863425,735,85077.9439957584,84861.8826322170,81998.3736139885
2024-09-30,2024-09-30 23:50:00+00:00,63245.6748863735,863564,734,85112.2066650154,84861.8826322170,81998.3736139885
2024-10-01,2024-10-01 23:50:00+00:00,60895.0403429122,863722,733,85152.3711169726,84861.8826322170,83435.2560728854
2024-10-02,2024-10-02 23:50:00+00:00,60649.1868950116,863876,732,85198.7353580255,84861.8826322170,83435.2560728854
2024-10-03,2024-10-03 23:50:00+00:00,60740.5122693724,864033,731,85245.9389282365,84861.8826322170,83435.2560728854
2024-10-04,2024-10-04 23:50:00+00:00,62104.6742803113,864204,730,85293.0773178470,85097.1842759983,83435.2560728854
2024-10-05,2024-10-05 23:50:00+00:00,62075.3438501407,864354,729,85336.7847507332,85097.1842759983,83435.2560728854
2024-10-06,2024-10-06 23:50:00+00:00,62824.6236895588,864505,728,85380.7334454557,85097.1842759983,83435.2560728854
2024-10-07,2024-10-07 23:50:00+00:00,62306.8746342290,864661,727,85422.9200241004,85097.1842759983,83435.2560728854
2024-10-08,2024-10-08 23:50:00+00:00,62184.5941290960,864828,726,85466.5954707472,85097.1842759983,83435.2560728854
2024-10-09,2024-10-09 23:50:00+00:00,60591.1857899384,864955,725,85510.7545732428,85097.1842759983,83435.2560728854
2024-10-10,2024-10-10 23:50:00+00:00,60232.8258629853,865110,724,85559.3572309396,85097.1842759983,83435.2560728854
2024-10-11,2024-10-11 23:50:00+00:00,62401.4271592908,865251,723,85609.1451917361,85401.1976697970,83435.2560728854
2024-10-12,2024-10-12 23:50:00+00:00,63185.4026459960,865393,722,85653.2661206480,85401.1976697970,83435.2560728854
2024-10-13,2024-10-13 23:50:00+00:00,62799.2082591529,865531,721,85695.5298603148,85401.1976697970,83435.2560728854
2024-10-14,2024-10-14 23:50:00+00:00,66058.7589660405,865670,720,85738.9465987465,85401.1976697970,83435.2560728854
2024-10-15,2024-10-15 23:50:00+00:00,67025.2027530298,865827,719,85774.4874696440,85401.1976697970,83435.2560728854
2024-10-16,2024-10-16 23:50:00+00:00,67642.1517476881,865968,718,85807.9184791046,85401.1976697970,83435.2560728854
2024-10-17,2024-10-17 23:50:00+00:00,67316.2632891637,866125,717,85840.0704224759,85401.1976697970,83435.2560728854
2024-10-18,2024-10-18 23:50:00+00:00,68446.8400345143,866260,716,85873.0734844455,85707.8968349326,83435.2560728854
2024-10-19,2024-10-19 23:50:00+00:00,68369.9047054396,866433,715,85903.6618139492,85707.8968349326,83435.2560728854
2024-10-20,2024-10-20 23:50:00+00:00,68937.6077371636,866606,714,85934.5277530085,85707.8968349326,83435.2560728854
2024-10-21,2024-10-21 23:50:00+00:00,67409.9601932469,866776,713,85964.2541581062,85707.8968349326,83435.2560728854
2024-10-22,2024-10-22 23:50:00+00:00,67346.7340607424,866916,712,85997.4991468814,85707.8968349326,83435.2560728854
2024-10-23,2024-10-23 23:50:00+00:00,66678.7070632781,867067,711,86031.0084599731,85707.8968349326,83435.2560728854
2024-10-24,2024-10-24 23:50:00+00:00,68170.2098425850,867210,710,86066.1903916082,85707.8968349326,83435.2560728854
2024-10-25,2024-10-25 23:50:00+00:00,66501.3509559895,867367,709,86098.0696380827,85920.3238331302,83435.2560728854
2024-10-26,2024-10-26 23:50:00+00:00,67018.1550845578,867512,708,86133.9200248473,85920.3238331302,83435.2560728854
2024-10-27,2024-10-27 23:50:00+00:00,67943.9675994587,867672,707,86168.6839863080,85920.3238331302,83435.2560728854
2024-10-28,2024-10-28 23:50:00+00:00,69842.8951779753,867841,706,86201.4346169556,85920.3238331302,83435.2560728854
2024-10-29,2024-10-29 23:50:00+00:00,72737.4266476475,867999,705,86230.0824631302,85920.3238331302,83435.2560728854
2024-10-30,2024-10-30 23:50:00+00:00,72331.8309326851,868168,704,86252.8093578521,85920.3238331302,83435.2560728854
2024-10-31,2024-10-31 23:50:00+00:00,70251.0196618344,868325,703,86276.4292080648,85920.3238331302,83435.2560728854
2024-11-01,2024-11-01 23:50:00+00:00,69513.1578978095,868479,702,86304.4740310406,86169.4548259147,84742.2234849217
2024-11-02,2024-11-02 23:50:00+00:00,69293.2051422515,868620,701,86334.2237378712,86169.4548259147,84742.2234849217
2024-11-03,2024-11-03 23:50:00+00:00,68823.9358513952,868750,700,86364.5656155620,86169.4548259147,84742.2234849217
2024-11-04,2024-11-04 23:50:00+00:00,67762.7776282515,868903,699,86396.0664799446,86169.4548259147,84742.2234849217
2024-11-05,2024-11-05 23:50:00+00:00,69372.3571089419,869042,698,86430.1157643374,86169.4548259147,84742.2234849217
2024-11-06,2024-11-06 23:50:00+00:00,75638.9896651287,869194,697,86460.6172552362,86169.4548259147,84742.2234849217
2024-11-07,2024-11-07 23:50:00+00:00,75958.4634812625,869351,696,86478.3937135893,86169.4548259147,84742.2234849217
2024-11-08,2024-11-08 23:50:00+00:00,76544.7567005686,869492,695,86495.6300932131,86376.4244726857,84742.2234849217
2024-11-09,2024-11-09 23:50:00+00:00,76707.9980608925,869631,694,86511.8355698848,86376.4244726857,84742.2234849217
2024-11-10,2024-11-10 23:50:00+00:00,80424.6318165981,869779,693,86527.7935474697,86376.4244726857,84742.2234849217
2024-11-11,2024-11-11 23:50:00+00:00,88766.3358798817,869916,692,86537.2834764180,86376.4244726857,84742.2234849217
2024-11-12,2024-11-12 23:50:00+00:00,88223.5892037158,870062,691,86534.1387605395,86376.4244726857,84742.2234849217
2024-11-13,2024-11-13 23:50:00+00:00,90445.5352752674,870196,690,86531.7372357887,86376.4244726857,84742.2234849217
2024-11-14,2024-11-14 23:50:00+00:00,87369.3552045294,870326,689,86526.3029784061,86376.4244726857,84742.2234849217
2024-11-15,2024-11-15 23:50:00+00:00,90932.8126344145,870477,688,86525.0894527357,86488.6355155383,84742.2234849217
2024-11-16,2024-11-16 23:50:00+00:00,90562.4189070951,870631,687,86518.9849770824,86488.6355155383,84742.2234849217
2024-11-17,2024-11-17 23:50:00+00:00,89804.7894210569,870783,686,86513.3542902652,86488.6355155383,84742.2234849217
2024-11-18,2024-11-18 23:50:00+00:00,90553.7657736696,870938,685,86508.7256317186,86488.6355155383,84742.2234849217
2024-11-19,2024-11-19 23:50:00+00:00,92238.1916222907,871115,684,86503.0763690095,86488.6355155383,84742.2234849217
2024-11-20,2024-11-20 23:50:00+00:00,94193.7808338788,871261,683,86495.2022371185,86488.6355155383,84742.2234849217
2024-11-21,2024-11-21 23:50:00+00:00,98514.5274111514,871405,682,86484.8378429948,86488.6355155383,84742.2234849217
2024-11-22,2024-11-22 23:50:00+00:00,98978.1240160513,871549,681,86469.3329369553,86445.5246072284,84742.2234849217
2024-11-23,2024-11-23 23:50:00+00:00,97658.1015831774,871686,680,86453.2654258101,86445.5246072284,84742.2234849217
2024-11-24,2024-11-24 23:50:00+00:00,97933.8155743235,871821,679,86438.6592850827,86445.5246072284,84742.2234849217
2024-11-25,2024-11-25 23:50:00+00:00,93049.0159378559,871990,678,86423.6974331039,86445.5246072284,84742.2234849217
2024-11-26,2024-11-26 23:50:00+00:00,91957.6723228167,872128,677,86414.6089066237,86445.5246072284,84742.2234849217
2024-11-27,2024-11-27 23:50:00+00:00,95981.5805542439,872262,676,86406.9040665904,86445.5246072284,84742.2234849217
2024-11-28,2024-11-28 23:50:00+00:00,95651.1964495578,872404,675,86394.1362479345,86445.5246072284,84742.2234849217
2024-11-29,2024-11-29 23:50:00+00:00,97447.1323679839,872524,674,86381.7327352209,86332.8292098922,84742.2234849217
2024-11-30,2024-11-30 23:50:00+00:00,96514.0527097167,872688,673,86367.1603173527,86332.8292098922,84742.2234849217
2024-12-01,2024-12-01 23:50:00+00:00,97311.4552378753,872845,672,86353.6503614912,86332.8292098922,85557.1808112545
2024-12-02,2024-12-02 23:50:00+00:00,95842.7975906814,872974,671,86339.1611450441,86332.8292098922,85557.1808112545
2024-12-03,2024-12-03 23:50:00+00:00,96000.7813507387,873130,670,86326.3850220354,86332.8292098922,85557.1808112545
2024-12-04,2024-12-04 23:50:00+00:00,98862.2595484548,873277,669,86313.3832924307,86332.8292098922,85557.1808112545
2024-12-05,2024-12-05 23:50:00+00:00,97124.8557188497,873431,668,86296.9851948739,86332.8292098922,85557.1808112545
2024-12-06,2024-12-06 23:50:00+00:00,99945.3170972673,873569,667,86282.5637134721,86230.3815011798,85557.1808112545
2024-12-07,2024-12-07 23:50:00+00:00,99805.3054116588,873711,666,86264.8571020299,86230.3815011798,85557.1808112545
2024-12-08,2024-12-08 23:50:00+00:00,101267.8228772039,873856,665,86247.2615423709,86230.3815011798,85557.1808112545
2024-12-09,2024-12-09 23:50:00+00:00,97465.9378311554,874024,664,86227.9998287079,86230.3815011798,85557.1808112545
2024-12-10,2024-12-10 23:50:00+00:00,96715.5724779245,874175,663,86213.0066737759,86230.3815011798,85557.1808112545
2024-12-11,2024-12-11 23:50:00+00:00,101175.2282635775,874320,662,86198.8668963921,86230.3815011798,85557.1808112545
2024-12-12,2024-12-12 23:50:00+00:00,100042.5938470034,874466,661,86179.5678890880,86230.3815011798,85557.1808112545
2024-12-13,2024-12-13 23:50:00+00:00,101369.2707038183,874635,660,86161.4777337387,86106.0041931158,85557.1808112545
2024-12-14,2024-12-14 23:50:00+00:00,101358.9618648732,874797,659,86141.8672305935,86106.0041931158,85557.1808112545
2024-12-15,2024-12-15 23:50:00+00:00,104597.5905002600,874934,658,86122.2173960801,86106.0041931158,85557.1808112545
2024-12-16,2024-12-16 23:50:00+00:00,105984.7430895704,875080,657,86099.0698675780,86106.0041931158,85557.1808112545
2024-12-17,2024-12-17 23:50:00+00:00,106102.9159597656,875217,656,86074.4510398558,86106.0041931158,85557.1808112545
2024-12-18,2024-12-18 23:50:00+00:00,100121.4727515069,875362,655,86049.6523826790,86106.0041931158,85557.1808112545
2024-12-19,2024-12-19 23:50:00+00:00,97622.6915091139,875506,654,86031.1639071233,86106.0041931158,85557.1808112545
2024-12-20,2024-12-20 23:50:00+00:00,97749.9403235650,875657,653,86015.5233020185,85968.2985799161,85557.1808112545
2024-12-21,2024-12-21 23:50:00+00:00,97204.0509214241,875803,652,85999.6891684846,85968.2985799161,85557.1808112545
2024-12-22,2024-12-22 23:50:00+00:00,95087.0063501526,875957,651,85984.4647132525,85968.2985799161,85557.1808112545
2024-12-23,2024-12-23 23:50:00+00:00,94707.5497505837,876097,650,85971.8032418333,85968.2985799161,85557.1808112545
2024-12-24,2024-12-24 23:50:00+00:00,98744.5950489427,876229,649,85959.5862286636,85968.2985799161,85557.1808112545
2024-12-25,2024-12-25 23:50:00+00:00,99475.4251874526,876380,648,85942.4142538622,85968.2985799161,85557.1808112545
2024-12-26,2024-12-26 23:50:00+00:00,95708.5197904997,876508,647,85924.3470648281,85968.2985799161,85557.1808112545
2024-12-27,2024-12-27 23:50:00+00:00,94305.7867796113,876669,646,85910.7517736739,85857.0275234026,85557.1808112545
2024-12-28,2024-12-28 23:50:00+00:00,95203.7505284988,876809,645,85898.8964875847,85857.0275234026,85557.1808112545
2024-12-29,2024-12-29 23:50:00+00:00,93620.0832300121,876969,644,85885.8620793383,85857.0275234026,85557.1808112545
2024-12-30,2024-12-30 23:50:00+00:00,92652.4841742503,877128,643,85874.8288543396,85857.0275234026,85557.1808112545
2024-12-31,2024-12-31 23:50:00+00:00,93460.4255271153,877256,642,85865.0451395162,85857.0275234026,85557.1808112545
2025-01-01,2025-01-01 23:50:00+00:00,94397.1460817957,877393,641,85854.1602233174,85857.0275234026,85089.9971059693
2025-01-02,2025-01-02 23:50:00+00:00,96861.9653197513,877564,640,85842.0215622404,85857.0275234026,85089.9971059693
2025-01-03,2025-01-03 23:50:00+00:00,98085.4536735983,877705,639,85826.7406998904,85773.5018652210,85089.9971059693
2025-01-04,2025-01-04 23:50:00+00:00,98271.5847665466,877856,638,85809.9311089140,85773.5018652210,85089.9971059693
2025-01-05,2025-01-05 23:50:00+00:00,98374.9555651139,878012,637,85792.8522287501,85773.5018652210,85089.9971059693
2025-01-06,2025-01-06 23:50:00+00:00,102236.7273123477,878142,636,85775.6027744043,85773.5018652210,85089.9971059693
2025-01-07,2025-01-07 23:50:00+00:00,96921.5569252403,878277,635,85753.8591213459,85773.5018652210,85089.9971059693
2025-01-08,2025-01-08 23:50:00+00:00,95019.7187997026,878402,634,85738.2769216806,85773.5018652210,85089.9971059693
2025-01-09,2025-01-09 23:50:00+00:00,92423.1405078937,878554,633,85725.0485698140,85773.5018652210,85089.9971059693
2025-01-10,2025-01-10 23:50:00+00:00,94744.9273643292,878697,632,85715.2195265603,85655.3514069234,85089.9971059693
2025-01-11,2025-01-11 23:50:00+00:00,94570.9642158644,878836,631,85702.2751623606,85655.3514069234,85089.9971059693
2025-01-12,2025-01-12 23:50:00+00:00,94458.1748317397,879008,630,85689.5199183396,85655.3514069234,85089.9971059693
2025-01-13,2025-01-13 23:50:00+00:00,94398.4142696792,879135,629,85676.8752802743,85655.3514069234,85089.9971059693
2025-01-14,2025-01-14 23:50:00+00:00,96579.2708869885,879289,628,85664.2724376062,85655.3514069234,85089.9971059693
2025-01-15,2025-01-15 23:50:00+00:00,100362.3732497324,879428,627,85648.8343439311,85655.3514069234,85089.9971059693
2025-01-16,2025-01-16 23:50:00+00:00,100033.4562703557,879557,626,85628.7807763154,85655.3514069234,85089.9971059693
2025-01-17,2025-01-17 23:50:00+00:00,104167.9247020675,879707,625,85609.0566443893,85564.1425633830,85089.9971059693
2025-01-18,2025-01-18 23:50:00+00:00,104325.9243694332,879837,624,85584.6207289841,85564.1425633830,85089.9971059693
2025-01-19,2025-01-19 23:50:00+00:00,101672.7690305871,879985,623,85559.9495429156,85564.1425633830,85089.9971059693
2025-01-20,2025-01-20 23:50:00+00:00,101944.4199465012,880138,622,85538.1555710012,85564.1425633830,85089.9971059693
2025-01-21,2025-01-21 23:50:00+00:00,106159.1582011072,880271,621,85515.9939259855,85564.1425633830,85089.9971059693
2025-01-22,2025-01-22 23:50:00+00:00,103725.7977935965,880422,620,85489.1813666019,85564.1425633830,85089.9971059693
2025-01-23,2025-01-23 23:50:00+00:00,104070.0735939163,880557,619,85464.9066228993,85564.1425633830,85089.9971059693
2025-01-24,2025-01-24 23:50:00+00:00,104746.0259560678,880698,618,85440.1904375802,85392.7869191728,85089.9971059693
2025-01-25,2025-01-25 23:50:00+00:00,104801.6433315886,880825,617,85414.6752728252,85392.7869191728,85089.9971059693
2025-01-26,2025-01-26 23:50:00+00:00,102597.0136757683,880961,616,85389.0326063697,85392.7869191728,85089.9971059693
2025-01-27,2025-01-27 23:50:00+00:00,101909.2432034657,881117,615,85365.7514926673,85392.7869191728,85089.9971059693
2025-01-28,2025-01-28 23:50:00+00:00,101270.9868644747,881267,614,85343.1875966095,85392.7869191728,85089.9971059693
2025-01-29,2025-01-29 23:50:00+00:00,103749.3103057853,881419,613,85321.2964906406,85392.7869191728,85089.9971059693
2025-01-30,2025-01-30 23:50:00+00:00,104823.2115465023,881564,612,85296.5408991259,85392.7869191728,85089.9971059693
2025-01-31,2025-01-31 23:50:00+00:00,102378.8398175263,881692,611,85270.5435802547,85213.8731607090,85089.9971059693
2025-02-01,2025-02-01 23:50:00+00:00,100644.2063149785,881874,610,85247.1903588361,85213.8731607090,84692.3637938144
2025-02-02,2025-02-02 23:50:00+00:00,97468.7000000000,882047,609,85225.7811076223,85213.8731607090,84692.3637938144
2025-02-03,2025-02-03 23:50:00+00:00,101578.0000000000,882199,608,85208.1776695548,85213.8731607090,84692.3637938144
2025-02-04,2025-02-04 23:50:00+00:00,97926.3000000000,882331,607,85185.5613669241,85213.8731607090,84692.3637938144
2025-02-05,2025-02-05 23:50:00+00:00,96518.8000000000,882474,606,85167.2763487859,85213.8731607090,84692.3637938144
2025-02-06,2025-02-06 23:50:00+00:00,96419.8000000000,882619,605,85150.7234060806,85213.8731607090,84692.3637938144
2025-02-07,2025-02-07 23:50:00+00:00,96475.8000000000,882792,604,85134.2497695718,85049.9698704302,84692.3637938144
2025-02-08,2025-02-08 23:50:00+00:00,96617.7000000000,882952,603,85117.6555675480,85049.9698704302,84692.3637938144
2025-02-09,2025-02-09 23:50:00+00:00,96400.5000000000,883096,602,85100.8295969366,85049.9698704302,84692.3637938144
2025-02-10,2025-02-10 23:50:00+00:00,97347.3000000000,883235,601,85084.2352136509,85049.9698704302,84692.3637938144
2025-02-11,2025-02-11 23:50:00+00:00,95830.3000000000,883357,600,85066.3751998957,85049.9698704302,84692.3637938144
2025-02-12,2025-02-12 23:50:00+00:00,97672.7000000000,883492,599,85050.4267865828,85049.9698704302,84692.3637938144
2025-02-13,2025-02-13 23:50:00+00:00,96567.8000000000,883646,598,85032.0510035792,85049.9698704302,84692.3637938144
2025-02-14,2025-02-14 23:50:00+00:00,97439.8000000000,883799,597,85015.0398058865,84933.0071598632,84692.3637938144
2025-02-15,2025-02-15 23:50:00+00:00,97572.4000000000,883961,596,84996.8550184749,84933.0071598632,84692.3637938144
2025-02-16,2025-02-16 23:50:00+00:00,96152.4000000000,884113,595,84978.4476521593,84933.0071598632,84692.3637938144
2025-02-17,2025-02-17 23:50:00+00:00,95762.5000000000,884249,594,84961.8256215829,84933.0071598632,84692.3637938144
2025-02-18,2025-02-18 23:50:00+00:00,95342.7000000000,884389,593,84945.6693201621,84933.0071598632,84692.3637938144
2025-02-19,2025-02-19 23:50:00+00:00,96592.2000000000,884516,592,84930.0248296821,84933.0071598632,84692.3637938144
2025-02-20,2025-02-20 23:50:00+00:00,98408.2000000000,884645,591,84912.6779023465,84933.0071598632,84692.3637938144
2025-02-21,2025-02-21 23:50:00+00:00,96144.6000000000,884774,590,84892.9455894382,84804.9476494457,84692.3637938144
2025-02-22,2025-02-22 23:50:00+00:00,96603.4000000000,884914,589,84876.0815536862,84804.9476494457,84692.3637938144
2025-02-23,2025-02-23 23:50:00+00:00,96076.7000000000,885043,588,84858.5619350631,84804.9476494457,84692.3637938144
2025-02-24,2025-02-24 23:50:00+00:00,91780.5000000000,885172,587,84841.6857650876,84804.9476494457,84692.3637938144
2025-02-25,2025-02-25 23:50:00+00:00,88754.6000000000,885318,586,84830.7414021150,84804.9476494457,84692.3637938144
2025-02-26,2025-02-26 23:50:00+00:00,83882.8000000000,885475,585,84824.3309737065,84804.9476494457,84692.3637938144
2025-02-27,2025-02-27 23:50:00+00:00,84625.2000000000,885627,584,84825.9613116489,84804.9476494457,84692.3637938144
2025-02-28,2025-02-28 23:50:00+00:00,84438.5000000000,885782,583,84826.3064890217,84686.0406593468,84692.3637938144
2025-03-01,2025-03-01 23:50:00+00:00,85841.8000000000,885924,582,84826.9758887964,84686.0406593468,84026.4650860104
2025-03-02,2025-03-02 23:50:00+00:00,94286.7000000000,886053,581,84825.2498880598,84686.0406593468,84026.4650860104
2025-03-03,2025-03-03 23:50:00+00:00,86384.8000000000,886203,580,84810.5765376174,84686.0406593468,84026.4650860104
2025-03-04,2025-03-04 23:50:00+00:00,87334.8000000000,886347,579,84807.9073024882,84686.0406593468,84026.4650860104
2025-03-05,2025-03-05 23:50:00+00:00,90825.3000000000,886483,578,84803.6622189661,84686.0406593468,84026.4650860104
2025-03-06,2025-03-06 23:50:00+00:00,90036.2000000000,886652,577,84793.9191296838,84686.0406593468,84026.4650860104
2025-03-07,2025-03-07 23:50:00+00:00,86671.3000000000,886792,576,84785.3487224999,84689.0319258646,84026.4650860104
2025-03-08,2025-03-08 23:50:00+00:00,86089.5000000000,886931,575,84782.1402989942,84689.0319258646,84026.4650860104
2025-03-09,2025-03-09 23:50:00+00:00,80467.4000000000,887090,574,84779.8973164065,84689.0319258646,84026.4650860104
2025-03-10,2025-03-10 23:50:00+00:00,78926.0000000000,887244,573,84787.8275824075,84689.0319258646,84026.4650860104
2025-03-11,2025-03-11 23:50:00+00:00,82667.3000000000,887381,572,84798.8380767910,84689.0319258646,84026.4650860104
2025-03-12,2025-03-12 23:50:00+00:00,83688.5000000000,887536,571,84802.6674945484,84689.0319258646,84026.4650860104
2025-03-13,2025-03-13 23:50:00+00:00,81126.7000000000,887694,570,84804.6482438048,84689.0319258646,84026.4650860104
2025-03-14,2025-03-14 23:50:00+00:00,84055.2000000000,887837,569,84811.4057086987,84665.4173974485,84026.4650860104
2025-03-15,2025-03-15 23:50:00+00:00,84375.0000000000,887969,568,84812.7490555767,84665.4173974485,84026.4650860104
2025-03-16,2025-03-16 23:50:00+00:00,82593.2000000000,888114,567,84813.5251123385,84665.4173974485,84026.4650860104
2025-03-17,2025-03-17 23:50:00+00:00,84110.0000000000,888254,566,84817.5535958352,84665.4173974485,84026.4650860104
2025-03-18,2025-03-18 23:50:00+00:00,82673.8000000000,888396,565,84818.8164565975,84665.4173974485,84026.4650860104
2025-03-19,2025-03-19 23:50:00+00:00,86859.7000000000,888547,564,84822.7185333887,84665.4173974485,84026.4650860104
2025-03-20,2025-03-20 23:50:00+00:00,84207.8000000000,888688,563,84819.1854453852,84665.4173974485,84026.4650860104
2025-03-21,2025-03-21 23:50:00+00:00,84046.6000000000,888834,562,84820.2812324438,84673.0063171973,84026.4650860104
2025-03-22,2025-03-22 23:50:00+00:00,83767.2000000000,888984,561,84821.6730614592,84673.0063171973,84026.4650860104
2025-03-23,2025-03-23 23:50:00+00:00,85687.8000000000,889141,560,84823.5797952377,84673.0063171973,84026.4650860104
2025-03-24,2025-03-24 23:50:00+00:00,87259.2000000000,889292,559,84822.0494043316,84673.0063171973,84026.4650860104
2025-03-25,2025-03-25 23:50:00+00:00,87404.7000000000,889441,558,84817.8039520517,84673.0063171973,84026.4650860104
2025-03-26,2025-03-26 23:50:00+00:00,86879.2000000000,889596,557,84813.2973112600,84673.0063171973,84026.4650860104
2025-03-27,2025-03-27 23:50:00+00:00,87157.7000000000,889742,556,84809.6701686581,84673.0063171973,84026.4650860104
2025-03-28,2025-03-28 23:50:00+00:00,84338.7000000000,889897,555,84805.5536587999,84680.8954893768,84026.4650860104
2025-03-29,2025-03-29 23:50:00+00:00,82494.3000000000,890038,554,84806.4010281140,84680.8954893768,84026.4650860104
2025-03-30,2025-03-30 23:50:00+00:00,82290.5000000000,890176,553,84810.6994434664,84680.8954893768,84026.4650860104
2025-03-31,2025-03-31 23:50:00+00:00,82416.7000000000,890324,552,84815.4051070260,84680.8954893768,84026.4650860104
2025-04-01,2025-04-01 23:50:00+00:00,85166.0000000000,890457,551,84819.8854134830,84680.8954893768,83933.0456316845
2025-04-02,2025-04-02 23:50:00+00:00,82554.8000000000,890630,550,84819.2586763376,84680.8954893768,83933.0456316845
2025-04-03,2025-04-03 23:50:00+00:00,83112.7000000000,890782,549,84823.4967245926,84680.8954893768,83933.0456316845
2025-04-04,2025-04-04 23:50:00+00:00,83846.5000000000,890963,548,84826.6829973149,84685.2448762010,83933.0456316845
2025-04-05,2025-04-05 23:50:00+00:00,83262.8000000000,891126,547,84828.4959090762,84685.2448762010,83933.0456316845
2025-04-06,2025-04-06 23:50:00+00:00,78443.5000000000,891272,546,84831.4175072653,84685.2448762010,83933.0456316845
2025-04-07,2025-04-07 23:50:00+00:00,79333.0000000000,891417,545,84844.0948273170,84685.2448762010,83933.0456316845
2025-04-08,2025-04-08 23:50:00+00:00,76386.5000000000,891568,544,84854.9306574806,84685.2448762010,83933.0456316845
2025-04-09,2025-04-09 23:50:00+00:00,82677.0000000000,891700,543,84872.2588097493,84685.2448762010,83933.0456316845
2025-04-10,2025-04-10 23:50:00+00:00,79634.8000000000,891843,542,84876.4168507718,84685.2448762010,83933.0456316845
2025-04-11,2025-04-11 23:50:00+00:00,83389.0000000000,891992,541,84886.7445835359,84696.1069759692,83933.0456316845
2025-04-12,2025-04-12 23:50:00+00:00,85327.3000000000,892135,540,84889.5680950038,84696.1069759692,83933.0456316845
2025-04-13,2025-04-13 23:50:00+00:00,83521.5000000000,892308,539,84888.7601503269,84696.1069759692,83933.0456316845
2025-04-14,2025-04-14 23:50:00+00:00,84505.8000000000,892457,538,84891.3432073901,84696.1069759692,83933.0456316845
2025-04-15,2025-04-15 23:50:00+00:00,83654.2000000000,892601,537,84892.0644466315,84696.1069759692,83933.0456316845
2025-04-16,2025-04-16 23:50:00+00:00,84157.4000000000,892749,536,84894.4081337571,84696.1069759692,83933.0456316845
2025-04-17,2025-04-17 23:50:00+00:00,84914.0000000000,892901,535,84895.7978060000,84696.1069759692,83933.0456316845
2025-04-18,2025-04-18 23:50:00+00:00,84447.8000000000,893039,534,84895.7637268149,84713.3519882503,83933.0456316845
2025-04-19,2025-04-19 23:50:00+00:00,85129.5000000000,893176,533,84896.6086508063,84713.3519882503,83933.0456316845
2025-04-20,2025-04-20 23:50:00+00:00,85068.5000000000,893299,532,84896.1720849661,84713.3519882503,83933.0456316845
2025-04-21,2025-04-21 23:50:00+00:00,87337.3000000000,893427,531,84895.8482089495,84713.3519882503,83933.0456316845
2025-04-22,2025-04-22 23:50:00+00:00,93620.2000000000,893581,530,84891.3707040702,84713.3519882503,83933.0456316845
2025-04-23,2025-04-23 23:50:00+00:00,93629.0000000000,893695,529,84876.4111801749,84713.3519882503,83933.0456316845
2025-04-24,2025-04-24 23:50:00+00:00,93913.7000000000,893835,528,84861.3866000949,84713.3519882503,83933.0456316845
2025-04-25,2025-04-25 23:50:00+00:00,94788.8000000000,893979,527,84845.8680653755,84716.8572258481,83933.0456316845
2025-04-26,2025-04-26 23:50:00+00:00,94663.5000000000,894114,526,84828.9513596202,84716.8572258481,83933.0456316845
2025-04-27,2025-04-27 23:50:00+00:00,93780.5000000000,894247,525,84812.1683154269,84716.8572258481,83933.0456316845
2025-04-28,2025-04-28 23:50:00+00:00,95039.7000000000,894389,524,84796.6927421820,84716.8572258481,83933.0456316845
2025-04-29,2025-04-29 23:50:00+00:00,94220.2000000000,894536,523,84779.2220479890,84716.8572258481,83933.0456316845
2025-04-30,2025-04-30 23:50:00+00:00,94227.3000000000,894667,522,84762.9512621754,84716.8572258481,83933.0456316845
2025-05-01,2025-05-01 23:50:00+00:00,96403.2000000000,894803,521,84746.6132725541,84716.8572258481,83865.5940596258
2025-05-02,2025-05-02 23:50:00+00:00,96853.8000000000,894962,520,84726.9118319875,84597.0039404315,83865.5940596258
2025-05-03,2025-05-03 23:50:00+00:00,95934.2000000000,895123,519,84706.4764873227,84597.0039404315,83865.5940596258
2025-05-04,2025-05-04 23:50:00+00:00,94265.3000000000,895265,518,84687.3424332964,84597.0039404315,83865.5940596258
2025-05-05,2025-05-05 23:50:00+00:00,94824.8000000000,895438,517,84670.7020367206,84597.0039404315,83865.5940596258
2025-05-06,2025-05-06 23:50:00+00:00,96840.0000000000,895578,516,84653.1344237408,84597.0039404315,83865.5940596258
2025-05-07,2025-05-07 23:50:00+00:00,97005.7000000000,895727,515,84632.4536423914,84597.0039404315,83865.5940596258
2025-05-08,2025-05-08 23:50:00+00:00,103112.0000000000,895888,514,84611.4568738840,84597.0039404315,83865.5940596258
2025-05-09,2025-05-09 23:50:00+00:00,102954.0000000000,896024,513,84581.8743511131,84452.5792340523,83865.5940596258
2025-05-10,2025-05-10 23:50:00+00:00,104561.0000000000,896178,512,84552.4048905681,84452.5792340523,83865.5940596258
2025-05-11,2025-05-11 23:50:00+00:00,103987.0000000000,896326,511,84520.7537525882,84452.5792340523,83865.5940596258
2025-05-12,2025-05-12 23:50:00+00:00,102949.0000000000,896472,510,84489.7412389889,84452.5792340523,83865.5940596258
2025-05-13,2025-05-13 23:50:00+00:00,104220.0000000000,896601,509,84459.9886089852,84452.5792340523,83865.5940596258
2025-05-14,2025-05-14 23:50:00+00:00,103597.0000000000,896745,508,84428.4776683105,84452.5792340523,83865.5940596258
2025-05-15,2025-05-15 23:50:00+00:00,103755.0000000000,896889,507,84397.6767270611,84452.5792340523,83865.5940596258
2025-05-16,2025-05-16 23:50:00+00:00,103545.0000000000,897027,506,84366.5698692861,84245.1909994625,83865.5940596258
2025-05-17,2025-05-17 23:50:00+00:00,103214.0000000000,897170,505,84335.6381770950,84245.1909994625,83865.5940596258
2025-05-18,2025-05-18 23:50:00+00:00,105884.0000000000,897332,504,84305.0432998060,84245.1909994625,83865.5940596258
2025-05-19,2025-05-19 23:50:00+00:00,105631.0000000000,897474,503,84270.8996652407,84245.1909994625,83865.5940596258
2025-05-20,2025-05-20 23:50:00+00:00,106892.0000000000,897619,502,84236.9675522670,84245.1909994625,83865.5940596258
2025-05-21,2025-05-21 23:50:00+00:00,109697.0000000000,897765,501,84201.3469876830,84245.1909994625,83865.5940596258
2025-05-22,2025-05-22 23:50:00+00:00,111518.0000000000,897916,500,84162.2252087707,84245.1909994625,83865.5940596258
2025-05-23,2025-05-23 23:50:00+00:00,107198.0000000000,898070,499,84120.8721852010,84027.6637486817,83865.5940596258
2025-05-24,2025-05-24 23:50:00+00:00,107847.0000000000,898211,498,84084.5240779941,84027.6637486817,83865.5940596258
2025-05-25,2025-05-25 23:50:00+00:00,108889.0000000000,898362,497,84047.2633951503,84027.6637486817,83865.5940596258
2025-05-26,2025-05-26 23:50:00+00:00,109394.0000000000,898514,496,84008.6231268226,84027.6637486817,83865.5940596258
2025-05-27,2025-05-27 23:50:00+00:00,109109.0000000000,898656,495,83969.2585821517,84027.6637486817,83865.5940596258
2025-05-28,2025-05-28 23:50:00+00:00,107842.0000000000,898819,494,83930.1122491712,84027.6637486817,83865.5940596258
2025-05-29,2025-05-29 23:50:00+00:00,105612.0000000000,898978,493,83892.3809698313,84027.6637486817,83865.5940596258
2025-05-30,2025-05-30 23:50:00+00:00,104038.0000000000,899133,492,83857.3288039937,83772.6348004088,83865.5940596258
2025-05-31,2025-05-31 23:50:00+00:00,104710.0000000000,899295,491,83824.2132819606,83772.6348004088,83865.5940596258
2025-06-01,2025-06-01 23:50:00+00:00,105750.0000000000,899428,490,83790.1050400924,83772.6348004088,83228.8743913140
2025-06-02,2025-06-02 23:50:00+00:00,105914.0000000000,899562,489,83754.5378652446,83772.6348004088,83228.8743913140
2025-06-03,2025-06-03 23:50:00+00:00,105432.0000000000,899705,488,83718.6449929944,83772.6348004088,83228.8743913140
2025-06-04,2025-06-04 23:50:00+00:00,104815.0000000000,899830,487,83683.2563346306,83772.6348004088,83228.8743913140
2025-06-05,2025-06-05 23:50:00+00:00,101660.0000000000,899964,486,83648.5559671464,83772.6348004088,83228.8743913140
2025-06-06,2025-06-06 23:50:00+00:00,104430.0000000000,900098,485,83618.0098146406,83540.1686374582,83228.8743913140
2025-06-07,2025-06-07 23:50:00+00:00,105683.0000000000,900243,484,83583.5935278765,83540.1686374582,83228.8743913140
2025-06-08,2025-06-08 23:50:00+00:00,105706.0000000000,900395,483,83547.4224540495,83540.1686374582,83228.8743913140
2025-06-09,2025-06-09 23:50:00+00:00,110227.0000000000,900536,482,83511.1029909231,83540.1686374582,83228.8743913140
2025-06-10,2025-06-10 23:50:00+00:00,110148.0000000000,900703,481,83469.0436818196,83540.1686374582,83228.8743913140
2025-06-11,2025-06-11 23:50:00+00:00,108642.0000000000,900845,480,83426.9460826368,83540.1686374582,83228.8743913140
2025-06-12,2025-06-12 23:50:00+00:00,106044.0000000000,900994,479,83386.5422464843,83540.1686374582,83228.8743913140
2025-06-13,2025-06-13 23:50:00+00:00,106104.0000000000,901138,478,83349.2860028378,83298.6789002169,83228.8743913140
2025-06-14,2025-06-14 23:50:00+00:00,105495.0000000000,901289,477,83311.8294404718,83298.6789002169,83228.8743913140
2025-06-15,2025-06-15 23:50:00+00:00,105573.0000000000,901426,476,83275.0419934604,83298.6789002169,83228.8743913140
2025-06-16,2025-06-16 23:50:00+00:00,107124.0000000000,901571,475,83238.0301757179,83298.6789002169,83228.8743913140
2025-06-17,2025-06-17 23:50:00+00:00,104710.0000000000,901690,474,83198.8924755400,83298.6789002169,83228.8743913140
2025-06-18,2025-06-18 23:50:00+00:00,104742.0000000000,901830,473,83162.7729170968,83298.6789002169,83228.8743913140
2025-06-19,2025-06-19 23:50:00+00:00,104715.0000000000,901956,472,83126.4891423033,83298.6789002169,83228.8743913140
2025-06-20,2025-06-20 23:50:00+00:00,103301.0000000000,902108,471,83090.1192291208,83036.2189226252,83228.8743913140
2025-06-21,2025-06-21 23:50:00+00:00,101451.0000000000,902247,470,83055.5450809232,83036.2189226252,83228.8743913140
2025-06-22,2025-06-22 23:50:00+00:00,100836.0000000000,902356,469,83023.4467746317,83036.2189226252,83228.8743913140
2025-06-23,2025-06-23 23:50:00+00:00,105467.5100000000,902462,468,82992.1210175144,83036.2189226252,83228.8743913140
2025-06-24,2025-06-24 23:50:00+00:00,105962.0000000000,902578,467,82954.2671398405,83036.2189226252,83228.8743913140
2025-06-25,2025-06-25 23:50:00+00:00,107244.0000000000,902723,466,82915.6327389587,83036.2189226252,83228.8743913140
2025-06-26,2025-06-26 23:50:00+00:00,106983.0000000000,902879,465,82875.2020067634,83036.2189226252,83228.8743913140
2025-06-27,2025-06-27 23:50:00+00:00,107071.0000000000,902995,464,82834.9730725980,82793.8034021634,83228.8743913140
2025-06-28,2025-06-28 23:50:00+00:00,107340.0000000000,903140,463,82794.4959117282,82793.8034021634,83228.8743913140
2025-06-29,2025-06-29 23:50:00+00:00,108389.0000000000,903308,462,82753.5363830064,82793.8034021634,83228.8743913140
2025-06-30,2025-06-30 23:50:00+00:00,107152.0000000000,903452,461,82711.1019065978,82793.8034021634,83228.8743913140
2025-07-01,2025-07-01 23:50:00+00:00,105590.0000000000,903588,460,82670.1091090420,82793.8034021634,82135.6198921775
2025-07-02,2025-07-02 23:50:00+00:00,108860.0000000000,903740,459,82631.0321960153,82793.8034021634,82135.6198921775
2025-07-03,2025-07-03 23:50:00+00:00,109604.0000000000,903891,458,82587.5849594518,82793.8034021634,82135.6198921775
2025-07-04,2025-07-04 23:50:00+00:00,108068.0000000000,904051,457,82543.0638784586,82510.3438231824,82135.6198921775
2025-07-05,2025-07-05 23:50:00+00:00,108239.0000000000,904205,456,82500.3313687419,82510.3438231824,82135.6198921775
2025-07-06,2025-07-06 23:50:00+00:00,109177.0000000000,904366,455,82457.2370827550,82510.3438231824,82135.6198921775
2025-07-07,2025-07-07 23:50:00+00:00,108264.0000000000,904518,454,82412.8107651106,82510.3438231824,82135.6198921775
2025-07-08,2025-07-08 23:50:00+00:00,108991.2900000000,904660,453,82369.3933340578,82510.3438231824,82135.6198921775
2025-07-09,2025-07-09 23:50:00+00:00,111403.3600000000,904825,452,82324.9056285448,82510.3438231824,82135.6198921775
2025-07-10,2025-07-10 23:50:00+00:00,115865.3900000000,904995,451,82277.2870474956,82510.3438231824,82135.6198921775
2025-07-11,2025-07-11 23:50:00+00:00,117589.0000000000,905146,450,82224.3183229163,82211.2264214959,82135.6198921775
2025-07-12,2025-07-12 23:50:00+00:00,117393.0000000000,905293,449,82169.2798727467,82211.2264214959,82135.6198921775
2025-07-13,2025-07-13 23:50:00+00:00,118910.0000000000,905432,448,82114.2835420847,82211.2264214959,82135.6198921775
2025-07-14,2025-07-14 23:50:00+00:00,119861.0000000000,905577,447,82057.4781545306,82211.2264214959,82135.6198921775
2025-07-15,2025-07-15 23:50:00+00:00,117725.0000000000,905741,446,81999.4911515162,82211.2264214959,82135.6198921775
2025-07-16,2025-07-16 23:50:00+00:00,118843.0000000000,905871,445,81943.6100695505,82211.2264214959,82135.6198921775
2025-07-17,2025-07-17 23:50:00+00:00,119497.0000000000,906008,444,81886.3470681925,82211.2264214959,82135.6198921775
2025-07-18,2025-07-18 23:50:00+00:00,117994.0000000000,906152,443,81828.2099908260,81826.5654274299,82135.6198921775
2025-07-19,2025-07-19 23:50:00+00:00,117903.0000000000,906293,442,81771.5054606542,81826.5654274299,82135.6198921775
2025-07-20,2025-07-20 23:50:00+00:00,117319.0000000000,906442,441,81714.7218782984,81826.5654274299,82135.6198921775
2025-07-21,2025-07-21 23:50:00+00:00,117457.0000000000,906592,440,81658.3993659796,81826.5654274299,82135.6198921775
2025-07-22,2025-07-22 23:50:00+00:00,120047.0000000000,906743,439,81601.7464745976,81826.5654274299,82135.6198921775
2025-07-23,2025-07-23 23:50:00+00:00,118598.0000000000,906883,438,81542.1254637847,81826.5654274299,82135.6198921775
2025-07-24,2025-07-24 23:50:00+00:00,118358.0000000000,907027,437,81483.8655431726,81826.5654274299,82135.6198921775
2025-07-25,2025-07-25 23:50:00+00:00,117576.0000000000,907190,436,81425.6821381795,81430.3752834752,82135.6198921775
2025-07-26,2025-07-26 23:50:00+00:00,117950.0000000000,907343,435,81368.1701036436,81430.3752834752,82135.6198921775
2025-07-27,2025-07-27 23:50:00+00:00,119412.0000000000,907478,434,81310.0639599280,81430.3752834752,82135.6198921775
2025-07-28,2025-07-28 23:50:00+00:00,118095.0000000000,907625,433,81250.1903336756,81430.3752834752,82135.6198921775
2025-07-29,2025-07-29 23:50:00+00:00,117809.0000000000,907737,432,81191.5533110600,81430.3752834752,82135.6198921775
2025-07-30,2025-07-30 23:50:00+00:00,117829.0000000000,907874,431,81133.0433128339,81430.3752834752,82135.6198921775
2025-07-31,2025-07-31 23:50:00+00:00,115762.0000000000,908027,430,81074.3240082869,81430.3752834752,82135.6198921775
2025-08-01,2025-08-01 23:50:00+00:00,113274.0000000000,908177,429,81017.7350123994,81028.5995547753,80937.0665421185
2025-08-02,2025-08-02 23:50:00+00:00,112686.0000000000,908324,428,80963.8669549169,81028.5995547753,80937.0665421185
2025-08-03,2025-08-03 23:50:00+00:00,114213.0000000000,908478,427,80910.5249220179,81028.5995547753,80937.0665421185
2025-08-04,2025-08-04 23:50:00+00:00,115152.0000000000,908649,426,80855.1823632813,81028.5995547753,80937.0665421185
2025-08-05,2025-08-05 23:50:00+00:00,114143.0000000000,908787,425,80798.5588224831,81028.5995547753,80937.0665421185
2025-08-06,2025-08-06 23:50:00+00:00,115019.0000000000,908931,424,80742.9283433902,81028.5995547753,80937.0665421185
2025-08-07,2025-08-07 23:50:00+00:00,117462.0000000000,909093,423,80686.0849847602,81028.5995547753,80937.0665421185
2025-08-08,2025-08-08 23:50:00+00:00,116709.0000000000,909230,422,80626.2672175140,80652.2217211636,80937.0665421185
2025-08-09,2025-08-09 23:50:00+00:00,116507.0000000000,909343,421,80567.1014207226,80652.2217211636,80937.0665421185
2025-08-10,2025-08-10 23:50:00+00:00,119284.0000000000,909479,420,80507.9705306576,80652.2217211636,80937.0665421185
2025-08-11,2025-08-11 23:50:00+00:00,118778.0000000000,909628,419,80445.5583739582,80652.2217211636,80937.0665421185
2025-08-12,2025-08-12 23:50:00+00:00,120219.0000000000,909763,418,80383.4970424598,80652.2217211636,80937.0665421185
2025-08-13,2025-08-13 23:50:00+00:00,123566.0000000000,909919,417,80319.6731817055,80652.2217211636,80937.0665421185
2025-08-14,2025-08-14 23:50:00+00:00,118568.0000000000,910081,416,80252.1561071555,80652.2217211636,80937.0665421185
2025-08-15,2025-08-15 23:50:00+00:00,117270.0000000000,910214,415,80189.7134370378,80239.0627680511,80937.0665421185
2025-08-16,2025-08-16 23:50:00+00:00,117486.0000000000,910368,414,80128.5146368661,80239.0627680511,80937.0665421185
2025-08-17,2025-08-17 23:50:00+00:00,117592.0000000000,910517,413,80066.8701392557,80239.0627680511,80937.0665421185
2025-08-18,2025-08-18 23:50:00+00:00,116200.0000000000,910675,412,80004.9026625635,80239.0627680511,80937.0665421185
2025-08-19,2025-08-19 23:50:00+00:00,112838.0000000000,910809,411,79944.3142769705,80239.0627680511,80937.0665421185
2025-08-20,2025-08-20 23:50:00+00:00,114271.0000000000,910948,410,79887.5137705859,80239.0627680511,80937.0665421185
2025-08-21,2025-08-21 23:50:00+00:00,112289.0000000000,911098,409,79828.7851104478,80239.0627680511,80937.0665421185
2025-08-22,2025-08-22 23:50:00+00:00,116860.0000000000,911244,408,79772.2646183376,79811.8999757745,80937.0665421185
2025-08-23,2025-08-23 23:50:00+00:00,115271.0000000000,911394,407,79710.1085658038,79811.8999757745,80937.0665421185
2025-08-24,2025-08-24 23:50:00+00:00,113540.0000000000,911559,406,79649.5870114676,79811.8999757745,80937.0665421185
2025-08-25,2025-08-25 23:50:00+00:00,110175.0000000000,911701,405,79590.9277602126,79811.8999757745,80937.0665421185
2025-08-26,2025-08-26 23:50:00+00:00,111787.0000000000,911852,404,79536.2770078836,79811.8999757745,80937.0665421185
2025-08-27,2025-08-27 23:50:00+00:00,111178.0000000000,912001,403,79479.3789330120,79811.8999757745,80937.0665421185
2025-08-28,2025-08-28 23:50:00+00:00,112508.0000000000,912160,402,79423.0486396066,79811.8999757745,80937.0665421185
2025-08-29,2025-08-29 23:50:00+00:00,108516.0000000000,912325,401,79364.8475775324,79378.0172979198,80937.0665421185
2025-08-30,2025-08-30 23:50:00+00:00,108780.0000000000,912484,400,79311.5829887950,79378.0172979198,80937.0665421185
2025-08-31,2025-08-31 23:50:00+00:00,108318.0000000000,912616,399,79257.7712887479,79378.0172979198,80937.0665421185
2025-09-01,2025-09-01 23:50:00+00:00,109194.0000000000,912776,398,79204.3807226043,79378.0172979198,79319.6519377005
2025-09-02,2025-09-02 23:50:00+00:00,111110.0000000000,912940,397,79149.6248718488,79378.0172979198,79319.6519377005
2025-09-03,2025-09-03 23:50:00+00:00,111743.0000000000,913074,396,79092.1739439543,79378.0172979198,79319.6519377005
2025-09-04,2025-09-04 23:50:00+00:00,110737.0000000000,913216,395,79033.7098640627,79378.0172979198,79319.6519377005
2025-09-05,2025-09-05 23:50:00+00:00,110654.0000000000,913359,394,78976.3230295302,79005.8398592654,79319.6519377005
2025-09-06,2025-09-06 23:50:00+00:00,110243.0000000000,913499,393,78918.8354100054,79005.8398592654,79319.6519377005
2025-09-07,2025-09-07 23:50:00+00:00,111291.0000000000,913651,392,78861.6732811104,79005.8398592654,79319.6519377005
2025-09-08,2025-09-08 23:50:00+00:00,112056.7600000000,913814,391,78802.9455015525,79005.8398592654,79319.6519377005
2025-09-09,2025-09-09 23:50:00+00:00,111522.0000000000,913981,390,78743.0283836581,79005.8398592654,79319.6519377005
2025-09-10,2025-09-10 23:50:00+00:00,113994.0000000000,914149,389,78683.5760011912,79005.8398592654,79319.6519377005
2025-09-11,2025-09-11 23:50:00+00:00,115473.0000000000,914300,388,78620.8096726354,79005.8398592654,79319.6519377005
2025-09-12,2025-09-12 23:50:00+00:00,116189.0000000000,914421,387,78556.0281116912,78604.3818934557,79319.6519377005
2025-09-13,2025-09-13 23:50:00+00:00,115951.0000000000,914561,386,78490.1666373172,78604.3818934557,79319.6519377005
2025-09-14,2025-09-14 23:50:00+00:00,115269.0000000000,914714,385,78424.3564434611,78604.3818934557,79319.6519377005
2025-09-15,2025-09-15 23:50:00+00:00,115354.0000000000,914876,384,78359.1305227906,78604.3818934557,79319.6519377005
2025-09-16,2025-09-16 23:50:00+00:00,116724.0000000000,915038,383,78293.5709419344,78604.3818934557,79319.6519377005
2025-09-17,2025-09-17 23:50:00+00:00,116529.8500000000,915162,382,78226.1486274230,78604.3818934557,79319.6519377005
2025-09-18,2025-09-18 23:50:00+00:00,117127.0000000000,915323,381,78158.7181851776,78604.3818934557,79319.6519377005
2025-09-19,2025-09-19 23:50:00+00:00,115620.0000000000,915490,380,78090.3478044828,78144.7793666143,79319.6519377005
2025-09-20,2025-09-20 23:50:00+00:00,115722.0000000000,915643,379,78023.5245029281,78144.7793666143,79319.6519377005
2025-09-21,2025-09-21 23:50:00+00:00,115309.0000000000,915806,378,77956.3402488488,78144.7793666143,79319.6519377005
2025-09-22,2025-09-22 23:50:00+00:00,112762.0000000000,915956,377,77889.4141650006,78144.7793666143,79319.6519377005
2025-09-23,2025-09-23 23:50:00+00:00,112098.0000000000,916100,376,77825.4031202155,78144.7793666143,79319.6519377005
2025-09-24,2025-09-24 23:50:00+00:00,113306.0000000000,916249,375,77762.0036945894,78144.7793666143,79319.6519377005
2025-09-25,2025-09-25 23:50:00+00:00,109028.0000000000,916395,374,77696.8340927244,78144.7793666143,79319.6519377005
2025-09-26,2025-09-26 23:50:00+00:00,109706.0000000000,916527,373,77637.0206858220,77678.5297683859,79319.6519377005
2025-09-27,2025-09-27 23:50:00+00:00,109660.0000000000,916682,372,77576.0614458430,77678.5297683859,79319.6519377005
2025-09-28,2025-09-28 23:50:00+00:00,112232.0000000000,916846,371,77514.9319386294,77678.5297683859,79319.6519377005
2025-09-29,2025-09-29 23:50:00+00:00,114322.0000000000,916987,370,77450.1808535205,77678.5297683859,79319.6519377005
2025-09-30,2025-09-30 23:50:00+00:00,113978.0000000000,917147,369,77382.5443123606,77678.5297683859,79319.6519377005
2025-10-01,2025-10-01 23:50:00+00:00,118416.0000000000,917299,368,77315.0880050728,77678.5297683859,77684.7486254801
2025-10-02,2025-10-02 23:50:00+00:00,120401.0000000000,917434,367,77242.0365747951,77678.5297683859,77684.7486254801
2025-10-03,2025-10-03 23:50:00+00:00,122324.0000000000,917553,366,77166.4597916973,77252.9982531327,77684.7486254801
2025-10-04,2025-10-04 23:50:00+00:00,122432.0000000000,917686,365,77088.4919901158,77252.9982531327,77684.7486254801
2025-10-05,2025-10-05 23:50:00+00:00,123546.0000000000,917834,364,77010.1369955760,77252.9982531327,77684.7486254801
2025-10-06,2025-10-06 23:50:00+00:00,124821.0000000000,917958,363,76930.3099712498,77252.9982531327,77684.7486254801
2025-10-07,2025-10-07 23:50:00+00:00,121471.0000000000,918097,362,76848.8597451090,77252.9982531327,77684.7486254801
2025-10-08,2025-10-08 23:50:00+00:00,123382.0000000000,918243,361,76770.7390121285,77252.9982531327,77684.7486254801
2025-10-09,2025-10-09 23:50:00+00:00,121591.0000000000,918365,360,76690.2610886688,77252.9982531327,77684.7486254801
2025-10-10,2025-10-10 23:50:00+00:00,113970.0000000000,918496,359,76611.4565323149,76709.4587518889,77684.7486254801
2025-10-11,2025-10-11 23:50:00+00:00,110931.0000000000,918643,358,76541.3735439313,76709.4587518889,77684.7486254801
2025-10-12,2025-10-12 23:50:00+00:00,115208.0000000000,918789,357,76474.9647489479,76709.4587518889,77684.7486254801
2025-10-13,2025-10-13 23:50:00+00:00,115168.0000000000,918941,356,76402.8111108570,76709.4587518889,77684.7486254801
2025-10-14,2025-10-14 23:50:00+00:00,113333.0000000000,919110,355,76330.4376270107,76709.4587518889,77684.7486254801
2025-10-15,2025-10-15 23:50:00+00:00,110818.0000000000,919253,354,76260.1029431817,76709.4587518889,77684.7486254801
2025-10-16,2025-10-16 23:50:00+00:00,108039.0000000000,919406,353,76192.7934702569,76709.4587518889,77684.7486254801
2025-10-17,2025-10-17 23:50:00+00:00,106621.0000000000,919565,352,76129.0427850181,76220.8489036590,77684.7486254801
2025-10-18,2025-10-18 23:50:00+00:00,107149.0000000000,919731,351,76067.0655643577,76220.8489036590,77684.7486254801
2025-10-19,2025-10-19 23:50:00+00:00,108547.0000000000,919869,350,76004.0730794922,76220.8489036590,77684.7486254801
2025-10-20,2025-10-20 23:50:00+00:00,110648.0000000000,920018,349,75938.8385837499,76220.8489036590,77684.7486254801
2025-10-21,2025-10-21 23:50:00+00:00,108534.0000000000,920168,348,75870.4483702571,76220.8489036590,77684.7486254801
2025-10-22,2025-10-22 23:50:00+00:00,107640.0000000000,920322,347,75804.7031366573,76220.8489036590,77684.7486254801
2025-10-23,2025-10-23 23:50:00+00:00,110064.0000000000,920463,346,75739.9614222428,76220.8489036590,77684.7486254801
2025-10-24,2025-10-24 23:50:00+00:00,111004.0000000000,920639,345,75671.5597561684,75788.6663302766,77684.7486254801
2025-10-25,2025-10-25 23:50:00+00:00,111585.0000000000,920801,344,75601.6065561270,75788.6663302766,77684.7486254801
2025-10-26,2025-10-26 23:50:00+00:00,114569.0000000000,920950,343,75530.5956443100,75788.6663302766,77684.7486254801
2025-10-27,2025-10-27 23:50:00+00:00,114162.0000000000,921097,342,75455.4179055847,75788.6663302766,77684.7486254801
2025-10-28,2025-10-28 23:50:00+00:00,113044.0000000000,921259,341,75380.4685835417,75788.6663302766,77684.7486254801
2025-10-29,2025-10-29 23:50:00+00:00,109965.0000000000,921381,340,75306.6733913744,75788.6663302766,77684.7486254801
2025-10-30,2025-10-30 23:50:00+00:00,108161.0000000000,921541,339,75236.7241045611,75788.6663302766,77684.7486254801
2025-10-31,2025-10-31 23:50:00+00:00,109604.0000000000,921681,338,75169.0273624408,75301.1393596982,77684.7486254801
2025-11-01,2025-11-01 23:50:00+00:00,110001.0000000000,921819,337,75099.0145255537,75301.1393596982,75520.0454087423
2025-11-02,2025-11-02 23:50:00+00:00,110369.0000000000,921974,336,75028.1647390178,75301.1393596982,75520.0454087423
2025-11-03,2025-11-03 23:50:00+00:00,106507.0000000000,922116,335,74956.5183509982,75301.1393596982,75520.0454087423
2025-11-04,2025-11-04 23:50:00+00:00,101523.0000000000,922248,334,74890.0972959814,75301.1393596982,75520.0454087423
2025-11-05,2025-11-05 23:50:00+00:00,103995.0000000000,922385,333,74831.1461538654,75301.1393596982,75520.0454087423
2025-11-06,2025-11-06 23:50:00+00:00,101239.0000000000,922526,332,74767.9908134368,75301.1393596982,75520.0454087423
2025-11-07,2025-11-07 23:50:00+00:00,103400.0000000000,922667,331,74708.9751305276,74813.3394245687,75520.0454087423
2025-11-08,2025-11-08 23:50:00+00:00,102341.0000000000,922788,330,74646.2098687095,74813.3394245687,75520.0454087423
2025-11-09,2025-11-09 23:50:00+00:00,104535.0000000000,922929,329,74584.8614727899,74813.3394245687,75520.0454087423
2025-11-10,2025-11-10 23:50:00+00:00,106173.0000000000,923068,328,74519.7684013063,74813.3394245687,75520.0454087423
2025-11-11,2025-11-11 23:50:00+00:00,102965.0000000000,923220,327,74451.8899475683,74813.3394245687,75520.0454087423
2025-11-12,2025-11-12 23:50:00+00:00,101572.0000000000,923362,326,74388.7005319939,74813.3394245687,75520.0454087423
2025-11-13,2025-11-13 23:50:00+00:00,100071.0000000000,923513,325,74327.4944897042,74813.3394245687,75520.0454087423
2025-11-14,2025-11-14 23:50:00+00:00,94778.2000000000,923657,324,74268.5261038324,74375.8405749190,75520.0454087423
2025-11-15,2025-11-15 23:50:00+00:00,95542.0000000000,923799,323,74218.8026005021,74375.8405749190,75520.0454087423
2025-11-16,2025-11-16 23:50:00+00:00,94324.2000000000,923956,322,74167.3964407671,74375.8405749190,75520.0454087423
2025-11-17,2025-11-17 23:50:00+00:00,91946.0000000000,924081,321,74118.0543542132,74375.8405749190,75520.0454087423
2025-11-18,2025-11-18 23:50:00+00:00,92747.0000000000,924216,320,74073.1716079125,74375.8405749190,75520.0454087423
2025-11-19,2025-11-19 23:50:00+00:00,91231.0000000000,924352,319,74026.4487149911,74375.8405749190,75520.0454087423
2025-11-20,2025-11-20 23:50:00+00:00,86804.2000000000,924483,318,73982.5751182963,74375.8405749190,75520.0454087423
2025-11-21,2025-11-21 23:50:00+00:00,85139.8000000000,924635,317,73948.1186949099,74029.4082694121,75520.0454087423
2025-11-22,2025-11-22 23:50:00+00:00,84757.2000000000,924777,316,73917.3703223539,74029.4082694121,75520.0454087423
2025-11-23,2025-11-23 23:50:00+00:00,86808.2000000000,924919,315,73887.3714092530,74029.4082694121,75520.0454087423
2025-11-24,2025-11-24 23:50:00+00:00,88307.2000000000,925062,314,73852.3636458280,74029.4082694121,75520.0454087423
2025-11-25,2025-11-25 23:50:00+00:00,87421.8000000000,925178,313,73813.7616228297,74029.4082694121,75520.0454087423
2025-11-26,2025-11-26 23:50:00+00:00,90524.5000000000,925342,312,73776.9536494865,74029.4082694121,75520.0454087423
2025-11-27,2025-11-27 23:50:00+00:00,91295.4000000000,925485,311,73733.0917828752,74029.4082694121,75520.0454087423
2025-11-28,2025-11-28 23:50:00+00:00,90960.7000000000,925635,310,73687.3656961190,73815.3505379042,75520.0454087423
2025-11-29,2025-11-29 23:50:00+00:00,90817.8000000000,925772,309,73642.1082421749,73815.3505379042,75520.0454087423
2025-11-30,2025-11-30 23:50:00+00:00,90654.2000000000,925938,308,73596.9172197611,73815.3505379042,75520.0454087423
2025-12-01,2025-12-01 23:50:00+00:00,86437.5000000000,926070,307,73551.8379291033,73815.3505379042,73427.6226760266
2025-12-02,2025-12-02 23:50:00+00:00,91441.0000000000,926198,306,73516.0229156831,73815.3505379042,73427.6226760266
2025-12-03,2025-12-03 23:50:00+00:00,93596.5000000000,926330,305,73468.8034824650,73815.3505379042,73427.6226760266
2025-12-04,2025-12-04 23:50:00+00:00,92155.2000000000,926462,304,73416.8688883544,73815.3505379042,73427.6226760266
2025-12-05,2025-12-05 23:50:00+00:00,89310.4800000000,926580,303,73367.6340010437,73500.4814291634,73427.6226760266
2025-12-06,2025-12-06 23:50:00+00:00,89223.4000000000,926745,302,73324.2924583460,73500.4814291634,73427.6226760266
2025-12-07,2025-12-07 23:50:00+00:00,90100.0000000000,926904,301,73280.9095829060,73500.4814291634,73427.6226760266
2025-12-08,2025-12-08 23:50:00+00:00,90612.0000000000,927053,300,73235.3397789301,73500.4814291634,73427.6226760266
2025-12-09,2025-12-09 23:50:00+00:00,92856.8000000000,927182,299,73188.3988531453,73500.4814291634,73427.6226760266
2025-12-10,2025-12-10 23:50:00+00:00,91993.8000000000,927336,298,73136.4144878931,73500.4814291634,73427.6226760266
2025-12-11,2025-12-11 23:50:00+00:00,92653.3000000000,927496,297,73085.9715356743,73500.4814291634,73427.6226760266
2025-12-12,2025-12-12 23:50:00+00:00,90335.0000000000,927641,296,73033.8636791424,73199.1344119443,73427.6226760266
2025-12-13,2025-12-13 23:50:00+00:00,90268.4000000000,927783,295,72986.4788874748,73199.1344119443,73427.6226760266
2025-12-14,2025-12-14 23:50:00+00:00,88156.3000000000,927911,294,72938.9816185455,73199.1344119443,73427.6226760266
2025-12-15,2025-12-15 23:50:00+00:00,86397.7000000000,928045,293,72896.0357822896,73199.1344119443,73427.6226760266
2025-12-16,2025-12-16 23:50:00+00:00,87759.3000000000,928194,292,72857.0439344799,73199.1344119443,73427.6226760266
2025-12-17,2025-12-17 23:50:00+00:00,86117.0000000000,928332,291,72814.5541941439,73199.1344119443,73427.6226760266
2025-12-18,2025-12-18 23:50:00+00:00,85360.6000000000,928476,290,72775.7899307087,73199.1344119443,73427.6226760266
2025-12-19,2025-12-19 23:50:00+00:00,88167.0000000000,928621,289,72738.6828493638,72870.0179662097,73427.6226760266
2025-12-20,2025-12-20 23:50:00+00:00,88298.4000000000,928767,288,72694.5134350552,72870.0179662097,73427.6226760266
2025-12-21,2025-12-21 23:50:00+00:00,88507.0000000000,928906,287,72649.7799888328,72870.0179662097,73427.6226760266
2025-12-22,2025-12-22 23:50:00+00:00,88410.5000000000,929045,286,72604.2973425344,72870.0179662097,73427.6226760266
2025-12-23,2025-12-23 23:50:00+00:00,87433.7000000000,929189,285,72558.7808470778,72870.0179662097,73427.6226760266
2025-12-24,2025-12-24 23:50:00+00:00,87613.8000000000,929347,284,72515.3410977054,72870.0179662097,73427.6226760266
2025-12-25,2025-12-25 23:50:00+00:00,87065.0000000000,929485,283,72471.2105635191,72870.0179662097,73427.6226760266
2025-12-26,2025-12-26 23:50:00+00:00,87283.7000000000,929643,282,72428.1596062142,72562.9526373556,73427.6226760266
2025-12-27,2025-12-27 23:50:00+00:00,87765.8000000000,929777,281,72384.3172920947,72562.9526373556,73427.6226760266
2025-12-28,2025-12-28 23:50:00+00:00,87794.6000000000,929934,280,72339.0392550018,72562.9526373556,73427.6226760266
2025-12-29,2025-12-29 23:50:00+00:00,87111.0000000000,930086,279,72293.4238482073,72562.9526373556,73427.6226760266
2025-12-30,2025-12-30 23:50:00+00:00,88437.0000000000,930205,278,72249.2166983642,72562.9526373556,73427.6226760266
2025-12-31,2025-12-31 23:50:00+00:00,87546.0000000000,930337,277,72201.5055505478,72562.9526373556,73427.6226760266
2026-01-01,2026-01-01 23:50:00+00:00,88687.8000000000,930490,276,72155.6831605399,72562.9526373556,72338.8366849576
2026-01-02,2026-01-02 23:50:00+00:00,89893.8000000000,930635,275,72106.8057547245,72258.2863656330,72338.8366849576
2026-01-03,2026-01-03 23:50:00+00:00,90589.2000000000,930788,274,72054.7720185314,72258.2863656330,72338.8366849576
2026-01-04,2026-01-04 23:50:00+00:00,91297.3000000000,930933,273,72000.8113270949,72258.2863656330,72338.8366849576
2026-01-05,2026-01-05 23:50:00+00:00,93952.0000000000,931067,272,71944.9062177022,72258.2863656330,72338.8366849576
2026-01-06,2026-01-06 23:50:00+00:00,93594.8000000000,931197,271,71882.7746651143,72258.2863656330,72338.8366849576
2026-01-07,2026-01-07 23:50:00+00:00,91244.9600000000,931342,270,71821.0673419587,72258.2863656330,72338.8366849576
2026-01-08,2026-01-08 23:50:00+00:00,91064.2000000000,931475,269,71764.2758326197,72258.2863656330,72338.8366849576
2026-01-09,2026-01-09 23:50:00+00:00,90549.3000000000,931618,268,71707.5686423707,71896.6248733857,72338.8366849576
2026-01-10,2026-01-10 23:50:00+00:00,90423.0000000000,931780,267,71651.7279085615,71896.6248733857,72338.8366849576
2026-01-11,2026-01-11 23:50:00+00:00,90750.0000000000,931900,266,71595.8524602134,71896.6248733857,72338.8366849576
2026-01-12,2026-01-12 23:50:00+00:00,91124.8000000000,932044,265,71538.8737755364,71896.6248733857,72338.8366849576
2026-01-13,2026-01-13 23:50:00+00:00,95074.6000000000,932179,264,71480.6778925742,71896.6248733857,72338.8366849576
2026-01-14,2026-01-14 23:50:00+00:00,97044.2000000000,932302,263,71413.2935572353,71896.6248733857,72338.8366849576
2026-01-15,2026-01-15 23:50:00+00:00,95570.0000000000,932442,262,71341.3760589325,71896.6248733857,72338.8366849576
2026-01-16,2026-01-16 23:50:00+00:00,95492.8000000000,932572,261,71272.1473074413,71508.9809136811,72338.8366849576
2026-01-17,2026-01-17 23:50:00+00:00,95099.5000000000,932720,260,71202.6867525976,71508.9809136811,72338.8366849576
2026-01-18,2026-01-18 23:50:00+00:00,93837.4000000000,932861,259,71133.6727486193,71508.9809136811,72338.8366849576
2026-01-19,2026-01-19 23:50:00+00:00,92610.7000000000,933008,258,71067.0274314602,71508.9809136811,72338.8366849576
2026-01-20,2026-01-20 23:50:00+00:00,88285.2000000000,933144,257,71002.7585603305,71508.9809136811,72338.8366849576
2026-01-21,2026-01-21 23:50:00+00:00,89357.5000000000,933280,256,70948.5059700898,71508.9809136811,72338.8366849576
2026-01-22,2026-01-22 23:50:00+00:00,89441.2000000000,933440,255,70891.2327771611,71508.9809136811,72338.8366849576
2026-01-23,2026-01-23 23:50:00+00:00,89416.6000000000,933579,254,70833.3952293174,71026.8460708462,72338.8366849576
2026-01-24,2026-01-24 23:50:00+00:00,89187.3000000000,933680,253,70775.2567868358,71026.8460708462,72338.8366849576
2026-01-25,2026-01-25 23:50:00+00:00,86586.0000000000,933788,252,70717.3240232115,71026.8460708462,72338.8366849576
2026-01-26,2026-01-26 23:50:00+00:00,88423.0000000000,933912,251,70665.7265870318,71026.8460708462,72338.8366849576
2026-01-27,2026-01-27 23:50:00+00:00,89334.5000000000,934033,250,70609.0072516921,71026.8460708462,72338.8366849576
2026-01-28,2026-01-28 23:50:00+00:00,89170.4000000000,934143,249,70549.6177936920,71026.8460708462,72338.8366849576
2026-01-29,2026-01-29 23:50:00+00:00,84561.0000000000,934272,248,70490.2631562146,71026.8460708462,72338.8366849576
2026-01-30,2026-01-30 23:50:00+00:00,84129.5000000000,934402,247,70442.8076691903,70623.3830067116,72338.8366849576
2026-01-31,2026-01-31 23:50:00+00:00,78680.0000000000,934538,246,70396.2528512855,70623.3830067116,72338.8366849576
2026-02-01,2026-02-01 23:50:00+00:00,76918.2000000000,934660,245,70366.0144134249,70623.3830067116,70886.8930087297
2026-02-02,2026-02-02 23:50:00+00:00,78775.2000000000,934778,244,70341.4572267110,70623.3830067116,70886.8930087297
2026-02-03,2026-02-03 23:50:00+00:00,75560.8000000000,934907,243,70310.4798508788,70623.3830067116,70886.8930087297
2026-02-04,2026-02-04 23:50:00+00:00,73301.8000000000,935051,242,70290.2976160514,70623.3830067116,70886.8930087297
2026-02-05,2026-02-05 23:50:00+00:00,63329.0000000000,935179,241,70278.3171728894,70623.3830067116,70886.8930087297
2026-02-06,2026-02-06 23:50:00+00:00,70640.0000000000,935324,240,70310.4647487836,70300.9234999727,70886.8930087297
2026-02-07,2026-02-07 23:50:00+00:00,69316.8000000000,935490,239,70309.0923991230,70300.9234999727,70886.8930087297
2026-02-08,2026-02-08 23:50:00+00:00,70537.0000000000,935657,238,70313.3216341164,70300.9234999727,70886.8930087297
2026-02-09,2026-02-09 23:50:00+00:00,70186.6000000000,935823,237,70312.3808489649,70300.9234999727,70886.8930087297
2026-02-10,2026-02-10 23:50:00+00:00,68775.7000000000,935966,236,70312.9147778491,70300.9234999727,70886.8930087297
2026-02-11,2026-02-11 23:50:00+00:00,66915.0000000000,936124,235,70319.6029597952,70300.9234999727,70886.8930087297
2026-02-12,2026-02-12 23:50:00+00:00,66170.8000000000,936297,234,70334.8961462396,70300.9234999727,70886.8930087297
2026-02-13,2026-02-13 23:50:00+00:00,68876.3000000000,936451,233,70353.8975901702,70290.9999329882,70886.8930087297
2026-02-14,2026-02-14 23:50:00+00:00,69814.2000000000,936617,232,70360.4037795939,70290.9999329882,70886.8930087297
2026-02-15,2026-02-15 23:50:00+00:00,68653.2000000000,936815,231,70362.7868780630,70290.9999329882,70886.8930087297
2026-02-16,2026-02-16 23:50:00+00:00,68836.4000000000,936989,230,70370.4057839699,70290.9999329882,70886.8930087297
2026-02-17,2026-02-17 23:50:00+00:00,67488.4000000000,937153,229,70377.2544452169,70290.9999329882,70886.8930087297
2026-02-18,2026-02-18 23:50:00+00:00,66436.5000000000,937307,228,70390.4697001227,70290.9999329882,70886.8930087297
2026-02-19,2026-02-19 23:50:00+00:00,66947.8000000000,937465,227,70408.9295632480,70290.9999329882,70886.8930087297
2026-02-20,2026-02-20 23:50:00+00:00,67952.7000000000,937604,226,70425.0397364061,70334.7774072580,70886.8930087297
2026-02-21,2026-02-21 23:50:00+00:00,67987.5000000000,937723,225,70436.4295403035,70334.7774072580,70886.8930087297
2026-02-22,2026-02-22 23:50:00+00:00,67536.2000000000,937884,224,70447.7578829169,70334.7774072580,70886.8930087297
2026-02-23,2026-02-23 23:50:00+00:00,64594.0472222222,938035,223,70461.3797013537,70334.7774072580,70886.8930087297
2026-02-24,2026-02-24 23:50:00+00:00,64081.6552500000,938199,222,70490.2216170809,70334.7774072580,70886.8930087297
2026-02-25,2026-02-25 23:50:00+00:00,67742.7000000000,938355,221,70522.1340810470,70334.7774072580,70886.8930087297
2026-02-26,2026-02-26 23:50:00+00:00,67497.7000000000,938495,220,70535.2886809507,70334.7774072580,70886.8930087297
2026-02-27,2026-02-27 23:50:00+00:00,65871.4000000000,938637,219,70549.7861295660,70411.9113102956,70886.8930087297
2026-02-28,2026-02-28 23:50:00+00:00,67028.2000000000,938780,218,70572.7782958077,70411.9113102956,70886.8930087297
2026-03-01,2026-03-01 23:50:00+00:00,65798.0000000000,938928,217,70589.9807474878,70411.9113102956,70198.8394158417
2026-03-02,2026-03-02 23:50:00+00:00,68919.4000000000,939064,216,70613.7895821721,70411.9113102956,70198.8394158417
2026-03-03,2026-03-03 23:50:00+00:00,68425.4000000000,939199,215,70621.8651395634,70411.9113102956,70198.8394158417
2026-03-04,2026-03-04 23:50:00+00:00,72742.0000000000,939329,214,70632.4600558412,70411.9113102956,70198.8394158417
2026-03-05,2026-03-05 23:50:00+00:00,70882.2000000000,939495,213,70622.8446389426,70411.9113102956,70198.8394158417
2026-03-06,2026-03-06 23:50:00+00:00,68214.2000000000,939641,212,70621.6257619166,70568.8243575605,70198.8394158417
2026-03-07,2026-03-07 23:50:00+00:00,67280.8000000000,939771,211,70633.4400080900,70568.8243575605,70198.8394158417
2026-03-08,2026-03-08 23:50:00+00:00,66120.7000000000,939906,210,70650.2044810595,70568.8243575605,70198.8394158417
2026-03-09,2026-03-09 23:50:00+00:00,68543.8000000000,940044,209,70673.3689719289,70568.8243575605,70198.8394158417
2026-03-10,2026-03-10 23:50:00+00:00,69891.4900000000,940183,208,70683.9269527139,70568.8243575605,70198.8394158417
2026-03-11,2026-03-11 23:50:00+00:00,70211.8000000000,940321,207,70687.7987671294,70568.8243575605,70198.8394158417
2026-03-12,2026-03-12 23:50:00+00:00,70579.4000000000,940451,206,70690.1251824604,70568.8243575605,70198.8394158417
2026-03-13,2026-03-13 23:50:00+00:00,70956.5000000000,940571,205,70690.6661567879,70650.1146073516,70198.8394158417
2026-03-14,2026-03-14 23:50:00+00:00,71165.8000000000,940699,204,70689.3679555593,70650.1146073516,70198.8394158417
2026-03-15,2026-03-15 23:50:00+00:00,72694.7000000000,940825,203,70687.0367886658,70650.1146073516,70198.8394158417
2026-03-16,2026-03-16 23:50:00+00:00,74838.2000000000,940950,202,70677.3736737129,70650.1146073516,70198.8394158417
2026-03-17,2026-03-17 23:50:00+00:00,74055.3000000000,941074,201,70657.8293571024,70650.1146073516,70198.8394158417
2026-03-18,2026-03-18 23:50:00+00:00,71330.8000000000,941214,200,70641.6250579300,70650.1146073516,70198.8394158417
2026-03-19,2026-03-19 23:50:00+00:00,69858.8000000000,941347,199,70638.1954939950,70650.1146073516,70198.8394158417
2026-03-20,2026-03-20 23:50:00+00:00,70514.0000000000,941484,198,70642.1759758392,70639.5967788735,70198.8394158417
2026-03-21,2026-03-21 23:50:00+00:00,69647.7000000000,941622,197,70642.8278040170,70639.5967788735,70198.8394158417
2026-03-22,2026-03-22 23:50:00+00:00,67997.8000000000,941784,196,70647.9779050159,70639.5967788735,70198.8394158417
2026-03-23,2026-03-23 23:50:00+00:00,70753.5000000000,941941,195,70662.1010722725,70639.5967788735,70198.8394158417
2026-03-24,2026-03-24 23:50:00+00:00,70609.2000000000,942069,194,70661.6305555130,70639.5967788735,70198.8394158417
2026-03-25,2026-03-25 23:50:00+00:00,71211.8000000000,942221,193,70661.9024191889,70639.5967788735,70198.8394158417
2026-03-26,2026-03-26 23:50:00+00:00,68725.8000000000,942385,192,70659.0605997791,70639.5967788735,70198.8394158417
2026-03-27,2026-03-27 23:50:00+00:00,66312.5000000000,942539,191,70669.4686422265,70644.0906535613,70198.8394158417
2026-03-28,2026-03-28 23:50:00+00:00,66318.7000000000,942711,190,70693.9151859369,70644.0906535613,70198.8394158417
2026-03-29,2026-03-29 23:50:00+00:00,66008.2000000000,942856,189,70718.6003072285,70644.0906535613,70198.8394158417
2026-03-30,2026-03-30 23:50:00+00:00,66681.3000000000,942992,188,70745.4537896541,70644.0906535613,70198.8394158417
2026-03-31,2026-03-31 23:50:00+00:00,68174.8000000000,943129,187,70768.5193801977,70644.0906535613,70198.8394158417
2026-04-01,2026-04-01 23:50:00+00:00,68141.7000000000,943291,186,70782.9975985123,70644.0906535613,70876.0508776350
2026-04-02,2026-04-02 23:50:00+00:00,66875.5000000000,943436,185,70797.8314046536,70644.0906535613,70876.0508776350
2026-04-03,2026-04-03 23:50:00+00:00,66906.3000000000,943567,184,70820.4058886239,70815.4137991839,70876.0508776350
2026-04-04,2026-04-04 23:50:00+00:00,67276.8000000000,943685,183,70843.0529436776,70815.4137991839,70876.0508776350
2026-04-05,2026-04-05 23:50:00+00:00,68939.0000000000,943847,182,70863.6924453361,70815.4137991839,70876.0508776350
2026-04-06,2026-04-06 23:50:00+00:00,68797.5000000000,943974,181,70874.6246702832,70815.4137991839,70876.0508776350
2026-04-07,2026-04-07 23:50:00+00:00,72171.8000000000,944111,180,70886.5146475809,70815.4137991839,70876.0508776350
2026-04-08,2026-04-08 23:50:00+00:00,71121.5000000000,944259,179,70879.4628569755,70815.4137991839,70876.0508776350
2026-04-09,2026-04-09 23:50:00+00:00,71776.0000000000,944403,178,70878.1077511179,70815.4137991839,70876.0508776350
2026-04-10,2026-04-10 23:50:00+00:00,72966.7000000000,944530,177,70873.0987269661,70974.9072246205,70876.0508776350
2026-04-11,2026-04-11 23:50:00+00:00,73124.7000000000,944650,176,70861.5464597335,70974.9072246205,70876.0508776350
2026-04-12,2026-04-12 23:50:00+00:00,70621.2000000000,944807,175,70849.0166147054,70974.9072246205,70876.0508776350
2026-04-13,2026-04-13 23:50:00+00:00,74546.3000000000,944955,174,70850.3301535827,70974.9072246205,70876.0508776350
2026-04-14,2026-04-14 23:50:00+00:00,74232.2000000000,945117,173,70830.0311997134,70974.9072246205,70876.0508776350
2026-04-15,2026-04-15 23:50:00+00:00,74761.8000000000,945245,172,70811.1627245543,70974.9072246205,70876.0508776350
2026-04-16,2026-04-16 23:50:00+00:00,75093.2000000000,945397,171,70789.2871818156,70974.9072246205,70876.0508776350
2026-04-17,2026-04-17 23:50:00+00:00,77154.4000000000,945537,170,70765.4291245266,70897.4948608675,70876.0508776350
2026-04-18,2026-04-18 23:50:00+00:00,75781.7000000000,945690,169,70730.7720496955,70897.4948608675,70876.0508776350
2026-04-19,2026-04-19 23:50:00+00:00,73927.3000000000,945848,168,70702.7219969424,70897.4948608675,70876.0508776350
2026-04-20,2026-04-20 23:50:00+00:00,75894.5000000000,945978,167,70684.2601864914,70897.4948608675,70876.0508776350
2026-04-21,2026-04-21 23:50:00+00:00,76353.0000000000,946112,166,70655.0400346895,70897.4948608675,70876.0508776350
2026-04-22,2026-04-22 23:50:00+00:00,78303.4000000000,946242,165,70623.0984755485,70897.4948608675,70876.0508776350
2026-04-23,2026-04-23 23:50:00+00:00,78280.0000000000,946365,164,70580.8859916220,70897.4948608675,70876.0508776350
2026-04-24,2026-04-24 23:50:00+00:00,77447.2000000000,946513,163,70538.3234589588,70658.7392892564,70876.0508776350
2026-04-25,2026-04-25 23:50:00+00:00,77622.2000000000,946655,162,70499.5019202184,70658.7392892564,70876.0508776350
2026-04-26,2026-04-26 23:50:00+00:00,78753.5000000000,946804,161,70459.3439912244,70658.7392892564,70876.0508776350
2026-04-27,2026-04-27 23:50:00+00:00,77325.5000000000,946942,160,70412.9955455918,70658.7392892564,70876.0508776350
2026-04-28,2026-04-28 23:50:00+00:00,76315.2000000000,947081,159,70373.4293514183,70658.7392892564,70876.0508776350
2026-04-29,2026-04-29 23:50:00+00:00,75787.0000000000,947208,158,70338.7682380214,70658.7392892564,70876.0508776350
2026-04-30,2026-04-30 23:50:00+00:00,76305.3000000000,947347,157,70306.5755567040,70658.7392892564,70876.0508776350
2026-05-01,2026-05-01 23:50:00+00:00,78138.8000000000,947506,156,70271.1630433171,70390.4819021182,71353.2545926325
2026-05-02,2026-05-02 23:50:00+00:00,78674.3000000000,947640,155,70225.5445442955,70390.4819021182,71353.2545926325
2026-05-03,2026-05-03 23:50:00+00:00,78560.8000000000,947794,154,70176.6082019742,70390.4819021182,71353.2545926325
2026-05-04,2026-05-04 23:50:00+00:00,79777.7000000000,947943,153,70127.6919220005,70390.4819021182,71353.2545926325
2026-05-05,2026-05-05 23:50:00+00:00,80926.4000000000,948093,152,70071.9288552889,70390.4819021182,71353.2545926325
2026-05-06,2026-05-06 23:50:00+00:00,81347.5000000000,948234,151,70009.7418023681,70390.4819021182,71353.2545926325
2026-05-07,2026-05-07 23:50:00+00:00,80020.2000000000,948375,150,69944.7517549304,70390.4819021182,71353.2545926325
2026-05-08,2026-05-08 23:50:00+00:00,80168.3000000000,948523,149,69885.6953825288,70074.6333736190,71353.2545926325
2026-05-09,2026-05-09 23:50:00+00:00,80667.0000000000,948689,148,69825.1820843632,70074.6333736190,71353.2545926325
2026-05-10,2026-05-10 23:50:00+00:00,82314.7000000000,948844,147,69761.3992152056,70074.6333736190,71353.2545926325
2026-05-11,2026-05-11 23:50:00+00:00,81739.5000000000,949009,146,69688.6062420245,70074.6333736190,71353.2545926325
2026-05-12,2026-05-12 23:50:00+00:00,80457.8000000000,949142,145,69617.8214911874,70074.6333736190,71353.2545926325
2026-05-13,2026-05-13 23:50:00+00:00,79264.5000000000,949282,144,69552.7468080901,70074.6333736190,71353.2545926325
2026-05-14,2026-05-14 23:50:00+00:00,81078.6000000000,949432,143,69493.2045619123,70074.6333736190,71353.2545926325
2026-05-15,2026-05-15 23:50:00+00:00,79078.8000000000,949577,142,69423.3456501833,69657.0032906392,71353.2545926325
2026-05-16,2026-05-16 23:50:00+00:00,78173.0000000000,949729,141,69363.2804185772,69657.0032906392,71353.2545926325
2026-05-17,2026-05-17 23:50:00+00:00,77204.8000000000,949869,140,69307.4902796495,69657.0032906392,71353.2545926325
2026-05-18,2026-05-18 23:50:00+00:00,76970.8000000000,950008,139,69256.5242549668,69657.0032906392,71353.2545926325
2026-05-19,2026-05-19 23:50:00+00:00,76819.7000000000,950150,138,69206.2627522465,69657.0032906392,71353.2545926325
2026-05-20,2026-05-20 23:50:00+00:00,77458.0000000000,950303,137,69156.2340849216,69657.0032906392,71353.2545926325
2026-05-21,2026-05-21 23:50:00+00:00,77637.3000000000,950428,136,69101.7769847508,69657.0032906392,71353.2545926325
2026-05-22,2026-05-22 23:50:00+00:00,75407.2000000000,950585,135,69045.5478208933,69244.4985557206,71353.2545926325
2026-05-23,2026-05-23 23:50:00+00:00,76633.0000000000,950748,134,69002.1053369795,69244.4985557206,71353.2545926325
2026-05-24,2026-05-24 23:50:00+00:00,77070.0000000000,950879,133,68950.4820923741,69244.4985557206,71353.2545926325
2026-05-25,2026-05-25 23:50:00+00:00,77259.7000000000,951046,132,68895.4948705691,69244.4985557206,71353.2545926325
2026-05-26,2026-05-26 23:50:00+00:00,75834.2000000000,951184,131,68838.6053301885,69244.4985557206,71353.2545926325
2026-05-27,2026-05-27 23:50:00+00:00,74363.6000000000,951323,130,68789.7918051269,69244.4985557206,71353.2545926325
2026-05-28,2026-05-28 23:50:00+00:00,73447.5000000000,951486,129,68749.8457744155,69244.4985557206,71353.2545926325
2026-05-29,2026-05-29 23:50:00+00:00,73329.2000000000,951626,128,68715.5098430128,68947.9294271404,71353.2545926325
2026-05-30,2026-05-30 23:50:00+00:00,73731.5000000000,951768,127,68681.4841148310,68947.9294271404,71353.2545926325
2026-05-31,2026-05-31 23:50:00+00:00,73550.7000000000,951913,126,68644.1700305470,68947.9294271404,71353.2545926325
2026-06-01,2026-06-01 23:50:00+00:00,71446.0000000000,952044,125,68607.5558279574,68947.9294271404,70135.1522912787
2026-06-02,2026-06-02 23:50:00+00:00,66680.6000000000,952157,124,68585.5816023991,68947.9294271404,70135.1522912787
2026-06-03,2026-06-03 23:50:00+00:00,64205.0000000000,952266,123,68601.5154215937,68947.9294271404,70135.1522912787
2026-06-04,2026-06-04 23:50:00+00:00,63674.5000000000,952408,122,68640.0417354920,68947.9294271404,70135.1522912787
2026-06-05,2026-06-05 23:50:00+00:00,60826.8000000000,952543,121,68684.3080382561,68719.8255480689,70135.1522912787
2026-06-06,2026-06-06 23:50:00+00:00,60829.7000000000,952663,120,68758.3254525840,68719.8255480689,70135.1522912787
2026-06-07,2026-06-07 23:50:00+00:00,63245.8000000000,952781,119,68833.7194036591,68719.8255480689,70135.1522912787
2026-06-08,2026-06-08 23:50:00+00:00,63009.2000000000,952909,118,68885.2972225033,68719.8255480689,70135.1522912787
2026-06-09,2026-06-09 23:50:00+00:00,61575.6000000000,953033,117,68940.2477651226,68719.8255480689,70135.1522912787
2026-06-10,2026-06-10 23:50:00+00:00,61440.0000000000,953159,116,69011.4028915701,68719.8255480689,70135.1522912787
2026-06-11,2026-06-11 23:50:00+00:00,63541.5000000000,953293,115,69085.4339227873,68719.8255480689,70135.1522912787
2026-06-12,2026-06-12 23:50:00+00:00,63517.1400000000,953438,114,69138.3484270960,69248.4039158772,70135.1522912787
2026-06-13,2026-06-13 23:50:00+00:00,64386.8000000000,953563,113,69192.5384799171,69248.4039158772,70135.1522912787
2026-06-14,2026-06-14 23:50:00+00:00,65624.4000000000,953711,112,69238.6802287296,69248.4039158772,70135.1522912787
2026-06-15,2026-06-15 23:50:00+00:00,66235.6000000000,953859,111,69273.0516758605,69248.4039158772,70135.1522912787
2026-06-16,2026-06-16 23:50:00+00:00,65621.4000000000,954022,110,69301.9432117428,69248.4039158772,70135.1522912787
2026-06-17,2026-06-17 23:50:00+00:00,64410.0000000000,954154,109,69337.6218995775,69248.4039158772,70135.1522912787
2026-06-18,2026-06-18 23:50:00+00:00,62832.8000000000,954319,108,69386.7734265830,69248.4039158772,70135.1522912787
2026-06-19,2026-06-19 23:50:00+00:00,63269.2000000000,954469,107,69454.4806108122,69641.1441436437,70135.1522912787
2026-06-20,2026-06-20 23:50:00+00:00,64225.2000000000,954626,106,69518.5959864903,69641.1441436437,70135.1522912787
2026-06-21,2026-06-21 23:50:00+00:00,63275.8000000000,954759,105,69573.2071768816,69641.1441436437,70135.1522912787
2026-06-22,2026-06-22 23:50:00+00:00,63900.0000000000,954915,104,69639.8492675652,69641.1441436437,70135.1522912787
2026-06-23,2026-06-23 23:50:00+00:00,62655.2000000000,955089,103,69700.6346477453,69641.1441436437,70135.1522912787
2026-06-24,2026-06-24 23:50:00+00:00,60905.4000000000,955244,102,69777.5594296705,69641.1441436437,70135.1522912787
2026-06-25,2026-06-25 23:50:00+00:00,59802.2000000000,955413,101,69878.3441672109,69641.1441436437,70135.1522912787
2026-06-26,2026-06-26 23:50:00+00:00,59995.4000000000,955569,100,69996.2817390680,70111.8829358448,70135.1522912787
2026-06-27,2026-06-27 23:50:00+00:00,59968.8000000000,955734,99,70114.3388053632,70111.8829358448,70135.1522912787
2026-06-28,2026-06-28 23:50:00+00:00,59648.4000000000,955864,98,70235.5885711200,70111.8829358448,70135.1522912787
2026-06-29,2026-06-29 23:50:00+00:00,60182.8000000000,955991,97,70364.3431709848,70111.8829358448,70135.1522912787
2026-06-30,2026-06-30 23:50:00+00:00,58550.2000000000,956137,96,70488.5623451401,70111.8829358448,70135.1522912787
2026-07-01,2026-07-01 23:50:00+00:00,59988.8000000000,956281,95,70640.1781773133,70111.8829358448,69814.9218712083
2026-07-02,2026-07-02 23:50:00+00:00,61467.6000000000,956412,94,70773.8625599575,70111.8829358448,69814.9218712083
2026-07-03,2026-07-03 23:50:00+00:00,62549.0000000000,956564,93,70889.2680816585,70966.6302569595,69814.9218712083
2026-07-04,2026-07-04 23:50:00+00:00,63142.2000000000,956718,92,70992.1602225596,70966.6302569595,69814.9218712083
2026-07-05,2026-07-05 23:50:00+00:00,63569.5000000000,956845,91,71089.2806250930,70966.6302569595,69814.9218712083
2026-07-06,2026-07-06 23:50:00+00:00,64076.3300000000,956963,90,71182.8404024666,70966.6302569595,69814.9218712083
2026-07-07,2026-07-07 23:50:00+00:00,63406.7400000000,957100,89,71271.6552562792,70966.6302569595,69814.9218712083
2026-07-08,2026-07-08 23:50:00+00:00,62227.3000000000,957236,88,71372.2569704736,70966.6302569595,69814.9218712083
2026-07-09,2026-07-09 23:50:00+00:00,63226.3900000000,957360,87,71493.0230916711,70966.6302569595,69814.9218712083
2026-07-10,2026-07-10 23:50:00+00:00,64117.1400000000,957488,86,71601.8800639830,71708.9646365535,69814.9218712083
2026-07-11,2026-07-11 23:50:00+00:00,63997.9800000000,957629,85,71700.3502893921,71708.9646365535,69814.9218712083
2026-07-12,2026-07-12 23:50:00+00:00,63731.2700000000,957773,84,71803.2283602916,71708.9646365535,69814.9218712083
2026-07-13,2026-07-13 23:50:00+00:00,62195.3700000000,957915,83,71912.9659579764,71708.9646365535,69814.9218712083
2026-07-14,2026-07-14 23:50:00+00:00,65013.4600000000,958075,82,72050.2507487754,71708.9646365535,69814.9218712083
2026-07-15,2026-07-15 23:50:00+00:00,64733.8500000000,958213,81,72146.6564120531,71708.9646365535,69814.9218712083
2026-07-16,2026-07-16 23:50:00+00:00,63821.4600000000,958264,80,72250.0752224746,71708.9646365535,69814.9218712083
2026-07-17,2026-07-17 23:50:00+00:00,63917.6000000000,958463,79,72371.0590527336,72423.5773737159,69814.9218712083
2026-07-18,2026-07-18 23:50:00+00:00,64787.7000000000,958628,78,72493.9787061308,72423.5773737159,69814.9218712083
2026-07-19,2026-07-19 23:50:00+00:00,64650.8000000000,958794,77,72606.1378692178,72423.5773737159,69814.9218712083
2026-07-20,2026-07-20 23:50:00+00:00,65195.8000000000,958939,76,72723.8844220629,72423.5773737159,69814.9218712083
2026-07-21,2026-07-21 23:50:00+00:00,66455.2400000000,959076,75,72836.0216497056,72423.5773737159,69814.9218712083
2026-07-22,2026-07-22 23:50:00+00:00,65988.8000000000,959192,74,72930.6503814116,72423.5773737159,69814.9218712083
2026-07-23,2026-07-23 23:50:00+00:00,65101.2000000000,959325,73,73035.8995176959,72423.5773737159,69814.9218712083
2026-07-24,2026-07-24 23:50:00+00:00,64104.4000000000,959479,72,73159.7452881725,73310.4824817210,69814.9218712083
2026-07-25,2026-07-25 23:50:00+00:00,64330.2000000000,959616,71,73305.5917610058,73310.4824817210,69814.9218712083
2026-07-26,2026-07-26 23:50:00+00:00,65333.5000000000,959763,70,73451.9927649983,73310.4824817210,69814.9218712083
2026-07-27,2026-07-27 23:50:00+00:00,63642.2000000000,959901,69,73584.5113539688,73310.4824817210,69814.9218712083
2026-07-28,2026-07-28 23:50:00+00:00,63843.2000000000,960028,68,73753.9523755532,73310.4824817210,69814.9218712083
2026-07-29,2026-07-29 23:50:00+00:00,63921.4000000000,960167,67,73925.2336482986,73310.4824817210,69814.9218712083
2026-07-30,2026-07-30 23:50:00+00:00,64827.6000000000,960323,66,74100.9450707048,73310.4824817210,69814.9218712083
2026-07-31,2026-07-31 23:50:00+00:00,62835.0000000000,960480,65,74264.3795475697,74378.6398837845,69814.9218712083
2026-08-01,2026-08-01 23:50:00+00:00,62771.3000000000,960644,64,74476.0487577171,74378.6398837845,73846.9473168002
2026-08-02,2026-08-02 23:50:00+00:00,63449.6000000000,960789,63,74697.1363531107,74378.6398837845,73846.9473168002
2026-08-03,2026-08-03 23:50:00+00:00,63437.2000000000,960939,62,74911.3189951165,74378.6398837845,73846.9473168002
2026-08-04,2026-08-04 23:50:00+00:00,64139.0000000000,961079,61,75134.1022837229,74378.6398837845,73846.9473168002
2026-08-05,2026-08-05 23:50:00+00:00,64601.2000000000,961222,60,75349.3832036362,74378.6398837845,73846.9473168002
2026-08-06,2026-08-06 23:50:00+00:00,64170.5000000000,961349,59,75562.4660977613,74378.6398837845,73846.9473168002
2026-08-07,2026-08-07 23:50:00+00:00,64874.6000000000,961507,58,75794.4579425691,75928.5399249779,73846.9473168002
2026-08-08,2026-08-08 23:50:00+00:00,64924.5000000000,961651,57,76018.9439479470,75928.5399249779,73846.9473168002
2026-08-09,2026-08-09 23:50:00+00:00,64876.2000000000,961792,56,76251.6233793089,75928.5399249779,73846.9473168002
2026-08-10,2026-08-10 23:50:00+00:00,63901.2000000000,961932,55,76495.4916599701,75928.5399249779,73846.9473168002
2026-08-11,2026-08-11 23:50:00+00:00,63575.5000000000,962061,54,76775.7088720085,75928.5399249779,73846.9473168002
2026-08-12,2026-08-12 23:50:00+00:00,63345.0000000000,962202,53,77077.6648960657,75928.5399249779,73846.9473168002
2026-08-13,2026-08-13 23:50:00+00:00,63376.6000000000,962348,52,77400.3523468439,75928.5399249779,73846.9473168002
2026-08-14,2026-08-14 23:50:00+00:00,63031.3200000000,962497,51,77737.6369028356,77580.9098761925,73846.9473168002
2026-08-15,2026-08-15 23:50:00+00:00,63040.8000000000,962641,50,78102.0887556650,77580.9098761925,73846.9473168002
2026-08-16,2026-08-16 23:50:00+00:00,62848.3000000000,962803,49,78484.7634046443,77580.9098761925,73846.9473168002
2026-08-17,2026-08-17 23:50:00+00:00,64447.8000000000,962960,48,78893.6906371314,77580.9098761925,73846.9473168002
2026-08-18,2026-08-18 23:50:00+00:00,64710.8000000000,963108,47,79271.7472146954,77580.9098761925,73846.9473168002
2026-08-19,2026-08-19 23:50:00+00:00,69186.0000000000,963233,46,79661.4227002828,77580.9098761925,73846.9473168002
2026-08-20,2026-08-20 23:50:00+00:00,73084.6000000000,963361,45,79930.3609625738,77580.9098761925,73846.9473168002
2026-08-21,2026-08-21 23:50:00+00:00,78264.8000000000,963498,44,80100.8829883025,80226.4470513652,73846.9473168002
2026-08-22,2026-08-22 23:50:00+00:00,77050.4000000000,963646,43,80144.6081758993,80226.4470513652,73846.9473168002
2026-08-23,2026-08-23 23:50:00+00:00,77550.2000000000,963782,42,80221.3116615166,80226.4470513652,73846.9473168002
2026-08-24,2026-08-24 23:50:00+00:00,78914.2000000000,963923,41,80288.7613615288,80226.4470513652,73846.9473168002
2026-08-25,2026-08-25 23:50:00+00:00,78469.3000000000,964066,40,80323.7391945140,80226.4470513652,73846.9473168002
2026-08-26,2026-08-26 23:50:00+00:00,79047.0000000000,964218,39,80372.4421567714,80226.4470513652,73846.9473168002
2026-08-27,2026-08-27 23:50:00+00:00,80269.7000000000,964363,38,80407.9227304625,80226.4470513652,73846.9473168002
2026-08-28,2026-08-28 23:50:00+00:00,77640.8000000000,964495,37,80411.6650869854,80562.9886151035,73846.9473168002
2026-08-29,2026-08-29 23:50:00+00:00,78262.0000000000,964641,36,80491.4595360627,80562.9886151035,73846.9473168002
2026-08-30,2026-08-30 23:50:00+00:00,77313.2000000000,964805,35,80557.0263430069,80562.9886151035,73846.9473168002
2026-08-31,2026-08-31 23:50:00+00:00,78536.8000000000,964954,34,80656.5587986804,80562.9886151035,73846.9473168002
2026-09-01,2026-09-01 23:50:00+00:00,77515.8000000000,965099,33,80722.5816608939,80562.9886151035,80992.2650240587
2026-09-02,2026-09-02 23:50:00+00:00,77164.4000000000,965236,32,80827.0743819875,80562.9886151035,80992.2650240587
2026-09-03,2026-09-03 23:50:00+00:00,81218.0000000000,965395,31,80951.0230817293,80562.9886151035,80992.2650240587
2026-09-04,2026-09-04 23:50:00+00:00,79668.7000000000,965539,30,80942.1540761503,81174.0225159345,80992.2650240587
2026-09-05,2026-09-05 23:50:00+00:00,79840.8000000000,965687,29,80986.7927989353,81174.0225159345,80992.2650240587
2026-09-06,2026-09-06 23:50:00+00:00,80472.0000000000,965850,28,81028.3298695542,81174.0225159345,80992.2650240587
2026-09-07,2026-09-07 23:50:00+00:00,79166.2000000000,965989,27,81049.0824411696,81174.0225159345,80992.2650240587
2026-09-08,2026-09-08 23:50:00+00:00,78435.2000000000,966124,26,81123.2912773395,81174.0225159345,80992.2650240587
2026-09-09,2026-09-09 23:50:00+00:00,78240.2000000000,966285,25,81234.6525850338,81174.0225159345,80992.2650240587
2026-09-10,2026-09-10 23:50:00+00:00,76707.0000000000,966418,24,81364.4035786758,81174.0225159345,80992.2650240587
2026-09-11,2026-09-11 23:50:00+00:00,77166.8000000000,966580,23,81579.7628022957,81559.2836853620,80992.2650240587
2026-09-12,2026-09-12 23:50:00+00:00,77247.2000000000,966733,22,81792.3758526496,81559.2836853620,80992.2650240587
2026-09-13,2026-09-13 23:50:00+00:00,76783.0000000000,966888,21,82022.1917246679,81559.2836853620,80992.2650240587
2026-09-14,2026-09-14 23:50:00+00:00,78274.5000000000,967038,20,82302.9837694437,81559.2836853620,80992.2650240587
2026-09-15,2026-09-15 23:50:00+00:00,75608.0000000000,967201,19,82526.5268767280,81559.2836853620,80992.2650240587
2026-09-16,2026-09-16 23:50:00+00:00,76140.3000000000,967337,18,82948.2043160177,81559.2836853620,80992.2650240587
2026-09-17,2026-09-17 23:50:00+00:00,76381.8000000000,967480,17,83386.7826319912,81559.2836853620,80992.2650240587
2026-09-18,2026-09-18 23:50:00+00:00,80888.6000000000,967629,16,83867.5011975373,83136.7180116998,80992.2650240587
2026-09-19,2026-09-19 23:50:00+00:00,81264.0000000000,967758,15,84073.9150277167,83136.7180116998,80992.2650240587
2026-09-20,2026-09-20 23:50:00+00:00,81248.8000000000,967912,14,84282.0773802237,83136.7180116998,80992.2650240587
2026-09-21,2026-09-21 23:50:00+00:00,86470.4000000000,968061,13,84524.8144162798,83136.7180116998,80992.2650240587
2026-09-22,2026-09-22 23:50:00+00:00,86148.2000000000,968201,12,84366.6268621475,83136.7180116998,80992.2650240587
2026-09-23,2026-09-23 23:50:00+00:00,84416.5000000000,968328,11,84208.3127139544,83136.7180116998,80992.2650240587
2026-09-24,2026-09-24 23:50:00+00:00,84383.2000000000,968470,10,84187.5504487021,83136.7180116998,80992.2650240587
2026-09-25,2026-09-25 23:50:00+00:00,84065.8000000000,968604,9,84165.8675989427,84308.2984587648,80992.2650240587
2026-09-26,2026-09-26 23:50:00+00:00,84402.5000000000,968758,8,84178.3928018947,84308.2984587648,80992.2650240587
2026-09-27,2026-09-27 23:50:00+00:00,84427.5000000000,968903,7,84146.4746026984,84308.2984587648,80992.2650240587
2026-09-28,2026-09-28 23:50:00+00:00,83531.8000000000,969065,6,84099.8188230892,84308.2984587648,80992.2650240587
2026-09-29,2026-09-29 23:50:00+00:00,83649.8000000000,969227,5,84214.3508610994,84308.2984587648,80992.2650240587
2026-09-30,2026-09-30 23:50:00+00:00,83518.8000000000,969367,4,84356.6812583146,84308.2984587648,80992.2650240587
2026-10-01,2026-10-01 23:50:00+00:00,84795.2000000000,969505,3,84639.7234715878,84308.2984587648,84795.2000000000
2026-10-02,2026-10-02 23:50:00+00:00,84552.2000000000,969646,2,84562.1988174385,84552.2000000000,84795.2000000000
2026-10-03,2026-10-03 05:00:00+00:00,84572.2000000000,969678,1,84572.2000000000,84552.2000000000,84795.2000000000
