days_ago,years_ago,date_iso,timestamp_utc,block_height,historical_price,current_price,dca_basis,invested_usd,btc_accum,purchase_count,is_price_above,window_end_timestamp_utc
5502,15.0636550308,2011-06-05,2011-06-05 23:50:00,128873,16.6750000000,60129.2000000000,56.2240776890,180.0000000000,3.2014753714,180,1,2026-06-28 02:00:00
5501,15.0609171800,2011-06-06,2011-06-06 23:50:00,129109,18.3714142857,60129.2000000000,56.2240776890,180.0000000000,3.2014753714,180,1,2026-06-28 02:00:00
5500,15.0581793292,2011-06-07,2011-06-07 23:50:00,129276,23.3969883721,60129.2000000000,56.2240776890,180.0000000000,3.2014753714,180,1,2026-06-28 02:00:00
5499,15.0554414784,2011-06-08,2011-06-08 23:50:00,129465,29.6408538462,60129.2000000000,56.2240776890,180.0000000000,3.2014753714,180,1,2026-06-28 02:00:00
5498,15.0527036277,2011-06-09,2011-06-09 23:50:00,129686,28.9407000000,60129.2000000000,56.2240776890,180.0000000000,3.2014753714,180,1,2026-06-28 02:00:00
5497,15.0499657769,2011-06-10,2011-06-10 23:50:00,129909,23.8617411765,60129.2000000000,56.2240776890,180.0000000000,3.2014753714,180,1,2026-06-28 02:00:00
5496,15.0472279261,2011-06-11,2011-06-11 23:50:00,130162,14.6512000000,60129.2000000000,56.2240776890,180.0000000000,3.2014753714,180,1,2026-06-28 02:00:00
5495,15.0444900753,2011-06-12,2011-06-12 23:50:00,130392,18.7195900000,60129.2000000000,56.2240776890,180.0000000000,3.2014753714,180,1,2026-06-28 02:00:00
5494,15.0417522245,2011-06-13,2011-06-13 23:50:00,130621,19.4092722222,60129.2000000000,56.2240776890,180.0000000000,3.2014753714,180,1,2026-06-28 02:00:00
5493,15.0390143737,2011-06-14,2011-06-14 23:50:00,130867,19.3205642857,60129.2000000000,56.2240776890,180.0000000000,3.2014753714,180,1,2026-06-28 02:00:00
5492,15.0362765229,2011-06-15,2011-06-15 23:50:00,131146,19.4900000000,60129.2000000000,56.2240776890,180.0000000000,3.2014753714,180,1,2026-06-28 02:00:00
5491,15.0335386721,2011-06-16,2011-06-16 23:50:00,131327,17.3638180000,60129.2000000000,56.2240776890,180.0000000000,3.2014753714,180,1,2026-06-28 02:00:00
5490,15.0308008214,2011-06-17,2011-06-17 23:50:00,131513,15.8340642857,60129.2000000000,56.2240776890,180.0000000000,3.2014753714,180,1,2026-06-28 02:00:00
5489,15.0280629706,2011-06-18,2011-06-18 23:50:00,131711,16.8766666667,60129.2000000000,56.2240776890,180.0000000000,3.2014753714,180,1,2026-06-28 02:00:00
5488,15.0253251198,2011-06-19,2011-06-19 23:50:00,131932,17.4054672725,60129.2000000000,56.2240776890,180.0000000000,3.2014753714,180,1,2026-06-28 02:00:00
5487,15.0225872690,2011-06-20,2011-06-20 23:50:00,132166,17.4795582705,60129.2000000000,56.2240776890,180.0000000000,3.2014753714,180,1,2026-06-28 02:00:00
5486,15.0198494182,2011-06-21,2011-06-21 23:50:00,132419,17.8504829728,60129.2000000000,56.2240776890,180.0000000000,3.2014753714,180,1,2026-06-28 02:00:00
5485,15.0171115674,2011-06-22,2011-06-22 23:50:00,132680,17.9062871149,60129.2000000000,56.2240776890,180.0000000000,3.2014753714,180,1,2026-06-28 02:00:00
5484,15.0143737166,2011-06-23,2011-06-23 23:50:00,132920,18.1683975970,60129.2000000000,56.2240776890,180.0000000000,3.2014753714,180,1,2026-06-28 02:00:00
5483,15.0116358658,2011-06-24,2011-06-24 23:50:00,133135,18.5853960600,60129.2000000000,56.2240776890,180.0000000000,3.2014753714,180,1,2026-06-28 02:00:00
5482,15.0088980151,2011-06-25,2011-06-25 23:50:00,133280,17.9432756423,60129.2000000000,56.2240776890,180.0000000000,3.2014753714,180,1,2026-06-28 02:00:00
5481,15.0061601643,2011-06-26,2011-06-26 23:50:00,133429,16.3664385714,60129.2000000000,56.2240776890,180.0000000000,3.2014753714,180,1,2026-06-28 02:00:00
5480,15.0034223135,2011-06-27,2011-06-27 23:50:00,133598,16.7500666667,60129.2000000000,56.2240776890,180.0000000000,3.2014753714,180,1,2026-06-28 02:00:00
5479,15.0006844627,2011-06-28,2011-06-28 23:50:00,133757,16.9430025000,60129.2000000000,56.2240776890,180.0000000000,3.2014753714,180,1,2026-06-28 02:00:00
5478,14.9979466119,2011-06-29,2011-06-29 23:50:00,133928,16.8998333333,60129.2000000000,56.2240776890,180.0000000000,3.2014753714,180,1,2026-06-28 02:00:00
5477,14.9952087611,2011-06-30,2011-06-30 23:50:00,134121,16.1535981250,60129.2000000000,56.2240776890,180.0000000000,3.2014753714,180,1,2026-06-28 02:00:00
5476,14.9924709103,2011-07-01,2011-07-01 23:50:00,134292,15.3633281818,60129.2000000000,56.2240776890,180.0000000000,3.2014753714,180,1,2026-06-28 02:00:00
5475,14.9897330595,2011-07-02,2011-07-02 23:50:00,134462,15.4000000000,60129.2000000000,56.2240776890,180.0000000000,3.2014753714,180,1,2026-06-28 02:00:00
5474,14.9869952088,2011-07-03,2011-07-03 23:50:00,134626,15.4403966667,60129.2000000000,56.2240776890,180.0000000000,3.2014753714,180,1,2026-06-28 02:00:00
5473,14.9842573580,2011-07-04,2011-07-04 23:50:00,134798,13.8200560000,60129.2000000000,56.2240776890,180.0000000000,3.2014753714,180,1,2026-06-28 02:00:00
5472,14.9815195072,2011-07-05,2011-07-05 23:50:00,134936,12.8868056250,60129.2000000000,56.2240776890,180.0000000000,3.2014753714,180,1,2026-06-28 02:00:00
5471,14.9787816564,2011-07-06,2011-07-06 23:50:00,135091,14.7670711111,60129.2000000000,56.2240776890,180.0000000000,3.2014753714,180,1,2026-06-28 02:00:00
5470,14.9760438056,2011-07-07,2011-07-07 23:50:00,135225,14.7700784615,60129.2000000000,56.2240776890,180.0000000000,3.2014753714,180,1,2026-06-28 02:00:00
5469,14.9733059548,2011-07-08,2011-07-08 23:50:00,135390,14.3137700000,60129.2000000000,56.2240776890,180.0000000000,3.2014753714,180,1,2026-06-28 02:00:00
5468,14.9705681040,2011-07-09,2011-07-09 23:50:00,135537,14.3775000000,60129.2000000000,56.2240776890,180.0000000000,3.2014753714,180,1,2026-06-28 02:00:00
5467,14.9678302533,2011-07-10,2011-07-10 23:50:00,135676,14.7473900000,60129.2000000000,56.2240776890,180.0000000000,3.2014753714,180,1,2026-06-28 02:00:00
5466,14.9650924025,2011-07-11,2011-07-11 23:50:00,135832,14.2109984211,60129.2000000000,56.2240776890,180.0000000000,3.2014753714,180,1,2026-06-28 02:00:00
5465,14.9623545517,2011-07-12,2011-07-12 23:50:00,135973,14.0164816667,60129.2000000000,56.2240776890,180.0000000000,3.2014753714,180,1,2026-06-28 02:00:00
5464,14.9596167009,2011-07-13,2011-07-13 23:50:00,136163,13.9542942857,60129.2000000000,56.2240776890,180.0000000000,3.2014753714,180,1,2026-06-28 02:00:00
5463,14.9568788501,2011-07-14,2011-07-14 23:50:00,136309,13.9978090000,60129.2000000000,56.2240776890,180.0000000000,3.2014753714,180,1,2026-06-28 02:00:00
5462,14.9541409993,2011-07-15,2011-07-15 23:50:00,136471,13.8100000000,60129.2000000000,56.2240776890,180.0000000000,3.2014753714,180,1,2026-06-28 02:00:00
5461,14.9514031485,2011-07-16,2011-07-16 23:50:00,136625,13.7190485714,60129.2000000000,56.2240776890,180.0000000000,3.2014753714,180,1,2026-06-28 02:00:00
5460,14.9486652977,2011-07-17,2011-07-17 23:50:00,136796,13.1679187500,60129.2000000000,56.2240776890,180.0000000000,3.2014753714,180,1,2026-06-28 02:00:00
5459,14.9459274470,2011-07-18,2011-07-18 23:50:00,136968,13.4230714815,60129.2000000000,56.2240776890,180.0000000000,3.2014753714,180,1,2026-06-28 02:00:00
5458,14.9431895962,2011-07-19,2011-07-19 23:50:00,137107,13.8419937500,60129.2000000000,56.2240776890,180.0000000000,3.2014753714,180,1,2026-06-28 02:00:00
5457,14.9404517454,2011-07-20,2011-07-20 23:50:00,137257,13.6931348485,60129.2000000000,56.2240776890,180.0000000000,3.2014753714,180,1,2026-06-28 02:00:00
5456,14.9377138946,2011-07-21,2011-07-21 23:50:00,137410,13.6121040000,60129.2000000000,56.2240776890,180.0000000000,3.2014753714,180,1,2026-06-28 02:00:00
5455,14.9349760438,2011-07-22,2011-07-22 23:50:00,137562,13.6954200000,60129.2000000000,56.2240776890,180.0000000000,3.2014753714,180,1,2026-06-28 02:00:00
5454,14.9322381930,2011-07-23,2011-07-23 23:50:00,137708,13.6800000000,60129.2000000000,56.2240776890,180.0000000000,3.2014753714,180,1,2026-06-28 02:00:00
5453,14.9295003422,2011-07-24,2011-07-24 23:50:00,137874,13.9800100000,60129.2000000000,56.2240776890,180.0000000000,3.2014753714,180,1,2026-06-28 02:00:00
5452,14.9267624914,2011-07-25,2011-07-25 23:50:00,138039,14.0026000000,60129.2000000000,56.2240776890,180.0000000000,3.2014753714,180,1,2026-06-28 02:00:00
5451,14.9240246407,2011-07-26,2011-07-26 23:50:00,138214,13.8811700000,60129.2000000000,56.2240776890,180.0000000000,3.2014753714,180,1,2026-06-28 02:00:00
5450,14.9212867899,2011-07-27,2011-07-27 23:50:00,138387,13.9076000000,60129.2000000000,56.2240776890,180.0000000000,3.2014753714,180,1,2026-06-28 02:00:00
5449,14.9185489391,2011-07-28,2011-07-28 23:50:00,138542,13.4819066667,60129.2000000000,56.2240776890,180.0000000000,3.2014753714,180,1,2026-06-28 02:00:00
5448,14.9158110883,2011-07-29,2011-07-29 23:50:00,138708,13.5143963636,60129.2000000000,56.2240776890,180.0000000000,3.2014753714,180,1,2026-06-28 02:00:00
5447,14.9130732375,2011-07-30,2011-07-30 23:50:00,138859,13.5328131579,60129.2000000000,56.2240776890,180.0000000000,3.2014753714,180,1,2026-06-28 02:00:00
5446,14.9103353867,2011-07-31,2011-07-31 23:50:00,139033,13.3798933333,60129.2000000000,56.2240776890,180.0000000000,3.2014753714,180,1,2026-06-28 02:00:00
5445,14.9075975359,2011-08-01,2011-08-01 23:50:00,139200,13.0956020000,60129.2000000000,57.0720694057,179.0000000000,3.1363853083,179,1,2026-06-28 02:00:00
5444,14.9048596851,2011-08-02,2011-08-02 23:50:00,139354,12.0600190000,60129.2000000000,57.0720694057,179.0000000000,3.1363853083,179,1,2026-06-28 02:00:00
5443,14.9021218344,2011-08-03,2011-08-03 23:50:00,139509,9.2600500000,60129.2000000000,57.0720694057,179.0000000000,3.1363853083,179,1,2026-06-28 02:00:00
5442,14.8993839836,2011-08-04,2011-08-04 23:50:00,139639,10.7436633333,60129.2000000000,57.0720694057,179.0000000000,3.1363853083,179,1,2026-06-28 02:00:00
5441,14.8966461328,2011-08-05,2011-08-05 23:50:00,139780,9.7726675000,60129.2000000000,57.0720694057,179.0000000000,3.1363853083,179,1,2026-06-28 02:00:00
5440,14.8939082820,2011-08-06,2011-08-06 23:50:00,139901,6.5112754545,60129.2000000000,57.0720694057,179.0000000000,3.1363853083,179,1,2026-06-28 02:00:00
5439,14.8911704312,2011-08-07,2011-08-07 23:50:00,140026,8.1662882927,60129.2000000000,57.0720694057,179.0000000000,3.1363853083,179,1,2026-06-28 02:00:00
5438,14.8884325804,2011-08-08,2011-08-08 23:50:00,140163,7.8298550000,60129.2000000000,57.0720694057,179.0000000000,3.1363853083,179,1,2026-06-28 02:00:00
5437,14.8856947296,2011-08-09,2011-08-09 23:50:00,140310,9.7488606897,60129.2000000000,57.0720694057,179.0000000000,3.1363853083,179,1,2026-06-28 02:00:00
5436,14.8829568789,2011-08-10,2011-08-10 23:50:00,140461,10.0146862500,60129.2000000000,57.0720694057,179.0000000000,3.1363853083,179,1,2026-06-28 02:00:00
5435,14.8802190281,2011-08-11,2011-08-11 23:50:00,140597,9.4562400000,60129.2000000000,57.0720694057,179.0000000000,3.1363853083,179,1,2026-06-28 02:00:00
5434,14.8774811773,2011-08-12,2011-08-12 23:50:00,140726,9.4603400000,60129.2000000000,57.0720694057,179.0000000000,3.1363853083,179,1,2026-06-28 02:00:00
5433,14.8747433265,2011-08-13,2011-08-13 23:50:00,140860,10.1233396552,60129.2000000000,57.0720694057,179.0000000000,3.1363853083,179,1,2026-06-28 02:00:00
5432,14.8720054757,2011-08-14,2011-08-14 23:50:00,140992,10.7442646154,60129.2000000000,57.0720694057,179.0000000000,3.1363853083,179,1,2026-06-28 02:00:00
5431,14.8692676249,2011-08-15,2011-08-15 23:50:00,141121,11.1381360000,60129.2000000000,57.0720694057,179.0000000000,3.1363853083,179,1,2026-06-28 02:00:00
5430,14.8665297741,2011-08-16,2011-08-16 23:50:00,141266,10.9589550000,60129.2000000000,57.0720694057,179.0000000000,3.1363853083,179,1,2026-06-28 02:00:00
5429,14.8637919233,2011-08-17,2011-08-17 23:50:00,141401,10.9930666667,60129.2000000000,57.0720694057,179.0000000000,3.1363853083,179,1,2026-06-28 02:00:00
5428,14.8610540726,2011-08-18,2011-08-18 23:50:00,141548,10.8470176923,60129.2000000000,57.0720694057,179.0000000000,3.1363853083,179,1,2026-06-28 02:00:00
5427,14.8583162218,2011-08-19,2011-08-19 23:50:00,141679,11.6500000000,60129.2000000000,57.0720694057,179.0000000000,3.1363853083,179,1,2026-06-28 02:00:00
5426,14.8555783710,2011-08-20,2011-08-20 23:50:00,141828,11.4509980000,60129.2000000000,57.0720694057,179.0000000000,3.1363853083,179,1,2026-06-28 02:00:00
5425,14.8528405202,2011-08-21,2011-08-21 23:50:00,141987,11.3232120000,60129.2000000000,57.0720694057,179.0000000000,3.1363853083,179,1,2026-06-28 02:00:00
5424,14.8501026694,2011-08-22,2011-08-22 23:50:00,142159,10.9407647368,60129.2000000000,57.0720694057,179.0000000000,3.1363853083,179,1,2026-06-28 02:00:00
5423,14.8473648186,2011-08-23,2011-08-23 23:50:00,142314,10.9274070000,60129.2000000000,57.0720694057,179.0000000000,3.1363853083,179,1,2026-06-28 02:00:00
5422,14.8446269678,2011-08-24,2011-08-24 23:50:00,142448,10.8506000000,60129.2000000000,57.0720694057,179.0000000000,3.1363853083,179,1,2026-06-28 02:00:00
5421,14.8418891170,2011-08-25,2011-08-25 23:50:00,142584,9.6841397101,60129.2000000000,57.0720694057,179.0000000000,3.1363853083,179,1,2026-06-28 02:00:00
5420,14.8391512663,2011-08-26,2011-08-26 23:50:00,142731,8.1791894444,60129.2000000000,57.0720694057,179.0000000000,3.1363853083,179,1,2026-06-28 02:00:00
5419,14.8364134155,2011-08-27,2011-08-27 23:50:00,142853,8.5902000000,60129.2000000000,57.0720694057,179.0000000000,3.1363853083,179,1,2026-06-28 02:00:00
5418,14.8336755647,2011-08-28,2011-08-28 23:50:00,142969,9.0784642857,60129.2000000000,57.0720694057,179.0000000000,3.1363853083,179,1,2026-06-28 02:00:00
5417,14.8309377139,2011-08-29,2011-08-29 23:50:00,143106,8.9680937500,60129.2000000000,57.0720694057,179.0000000000,3.1363853083,179,1,2026-06-28 02:00:00
5416,14.8281998631,2011-08-30,2011-08-30 23:50:00,143251,8.7954660000,60129.2000000000,57.0720694057,179.0000000000,3.1363853083,179,1,2026-06-28 02:00:00
5415,14.8254620123,2011-08-31,2011-08-31 23:50:00,143408,8.2235362500,60129.2000000000,57.0720694057,179.0000000000,3.1363853083,179,1,2026-06-28 02:00:00
5414,14.8227241615,2011-09-01,2011-09-01 23:50:00,143535,8.2288837500,60129.2000000000,58.1694823256,178.0000000000,3.0600237940,178,1,2026-06-28 02:00:00
5413,14.8199863107,2011-09-02,2011-09-02 23:50:00,143692,8.6227800000,60129.2000000000,58.1694823256,178.0000000000,3.0600237940,178,1,2026-06-28 02:00:00
5412,14.8172484600,2011-09-03,2011-09-03 23:50:00,143837,8.4790000000,60129.2000000000,58.1694823256,178.0000000000,3.0600237940,178,1,2026-06-28 02:00:00
5411,14.8145106092,2011-09-04,2011-09-04 23:50:00,143971,8.1787135714,60129.2000000000,58.1694823256,178.0000000000,3.0600237940,178,1,2026-06-28 02:00:00
5410,14.8117727584,2011-09-05,2011-09-05 23:50:00,144128,7.6292071429,60129.2000000000,58.1694823256,178.0000000000,3.0600237940,178,1,2026-06-28 02:00:00
5409,14.8090349076,2011-09-06,2011-09-06 23:50:00,144278,6.8646766667,60129.2000000000,58.1694823256,178.0000000000,3.0600237940,178,1,2026-06-28 02:00:00
5408,14.8062970568,2011-09-07,2011-09-07 23:50:00,144414,7.1860777778,60129.2000000000,58.1694823256,178.0000000000,3.0600237940,178,1,2026-06-28 02:00:00
5407,14.8035592060,2011-09-08,2011-09-08 23:50:00,144542,6.5331220000,60129.2000000000,58.1694823256,178.0000000000,3.0600237940,178,1,2026-06-28 02:00:00
5406,14.8008213552,2011-09-09,2011-09-09 23:50:00,144697,5.0555800000,60129.2000000000,58.1694823256,178.0000000000,3.0600237940,178,1,2026-06-28 02:00:00
5405,14.7980835044,2011-09-10,2011-09-10 23:50:00,144831,4.7643420000,60129.2000000000,58.1694823256,178.0000000000,3.0600237940,178,1,2026-06-28 02:00:00
5404,14.7953456537,2011-09-11,2011-09-11 23:50:00,144956,5.9142241667,60129.2000000000,58.1694823256,178.0000000000,3.0600237940,178,1,2026-06-28 02:00:00
5403,14.7926078029,2011-09-12,2011-09-12 23:50:00,145086,6.0614342857,60129.2000000000,58.1694823256,178.0000000000,3.0600237940,178,1,2026-06-28 02:00:00
5402,14.7898699521,2011-09-13,2011-09-13 23:50:00,145230,5.8000000000,60129.2000000000,58.1694823256,178.0000000000,3.0600237940,178,1,2026-06-28 02:00:00
5401,14.7871321013,2011-09-14,2011-09-14 23:50:00,145377,5.6195433333,60129.2000000000,58.1694823256,178.0000000000,3.0600237940,178,1,2026-06-28 02:00:00
5400,14.7843942505,2011-09-15,2011-09-15 23:50:00,145532,4.8059157143,60129.2000000000,58.1694823256,178.0000000000,3.0600237940,178,1,2026-06-28 02:00:00
5399,14.7816563997,2011-09-16,2011-09-16 23:50:00,145651,4.8110000000,60129.2000000000,58.1694823256,178.0000000000,3.0600237940,178,1,2026-06-28 02:00:00
5398,14.7789185489,2011-09-17,2011-09-17 23:50:00,145785,4.7647000000,60129.2000000000,58.1694823256,178.0000000000,3.0600237940,178,1,2026-06-28 02:00:00
5397,14.7761806982,2011-09-18,2011-09-18 23:50:00,145943,5.2382333333,60129.2000000000,58.1694823256,178.0000000000,3.0600237940,178,1,2026-06-28 02:00:00
5396,14.7734428474,2011-09-19,2011-09-19 23:50:00,146070,5.4627707692,60129.2000000000,58.1694823256,178.0000000000,3.0600237940,178,1,2026-06-28 02:00:00
5395,14.7707049966,2011-09-20,2011-09-20 23:50:00,146209,6.1147972727,60129.2000000000,58.1694823256,178.0000000000,3.0600237940,178,1,2026-06-28 02:00:00
5394,14.7679671458,2011-09-21,2011-09-21 23:50:00,146356,5.6609356250,60129.2000000000,58.1694823256,178.0000000000,3.0600237940,178,1,2026-06-28 02:00:00
5393,14.7652292950,2011-09-22,2011-09-22 23:50:00,146505,5.4735640000,60129.2000000000,58.1694823256,178.0000000000,3.0600237940,178,1,2026-06-28 02:00:00
5392,14.7624914442,2011-09-23,2011-09-23 23:50:00,146637,5.5575763636,60129.2000000000,58.1694823256,178.0000000000,3.0600237940,178,1,2026-06-28 02:00:00
5391,14.7597535934,2011-09-24,2011-09-24 23:50:00,146765,5.4715266667,60129.2000000000,58.1694823256,178.0000000000,3.0600237940,178,1,2026-06-28 02:00:00
5390,14.7570157426,2011-09-25,2011-09-25 23:50:00,146904,5.3318300000,60129.2000000000,58.1694823256,178.0000000000,3.0600237940,178,1,2026-06-28 02:00:00
5389,14.7542778919,2011-09-26,2011-09-26 23:50:00,147037,4.8691600000,60129.2000000000,58.1694823256,178.0000000000,3.0600237940,178,1,2026-06-28 02:00:00
5388,14.7515400411,2011-09-27,2011-09-27 23:50:00,147170,4.7093666667,60129.2000000000,58.1694823256,178.0000000000,3.0600237940,178,1,2026-06-28 02:00:00
5387,14.7488021903,2011-09-28,2011-09-28 23:50:00,147314,4.7093475000,60129.2000000000,58.1694823256,178.0000000000,3.0600237940,178,1,2026-06-28 02:00:00
5386,14.7460643395,2011-09-29,2011-09-29 23:50:00,147441,4.7846225000,60129.2000000000,58.1694823256,178.0000000000,3.0600237940,178,1,2026-06-28 02:00:00
5385,14.7433264887,2011-09-30,2011-09-30 23:50:00,147565,5.1490566667,60129.2000000000,58.1694823256,178.0000000000,3.0600237940,178,1,2026-06-28 02:00:00
5384,14.7405886379,2011-10-01,2011-10-01 23:50:00,147708,5.0181025000,60129.2000000000,60.2348007929,177.0000000000,2.9385006287,177,1,2026-06-28 02:00:00
5383,14.7378507871,2011-10-02,2011-10-02 23:50:00,147829,5.0270100000,60129.2000000000,60.2348007929,177.0000000000,2.9385006287,177,1,2026-06-28 02:00:00
5382,14.7351129363,2011-10-03,2011-10-03 23:50:00,147974,5.0240100000,60129.2000000000,60.2348007929,177.0000000000,2.9385006287,177,1,2026-06-28 02:00:00
5381,14.7323750856,2011-10-04,2011-10-04 23:50:00,148085,4.9600000000,60129.2000000000,60.2348007929,177.0000000000,2.9385006287,177,1,2026-06-28 02:00:00
5380,14.7296372348,2011-10-05,2011-10-05 23:50:00,148229,4.8799366667,60129.2000000000,60.2348007929,177.0000000000,2.9385006287,177,1,2026-06-28 02:00:00
5379,14.7268993840,2011-10-06,2011-10-06 23:50:00,148359,4.7344250000,60129.2000000000,60.2348007929,177.0000000000,2.9385006287,177,1,2026-06-28 02:00:00
5378,14.7241615332,2011-10-07,2011-10-07 23:50:00,148496,4.2728000000,60129.2000000000,60.2348007929,177.0000000000,2.9385006287,177,1,2026-06-28 02:00:00
5377,14.7214236824,2011-10-08,2011-10-08 23:50:00,148614,4.0058700000,60129.2000000000,60.2348007929,177.0000000000,2.9385006287,177,1,2026-06-28 02:00:00
5376,14.7186858316,2011-10-09,2011-10-09 23:50:00,148743,4.1028800000,60129.2000000000,60.2348007929,177.0000000000,2.9385006287,177,1,2026-06-28 02:00:00
5375,14.7159479808,2011-10-10,2011-10-10 23:50:00,148866,4.0869466667,60129.2000000000,60.2348007929,177.0000000000,2.9385006287,177,1,2026-06-28 02:00:00
5374,14.7132101300,2011-10-11,2011-10-11 23:50:00,148958,3.9591533333,60129.2000000000,60.2348007929,177.0000000000,2.9385006287,177,1,2026-06-28 02:00:00
5373,14.7104722793,2011-10-12,2011-10-12 23:50:00,149079,4.1500000000,60129.2000000000,60.2348007929,177.0000000000,2.9385006287,177,1,2026-06-28 02:00:00
5372,14.7077344285,2011-10-13,2011-10-13 23:50:00,149175,4.0461500000,60129.2000000000,60.2348007929,177.0000000000,2.9385006287,177,1,2026-06-28 02:00:00
5371,14.7049965777,2011-10-14,2011-10-14 23:50:00,149314,3.9879400000,60129.2000000000,60.2348007929,177.0000000000,2.9385006287,177,1,2026-06-28 02:00:00
5370,14.7022587269,2011-10-15,2011-10-15 23:50:00,149449,3.8480350000,60129.2000000000,60.2348007929,177.0000000000,2.9385006287,177,1,2026-06-28 02:00:00
5369,14.6995208761,2011-10-16,2011-10-16 23:50:00,149567,3.5723744444,60129.2000000000,60.2348007929,177.0000000000,2.9385006287,177,1,2026-06-28 02:00:00
5368,14.6967830253,2011-10-17,2011-10-17 23:50:00,149686,2.5544640000,60129.2000000000,60.2348007929,177.0000000000,2.9385006287,177,1,2026-06-28 02:00:00
5367,14.6940451745,2011-10-18,2011-10-18 23:50:00,149806,2.4093233333,60129.2000000000,60.2348007929,177.0000000000,2.9385006287,177,1,2026-06-28 02:00:00
5366,14.6913073238,2011-10-19,2011-10-19 23:50:00,149938,2.2622557143,60129.2000000000,60.2348007929,177.0000000000,2.9385006287,177,1,2026-06-28 02:00:00
5365,14.6885694730,2011-10-20,2011-10-20 23:50:00,150054,2.3480050000,60129.2000000000,60.2348007929,177.0000000000,2.9385006287,177,1,2026-06-28 02:00:00
5364,14.6858316222,2011-10-21,2011-10-21 23:50:00,150174,2.5625450000,60129.2000000000,60.2348007929,177.0000000000,2.9385006287,177,1,2026-06-28 02:00:00
5363,14.6830937714,2011-10-22,2011-10-22 23:50:00,150273,3.1387333333,60129.2000000000,60.2348007929,177.0000000000,2.9385006287,177,1,2026-06-28 02:00:00
5362,14.6803559206,2011-10-23,2011-10-23 23:50:00,150380,3.1646903008,60129.2000000000,60.2348007929,177.0000000000,2.9385006287,177,1,2026-06-28 02:00:00
5361,14.6776180698,2011-10-24,2011-10-24 23:50:00,150507,2.5384758333,60129.2000000000,60.2348007929,177.0000000000,2.9385006287,177,1,2026-06-28 02:00:00
5360,14.6748802190,2011-10-25,2011-10-25 23:50:00,150636,2.7736116667,60129.2000000000,60.2348007929,177.0000000000,2.9385006287,177,1,2026-06-28 02:00:00
5359,14.6721423682,2011-10-26,2011-10-26 23:50:00,150754,2.7730100000,60129.2000000000,60.2348007929,177.0000000000,2.9385006287,177,1,2026-06-28 02:00:00
5358,14.6694045175,2011-10-27,2011-10-27 23:50:00,150854,3.0401142105,60129.2000000000,60.2348007929,177.0000000000,2.9385006287,177,1,2026-06-28 02:00:00
5357,14.6666666667,2011-10-28,2011-10-28 23:50:00,150958,3.1851980000,60129.2000000000,60.2348007929,177.0000000000,2.9385006287,177,1,2026-06-28 02:00:00
5356,14.6639288159,2011-10-29,2011-10-29 23:50:00,151072,3.5682600000,60129.2000000000,60.2348007929,177.0000000000,2.9385006287,177,1,2026-06-28 02:00:00
5355,14.6611909651,2011-10-30,2011-10-30 23:50:00,151181,3.2624975000,60129.2000000000,60.2348007929,177.0000000000,2.9385006287,177,1,2026-06-28 02:00:00
5354,14.6584531143,2011-10-31,2011-10-31 23:50:00,151313,3.2437483333,60129.2000000000,60.2348007929,177.0000000000,2.9385006287,177,1,2026-06-28 02:00:00
5353,14.6557152635,2011-11-01,2011-11-01 23:50:00,151464,3.1637620000,60129.2000000000,64.2518176733,176.0000000000,2.7392221166,176,1,2026-06-28 02:00:00
5352,14.6529774127,2011-11-02,2011-11-02 23:50:00,151617,3.2536933333,60129.2000000000,64.2518176733,176.0000000000,2.7392221166,176,1,2026-06-28 02:00:00
5351,14.6502395619,2011-11-03,2011-11-03 23:50:00,151742,3.1555000000,60129.2000000000,64.2518176733,176.0000000000,2.7392221166,176,1,2026-06-28 02:00:00
5350,14.6475017112,2011-11-04,2011-11-04 23:50:00,151890,3.0554500000,60129.2000000000,64.2518176733,176.0000000000,2.7392221166,176,1,2026-06-28 02:00:00
5349,14.6447638604,2011-11-05,2011-11-05 23:50:00,152032,2.9725050000,60129.2000000000,64.2518176733,176.0000000000,2.7392221166,176,1,2026-06-28 02:00:00
5348,14.6420260096,2011-11-06,2011-11-06 23:50:00,152180,2.9597720000,60129.2000000000,64.2518176733,176.0000000000,2.7392221166,176,1,2026-06-28 02:00:00
5347,14.6392881588,2011-11-07,2011-11-07 23:50:00,152311,3.0061166667,60129.2000000000,64.2518176733,176.0000000000,2.7392221166,176,1,2026-06-28 02:00:00
5346,14.6365503080,2011-11-08,2011-11-08 23:50:00,152460,3.0456833333,60129.2000000000,64.2518176733,176.0000000000,2.7392221166,176,1,2026-06-28 02:00:00
5345,14.6338124572,2011-11-09,2011-11-09 23:50:00,152621,2.9482128571,60129.2000000000,64.2518176733,176.0000000000,2.7392221166,176,1,2026-06-28 02:00:00
5344,14.6310746064,2011-11-10,2011-11-10 23:50:00,152762,2.8477188462,60129.2000000000,64.2518176733,176.0000000000,2.7392221166,176,1,2026-06-28 02:00:00
5343,14.6283367556,2011-11-11,2011-11-11 23:50:00,152881,3.0735269231,60129.2000000000,64.2518176733,176.0000000000,2.7392221166,176,1,2026-06-28 02:00:00
5342,14.6255989049,2011-11-12,2011-11-12 23:50:00,153024,3.0309900000,60129.2000000000,64.2518176733,176.0000000000,2.7392221166,176,1,2026-06-28 02:00:00
5341,14.6228610541,2011-11-13,2011-11-13 23:50:00,153169,2.9959900000,60129.2000000000,64.2518176733,176.0000000000,2.7392221166,176,1,2026-06-28 02:00:00
5340,14.6201232033,2011-11-14,2011-11-14 23:50:00,153311,2.1422394872,60129.2000000000,64.2518176733,176.0000000000,2.7392221166,176,1,2026-06-28 02:00:00
5339,14.6173853525,2011-11-15,2011-11-15 23:50:00,153477,2.3244861973,60129.2000000000,64.2518176733,176.0000000000,2.7392221166,176,1,2026-06-28 02:00:00
5338,14.6146475017,2011-11-16,2011-11-16 23:50:00,153612,2.5678744444,60129.2000000000,64.2518176733,176.0000000000,2.7392221166,176,1,2026-06-28 02:00:00
5337,14.6119096509,2011-11-17,2011-11-17 23:50:00,153751,2.2500000000,60129.2000000000,64.2518176733,176.0000000000,2.7392221166,176,1,2026-06-28 02:00:00
5336,14.6091718001,2011-11-18,2011-11-18 23:50:00,153884,2.0510271429,60129.2000000000,64.2518176733,176.0000000000,2.7392221166,176,1,2026-06-28 02:00:00
5335,14.6064339493,2011-11-19,2011-11-19 23:50:00,154007,2.1994325000,60129.2000000000,64.2518176733,176.0000000000,2.7392221166,176,1,2026-06-28 02:00:00
5334,14.6036960986,2011-11-20,2011-11-20 23:50:00,154148,2.1998700000,60129.2000000000,64.2518176733,176.0000000000,2.7392221166,176,1,2026-06-28 02:00:00
5333,14.6009582478,2011-11-21,2011-11-21 23:50:00,154267,2.2893600000,60129.2000000000,64.2518176733,176.0000000000,2.7392221166,176,1,2026-06-28 02:00:00
5332,14.5982203970,2011-11-22,2011-11-22 23:50:00,154408,2.3269550000,60129.2000000000,64.2518176733,176.0000000000,2.7392221166,176,1,2026-06-28 02:00:00
5331,14.5954825462,2011-11-23,2011-11-23 23:50:00,154542,2.3320550000,60129.2000000000,64.2518176733,176.0000000000,2.7392221166,176,1,2026-06-28 02:00:00
5330,14.5927446954,2011-11-24,2011-11-24 23:50:00,154655,2.4276278261,60129.2000000000,64.2518176733,176.0000000000,2.7392221166,176,1,2026-06-28 02:00:00
5329,14.5900068446,2011-11-25,2011-11-25 23:50:00,154790,2.4933128571,60129.2000000000,64.2518176733,176.0000000000,2.7392221166,176,1,2026-06-28 02:00:00
5328,14.5872689938,2011-11-26,2011-11-26 23:50:00,154908,2.4700300000,60129.2000000000,64.2518176733,176.0000000000,2.7392221166,176,1,2026-06-28 02:00:00
5327,14.5845311431,2011-11-27,2011-11-27 23:50:00,155024,2.4769754545,60129.2000000000,64.2518176733,176.0000000000,2.7392221166,176,1,2026-06-28 02:00:00
5326,14.5817932923,2011-11-28,2011-11-28 23:50:00,155151,2.5472952941,60129.2000000000,64.2518176733,176.0000000000,2.7392221166,176,1,2026-06-28 02:00:00
5325,14.5790554415,2011-11-29,2011-11-29 23:50:00,155289,2.7501950000,60129.2000000000,64.2518176733,176.0000000000,2.7392221166,176,1,2026-06-28 02:00:00
5324,14.5763175907,2011-11-30,2011-11-30 23:50:00,155447,2.9443100000,60129.2000000000,64.2518176733,176.0000000000,2.7392221166,176,1,2026-06-28 02:00:00
5323,14.5735797399,2011-12-01,2011-12-01 23:50:00,155633,3.0683995833,60129.2000000000,72.2202612850,175.0000000000,2.4231427149,175,1,2026-06-28 02:00:00
5322,14.5708418891,2011-12-02,2011-12-02 23:50:00,155779,3.1109315385,60129.2000000000,72.2202612850,175.0000000000,2.4231427149,175,1,2026-06-28 02:00:00
5321,14.5681040383,2011-12-03,2011-12-03 23:50:00,155930,2.7837090244,60129.2000000000,72.2202612850,175.0000000000,2.4231427149,175,1,2026-06-28 02:00:00
5320,14.5653661875,2011-12-04,2011-12-04 23:50:00,156066,2.8280966667,60129.2000000000,72.2202612850,175.0000000000,2.4231427149,175,1,2026-06-28 02:00:00
5319,14.5626283368,2011-12-05,2011-12-05 23:50:00,156223,2.8510700000,60129.2000000000,72.2202612850,175.0000000000,2.4231427149,175,1,2026-06-28 02:00:00
5318,14.5598904860,2011-12-06,2011-12-06 23:50:00,156395,3.0335100000,60129.2000000000,72.2202612850,175.0000000000,2.4231427149,175,1,2026-06-28 02:00:00
5317,14.5571526352,2011-12-07,2011-12-07 23:50:00,156533,2.9737285714,60129.2000000000,72.2202612850,175.0000000000,2.4231427149,175,1,2026-06-28 02:00:00
5316,14.5544147844,2011-12-08,2011-12-08 23:50:00,156697,2.9887140000,60129.2000000000,72.2202612850,175.0000000000,2.4231427149,175,1,2026-06-28 02:00:00
5315,14.5516769336,2011-12-09,2011-12-09 23:50:00,156843,2.9622850000,60129.2000000000,72.2202612850,175.0000000000,2.4231427149,175,1,2026-06-28 02:00:00
5314,14.5489390828,2011-12-10,2011-12-10 23:50:00,156989,3.0543762500,60129.2000000000,72.2202612850,175.0000000000,2.4231427149,175,1,2026-06-28 02:00:00
5313,14.5462012320,2011-12-11,2011-12-11 23:50:00,157140,3.2508912500,60129.2000000000,72.2202612850,175.0000000000,2.4231427149,175,1,2026-06-28 02:00:00
5312,14.5434633812,2011-12-12,2011-12-12 23:50:00,157267,3.1458730000,60129.2000000000,72.2202612850,175.0000000000,2.4231427149,175,1,2026-06-28 02:00:00
5311,14.5407255305,2011-12-13,2011-12-13 23:50:00,157400,3.2499000000,60129.2000000000,72.2202612850,175.0000000000,2.4231427149,175,1,2026-06-28 02:00:00
5310,14.5379876797,2011-12-14,2011-12-14 23:50:00,157553,3.1476677778,60129.2000000000,72.2202612850,175.0000000000,2.4231427149,175,1,2026-06-28 02:00:00
5309,14.5352498289,2011-12-15,2011-12-15 23:50:00,157665,3.2019916667,60129.2000000000,72.2202612850,175.0000000000,2.4231427149,175,1,2026-06-28 02:00:00
5308,14.5325119781,2011-12-16,2011-12-16 23:50:00,157783,3.2065950000,60129.2000000000,72.2202612850,175.0000000000,2.4231427149,175,1,2026-06-28 02:00:00
5307,14.5297741273,2011-12-17,2011-12-17 23:50:00,157932,3.2000233333,60129.2000000000,72.2202612850,175.0000000000,2.4231427149,175,1,2026-06-28 02:00:00
5306,14.5270362765,2011-12-18,2011-12-18 23:50:00,158077,3.1925050000,60129.2000000000,72.2202612850,175.0000000000,2.4231427149,175,1,2026-06-28 02:00:00
5305,14.5242984257,2011-12-19,2011-12-19 23:50:00,158235,3.5238750000,60129.2000000000,72.2202612850,175.0000000000,2.4231427149,175,1,2026-06-28 02:00:00
5304,14.5215605749,2011-12-20,2011-12-20 23:50:00,158368,3.9810724242,60129.2000000000,72.2202612850,175.0000000000,2.4231427149,175,1,2026-06-28 02:00:00
5303,14.5188227242,2011-12-21,2011-12-21 23:50:00,158517,3.8821000000,60129.2000000000,72.2202612850,175.0000000000,2.4231427149,175,1,2026-06-28 02:00:00
5302,14.5160848734,2011-12-22,2011-12-22 23:50:00,158667,3.9082362500,60129.2000000000,72.2202612850,175.0000000000,2.4231427149,175,1,2026-06-28 02:00:00
5301,14.5133470226,2011-12-23,2011-12-23 23:50:00,158808,3.9467800000,60129.2000000000,72.2202612850,175.0000000000,2.4231427149,175,1,2026-06-28 02:00:00
5300,14.5106091718,2011-12-24,2011-12-24 23:50:00,158954,3.9400000000,60129.2000000000,72.2202612850,175.0000000000,2.4231427149,175,1,2026-06-28 02:00:00
5299,14.5078713210,2011-12-25,2011-12-25 23:50:00,159125,4.2250000000,60129.2000000000,72.2202612850,175.0000000000,2.4231427149,175,1,2026-06-28 02:00:00
5298,14.5051334702,2011-12-26,2011-12-26 23:50:00,159305,4.0115994118,60129.2000000000,72.2202612850,175.0000000000,2.4231427149,175,1,2026-06-28 02:00:00
5297,14.5023956194,2011-12-27,2011-12-27 23:50:00,159449,4.1077450000,60129.2000000000,72.2202612850,175.0000000000,2.4231427149,175,1,2026-06-28 02:00:00
5296,14.4996577687,2011-12-28,2011-12-28 23:50:00,159603,4.1839014793,60129.2000000000,72.2202612850,175.0000000000,2.4231427149,175,1,2026-06-28 02:00:00
5295,14.4969199179,2011-12-29,2011-12-29 23:50:00,159742,4.1665666667,60129.2000000000,72.2202612850,175.0000000000,2.4231427149,175,1,2026-06-28 02:00:00
5294,14.4941820671,2011-12-30,2011-12-30 23:50:00,159882,4.2478428571,60129.2000000000,72.2202612850,175.0000000000,2.4231427149,175,1,2026-06-28 02:00:00
5293,14.4914442163,2011-12-31,2011-12-31 23:50:00,160035,4.7216290909,60129.2000000000,72.2202612850,175.0000000000,2.4231427149,175,1,2026-06-28 02:00:00
5292,14.4887063655,2012-01-01,2012-01-01 23:50:00,160187,5.2783990909,60129.2000000000,82.9661872920,174.0000000000,2.0972399200,174,1,2026-06-28 02:00:00
5291,14.4859685147,2012-01-02,2012-01-02 23:50:00,160340,5.2167800000,60129.2000000000,82.9661872920,174.0000000000,2.0972399200,174,1,2026-06-28 02:00:00
5290,14.4832306639,2012-01-03,2012-01-03 23:50:00,160499,4.8834277778,60129.2000000000,82.9661872920,174.0000000000,2.0972399200,174,1,2026-06-28 02:00:00
5289,14.4804928131,2012-01-04,2012-01-04 23:50:00,160647,5.5874900000,60129.2000000000,82.9661872920,174.0000000000,2.0972399200,174,1,2026-06-28 02:00:00
5288,14.4777549624,2012-01-05,2012-01-05 23:50:00,160794,6.9829248148,60129.2000000000,82.9661872920,174.0000000000,2.0972399200,174,1,2026-06-28 02:00:00
5287,14.4750171116,2012-01-06,2012-01-06 23:50:00,160965,6.6968633333,60129.2000000000,82.9661872920,174.0000000000,2.0972399200,174,1,2026-06-28 02:00:00
5286,14.4722792608,2012-01-07,2012-01-07 23:50:00,161150,6.8116566667,60129.2000000000,82.9661872920,174.0000000000,2.0972399200,174,1,2026-06-28 02:00:00
5285,14.4695414100,2012-01-08,2012-01-08 23:50:00,161312,7.1300907692,60129.2000000000,82.9661872920,174.0000000000,2.0972399200,174,1,2026-06-28 02:00:00
5284,14.4668035592,2012-01-09,2012-01-09 23:50:00,161477,6.3162950000,60129.2000000000,82.9661872920,174.0000000000,2.0972399200,174,1,2026-06-28 02:00:00
5283,14.4640657084,2012-01-10,2012-01-10 23:50:00,161616,6.4496876000,60129.2000000000,82.9661872920,174.0000000000,2.0972399200,174,1,2026-06-28 02:00:00
5282,14.4613278576,2012-01-11,2012-01-11 23:50:00,161770,6.8999666667,60129.2000000000,82.9661872920,174.0000000000,2.0972399200,174,1,2026-06-28 02:00:00
5281,14.4585900068,2012-01-12,2012-01-12 23:50:00,161926,6.7978466667,60129.2000000000,82.9661872920,174.0000000000,2.0972399200,174,1,2026-06-28 02:00:00
5280,14.4558521561,2012-01-13,2012-01-13 23:50:00,162066,6.4135020743,60129.2000000000,82.9661872920,174.0000000000,2.0972399200,174,1,2026-06-28 02:00:00
5279,14.4531143053,2012-01-14,2012-01-14 23:50:00,162214,6.7500150000,60129.2000000000,82.9661872920,174.0000000000,2.0972399200,174,1,2026-06-28 02:00:00
5278,14.4503764545,2012-01-15,2012-01-15 23:50:00,162354,7.0275609091,60129.2000000000,82.9661872920,174.0000000000,2.0972399200,174,1,2026-06-28 02:00:00
5277,14.4476386037,2012-01-16,2012-01-16 23:50:00,162528,6.6484619048,60129.2000000000,82.9661872920,174.0000000000,2.0972399200,174,1,2026-06-28 02:00:00
5276,14.4449007529,2012-01-17,2012-01-17 23:50:00,162687,5.5673076087,60129.2000000000,82.9661872920,174.0000000000,2.0972399200,174,1,2026-06-28 02:00:00
5275,14.4421629021,2012-01-18,2012-01-18 23:50:00,162814,5.9170500000,60129.2000000000,82.9661872920,174.0000000000,2.0972399200,174,1,2026-06-28 02:00:00
5274,14.4394250513,2012-01-19,2012-01-19 23:50:00,162964,6.3543171429,60129.2000000000,82.9661872920,174.0000000000,2.0972399200,174,1,2026-06-28 02:00:00
5273,14.4366872005,2012-01-20,2012-01-20 23:50:00,163109,6.3728600000,60129.2000000000,82.9661872920,174.0000000000,2.0972399200,174,1,2026-06-28 02:00:00
5272,14.4339493498,2012-01-21,2012-01-21 23:50:00,163273,6.1658640000,60129.2000000000,82.9661872920,174.0000000000,2.0972399200,174,1,2026-06-28 02:00:00
5271,14.4312114990,2012-01-22,2012-01-22 23:50:00,163409,6.3065940000,60129.2000000000,82.9661872920,174.0000000000,2.0972399200,174,1,2026-06-28 02:00:00
5270,14.4284736482,2012-01-23,2012-01-23 23:50:00,163580,6.3431115789,60129.2000000000,82.9661872920,174.0000000000,2.0972399200,174,1,2026-06-28 02:00:00
5269,14.4257357974,2012-01-24,2012-01-24 23:50:00,163719,6.2675833333,60129.2000000000,82.9661872920,174.0000000000,2.0972399200,174,1,2026-06-28 02:00:00
5268,14.4229979466,2012-01-25,2012-01-25 23:50:00,163867,5.7952094444,60129.2000000000,82.9661872920,174.0000000000,2.0972399200,174,1,2026-06-28 02:00:00
5267,14.4202600958,2012-01-26,2012-01-26 23:50:00,164005,5.3350370588,60129.2000000000,82.9661872920,174.0000000000,2.0972399200,174,1,2026-06-28 02:00:00
5266,14.4175222450,2012-01-27,2012-01-27 23:50:00,164145,5.2883071429,60129.2000000000,82.9661872920,174.0000000000,2.0972399200,174,1,2026-06-28 02:00:00
5265,14.4147843943,2012-01-28,2012-01-28 23:50:00,164291,5.6305344444,60129.2000000000,82.9661872920,174.0000000000,2.0972399200,174,1,2026-06-28 02:00:00
5264,14.4120465435,2012-01-29,2012-01-29 23:50:00,164456,5.3877700000,60129.2000000000,82.9661872920,174.0000000000,2.0972399200,174,1,2026-06-28 02:00:00
5263,14.4093086927,2012-01-30,2012-01-30 23:50:00,164629,5.4904666667,60129.2000000000,82.9661872920,174.0000000000,2.0972399200,174,1,2026-06-28 02:00:00
5262,14.4065708419,2012-01-31,2012-01-31 23:50:00,164779,5.4956314286,60129.2000000000,82.9661872920,174.0000000000,2.0972399200,174,1,2026-06-28 02:00:00
5261,14.4038329911,2012-02-01,2012-02-01 23:50:00,164920,6.0743912500,60129.2000000000,90.6809096028,173.0000000000,1.9077885385,173,1,2026-06-28 02:00:00
5260,14.4010951403,2012-02-02,2012-02-02 23:50:00,165080,6.1000666667,60129.2000000000,90.6809096028,173.0000000000,1.9077885385,173,1,2026-06-28 02:00:00
5259,14.3983572895,2012-02-03,2012-02-03 23:50:00,165238,5.9546500000,60129.2000000000,90.6809096028,173.0000000000,1.9077885385,173,1,2026-06-28 02:00:00
5258,14.3956194387,2012-02-04,2012-02-04 23:50:00,165394,5.8728450000,60129.2000000000,90.6809096028,173.0000000000,1.9077885385,173,1,2026-06-28 02:00:00
5257,14.3928815880,2012-02-05,2012-02-05 23:50:00,165537,5.6843966667,60129.2000000000,90.6809096028,173.0000000000,1.9077885385,173,1,2026-06-28 02:00:00
5256,14.3901437372,2012-02-06,2012-02-06 23:50:00,165683,5.4898200000,60129.2000000000,90.6809096028,173.0000000000,1.9077885385,173,1,2026-06-28 02:00:00
5255,14.3874058864,2012-02-07,2012-02-07 23:50:00,165819,5.6330377778,60129.2000000000,90.6809096028,173.0000000000,1.9077885385,173,1,2026-06-28 02:00:00
5254,14.3846680356,2012-02-08,2012-02-08 23:50:00,165965,5.5999800000,60129.2000000000,90.6809096028,173.0000000000,1.9077885385,173,1,2026-06-28 02:00:00
5253,14.3819301848,2012-02-09,2012-02-09 23:50:00,166108,5.8396154310,60129.2000000000,90.6809096028,173.0000000000,1.9077885385,173,1,2026-06-28 02:00:00
5252,14.3791923340,2012-02-10,2012-02-10 23:50:00,166247,5.9169264000,60129.2000000000,90.6809096028,173.0000000000,1.9077885385,173,1,2026-06-28 02:00:00
5251,14.3764544832,2012-02-11,2012-02-11 23:50:00,166397,5.6005000000,60129.2000000000,90.6809096028,173.0000000000,1.9077885385,173,1,2026-06-28 02:00:00
5250,14.3737166324,2012-02-12,2012-02-12 23:50:00,166555,5.5146800000,60129.2000000000,90.6809096028,173.0000000000,1.9077885385,173,1,2026-06-28 02:00:00
5249,14.3709787817,2012-02-13,2012-02-13 23:50:00,166693,5.2851921875,60129.2000000000,90.6809096028,173.0000000000,1.9077885385,173,1,2026-06-28 02:00:00
5248,14.3682409309,2012-02-14,2012-02-14 23:50:00,166828,4.4333818182,60129.2000000000,90.6809096028,173.0000000000,1.9077885385,173,1,2026-06-28 02:00:00
5247,14.3655030801,2012-02-15,2012-02-15 23:50:00,166965,4.2717454545,60129.2000000000,90.6809096028,173.0000000000,1.9077885385,173,1,2026-06-28 02:00:00
5246,14.3627652293,2012-02-16,2012-02-16 23:50:00,167103,4.2694500000,60129.2000000000,90.6809096028,173.0000000000,1.9077885385,173,1,2026-06-28 02:00:00
5245,14.3600273785,2012-02-17,2012-02-17 23:50:00,167253,4.3962100000,60129.2000000000,90.6809096028,173.0000000000,1.9077885385,173,1,2026-06-28 02:00:00
5244,14.3572895277,2012-02-18,2012-02-18 23:50:00,167426,4.2372890909,60129.2000000000,90.6809096028,173.0000000000,1.9077885385,173,1,2026-06-28 02:00:00
5243,14.3545516769,2012-02-19,2012-02-19 23:50:00,167584,4.3784025000,60129.2000000000,90.6809096028,173.0000000000,1.9077885385,173,1,2026-06-28 02:00:00
5242,14.3518138261,2012-02-20,2012-02-20 23:50:00,167723,4.3729900000,60129.2000000000,90.6809096028,173.0000000000,1.9077885385,173,1,2026-06-28 02:00:00
5241,14.3490759754,2012-02-21,2012-02-21 23:50:00,167850,4.3025400000,60129.2000000000,90.6809096028,173.0000000000,1.9077885385,173,1,2026-06-28 02:00:00
5240,14.3463381246,2012-02-22,2012-02-22 23:50:00,168010,4.4466458333,60129.2000000000,90.6809096028,173.0000000000,1.9077885385,173,1,2026-06-28 02:00:00
5239,14.3436002738,2012-02-23,2012-02-23 23:50:00,168177,5.0195252000,60129.2000000000,90.6809096028,173.0000000000,1.9077885385,173,1,2026-06-28 02:00:00
5238,14.3408624230,2012-02-24,2012-02-24 23:50:00,168325,5.0292012500,60129.2000000000,90.6809096028,173.0000000000,1.9077885385,173,1,2026-06-28 02:00:00
5237,14.3381245722,2012-02-25,2012-02-25 23:50:00,168492,4.7802454545,60129.2000000000,90.6809096028,173.0000000000,1.9077885385,173,1,2026-06-28 02:00:00
5236,14.3353867214,2012-02-26,2012-02-26 23:50:00,168640,4.9259825000,60129.2000000000,90.6809096028,173.0000000000,1.9077885385,173,1,2026-06-28 02:00:00
5235,14.3326488706,2012-02-27,2012-02-27 23:50:00,168796,4.9599880000,60129.2000000000,90.6809096028,173.0000000000,1.9077885385,173,1,2026-06-28 02:00:00
5234,14.3299110198,2012-02-28,2012-02-28 23:50:00,168955,4.8627550000,60129.2000000000,90.6809096028,173.0000000000,1.9077885385,173,1,2026-06-28 02:00:00
5233,14.3271731691,2012-02-29,2012-02-29 23:50:00,169133,4.8600070833,60129.2000000000,90.6809096028,173.0000000000,1.9077885385,173,1,2026-06-28 02:00:00
5232,14.3244353183,2012-03-01,2012-03-01 23:50:00,169285,4.9213300000,60129.2000000000,98.6712092492,172.0000000000,1.7431629886,172,1,2026-06-28 02:00:00
5231,14.3216974675,2012-03-02,2012-03-02 23:50:00,169419,4.7167414286,60129.2000000000,98.6712092492,172.0000000000,1.7431629886,172,1,2026-06-28 02:00:00
5230,14.3189596167,2012-03-03,2012-03-03 23:50:00,169533,4.6179614286,60129.2000000000,98.6712092492,172.0000000000,1.7431629886,172,1,2026-06-28 02:00:00
5229,14.3162217659,2012-03-04,2012-03-04 23:50:00,169667,4.8255933333,60129.2000000000,98.6712092492,172.0000000000,1.7431629886,172,1,2026-06-28 02:00:00
5228,14.3134839151,2012-03-05,2012-03-05 23:50:00,169815,4.9781014286,60129.2000000000,98.6712092492,172.0000000000,1.7431629886,172,1,2026-06-28 02:00:00
5227,14.3107460643,2012-03-06,2012-03-06 23:50:00,169950,4.9941958333,60129.2000000000,98.6712092492,172.0000000000,1.7431629886,172,1,2026-06-28 02:00:00
5226,14.3080082136,2012-03-07,2012-03-07 23:50:00,170105,4.9224075000,60129.2000000000,98.6712092492,172.0000000000,1.7431629886,172,1,2026-06-28 02:00:00
5225,14.3052703628,2012-03-08,2012-03-08 23:50:00,170260,4.9301600000,60129.2000000000,98.6712092492,172.0000000000,1.7431629886,172,1,2026-06-28 02:00:00
5224,14.3025325120,2012-03-09,2012-03-09 23:50:00,170426,4.8621080000,60129.2000000000,98.6712092492,172.0000000000,1.7431629886,172,1,2026-06-28 02:00:00
5223,14.2997946612,2012-03-10,2012-03-10 23:50:00,170594,4.4600000000,60129.2000000000,98.6712092492,172.0000000000,1.7431629886,172,1,2026-06-28 02:00:00
5222,14.2970568104,2012-03-11,2012-03-11 23:50:00,170726,4.8823115385,60129.2000000000,98.6712092492,172.0000000000,1.7431629886,172,1,2026-06-28 02:00:00
5221,14.2943189596,2012-03-12,2012-03-12 23:50:00,170895,4.9033666667,60129.2000000000,98.6712092492,172.0000000000,1.7431629886,172,1,2026-06-28 02:00:00
5220,14.2915811088,2012-03-13,2012-03-13 23:50:00,171049,5.2749780000,60129.2000000000,98.6712092492,172.0000000000,1.7431629886,172,1,2026-06-28 02:00:00
5219,14.2888432580,2012-03-14,2012-03-14 23:50:00,171191,5.3866650000,60129.2000000000,98.6712092492,172.0000000000,1.7431629886,172,1,2026-06-28 02:00:00
5218,14.2861054073,2012-03-15,2012-03-15 23:50:00,171312,5.1978150000,60129.2000000000,98.6712092492,172.0000000000,1.7431629886,172,1,2026-06-28 02:00:00
5217,14.2833675565,2012-03-16,2012-03-16 23:50:00,171466,5.3437400000,60129.2000000000,98.6712092492,172.0000000000,1.7431629886,172,1,2026-06-28 02:00:00
5216,14.2806297057,2012-03-17,2012-03-17 23:50:00,171635,5.1806025000,60129.2000000000,98.6712092492,172.0000000000,1.7431629886,172,1,2026-06-28 02:00:00
5215,14.2778918549,2012-03-18,2012-03-18 23:50:00,171796,5.2796833333,60129.2000000000,98.6712092492,172.0000000000,1.7431629886,172,1,2026-06-28 02:00:00
5214,14.2751540041,2012-03-19,2012-03-19 23:50:00,171939,4.6945440000,60129.2000000000,98.6712092492,172.0000000000,1.7431629886,172,1,2026-06-28 02:00:00
5213,14.2724161533,2012-03-20,2012-03-20 23:50:00,172099,4.8374558333,60129.2000000000,98.6712092492,172.0000000000,1.7431629886,172,1,2026-06-28 02:00:00
5212,14.2696783025,2012-03-21,2012-03-21 23:50:00,172255,4.8040300000,60129.2000000000,98.6712092492,172.0000000000,1.7431629886,172,1,2026-06-28 02:00:00
5211,14.2669404517,2012-03-22,2012-03-22 23:50:00,172412,4.7301400000,60129.2000000000,98.6712092492,172.0000000000,1.7431629886,172,1,2026-06-28 02:00:00
5210,14.2642026010,2012-03-23,2012-03-23 23:50:00,172541,4.6752433333,60129.2000000000,98.6712092492,172.0000000000,1.7431629886,172,1,2026-06-28 02:00:00
5209,14.2614647502,2012-03-24,2012-03-24 23:50:00,172724,4.6669600000,60129.2000000000,98.6712092492,172.0000000000,1.7431629886,172,1,2026-06-28 02:00:00
5208,14.2587268994,2012-03-25,2012-03-25 23:50:00,172880,4.5500100000,60129.2000000000,98.6712092492,172.0000000000,1.7431629886,172,1,2026-06-28 02:00:00
5207,14.2559890486,2012-03-26,2012-03-26 23:50:00,173033,4.6213383333,60129.2000000000,98.6712092492,172.0000000000,1.7431629886,172,1,2026-06-28 02:00:00
5206,14.2532511978,2012-03-27,2012-03-27 23:50:00,173188,4.8102915379,60129.2000000000,98.6712092492,172.0000000000,1.7431629886,172,1,2026-06-28 02:00:00
5205,14.2505133470,2012-03-28,2012-03-28 23:50:00,173335,4.8102475000,60129.2000000000,98.6712092492,172.0000000000,1.7431629886,172,1,2026-06-28 02:00:00
5204,14.2477754962,2012-03-29,2012-03-29 23:50:00,173478,4.7565413636,60129.2000000000,98.6712092492,172.0000000000,1.7431629886,172,1,2026-06-28 02:00:00
5203,14.2450376454,2012-03-30,2012-03-30 23:50:00,173633,4.8591425000,60129.2000000000,98.6712092492,172.0000000000,1.7431629886,172,1,2026-06-28 02:00:00
5202,14.2422997947,2012-03-31,2012-03-31 23:50:00,173803,4.8943925000,60129.2000000000,98.6712092492,172.0000000000,1.7431629886,172,1,2026-06-28 02:00:00
5201,14.2395619439,2012-04-01,2012-04-01 23:50:00,173944,4.8207050000,60129.2000000000,111.0414208703,171.0000000000,1.5399658853,171,1,2026-06-28 02:00:00
5200,14.2368240931,2012-04-02,2012-04-02 23:50:00,174061,4.9808360000,60129.2000000000,111.0414208703,171.0000000000,1.5399658853,171,1,2026-06-28 02:00:00
5199,14.2340862423,2012-04-03,2012-04-03 23:50:00,174195,4.9520000000,60129.2000000000,111.0414208703,171.0000000000,1.5399658853,171,1,2026-06-28 02:00:00
5198,14.2313483915,2012-04-04,2012-04-04 23:50:00,174331,4.9200666667,60129.2000000000,111.0414208703,171.0000000000,1.5399658853,171,1,2026-06-28 02:00:00
5197,14.2286105407,2012-04-05,2012-04-05 23:50:00,174449,4.9190000000,60129.2000000000,111.0414208703,171.0000000000,1.5399658853,171,1,2026-06-28 02:00:00
5196,14.2258726899,2012-04-06,2012-04-06 23:50:00,174583,4.9333922222,60129.2000000000,111.0414208703,171.0000000000,1.5399658853,171,1,2026-06-28 02:00:00
5195,14.2231348392,2012-04-07,2012-04-07 23:50:00,174713,4.6816784615,60129.2000000000,111.0414208703,171.0000000000,1.5399658853,171,1,2026-06-28 02:00:00
5194,14.2203969884,2012-04-08,2012-04-08 23:50:00,174864,4.7945000000,60129.2000000000,111.0414208703,171.0000000000,1.5399658853,171,1,2026-06-28 02:00:00
5193,14.2176591376,2012-04-09,2012-04-09 23:50:00,175010,4.8506814286,60129.2000000000,111.0414208703,171.0000000000,1.5399658853,171,1,2026-06-28 02:00:00
5192,14.2149212868,2012-04-10,2012-04-10 23:50:00,175153,4.8336466667,60129.2000000000,111.0414208703,171.0000000000,1.5399658853,171,1,2026-06-28 02:00:00
5191,14.2121834360,2012-04-11,2012-04-11 23:50:00,175298,4.9281016667,60129.2000000000,111.0414208703,171.0000000000,1.5399658853,171,1,2026-06-28 02:00:00
5190,14.2094455852,2012-04-12,2012-04-12 23:50:00,175424,4.9006087500,60129.2000000000,111.0414208703,171.0000000000,1.5399658853,171,1,2026-06-28 02:00:00
5189,14.2067077344,2012-04-13,2012-04-13 23:50:00,175548,4.9364947059,60129.2000000000,111.0414208703,171.0000000000,1.5399658853,171,1,2026-06-28 02:00:00
5188,14.2039698836,2012-04-14,2012-04-14 23:50:00,175687,4.9638100000,60129.2000000000,111.0414208703,171.0000000000,1.5399658853,171,1,2026-06-28 02:00:00
5187,14.2012320329,2012-04-15,2012-04-15 23:50:00,175793,4.9689258333,60129.2000000000,111.0414208703,171.0000000000,1.5399658853,171,1,2026-06-28 02:00:00
5186,14.1984941821,2012-04-16,2012-04-16 23:50:00,175943,4.9457300000,60129.2000000000,111.0414208703,171.0000000000,1.5399658853,171,1,2026-06-28 02:00:00
5185,14.1957563313,2012-04-17,2012-04-17 23:50:00,176078,4.9740271429,60129.2000000000,111.0414208703,171.0000000000,1.5399658853,171,1,2026-06-28 02:00:00
5184,14.1930184805,2012-04-18,2012-04-18 23:50:00,176209,5.1133000000,60129.2000000000,111.0414208703,171.0000000000,1.5399658853,171,1,2026-06-28 02:00:00
5183,14.1902806297,2012-04-19,2012-04-19 23:50:00,176365,5.1059575000,60129.2000000000,111.0414208703,171.0000000000,1.5399658853,171,1,2026-06-28 02:00:00
5182,14.1875427789,2012-04-20,2012-04-20 23:50:00,176519,5.3676220000,60129.2000000000,111.0414208703,171.0000000000,1.5399658853,171,1,2026-06-28 02:00:00
5181,14.1848049281,2012-04-21,2012-04-21 23:50:00,176673,5.2347825000,60129.2000000000,111.0414208703,171.0000000000,1.5399658853,171,1,2026-06-28 02:00:00
5180,14.1820670773,2012-04-22,2012-04-22 23:50:00,176813,5.2035166667,60129.2000000000,111.0414208703,171.0000000000,1.5399658853,171,1,2026-06-28 02:00:00
5179,14.1793292266,2012-04-23,2012-04-23 23:50:00,176949,4.9993401395,60129.2000000000,111.0414208703,171.0000000000,1.5399658853,171,1,2026-06-28 02:00:00
5178,14.1765913758,2012-04-24,2012-04-24 23:50:00,177087,5.0982200000,60129.2000000000,111.0414208703,171.0000000000,1.5399658853,171,1,2026-06-28 02:00:00
5177,14.1738535250,2012-04-25,2012-04-25 23:50:00,177213,5.1318200000,60129.2000000000,111.0414208703,171.0000000000,1.5399658853,171,1,2026-06-28 02:00:00
5176,14.1711156742,2012-04-26,2012-04-26 23:50:00,177368,5.0976550000,60129.2000000000,111.0414208703,171.0000000000,1.5399658853,171,1,2026-06-28 02:00:00
5175,14.1683778234,2012-04-27,2012-04-27 23:50:00,177502,5.1044901961,60129.2000000000,111.0414208703,171.0000000000,1.5399658853,171,1,2026-06-28 02:00:00
5174,14.1656399726,2012-04-28,2012-04-28 23:50:00,177656,4.9793000000,60129.2000000000,111.0414208703,171.0000000000,1.5399658853,171,1,2026-06-28 02:00:00
5173,14.1629021218,2012-04-29,2012-04-29 23:50:00,177834,4.8874100000,60129.2000000000,111.0414208703,171.0000000000,1.5399658853,171,1,2026-06-28 02:00:00
5172,14.1601642710,2012-04-30,2012-04-30 23:50:00,178013,4.9366560000,60129.2000000000,111.0414208703,171.0000000000,1.5399658853,171,1,2026-06-28 02:00:00
5171,14.1574264203,2012-05-01,2012-05-01 23:50:00,178180,4.9975085714,60129.2000000000,127.5771190812,170.0000000000,1.3325273468,170,1,2026-06-28 02:00:00
5170,14.1546885695,2012-05-02,2012-05-02 23:50:00,178333,5.0313937500,60129.2000000000,127.5771190812,170.0000000000,1.3325273468,170,1,2026-06-28 02:00:00
5169,14.1519507187,2012-05-03,2012-05-03 23:50:00,178491,5.1007825000,60129.2000000000,127.5771190812,170.0000000000,1.3325273468,170,1,2026-06-28 02:00:00
5168,14.1492128679,2012-05-04,2012-05-04 23:50:00,178652,5.0675050000,60129.2000000000,127.5771190812,170.0000000000,1.3325273468,170,1,2026-06-28 02:00:00
5167,14.1464750171,2012-05-05,2012-05-05 23:50:00,178819,5.0766175000,60129.2000000000,127.5771190812,170.0000000000,1.3325273468,170,1,2026-06-28 02:00:00
5166,14.1437371663,2012-05-06,2012-05-06 23:50:00,178982,5.0499100000,60129.2000000000,127.5771190812,170.0000000000,1.3325273468,170,1,2026-06-28 02:00:00
5165,14.1409993155,2012-05-07,2012-05-07 23:50:00,179153,5.0737950000,60129.2000000000,127.5771190812,170.0000000000,1.3325273468,170,1,2026-06-28 02:00:00
5164,14.1382614648,2012-05-08,2012-05-08 23:50:00,179327,5.0449400000,60129.2000000000,127.5771190812,170.0000000000,1.3325273468,170,1,2026-06-28 02:00:00
5163,14.1355236140,2012-05-09,2012-05-09 23:50:00,179493,4.9818500000,60129.2000000000,127.5771190812,170.0000000000,1.3325273468,170,1,2026-06-28 02:00:00
5162,14.1327857632,2012-05-10,2012-05-10 23:50:00,179624,4.8639972368,60129.2000000000,127.5771190812,170.0000000000,1.3325273468,170,1,2026-06-28 02:00:00
5161,14.1300479124,2012-05-11,2012-05-11 23:50:00,179765,4.9537520000,60129.2000000000,127.5771190812,170.0000000000,1.3325273468,170,1,2026-06-28 02:00:00
5160,14.1273100616,2012-05-12,2012-05-12 23:50:00,179895,4.9461900000,60129.2000000000,127.5771190812,170.0000000000,1.3325273468,170,1,2026-06-28 02:00:00
5159,14.1245722108,2012-05-13,2012-05-13 23:50:00,180033,4.9299600000,60129.2000000000,127.5771190812,170.0000000000,1.3325273468,170,1,2026-06-28 02:00:00
5158,14.1218343600,2012-05-14,2012-05-14 23:50:00,180170,5.0079364286,60129.2000000000,127.5771190812,170.0000000000,1.3325273468,170,1,2026-06-28 02:00:00
5157,14.1190965092,2012-05-15,2012-05-15 23:50:00,180304,5.0350100000,60129.2000000000,127.5771190812,170.0000000000,1.3325273468,170,1,2026-06-28 02:00:00
5156,14.1163586585,2012-05-16,2012-05-16 23:50:00,180422,5.0524666667,60129.2000000000,127.5771190812,170.0000000000,1.3325273468,170,1,2026-06-28 02:00:00
5155,14.1136208077,2012-05-17,2012-05-17 23:50:00,180539,5.0884583333,60129.2000000000,127.5771190812,170.0000000000,1.3325273468,170,1,2026-06-28 02:00:00
5154,14.1108829569,2012-05-18,2012-05-18 23:50:00,180685,5.1180100000,60129.2000000000,127.5771190812,170.0000000000,1.3325273468,170,1,2026-06-28 02:00:00
5153,14.1081451061,2012-05-19,2012-05-19 23:50:00,180835,5.1096500000,60129.2000000000,127.5771190812,170.0000000000,1.3325273468,170,1,2026-06-28 02:00:00
5152,14.1054072553,2012-05-20,2012-05-20 23:50:00,180973,5.0900200000,60129.2000000000,127.5771190812,170.0000000000,1.3325273468,170,1,2026-06-28 02:00:00
5151,14.1026694045,2012-05-21,2012-05-21 23:50:00,181098,5.0897950000,60129.2000000000,127.5771190812,170.0000000000,1.3325273468,170,1,2026-06-28 02:00:00
5150,14.0999315537,2012-05-22,2012-05-22 23:50:00,181214,5.0830275000,60129.2000000000,127.5771190812,170.0000000000,1.3325273468,170,1,2026-06-28 02:00:00
5149,14.0971937029,2012-05-23,2012-05-23 23:50:00,181343,5.1323725000,60129.2000000000,127.5771190812,170.0000000000,1.3325273468,170,1,2026-06-28 02:00:00
5148,14.0944558522,2012-05-24,2012-05-24 23:50:00,181468,5.1190400000,60129.2000000000,127.5771190812,170.0000000000,1.3325273468,170,1,2026-06-28 02:00:00
5147,14.0917180014,2012-05-25,2012-05-25 23:50:00,181590,5.1355133333,60129.2000000000,127.5771190812,170.0000000000,1.3325273468,170,1,2026-06-28 02:00:00
5146,14.0889801506,2012-05-26,2012-05-26 23:50:00,181731,5.1032366667,60129.2000000000,127.5771190812,170.0000000000,1.3325273468,170,1,2026-06-28 02:00:00
5145,14.0862422998,2012-05-27,2012-05-27 23:50:00,181890,5.1044800000,60129.2000000000,127.5771190812,170.0000000000,1.3325273468,170,1,2026-06-28 02:00:00
5144,14.0835044490,2012-05-28,2012-05-28 23:50:00,182033,5.1358000000,60129.2000000000,127.5771190812,170.0000000000,1.3325273468,170,1,2026-06-28 02:00:00
5143,14.0807665982,2012-05-29,2012-05-29 23:50:00,182159,5.1499700000,60129.2000000000,127.5771190812,170.0000000000,1.3325273468,170,1,2026-06-28 02:00:00
5142,14.0780287474,2012-05-30,2012-05-30 23:50:00,182289,5.1349950000,60129.2000000000,127.5771190812,170.0000000000,1.3325273468,170,1,2026-06-28 02:00:00
5141,14.0752908966,2012-05-31,2012-05-31 23:50:00,182428,5.1918938462,60129.2000000000,127.5771190812,170.0000000000,1.3325273468,170,1,2026-06-28 02:00:00
5140,14.0725530459,2012-06-01,2012-06-01 23:50:00,182577,5.2570214286,60129.2000000000,149.2369084225,169.0000000000,1.1324276400,169,1,2026-06-28 02:00:00
5139,14.0698151951,2012-06-02,2012-06-02 23:50:00,182738,5.2489800000,60129.2000000000,149.2369084225,169.0000000000,1.1324276400,169,1,2026-06-28 02:00:00
5138,14.0670773443,2012-06-03,2012-06-03 23:50:00,182892,5.2073077778,60129.2000000000,149.2369084225,169.0000000000,1.1324276400,169,1,2026-06-28 02:00:00
5137,14.0643394935,2012-06-04,2012-06-04 23:50:00,183048,5.2595200000,60129.2000000000,149.2369084225,169.0000000000,1.1324276400,169,1,2026-06-28 02:00:00
5136,14.0616016427,2012-06-05,2012-06-05 23:50:00,183193,5.4058790495,60129.2000000000,149.2369084225,169.0000000000,1.1324276400,169,1,2026-06-28 02:00:00
5135,14.0588637919,2012-06-06,2012-06-06 23:50:00,183347,5.4617766667,60129.2000000000,149.2369084225,169.0000000000,1.1324276400,169,1,2026-06-28 02:00:00
5134,14.0561259411,2012-06-07,2012-06-07 23:50:00,183486,5.5916280000,60129.2000000000,149.2369084225,169.0000000000,1.1324276400,169,1,2026-06-28 02:00:00
5133,14.0533880903,2012-06-08,2012-06-08 23:50:00,183626,5.6317366667,60129.2000000000,149.2369084225,169.0000000000,1.1324276400,169,1,2026-06-28 02:00:00
5132,14.0506502396,2012-06-09,2012-06-09 23:50:00,183797,5.5599700000,60129.2000000000,149.2369084225,169.0000000000,1.1324276400,169,1,2026-06-28 02:00:00
5131,14.0479123888,2012-06-10,2012-06-10 23:50:00,183963,5.4652500000,60129.2000000000,149.2369084225,169.0000000000,1.1324276400,169,1,2026-06-28 02:00:00
5130,14.0451745380,2012-06-11,2012-06-11 23:50:00,184104,5.5815833333,60129.2000000000,149.2369084225,169.0000000000,1.1324276400,169,1,2026-06-28 02:00:00
5129,14.0424366872,2012-06-12,2012-06-12 23:50:00,184261,5.7100133333,60129.2000000000,149.2369084225,169.0000000000,1.1324276400,169,1,2026-06-28 02:00:00
5128,14.0396988364,2012-06-13,2012-06-13 23:50:00,184411,5.9203475000,60129.2000000000,149.2369084225,169.0000000000,1.1324276400,169,1,2026-06-28 02:00:00
5127,14.0369609856,2012-06-14,2012-06-14 23:50:00,184567,5.9647763158,60129.2000000000,149.2369084225,169.0000000000,1.1324276400,169,1,2026-06-28 02:00:00
5126,14.0342231348,2012-06-15,2012-06-15 23:50:00,184725,6.5323645161,60129.2000000000,149.2369084225,169.0000000000,1.1324276400,169,1,2026-06-28 02:00:00
5125,14.0314852841,2012-06-16,2012-06-16 23:50:00,184881,6.4358200000,60129.2000000000,149.2369084225,169.0000000000,1.1324276400,169,1,2026-06-28 02:00:00
5124,14.0287474333,2012-06-17,2012-06-17 23:50:00,185046,6.1780512500,60129.2000000000,149.2369084225,169.0000000000,1.1324276400,169,1,2026-06-28 02:00:00
5123,14.0260095825,2012-06-18,2012-06-18 23:50:00,185220,6.2948768085,60129.2000000000,149.2369084225,169.0000000000,1.1324276400,169,1,2026-06-28 02:00:00
5122,14.0232717317,2012-06-19,2012-06-19 23:50:00,185368,6.4987566667,60129.2000000000,149.2369084225,169.0000000000,1.1324276400,169,1,2026-06-28 02:00:00
5121,14.0205338809,2012-06-20,2012-06-20 23:50:00,185513,6.6717150000,60129.2000000000,149.2369084225,169.0000000000,1.1324276400,169,1,2026-06-28 02:00:00
5120,14.0177960301,2012-06-21,2012-06-21 23:50:00,185647,6.6615142857,60129.2000000000,149.2369084225,169.0000000000,1.1324276400,169,1,2026-06-28 02:00:00
5119,14.0150581793,2012-06-22,2012-06-22 23:50:00,185786,6.5253525000,60129.2000000000,149.2369084225,169.0000000000,1.1324276400,169,1,2026-06-28 02:00:00
5118,14.0123203285,2012-06-23,2012-06-23 23:50:00,185949,6.4394320000,60129.2000000000,149.2369084225,169.0000000000,1.1324276400,169,1,2026-06-28 02:00:00
5117,14.0095824778,2012-06-24,2012-06-24 23:50:00,186080,6.3500216667,60129.2000000000,149.2369084225,169.0000000000,1.1324276400,169,1,2026-06-28 02:00:00
5116,14.0068446270,2012-06-25,2012-06-25 23:50:00,186236,6.3084414286,60129.2000000000,149.2369084225,169.0000000000,1.1324276400,169,1,2026-06-28 02:00:00
5115,14.0041067762,2012-06-26,2012-06-26 23:50:00,186385,6.4195000000,60129.2000000000,149.2369084225,169.0000000000,1.1324276400,169,1,2026-06-28 02:00:00
5114,14.0013689254,2012-06-27,2012-06-27 23:50:00,186547,6.6223372727,60129.2000000000,149.2369084225,169.0000000000,1.1324276400,169,1,2026-06-28 02:00:00
5113,13.9986310746,2012-06-28,2012-06-28 23:50:00,186685,6.6059466667,60129.2000000000,149.2369084225,169.0000000000,1.1324276400,169,1,2026-06-28 02:00:00
5112,13.9958932238,2012-06-29,2012-06-29 23:50:00,186831,6.6512055556,60129.2000000000,149.2369084225,169.0000000000,1.1324276400,169,1,2026-06-28 02:00:00
5111,13.9931553730,2012-06-30,2012-06-30 23:50:00,186962,6.6899675000,60129.2000000000,149.2369084225,169.0000000000,1.1324276400,169,1,2026-06-28 02:00:00
5110,13.9904175222,2012-07-01,2012-07-01 23:50:00,187105,6.6289900000,60129.2000000000,178.3049841156,168.0000000000,0.9422058549,168,1,2026-06-28 02:00:00
5109,13.9876796715,2012-07-02,2012-07-02 23:50:00,187256,6.7600609091,60129.2000000000,178.3049841156,168.0000000000,0.9422058549,168,1,2026-06-28 02:00:00
5108,13.9849418207,2012-07-03,2012-07-03 23:50:00,187415,6.4499720000,60129.2000000000,178.3049841156,168.0000000000,0.9422058549,168,1,2026-06-28 02:00:00
5107,13.9822039699,2012-07-04,2012-07-04 23:50:00,187565,6.5101000000,60129.2000000000,178.3049841156,168.0000000000,0.9422058549,168,1,2026-06-28 02:00:00
5106,13.9794661191,2012-07-05,2012-07-05 23:50:00,187710,6.6588833333,60129.2000000000,178.3049841156,168.0000000000,0.9422058549,168,1,2026-06-28 02:00:00
5105,13.9767282683,2012-07-06,2012-07-06 23:50:00,187866,6.6287400000,60129.2000000000,178.3049841156,168.0000000000,0.9422058549,168,1,2026-06-28 02:00:00
5104,13.9739904175,2012-07-07,2012-07-07 23:50:00,188032,6.7784275000,60129.2000000000,178.3049841156,168.0000000000,0.9422058549,168,1,2026-06-28 02:00:00
5103,13.9712525667,2012-07-08,2012-07-08 23:50:00,188183,6.7989800000,60129.2000000000,178.3049841156,168.0000000000,0.9422058549,168,1,2026-06-28 02:00:00
5102,13.9685147159,2012-07-09,2012-07-09 23:50:00,188346,6.9465625000,60129.2000000000,178.3049841156,168.0000000000,0.9422058549,168,1,2026-06-28 02:00:00
5101,13.9657768652,2012-07-10,2012-07-10 23:50:00,188497,7.1998600000,60129.2000000000,178.3049841156,168.0000000000,0.9422058549,168,1,2026-06-28 02:00:00
5100,13.9630390144,2012-07-11,2012-07-11 23:50:00,188631,7.1672666667,60129.2000000000,178.3049841156,168.0000000000,0.9422058549,168,1,2026-06-28 02:00:00
5099,13.9603011636,2012-07-12,2012-07-12 23:50:00,188778,7.6887392308,60129.2000000000,178.3049841156,168.0000000000,0.9422058549,168,1,2026-06-28 02:00:00
5098,13.9575633128,2012-07-13,2012-07-13 23:50:00,188944,7.6462750000,60129.2000000000,178.3049841156,168.0000000000,0.9422058549,168,1,2026-06-28 02:00:00
5097,13.9548254620,2012-07-14,2012-07-14 23:50:00,189106,7.5446980000,60129.2000000000,178.3049841156,168.0000000000,0.9422058549,168,1,2026-06-28 02:00:00
5096,13.9520876112,2012-07-15,2012-07-15 23:50:00,189246,7.6210100000,60129.2000000000,178.3049841156,168.0000000000,0.9422058549,168,1,2026-06-28 02:00:00
5095,13.9493497604,2012-07-16,2012-07-16 23:50:00,189396,8.4782222222,60129.2000000000,178.3049841156,168.0000000000,0.9422058549,168,1,2026-06-28 02:00:00
5094,13.9466119097,2012-07-17,2012-07-17 23:50:00,189566,8.7470441667,60129.2000000000,178.3049841156,168.0000000000,0.9422058549,168,1,2026-06-28 02:00:00
5093,13.9438740589,2012-07-18,2012-07-18 23:50:00,189722,9.0879885714,60129.2000000000,178.3049841156,168.0000000000,0.9422058549,168,1,2026-06-28 02:00:00
5092,13.9411362081,2012-07-19,2012-07-19 23:50:00,189858,8.8584183333,60129.2000000000,178.3049841156,168.0000000000,0.9422058549,168,1,2026-06-28 02:00:00
5091,13.9383983573,2012-07-20,2012-07-20 23:50:00,190005,8.5385450000,60129.2000000000,178.3049841156,168.0000000000,0.9422058549,168,1,2026-06-28 02:00:00
5090,13.9356605065,2012-07-21,2012-07-21 23:50:00,190146,8.8455300000,60129.2000000000,178.3049841156,168.0000000000,0.9422058549,168,1,2026-06-28 02:00:00
5089,13.9329226557,2012-07-22,2012-07-22 23:50:00,190302,8.4330480000,60129.2000000000,178.3049841156,168.0000000000,0.9422058549,168,1,2026-06-28 02:00:00
5088,13.9301848049,2012-07-23,2012-07-23 23:50:00,190443,8.4444057143,60129.2000000000,178.3049841156,168.0000000000,0.9422058549,168,1,2026-06-28 02:00:00
5087,13.9274469541,2012-07-24,2012-07-24 23:50:00,190603,8.5622450000,60129.2000000000,178.3049841156,168.0000000000,0.9422058549,168,1,2026-06-28 02:00:00
5086,13.9247091034,2012-07-25,2012-07-25 23:50:00,190763,8.8011950000,60129.2000000000,178.3049841156,168.0000000000,0.9422058549,168,1,2026-06-28 02:00:00
5085,13.9219712526,2012-07-26,2012-07-26 23:50:00,190933,8.8903381818,60129.2000000000,178.3049841156,168.0000000000,0.9422058549,168,1,2026-06-28 02:00:00
5084,13.9192334018,2012-07-27,2012-07-27 23:50:00,191111,8.9000000000,60129.2000000000,178.3049841156,168.0000000000,0.9422058549,168,1,2026-06-28 02:00:00
5083,13.9164955510,2012-07-28,2012-07-28 23:50:00,191263,8.8532675000,60129.2000000000,178.3049841156,168.0000000000,0.9422058549,168,1,2026-06-28 02:00:00
5082,13.9137577002,2012-07-29,2012-07-29 23:50:00,191428,8.7096488889,60129.2000000000,178.3049841156,168.0000000000,0.9422058549,168,1,2026-06-28 02:00:00
5081,13.9110198494,2012-07-30,2012-07-30 23:50:00,191604,9.0851844444,60129.2000000000,178.3049841156,168.0000000000,0.9422058549,168,1,2026-06-28 02:00:00
5080,13.9082819986,2012-07-31,2012-07-31 23:50:00,191734,9.3212368750,60129.2000000000,178.3049841156,168.0000000000,0.9422058549,168,1,2026-06-28 02:00:00
5079,13.9055441478,2012-08-01,2012-08-01 23:50:00,191869,9.5042675000,60129.2000000000,211.0308979692,167.0000000000,0.7913533118,167,1,2026-06-28 02:00:00
5078,13.9028062971,2012-08-02,2012-08-02 23:50:00,192035,10.5735688462,60129.2000000000,211.0308979692,167.0000000000,0.7913533118,167,1,2026-06-28 02:00:00
5077,13.9000684463,2012-08-03,2012-08-03 23:50:00,192196,10.8454475000,60129.2000000000,211.0308979692,167.0000000000,0.7913533118,167,1,2026-06-28 02:00:00
5076,13.8973305955,2012-08-04,2012-08-04 23:50:00,192353,10.9049640000,60129.2000000000,211.0308979692,167.0000000000,0.7913533118,167,1,2026-06-28 02:00:00
5075,13.8945927447,2012-08-05,2012-08-05 23:50:00,192491,10.8447433333,60129.2000000000,211.0308979692,167.0000000000,0.7913533118,167,1,2026-06-28 02:00:00
5074,13.8918548939,2012-08-06,2012-08-06 23:50:00,192632,10.8414480000,60129.2000000000,211.0308979692,167.0000000000,0.7913533118,167,1,2026-06-28 02:00:00
5073,13.8891170431,2012-08-07,2012-08-07 23:50:00,192796,10.9513285214,60129.2000000000,211.0308979692,167.0000000000,0.7913533118,167,1,2026-06-28 02:00:00
5072,13.8863791923,2012-08-08,2012-08-08 23:50:00,192961,11.0615100000,60129.2000000000,211.0308979692,167.0000000000,0.7913533118,167,1,2026-06-28 02:00:00
5071,13.8836413415,2012-08-09,2012-08-09 23:50:00,193132,11.1271678571,60129.2000000000,211.0308979692,167.0000000000,0.7913533118,167,1,2026-06-28 02:00:00
5070,13.8809034908,2012-08-10,2012-08-10 23:50:00,193288,11.3627671429,60129.2000000000,211.0308979692,167.0000000000,0.7913533118,167,1,2026-06-28 02:00:00
5069,13.8781656400,2012-08-11,2012-08-11 23:50:00,193454,11.5137833333,60129.2000000000,211.0308979692,167.0000000000,0.7913533118,167,1,2026-06-28 02:00:00
5068,13.8754277892,2012-08-12,2012-08-12 23:50:00,193614,11.6234081818,60129.2000000000,211.0308979692,167.0000000000,0.7913533118,167,1,2026-06-28 02:00:00
5067,13.8726899384,2012-08-13,2012-08-13 23:50:00,193775,12.0218937500,60129.2000000000,211.0308979692,167.0000000000,0.7913533118,167,1,2026-06-28 02:00:00
5066,13.8699520876,2012-08-14,2012-08-14 23:50:00,193932,12.1859940000,60129.2000000000,211.0308979692,167.0000000000,0.7913533118,167,1,2026-06-28 02:00:00
5065,13.8672142368,2012-08-15,2012-08-15 23:50:00,194098,13.2460968182,60129.2000000000,211.0308979692,167.0000000000,0.7913533118,167,1,2026-06-28 02:00:00
5064,13.8644763860,2012-08-16,2012-08-16 23:50:00,194253,13.4762833333,60129.2000000000,211.0308979692,167.0000000000,0.7913533118,167,1,2026-06-28 02:00:00
5063,13.8617385352,2012-08-17,2012-08-17 23:50:00,194390,11.6798506897,60129.2000000000,211.0308979692,167.0000000000,0.7913533118,167,1,2026-06-28 02:00:00
5062,13.8590006845,2012-08-18,2012-08-18 23:50:00,194541,11.4039112500,60129.2000000000,211.0308979692,167.0000000000,0.7913533118,167,1,2026-06-28 02:00:00
5061,13.8562628337,2012-08-19,2012-08-19 23:50:00,194722,7.9203362500,60129.2000000000,211.0308979692,167.0000000000,0.7913533118,167,1,2026-06-28 02:00:00
5060,13.8535249829,2012-08-20,2012-08-20 23:50:00,194897,10.0731542029,60129.2000000000,211.0308979692,167.0000000000,0.7913533118,167,1,2026-06-28 02:00:00
5059,13.8507871321,2012-08-21,2012-08-21 23:50:00,195070,9.9068211111,60129.2000000000,211.0308979692,167.0000000000,0.7913533118,167,1,2026-06-28 02:00:00
5058,13.8480492813,2012-08-22,2012-08-22 23:50:00,195225,9.7633950000,60129.2000000000,211.0308979692,167.0000000000,0.7913533118,167,1,2026-06-28 02:00:00
5057,13.8453114305,2012-08-23,2012-08-23 23:50:00,195391,10.0999925000,60129.2000000000,211.0308979692,167.0000000000,0.7913533118,167,1,2026-06-28 02:00:00
5056,13.8425735797,2012-08-24,2012-08-24 23:50:00,195539,10.6137777778,60129.2000000000,211.0308979692,167.0000000000,0.7913533118,167,1,2026-06-28 02:00:00
5055,13.8398357290,2012-08-25,2012-08-25 23:50:00,195677,10.5558366667,60129.2000000000,211.0308979692,167.0000000000,0.7913533118,167,1,2026-06-28 02:00:00
5054,13.8370978782,2012-08-26,2012-08-26 23:50:00,195857,10.5560000000,60129.2000000000,211.0308979692,167.0000000000,0.7913533118,167,1,2026-06-28 02:00:00
5053,13.8343600274,2012-08-27,2012-08-27 23:50:00,196002,10.9287283333,60129.2000000000,211.0308979692,167.0000000000,0.7913533118,167,1,2026-06-28 02:00:00
5052,13.8316221766,2012-08-28,2012-08-28 23:50:00,196153,10.8680433333,60129.2000000000,211.0308979692,167.0000000000,0.7913533118,167,1,2026-06-28 02:00:00
5051,13.8288843258,2012-08-29,2012-08-29 23:50:00,196320,10.8663033333,60129.2000000000,211.0308979692,167.0000000000,0.7913533118,167,1,2026-06-28 02:00:00
5050,13.8261464750,2012-08-30,2012-08-30 23:50:00,196475,10.7722740000,60129.2000000000,211.0308979692,167.0000000000,0.7913533118,167,1,2026-06-28 02:00:00
5049,13.8234086242,2012-08-31,2012-08-31 23:50:00,196614,10.1217600000,60129.2000000000,211.0308979692,167.0000000000,0.7913533118,167,1,2026-06-28 02:00:00
5048,13.8206707734,2012-09-01,2012-09-01 23:50:00,196776,9.9769600000,60129.2000000000,241.9340435998,166.0000000000,0.6861374180,166,1,2026-06-28 02:00:00
5047,13.8179329227,2012-09-02,2012-09-02 23:50:00,196939,10.2064600000,60129.2000000000,241.9340435998,166.0000000000,0.6861374180,166,1,2026-06-28 02:00:00
5046,13.8151950719,2012-09-03,2012-09-03 23:50:00,197097,10.5286666667,60129.2000000000,241.9340435998,166.0000000000,0.6861374180,166,1,2026-06-28 02:00:00
5045,13.8124572211,2012-09-04,2012-09-04 23:50:00,197249,10.3661300000,60129.2000000000,241.9340435998,166.0000000000,0.6861374180,166,1,2026-06-28 02:00:00
5044,13.8097193703,2012-09-05,2012-09-05 23:50:00,197430,10.9765211111,60129.2000000000,241.9340435998,166.0000000000,0.6861374180,166,1,2026-06-28 02:00:00
5043,13.8069815195,2012-09-06,2012-09-06 23:50:00,197600,11.1849700000,60129.2000000000,241.9340435998,166.0000000000,0.6861374180,166,1,2026-06-28 02:00:00
5042,13.8042436687,2012-09-07,2012-09-07 23:50:00,197768,11.0033233333,60129.2000000000,241.9340435998,166.0000000000,0.6861374180,166,1,2026-06-28 02:00:00
5041,13.8015058179,2012-09-08,2012-09-08 23:50:00,197914,11.0389950000,60129.2000000000,241.9340435998,166.0000000000,0.6861374180,166,1,2026-06-28 02:00:00
5040,13.7987679671,2012-09-09,2012-09-09 23:50:00,198072,11.0733266667,60129.2000000000,241.9340435998,166.0000000000,0.6861374180,166,1,2026-06-28 02:00:00
5039,13.7960301164,2012-09-10,2012-09-10 23:50:00,198221,11.1270333333,60129.2000000000,241.9340435998,166.0000000000,0.6861374180,166,1,2026-06-28 02:00:00
5038,13.7932922656,2012-09-11,2012-09-11 23:50:00,198367,11.2258135000,60129.2000000000,241.9340435998,166.0000000000,0.6861374180,166,1,2026-06-28 02:00:00
5037,13.7905544148,2012-09-12,2012-09-12 23:50:00,198521,11.3389225000,60129.2000000000,241.9340435998,166.0000000000,0.6861374180,166,1,2026-06-28 02:00:00
5036,13.7878165640,2012-09-13,2012-09-13 23:50:00,198653,11.3730033333,60129.2000000000,241.9340435998,166.0000000000,0.6861374180,166,1,2026-06-28 02:00:00
5035,13.7850787132,2012-09-14,2012-09-14 23:50:00,198814,11.7316000000,60129.2000000000,241.9340435998,166.0000000000,0.6861374180,166,1,2026-06-28 02:00:00
5034,13.7823408624,2012-09-15,2012-09-15 23:50:00,198958,11.6826250000,60129.2000000000,241.9340435998,166.0000000000,0.6861374180,166,1,2026-06-28 02:00:00
5033,13.7796030116,2012-09-16,2012-09-16 23:50:00,199120,11.8630905556,60129.2000000000,241.9340435998,166.0000000000,0.6861374180,166,1,2026-06-28 02:00:00
5032,13.7768651608,2012-09-17,2012-09-17 23:50:00,199288,11.8970816667,60129.2000000000,241.9340435998,166.0000000000,0.6861374180,166,1,2026-06-28 02:00:00
5031,13.7741273101,2012-09-18,2012-09-18 23:50:00,199454,12.2947333333,60129.2000000000,241.9340435998,166.0000000000,0.6861374180,166,1,2026-06-28 02:00:00
5030,13.7713894593,2012-09-19,2012-09-19 23:50:00,199594,12.5219900000,60129.2000000000,241.9340435998,166.0000000000,0.6861374180,166,1,2026-06-28 02:00:00
5029,13.7686516085,2012-09-20,2012-09-20 23:50:00,199746,12.3371242857,60129.2000000000,241.9340435998,166.0000000000,0.6861374180,166,1,2026-06-28 02:00:00
5028,13.7659137577,2012-09-21,2012-09-21 23:50:00,199916,12.3444728571,60129.2000000000,241.9340435998,166.0000000000,0.6861374180,166,1,2026-06-28 02:00:00
5027,13.7631759069,2012-09-22,2012-09-22 23:50:00,200074,12.2159000000,60129.2000000000,241.9340435998,166.0000000000,0.6861374180,166,1,2026-06-28 02:00:00
5026,13.7604380561,2012-09-23,2012-09-23 23:50:00,200232,12.0983275000,60129.2000000000,241.9340435998,166.0000000000,0.6861374180,166,1,2026-06-28 02:00:00
5025,13.7577002053,2012-09-24,2012-09-24 23:50:00,200384,12.0919800000,60129.2000000000,241.9340435998,166.0000000000,0.6861374180,166,1,2026-06-28 02:00:00
5024,13.7549623546,2012-09-25,2012-09-25 23:50:00,200524,12.1344180000,60129.2000000000,241.9340435998,166.0000000000,0.6861374180,166,1,2026-06-28 02:00:00
5023,13.7522245038,2012-09-26,2012-09-26 23:50:00,200662,12.3328585714,60129.2000000000,241.9340435998,166.0000000000,0.6861374180,166,1,2026-06-28 02:00:00
5022,13.7494866530,2012-09-27,2012-09-27 23:50:00,200824,12.3175983333,60129.2000000000,241.9340435998,166.0000000000,0.6861374180,166,1,2026-06-28 02:00:00
5021,13.7467488022,2012-09-28,2012-09-28 23:50:00,200983,12.2800000000,60129.2000000000,241.9340435998,166.0000000000,0.6861374180,166,1,2026-06-28 02:00:00
5020,13.7440109514,2012-09-29,2012-09-29 23:50:00,201149,12.3630950000,60129.2000000000,241.9340435998,166.0000000000,0.6861374180,166,1,2026-06-28 02:00:00
5019,13.7412731006,2012-09-30,2012-09-30 23:50:00,201310,12.3747500000,60129.2000000000,241.9340435998,166.0000000000,0.6861374180,166,1,2026-06-28 02:00:00
5018,13.7385352498,2012-10-01,2012-10-01 23:50:00,201441,12.0478206540,60129.2000000000,281.6149060709,165.0000000000,0.5859064859,165,1,2026-06-28 02:00:00
5017,13.7357973990,2012-10-02,2012-10-02 23:50:00,201587,12.6937816667,60129.2000000000,281.6149060709,165.0000000000,0.5859064859,165,1,2026-06-28 02:00:00
5016,13.7330595483,2012-10-03,2012-10-03 23:50:00,201720,12.9395000000,60129.2000000000,281.6149060709,165.0000000000,0.5859064859,165,1,2026-06-28 02:00:00
5015,13.7303216975,2012-10-04,2012-10-04 23:50:00,201849,12.7666666667,60129.2000000000,281.6149060709,165.0000000000,0.5859064859,165,1,2026-06-28 02:00:00
5014,13.7275838467,2012-10-05,2012-10-05 23:50:00,201986,12.7000000000,60129.2000000000,281.6149060709,165.0000000000,0.5859064859,165,1,2026-06-28 02:00:00
5013,13.7248459959,2012-10-06,2012-10-06 23:50:00,202140,12.5050000000,60129.2000000000,281.6149060709,165.0000000000,0.5859064859,165,1,2026-06-28 02:00:00
5012,13.7221081451,2012-10-07,2012-10-07 23:50:00,202265,11.8154750000,60129.2000000000,281.6149060709,165.0000000000,0.5859064859,165,1,2026-06-28 02:00:00
5011,13.7193702943,2012-10-08,2012-10-08 23:50:00,202445,11.7542783333,60129.2000000000,281.6149060709,165.0000000000,0.5859064859,165,1,2026-06-28 02:00:00
5010,13.7166324435,2012-10-09,2012-10-09 23:50:00,202583,11.8838871429,60129.2000000000,281.6149060709,165.0000000000,0.5859064859,165,1,2026-06-28 02:00:00
5009,13.7138945927,2012-10-10,2012-10-10 23:50:00,202736,12.0941666667,60129.2000000000,281.6149060709,165.0000000000,0.5859064859,165,1,2026-06-28 02:00:00
5008,13.7111567420,2012-10-11,2012-10-11 23:50:00,202874,12.0300000000,60129.2000000000,281.6149060709,165.0000000000,0.5859064859,165,1,2026-06-28 02:00:00
5007,13.7084188912,2012-10-12,2012-10-12 23:50:00,203020,11.9239166667,60129.2000000000,281.6149060709,165.0000000000,0.5859064859,165,1,2026-06-28 02:00:00
5006,13.7056810404,2012-10-13,2012-10-13 23:50:00,203169,11.8654728571,60129.2000000000,281.6149060709,165.0000000000,0.5859064859,165,1,2026-06-28 02:00:00
5005,13.7029431896,2012-10-14,2012-10-14 23:50:00,203298,11.7286992308,60129.2000000000,281.6149060709,165.0000000000,0.5859064859,165,1,2026-06-28 02:00:00
5004,13.7002053388,2012-10-15,2012-10-15 23:50:00,203465,11.8014677778,60129.2000000000,281.6149060709,165.0000000000,0.5859064859,165,1,2026-06-28 02:00:00
5003,13.6974674880,2012-10-16,2012-10-16 23:50:00,203622,11.8149014286,60129.2000000000,281.6149060709,165.0000000000,0.5859064859,165,1,2026-06-28 02:00:00
5002,13.6947296372,2012-10-17,2012-10-17 23:50:00,203763,11.9237783333,60129.2000000000,281.6149060709,165.0000000000,0.5859064859,165,1,2026-06-28 02:00:00
5001,13.6919917864,2012-10-18,2012-10-18 23:50:00,203920,11.9167977778,60129.2000000000,281.6149060709,165.0000000000,0.5859064859,165,1,2026-06-28 02:00:00
5000,13.6892539357,2012-10-19,2012-10-19 23:50:00,204057,11.7654866292,60129.2000000000,281.6149060709,165.0000000000,0.5859064859,165,1,2026-06-28 02:00:00
4999,13.6865160849,2012-10-20,2012-10-20 23:50:00,204214,11.7043678947,60129.2000000000,281.6149060709,165.0000000000,0.5859064859,165,1,2026-06-28 02:00:00
4998,13.6837782341,2012-10-21,2012-10-21 23:50:00,204372,11.6605450000,60129.2000000000,281.6149060709,165.0000000000,0.5859064859,165,1,2026-06-28 02:00:00
4997,13.6810403833,2012-10-22,2012-10-22 23:50:00,204530,11.7323316667,60129.2000000000,281.6149060709,165.0000000000,0.5859064859,165,1,2026-06-28 02:00:00
4996,13.6783025325,2012-10-23,2012-10-23 23:50:00,204660,11.7110025000,60129.2000000000,281.6149060709,165.0000000000,0.5859064859,165,1,2026-06-28 02:00:00
4995,13.6755646817,2012-10-24,2012-10-24 23:50:00,204824,11.6499900000,60129.2000000000,281.6149060709,165.0000000000,0.5859064859,165,1,2026-06-28 02:00:00
4994,13.6728268309,2012-10-25,2012-10-25 23:50:00,204966,10.7544290000,60129.2000000000,281.6149060709,165.0000000000,0.5859064859,165,1,2026-06-28 02:00:00
4993,13.6700889802,2012-10-26,2012-10-26 23:50:00,205132,10.1775318182,60129.2000000000,281.6149060709,165.0000000000,0.5859064859,165,1,2026-06-28 02:00:00
4992,13.6673511294,2012-10-27,2012-10-27 23:50:00,205306,10.3218278571,60129.2000000000,281.6149060709,165.0000000000,0.5859064859,165,1,2026-06-28 02:00:00
4991,13.6646132786,2012-10-28,2012-10-28 23:50:00,205473,10.6809900000,60129.2000000000,281.6149060709,165.0000000000,0.5859064859,165,1,2026-06-28 02:00:00
4990,13.6618754278,2012-10-29,2012-10-29 23:50:00,205631,10.5933300000,60129.2000000000,281.6149060709,165.0000000000,0.5859064859,165,1,2026-06-28 02:00:00
4989,13.6591375770,2012-10-30,2012-10-30 23:50:00,205775,10.8462250000,60129.2000000000,281.6149060709,165.0000000000,0.5859064859,165,1,2026-06-28 02:00:00
4988,13.6563997262,2012-10-31,2012-10-31 23:50:00,205917,11.0388457143,60129.2000000000,281.6149060709,165.0000000000,0.5859064859,165,1,2026-06-28 02:00:00
4987,13.6536618754,2012-11-01,2012-11-01 23:50:00,206054,10.5889446991,60129.2000000000,326.1060268527,164.0000000000,0.5029039223,164,1,2026-06-28 02:00:00
4986,13.6509240246,2012-11-02,2012-11-02 23:50:00,206198,10.4156613043,60129.2000000000,326.1060268527,164.0000000000,0.5029039223,164,1,2026-06-28 02:00:00
4985,13.6481861739,2012-11-03,2012-11-03 23:50:00,206343,10.6425000000,60129.2000000000,326.1060268527,164.0000000000,0.5029039223,164,1,2026-06-28 02:00:00
4984,13.6454483231,2012-11-04,2012-11-04 23:50:00,206501,10.8233366667,60129.2000000000,326.1060268527,164.0000000000,0.5029039223,164,1,2026-06-28 02:00:00
4983,13.6427104723,2012-11-05,2012-11-05 23:50:00,206659,10.7051528571,60129.2000000000,326.1060268527,164.0000000000,0.5029039223,164,1,2026-06-28 02:00:00
4982,13.6399726215,2012-11-06,2012-11-06 23:50:00,206795,10.8317990000,60129.2000000000,326.1060268527,164.0000000000,0.5029039223,164,1,2026-06-28 02:00:00
4981,13.6372347707,2012-11-07,2012-11-07 23:50:00,206949,10.8755233333,60129.2000000000,326.1060268527,164.0000000000,0.5029039223,164,1,2026-06-28 02:00:00
4980,13.6344969199,2012-11-08,2012-11-08 23:50:00,207106,10.8557677778,60129.2000000000,326.1060268527,164.0000000000,0.5029039223,164,1,2026-06-28 02:00:00
4979,13.6317590691,2012-11-09,2012-11-09 23:50:00,207258,10.8152631579,60129.2000000000,326.1060268527,164.0000000000,0.5029039223,164,1,2026-06-28 02:00:00
4978,13.6290212183,2012-11-10,2012-11-10 23:50:00,207402,10.8750840000,60129.2000000000,326.1060268527,164.0000000000,0.5029039223,164,1,2026-06-28 02:00:00
4977,13.6262833676,2012-11-11,2012-11-11 23:50:00,207549,10.5339400000,60129.2000000000,326.1060268527,164.0000000000,0.5029039223,164,1,2026-06-28 02:00:00
4976,13.6235455168,2012-11-12,2012-11-12 23:50:00,207681,10.9172000000,60129.2000000000,326.1060268527,164.0000000000,0.5029039223,164,1,2026-06-28 02:00:00
4975,13.6208076660,2012-11-13,2012-11-13 23:50:00,207820,10.8816705882,60129.2000000000,326.1060268527,164.0000000000,0.5029039223,164,1,2026-06-28 02:00:00
4974,13.6180698152,2012-11-14,2012-11-14 23:50:00,207964,10.9493400000,60129.2000000000,326.1060268527,164.0000000000,0.5029039223,164,1,2026-06-28 02:00:00
4973,13.6153319644,2012-11-15,2012-11-15 23:50:00,208098,11.1207503846,60129.2000000000,326.1060268527,164.0000000000,0.5029039223,164,1,2026-06-28 02:00:00
4972,13.6125941136,2012-11-16,2012-11-16 23:50:00,208243,11.7446320000,60129.2000000000,326.1060268527,164.0000000000,0.5029039223,164,1,2026-06-28 02:00:00
4971,13.6098562628,2012-11-17,2012-11-17 23:50:00,208386,11.7888370000,60129.2000000000,326.1060268527,164.0000000000,0.5029039223,164,1,2026-06-28 02:00:00
4970,13.6071184120,2012-11-18,2012-11-18 23:50:00,208531,11.6066918182,60129.2000000000,326.1060268527,164.0000000000,0.5029039223,164,1,2026-06-28 02:00:00
4969,13.6043805613,2012-11-19,2012-11-19 23:50:00,208679,11.7606200000,60129.2000000000,326.1060268527,164.0000000000,0.5029039223,164,1,2026-06-28 02:00:00
4968,13.6016427105,2012-11-20,2012-11-20 23:50:00,208824,11.6650800000,60129.2000000000,326.1060268527,164.0000000000,0.5029039223,164,1,2026-06-28 02:00:00
4967,13.5989048597,2012-11-21,2012-11-21 23:50:00,208977,11.6979826667,60129.2000000000,326.1060268527,164.0000000000,0.5029039223,164,1,2026-06-28 02:00:00
4966,13.5961670089,2012-11-22,2012-11-22 23:50:00,209120,12.3254392308,60129.2000000000,326.1060268527,164.0000000000,0.5029039223,164,1,2026-06-28 02:00:00
4965,13.5934291581,2012-11-23,2012-11-23 23:50:00,209284,12.3362315385,60129.2000000000,326.1060268527,164.0000000000,0.5029039223,164,1,2026-06-28 02:00:00
4964,13.5906913073,2012-11-24,2012-11-24 23:50:00,209432,12.3707650000,60129.2000000000,326.1060268527,164.0000000000,0.5029039223,164,1,2026-06-28 02:00:00
4963,13.5879534565,2012-11-25,2012-11-25 23:50:00,209581,12.5053900000,60129.2000000000,326.1060268527,164.0000000000,0.5029039223,164,1,2026-06-28 02:00:00
4962,13.5852156057,2012-11-26,2012-11-26 23:50:00,209738,12.2215850000,60129.2000000000,326.1060268527,164.0000000000,0.5029039223,164,1,2026-06-28 02:00:00
4961,13.5824777550,2012-11-27,2012-11-27 23:50:00,209886,12.1873000000,60129.2000000000,326.1060268527,164.0000000000,0.5029039223,164,1,2026-06-28 02:00:00
4960,13.5797399042,2012-11-28,2012-11-28 23:50:00,210058,12.2960158333,60129.2000000000,326.1060268527,164.0000000000,0.5029039223,164,1,2026-06-28 02:00:00
4959,13.5770020534,2012-11-29,2012-11-29 23:50:00,210222,12.4500000000,60129.2000000000,326.1060268527,164.0000000000,0.5029039223,164,1,2026-06-28 02:00:00
4958,13.5742642026,2012-11-30,2012-11-30 23:50:00,210349,12.5549800000,60129.2000000000,326.1060268527,164.0000000000,0.5029039223,164,1,2026-06-28 02:00:00
4957,13.5715263518,2012-12-01,2012-12-01 23:50:00,210516,12.5789302977,60129.2000000000,399.0542119630,163.0000000000,0.4084658052,163,1,2026-06-28 02:00:00
4956,13.5687885010,2012-12-02,2012-12-02 23:50:00,210658,12.4360175000,60129.2000000000,399.0542119630,163.0000000000,0.4084658052,163,1,2026-06-28 02:00:00
4955,13.5660506502,2012-12-03,2012-12-03 23:50:00,210805,12.6543108444,60129.2000000000,399.0542119630,163.0000000000,0.4084658052,163,1,2026-06-28 02:00:00
4954,13.5633127995,2012-12-04,2012-12-04 23:50:00,210916,13.4100000000,60129.2000000000,399.0542119630,163.0000000000,0.4084658052,163,1,2026-06-28 02:00:00
4953,13.5605749487,2012-12-05,2012-12-05 23:50:00,211038,13.2013366667,60129.2000000000,399.0542119630,163.0000000000,0.4084658052,163,1,2026-06-28 02:00:00
4952,13.5578370979,2012-12-06,2012-12-06 23:50:00,211174,13.3575600068,60129.2000000000,399.0542119630,163.0000000000,0.4084658052,163,1,2026-06-28 02:00:00
4951,13.5550992471,2012-12-07,2012-12-07 23:50:00,211305,13.4558644444,60129.2000000000,399.0542119630,163.0000000000,0.4084658052,163,1,2026-06-28 02:00:00
4950,13.5523613963,2012-12-08,2012-12-08 23:50:00,211442,13.5414715000,60129.2000000000,399.0542119630,163.0000000000,0.4084658052,163,1,2026-06-28 02:00:00
4949,13.5496235455,2012-12-09,2012-12-09 23:50:00,211570,13.3482457143,60129.2000000000,399.0542119630,163.0000000000,0.4084658052,163,1,2026-06-28 02:00:00
4948,13.5468856947,2012-12-10,2012-12-10 23:50:00,211712,13.4611038462,60129.2000000000,399.0542119630,163.0000000000,0.4084658052,163,1,2026-06-28 02:00:00
4947,13.5441478439,2012-12-11,2012-12-11 23:50:00,211857,13.6053175862,60129.2000000000,399.0542119630,163.0000000000,0.4084658052,163,1,2026-06-28 02:00:00
4946,13.5414099932,2012-12-12,2012-12-12 23:50:00,211987,13.6469082143,60129.2000000000,399.0542119630,163.0000000000,0.4084658052,163,1,2026-06-28 02:00:00
4945,13.5386721424,2012-12-13,2012-12-13 23:50:00,212115,13.7285110526,60129.2000000000,399.0542119630,163.0000000000,0.4084658052,163,1,2026-06-28 02:00:00
4944,13.5359342916,2012-12-14,2012-12-14 23:50:00,212223,13.6045425000,60129.2000000000,399.0542119630,163.0000000000,0.4084658052,163,1,2026-06-28 02:00:00
4943,13.5331964408,2012-12-15,2012-12-15 23:50:00,212339,13.5105390476,60129.2000000000,399.0542119630,163.0000000000,0.4084658052,163,1,2026-06-28 02:00:00
4942,13.5304585900,2012-12-16,2012-12-16 23:50:00,212451,13.3955285714,60129.2000000000,399.0542119630,163.0000000000,0.4084658052,163,1,2026-06-28 02:00:00
4941,13.5277207392,2012-12-17,2012-12-17 23:50:00,212583,13.2333500000,60129.2000000000,399.0542119630,163.0000000000,0.4084658052,163,1,2026-06-28 02:00:00
4940,13.5249828884,2012-12-18,2012-12-18 23:50:00,212709,13.2503658915,60129.2000000000,399.0542119630,163.0000000000,0.4084658052,163,1,2026-06-28 02:00:00
4939,13.5222450376,2012-12-19,2012-12-19 23:50:00,212850,13.5303133333,60129.2000000000,399.0542119630,163.0000000000,0.4084658052,163,1,2026-06-28 02:00:00
4938,13.5195071869,2012-12-20,2012-12-20 23:50:00,212958,13.5552350000,60129.2000000000,399.0542119630,163.0000000000,0.4084658052,163,1,2026-06-28 02:00:00
4937,13.5167693361,2012-12-21,2012-12-21 23:50:00,213084,13.3239960000,60129.2000000000,399.0542119630,163.0000000000,0.4084658052,163,1,2026-06-28 02:00:00
4936,13.5140314853,2012-12-22,2012-12-22 23:50:00,213236,13.4024733333,60129.2000000000,399.0542119630,163.0000000000,0.4084658052,163,1,2026-06-28 02:00:00
4935,13.5112936345,2012-12-23,2012-12-23 23:50:00,213358,13.3359320000,60129.2000000000,399.0542119630,163.0000000000,0.4084658052,163,1,2026-06-28 02:00:00
4934,13.5085557837,2012-12-24,2012-12-24 23:50:00,213491,13.1285000000,60129.2000000000,399.0542119630,163.0000000000,0.4084658052,163,1,2026-06-28 02:00:00
4933,13.5058179329,2012-12-25,2012-12-25 23:50:00,213615,13.3727700000,60129.2000000000,399.0542119630,163.0000000000,0.4084658052,163,1,2026-06-28 02:00:00
4932,13.5030800821,2012-12-26,2012-12-26 23:50:00,213769,13.4568750000,60129.2000000000,399.0542119630,163.0000000000,0.4084658052,163,1,2026-06-28 02:00:00
4931,13.5003422313,2012-12-27,2012-12-27 23:50:00,213925,13.3429245455,60129.2000000000,399.0542119630,163.0000000000,0.4084658052,163,1,2026-06-28 02:00:00
4930,13.4976043806,2012-12-28,2012-12-28 23:50:00,214091,13.4203285714,60129.2000000000,399.0542119630,163.0000000000,0.4084658052,163,1,2026-06-28 02:00:00
4929,13.4948665298,2012-12-29,2012-12-29 23:50:00,214235,13.3439900000,60129.2000000000,399.0542119630,163.0000000000,0.4084658052,163,1,2026-06-28 02:00:00
4928,13.4921286790,2012-12-30,2012-12-30 23:50:00,214403,13.4571300000,60129.2000000000,399.0542119630,163.0000000000,0.4084658052,163,1,2026-06-28 02:00:00
4927,13.4893908282,2012-12-31,2012-12-31 23:50:00,214561,13.5120050000,60129.2000000000,399.0542119630,163.0000000000,0.4084658052,163,1,2026-06-28 02:00:00
4926,13.4866529774,2013-01-01,2013-01-01 23:50:00,214723,13.2200000000,60129.2000000000,492.4494289326,162.0000000000,0.3289677893,162,1,2026-06-28 02:00:00
4925,13.4839151266,2013-01-02,2013-01-02 23:50:00,214875,13.0340000000,60129.2000000000,492.4494289326,162.0000000000,0.3289677893,162,1,2026-06-28 02:00:00
4924,13.4811772758,2013-01-03,2013-01-03 23:50:00,215039,13.1900000000,60129.2000000000,492.4494289326,162.0000000000,0.3289677893,162,1,2026-06-28 02:00:00
4923,13.4784394251,2013-01-04,2013-01-04 23:50:00,215192,13.1740000000,60129.2000000000,492.4494289326,162.0000000000,0.3289677893,162,1,2026-06-28 02:00:00
4922,13.4757015743,2013-01-05,2013-01-05 23:50:00,215331,13.1500000000,60129.2000000000,492.4494289326,162.0000000000,0.3289677893,162,1,2026-06-28 02:00:00
4921,13.4729637235,2013-01-06,2013-01-06 23:50:00,215478,13.1500000000,60129.2000000000,492.4494289326,162.0000000000,0.3289677893,162,1,2026-06-28 02:00:00
4920,13.4702258727,2013-01-07,2013-01-07 23:50:00,215644,13.2000000000,60129.2000000000,492.4494289326,162.0000000000,0.3289677893,162,1,2026-06-28 02:00:00
4919,13.4674880219,2013-01-08,2013-01-08 23:50:00,215778,13.5000000000,60129.2000000000,492.4494289326,162.0000000000,0.3289677893,162,1,2026-06-28 02:00:00
4918,13.4647501711,2013-01-09,2013-01-09 23:50:00,215906,13.5800000000,60129.2000000000,492.4494289326,162.0000000000,0.3289677893,162,1,2026-06-28 02:00:00
4917,13.4620123203,2013-01-10,2013-01-10 23:50:00,216055,14.0000000000,60129.2000000000,492.4494289326,162.0000000000,0.3289677893,162,1,2026-06-28 02:00:00
4916,13.4592744695,2013-01-11,2013-01-11 23:50:00,216171,14.0000000000,60129.2000000000,492.4494289326,162.0000000000,0.3289677893,162,1,2026-06-28 02:00:00
4915,13.4565366188,2013-01-12,2013-01-12 23:50:00,216295,13.8900000000,60129.2000000000,492.4494289326,162.0000000000,0.3289677893,162,1,2026-06-28 02:00:00
4914,13.4537987680,2013-01-13,2013-01-13 23:50:00,216428,13.6400000000,60129.2000000000,492.4494289326,162.0000000000,0.3289677893,162,1,2026-06-28 02:00:00
4913,13.4510609172,2013-01-14,2013-01-14 23:50:00,216584,14.0460000000,60129.2000000000,492.4494289326,162.0000000000,0.3289677893,162,1,2026-06-28 02:00:00
4912,13.4483230664,2013-01-15,2013-01-15 23:50:00,216704,14.2140000000,60129.2000000000,492.4494289326,162.0000000000,0.3289677893,162,1,2026-06-28 02:00:00
4911,13.4455852156,2013-01-16,2013-01-16 23:50:00,216837,14.5300000000,60129.2000000000,492.4494289326,162.0000000000,0.3289677893,162,1,2026-06-28 02:00:00
4910,13.4428473648,2013-01-17,2013-01-17 23:50:00,216948,15.3400000000,60129.2000000000,492.4494289326,162.0000000000,0.3289677893,162,1,2026-06-28 02:00:00
4909,13.4401095140,2013-01-18,2013-01-18 23:50:00,217069,15.5660000000,60129.2000000000,492.4494289326,162.0000000000,0.3289677893,162,1,2026-06-28 02:00:00
4908,13.4373716632,2013-01-19,2013-01-19 23:50:00,217223,15.3800000000,60129.2000000000,492.4494289326,162.0000000000,0.3289677893,162,1,2026-06-28 02:00:00
4907,13.4346338125,2013-01-20,2013-01-20 23:50:00,217352,15.5000000000,60129.2000000000,492.4494289326,162.0000000000,0.3289677893,162,1,2026-06-28 02:00:00
4906,13.4318959617,2013-01-21,2013-01-21 23:50:00,217482,16.5880000000,60129.2000000000,492.4494289326,162.0000000000,0.3289677893,162,1,2026-06-28 02:00:00
4905,13.4291581109,2013-01-22,2013-01-22 23:50:00,217627,17.3500000000,60129.2000000000,492.4494289326,162.0000000000,0.3289677893,162,1,2026-06-28 02:00:00
4904,13.4264202601,2013-01-23,2013-01-23 23:50:00,217755,17.5000000000,60129.2000000000,492.4494289326,162.0000000000,0.3289677893,162,1,2026-06-28 02:00:00
4903,13.4236824093,2013-01-24,2013-01-24 23:50:00,217910,17.2900000000,60129.2000000000,492.4494289326,162.0000000000,0.3289677893,162,1,2026-06-28 02:00:00
4902,13.4209445585,2013-01-25,2013-01-25 23:50:00,218046,17.4900000000,60129.2000000000,492.4494289326,162.0000000000,0.3289677893,162,1,2026-06-28 02:00:00
4901,13.4182067077,2013-01-26,2013-01-26 23:50:00,218204,17.4114057720,60129.2000000000,492.4494289326,162.0000000000,0.3289677893,162,1,2026-06-28 02:00:00
4900,13.4154688569,2013-01-27,2013-01-27 23:50:00,218355,17.6000000000,60129.2000000000,492.4494289326,162.0000000000,0.3289677893,162,1,2026-06-28 02:00:00
4899,13.4127310062,2013-01-28,2013-01-28 23:50:00,218499,18.6700000000,60129.2000000000,492.4494289326,162.0000000000,0.3289677893,162,1,2026-06-28 02:00:00
4898,13.4099931554,2013-01-29,2013-01-29 23:50:00,218658,19.3500000000,60129.2000000000,492.4494289326,162.0000000000,0.3289677893,162,1,2026-06-28 02:00:00
4897,13.4072553046,2013-01-30,2013-01-30 23:50:00,218812,19.4500000000,60129.2000000000,492.4494289326,162.0000000000,0.3289677893,162,1,2026-06-28 02:00:00
4896,13.4045174538,2013-01-31,2013-01-31 23:50:00,219004,20.4600000000,60129.2000000000,492.4494289326,162.0000000000,0.3289677893,162,1,2026-06-28 02:00:00
4895,13.4017796030,2013-02-01,2013-02-01 23:50:00,219150,20.3631425210,60129.2000000000,635.5476631487,161.0000000000,0.2533248241,161,1,2026-06-28 02:00:00
4894,13.3990417522,2013-02-02,2013-02-02 23:50:00,219305,19.8212097830,60129.2000000000,635.5476631487,161.0000000000,0.2533248241,161,1,2026-06-28 02:00:00
4893,13.3963039014,2013-02-03,2013-02-03 23:50:00,219490,20.2960000000,60129.2000000000,635.5476631487,161.0000000000,0.2533248241,161,1,2026-06-28 02:00:00
4892,13.3935660507,2013-02-04,2013-02-04 23:50:00,219655,20.3000000000,60129.2000000000,635.5476631487,161.0000000000,0.2533248241,161,1,2026-06-28 02:00:00
4891,13.3908281999,2013-02-05,2013-02-05 23:50:00,219822,20.5120000000,60129.2000000000,635.5476631487,161.0000000000,0.2533248241,161,1,2026-06-28 02:00:00
4890,13.3880903491,2013-02-06,2013-02-06 23:50:00,219968,20.9100000000,60129.2000000000,635.5476631487,161.0000000000,0.2533248241,161,1,2026-06-28 02:00:00
4889,13.3853524983,2013-02-07,2013-02-07 23:50:00,220123,21.7100000000,60129.2000000000,635.5476631487,161.0000000000,0.2533248241,161,1,2026-06-28 02:00:00
4888,13.3826146475,2013-02-08,2013-02-08 23:50:00,220274,22.4009706780,60129.2000000000,635.5476631487,161.0000000000,0.2533248241,161,1,2026-06-28 02:00:00
4887,13.3798767967,2013-02-09,2013-02-09 23:50:00,220415,23.1335655060,60129.2000000000,635.5476631487,161.0000000000,0.2533248241,161,1,2026-06-28 02:00:00
4886,13.3771389459,2013-02-10,2013-02-10 23:50:00,220577,23.6600000000,60129.2000000000,635.5476631487,161.0000000000,0.2533248241,161,1,2026-06-28 02:00:00
4885,13.3744010951,2013-02-11,2013-02-11 23:50:00,220735,23.9400000000,60129.2000000000,635.5476631487,161.0000000000,0.2533248241,161,1,2026-06-28 02:00:00
4884,13.3716632444,2013-02-12,2013-02-12 23:50:00,220876,25.4660000000,60129.2000000000,635.5476631487,161.0000000000,0.2533248241,161,1,2026-06-28 02:00:00
4883,13.3689253936,2013-02-13,2013-02-13 23:50:00,221046,25.0900000000,60129.2000000000,635.5476631487,161.0000000000,0.2533248241,161,1,2026-06-28 02:00:00
4882,13.3661875428,2013-02-14,2013-02-14 23:50:00,221196,27.4000000000,60129.2000000000,635.5476631487,161.0000000000,0.2533248241,161,1,2026-06-28 02:00:00
4881,13.3634496920,2013-02-15,2013-02-15 23:50:00,221376,27.0000000000,60129.2000000000,635.5476631487,161.0000000000,0.2533248241,161,1,2026-06-28 02:00:00
4880,13.3607118412,2013-02-16,2013-02-16 23:50:00,221565,27.5000000000,60129.2000000000,635.5476631487,161.0000000000,0.2533248241,161,1,2026-06-28 02:00:00
4879,13.3579739904,2013-02-17,2013-02-17 23:50:00,221754,26.9800000000,60129.2000000000,635.5476631487,161.0000000000,0.2533248241,161,1,2026-06-28 02:00:00
4878,13.3552361396,2013-02-18,2013-02-18 23:50:00,221914,26.9200000000,60129.2000000000,635.5476631487,161.0000000000,0.2533248241,161,1,2026-06-28 02:00:00
4877,13.3524982888,2013-02-19,2013-02-19 23:50:00,222072,29.3900000000,60129.2000000000,635.5476631487,161.0000000000,0.2533248241,161,1,2026-06-28 02:00:00
4876,13.3497604381,2013-02-20,2013-02-20 23:50:00,222266,30.0320000000,60129.2000000000,635.5476631487,161.0000000000,0.2533248241,161,1,2026-06-28 02:00:00
4875,13.3470225873,2013-02-21,2013-02-21 23:50:00,222442,30.0000000000,60129.2000000000,635.5476631487,161.0000000000,0.2533248241,161,1,2026-06-28 02:00:00
4874,13.3442847365,2013-02-22,2013-02-22 23:50:00,222612,30.4000000000,60129.2000000000,635.5476631487,161.0000000000,0.2533248241,161,1,2026-06-28 02:00:00
4873,13.3415468857,2013-02-23,2013-02-23 23:50:00,222776,29.5400000000,60129.2000000000,635.5476631487,161.0000000000,0.2533248241,161,1,2026-06-28 02:00:00
4872,13.3388090349,2013-02-24,2013-02-24 23:50:00,222932,29.7800000000,60129.2000000000,635.5476631487,161.0000000000,0.2533248241,161,1,2026-06-28 02:00:00
4871,13.3360711841,2013-02-25,2013-02-25 23:50:00,223137,30.4300000000,60129.2000000000,635.5476631487,161.0000000000,0.2533248241,161,1,2026-06-28 02:00:00
4870,13.3333333333,2013-02-26,2013-02-26 23:50:00,223301,31.1000000000,60129.2000000000,635.5476631487,161.0000000000,0.2533248241,161,1,2026-06-28 02:00:00
4869,13.3305954825,2013-02-27,2013-02-27 23:50:00,223492,31.3937700000,60129.2000000000,635.5476631487,161.0000000000,0.2533248241,161,1,2026-06-28 02:00:00
4868,13.3278576318,2013-02-28,2013-02-28 23:50:00,223663,33.4910149246,60129.2000000000,635.5476631487,161.0000000000,0.2533248241,161,1,2026-06-28 02:00:00
4867,13.3251197810,2013-03-01,2013-03-01 23:50:00,223815,34.5520000000,60129.2000000000,783.4822727976,160.0000000000,0.2042164903,160,1,2026-06-28 02:00:00
4866,13.3223819302,2013-03-02,2013-03-02 23:50:00,223961,34.1600000000,60129.2000000000,783.4822727976,160.0000000000,0.2042164903,160,1,2026-06-28 02:00:00
4865,13.3196440794,2013-03-03,2013-03-03 23:50:00,224121,34.3300000000,60129.2000000000,783.4822727976,160.0000000000,0.2042164903,160,1,2026-06-28 02:00:00
4864,13.3169062286,2013-03-04,2013-03-04 23:50:00,224298,36.5481587220,60129.2000000000,783.4822727976,160.0000000000,0.2042164903,160,1,2026-06-28 02:00:00
4863,13.3141683778,2013-03-05,2013-03-05 23:50:00,224439,40.9500000000,60129.2000000000,783.4822727976,160.0000000000,0.2042164903,160,1,2026-06-28 02:00:00
4862,13.3114305270,2013-03-06,2013-03-06 23:50:00,224593,42.4250868578,60129.2000000000,783.4822727976,160.0000000000,0.2042164903,160,1,2026-06-28 02:00:00
4861,13.3086926762,2013-03-07,2013-03-07 23:50:00,224754,41.6804369272,60129.2000000000,783.4822727976,160.0000000000,0.2042164903,160,1,2026-06-28 02:00:00
4860,13.3059548255,2013-03-08,2013-03-08 23:50:00,224915,43.7600000000,60129.2000000000,783.4822727976,160.0000000000,0.2042164903,160,1,2026-06-28 02:00:00
4859,13.3032169747,2013-03-09,2013-03-09 23:50:00,225082,46.0000000000,60129.2000000000,783.4822727976,160.0000000000,0.2042164903,160,1,2026-06-28 02:00:00
4858,13.3004791239,2013-03-10,2013-03-10 23:50:00,225265,45.2900000000,60129.2000000000,783.4822727976,160.0000000000,0.2042164903,160,1,2026-06-28 02:00:00
4857,13.2977412731,2013-03-11,2013-03-11 23:50:00,225431,48.2500000000,60129.2000000000,783.4822727976,160.0000000000,0.2042164903,160,1,2026-06-28 02:00:00
4856,13.2950034223,2013-03-12,2013-03-12 23:50:00,225564,44.8400000000,60129.2000000000,783.4822727976,160.0000000000,0.2042164903,160,1,2026-06-28 02:00:00
4855,13.2922655715,2013-03-13,2013-03-13 23:50:00,225720,46.9900000000,60129.2000000000,783.4822727976,160.0000000000,0.2042164903,160,1,2026-06-28 02:00:00
4854,13.2895277207,2013-03-14,2013-03-14 23:50:00,225902,46.9500000000,60129.2000000000,783.4822727976,160.0000000000,0.2042164903,160,1,2026-06-28 02:00:00
4853,13.2867898700,2013-03-15,2013-03-15 23:50:00,226072,47.0560000000,60129.2000000000,783.4822727976,160.0000000000,0.2042164903,160,1,2026-06-28 02:00:00
4852,13.2840520192,2013-03-16,2013-03-16 23:50:00,226247,46.7350955010,60129.2000000000,783.4822727976,160.0000000000,0.2042164903,160,1,2026-06-28 02:00:00
4851,13.2813141684,2013-03-17,2013-03-17 23:50:00,226457,47.0881651204,60129.2000000000,783.4822727976,160.0000000000,0.2042164903,160,1,2026-06-28 02:00:00
4850,13.2785763176,2013-03-18,2013-03-18 23:50:00,226646,50.4324924394,60129.2000000000,783.4822727976,160.0000000000,0.2042164903,160,1,2026-06-28 02:00:00
4849,13.2758384668,2013-03-19,2013-03-19 23:50:00,226817,59.4100000000,60129.2000000000,783.4822727976,160.0000000000,0.2042164903,160,1,2026-06-28 02:00:00
4848,13.2731006160,2013-03-20,2013-03-20 23:50:00,227028,64.4579715604,60129.2000000000,783.4822727976,160.0000000000,0.2042164903,160,1,2026-06-28 02:00:00
4847,13.2703627652,2013-03-21,2013-03-21 23:50:00,227247,72.2300000000,60129.2000000000,783.4822727976,160.0000000000,0.2042164903,160,1,2026-06-28 02:00:00
4846,13.2676249144,2013-03-22,2013-03-22 23:50:00,227475,69.9000000000,60129.2000000000,783.4822727976,160.0000000000,0.2042164903,160,1,2026-06-28 02:00:00
4845,13.2648870637,2013-03-23,2013-03-23 23:50:00,227691,63.9000000000,60129.2000000000,783.4822727976,160.0000000000,0.2042164903,160,1,2026-06-28 02:00:00
4844,13.2621492129,2013-03-24,2013-03-24 23:50:00,227881,70.3880000000,60129.2000000000,783.4822727976,160.0000000000,0.2042164903,160,1,2026-06-28 02:00:00
4843,13.2594113621,2013-03-25,2013-03-25 23:50:00,228025,75.1100000000,60129.2000000000,783.4822727976,160.0000000000,0.2042164903,160,1,2026-06-28 02:00:00
4842,13.2566735113,2013-03-26,2013-03-26 23:50:00,228175,79.8100000000,60129.2000000000,783.4822727976,160.0000000000,0.2042164903,160,1,2026-06-28 02:00:00
4841,13.2539356605,2013-03-27,2013-03-27 23:50:00,228307,89.3000000000,60129.2000000000,783.4822727976,160.0000000000,0.2042164903,160,1,2026-06-28 02:00:00
4840,13.2511978097,2013-03-28,2013-03-28 23:50:00,228490,88.9765319720,60129.2000000000,783.4822727976,160.0000000000,0.2042164903,160,1,2026-06-28 02:00:00
4839,13.2484599589,2013-03-29,2013-03-29 23:50:00,228662,90.0000000000,60129.2000000000,783.4822727976,160.0000000000,0.2042164903,160,1,2026-06-28 02:00:00
4838,13.2457221081,2013-03-30,2013-03-30 23:50:00,228838,92.2521875764,60129.2000000000,783.4822727976,160.0000000000,0.2042164903,160,1,2026-06-28 02:00:00
4837,13.2429842574,2013-03-31,2013-03-31 23:50:00,229006,96.1491459096,60129.2000000000,783.4822727976,160.0000000000,0.2042164903,160,1,2026-06-28 02:00:00
4836,13.2402464066,2013-04-01,2013-04-01 23:50:00,229205,104.7060000000,60129.2000000000,907.1479545415,159.0000000000,0.1752746057,159,1,2026-06-28 02:00:00
4835,13.2375085558,2013-04-02,2013-04-02 23:50:00,229385,115.8031815540,60129.2000000000,907.1479545415,159.0000000000,0.1752746057,159,1,2026-06-28 02:00:00
4834,13.2347707050,2013-04-03,2013-04-03 23:50:00,229560,132.5456779500,60129.2000000000,907.1479545415,159.0000000000,0.1752746057,159,1,2026-06-28 02:00:00
4833,13.2320328542,2013-04-04,2013-04-04 23:50:00,229714,134.9403249560,60129.2000000000,907.1479545415,159.0000000000,0.1752746057,159,1,2026-06-28 02:00:00
4832,13.2292950034,2013-04-05,2013-04-05 23:50:00,229872,141.7894163900,60129.2000000000,907.1479545415,159.0000000000,0.1752746057,159,1,2026-06-28 02:00:00
4831,13.2265571526,2013-04-06,2013-04-06 23:50:00,230036,141.0000000000,60129.2000000000,907.1479545415,159.0000000000,0.1752746057,159,1,2026-06-28 02:00:00
4830,13.2238193018,2013-04-07,2013-04-07 23:50:00,230198,164.9691250000,60129.2000000000,907.1479545415,159.0000000000,0.1752746057,159,1,2026-06-28 02:00:00
4829,13.2210814511,2013-04-08,2013-04-08 23:50:00,230355,185.2172370900,60129.2000000000,907.1479545415,159.0000000000,0.1752746057,159,1,2026-06-28 02:00:00
4828,13.2183436003,2013-04-09,2013-04-09 23:50:00,230531,229.4723525820,60129.2000000000,907.1479545415,159.0000000000,0.1752746057,159,1,2026-06-28 02:00:00
4827,13.2156057495,2013-04-10,2013-04-10 23:50:00,230722,160.0826217180,60129.2000000000,907.1479545415,159.0000000000,0.1752746057,159,1,2026-06-28 02:00:00
4826,13.2128678987,2013-04-11,2013-04-11 23:50:00,230880,81.2033201272,60129.2000000000,907.1479545415,159.0000000000,0.1752746057,159,1,2026-06-28 02:00:00
4825,13.2101300479,2013-04-12,2013-04-12 23:50:00,231055,108.3113968380,60129.2000000000,907.1479545415,159.0000000000,0.1752746057,159,1,2026-06-28 02:00:00
4824,13.2073921971,2013-04-13,2013-04-13 23:50:00,231222,92.8058935256,60129.2000000000,907.1479545415,159.0000000000,0.1752746057,159,1,2026-06-28 02:00:00
4823,13.2046543463,2013-04-14,2013-04-14 23:50:00,231375,91.1100000000,60129.2000000000,907.1479545415,159.0000000000,0.1752746057,159,1,2026-06-28 02:00:00
4822,13.2019164956,2013-04-15,2013-04-15 23:50:00,231536,74.0000000000,60129.2000000000,907.1479545415,159.0000000000,0.1752746057,159,1,2026-06-28 02:00:00
4821,13.1991786448,2013-04-16,2013-04-16 23:50:00,231715,67.9798189258,60129.2000000000,907.1479545415,159.0000000000,0.1752746057,159,1,2026-06-28 02:00:00
4820,13.1964407940,2013-04-17,2013-04-17 23:50:00,231886,89.8880000000,60129.2000000000,907.1479545415,159.0000000000,0.1752746057,159,1,2026-06-28 02:00:00
4819,13.1937029432,2013-04-18,2013-04-18 23:50:00,232034,109.0546346800,60129.2000000000,907.1479545415,159.0000000000,0.1752746057,159,1,2026-06-28 02:00:00
4818,13.1909650924,2013-04-19,2013-04-19 23:50:00,232169,117.8690035280,60129.2000000000,907.1479545415,159.0000000000,0.1752746057,159,1,2026-06-28 02:00:00
4817,13.1882272416,2013-04-20,2013-04-20 23:50:00,232322,126.3631636760,60129.2000000000,907.1479545415,159.0000000000,0.1752746057,159,1,2026-06-28 02:00:00
4816,13.1854893908,2013-04-21,2013-04-21 23:50:00,232500,117.6124517520,60129.2000000000,907.1479545415,159.0000000000,0.1752746057,159,1,2026-06-28 02:00:00
4815,13.1827515400,2013-04-22,2013-04-22 23:50:00,232654,123.9440000000,60129.2000000000,907.1479545415,159.0000000000,0.1752746057,159,1,2026-06-28 02:00:00
4814,13.1800136893,2013-04-23,2013-04-23 23:50:00,232822,137.0340000000,60129.2000000000,907.1479545415,159.0000000000,0.1752746057,159,1,2026-06-28 02:00:00
4813,13.1772758385,2013-04-24,2013-04-24 23:50:00,232983,149.4000000000,60129.2000000000,907.1479545415,159.0000000000,0.1752746057,159,1,2026-06-28 02:00:00
4812,13.1745379877,2013-04-25,2013-04-25 23:50:00,233155,141.8920000000,60129.2000000000,907.1479545415,159.0000000000,0.1752746057,159,1,2026-06-28 02:00:00
4811,13.1718001369,2013-04-26,2013-04-26 23:50:00,233326,137.3200000000,60129.2000000000,907.1479545415,159.0000000000,0.1752746057,159,1,2026-06-28 02:00:00
4810,13.1690622861,2013-04-27,2013-04-27 23:50:00,233474,128.7499862660,60129.2000000000,907.1479545415,159.0000000000,0.1752746057,159,1,2026-06-28 02:00:00
4809,13.1663244353,2013-04-28,2013-04-28 23:50:00,233651,135.2888556420,60129.2000000000,907.1479545415,159.0000000000,0.1752746057,159,1,2026-06-28 02:00:00
4808,13.1635865845,2013-04-29,2013-04-29 23:50:00,233825,143.2955765540,60129.2000000000,907.1479545415,159.0000000000,0.1752746057,159,1,2026-06-28 02:00:00
4807,13.1608487337,2013-04-30,2013-04-30 23:50:00,233972,139.5840000000,60129.2000000000,907.1479545415,159.0000000000,0.1752746057,159,1,2026-06-28 02:00:00
4806,13.1581108830,2013-05-01,2013-05-01 23:50:00,234123,116.7500000000,60129.2000000000,953.3920733219,158.0000000000,0.1657240546,158,1,2026-06-28 02:00:00
4805,13.1553730322,2013-05-02,2013-05-02 23:50:00,234258,106.4352085180,60129.2000000000,953.3920733219,158.0000000000,0.1657240546,158,1,2026-06-28 02:00:00
4804,13.1526351814,2013-05-03,2013-05-03 23:50:00,234395,97.9590735490,60129.2000000000,953.3920733219,158.0000000000,0.1657240546,158,1,2026-06-28 02:00:00
4803,13.1498973306,2013-05-04,2013-05-04 23:50:00,234555,112.8306588920,60129.2000000000,953.3920733219,158.0000000000,0.1657240546,158,1,2026-06-28 02:00:00
4802,13.1471594798,2013-05-05,2013-05-05 23:50:00,234720,116.8295597840,60129.2000000000,953.3920733219,158.0000000000,0.1657240546,158,1,2026-06-28 02:00:00
4801,13.1444216290,2013-05-06,2013-05-06 23:50:00,234885,112.5799000000,60129.2000000000,953.3920733219,158.0000000000,0.1657240546,158,1,2026-06-28 02:00:00
4800,13.1416837782,2013-05-07,2013-05-07 23:50:00,235054,110.9396161140,60129.2000000000,953.3920733219,158.0000000000,0.1657240546,158,1,2026-06-28 02:00:00
4799,13.1389459274,2013-05-08,2013-05-08 23:50:00,235219,113.5061941900,60129.2000000000,953.3920733219,158.0000000000,0.1657240546,158,1,2026-06-28 02:00:00
4798,13.1362080767,2013-05-09,2013-05-09 23:50:00,235380,111.6440000000,60129.2000000000,953.3920733219,158.0000000000,0.1657240546,158,1,2026-06-28 02:00:00
4797,13.1334702259,2013-05-10,2013-05-10 23:50:00,235552,117.8826578340,60129.2000000000,953.3920733219,158.0000000000,0.1657240546,158,1,2026-06-28 02:00:00
4796,13.1307323751,2013-05-11,2013-05-11 23:50:00,235737,115.3910000000,60129.2000000000,953.3920733219,158.0000000000,0.1657240546,158,1,2026-06-28 02:00:00
4795,13.1279945243,2013-05-12,2013-05-12 23:50:00,235905,114.5000000000,60129.2000000000,953.3920733219,158.0000000000,0.1657240546,158,1,2026-06-28 02:00:00
4794,13.1252566735,2013-05-13,2013-05-13 23:50:00,236075,115.9283158620,60129.2000000000,953.3920733219,158.0000000000,0.1657240546,158,1,2026-06-28 02:00:00
4793,13.1225188227,2013-05-14,2013-05-14 23:50:00,236230,107.0620436020,60129.2000000000,953.3920733219,158.0000000000,0.1657240546,158,1,2026-06-28 02:00:00
4792,13.1197809719,2013-05-15,2013-05-15 23:50:00,236373,108.5926339340,60129.2000000000,953.3920733219,158.0000000000,0.1657240546,158,1,2026-06-28 02:00:00
4791,13.1170431211,2013-05-16,2013-05-16 23:50:00,236520,113.3203249160,60129.2000000000,953.3920733219,158.0000000000,0.1657240546,158,1,2026-06-28 02:00:00
4790,13.1143052704,2013-05-17,2013-05-17 23:50:00,236682,117.4571630520,60129.2000000000,953.3920733219,158.0000000000,0.1657240546,158,1,2026-06-28 02:00:00
4789,13.1115674196,2013-05-18,2013-05-18 23:50:00,236829,118.4838000000,60129.2000000000,953.3920733219,158.0000000000,0.1657240546,158,1,2026-06-28 02:00:00
4788,13.1088295688,2013-05-19,2013-05-19 23:50:00,236987,116.3800000000,60129.2000000000,953.3920733219,158.0000000000,0.1657240546,158,1,2026-06-28 02:00:00
4787,13.1060917180,2013-05-20,2013-05-20 23:50:00,237116,117.5990418040,60129.2000000000,953.3920733219,158.0000000000,0.1657240546,158,1,2026-06-28 02:00:00
4786,13.1033538672,2013-05-21,2013-05-21 23:50:00,237267,117.3480000000,60129.2000000000,953.3920733219,158.0000000000,0.1657240546,158,1,2026-06-28 02:00:00
4785,13.1006160164,2013-05-22,2013-05-22 23:50:00,237423,119.0755218360,60129.2000000000,953.3920733219,158.0000000000,0.1657240546,158,1,2026-06-28 02:00:00
4784,13.0978781656,2013-05-23,2013-05-23 23:50:00,237597,123.8352774440,60129.2000000000,953.3920733219,158.0000000000,0.1657240546,158,1,2026-06-28 02:00:00
4783,13.0951403149,2013-05-24,2013-05-24 23:50:00,237766,128.6639179440,60129.2000000000,953.3920733219,158.0000000000,0.1657240546,158,1,2026-06-28 02:00:00
4782,13.0924024641,2013-05-25,2013-05-25 23:50:00,237931,128.8805726100,60129.2000000000,953.3920733219,158.0000000000,0.1657240546,158,1,2026-06-28 02:00:00
4781,13.0896646133,2013-05-26,2013-05-26 23:50:00,238092,130.0020807560,60129.2000000000,953.3920733219,158.0000000000,0.1657240546,158,1,2026-06-28 02:00:00
4780,13.0869267625,2013-05-27,2013-05-27 23:50:00,238271,126.2477154940,60129.2000000000,953.3920733219,158.0000000000,0.1657240546,158,1,2026-06-28 02:00:00
4779,13.0841889117,2013-05-28,2013-05-28 23:50:00,238428,125.8736908000,60129.2000000000,953.3920733219,158.0000000000,0.1657240546,158,1,2026-06-28 02:00:00
4778,13.0814510609,2013-05-29,2013-05-29 23:50:00,238595,130.2514872220,60129.2000000000,953.3920733219,158.0000000000,0.1657240546,158,1,2026-06-28 02:00:00
4777,13.0787132101,2013-05-30,2013-05-30 23:50:00,238776,126.9620000000,60129.2000000000,953.3920733219,158.0000000000,0.1657240546,158,1,2026-06-28 02:00:00
4776,13.0759753593,2013-05-31,2013-05-31 23:50:00,238950,127.8813895120,60129.2000000000,953.3920733219,158.0000000000,0.1657240546,158,1,2026-06-28 02:00:00
4775,13.0732375086,2013-06-01,2013-06-01 23:50:00,239159,128.7375331080,60129.2000000000,998.9899124398,157.0000000000,0.1571587441,157,1,2026-06-28 02:00:00
4774,13.0704996578,2013-06-02,2013-06-02 23:50:00,239361,122.3461775700,60129.2000000000,998.9899124398,157.0000000000,0.1571587441,157,1,2026-06-28 02:00:00
4773,13.0677618070,2013-06-03,2013-06-03 23:50:00,239575,123.1525392200,60129.2000000000,998.9899124398,157.0000000000,0.1571587441,157,1,2026-06-28 02:00:00
4772,13.0650239562,2013-06-04,2013-06-04 23:50:00,239788,120.3217278960,60129.2000000000,998.9899124398,157.0000000000,0.1571587441,157,1,2026-06-28 02:00:00
4771,13.0622861054,2013-06-05,2013-06-05 23:50:00,239972,121.1903953500,60129.2000000000,998.9899124398,157.0000000000,0.1571587441,157,1,2026-06-28 02:00:00
4770,13.0595482546,2013-06-06,2013-06-06 23:50:00,240152,118.8114569040,60129.2000000000,998.9899124398,157.0000000000,0.1571587441,157,1,2026-06-28 02:00:00
4769,13.0568104038,2013-06-07,2013-06-07 23:50:00,240312,110.3100207440,60129.2000000000,998.9899124398,157.0000000000,0.1571587441,157,1,2026-06-28 02:00:00
4768,13.0540725530,2013-06-08,2013-06-08 23:50:00,240493,109.1205570160,60129.2000000000,998.9899124398,157.0000000000,0.1571587441,157,1,2026-06-28 02:00:00
4767,13.0513347023,2013-06-09,2013-06-09 23:50:00,240655,99.6530898088,60129.2000000000,998.9899124398,157.0000000000,0.1571587441,157,1,2026-06-28 02:00:00
4766,13.0485968515,2013-06-10,2013-06-10 23:50:00,240826,104.3145502660,60129.2000000000,998.9899124398,157.0000000000,0.1571587441,157,1,2026-06-28 02:00:00
4765,13.0458590007,2013-06-11,2013-06-11 23:50:00,241007,107.3620000000,60129.2000000000,998.9899124398,157.0000000000,0.1571587441,157,1,2026-06-28 02:00:00
4764,13.0431211499,2013-06-12,2013-06-12 23:50:00,241211,106.0121611020,60129.2000000000,998.9899124398,157.0000000000,0.1571587441,157,1,2026-06-28 02:00:00
4763,13.0403832991,2013-06-13,2013-06-13 23:50:00,241396,102.0759270280,60129.2000000000,998.9899124398,157.0000000000,0.1571587441,157,1,2026-06-28 02:00:00
4762,13.0376454483,2013-06-14,2013-06-14 23:50:00,241577,99.2239187486,60129.2000000000,998.9899124398,157.0000000000,0.1571587441,157,1,2026-06-28 02:00:00
4761,13.0349075975,2013-06-15,2013-06-15 23:50:00,241750,99.7010813230,60129.2000000000,998.9899124398,157.0000000000,0.1571587441,157,1,2026-06-28 02:00:00
4760,13.0321697467,2013-06-16,2013-06-16 23:50:00,241933,98.9963649952,60129.2000000000,998.9899124398,157.0000000000,0.1571587441,157,1,2026-06-28 02:00:00
4759,13.0294318960,2013-06-17,2013-06-17 23:50:00,242079,100.0000000000,60129.2000000000,998.9899124398,157.0000000000,0.1571587441,157,1,2026-06-28 02:00:00
4758,13.0266940452,2013-06-18,2013-06-18 23:50:00,242217,104.2125055600,60129.2000000000,998.9899124398,157.0000000000,0.1571587441,157,1,2026-06-28 02:00:00
4757,13.0239561944,2013-06-19,2013-06-19 23:50:00,242356,105.2384867000,60129.2000000000,998.9899124398,157.0000000000,0.1571587441,157,1,2026-06-28 02:00:00
4756,13.0212183436,2013-06-20,2013-06-20 23:50:00,242510,102.9958864840,60129.2000000000,998.9899124398,157.0000000000,0.1571587441,157,1,2026-06-28 02:00:00
4755,13.0184804928,2013-06-21,2013-06-21 23:50:00,242678,101.5785504120,60129.2000000000,998.9899124398,157.0000000000,0.1571587441,157,1,2026-06-28 02:00:00
4754,13.0157426420,2013-06-22,2013-06-22 23:50:00,242855,100.0000000000,60129.2000000000,998.9899124398,157.0000000000,0.1571587441,157,1,2026-06-28 02:00:00
4753,13.0130047912,2013-06-23,2013-06-23 23:50:00,243019,100.4100000000,60129.2000000000,998.9899124398,157.0000000000,0.1571587441,157,1,2026-06-28 02:00:00
4752,13.0102669405,2013-06-24,2013-06-24 23:50:00,243169,99.1983071558,60129.2000000000,998.9899124398,157.0000000000,0.1571587441,157,1,2026-06-28 02:00:00
4751,13.0075290897,2013-06-25,2013-06-25 23:50:00,243325,97.8348793632,60129.2000000000,998.9899124398,157.0000000000,0.1571587441,157,1,2026-06-28 02:00:00
4750,13.0047912389,2013-06-26,2013-06-26 23:50:00,243500,98.5186222374,60129.2000000000,998.9899124398,157.0000000000,0.1571587441,157,1,2026-06-28 02:00:00
4749,13.0020533881,2013-06-27,2013-06-27 23:50:00,243666,96.8398302298,60129.2000000000,998.9899124398,157.0000000000,0.1571587441,157,1,2026-06-28 02:00:00
4748,12.9993155373,2013-06-28,2013-06-28 23:50:00,243836,89.8270149586,60129.2000000000,998.9899124398,157.0000000000,0.1571587441,157,1,2026-06-28 02:00:00
4747,12.9965776865,2013-06-29,2013-06-29 23:50:00,244005,88.9800000000,60129.2000000000,998.9899124398,157.0000000000,0.1571587441,157,1,2026-06-28 02:00:00
4746,12.9938398357,2013-06-30,2013-06-30 23:50:00,244158,89.4830370372,60129.2000000000,998.9899124398,157.0000000000,0.1571587441,157,1,2026-06-28 02:00:00
4745,12.9911019849,2013-07-01,2013-07-01 23:50:00,244315,83.8663799370,60129.2000000000,1044.2396013027,156.0000000000,0.1493910016,156,1,2026-06-28 02:00:00
4744,12.9883641342,2013-07-02,2013-07-02 23:50:00,244469,87.9202756588,60129.2000000000,1044.2396013027,156.0000000000,0.1493910016,156,1,2026-06-28 02:00:00
4743,12.9856262834,2013-07-03,2013-07-03 23:50:00,244651,77.8700280454,60129.2000000000,1044.2396013027,156.0000000000,0.1493910016,156,1,2026-06-28 02:00:00
4742,12.9828884326,2013-07-04,2013-07-04 23:50:00,244817,79.2388480802,60129.2000000000,1044.2396013027,156.0000000000,0.1493910016,156,1,2026-06-28 02:00:00
4741,12.9801505818,2013-07-05,2013-07-05 23:50:00,245003,67.0842065048,60129.2000000000,1044.2396013027,156.0000000000,0.1493910016,156,1,2026-06-28 02:00:00
4740,12.9774127310,2013-07-06,2013-07-06 23:50:00,245190,66.1934263416,60129.2000000000,1044.2396013027,156.0000000000,0.1493910016,156,1,2026-06-28 02:00:00
4739,12.9746748802,2013-07-07,2013-07-07 23:50:00,245377,73.7175890654,60129.2000000000,1044.2396013027,156.0000000000,0.1493910016,156,1,2026-06-28 02:00:00
4738,12.9719370294,2013-07-08,2013-07-08 23:50:00,245567,74.1486956236,60129.2000000000,1044.2396013027,156.0000000000,0.1493910016,156,1,2026-06-28 02:00:00
4737,12.9691991786,2013-07-09,2013-07-09 23:50:00,245753,75.0001833866,60129.2000000000,1044.2396013027,156.0000000000,0.1493910016,156,1,2026-06-28 02:00:00
4736,12.9664613279,2013-07-10,2013-07-10 23:50:00,245949,86.0265657156,60129.2000000000,1044.2396013027,156.0000000000,0.1493910016,156,1,2026-06-28 02:00:00
4735,12.9637234771,2013-07-11,2013-07-11 23:50:00,246122,87.6346673952,60129.2000000000,1044.2396013027,156.0000000000,0.1493910016,156,1,2026-06-28 02:00:00
4734,12.9609856263,2013-07-12,2013-07-12 23:50:00,246277,90.1719915296,60129.2000000000,1044.2396013027,156.0000000000,0.1493910016,156,1,2026-06-28 02:00:00
4733,12.9582477755,2013-07-13,2013-07-13 23:50:00,246433,91.6386140104,60129.2000000000,1044.2396013027,156.0000000000,0.1493910016,156,1,2026-06-28 02:00:00
4732,12.9555099247,2013-07-14,2013-07-14 23:50:00,246604,90.0420000000,60129.2000000000,1044.2396013027,156.0000000000,0.1493910016,156,1,2026-06-28 02:00:00
4731,12.9527720739,2013-07-15,2013-07-15 23:50:00,246767,93.7718702122,60129.2000000000,1044.2396013027,156.0000000000,0.1493910016,156,1,2026-06-28 02:00:00
4730,12.9500342231,2013-07-16,2013-07-16 23:50:00,246933,91.5859280438,60129.2000000000,1044.2396013027,156.0000000000,0.1493910016,156,1,2026-06-28 02:00:00
4729,12.9472963723,2013-07-17,2013-07-17 23:50:00,247118,91.0722695660,60129.2000000000,1044.2396013027,156.0000000000,0.1493910016,156,1,2026-06-28 02:00:00
4728,12.9445585216,2013-07-18,2013-07-18 23:50:00,247277,85.1628421328,60129.2000000000,1044.2396013027,156.0000000000,0.1493910016,156,1,2026-06-28 02:00:00
4727,12.9418206708,2013-07-19,2013-07-19 23:50:00,247450,86.4897668956,60129.2000000000,1044.2396013027,156.0000000000,0.1493910016,156,1,2026-06-28 02:00:00
4726,12.9390828200,2013-07-20,2013-07-20 23:50:00,247635,84.9360844130,60129.2000000000,1044.2396013027,156.0000000000,0.1493910016,156,1,2026-06-28 02:00:00
4725,12.9363449692,2013-07-21,2013-07-21 23:50:00,247833,85.8535458746,60129.2000000000,1044.2396013027,156.0000000000,0.1493910016,156,1,2026-06-28 02:00:00
4724,12.9336071184,2013-07-22,2013-07-22 23:50:00,247999,85.6013564132,60129.2000000000,1044.2396013027,156.0000000000,0.1493910016,156,1,2026-06-28 02:00:00
4723,12.9308692676,2013-07-23,2013-07-23 23:50:00,248140,86.8868121148,60129.2000000000,1044.2396013027,156.0000000000,0.1493910016,156,1,2026-06-28 02:00:00
4722,12.9281314168,2013-07-24,2013-07-24 23:50:00,248297,88.3315118620,60129.2000000000,1044.2396013027,156.0000000000,0.1493910016,156,1,2026-06-28 02:00:00
4721,12.9253935661,2013-07-25,2013-07-25 23:50:00,248444,90.1203062252,60129.2000000000,1044.2396013027,156.0000000000,0.1493910016,156,1,2026-06-28 02:00:00
4720,12.9226557153,2013-07-26,2013-07-26 23:50:00,248611,89.9867595098,60129.2000000000,1044.2396013027,156.0000000000,0.1493910016,156,1,2026-06-28 02:00:00
4719,12.9199178645,2013-07-27,2013-07-27 23:50:00,248789,88.1600000000,60129.2000000000,1044.2396013027,156.0000000000,0.1493910016,156,1,2026-06-28 02:00:00
4718,12.9171800137,2013-07-28,2013-07-28 23:50:00,248959,92.5140000000,60129.2000000000,1044.2396013027,156.0000000000,0.1493910016,156,1,2026-06-28 02:00:00
4717,12.9144421629,2013-07-29,2013-07-29 23:50:00,249136,93.3900000000,60129.2000000000,1044.2396013027,156.0000000000,0.1493910016,156,1,2026-06-28 02:00:00
4716,12.9117043121,2013-07-30,2013-07-30 23:50:00,249334,96.7757675278,60129.2000000000,1044.2396013027,156.0000000000,0.1493910016,156,1,2026-06-28 02:00:00
4715,12.9089664613,2013-07-31,2013-07-31 23:50:00,249524,98.2320000000,60129.2000000000,1044.2396013027,156.0000000000,0.1493910016,156,1,2026-06-28 02:00:00
4714,12.9062286105,2013-08-01,2013-08-01 23:50:00,249700,96.5785610740,60129.2000000000,1127.5411026475,155.0000000000,0.1374672725,155,1,2026-06-28 02:00:00
4713,12.9034907598,2013-08-02,2013-08-02 23:50:00,249893,95.8301376346,60129.2000000000,1127.5411026475,155.0000000000,0.1374672725,155,1,2026-06-28 02:00:00
4712,12.9007529090,2013-08-03,2013-08-03 23:50:00,250063,95.5500000000,60129.2000000000,1127.5411026475,155.0000000000,0.1374672725,155,1,2026-06-28 02:00:00
4711,12.8980150582,2013-08-04,2013-08-04 23:50:00,250242,96.3800000000,60129.2000000000,1127.5411026475,155.0000000000,0.1374672725,155,1,2026-06-28 02:00:00
4710,12.8952772074,2013-08-05,2013-08-05 23:50:00,250429,97.8009667200,60129.2000000000,1127.5411026475,155.0000000000,0.1374672725,155,1,2026-06-28 02:00:00
4709,12.8925393566,2013-08-06,2013-08-06 23:50:00,250619,97.6880000000,60129.2000000000,1127.5411026475,155.0000000000,0.1374672725,155,1,2026-06-28 02:00:00
4708,12.8898015058,2013-08-07,2013-08-07 23:50:00,250806,97.0628843610,60129.2000000000,1127.5411026475,155.0000000000,0.1374672725,155,1,2026-06-28 02:00:00
4707,12.8870636550,2013-08-08,2013-08-08 23:50:00,251009,94.2685705668,60129.2000000000,1127.5411026475,155.0000000000,0.1374672725,155,1,2026-06-28 02:00:00
4706,12.8843258042,2013-08-09,2013-08-09 23:50:00,251206,92.2924062460,60129.2000000000,1127.5411026475,155.0000000000,0.1374672725,155,1,2026-06-28 02:00:00
4705,12.8815879535,2013-08-10,2013-08-10 23:50:00,251416,93.5100000000,60129.2000000000,1127.5411026475,155.0000000000,0.1374672725,155,1,2026-06-28 02:00:00
4704,12.8788501027,2013-08-11,2013-08-11 23:50:00,251631,94.1440000000,60129.2000000000,1127.5411026475,155.0000000000,0.1374672725,155,1,2026-06-28 02:00:00
4703,12.8761122519,2013-08-12,2013-08-12 23:50:00,251849,95.3870275228,60129.2000000000,1127.5411026475,155.0000000000,0.1374672725,155,1,2026-06-28 02:00:00
4702,12.8733744011,2013-08-13,2013-08-13 23:50:00,252030,97.8292939478,60129.2000000000,1127.5411026475,155.0000000000,0.1374672725,155,1,2026-06-28 02:00:00
4701,12.8706365503,2013-08-14,2013-08-14 23:50:00,252199,99.1806789844,60129.2000000000,1127.5411026475,155.0000000000,0.1374672725,155,1,2026-06-28 02:00:00
4700,12.8678986995,2013-08-15,2013-08-15 23:50:00,252369,98.1072987918,60129.2000000000,1127.5411026475,155.0000000000,0.1374672725,155,1,2026-06-28 02:00:00
4699,12.8651608487,2013-08-16,2013-08-16 23:50:00,252536,98.2500000000,60129.2000000000,1127.5411026475,155.0000000000,0.1374672725,155,1,2026-06-28 02:00:00
4698,12.8624229979,2013-08-17,2013-08-17 23:50:00,252728,99.7648631980,60129.2000000000,1127.5411026475,155.0000000000,0.1374672725,155,1,2026-06-28 02:00:00
4697,12.8596851472,2013-08-18,2013-08-18 23:50:00,252920,99.3000000000,60129.2000000000,1127.5411026475,155.0000000000,0.1374672725,155,1,2026-06-28 02:00:00
4696,12.8569472964,2013-08-19,2013-08-19 23:50:00,253099,102.8500000000,60129.2000000000,1127.5411026475,155.0000000000,0.1374672725,155,1,2026-06-28 02:00:00
4695,12.8542094456,2013-08-20,2013-08-20 23:50:00,253288,104.8035180560,60129.2000000000,1127.5411026475,155.0000000000,0.1374672725,155,1,2026-06-28 02:00:00
4694,12.8514715948,2013-08-21,2013-08-21 23:50:00,253485,110.4300000000,60129.2000000000,1127.5411026475,155.0000000000,0.1374672725,155,1,2026-06-28 02:00:00
4693,12.8487337440,2013-08-22,2013-08-22 23:50:00,253700,109.5430502120,60129.2000000000,1127.5411026475,155.0000000000,0.1374672725,155,1,2026-06-28 02:00:00
4692,12.8459958932,2013-08-23,2013-08-23 23:50:00,253894,107.7023200880,60129.2000000000,1127.5411026475,155.0000000000,0.1374672725,155,1,2026-06-28 02:00:00
4691,12.8432580424,2013-08-24,2013-08-24 23:50:00,254078,109.0500683340,60129.2000000000,1127.5411026475,155.0000000000,0.1374672725,155,1,2026-06-28 02:00:00
4690,12.8405201916,2013-08-25,2013-08-25 23:50:00,254230,113.1731481480,60129.2000000000,1127.5411026475,155.0000000000,0.1374672725,155,1,2026-06-28 02:00:00
4689,12.8377823409,2013-08-26,2013-08-26 23:50:00,254397,111.8260384080,60129.2000000000,1127.5411026475,155.0000000000,0.1374672725,155,1,2026-06-28 02:00:00
4688,12.8350444901,2013-08-27,2013-08-27 23:50:00,254565,117.7098470700,60129.2000000000,1127.5411026475,155.0000000000,0.1374672725,155,1,2026-06-28 02:00:00
4687,12.8323066393,2013-08-28,2013-08-28 23:50:00,254743,117.9420000000,60129.2000000000,1127.5411026475,155.0000000000,0.1374672725,155,1,2026-06-28 02:00:00
4686,12.8295687885,2013-08-29,2013-08-29 23:50:00,254933,118.5465714600,60129.2000000000,1127.5411026475,155.0000000000,0.1374672725,155,1,2026-06-28 02:00:00
4685,12.8268309377,2013-08-30,2013-08-30 23:50:00,255138,124.8549651160,60129.2000000000,1127.5411026475,155.0000000000,0.1374672725,155,1,2026-06-28 02:00:00
4684,12.8240930869,2013-08-31,2013-08-31 23:50:00,255361,128.3689372200,60129.2000000000,1127.5411026475,155.0000000000,0.1374672725,155,1,2026-06-28 02:00:00
4683,12.8213552361,2013-09-01,2013-09-01 23:50:00,255578,130.6680000000,60129.2000000000,1211.5203853500,154.0000000000,0.1271130076,154,1,2026-06-28 02:00:00
4682,12.8186173854,2013-09-02,2013-09-02 23:50:00,255795,130.0707200000,60129.2000000000,1211.5203853500,154.0000000000,0.1271130076,154,1,2026-06-28 02:00:00
4681,12.8158795346,2013-09-03,2013-09-03 23:50:00,255990,129.1793672240,60129.2000000000,1211.5203853500,154.0000000000,0.1271130076,154,1,2026-06-28 02:00:00
4680,12.8131416838,2013-09-04,2013-09-04 23:50:00,256153,122.1799695960,60129.2000000000,1211.5203853500,154.0000000000,0.1271130076,154,1,2026-06-28 02:00:00
4679,12.8104038330,2013-09-05,2013-09-05 23:50:00,256331,122.6198512680,60129.2000000000,1211.5203853500,154.0000000000,0.1271130076,154,1,2026-06-28 02:00:00
4678,12.8076659822,2013-09-06,2013-09-06 23:50:00,256517,117.2155903820,60129.2000000000,1211.5203853500,154.0000000000,0.1271130076,154,1,2026-06-28 02:00:00
4677,12.8049281314,2013-09-07,2013-09-07 23:50:00,256663,119.9220000000,60129.2000000000,1211.5203853500,154.0000000000,0.1271130076,154,1,2026-06-28 02:00:00
4676,12.8021902806,2013-09-08,2013-09-08 23:50:00,256817,118.3400000000,60129.2000000000,1211.5203853500,154.0000000000,0.1271130076,154,1,2026-06-28 02:00:00
4675,12.7994524298,2013-09-09,2013-09-09 23:50:00,257022,121.2438956660,60129.2000000000,1211.5203853500,154.0000000000,0.1271130076,154,1,2026-06-28 02:00:00
4674,12.7967145791,2013-09-10,2013-09-10 23:50:00,257213,122.0661021660,60129.2000000000,1211.5203853500,154.0000000000,0.1271130076,154,1,2026-06-28 02:00:00
4673,12.7939767283,2013-09-11,2013-09-11 23:50:00,257412,127.3035687140,60129.2000000000,1211.5203853500,154.0000000000,0.1271130076,154,1,2026-06-28 02:00:00
4672,12.7912388775,2013-09-12,2013-09-12 23:50:00,257627,126.6573812160,60129.2000000000,1211.5203853500,154.0000000000,0.1271130076,154,1,2026-06-28 02:00:00
4671,12.7885010267,2013-09-13,2013-09-13 23:50:00,257829,127.5789443060,60129.2000000000,1211.5203853500,154.0000000000,0.1271130076,154,1,2026-06-28 02:00:00
4670,12.7857631759,2013-09-14,2013-09-14 23:50:00,258049,124.4900000000,60129.2000000000,1211.5203853500,154.0000000000,0.1271130076,154,1,2026-06-28 02:00:00
4669,12.7830253251,2013-09-15,2013-09-15 23:50:00,258229,125.3418186740,60129.2000000000,1211.5203853500,154.0000000000,0.1271130076,154,1,2026-06-28 02:00:00
4668,12.7802874743,2013-09-16,2013-09-16 23:50:00,258383,126.1445602940,60129.2000000000,1211.5203853500,154.0000000000,0.1271130076,154,1,2026-06-28 02:00:00
4667,12.7775496235,2013-09-17,2013-09-17 23:50:00,258562,126.8980751700,60129.2000000000,1211.5203853500,154.0000000000,0.1271130076,154,1,2026-06-28 02:00:00
4666,12.7748117728,2013-09-18,2013-09-18 23:50:00,258725,127.0503003480,60129.2000000000,1211.5203853500,154.0000000000,0.1271130076,154,1,2026-06-28 02:00:00
4665,12.7720739220,2013-09-19,2013-09-19 23:50:00,258916,124.1560000000,60129.2000000000,1211.5203853500,154.0000000000,0.1271130076,154,1,2026-06-28 02:00:00
4664,12.7693360712,2013-09-20,2013-09-20 23:50:00,259117,122.9818123940,60129.2000000000,1211.5203853500,154.0000000000,0.1271130076,154,1,2026-06-28 02:00:00
4663,12.7665982204,2013-09-21,2013-09-21 23:50:00,259306,123.4040000000,60129.2000000000,1211.5203853500,154.0000000000,0.1271130076,154,1,2026-06-28 02:00:00
4662,12.7638603696,2013-09-22,2013-09-22 23:50:00,259510,123.1552789540,60129.2000000000,1211.5203853500,154.0000000000,0.1271130076,154,1,2026-06-28 02:00:00
4661,12.7611225188,2013-09-23,2013-09-23 23:50:00,259719,122.6467440900,60129.2000000000,1211.5203853500,154.0000000000,0.1271130076,154,1,2026-06-28 02:00:00
4660,12.7583846680,2013-09-24,2013-09-24 23:50:00,259930,123.7720000000,60129.2000000000,1211.5203853500,154.0000000000,0.1271130076,154,1,2026-06-28 02:00:00
4659,12.7556468172,2013-09-25,2013-09-25 23:50:00,260137,123.2954116880,60129.2000000000,1211.5203853500,154.0000000000,0.1271130076,154,1,2026-06-28 02:00:00
4658,12.7529089665,2013-09-26,2013-09-26 23:50:00,260299,124.8404583080,60129.2000000000,1211.5203853500,154.0000000000,0.1271130076,154,1,2026-06-28 02:00:00
4657,12.7501711157,2013-09-27,2013-09-27 23:50:00,260477,126.8588387220,60129.2000000000,1211.5203853500,154.0000000000,0.1271130076,154,1,2026-06-28 02:00:00
4656,12.7474332649,2013-09-28,2013-09-28 23:50:00,260655,126.7602640320,60129.2000000000,1211.5203853500,154.0000000000,0.1271130076,154,1,2026-06-28 02:00:00
4655,12.7446954141,2013-09-29,2013-09-29 23:50:00,260822,127.0100000000,60129.2000000000,1211.5203853500,154.0000000000,0.1271130076,154,1,2026-06-28 02:00:00
4654,12.7419575633,2013-09-30,2013-09-30 23:50:00,260987,126.2500000000,60129.2000000000,1211.5203853500,154.0000000000,0.1271130076,154,1,2026-06-28 02:00:00
4653,12.7392197125,2013-10-01,2013-10-01 23:50:00,261174,127.4953750000,60129.2000000000,1280.7631727027,153.0000000000,0.1194600245,153,1,2026-06-28 02:00:00
4652,12.7364818617,2013-10-02,2013-10-02 23:50:00,261364,103.7198133860,60129.2000000000,1280.7631727027,153.0000000000,0.1194600245,153,1,2026-06-28 02:00:00
4651,12.7337440110,2013-10-03,2013-10-03 23:50:00,261564,117.5716317200,60129.2000000000,1280.7631727027,153.0000000000,0.1194600245,153,1,2026-06-28 02:00:00
4650,12.7310061602,2013-10-04,2013-10-04 23:50:00,261743,121.9400000000,60129.2000000000,1280.7631727027,153.0000000000,0.1194600245,153,1,2026-06-28 02:00:00
4649,12.7282683094,2013-10-05,2013-10-05 23:50:00,261962,121.2500000000,60129.2000000000,1280.7631727027,153.0000000000,0.1194600245,153,1,2026-06-28 02:00:00
4648,12.7255304586,2013-10-06,2013-10-06 23:50:00,262148,122.4900000000,60129.2000000000,1280.7631727027,153.0000000000,0.1194600245,153,1,2026-06-28 02:00:00
4647,12.7227926078,2013-10-07,2013-10-07 23:50:00,262302,123.5830019800,60129.2000000000,1280.7631727027,153.0000000000,0.1194600245,153,1,2026-06-28 02:00:00
4646,12.7200547570,2013-10-08,2013-10-08 23:50:00,262463,124.3537978000,60129.2000000000,1280.7631727027,153.0000000000,0.1194600245,153,1,2026-06-28 02:00:00
4645,12.7173169062,2013-10-09,2013-10-09 23:50:00,262641,125.9000000000,60129.2000000000,1280.7631727027,153.0000000000,0.1194600245,153,1,2026-06-28 02:00:00
4644,12.7145790554,2013-10-10,2013-10-10 23:50:00,262837,126.8000000000,60129.2000000000,1280.7631727027,153.0000000000,0.1194600245,153,1,2026-06-28 02:00:00
4643,12.7118412047,2013-10-11,2013-10-11 23:50:00,263022,127.4028133000,60129.2000000000,1280.7631727027,153.0000000000,0.1194600245,153,1,2026-06-28 02:00:00
4642,12.7091033539,2013-10-12,2013-10-12 23:50:00,263235,127.6640176520,60129.2000000000,1280.7631727027,153.0000000000,0.1194600245,153,1,2026-06-28 02:00:00
4641,12.7063655031,2013-10-13,2013-10-13 23:50:00,263456,132.5467988640,60129.2000000000,1280.7631727027,153.0000000000,0.1194600245,153,1,2026-06-28 02:00:00
4640,12.7036276523,2013-10-14,2013-10-14 23:50:00,263704,135.3629134980,60129.2000000000,1280.7631727027,153.0000000000,0.1194600245,153,1,2026-06-28 02:00:00
4639,12.7008898015,2013-10-15,2013-10-15 23:50:00,263966,144.0370095660,60129.2000000000,1280.7631727027,153.0000000000,0.1194600245,153,1,2026-06-28 02:00:00
4638,12.6981519507,2013-10-16,2013-10-16 23:50:00,264175,137.7259519320,60129.2000000000,1280.7631727027,153.0000000000,0.1194600245,153,1,2026-06-28 02:00:00
4637,12.6954140999,2013-10-17,2013-10-17 23:50:00,264344,143.9250826720,60129.2000000000,1280.7631727027,153.0000000000,0.1194600245,153,1,2026-06-28 02:00:00
4636,12.6926762491,2013-10-18,2013-10-18 23:50:00,264535,152.8900000000,60129.2000000000,1280.7631727027,153.0000000000,0.1194600245,153,1,2026-06-28 02:00:00
4635,12.6899383984,2013-10-19,2013-10-19 23:50:00,264759,166.0000000000,60129.2000000000,1280.7631727027,153.0000000000,0.1194600245,153,1,2026-06-28 02:00:00
4634,12.6872005476,2013-10-20,2013-10-20 23:50:00,264956,166.5774028460,60129.2000000000,1280.7631727027,153.0000000000,0.1194600245,153,1,2026-06-28 02:00:00
4633,12.6844626968,2013-10-21,2013-10-21 23:50:00,265168,180.0421454540,60129.2000000000,1280.7631727027,153.0000000000,0.1194600245,153,1,2026-06-28 02:00:00
4632,12.6817248460,2013-10-22,2013-10-22 23:50:00,265413,189.6718750000,60129.2000000000,1280.7631727027,153.0000000000,0.1194600245,153,1,2026-06-28 02:00:00
4631,12.6789869952,2013-10-23,2013-10-23 23:50:00,265635,203.6764721300,60129.2000000000,1280.7631727027,153.0000000000,0.1194600245,153,1,2026-06-28 02:00:00
4630,12.6762491444,2013-10-24,2013-10-24 23:50:00,265849,194.2056704680,60129.2000000000,1280.7631727027,153.0000000000,0.1194600245,153,1,2026-06-28 02:00:00
4629,12.6735112936,2013-10-25,2013-10-25 23:50:00,266083,187.4101391120,60129.2000000000,1280.7631727027,153.0000000000,0.1194600245,153,1,2026-06-28 02:00:00
4628,12.6707734428,2013-10-26,2013-10-26 23:50:00,266266,179.5600000000,60129.2000000000,1280.7631727027,153.0000000000,0.1194600245,153,1,2026-06-28 02:00:00
4627,12.6680355921,2013-10-27,2013-10-27 23:50:00,266445,194.2140405700,60129.2000000000,1280.7631727027,153.0000000000,0.1194600245,153,1,2026-06-28 02:00:00
4626,12.6652977413,2013-10-28,2013-10-28 23:50:00,266619,196.1578516320,60129.2000000000,1280.7631727027,153.0000000000,0.1194600245,153,1,2026-06-28 02:00:00
4625,12.6625598905,2013-10-29,2013-10-29 23:50:00,266781,204.7172157400,60129.2000000000,1280.7631727027,153.0000000000,0.1194600245,153,1,2026-06-28 02:00:00
4624,12.6598220397,2013-10-30,2013-10-30 23:50:00,266975,198.2414837340,60129.2000000000,1280.7631727027,153.0000000000,0.1194600245,153,1,2026-06-28 02:00:00
4623,12.6570841889,2013-10-31,2013-10-31 23:50:00,267186,203.1882634280,60129.2000000000,1280.7631727027,153.0000000000,0.1194600245,153,1,2026-06-28 02:00:00
4622,12.6543463381,2013-11-01,2013-11-01 23:50:00,267393,202.6600000000,60129.2000000000,1361.8045727338,152.0000000000,0.1116166027,152,1,2026-06-28 02:00:00
4621,12.6516084873,2013-11-02,2013-11-02 23:50:00,267597,204.7806666680,60129.2000000000,1361.8045727338,152.0000000000,0.1116166027,152,1,2026-06-28 02:00:00
4620,12.6488706366,2013-11-03,2013-11-03 23:50:00,267787,209.9767690520,60129.2000000000,1361.8045727338,152.0000000000,0.1116166027,152,1,2026-06-28 02:00:00
4619,12.6461327858,2013-11-04,2013-11-04 23:50:00,267983,227.6614745600,60129.2000000000,1361.8045727338,152.0000000000,0.1116166027,152,1,2026-06-28 02:00:00
4618,12.6433949350,2013-11-05,2013-11-05 23:50:00,268158,242.8534610940,60129.2000000000,1361.8045727338,152.0000000000,0.1116166027,152,1,2026-06-28 02:00:00
4617,12.6406570842,2013-11-06,2013-11-06 23:50:00,268321,263.3740693420,60129.2000000000,1361.8045727338,152.0000000000,0.1116166027,152,1,2026-06-28 02:00:00
4616,12.6379192334,2013-11-07,2013-11-07 23:50:00,268464,290.8376170480,60129.2000000000,1361.8045727338,152.0000000000,0.1116166027,152,1,2026-06-28 02:00:00
4615,12.6351813826,2013-11-08,2013-11-08 23:50:00,268599,334.1864086820,60129.2000000000,1361.8045727338,152.0000000000,0.1116166027,152,1,2026-06-28 02:00:00
4614,12.6324435318,2013-11-09,2013-11-09 23:50:00,268745,334.8792482300,60129.2000000000,1361.8045727338,152.0000000000,0.1116166027,152,1,2026-06-28 02:00:00
4613,12.6297056810,2013-11-10,2013-11-10 23:50:00,268916,325.4390789680,60129.2000000000,1361.8045727338,152.0000000000,0.1116166027,152,1,2026-06-28 02:00:00
4612,12.6269678303,2013-11-11,2013-11-11 23:50:00,269104,343.7995098560,60129.2000000000,1361.8045727338,152.0000000000,0.1116166027,152,1,2026-06-28 02:00:00
4611,12.6242299795,2013-11-12,2013-11-12 23:50:00,269304,354.9303324580,60129.2000000000,1361.8045727338,152.0000000000,0.1116166027,152,1,2026-06-28 02:00:00
4610,12.6214921287,2013-11-13,2013-11-13 23:50:00,269473,394.1902552160,60129.2000000000,1361.8045727338,152.0000000000,0.1116166027,152,1,2026-06-28 02:00:00
4609,12.6187542779,2013-11-14,2013-11-14 23:50:00,269657,415.8571482000,60129.2000000000,1361.8045727338,152.0000000000,0.1116166027,152,1,2026-06-28 02:00:00
4608,12.6160164271,2013-11-15,2013-11-15 23:50:00,269822,413.6051013720,60129.2000000000,1361.8045727338,152.0000000000,0.1116166027,152,1,2026-06-28 02:00:00
4607,12.6132785763,2013-11-16,2013-11-16 23:50:00,270016,436.6264816800,60129.2000000000,1361.8045727338,152.0000000000,0.1116166027,152,1,2026-06-28 02:00:00
4606,12.6105407255,2013-11-17,2013-11-17 23:50:00,270203,474.8506854040,60129.2000000000,1361.8045727338,152.0000000000,0.1116166027,152,1,2026-06-28 02:00:00
4605,12.6078028747,2013-11-18,2013-11-18 23:50:00,270359,667.0427060840,60129.2000000000,1361.8045727338,152.0000000000,0.1116166027,152,1,2026-06-28 02:00:00
4604,12.6050650240,2013-11-19,2013-11-19 23:50:00,270520,540.5360099620,60129.2000000000,1361.8045727338,152.0000000000,0.1116166027,152,1,2026-06-28 02:00:00
4603,12.6023271732,2013-11-20,2013-11-20 23:50:00,270682,598.5643910000,60129.2000000000,1361.8045727338,152.0000000000,0.1116166027,152,1,2026-06-28 02:00:00
4602,12.5995893224,2013-11-21,2013-11-21 23:50:00,270833,719.8218854520,60129.2000000000,1361.8045727338,152.0000000000,0.1116166027,152,1,2026-06-28 02:00:00
4601,12.5968514716,2013-11-22,2013-11-22 23:50:00,271003,796.0792847040,60129.2000000000,1361.8045727338,152.0000000000,0.1116166027,152,1,2026-06-28 02:00:00
4600,12.5941136208,2013-11-23,2013-11-23 23:50:00,271176,829.5318394280,60129.2000000000,1361.8045727338,152.0000000000,0.1116166027,152,1,2026-06-28 02:00:00
4599,12.5913757700,2013-11-24,2013-11-24 23:50:00,271343,804.0661970100,60129.2000000000,1361.8045727338,152.0000000000,0.1116166027,152,1,2026-06-28 02:00:00
4598,12.5886379192,2013-11-25,2013-11-25 23:50:00,271515,813.3048949680,60129.2000000000,1361.8045727338,152.0000000000,0.1116166027,152,1,2026-06-28 02:00:00
4597,12.5859000684,2013-11-26,2013-11-26 23:50:00,271675,916.0605297780,60129.2000000000,1361.8045727338,152.0000000000,0.1116166027,152,1,2026-06-28 02:00:00
4596,12.5831622177,2013-11-27,2013-11-27 23:50:00,271846,964.3124891280,60129.2000000000,1361.8045727338,152.0000000000,0.1116166027,152,1,2026-06-28 02:00:00
4595,12.5804243669,2013-11-28,2013-11-28 23:50:00,272030,1012.8129273400,60129.2000000000,1361.8045727338,152.0000000000,0.1116166027,152,1,2026-06-28 02:00:00
4594,12.5776865161,2013-11-29,2013-11-29 23:50:00,272202,1133.7552756800,60129.2000000000,1361.8045727338,152.0000000000,0.1116166027,152,1,2026-06-28 02:00:00
4593,12.5749486653,2013-11-30,2013-11-30 23:50:00,272379,1118.0154046600,60129.2000000000,1361.8045727338,152.0000000000,0.1116166027,152,1,2026-06-28 02:00:00
4592,12.5722108145,2013-12-01,2013-12-01 23:50:00,272572,953.1359506660,60129.2000000000,1415.4184829823,151.0000000000,0.1066822299,151,1,2026-06-28 02:00:00
4591,12.5694729637,2013-12-02,2013-12-02 23:50:00,272731,1041.9637237600,60129.2000000000,1415.4184829823,151.0000000000,0.1066822299,151,1,2026-06-28 02:00:00
4590,12.5667351129,2013-12-03,2013-12-03 23:50:00,272931,1054.1659421400,60129.2000000000,1415.4184829823,151.0000000000,0.1066822299,151,1,2026-06-28 02:00:00
4589,12.5639972621,2013-12-04,2013-12-04 23:50:00,273102,1134.3908598400,60129.2000000000,1415.4184829823,151.0000000000,0.1066822299,151,1,2026-06-28 02:00:00
4588,12.5612594114,2013-12-05,2013-12-05 23:50:00,273274,1026.0082963400,60129.2000000000,1415.4184829823,151.0000000000,0.1066822299,151,1,2026-06-28 02:00:00
4587,12.5585215606,2013-12-06,2013-12-06 23:50:00,273481,811.3518261880,60129.2000000000,1415.4184829823,151.0000000000,0.1066822299,151,1,2026-06-28 02:00:00
4586,12.5557837098,2013-12-07,2013-12-07 23:50:00,273676,693.8244813940,60129.2000000000,1415.4184829823,151.0000000000,0.1066822299,151,1,2026-06-28 02:00:00
4585,12.5530458590,2013-12-08,2013-12-08 23:50:00,273870,786.5764829900,60129.2000000000,1415.4184829823,151.0000000000,0.1066822299,151,1,2026-06-28 02:00:00
4584,12.5503080082,2013-12-09,2013-12-09 23:50:00,274045,897.7374376500,60129.2000000000,1415.4184829823,151.0000000000,0.1066822299,151,1,2026-06-28 02:00:00
4583,12.5475701574,2013-12-10,2013-12-10 23:50:00,274240,979.6951065800,60129.2000000000,1415.4184829823,151.0000000000,0.1066822299,151,1,2026-06-28 02:00:00
4582,12.5448323066,2013-12-11,2013-12-11 23:50:00,274403,877.3950645780,60129.2000000000,1415.4184829823,151.0000000000,0.1066822299,151,1,2026-06-28 02:00:00
4581,12.5420944559,2013-12-12,2013-12-12 23:50:00,274568,873.0438496040,60129.2000000000,1415.4184829823,151.0000000000,0.1066822299,151,1,2026-06-28 02:00:00
4580,12.5393566051,2013-12-13,2013-12-13 23:50:00,274740,885.3134358740,60129.2000000000,1415.4184829823,151.0000000000,0.1066822299,151,1,2026-06-28 02:00:00
4579,12.5366187543,2013-12-14,2013-12-14 23:50:00,274939,852.0197484200,60129.2000000000,1415.4184829823,151.0000000000,0.1066822299,151,1,2026-06-28 02:00:00
4578,12.5338809035,2013-12-15,2013-12-15 23:50:00,275115,861.8946910220,60129.2000000000,1415.4184829823,151.0000000000,0.1066822299,151,1,2026-06-28 02:00:00
4577,12.5311430527,2013-12-16,2013-12-16 23:50:00,275317,690.7009537120,60129.2000000000,1415.4184829823,151.0000000000,0.1066822299,151,1,2026-06-28 02:00:00
4576,12.5284052019,2013-12-17,2013-12-17 23:50:00,275521,675.8618964920,60129.2000000000,1415.4184829823,151.0000000000,0.1066822299,151,1,2026-06-28 02:00:00
4575,12.5256673511,2013-12-18,2013-12-18 23:50:00,275719,520.8357772840,60129.2000000000,1415.4184829823,151.0000000000,0.1066822299,151,1,2026-06-28 02:00:00
4574,12.5229295003,2013-12-19,2013-12-19 23:50:00,275944,684.7274038980,60129.2000000000,1415.4184829823,151.0000000000,0.1066822299,151,1,2026-06-28 02:00:00
4573,12.5201916496,2013-12-20,2013-12-20 23:50:00,276122,607.9770523140,60129.2000000000,1415.4184829823,151.0000000000,0.1066822299,151,1,2026-06-28 02:00:00
4572,12.5174537988,2013-12-21,2013-12-21 23:50:00,276285,597.4978388020,60129.2000000000,1415.4184829823,151.0000000000,0.1066822299,151,1,2026-06-28 02:00:00
4571,12.5147159480,2013-12-22,2013-12-22 23:50:00,276453,613.3973363260,60129.2000000000,1415.4184829823,151.0000000000,0.1066822299,151,1,2026-06-28 02:00:00
4570,12.5119780972,2013-12-23,2013-12-23 23:50:00,276623,657.3559823280,60129.2000000000,1415.4184829823,151.0000000000,0.1066822299,151,1,2026-06-28 02:00:00
4569,12.5092402464,2013-12-24,2013-12-24 23:50:00,276794,652.4450164240,60129.2000000000,1415.4184829823,151.0000000000,0.1066822299,151,1,2026-06-28 02:00:00
4568,12.5065023956,2013-12-25,2013-12-25 23:50:00,276954,679.4395154160,60129.2000000000,1415.4184829823,151.0000000000,0.1066822299,151,1,2026-06-28 02:00:00
4567,12.5037645448,2013-12-26,2013-12-26 23:50:00,277136,747.7618741940,60129.2000000000,1415.4184829823,151.0000000000,0.1066822299,151,1,2026-06-28 02:00:00
4566,12.5010266940,2013-12-27,2013-12-27 23:50:00,277320,723.7309792620,60129.2000000000,1415.4184829823,151.0000000000,0.1066822299,151,1,2026-06-28 02:00:00
4565,12.4982888433,2013-12-28,2013-12-28 23:50:00,277470,714.9991176480,60129.2000000000,1415.4184829823,151.0000000000,0.1066822299,151,1,2026-06-28 02:00:00
4564,12.4955509925,2013-12-29,2013-12-29 23:50:00,277636,728.0902972560,60129.2000000000,1415.4184829823,151.0000000000,0.1066822299,151,1,2026-06-28 02:00:00
4563,12.4928131417,2013-12-30,2013-12-30 23:50:00,277809,735.9660303120,60129.2000000000,1415.4184829823,151.0000000000,0.1066822299,151,1,2026-06-28 02:00:00
4562,12.4900752909,2013-12-31,2013-12-31 23:50:00,277995,731.9532930060,60129.2000000000,1415.4184829823,151.0000000000,0.1066822299,151,1,2026-06-28 02:00:00
4561,12.4873374401,2014-01-01,2014-01-01 23:50:00,278197,753.4054805560,60129.2000000000,1420.0099637078,150.0000000000,0.1056330616,150,1,2026-06-28 02:00:00
4560,12.4845995893,2014-01-02,2014-01-02 23:50:00,278331,784.2806038940,60129.2000000000,1420.0099637078,150.0000000000,0.1056330616,150,1,2026-06-28 02:00:00
4559,12.4818617385,2014-01-03,2014-01-03 23:50:00,278493,807.9159162320,60129.2000000000,1420.0099637078,150.0000000000,0.1056330616,150,1,2026-06-28 02:00:00
4558,12.4791238877,2014-01-04,2014-01-04 23:50:00,278634,828.7459845880,60129.2000000000,1420.0099637078,150.0000000000,0.1056330616,150,1,2026-06-28 02:00:00
4557,12.4763860370,2014-01-05,2014-01-05 23:50:00,278827,904.7600750740,60129.2000000000,1420.0099637078,150.0000000000,0.1056330616,150,1,2026-06-28 02:00:00
4556,12.4736481862,2014-01-06,2014-01-06 23:50:00,279014,917.3827255220,60129.2000000000,1420.0099637078,150.0000000000,0.1056330616,150,1,2026-06-28 02:00:00
4555,12.4709103354,2014-01-07,2014-01-07 23:50:00,279192,789.5935240420,60129.2000000000,1420.0099637078,150.0000000000,0.1056330616,150,1,2026-06-28 02:00:00
4554,12.4681724846,2014-01-08,2014-01-08 23:50:00,279385,822.8649230380,60129.2000000000,1420.0099637078,150.0000000000,0.1056330616,150,1,2026-06-28 02:00:00
4553,12.4654346338,2014-01-09,2014-01-09 23:50:00,279591,825.8665006040,60129.2000000000,1420.0099637078,150.0000000000,0.1056330616,150,1,2026-06-28 02:00:00
4552,12.4626967830,2014-01-10,2014-01-10 23:50:00,279779,854.4454505840,60129.2000000000,1420.0099637078,150.0000000000,0.1056330616,150,1,2026-06-28 02:00:00
4551,12.4599589322,2014-01-11,2014-01-11 23:50:00,279989,893.6831232820,60129.2000000000,1420.0099637078,150.0000000000,0.1056330616,150,1,2026-06-28 02:00:00
4550,12.4572210815,2014-01-12,2014-01-12 23:50:00,280193,843.2866137740,60129.2000000000,1420.0099637078,150.0000000000,0.1056330616,150,1,2026-06-28 02:00:00
4549,12.4544832307,2014-01-13,2014-01-13 23:50:00,280364,822.5304279340,60129.2000000000,1420.0099637078,150.0000000000,0.1056330616,150,1,2026-06-28 02:00:00
4548,12.4517453799,2014-01-14,2014-01-14 23:50:00,280526,815.9968194060,60129.2000000000,1420.0099637078,150.0000000000,0.1056330616,150,1,2026-06-28 02:00:00
4547,12.4490075291,2014-01-15,2014-01-15 23:50:00,280710,840.1151583520,60129.2000000000,1420.0099637078,150.0000000000,0.1056330616,150,1,2026-06-28 02:00:00
4546,12.4462696783,2014-01-16,2014-01-16 23:50:00,280894,814.4962523860,60129.2000000000,1420.0099637078,150.0000000000,0.1056330616,150,1,2026-06-28 02:00:00
4545,12.4435318275,2014-01-17,2014-01-17 23:50:00,281046,794.5266687980,60129.2000000000,1420.0099637078,150.0000000000,0.1056330616,150,1,2026-06-28 02:00:00
4544,12.4407939767,2014-01-18,2014-01-18 23:50:00,281221,811.3776217600,60129.2000000000,1420.0099637078,150.0000000000,0.1056330616,150,1,2026-06-28 02:00:00
4543,12.4380561259,2014-01-19,2014-01-19 23:50:00,281389,841.4564324120,60129.2000000000,1420.0099637078,150.0000000000,0.1056330616,150,1,2026-06-28 02:00:00
4542,12.4353182752,2014-01-20,2014-01-20 23:50:00,281586,826.6964250260,60129.2000000000,1420.0099637078,150.0000000000,0.1056330616,150,1,2026-06-28 02:00:00
4541,12.4325804244,2014-01-21,2014-01-21 23:50:00,281751,824.8757698780,60129.2000000000,1420.0099637078,150.0000000000,0.1056330616,150,1,2026-06-28 02:00:00
4540,12.4298425736,2014-01-22,2014-01-22 23:50:00,281943,818.5342702040,60129.2000000000,1420.0099637078,150.0000000000,0.1056330616,150,1,2026-06-28 02:00:00
4539,12.4271047228,2014-01-23,2014-01-23 23:50:00,282120,810.8692031640,60129.2000000000,1420.0099637078,150.0000000000,0.1056330616,150,1,2026-06-28 02:00:00
4538,12.4243668720,2014-01-24,2014-01-24 23:50:00,282310,779.3849452420,60129.2000000000,1420.0099637078,150.0000000000,0.1056330616,150,1,2026-06-28 02:00:00
4537,12.4216290212,2014-01-25,2014-01-25 23:50:00,282475,805.6526752220,60129.2000000000,1420.0099637078,150.0000000000,0.1056330616,150,1,2026-06-28 02:00:00
4536,12.4188911704,2014-01-26,2014-01-26 23:50:00,282626,814.8471465340,60129.2000000000,1420.0099637078,150.0000000000,0.1056330616,150,1,2026-06-28 02:00:00
4535,12.4161533196,2014-01-27,2014-01-27 23:50:00,282801,746.6786570780,60129.2000000000,1420.0099637078,150.0000000000,0.1056330616,150,1,2026-06-28 02:00:00
4534,12.4134154689,2014-01-28,2014-01-28 23:50:00,282953,785.9504199860,60129.2000000000,1420.0099637078,150.0000000000,0.1056330616,150,1,2026-06-28 02:00:00
4533,12.4106776181,2014-01-29,2014-01-29 23:50:00,283106,794.0981923960,60129.2000000000,1420.0099637078,150.0000000000,0.1056330616,150,1,2026-06-28 02:00:00
4532,12.4079397673,2014-01-30,2014-01-30 23:50:00,283283,799.5229998400,60129.2000000000,1420.0099637078,150.0000000000,0.1056330616,150,1,2026-06-28 02:00:00
4531,12.4052019165,2014-01-31,2014-01-31 23:50:00,283465,802.9985255620,60129.2000000000,1420.0099637078,150.0000000000,0.1056330616,150,1,2026-06-28 02:00:00
4530,12.4024640657,2014-02-01,2014-02-01 23:50:00,283656,813.1598902740,60129.2000000000,1428.4926065881,149.0000000000,0.1043057551,149,1,2026-06-28 02:00:00
4529,12.3997262149,2014-02-02,2014-02-02 23:50:00,283841,814.9327326020,60129.2000000000,1428.4926065881,149.0000000000,0.1043057551,149,1,2026-06-28 02:00:00
4528,12.3969883641,2014-02-03,2014-02-03 23:50:00,284023,808.5000000000,60129.2000000000,1428.4926065881,149.0000000000,0.1043057551,149,1,2026-06-28 02:00:00
4527,12.3942505133,2014-02-04,2014-02-04 23:50:00,284194,801.3917337600,60129.2000000000,1428.4926065881,149.0000000000,0.1043057551,149,1,2026-06-28 02:00:00
4526,12.3915126626,2014-02-05,2014-02-05 23:50:00,284360,780.9175150360,60129.2000000000,1428.4926065881,149.0000000000,0.1043057551,149,1,2026-06-28 02:00:00
4525,12.3887748118,2014-02-06,2014-02-06 23:50:00,284543,762.9810935980,60129.2000000000,1428.4926065881,149.0000000000,0.1043057551,149,1,2026-06-28 02:00:00
4524,12.3860369610,2014-02-07,2014-02-07 23:50:00,284698,708.3660443880,60129.2000000000,1428.4926065881,149.0000000000,0.1043057551,149,1,2026-06-28 02:00:00
4523,12.3832991102,2014-02-08,2014-02-08 23:50:00,284880,679.5781388620,60129.2000000000,1428.4926065881,149.0000000000,0.1043057551,149,1,2026-06-28 02:00:00
4522,12.3805612594,2014-02-09,2014-02-09 23:50:00,285020,687.3140889240,60129.2000000000,1428.4926065881,149.0000000000,0.1043057551,149,1,2026-06-28 02:00:00
4521,12.3778234086,2014-02-10,2014-02-10 23:50:00,285175,688.4182184200,60129.2000000000,1428.4926065881,149.0000000000,0.1043057551,149,1,2026-06-28 02:00:00
4520,12.3750855578,2014-02-11,2014-02-11 23:50:00,285340,675.1108406620,60129.2000000000,1428.4926065881,149.0000000000,0.1043057551,149,1,2026-06-28 02:00:00
4519,12.3723477070,2014-02-12,2014-02-12 23:50:00,285516,652.5431633340,60129.2000000000,1428.4926065881,149.0000000000,0.1043057551,149,1,2026-06-28 02:00:00
4518,12.3696098563,2014-02-13,2014-02-13 23:50:00,285695,605.8388944800,60129.2000000000,1428.4926065881,149.0000000000,0.1043057551,149,1,2026-06-28 02:00:00
4517,12.3668720055,2014-02-14,2014-02-14 23:50:00,285887,670.0066271760,60129.2000000000,1428.4926065881,149.0000000000,0.1043057551,149,1,2026-06-28 02:00:00
4516,12.3641341547,2014-02-15,2014-02-15 23:50:00,286071,655.2692747560,60129.2000000000,1428.4926065881,149.0000000000,0.1043057551,149,1,2026-06-28 02:00:00
4515,12.3613963039,2014-02-16,2014-02-16 23:50:00,286268,620.6411216620,60129.2000000000,1428.4926065881,149.0000000000,0.1043057551,149,1,2026-06-28 02:00:00
4514,12.3586584531,2014-02-17,2014-02-17 23:50:00,286423,632.4809440480,60129.2000000000,1428.4926065881,149.0000000000,0.1043057551,149,1,2026-06-28 02:00:00
4513,12.3559206023,2014-02-18,2014-02-18 23:50:00,286587,629.1273936300,60129.2000000000,1428.4926065881,149.0000000000,0.1043057551,149,1,2026-06-28 02:00:00
4512,12.3531827515,2014-02-19,2014-02-19 23:50:00,286787,624.8381149220,60129.2000000000,1428.4926065881,149.0000000000,0.1043057551,149,1,2026-06-28 02:00:00
4511,12.3504449008,2014-02-20,2014-02-20 23:50:00,286963,562.5895875420,60129.2000000000,1428.4926065881,149.0000000000,0.1043057551,149,1,2026-06-28 02:00:00
4510,12.3477070500,2014-02-21,2014-02-21 23:50:00,287116,581.2905250960,60129.2000000000,1428.4926065881,149.0000000000,0.1043057551,149,1,2026-06-28 02:00:00
4509,12.3449691992,2014-02-22,2014-02-22 23:50:00,287295,611.5522143760,60129.2000000000,1428.4926065881,149.0000000000,0.1043057551,149,1,2026-06-28 02:00:00
4508,12.3422313484,2014-02-23,2014-02-23 23:50:00,287461,608.1988505440,60129.2000000000,1428.4926065881,149.0000000000,0.1043057551,149,1,2026-06-28 02:00:00
4507,12.3394934976,2014-02-24,2014-02-24 23:50:00,287654,536.8594994300,60129.2000000000,1428.4926065881,149.0000000000,0.1043057551,149,1,2026-06-28 02:00:00
4506,12.3367556468,2014-02-25,2014-02-25 23:50:00,287816,536.2111523420,60129.2000000000,1428.4926065881,149.0000000000,0.1043057551,149,1,2026-06-28 02:00:00
4505,12.3340177960,2014-02-26,2014-02-26 23:50:00,287998,585.5174387140,60129.2000000000,1428.4926065881,149.0000000000,0.1043057551,149,1,2026-06-28 02:00:00
4504,12.3312799452,2014-02-27,2014-02-27 23:50:00,288188,583.0573920480,60129.2000000000,1428.4926065881,149.0000000000,0.1043057551,149,1,2026-06-28 02:00:00
4503,12.3285420945,2014-02-28,2014-02-28 23:50:00,288368,551.4270378320,60129.2000000000,1428.4926065881,149.0000000000,0.1043057551,149,1,2026-06-28 02:00:00
4502,12.3258042437,2014-03-01,2014-03-01 23:50:00,288511,566.7533114280,60129.2000000000,1435.8339673398,148.0000000000,0.1030759847,148,1,2026-06-28 02:00:00
4501,12.3230663929,2014-03-02,2014-03-02 23:50:00,288653,563.2946821140,60129.2000000000,1435.8339673398,148.0000000000,0.1030759847,148,1,2026-06-28 02:00:00
4500,12.3203285421,2014-03-03,2014-03-03 23:50:00,288797,676.8200671560,60129.2000000000,1435.8339673398,148.0000000000,0.1030759847,148,1,2026-06-28 02:00:00
4499,12.3175906913,2014-03-04,2014-03-04 23:50:00,288947,673.3879060860,60129.2000000000,1435.8339673398,148.0000000000,0.1030759847,148,1,2026-06-28 02:00:00
4498,12.3148528405,2014-03-05,2014-03-05 23:50:00,289106,670.1076203940,60129.2000000000,1435.8339673398,148.0000000000,0.1030759847,148,1,2026-06-28 02:00:00
4497,12.3121149897,2014-03-06,2014-03-06 23:50:00,289278,669.2199429620,60129.2000000000,1435.8339673398,148.0000000000,0.1030759847,148,1,2026-06-28 02:00:00
4496,12.3093771389,2014-03-07,2014-03-07 23:50:00,289444,632.3085565880,60129.2000000000,1435.8339673398,148.0000000000,0.1030759847,148,1,2026-06-28 02:00:00
4495,12.3066392882,2014-03-08,2014-03-08 23:50:00,289611,620.6247192340,60129.2000000000,1435.8339673398,148.0000000000,0.1030759847,148,1,2026-06-28 02:00:00
4494,12.3039014374,2014-03-09,2014-03-09 23:50:00,289792,638.4186128980,60129.2000000000,1435.8339673398,148.0000000000,0.1030759847,148,1,2026-06-28 02:00:00
4493,12.3011635866,2014-03-10,2014-03-10 23:50:00,289940,629.3820000000,60129.2000000000,1435.8339673398,148.0000000000,0.1030759847,148,1,2026-06-28 02:00:00
4492,12.2984257358,2014-03-11,2014-03-11 23:50:00,290109,635.0387279700,60129.2000000000,1435.8339673398,148.0000000000,0.1030759847,148,1,2026-06-28 02:00:00
4491,12.2956878850,2014-03-12,2014-03-12 23:50:00,290290,633.8548880540,60129.2000000000,1435.8339673398,148.0000000000,0.1030759847,148,1,2026-06-28 02:00:00
4490,12.2929500342,2014-03-13,2014-03-13 23:50:00,290452,641.6025862160,60129.2000000000,1435.8339673398,148.0000000000,0.1030759847,148,1,2026-06-28 02:00:00
4489,12.2902121834,2014-03-14,2014-03-14 23:50:00,290584,629.8350340720,60129.2000000000,1435.8339673398,148.0000000000,0.1030759847,148,1,2026-06-28 02:00:00
4488,12.2874743326,2014-03-15,2014-03-15 23:50:00,290751,637.4150902180,60129.2000000000,1435.8339673398,148.0000000000,0.1030759847,148,1,2026-06-28 02:00:00
4487,12.2847364819,2014-03-16,2014-03-16 23:50:00,290922,634.8101052920,60129.2000000000,1435.8339673398,148.0000000000,0.1030759847,148,1,2026-06-28 02:00:00
4486,12.2819986311,2014-03-17,2014-03-17 23:50:00,291083,622.8447910100,60129.2000000000,1435.8339673398,148.0000000000,0.1030759847,148,1,2026-06-28 02:00:00
4485,12.2792607803,2014-03-18,2014-03-18 23:50:00,291229,614.4389392380,60129.2000000000,1435.8339673398,148.0000000000,0.1030759847,148,1,2026-06-28 02:00:00
4484,12.2765229295,2014-03-19,2014-03-19 23:50:00,291388,611.1949513400,60129.2000000000,1435.8339673398,148.0000000000,0.1030759847,148,1,2026-06-28 02:00:00
4483,12.2737850787,2014-03-20,2014-03-20 23:50:00,291565,586.9532502960,60129.2000000000,1435.8339673398,148.0000000000,0.1030759847,148,1,2026-06-28 02:00:00
4482,12.2710472279,2014-03-21,2014-03-21 23:50:00,291751,570.0120956360,60129.2000000000,1435.8339673398,148.0000000000,0.1030759847,148,1,2026-06-28 02:00:00
4481,12.2683093771,2014-03-22,2014-03-22 23:50:00,291922,564.5454641480,60129.2000000000,1435.8339673398,148.0000000000,0.1030759847,148,1,2026-06-28 02:00:00
4480,12.2655715264,2014-03-23,2014-03-23 23:50:00,292136,559.6902947440,60129.2000000000,1435.8339673398,148.0000000000,0.1030759847,148,1,2026-06-28 02:00:00
4479,12.2628336756,2014-03-24,2014-03-24 23:50:00,292322,584.9115712780,60129.2000000000,1435.8339673398,148.0000000000,0.1030759847,148,1,2026-06-28 02:00:00
4478,12.2600958248,2014-03-25,2014-03-25 23:50:00,292479,583.8450739680,60129.2000000000,1435.8339673398,148.0000000000,0.1030759847,148,1,2026-06-28 02:00:00
4477,12.2573579740,2014-03-26,2014-03-26 23:50:00,292640,579.0872334660,60129.2000000000,1435.8339673398,148.0000000000,0.1030759847,148,1,2026-06-28 02:00:00
4476,12.2546201232,2014-03-27,2014-03-27 23:50:00,292808,472.1443373380,60129.2000000000,1435.8339673398,148.0000000000,0.1030759847,148,1,2026-06-28 02:00:00
4475,12.2518822724,2014-03-28,2014-03-28 23:50:00,292985,501.0961001420,60129.2000000000,1435.8339673398,148.0000000000,0.1030759847,148,1,2026-06-28 02:00:00
4474,12.2491444216,2014-03-29,2014-03-29 23:50:00,293158,491.9478371900,60129.2000000000,1435.8339673398,148.0000000000,0.1030759847,148,1,2026-06-28 02:00:00
4473,12.2464065708,2014-03-30,2014-03-30 23:50:00,293301,458.7746207240,60129.2000000000,1435.8339673398,148.0000000000,0.1030759847,148,1,2026-06-28 02:00:00
4472,12.2436687201,2014-03-31,2014-03-31 23:50:00,293481,457.0235545680,60129.2000000000,1435.8339673398,148.0000000000,0.1030759847,148,1,2026-06-28 02:00:00
4471,12.2409308693,2014-04-01,2014-04-01 23:50:00,293651,479.3122906860,60129.2000000000,1450.9698259951,147.0000000000,0.1013115486,147,1,2026-06-28 02:00:00
4470,12.2381930185,2014-04-02,2014-04-02 23:50:00,293848,439.6267265440,60129.2000000000,1450.9698259951,147.0000000000,0.1013115486,147,1,2026-06-28 02:00:00
4469,12.2354551677,2014-04-03,2014-04-03 23:50:00,294053,449.5395580100,60129.2000000000,1450.9698259951,147.0000000000,0.1013115486,147,1,2026-06-28 02:00:00
4468,12.2327173169,2014-04-04,2014-04-04 23:50:00,294249,451.9005502320,60129.2000000000,1450.9698259951,147.0000000000,0.1013115486,147,1,2026-06-28 02:00:00
4467,12.2299794661,2014-04-05,2014-04-05 23:50:00,294417,463.6255629840,60129.2000000000,1450.9698259951,147.0000000000,0.1013115486,147,1,2026-06-28 02:00:00
4466,12.2272416153,2014-04-06,2014-04-06 23:50:00,294570,457.8835943640,60129.2000000000,1450.9698259951,147.0000000000,0.1013115486,147,1,2026-06-28 02:00:00
4465,12.2245037645,2014-04-07,2014-04-07 23:50:00,294721,448.9551803700,60129.2000000000,1450.9698259951,147.0000000000,0.1013115486,147,1,2026-06-28 02:00:00
4464,12.2217659138,2014-04-08,2014-04-08 23:50:00,294855,453.3363754200,60129.2000000000,1450.9698259951,147.0000000000,0.1013115486,147,1,2026-06-28 02:00:00
4463,12.2190280630,2014-04-09,2014-04-09 23:50:00,295015,443.0619135380,60129.2000000000,1450.9698259951,147.0000000000,0.1013115486,147,1,2026-06-28 02:00:00
4462,12.2162902122,2014-04-10,2014-04-10 23:50:00,295171,363.8510860820,60129.2000000000,1450.9698259951,147.0000000000,0.1013115486,147,1,2026-06-28 02:00:00
4461,12.2135523614,2014-04-11,2014-04-11 23:50:00,295339,423.4131448000,60129.2000000000,1450.9698259951,147.0000000000,0.1013115486,147,1,2026-06-28 02:00:00
4460,12.2108145106,2014-04-12,2014-04-12 23:50:00,295502,423.3689630920,60129.2000000000,1450.9698259951,147.0000000000,0.1013115486,147,1,2026-06-28 02:00:00
4459,12.2080766598,2014-04-13,2014-04-13 23:50:00,295688,416.8646041540,60129.2000000000,1450.9698259951,147.0000000000,0.1013115486,147,1,2026-06-28 02:00:00
4458,12.2053388090,2014-04-14,2014-04-14 23:50:00,295880,459.0980058240,60129.2000000000,1450.9698259951,147.0000000000,0.1013115486,147,1,2026-06-28 02:00:00
4457,12.2026009582,2014-04-15,2014-04-15 23:50:00,296063,522.2949162700,60129.2000000000,1450.9698259951,147.0000000000,0.1013115486,147,1,2026-06-28 02:00:00
4456,12.1998631075,2014-04-16,2014-04-16 23:50:00,296221,527.6877209920,60129.2000000000,1450.9698259951,147.0000000000,0.1013115486,147,1,2026-06-28 02:00:00
4455,12.1971252567,2014-04-17,2014-04-17 23:50:00,296391,498.3666780460,60129.2000000000,1450.9698259951,147.0000000000,0.1013115486,147,1,2026-06-28 02:00:00
4454,12.1943874059,2014-04-18,2014-04-18 23:50:00,296546,482.2656561000,60129.2000000000,1450.9698259951,147.0000000000,0.1013115486,147,1,2026-06-28 02:00:00
4453,12.1916495551,2014-04-19,2014-04-19 23:50:00,296710,504.8423901820,60129.2000000000,1450.9698259951,147.0000000000,0.1013115486,147,1,2026-06-28 02:00:00
4452,12.1889117043,2014-04-20,2014-04-20 23:50:00,296888,500.3953934300,60129.2000000000,1450.9698259951,147.0000000000,0.1013115486,147,1,2026-06-28 02:00:00
4451,12.1861738535,2014-04-21,2014-04-21 23:50:00,297060,497.2518792180,60129.2000000000,1450.9698259951,147.0000000000,0.1013115486,147,1,2026-06-28 02:00:00
4450,12.1834360027,2014-04-22,2014-04-22 23:50:00,297213,489.9928099380,60129.2000000000,1450.9698259951,147.0000000000,0.1013115486,147,1,2026-06-28 02:00:00
4449,12.1806981520,2014-04-23,2014-04-23 23:50:00,297379,492.0000000000,60129.2000000000,1450.9698259951,147.0000000000,0.1013115486,147,1,2026-06-28 02:00:00
4448,12.1779603012,2014-04-24,2014-04-24 23:50:00,297530,502.2209525720,60129.2000000000,1450.9698259951,147.0000000000,0.1013115486,147,1,2026-06-28 02:00:00
4447,12.1752224504,2014-04-25,2014-04-25 23:50:00,297712,466.8868515840,60129.2000000000,1450.9698259951,147.0000000000,0.1013115486,147,1,2026-06-28 02:00:00
4446,12.1724845996,2014-04-26,2014-04-26 23:50:00,297872,461.0453260000,60129.2000000000,1450.9698259951,147.0000000000,0.1013115486,147,1,2026-06-28 02:00:00
4445,12.1697467488,2014-04-27,2014-04-27 23:50:00,298051,434.3747680440,60129.2000000000,1450.9698259951,147.0000000000,0.1013115486,147,1,2026-06-28 02:00:00
4444,12.1670088980,2014-04-28,2014-04-28 23:50:00,298203,442.8203740200,60129.2000000000,1450.9698259951,147.0000000000,0.1013115486,147,1,2026-06-28 02:00:00
4443,12.1642710472,2014-04-29,2014-04-29 23:50:00,298373,448.0000000000,60129.2000000000,1450.9698259951,147.0000000000,0.1013115486,147,1,2026-06-28 02:00:00
4442,12.1615331964,2014-04-30,2014-04-30 23:50:00,298510,448.8994199700,60129.2000000000,1450.9698259951,147.0000000000,0.1013115486,147,1,2026-06-28 02:00:00
4441,12.1587953457,2014-05-01,2014-05-01 23:50:00,298688,460.7012620440,60129.2000000000,1471.4000232763,146.0000000000,0.0992252261,146,1,2026-06-28 02:00:00
4440,12.1560574949,2014-05-02,2014-05-02 23:50:00,298849,454.3556238460,60129.2000000000,1471.4000232763,146.0000000000,0.0992252261,146,1,2026-06-28 02:00:00
4439,12.1533196441,2014-05-03,2014-05-03 23:50:00,298991,439.8720768060,60129.2000000000,1471.4000232763,146.0000000000,0.0992252261,146,1,2026-06-28 02:00:00
4438,12.1505817933,2014-05-04,2014-05-04 23:50:00,299142,437.9330603580,60129.2000000000,1471.4000232763,146.0000000000,0.0992252261,146,1,2026-06-28 02:00:00
4437,12.1478439425,2014-05-05,2014-05-05 23:50:00,299267,433.0000000000,60129.2000000000,1471.4000232763,146.0000000000,0.0992252261,146,1,2026-06-28 02:00:00
4436,12.1451060917,2014-05-06,2014-05-06 23:50:00,299460,428.0100000000,60129.2000000000,1471.4000232763,146.0000000000,0.0992252261,146,1,2026-06-28 02:00:00
4435,12.1423682409,2014-05-07,2014-05-07 23:50:00,299619,440.9202868140,60129.2000000000,1471.4000232763,146.0000000000,0.0992252261,146,1,2026-06-28 02:00:00
4434,12.1396303901,2014-05-08,2014-05-08 23:50:00,299785,439.0813533280,60129.2000000000,1471.4000232763,146.0000000000,0.0992252261,146,1,2026-06-28 02:00:00
4433,12.1368925394,2014-05-09,2014-05-09 23:50:00,299956,451.4689346020,60129.2000000000,1471.4000232763,146.0000000000,0.0992252261,146,1,2026-06-28 02:00:00
4432,12.1341546886,2014-05-10,2014-05-10 23:50:00,300132,456.5439881480,60129.2000000000,1471.4000232763,146.0000000000,0.0992252261,146,1,2026-06-28 02:00:00
4431,12.1314168378,2014-05-11,2014-05-11 23:50:00,300288,439.1457125800,60129.2000000000,1471.4000232763,146.0000000000,0.0992252261,146,1,2026-06-28 02:00:00
4430,12.1286789870,2014-05-12,2014-05-12 23:50:00,300451,442.4634900000,60129.2000000000,1471.4000232763,146.0000000000,0.0992252261,146,1,2026-06-28 02:00:00
4429,12.1259411362,2014-05-13,2014-05-13 23:50:00,300612,439.1072189860,60129.2000000000,1471.4000232763,146.0000000000,0.0992252261,146,1,2026-06-28 02:00:00
4428,12.1232032854,2014-05-14,2014-05-14 23:50:00,300762,445.7545188320,60129.2000000000,1471.4000232763,146.0000000000,0.0992252261,146,1,2026-06-28 02:00:00
4427,12.1204654346,2014-05-15,2014-05-15 23:50:00,300934,446.3367247900,60129.2000000000,1471.4000232763,146.0000000000,0.0992252261,146,1,2026-06-28 02:00:00
4426,12.1177275838,2014-05-16,2014-05-16 23:50:00,301112,447.2696477380,60129.2000000000,1471.4000232763,146.0000000000,0.0992252261,146,1,2026-06-28 02:00:00
4425,12.1149897331,2014-05-17,2014-05-17 23:50:00,301287,450.0057898000,60129.2000000000,1471.4000232763,146.0000000000,0.0992252261,146,1,2026-06-28 02:00:00
4424,12.1122518823,2014-05-18,2014-05-18 23:50:00,301455,446.8980000000,60129.2000000000,1471.4000232763,146.0000000000,0.0992252261,146,1,2026-06-28 02:00:00
4423,12.1095140315,2014-05-19,2014-05-19 23:50:00,301628,448.1790804920,60129.2000000000,1471.4000232763,146.0000000000,0.0992252261,146,1,2026-06-28 02:00:00
4422,12.1067761807,2014-05-20,2014-05-20 23:50:00,301805,489.1939119360,60129.2000000000,1471.4000232763,146.0000000000,0.0992252261,146,1,2026-06-28 02:00:00
4421,12.1040383299,2014-05-21,2014-05-21 23:50:00,301980,493.6944306720,60129.2000000000,1471.4000232763,146.0000000000,0.0992252261,146,1,2026-06-28 02:00:00
4420,12.1013004791,2014-05-22,2014-05-22 23:50:00,302152,529.4978227100,60129.2000000000,1471.4000232763,146.0000000000,0.0992252261,146,1,2026-06-28 02:00:00
4419,12.0985626283,2014-05-23,2014-05-23 23:50:00,302317,523.4915281540,60129.2000000000,1471.4000232763,146.0000000000,0.0992252261,146,1,2026-06-28 02:00:00
4418,12.0958247775,2014-05-24,2014-05-24 23:50:00,302472,528.2144891260,60129.2000000000,1471.4000232763,146.0000000000,0.0992252261,146,1,2026-06-28 02:00:00
4417,12.0930869268,2014-05-25,2014-05-25 23:50:00,302632,573.0733460800,60129.2000000000,1471.4000232763,146.0000000000,0.0992252261,146,1,2026-06-28 02:00:00
4416,12.0903490760,2014-05-26,2014-05-26 23:50:00,302787,583.5582502160,60129.2000000000,1471.4000232763,146.0000000000,0.0992252261,146,1,2026-06-28 02:00:00
4415,12.0876112252,2014-05-27,2014-05-27 23:50:00,302925,573.1855246180,60129.2000000000,1471.4000232763,146.0000000000,0.0992252261,146,1,2026-06-28 02:00:00
4414,12.0848733744,2014-05-28,2014-05-28 23:50:00,303094,580.2666116440,60129.2000000000,1471.4000232763,146.0000000000,0.0992252261,146,1,2026-06-28 02:00:00
4413,12.0821355236,2014-05-29,2014-05-29 23:50:00,303236,570.3500000000,60129.2000000000,1471.4000232763,146.0000000000,0.0992252261,146,1,2026-06-28 02:00:00
4412,12.0793976728,2014-05-30,2014-05-30 23:50:00,303403,621.1800000000,60129.2000000000,1471.4000232763,146.0000000000,0.0992252261,146,1,2026-06-28 02:00:00
4411,12.0766598220,2014-05-31,2014-05-31 23:50:00,303550,627.3743539160,60129.2000000000,1471.4000232763,146.0000000000,0.0992252261,146,1,2026-06-28 02:00:00
4410,12.0739219713,2014-06-01,2014-06-01 23:50:00,303725,629.8553311400,60129.2000000000,1494.0040654272,145.0000000000,0.0970546221,145,1,2026-06-28 02:00:00
4409,12.0711841205,2014-06-02,2014-06-02 23:50:00,303917,662.0855888840,60129.2000000000,1494.0040654272,145.0000000000,0.0970546221,145,1,2026-06-28 02:00:00
4408,12.0684462697,2014-06-03,2014-06-03 23:50:00,304095,669.9380435160,60129.2000000000,1494.0040654272,145.0000000000,0.0970546221,145,1,2026-06-28 02:00:00
4407,12.0657084189,2014-06-04,2014-06-04 23:50:00,304276,642.3573807020,60129.2000000000,1494.0040654272,145.0000000000,0.0970546221,145,1,2026-06-28 02:00:00
4406,12.0629705681,2014-06-05,2014-06-05 23:50:00,304430,661.4800000000,60129.2000000000,1494.0040654272,145.0000000000,0.0970546221,145,1,2026-06-28 02:00:00
4405,12.0602327173,2014-06-06,2014-06-06 23:50:00,304568,649.0938278240,60129.2000000000,1494.0040654272,145.0000000000,0.0970546221,145,1,2026-06-28 02:00:00
4404,12.0574948665,2014-06-07,2014-06-07 23:50:00,304724,657.1223194580,60129.2000000000,1494.0040654272,145.0000000000,0.0970546221,145,1,2026-06-28 02:00:00
4403,12.0547570157,2014-06-08,2014-06-08 23:50:00,304859,657.9504511280,60129.2000000000,1494.0040654272,145.0000000000,0.0970546221,145,1,2026-06-28 02:00:00
4402,12.0520191650,2014-06-09,2014-06-09 23:50:00,305013,648.3175507240,60129.2000000000,1494.0040654272,145.0000000000,0.0970546221,145,1,2026-06-28 02:00:00
4401,12.0492813142,2014-06-10,2014-06-10 23:50:00,305182,648.5499359720,60129.2000000000,1494.0040654272,145.0000000000,0.0970546221,145,1,2026-06-28 02:00:00
4400,12.0465434634,2014-06-11,2014-06-11 23:50:00,305327,622.5026906340,60129.2000000000,1494.0040654272,145.0000000000,0.0970546221,145,1,2026-06-28 02:00:00
4399,12.0438056126,2014-06-12,2014-06-12 23:50:00,305499,571.0064547140,60129.2000000000,1494.0040654272,145.0000000000,0.0970546221,145,1,2026-06-28 02:00:00
4398,12.0410677618,2014-06-13,2014-06-13 23:50:00,305663,591.9838809140,60129.2000000000,1494.0040654272,145.0000000000,0.0970546221,145,1,2026-06-28 02:00:00
4397,12.0383299110,2014-06-14,2014-06-14 23:50:00,305839,568.1956108240,60129.2000000000,1494.0040654272,145.0000000000,0.0970546221,145,1,2026-06-28 02:00:00
4396,12.0355920602,2014-06-15,2014-06-15 23:50:00,306032,590.4065770900,60129.2000000000,1494.0040654272,145.0000000000,0.0970546221,145,1,2026-06-28 02:00:00
4395,12.0328542094,2014-06-16,2014-06-16 23:50:00,306220,586.9804561420,60129.2000000000,1494.0040654272,145.0000000000,0.0970546221,145,1,2026-06-28 02:00:00
4394,12.0301163587,2014-06-17,2014-06-17 23:50:00,306403,606.4432300480,60129.2000000000,1494.0040654272,145.0000000000,0.0970546221,145,1,2026-06-28 02:00:00
4393,12.0273785079,2014-06-18,2014-06-18 23:50:00,306561,607.0000000000,60129.2000000000,1494.0040654272,145.0000000000,0.0970546221,145,1,2026-06-28 02:00:00
4392,12.0246406571,2014-06-19,2014-06-19 23:50:00,306726,593.1178931700,60129.2000000000,1494.0040654272,145.0000000000,0.0970546221,145,1,2026-06-28 02:00:00
4391,12.0219028063,2014-06-20,2014-06-20 23:50:00,306915,588.9509328120,60129.2000000000,1494.0040654272,145.0000000000,0.0970546221,145,1,2026-06-28 02:00:00
4390,12.0191649555,2014-06-21,2014-06-21 23:50:00,307100,589.0367901080,60129.2000000000,1494.0040654272,145.0000000000,0.0970546221,145,1,2026-06-28 02:00:00
4389,12.0164271047,2014-06-22,2014-06-22 23:50:00,307281,600.0404249320,60129.2000000000,1494.0040654272,145.0000000000,0.0970546221,145,1,2026-06-28 02:00:00
4388,12.0136892539,2014-06-23,2014-06-23 23:50:00,307457,588.1939809260,60129.2000000000,1494.0040654272,145.0000000000,0.0970546221,145,1,2026-06-28 02:00:00
4387,12.0109514031,2014-06-24,2014-06-24 23:50:00,307641,573.3281355760,60129.2000000000,1494.0040654272,145.0000000000,0.0970546221,145,1,2026-06-28 02:00:00
4386,12.0082135524,2014-06-25,2014-06-25 23:50:00,307831,560.4947890580,60129.2000000000,1494.0040654272,145.0000000000,0.0970546221,145,1,2026-06-28 02:00:00
4385,12.0054757016,2014-06-26,2014-06-26 23:50:00,308003,579.6227508780,60129.2000000000,1494.0040654272,145.0000000000,0.0970546221,145,1,2026-06-28 02:00:00
4384,12.0027378508,2014-06-27,2014-06-27 23:50:00,308194,599.9296293060,60129.2000000000,1494.0040654272,145.0000000000,0.0970546221,145,1,2026-06-28 02:00:00
4383,12.0000000000,2014-06-28,2014-06-28 23:50:00,308380,590.5955207660,60129.2000000000,1494.0040654272,145.0000000000,0.0970546221,145,1,2026-06-28 02:00:00
4382,11.9972621492,2014-06-29,2014-06-29 23:50:00,308538,599.8900000000,60129.2000000000,1494.0040654272,145.0000000000,0.0970546221,145,1,2026-06-28 02:00:00
4381,11.9945242984,2014-06-30,2014-06-30 23:50:00,308671,638.6865065200,60129.2000000000,1494.0040654272,145.0000000000,0.0970546221,145,1,2026-06-28 02:00:00
4380,11.9917864476,2014-07-01,2014-07-01 23:50:00,308804,639.1577927480,60129.2000000000,1508.3753177211,144.0000000000,0.0954669559,144,1,2026-06-28 02:00:00
4379,11.9890485969,2014-07-02,2014-07-02 23:50:00,308941,650.0712329860,60129.2000000000,1508.3753177211,144.0000000000,0.0954669559,144,1,2026-06-28 02:00:00
4378,11.9863107461,2014-07-03,2014-07-03 23:50:00,309079,646.6670635520,60129.2000000000,1508.3753177211,144.0000000000,0.0954669559,144,1,2026-06-28 02:00:00
4377,11.9835728953,2014-07-04,2014-07-04 23:50:00,309246,627.2587265140,60129.2000000000,1508.3753177211,144.0000000000,0.0954669559,144,1,2026-06-28 02:00:00
4376,11.9808350445,2014-07-05,2014-07-05 23:50:00,309397,630.7476635040,60129.2000000000,1508.3753177211,144.0000000000,0.0954669559,144,1,2026-06-28 02:00:00
4375,11.9780971937,2014-07-06,2014-07-06 23:50:00,309539,631.4238304700,60129.2000000000,1508.3753177211,144.0000000000,0.0954669559,144,1,2026-06-28 02:00:00
4374,11.9753593429,2014-07-07,2014-07-07 23:50:00,309690,622.7741207220,60129.2000000000,1508.3753177211,144.0000000000,0.0954669559,144,1,2026-06-28 02:00:00
4373,11.9726214921,2014-07-08,2014-07-08 23:50:00,309840,624.2982841780,60129.2000000000,1508.3753177211,144.0000000000,0.0954669559,144,1,2026-06-28 02:00:00
4372,11.9698836413,2014-07-09,2014-07-09 23:50:00,310005,621.8734082320,60129.2000000000,1508.3753177211,144.0000000000,0.0954669559,144,1,2026-06-28 02:00:00
4371,11.9671457906,2014-07-10,2014-07-10 23:50:00,310153,616.7759241340,60129.2000000000,1508.3753177211,144.0000000000,0.0954669559,144,1,2026-06-28 02:00:00
4370,11.9644079398,2014-07-11,2014-07-11 23:50:00,310307,634.1296792520,60129.2000000000,1508.3753177211,144.0000000000,0.0954669559,144,1,2026-06-28 02:00:00
4369,11.9616700890,2014-07-12,2014-07-12 23:50:00,310466,636.4664472500,60129.2000000000,1508.3753177211,144.0000000000,0.0954669559,144,1,2026-06-28 02:00:00
4368,11.9589322382,2014-07-13,2014-07-13 23:50:00,310627,630.5449909640,60129.2000000000,1508.3753177211,144.0000000000,0.0954669559,144,1,2026-06-28 02:00:00
4367,11.9561943874,2014-07-14,2014-07-14 23:50:00,310763,619.7012235420,60129.2000000000,1508.3753177211,144.0000000000,0.0954669559,144,1,2026-06-28 02:00:00
4366,11.9534565366,2014-07-15,2014-07-15 23:50:00,310921,623.5592835140,60129.2000000000,1508.3753177211,144.0000000000,0.0954669559,144,1,2026-06-28 02:00:00
4365,11.9507186858,2014-07-16,2014-07-16 23:50:00,311065,615.9106732140,60129.2000000000,1508.3753177211,144.0000000000,0.0954669559,144,1,2026-06-28 02:00:00
4364,11.9479808350,2014-07-17,2014-07-17 23:50:00,311237,623.7643585440,60129.2000000000,1508.3753177211,144.0000000000,0.0954669559,144,1,2026-06-28 02:00:00
4363,11.9452429843,2014-07-18,2014-07-18 23:50:00,311407,631.4288134500,60129.2000000000,1508.3753177211,144.0000000000,0.0954669559,144,1,2026-06-28 02:00:00
4362,11.9425051335,2014-07-19,2014-07-19 23:50:00,311585,629.7260000000,60129.2000000000,1508.3753177211,144.0000000000,0.0954669559,144,1,2026-06-28 02:00:00
4361,11.9397672827,2014-07-20,2014-07-20 23:50:00,311740,625.8466054240,60129.2000000000,1508.3753177211,144.0000000000,0.0954669559,144,1,2026-06-28 02:00:00
4360,11.9370294319,2014-07-21,2014-07-21 23:50:00,311897,621.8301364340,60129.2000000000,1508.3753177211,144.0000000000,0.0954669559,144,1,2026-06-28 02:00:00
4359,11.9342915811,2014-07-22,2014-07-22 23:50:00,312039,619.5676472520,60129.2000000000,1508.3753177211,144.0000000000,0.0954669559,144,1,2026-06-28 02:00:00
4358,11.9315537303,2014-07-23,2014-07-23 23:50:00,312184,619.9269847080,60129.2000000000,1508.3753177211,144.0000000000,0.0954669559,144,1,2026-06-28 02:00:00
4357,11.9288158795,2014-07-24,2014-07-24 23:50:00,312327,603.8208802320,60129.2000000000,1508.3753177211,144.0000000000,0.0954669559,144,1,2026-06-28 02:00:00
4356,11.9260780287,2014-07-25,2014-07-25 23:50:00,312490,602.8812411220,60129.2000000000,1508.3753177211,144.0000000000,0.0954669559,144,1,2026-06-28 02:00:00
4355,11.9233401780,2014-07-26,2014-07-26 23:50:00,312625,595.9570088400,60129.2000000000,1508.3753177211,144.0000000000,0.0954669559,144,1,2026-06-28 02:00:00
4354,11.9206023272,2014-07-27,2014-07-27 23:50:00,312778,591.9597686700,60129.2000000000,1508.3753177211,144.0000000000,0.0954669559,144,1,2026-06-28 02:00:00
4353,11.9178644764,2014-07-28,2014-07-28 23:50:00,312927,589.3779206380,60129.2000000000,1508.3753177211,144.0000000000,0.0954669559,144,1,2026-06-28 02:00:00
4352,11.9151266256,2014-07-29,2014-07-29 23:50:00,313077,585.1045461200,60129.2000000000,1508.3753177211,144.0000000000,0.0954669559,144,1,2026-06-28 02:00:00
4351,11.9123887748,2014-07-30,2014-07-30 23:50:00,313248,563.3470577280,60129.2000000000,1508.3753177211,144.0000000000,0.0954669559,144,1,2026-06-28 02:00:00
4350,11.9096509240,2014-07-31,2014-07-31 23:50:00,313397,582.0377327880,60129.2000000000,1508.3753177211,144.0000000000,0.0954669559,144,1,2026-06-28 02:00:00
4349,11.9069130732,2014-08-01,2014-08-01 23:50:00,313559,598.2000000000,60129.2000000000,1522.8578233802,143.0000000000,0.0939023971,143,1,2026-06-28 02:00:00
4348,11.9041752225,2014-08-02,2014-08-02 23:50:00,313723,589.3060000000,60129.2000000000,1522.8578233802,143.0000000000,0.0939023971,143,1,2026-06-28 02:00:00
4347,11.9014373717,2014-08-03,2014-08-03 23:50:00,313877,586.4895085060,60129.2000000000,1522.8578233802,143.0000000000,0.0939023971,143,1,2026-06-28 02:00:00
4346,11.8986995209,2014-08-04,2014-08-04 23:50:00,314004,588.4793312360,60129.2000000000,1522.8578233802,143.0000000000,0.0939023971,143,1,2026-06-28 02:00:00
4345,11.8959616701,2014-08-05,2014-08-05 23:50:00,314140,580.3409901220,60129.2000000000,1522.8578233802,143.0000000000,0.0939023971,143,1,2026-06-28 02:00:00
4344,11.8932238193,2014-08-06,2014-08-06 23:50:00,314302,582.4165333080,60129.2000000000,1522.8578233802,143.0000000000,0.0939023971,143,1,2026-06-28 02:00:00
4343,11.8904859685,2014-08-07,2014-08-07 23:50:00,314464,584.8124995400,60129.2000000000,1522.8578233802,143.0000000000,0.0939023971,143,1,2026-06-28 02:00:00
4342,11.8877481177,2014-08-08,2014-08-08 23:50:00,314620,588.7881240100,60129.2000000000,1522.8578233802,143.0000000000,0.0939023971,143,1,2026-06-28 02:00:00
4341,11.8850102669,2014-08-09,2014-08-09 23:50:00,314804,589.2420558560,60129.2000000000,1522.8578233802,143.0000000000,0.0939023971,143,1,2026-06-28 02:00:00
4340,11.8822724162,2014-08-10,2014-08-10 23:50:00,314980,590.7858176320,60129.2000000000,1522.8578233802,143.0000000000,0.0939023971,143,1,2026-06-28 02:00:00
4339,11.8795345654,2014-08-11,2014-08-11 23:50:00,315162,573.9565111500,60129.2000000000,1522.8578233802,143.0000000000,0.0939023971,143,1,2026-06-28 02:00:00
4338,11.8767967146,2014-08-12,2014-08-12 23:50:00,315336,567.8312128480,60129.2000000000,1522.8578233802,143.0000000000,0.0939023971,143,1,2026-06-28 02:00:00
4337,11.8740588638,2014-08-13,2014-08-13 23:50:00,315479,549.7903493740,60129.2000000000,1522.8578233802,143.0000000000,0.0939023971,143,1,2026-06-28 02:00:00
4336,11.8713210130,2014-08-14,2014-08-14 23:50:00,315662,507.3870178040,60129.2000000000,1522.8578233802,143.0000000000,0.0939023971,143,1,2026-06-28 02:00:00
4335,11.8685831622,2014-08-15,2014-08-15 23:50:00,315826,501.2377412620,60129.2000000000,1522.8578233802,143.0000000000,0.0939023971,143,1,2026-06-28 02:00:00
4334,11.8658453114,2014-08-16,2014-08-16 23:50:00,315985,522.7481270920,60129.2000000000,1522.8578233802,143.0000000000,0.0939023971,143,1,2026-06-28 02:00:00
4333,11.8631074606,2014-08-17,2014-08-17 23:50:00,316154,498.2256408780,60129.2000000000,1522.8578233802,143.0000000000,0.0939023971,143,1,2026-06-28 02:00:00
4332,11.8603696099,2014-08-18,2014-08-18 23:50:00,316350,473.2157087160,60129.2000000000,1522.8578233802,143.0000000000,0.0939023971,143,1,2026-06-28 02:00:00
4331,11.8576317591,2014-08-19,2014-08-19 23:50:00,316537,491.0069346700,60129.2000000000,1522.8578233802,143.0000000000,0.0939023971,143,1,2026-06-28 02:00:00
4330,11.8548939083,2014-08-20,2014-08-20 23:50:00,316706,518.0240521100,60129.2000000000,1522.8578233802,143.0000000000,0.0939023971,143,1,2026-06-28 02:00:00
4329,11.8521560575,2014-08-21,2014-08-21 23:50:00,316870,520.3913133000,60129.2000000000,1522.8578233802,143.0000000000,0.0939023971,143,1,2026-06-28 02:00:00
4328,11.8494182067,2014-08-22,2014-08-22 23:50:00,317028,514.7948761520,60129.2000000000,1522.8578233802,143.0000000000,0.0939023971,143,1,2026-06-28 02:00:00
4327,11.8466803559,2014-08-23,2014-08-23 23:50:00,317190,496.1902597120,60129.2000000000,1522.8578233802,143.0000000000,0.0939023971,143,1,2026-06-28 02:00:00
4326,11.8439425051,2014-08-24,2014-08-24 23:50:00,317337,507.6440996960,60129.2000000000,1522.8578233802,143.0000000000,0.0939023971,143,1,2026-06-28 02:00:00
4325,11.8412046543,2014-08-25,2014-08-25 23:50:00,317473,503.1851232000,60129.2000000000,1522.8578233802,143.0000000000,0.0939023971,143,1,2026-06-28 02:00:00
4324,11.8384668036,2014-08-26,2014-08-26 23:50:00,317648,513.6217346540,60129.2000000000,1522.8578233802,143.0000000000,0.0939023971,143,1,2026-06-28 02:00:00
4323,11.8357289528,2014-08-27,2014-08-27 23:50:00,317815,511.7922304720,60129.2000000000,1522.8578233802,143.0000000000,0.0939023971,143,1,2026-06-28 02:00:00
4322,11.8329911020,2014-08-28,2014-08-28 23:50:00,317990,506.5381989580,60129.2000000000,1522.8578233802,143.0000000000,0.0939023971,143,1,2026-06-28 02:00:00
4321,11.8302532512,2014-08-29,2014-08-29 23:50:00,318159,509.0455330480,60129.2000000000,1522.8578233802,143.0000000000,0.0939023971,143,1,2026-06-28 02:00:00
4320,11.8275154004,2014-08-30,2014-08-30 23:50:00,318340,501.0017905120,60129.2000000000,1522.8578233802,143.0000000000,0.0939023971,143,1,2026-06-28 02:00:00
4319,11.8247775496,2014-08-31,2014-08-31 23:50:00,318530,478.8788674280,60129.2000000000,1522.8578233802,143.0000000000,0.0939023971,143,1,2026-06-28 02:00:00
4318,11.8220396988,2014-09-01,2014-09-01 23:50:00,318665,475.3466094740,60129.2000000000,1539.6172463897,142.0000000000,0.0922307154,142,1,2026-06-28 02:00:00
4317,11.8193018480,2014-09-02,2014-09-02 23:50:00,318810,473.8033685340,60129.2000000000,1539.6172463897,142.0000000000,0.0922307154,142,1,2026-06-28 02:00:00
4316,11.8165639973,2014-09-03,2014-09-03 23:50:00,318980,474.5441927280,60129.2000000000,1539.6172463897,142.0000000000,0.0922307154,142,1,2026-06-28 02:00:00
4315,11.8138261465,2014-09-04,2014-09-04 23:50:00,319138,488.6074590400,60129.2000000000,1539.6172463897,142.0000000000,0.0922307154,142,1,2026-06-28 02:00:00
4314,11.8110882957,2014-09-05,2014-09-05 23:50:00,319285,477.6421457220,60129.2000000000,1539.6172463897,142.0000000000,0.0922307154,142,1,2026-06-28 02:00:00
4313,11.8083504449,2014-09-06,2014-09-06 23:50:00,319462,479.7417088200,60129.2000000000,1539.6172463897,142.0000000000,0.0922307154,142,1,2026-06-28 02:00:00
4312,11.8056125941,2014-09-07,2014-09-07 23:50:00,319616,476.1197457700,60129.2000000000,1539.6172463897,142.0000000000,0.0922307154,142,1,2026-06-28 02:00:00
4311,11.8028747433,2014-09-08,2014-09-08 23:50:00,319762,468.0304807320,60129.2000000000,1539.6172463897,142.0000000000,0.0922307154,142,1,2026-06-28 02:00:00
4310,11.8001368925,2014-09-09,2014-09-09 23:50:00,319907,473.3757324860,60129.2000000000,1539.6172463897,142.0000000000,0.0922307154,142,1,2026-06-28 02:00:00
4309,11.7973990418,2014-09-10,2014-09-10 23:50:00,320065,477.6073749840,60129.2000000000,1539.6172463897,142.0000000000,0.0922307154,142,1,2026-06-28 02:00:00
4308,11.7946611910,2014-09-11,2014-09-11 23:50:00,320236,477.4138829680,60129.2000000000,1539.6172463897,142.0000000000,0.0922307154,142,1,2026-06-28 02:00:00
4307,11.7919233402,2014-09-12,2014-09-12 23:50:00,320389,474.1973925900,60129.2000000000,1539.6172463897,142.0000000000,0.0922307154,142,1,2026-06-28 02:00:00
4306,11.7891854894,2014-09-13,2014-09-13 23:50:00,320571,477.1274723420,60129.2000000000,1539.6172463897,142.0000000000,0.0922307154,142,1,2026-06-28 02:00:00
4305,11.7864476386,2014-09-14,2014-09-14 23:50:00,320727,474.6063150740,60129.2000000000,1539.6172463897,142.0000000000,0.0922307154,142,1,2026-06-28 02:00:00
4304,11.7837097878,2014-09-15,2014-09-15 23:50:00,320885,469.5715241800,60129.2000000000,1539.6172463897,142.0000000000,0.0922307154,142,1,2026-06-28 02:00:00
4303,11.7809719370,2014-09-16,2014-09-16 23:50:00,321056,463.2017233960,60129.2000000000,1539.6172463897,142.0000000000,0.0922307154,142,1,2026-06-28 02:00:00
4302,11.7782340862,2014-09-17,2014-09-17 23:50:00,321244,452.3290782180,60129.2000000000,1539.6172463897,142.0000000000,0.0922307154,142,1,2026-06-28 02:00:00
4301,11.7754962355,2014-09-18,2014-09-18 23:50:00,321422,425.6686350860,60129.2000000000,1539.6172463897,142.0000000000,0.0922307154,142,1,2026-06-28 02:00:00
4300,11.7727583847,2014-09-19,2014-09-19 23:50:00,321593,395.7376897340,60129.2000000000,1539.6172463897,142.0000000000,0.0922307154,142,1,2026-06-28 02:00:00
4299,11.7700205339,2014-09-20,2014-09-20 23:50:00,321770,410.7151554100,60129.2000000000,1539.6172463897,142.0000000000,0.0922307154,142,1,2026-06-28 02:00:00
4298,11.7672826831,2014-09-21,2014-09-21 23:50:00,321933,400.4654117660,60129.2000000000,1539.6172463897,142.0000000000,0.0922307154,142,1,2026-06-28 02:00:00
4297,11.7645448323,2014-09-22,2014-09-22 23:50:00,322098,399.1341496680,60129.2000000000,1539.6172463897,142.0000000000,0.0922307154,142,1,2026-06-28 02:00:00
4296,11.7618069815,2014-09-23,2014-09-23 23:50:00,322250,439.4156581540,60129.2000000000,1539.6172463897,142.0000000000,0.0922307154,142,1,2026-06-28 02:00:00
4295,11.7590691307,2014-09-24,2014-09-24 23:50:00,322405,423.5680479300,60129.2000000000,1539.6172463897,142.0000000000,0.0922307154,142,1,2026-06-28 02:00:00
4294,11.7563312799,2014-09-25,2014-09-25 23:50:00,322579,409.3475153560,60129.2000000000,1539.6172463897,142.0000000000,0.0922307154,142,1,2026-06-28 02:00:00
4293,11.7535934292,2014-09-26,2014-09-26 23:50:00,322713,404.5741875160,60129.2000000000,1539.6172463897,142.0000000000,0.0922307154,142,1,2026-06-28 02:00:00
4292,11.7508555784,2014-09-27,2014-09-27 23:50:00,322846,400.6865141880,60129.2000000000,1539.6172463897,142.0000000000,0.0922307154,142,1,2026-06-28 02:00:00
4291,11.7481177276,2014-09-28,2014-09-28 23:50:00,322977,375.3031502240,60129.2000000000,1539.6172463897,142.0000000000,0.0922307154,142,1,2026-06-28 02:00:00
4290,11.7453798768,2014-09-29,2014-09-29 23:50:00,323115,373.9906226080,60129.2000000000,1539.6172463897,142.0000000000,0.0922307154,142,1,2026-06-28 02:00:00
4289,11.7426420260,2014-09-30,2014-09-30 23:50:00,323268,390.1871097300,60129.2000000000,1539.6172463897,142.0000000000,0.0922307154,142,1,2026-06-28 02:00:00
4288,11.7399041752,2014-10-01,2014-10-01 23:50:00,323423,383.9437351780,60129.2000000000,1564.4592617317,141.0000000000,0.0901269873,141,1,2026-06-28 02:00:00
4287,11.7371663244,2014-10-02,2014-10-02 23:50:00,323559,375.4928339000,60129.2000000000,1564.4592617317,141.0000000000,0.0901269873,141,1,2026-06-28 02:00:00
4286,11.7344284736,2014-10-03,2014-10-03 23:50:00,323707,357.3629803360,60129.2000000000,1564.4592617317,141.0000000000,0.0901269873,141,1,2026-06-28 02:00:00
4285,11.7316906229,2014-10-04,2014-10-04 23:50:00,323861,326.6424685980,60129.2000000000,1564.4592617317,141.0000000000,0.0901269873,141,1,2026-06-28 02:00:00
4284,11.7289527721,2014-10-05,2014-10-05 23:50:00,324028,323.0550494240,60129.2000000000,1564.4592617317,141.0000000000,0.0901269873,141,1,2026-06-28 02:00:00
4283,11.7262149213,2014-10-06,2014-10-06 23:50:00,324190,328.0491748120,60129.2000000000,1564.4592617317,141.0000000000,0.0901269873,141,1,2026-06-28 02:00:00
4282,11.7234770705,2014-10-07,2014-10-07 23:50:00,324324,334.4042184940,60129.2000000000,1564.4592617317,141.0000000000,0.0901269873,141,1,2026-06-28 02:00:00
4281,11.7207392197,2014-10-08,2014-10-08 23:50:00,324469,355.9922473460,60129.2000000000,1564.4592617317,141.0000000000,0.0901269873,141,1,2026-06-28 02:00:00
4280,11.7180013689,2014-10-09,2014-10-09 23:50:00,324616,364.5562265840,60129.2000000000,1564.4592617317,141.0000000000,0.0901269873,141,1,2026-06-28 02:00:00
4279,11.7152635181,2014-10-10,2014-10-10 23:50:00,324771,360.9386718860,60129.2000000000,1564.4592617317,141.0000000000,0.0901269873,141,1,2026-06-28 02:00:00
4278,11.7125256674,2014-10-11,2014-10-11 23:50:00,324916,362.4326819460,60129.2000000000,1564.4592617317,141.0000000000,0.0901269873,141,1,2026-06-28 02:00:00
4277,11.7097878166,2014-10-12,2014-10-12 23:50:00,325063,379.5442335080,60129.2000000000,1564.4592617317,141.0000000000,0.0901269873,141,1,2026-06-28 02:00:00
4276,11.7070499658,2014-10-13,2014-10-13 23:50:00,325219,392.3255061560,60129.2000000000,1564.4592617317,141.0000000000,0.0901269873,141,1,2026-06-28 02:00:00
4275,11.7043121150,2014-10-14,2014-10-14 23:50:00,325351,402.4285720380,60129.2000000000,1564.4592617317,141.0000000000,0.0901269873,141,1,2026-06-28 02:00:00
4274,11.7015742642,2014-10-15,2014-10-15 23:50:00,325501,394.0944819520,60129.2000000000,1564.4592617317,141.0000000000,0.0901269873,141,1,2026-06-28 02:00:00
4273,11.6988364134,2014-10-16,2014-10-16 23:50:00,325650,383.0852832960,60129.2000000000,1564.4592617317,141.0000000000,0.0901269873,141,1,2026-06-28 02:00:00
4272,11.6960985626,2014-10-17,2014-10-17 23:50:00,325790,383.0609196560,60129.2000000000,1564.4592617317,141.0000000000,0.0901269873,141,1,2026-06-28 02:00:00
4271,11.6933607118,2014-10-18,2014-10-18 23:50:00,325956,390.7537973400,60129.2000000000,1564.4592617317,141.0000000000,0.0901269873,141,1,2026-06-28 02:00:00
4270,11.6906228611,2014-10-19,2014-10-19 23:50:00,326089,388.5758725720,60129.2000000000,1564.4592617317,141.0000000000,0.0901269873,141,1,2026-06-28 02:00:00
4269,11.6878850103,2014-10-20,2014-10-20 23:50:00,326225,381.3568262200,60129.2000000000,1564.4592617317,141.0000000000,0.0901269873,141,1,2026-06-28 02:00:00
4268,11.6851471595,2014-10-21,2014-10-21 23:50:00,326377,385.8460746760,60129.2000000000,1564.4592617317,141.0000000000,0.0901269873,141,1,2026-06-28 02:00:00
4267,11.6824093087,2014-10-22,2014-10-22 23:50:00,326537,382.4363193200,60129.2000000000,1564.4592617317,141.0000000000,0.0901269873,141,1,2026-06-28 02:00:00
4266,11.6796714579,2014-10-23,2014-10-23 23:50:00,326686,356.5661552360,60129.2000000000,1564.4592617317,141.0000000000,0.0901269873,141,1,2026-06-28 02:00:00
4265,11.6769336071,2014-10-24,2014-10-24 23:50:00,326848,358.1904358080,60129.2000000000,1564.4592617317,141.0000000000,0.0901269873,141,1,2026-06-28 02:00:00
4264,11.6741957563,2014-10-25,2014-10-25 23:50:00,327003,348.1574356140,60129.2000000000,1564.4592617317,141.0000000000,0.0901269873,141,1,2026-06-28 02:00:00
4263,11.6714579055,2014-10-26,2014-10-26 23:50:00,327128,355.0214911720,60129.2000000000,1564.4592617317,141.0000000000,0.0901269873,141,1,2026-06-28 02:00:00
4262,11.6687200548,2014-10-27,2014-10-27 23:50:00,327286,350.9831834860,60129.2000000000,1564.4592617317,141.0000000000,0.0901269873,141,1,2026-06-28 02:00:00
4261,11.6659822040,2014-10-28,2014-10-28 23:50:00,327424,355.7740055640,60129.2000000000,1564.4592617317,141.0000000000,0.0901269873,141,1,2026-06-28 02:00:00
4260,11.6632443532,2014-10-29,2014-10-29 23:50:00,327580,335.0932848320,60129.2000000000,1564.4592617317,141.0000000000,0.0901269873,141,1,2026-06-28 02:00:00
4259,11.6605065024,2014-10-30,2014-10-30 23:50:00,327747,346.1215294860,60129.2000000000,1564.4592617317,141.0000000000,0.0901269873,141,1,2026-06-28 02:00:00
4258,11.6577686516,2014-10-31,2014-10-31 23:50:00,327935,337.8133933460,60129.2000000000,1564.4592617317,141.0000000000,0.0901269873,141,1,2026-06-28 02:00:00
4257,11.6550308008,2014-11-01,2014-11-01 23:50:00,328097,324.5734843560,60129.2000000000,1599.5897920794,140.0000000000,0.0875224390,140,1,2026-06-28 02:00:00
4256,11.6522929500,2014-11-02,2014-11-02 23:50:00,328251,324.3657932900,60129.2000000000,1599.5897920794,140.0000000000,0.0875224390,140,1,2026-06-28 02:00:00
4255,11.6495550992,2014-11-03,2014-11-03 23:50:00,328419,325.9658722180,60129.2000000000,1599.5897920794,140.0000000000,0.0875224390,140,1,2026-06-28 02:00:00
4254,11.6468172485,2014-11-04,2014-11-04 23:50:00,328583,330.0775407440,60129.2000000000,1599.5897920794,140.0000000000,0.0875224390,140,1,2026-06-28 02:00:00
4253,11.6440793977,2014-11-05,2014-11-05 23:50:00,328721,338.0022151560,60129.2000000000,1599.5897920794,140.0000000000,0.0875224390,140,1,2026-06-28 02:00:00
4252,11.6413415469,2014-11-06,2014-11-06 23:50:00,328874,349.9122070480,60129.2000000000,1599.5897920794,140.0000000000,0.0875224390,140,1,2026-06-28 02:00:00
4251,11.6386036961,2014-11-07,2014-11-07 23:50:00,329024,342.1350114360,60129.2000000000,1599.5897920794,140.0000000000,0.0875224390,140,1,2026-06-28 02:00:00
4250,11.6358658453,2014-11-08,2014-11-08 23:50:00,329178,345.7462867900,60129.2000000000,1599.5897920794,140.0000000000,0.0875224390,140,1,2026-06-28 02:00:00
4249,11.6331279945,2014-11-09,2014-11-09 23:50:00,329328,365.5638444880,60129.2000000000,1599.5897920794,140.0000000000,0.0875224390,140,1,2026-06-28 02:00:00
4248,11.6303901437,2014-11-10,2014-11-10 23:50:00,329475,365.8704261920,60129.2000000000,1599.5897920794,140.0000000000,0.0875224390,140,1,2026-06-28 02:00:00
4247,11.6276522930,2014-11-11,2014-11-11 23:50:00,329604,369.8149674340,60129.2000000000,1599.5897920794,140.0000000000,0.0875224390,140,1,2026-06-28 02:00:00
4246,11.6249144422,2014-11-12,2014-11-12 23:50:00,329750,424.3660600760,60129.2000000000,1599.5897920794,140.0000000000,0.0875224390,140,1,2026-06-28 02:00:00
4245,11.6221765914,2014-11-13,2014-11-13 23:50:00,329896,420.4748087720,60129.2000000000,1599.5897920794,140.0000000000,0.0875224390,140,1,2026-06-28 02:00:00
4244,11.6194387406,2014-11-14,2014-11-14 23:50:00,330049,399.5006388380,60129.2000000000,1599.5897920794,140.0000000000,0.0875224390,140,1,2026-06-28 02:00:00
4243,11.6167008898,2014-11-15,2014-11-15 23:50:00,330188,376.6290049740,60129.2000000000,1599.5897920794,140.0000000000,0.0875224390,140,1,2026-06-28 02:00:00
4242,11.6139630390,2014-11-16,2014-11-16 23:50:00,330338,389.7978101220,60129.2000000000,1599.5897920794,140.0000000000,0.0875224390,140,1,2026-06-28 02:00:00
4241,11.6112251882,2014-11-17,2014-11-17 23:50:00,330484,388.3580000000,60129.2000000000,1599.5897920794,140.0000000000,0.0875224390,140,1,2026-06-28 02:00:00
4240,11.6084873374,2014-11-18,2014-11-18 23:50:00,330637,375.0893458960,60129.2000000000,1599.5897920794,140.0000000000,0.0875224390,140,1,2026-06-28 02:00:00
4239,11.6057494867,2014-11-19,2014-11-19 23:50:00,330779,378.8960207060,60129.2000000000,1599.5897920794,140.0000000000,0.0875224390,140,1,2026-06-28 02:00:00
4238,11.6030116359,2014-11-20,2014-11-20 23:50:00,330917,356.4627090680,60129.2000000000,1599.5897920794,140.0000000000,0.0875224390,140,1,2026-06-28 02:00:00
4237,11.6002737851,2014-11-21,2014-11-21 23:50:00,331044,350.4622877660,60129.2000000000,1599.5897920794,140.0000000000,0.0875224390,140,1,2026-06-28 02:00:00
4236,11.5975359343,2014-11-22,2014-11-22 23:50:00,331198,353.3112036800,60129.2000000000,1599.5897920794,140.0000000000,0.0875224390,140,1,2026-06-28 02:00:00
4235,11.5947980835,2014-11-23,2014-11-23 23:50:00,331339,367.6990866780,60129.2000000000,1599.5897920794,140.0000000000,0.0875224390,140,1,2026-06-28 02:00:00
4234,11.5920602327,2014-11-24,2014-11-24 23:50:00,331487,375.8525662780,60129.2000000000,1599.5897920794,140.0000000000,0.0875224390,140,1,2026-06-28 02:00:00
4233,11.5893223819,2014-11-25,2014-11-25 23:50:00,331618,376.5900344260,60129.2000000000,1599.5897920794,140.0000000000,0.0875224390,140,1,2026-06-28 02:00:00
4232,11.5865845311,2014-11-26,2014-11-26 23:50:00,331754,367.5575626680,60129.2000000000,1599.5897920794,140.0000000000,0.0875224390,140,1,2026-06-28 02:00:00
4231,11.5838466804,2014-11-27,2014-11-27 23:50:00,331895,369.6542747740,60129.2000000000,1599.5897920794,140.0000000000,0.0875224390,140,1,2026-06-28 02:00:00
4230,11.5811088296,2014-11-28,2014-11-28 23:50:00,332044,376.8495204660,60129.2000000000,1599.5897920794,140.0000000000,0.0875224390,140,1,2026-06-28 02:00:00
4229,11.5783709788,2014-11-29,2014-11-29 23:50:00,332202,375.8847204100,60129.2000000000,1599.5897920794,140.0000000000,0.0875224390,140,1,2026-06-28 02:00:00
4228,11.5756331280,2014-11-30,2014-11-30 23:50:00,332360,376.6815158640,60129.2000000000,1599.5897920794,140.0000000000,0.0875224390,140,1,2026-06-28 02:00:00
4227,11.5728952772,2014-12-01,2014-12-01 23:50:00,332492,376.6290066890,60129.2000000000,1646.1105630248,139.0000000000,0.0844414726,139,1,2026-06-28 02:00:00
4226,11.5701574264,2014-12-02,2014-12-02 23:50:00,332640,379.0694120617,60129.2000000000,1646.1105630248,139.0000000000,0.0844414726,139,1,2026-06-28 02:00:00
4225,11.5674195756,2014-12-03,2014-12-03 23:50:00,332758,375.5560275468,60129.2000000000,1646.1105630248,139.0000000000,0.0844414726,139,1,2026-06-28 02:00:00
4224,11.5646817248,2014-12-04,2014-12-04 23:50:00,332904,369.1947038800,60129.2000000000,1646.1105630248,139.0000000000,0.0844414726,139,1,2026-06-28 02:00:00
4223,11.5619438741,2014-12-05,2014-12-05 23:50:00,333059,376.0000000000,60129.2000000000,1646.1105630248,139.0000000000,0.0844414726,139,1,2026-06-28 02:00:00
4222,11.5592060233,2014-12-06,2014-12-06 23:50:00,333197,375.0179515380,60129.2000000000,1646.1105630248,139.0000000000,0.0844414726,139,1,2026-06-28 02:00:00
4221,11.5564681725,2014-12-07,2014-12-07 23:50:00,333322,377.1457830300,60129.2000000000,1646.1105630248,139.0000000000,0.0844414726,139,1,2026-06-28 02:00:00
4220,11.5537303217,2014-12-08,2014-12-08 23:50:00,333482,361.6342622220,60129.2000000000,1646.1105630248,139.0000000000,0.0844414726,139,1,2026-06-28 02:00:00
4219,11.5509924709,2014-12-09,2014-12-09 23:50:00,333626,351.9085479040,60129.2000000000,1646.1105630248,139.0000000000,0.0844414726,139,1,2026-06-28 02:00:00
4218,11.5482546201,2014-12-10,2014-12-10 23:50:00,333770,346.9597450120,60129.2000000000,1646.1105630248,139.0000000000,0.0844414726,139,1,2026-06-28 02:00:00
4217,11.5455167693,2014-12-11,2014-12-11 23:50:00,333919,348.9219446920,60129.2000000000,1646.1105630248,139.0000000000,0.0844414726,139,1,2026-06-28 02:00:00
4216,11.5427789185,2014-12-12,2014-12-12 23:50:00,334056,352.8697126020,60129.2000000000,1646.1105630248,139.0000000000,0.0844414726,139,1,2026-06-28 02:00:00
4215,11.5400410678,2014-12-13,2014-12-13 23:50:00,334205,350.9615073260,60129.2000000000,1646.1105630248,139.0000000000,0.0844414726,139,1,2026-06-28 02:00:00
4214,11.5373032170,2014-12-14,2014-12-14 23:50:00,334347,357.1418999840,60129.2000000000,1646.1105630248,139.0000000000,0.0844414726,139,1,2026-06-28 02:00:00
4213,11.5345653662,2014-12-15,2014-12-15 23:50:00,334488,348.0818606860,60129.2000000000,1646.1105630248,139.0000000000,0.0844414726,139,1,2026-06-28 02:00:00
4212,11.5318275154,2014-12-16,2014-12-16 23:50:00,334630,328.9011390200,60129.2000000000,1646.1105630248,139.0000000000,0.0844414726,139,1,2026-06-28 02:00:00
4211,11.5290896646,2014-12-17,2014-12-17 23:50:00,334759,321.5984932060,60129.2000000000,1646.1105630248,139.0000000000,0.0844414726,139,1,2026-06-28 02:00:00
4210,11.5263518138,2014-12-18,2014-12-18 23:50:00,334887,312.2817758880,60129.2000000000,1646.1105630248,139.0000000000,0.0844414726,139,1,2026-06-28 02:00:00
4209,11.5236139630,2014-12-19,2014-12-19 23:50:00,335022,318.5441340620,60129.2000000000,1646.1105630248,139.0000000000,0.0844414726,139,1,2026-06-28 02:00:00
4208,11.5208761123,2014-12-20,2014-12-20 23:50:00,335156,331.4905016820,60129.2000000000,1646.1105630248,139.0000000000,0.0844414726,139,1,2026-06-28 02:00:00
4207,11.5181382615,2014-12-21,2014-12-21 23:50:00,335291,320.5567875540,60129.2000000000,1646.1105630248,139.0000000000,0.0844414726,139,1,2026-06-28 02:00:00
4206,11.5154004107,2014-12-22,2014-12-22 23:50:00,335452,331.9978829860,60129.2000000000,1646.1105630248,139.0000000000,0.0844414726,139,1,2026-06-28 02:00:00
4205,11.5126625599,2014-12-23,2014-12-23 23:50:00,335604,336.5221724140,60129.2000000000,1646.1105630248,139.0000000000,0.0844414726,139,1,2026-06-28 02:00:00
4204,11.5099247091,2014-12-24,2014-12-24 23:50:00,335758,322.5220000000,60129.2000000000,1646.1105630248,139.0000000000,0.0844414726,139,1,2026-06-28 02:00:00
4203,11.5071868583,2014-12-25,2014-12-25 23:50:00,335914,319.6932810020,60129.2000000000,1646.1105630248,139.0000000000,0.0844414726,139,1,2026-06-28 02:00:00
4202,11.5044490075,2014-12-26,2014-12-26 23:50:00,336066,329.3122812160,60129.2000000000,1646.1105630248,139.0000000000,0.0844414726,139,1,2026-06-28 02:00:00
4201,11.5017111567,2014-12-27,2014-12-27 23:50:00,336220,316.2093873380,60129.2000000000,1646.1105630248,139.0000000000,0.0844414726,139,1,2026-06-28 02:00:00
4200,11.4989733060,2014-12-28,2014-12-28 23:50:00,336388,317.5940000000,60129.2000000000,1646.1105630248,139.0000000000,0.0844414726,139,1,2026-06-28 02:00:00
4199,11.4962354552,2014-12-29,2014-12-29 23:50:00,336553,312.4585004120,60129.2000000000,1646.1105630248,139.0000000000,0.0844414726,139,1,2026-06-28 02:00:00
4198,11.4934976044,2014-12-30,2014-12-30 23:50:00,336707,311.4300201500,60129.2000000000,1646.1105630248,139.0000000000,0.0844414726,139,1,2026-06-28 02:00:00
4197,11.4907597536,2014-12-31,2014-12-31 23:50:00,336858,320.9927121280,60129.2000000000,1646.1105630248,139.0000000000,0.0844414726,139,1,2026-06-28 02:00:00
4196,11.4880219028,2015-01-01,2015-01-01 23:50:00,337022,314.0254563180,60129.2000000000,1687.3233379983,138.0000000000,0.0817863399,138,1,2026-06-28 02:00:00
4195,11.4852840520,2015-01-02,2015-01-02 23:50:00,337188,315.6871609840,60129.2000000000,1687.3233379983,138.0000000000,0.0817863399,138,1,2026-06-28 02:00:00
4194,11.4825462012,2015-01-03,2015-01-03 23:50:00,337352,283.0065351500,60129.2000000000,1687.3233379983,138.0000000000,0.0817863399,138,1,2026-06-28 02:00:00
4193,11.4798083504,2015-01-04,2015-01-04 23:50:00,337522,263.8078825160,60129.2000000000,1687.3233379983,138.0000000000,0.0817863399,138,1,2026-06-28 02:00:00
4192,11.4770704997,2015-01-05,2015-01-05 23:50:00,337680,276.8000000000,60129.2000000000,1687.3233379983,138.0000000000,0.0817863399,138,1,2026-06-28 02:00:00
4191,11.4743326489,2015-01-06,2015-01-06 23:50:00,337836,276.8000000000,60129.2000000000,1687.3233379983,138.0000000000,0.0817863399,138,1,2026-06-28 02:00:00
4190,11.4715947981,2015-01-07,2015-01-07 23:50:00,337978,276.8000000000,60129.2000000000,1687.3233379983,138.0000000000,0.0817863399,138,1,2026-06-28 02:00:00
4189,11.4688569473,2015-01-08,2015-01-08 23:50:00,338125,284.2775000000,60129.2000000000,1687.3233379983,138.0000000000,0.0817863399,138,1,2026-06-28 02:00:00
4188,11.4661190965,2015-01-09,2015-01-09 23:50:00,338265,293.9564606720,60129.2000000000,1687.3233379983,138.0000000000,0.0817863399,138,1,2026-06-28 02:00:00
4187,11.4633812457,2015-01-10,2015-01-10 23:50:00,338412,275.1789145520,60129.2000000000,1687.3233379983,138.0000000000,0.0817863399,138,1,2026-06-28 02:00:00
4186,11.4606433949,2015-01-11,2015-01-11 23:50:00,338567,265.1045999120,60129.2000000000,1687.3233379983,138.0000000000,0.0817863399,138,1,2026-06-28 02:00:00
4185,11.4579055441,2015-01-12,2015-01-12 23:50:00,338707,267.0091753000,60129.2000000000,1687.3233379983,138.0000000000,0.0817863399,138,1,2026-06-28 02:00:00
4184,11.4551676934,2015-01-13,2015-01-13 23:50:00,338834,226.2315100269,60129.2000000000,1687.3233379983,138.0000000000,0.0817863399,138,1,2026-06-28 02:00:00
4183,11.4524298426,2015-01-14,2015-01-14 23:50:00,338981,172.2093361644,60129.2000000000,1687.3233379983,138.0000000000,0.0817863399,138,1,2026-06-28 02:00:00
4182,11.4496919918,2015-01-15,2015-01-15 23:50:00,339132,210.2220540198,60129.2000000000,1687.3233379983,138.0000000000,0.0817863399,138,1,2026-06-28 02:00:00
4181,11.4469541410,2015-01-16,2015-01-16 23:50:00,339271,207.4007533856,60129.2000000000,1687.3233379983,138.0000000000,0.0817863399,138,1,2026-06-28 02:00:00
4180,11.4442162902,2015-01-17,2015-01-17 23:50:00,339408,199.7133548100,60129.2000000000,1687.3233379983,138.0000000000,0.0817863399,138,1,2026-06-28 02:00:00
4179,11.4414784394,2015-01-18,2015-01-18 23:50:00,339562,211.9333256560,60129.2000000000,1687.3233379983,138.0000000000,0.0817863399,138,1,2026-06-28 02:00:00
4178,11.4387405886,2015-01-19,2015-01-19 23:50:00,339705,216.2135457394,60129.2000000000,1687.3233379983,138.0000000000,0.0817863399,138,1,2026-06-28 02:00:00
4177,11.4360027379,2015-01-20,2015-01-20 23:50:00,339823,211.2143681032,60129.2000000000,1687.3233379983,138.0000000000,0.0817863399,138,1,2026-06-28 02:00:00
4176,11.4332648871,2015-01-21,2015-01-21 23:50:00,339972,227.3673392702,60129.2000000000,1687.3233379983,138.0000000000,0.0817863399,138,1,2026-06-28 02:00:00
4175,11.4305270363,2015-01-22,2015-01-22 23:50:00,340108,233.0832877620,60129.2000000000,1687.3233379983,138.0000000000,0.0817863399,138,1,2026-06-28 02:00:00
4174,11.4277891855,2015-01-23,2015-01-23 23:50:00,340230,233.6469371526,60129.2000000000,1687.3233379983,138.0000000000,0.0817863399,138,1,2026-06-28 02:00:00
4173,11.4250513347,2015-01-24,2015-01-24 23:50:00,340358,249.3475380570,60129.2000000000,1687.3233379983,138.0000000000,0.0817863399,138,1,2026-06-28 02:00:00
4172,11.4223134839,2015-01-25,2015-01-25 23:50:00,340483,254.5662431274,60129.2000000000,1687.3233379983,138.0000000000,0.0817863399,138,1,2026-06-28 02:00:00
4171,11.4195756331,2015-01-26,2015-01-26 23:50:00,340609,274.3673394384,60129.2000000000,1687.3233379983,138.0000000000,0.0817863399,138,1,2026-06-28 02:00:00
4170,11.4168377823,2015-01-27,2015-01-27 23:50:00,340757,263.8566599952,60129.2000000000,1687.3233379983,138.0000000000,0.0817863399,138,1,2026-06-28 02:00:00
4169,11.4140999316,2015-01-28,2015-01-28 23:50:00,340923,235.5267381424,60129.2000000000,1687.3233379983,138.0000000000,0.0817863399,138,1,2026-06-28 02:00:00
4168,11.4113620808,2015-01-29,2015-01-29 23:50:00,341086,235.3780460644,60129.2000000000,1687.3233379983,138.0000000000,0.0817863399,138,1,2026-06-28 02:00:00
4167,11.4086242300,2015-01-30,2015-01-30 23:50:00,341224,228.4714563518,60129.2000000000,1687.3233379983,138.0000000000,0.0817863399,138,1,2026-06-28 02:00:00
4166,11.4058863792,2015-01-31,2015-01-31 23:50:00,341390,218.1833214084,60129.2000000000,1687.3233379983,138.0000000000,0.0817863399,138,1,2026-06-28 02:00:00
4165,11.4031485284,2015-02-01,2015-02-01 23:50:00,341544,227.6223232278,60129.2000000000,1742.9607519208,137.0000000000,0.0786018847,137,1,2026-06-28 02:00:00
4164,11.4004106776,2015-02-02,2015-02-02 23:50:00,341704,237.9709054988,60129.2000000000,1742.9607519208,137.0000000000,0.0786018847,137,1,2026-06-28 02:00:00
4163,11.3976728268,2015-02-03,2015-02-03 23:50:00,341832,227.6791825346,60129.2000000000,1742.9607519208,137.0000000000,0.0786018847,137,1,2026-06-28 02:00:00
4162,11.3949349760,2015-02-04,2015-02-04 23:50:00,341990,227.0801987966,60129.2000000000,1742.9607519208,137.0000000000,0.0786018847,137,1,2026-06-28 02:00:00
4161,11.3921971253,2015-02-05,2015-02-05 23:50:00,342150,216.8557746663,60129.2000000000,1742.9607519208,137.0000000000,0.0786018847,137,1,2026-06-28 02:00:00
4160,11.3894592745,2015-02-06,2015-02-06 23:50:00,342323,222.7839778729,60129.2000000000,1742.9607519208,137.0000000000,0.0786018847,137,1,2026-06-28 02:00:00
4159,11.3867214237,2015-02-07,2015-02-07 23:50:00,342484,229.0018570208,60129.2000000000,1742.9607519208,137.0000000000,0.0786018847,137,1,2026-06-28 02:00:00
4158,11.3839835729,2015-02-08,2015-02-08 23:50:00,342618,223.9636719150,60129.2000000000,1742.9607519208,137.0000000000,0.0786018847,137,1,2026-06-28 02:00:00
4157,11.3812457221,2015-02-09,2015-02-09 23:50:00,342777,221.0042389553,60129.2000000000,1742.9607519208,137.0000000000,0.0786018847,137,1,2026-06-28 02:00:00
4156,11.3785078713,2015-02-10,2015-02-10 23:50:00,342923,220.6003968710,60129.2000000000,1742.9607519208,137.0000000000,0.0786018847,137,1,2026-06-28 02:00:00
4155,11.3757700205,2015-02-11,2015-02-11 23:50:00,343080,219.7285161312,60129.2000000000,1742.9607519208,137.0000000000,0.0786018847,137,1,2026-06-28 02:00:00
4154,11.3730321697,2015-02-12,2015-02-12 23:50:00,343200,222.8289033732,60129.2000000000,1742.9607519208,137.0000000000,0.0786018847,137,1,2026-06-28 02:00:00
4153,11.3702943190,2015-02-13,2015-02-13 23:50:00,343345,236.8050188504,60129.2000000000,1742.9607519208,137.0000000000,0.0786018847,137,1,2026-06-28 02:00:00
4152,11.3675564682,2015-02-14,2015-02-14 23:50:00,343506,257.0310272347,60129.2000000000,1742.9607519208,137.0000000000,0.0786018847,137,1,2026-06-28 02:00:00
4151,11.3648186174,2015-02-15,2015-02-15 23:50:00,343645,235.0457813202,60129.2000000000,1742.9607519208,137.0000000000,0.0786018847,137,1,2026-06-28 02:00:00
4150,11.3620807666,2015-02-16,2015-02-16 23:50:00,343803,234.5256899357,60129.2000000000,1742.9607519208,137.0000000000,0.0786018847,137,1,2026-06-28 02:00:00
4149,11.3593429158,2015-02-17,2015-02-17 23:50:00,343952,244.7022003916,60129.2000000000,1742.9607519208,137.0000000000,0.0786018847,137,1,2026-06-28 02:00:00
4148,11.3566050650,2015-02-18,2015-02-18 23:50:00,344118,237.4602610896,60129.2000000000,1742.9607519208,137.0000000000,0.0786018847,137,1,2026-06-28 02:00:00
4147,11.3538672142,2015-02-19,2015-02-19 23:50:00,344284,241.4600574504,60129.2000000000,1742.9607519208,137.0000000000,0.0786018847,137,1,2026-06-28 02:00:00
4146,11.3511293634,2015-02-20,2015-02-20 23:50:00,344442,245.3421246870,60129.2000000000,1742.9607519208,137.0000000000,0.0786018847,137,1,2026-06-28 02:00:00
4145,11.3483915127,2015-02-21,2015-02-21 23:50:00,344584,245.5785541629,60129.2000000000,1742.9607519208,137.0000000000,0.0786018847,137,1,2026-06-28 02:00:00
4144,11.3456536619,2015-02-22,2015-02-22 23:50:00,344736,236.4572949647,60129.2000000000,1742.9607519208,137.0000000000,0.0786018847,137,1,2026-06-28 02:00:00
4143,11.3429158111,2015-02-23,2015-02-23 23:50:00,344878,239.2251327609,60129.2000000000,1742.9607519208,137.0000000000,0.0786018847,137,1,2026-06-28 02:00:00
4142,11.3401779603,2015-02-24,2015-02-24 23:50:00,345007,239.8410423226,60129.2000000000,1742.9607519208,137.0000000000,0.0786018847,137,1,2026-06-28 02:00:00
4141,11.3374401095,2015-02-25,2015-02-25 23:50:00,345165,238.1139375509,60129.2000000000,1742.9607519208,137.0000000000,0.0786018847,137,1,2026-06-28 02:00:00
4140,11.3347022587,2015-02-26,2015-02-26 23:50:00,345313,237.0798280600,60129.2000000000,1742.9607519208,137.0000000000,0.0786018847,137,1,2026-06-28 02:00:00
4139,11.3319644079,2015-02-27,2015-02-27 23:50:00,345468,253.8268818944,60129.2000000000,1742.9607519208,137.0000000000,0.0786018847,137,1,2026-06-28 02:00:00
4138,11.3292265572,2015-02-28,2015-02-28 23:50:00,345609,253.6915093848,60129.2000000000,1742.9607519208,137.0000000000,0.0786018847,137,1,2026-06-28 02:00:00
4137,11.3264887064,2015-03-01,2015-03-01 23:50:00,345749,258.7270505769,60129.2000000000,1832.6706366286,136.0000000000,0.0742086424,136,1,2026-06-28 02:00:00
4136,11.3237508556,2015-03-02,2015-03-02 23:50:00,345907,276.0928005163,60129.2000000000,1832.6706366286,136.0000000000,0.0742086424,136,1,2026-06-28 02:00:00
4135,11.3210130048,2015-03-03,2015-03-03 23:50:00,346065,282.4760880922,60129.2000000000,1832.6706366286,136.0000000000,0.0742086424,136,1,2026-06-28 02:00:00
4134,11.3182751540,2015-03-04,2015-03-04 23:50:00,346206,272.0490118613,60129.2000000000,1832.6706366286,136.0000000000,0.0742086424,136,1,2026-06-28 02:00:00
4133,11.3155373032,2015-03-05,2015-03-05 23:50:00,346336,275.7988366596,60129.2000000000,1832.6706366286,136.0000000000,0.0742086424,136,1,2026-06-28 02:00:00
4132,11.3127994524,2015-03-06,2015-03-06 23:50:00,346484,273.0491746904,60129.2000000000,1832.6706366286,136.0000000000,0.0742086424,136,1,2026-06-28 02:00:00
4131,11.3100616016,2015-03-07,2015-03-07 23:50:00,346626,276.8780976691,60129.2000000000,1832.6706366286,136.0000000000,0.0742086424,136,1,2026-06-28 02:00:00
4130,11.3073237509,2015-03-08,2015-03-08 23:50:00,346781,275.2790516535,60129.2000000000,1832.6706366286,136.0000000000,0.0742086424,136,1,2026-06-28 02:00:00
4129,11.3045859001,2015-03-09,2015-03-09 23:50:00,346923,288.2142061171,60129.2000000000,1832.6706366286,136.0000000000,0.0742086424,136,1,2026-06-28 02:00:00
4128,11.3018480493,2015-03-10,2015-03-10 23:50:00,347075,292.4491012592,60129.2000000000,1832.6706366286,136.0000000000,0.0742086424,136,1,2026-06-28 02:00:00
4127,11.2991101985,2015-03-11,2015-03-11 23:50:00,347232,296.5324948519,60129.2000000000,1832.6706366286,136.0000000000,0.0742086424,136,1,2026-06-28 02:00:00
4126,11.2963723477,2015-03-12,2015-03-12 23:50:00,347361,295.8481806575,60129.2000000000,1832.6706366286,136.0000000000,0.0742086424,136,1,2026-06-28 02:00:00
4125,11.2936344969,2015-03-13,2015-03-13 23:50:00,347507,285.6382567508,60129.2000000000,1832.6706366286,136.0000000000,0.0742086424,136,1,2026-06-28 02:00:00
4124,11.2908966461,2015-03-14,2015-03-14 23:50:00,347639,283.2459863615,60129.2000000000,1832.6706366286,136.0000000000,0.0742086424,136,1,2026-06-28 02:00:00
4123,11.2881587953,2015-03-15,2015-03-15 23:50:00,347783,287.2991907259,60129.2000000000,1832.6706366286,136.0000000000,0.0742086424,136,1,2026-06-28 02:00:00
4122,11.2854209446,2015-03-16,2015-03-16 23:50:00,347920,291.3481411176,60129.2000000000,1832.6706366286,136.0000000000,0.0742086424,136,1,2026-06-28 02:00:00
4121,11.2826830938,2015-03-17,2015-03-17 23:50:00,348049,286.2368092016,60129.2000000000,1832.6706366286,136.0000000000,0.0742086424,136,1,2026-06-28 02:00:00
4120,11.2799452430,2015-03-18,2015-03-18 23:50:00,348201,258.1945290379,60129.2000000000,1832.6706366286,136.0000000000,0.0742086424,136,1,2026-06-28 02:00:00
4119,11.2772073922,2015-03-19,2015-03-19 23:50:00,348338,262.2621084127,60129.2000000000,1832.6706366286,136.0000000000,0.0742086424,136,1,2026-06-28 02:00:00
4118,11.2744695414,2015-03-20,2015-03-20 23:50:00,348474,263.0544217348,60129.2000000000,1832.6706366286,136.0000000000,0.0742086424,136,1,2026-06-28 02:00:00
4117,11.2717316906,2015-03-21,2015-03-21 23:50:00,348626,261.3618035694,60129.2000000000,1832.6706366286,136.0000000000,0.0742086424,136,1,2026-06-28 02:00:00
4116,11.2689938398,2015-03-22,2015-03-22 23:50:00,348767,268.2085121177,60129.2000000000,1832.6706366286,136.0000000000,0.0742086424,136,1,2026-06-28 02:00:00
4115,11.2662559890,2015-03-23,2015-03-23 23:50:00,348912,266.2329206344,60129.2000000000,1832.6706366286,136.0000000000,0.0742086424,136,1,2026-06-28 02:00:00
4114,11.2635181383,2015-03-24,2015-03-24 23:50:00,349086,245.6739071306,60129.2000000000,1832.6706366286,136.0000000000,0.0742086424,136,1,2026-06-28 02:00:00
4113,11.2607802875,2015-03-25,2015-03-25 23:50:00,349247,246.8942550731,60129.2000000000,1832.6706366286,136.0000000000,0.0742086424,136,1,2026-06-28 02:00:00
4112,11.2580424367,2015-03-26,2015-03-26 23:50:00,349395,249.5701946815,60129.2000000000,1832.6706366286,136.0000000000,0.0742086424,136,1,2026-06-28 02:00:00
4111,11.2553045859,2015-03-27,2015-03-27 23:50:00,349566,247.8728067689,60129.2000000000,1832.6706366286,136.0000000000,0.0742086424,136,1,2026-06-28 02:00:00
4110,11.2525667351,2015-03-28,2015-03-28 23:50:00,349716,253.4000507257,60129.2000000000,1832.6706366286,136.0000000000,0.0742086424,136,1,2026-06-28 02:00:00
4109,11.2498288843,2015-03-29,2015-03-29 23:50:00,349869,243.3137110162,60129.2000000000,1832.6706366286,136.0000000000,0.0742086424,136,1,2026-06-28 02:00:00
4108,11.2470910335,2015-03-30,2015-03-30 23:50:00,350009,248.4273894204,60129.2000000000,1832.6706366286,136.0000000000,0.0742086424,136,1,2026-06-28 02:00:00
4107,11.2443531828,2015-03-31,2015-03-31 23:50:00,350160,244.5766420522,60129.2000000000,1832.6706366286,136.0000000000,0.0742086424,136,1,2026-06-28 02:00:00
4106,11.2416153320,2015-04-01,2015-04-01 23:50:00,350291,247.6330365766,60129.2000000000,1919.1520836758,135.0000000000,0.0703435653,135,1,2026-06-28 02:00:00
4105,11.2388774812,2015-04-02,2015-04-02 23:50:00,350456,253.9553864677,60129.2000000000,1919.1520836758,135.0000000000,0.0703435653,135,1,2026-06-28 02:00:00
4104,11.2361396304,2015-04-03,2015-04-03 23:50:00,350604,254.8868361384,60129.2000000000,1919.1520836758,135.0000000000,0.0703435653,135,1,2026-06-28 02:00:00
4103,11.2334017796,2015-04-04,2015-04-04 23:50:00,350756,253.9929262544,60129.2000000000,1919.1520836758,135.0000000000,0.0703435653,135,1,2026-06-28 02:00:00
4102,11.2306639288,2015-04-05,2015-04-05 23:50:00,350905,261.2126187519,60129.2000000000,1919.1520836758,135.0000000000,0.0703435653,135,1,2026-06-28 02:00:00
4101,11.2279260780,2015-04-06,2015-04-06 23:50:00,351030,256.4220730129,60129.2000000000,1919.1520836758,135.0000000000,0.0703435653,135,1,2026-06-28 02:00:00
4100,11.2251882272,2015-04-07,2015-04-07 23:50:00,351182,253.9894885279,60129.2000000000,1919.1520836758,135.0000000000,0.0703435653,135,1,2026-06-28 02:00:00
4099,11.2224503765,2015-04-08,2015-04-08 23:50:00,351309,245.8480735402,60129.2000000000,1919.1520836758,135.0000000000,0.0703435653,135,1,2026-06-28 02:00:00
4098,11.2197125257,2015-04-09,2015-04-09 23:50:00,351441,244.6159208858,60129.2000000000,1919.1520836758,135.0000000000,0.0703435653,135,1,2026-06-28 02:00:00
4097,11.2169746749,2015-04-10,2015-04-10 23:50:00,351593,236.5108547053,60129.2000000000,1919.1520836758,135.0000000000,0.0703435653,135,1,2026-06-28 02:00:00
4096,11.2142368241,2015-04-11,2015-04-11 23:50:00,351733,236.7724009158,60129.2000000000,1919.1520836758,135.0000000000,0.0703435653,135,1,2026-06-28 02:00:00
4095,11.2114989733,2015-04-12,2015-04-12 23:50:00,351861,236.4770977506,60129.2000000000,1919.1520836758,135.0000000000,0.0703435653,135,1,2026-06-28 02:00:00
4094,11.2087611225,2015-04-13,2015-04-13 23:50:00,352018,224.9765153297,60129.2000000000,1919.1520836758,135.0000000000,0.0703435653,135,1,2026-06-28 02:00:00
4093,11.2060232717,2015-04-14,2015-04-14 23:50:00,352166,219.3874862191,60129.2000000000,1919.1520836758,135.0000000000,0.0703435653,135,1,2026-06-28 02:00:00
4092,11.2032854209,2015-04-15,2015-04-15 23:50:00,352288,223.8348000036,60129.2000000000,1919.1520836758,135.0000000000,0.0703435653,135,1,2026-06-28 02:00:00
4091,11.2005475702,2015-04-16,2015-04-16 23:50:00,352425,227.8703787265,60129.2000000000,1919.1520836758,135.0000000000,0.0703435653,135,1,2026-06-28 02:00:00
4090,11.1978097194,2015-04-17,2015-04-17 23:50:00,352550,223.0841719014,60129.2000000000,1919.1520836758,135.0000000000,0.0703435653,135,1,2026-06-28 02:00:00
4089,11.1950718686,2015-04-18,2015-04-18 23:50:00,352698,223.5865237126,60129.2000000000,1919.1520836758,135.0000000000,0.0703435653,135,1,2026-06-28 02:00:00
4088,11.1923340178,2015-04-19,2015-04-19 23:50:00,352843,223.5674472650,60129.2000000000,1919.1520836758,135.0000000000,0.0703435653,135,1,2026-06-28 02:00:00
4087,11.1895961670,2015-04-20,2015-04-20 23:50:00,352996,225.2184300872,60129.2000000000,1919.1520836758,135.0000000000,0.0703435653,135,1,2026-06-28 02:00:00
4086,11.1868583162,2015-04-21,2015-04-21 23:50:00,353151,235.5210246965,60129.2000000000,1919.1520836758,135.0000000000,0.0703435653,135,1,2026-06-28 02:00:00
4085,11.1841204654,2015-04-22,2015-04-22 23:50:00,353302,233.7009634609,60129.2000000000,1919.1520836758,135.0000000000,0.0703435653,135,1,2026-06-28 02:00:00
4084,11.1813826146,2015-04-23,2015-04-23 23:50:00,353432,236.1635368171,60129.2000000000,1919.1520836758,135.0000000000,0.0703435653,135,1,2026-06-28 02:00:00
4083,11.1786447639,2015-04-24,2015-04-24 23:50:00,353555,231.0205337249,60129.2000000000,1919.1520836758,135.0000000000,0.0703435653,135,1,2026-06-28 02:00:00
4082,11.1759069131,2015-04-25,2015-04-25 23:50:00,353719,226.5854799438,60129.2000000000,1919.1520836758,135.0000000000,0.0703435653,135,1,2026-06-28 02:00:00
4081,11.1731690623,2015-04-26,2015-04-26 23:50:00,353864,221.0537996048,60129.2000000000,1919.1520836758,135.0000000000,0.0703435653,135,1,2026-06-28 02:00:00
4080,11.1704312115,2015-04-27,2015-04-27 23:50:00,353999,227.4497711597,60129.2000000000,1919.1520836758,135.0000000000,0.0703435653,135,1,2026-06-28 02:00:00
4079,11.1676933607,2015-04-28,2015-04-28 23:50:00,354154,225.3984377539,60129.2000000000,1919.1520836758,135.0000000000,0.0703435653,135,1,2026-06-28 02:00:00
4078,11.1649555099,2015-04-29,2015-04-29 23:50:00,354281,225.6405442418,60129.2000000000,1919.1520836758,135.0000000000,0.0703435653,135,1,2026-06-28 02:00:00
4077,11.1622176591,2015-04-30,2015-04-30 23:50:00,354415,236.7031157499,60129.2000000000,1919.1520836758,135.0000000000,0.0703435653,135,1,2026-06-28 02:00:00
4076,11.1594798084,2015-05-01,2015-05-01 23:50:00,354562,232.7740205182,60129.2000000000,2020.9536108289,134.0000000000,0.0663053319,134,1,2026-06-28 02:00:00
4075,11.1567419576,2015-05-02,2015-05-02 23:50:00,354709,234.4547062686,60129.2000000000,2020.9536108289,134.0000000000,0.0663053319,134,1,2026-06-28 02:00:00
4074,11.1540041068,2015-05-03,2015-05-03 23:50:00,354850,239.8453986376,60129.2000000000,2020.9536108289,134.0000000000,0.0663053319,134,1,2026-06-28 02:00:00
4073,11.1512662560,2015-05-04,2015-05-04 23:50:00,354978,239.2673350150,60129.2000000000,2020.9536108289,134.0000000000,0.0663053319,134,1,2026-06-28 02:00:00
4072,11.1485284052,2015-05-05,2015-05-05 23:50:00,355131,236.2114911026,60129.2000000000,2020.9536108289,134.0000000000,0.0663053319,134,1,2026-06-28 02:00:00
4071,11.1457905544,2015-05-06,2015-05-06 23:50:00,355292,229.6557816854,60129.2000000000,2020.9536108289,134.0000000000,0.0663053319,134,1,2026-06-28 02:00:00
4070,11.1430527036,2015-05-07,2015-05-07 23:50:00,355435,237.4128309678,60129.2000000000,2020.9536108289,134.0000000000,0.0663053319,134,1,2026-06-28 02:00:00
4069,11.1403148528,2015-05-08,2015-05-08 23:50:00,355581,244.3376013239,60129.2000000000,2020.9536108289,134.0000000000,0.0663053319,134,1,2026-06-28 02:00:00
4068,11.1375770021,2015-05-09,2015-05-09 23:50:00,355713,242.6196451076,60129.2000000000,2020.9536108289,134.0000000000,0.0663053319,134,1,2026-06-28 02:00:00
4067,11.1348391513,2015-05-10,2015-05-10 23:50:00,355843,240.8437269087,60129.2000000000,2020.9536108289,134.0000000000,0.0663053319,134,1,2026-06-28 02:00:00
4066,11.1321013005,2015-05-11,2015-05-11 23:50:00,355998,241.6363056849,60129.2000000000,2020.9536108289,134.0000000000,0.0663053319,134,1,2026-06-28 02:00:00
4065,11.1293634497,2015-05-12,2015-05-12 23:50:00,356150,241.3522020526,60129.2000000000,2020.9536108289,134.0000000000,0.0663053319,134,1,2026-06-28 02:00:00
4064,11.1266255989,2015-05-13,2015-05-13 23:50:00,356312,236.3463168219,60129.2000000000,2020.9536108289,134.0000000000,0.0663053319,134,1,2026-06-28 02:00:00
4063,11.1238877481,2015-05-14,2015-05-14 23:50:00,356465,237.2065240952,60129.2000000000,2020.9536108289,134.0000000000,0.0663053319,134,1,2026-06-28 02:00:00
4062,11.1211498973,2015-05-15,2015-05-15 23:50:00,356612,237.8873972045,60129.2000000000,2020.9536108289,134.0000000000,0.0663053319,134,1,2026-06-28 02:00:00
4061,11.1184120465,2015-05-16,2015-05-16 23:50:00,356745,236.3927155274,60129.2000000000,2020.9536108289,134.0000000000,0.0663053319,134,1,2026-06-28 02:00:00
4060,11.1156741958,2015-05-17,2015-05-17 23:50:00,356915,236.6792552670,60129.2000000000,2020.9536108289,134.0000000000,0.0663053319,134,1,2026-06-28 02:00:00
4059,11.1129363450,2015-05-18,2015-05-18 23:50:00,357061,233.5907071813,60129.2000000000,2020.9536108289,134.0000000000,0.0663053319,134,1,2026-06-28 02:00:00
4058,11.1101984942,2015-05-19,2015-05-19 23:50:00,357190,231.9483393396,60129.2000000000,2020.9536108289,134.0000000000,0.0663053319,134,1,2026-06-28 02:00:00
4057,11.1074606434,2015-05-20,2015-05-20 23:50:00,357336,234.3981959711,60129.2000000000,2020.9536108289,134.0000000000,0.0663053319,134,1,2026-06-28 02:00:00
4056,11.1047227926,2015-05-21,2015-05-21 23:50:00,357491,235.6038944468,60129.2000000000,2020.9536108289,134.0000000000,0.0663053319,134,1,2026-06-28 02:00:00
4055,11.1019849418,2015-05-22,2015-05-22 23:50:00,357628,239.8753072752,60129.2000000000,2020.9536108289,134.0000000000,0.0663053319,134,1,2026-06-28 02:00:00
4054,11.0992470910,2015-05-23,2015-05-23 23:50:00,357741,238.7335530264,60129.2000000000,2020.9536108289,134.0000000000,0.0663053319,134,1,2026-06-28 02:00:00
4053,11.0965092402,2015-05-24,2015-05-24 23:50:00,357886,240.2080085180,60129.2000000000,2020.9536108289,134.0000000000,0.0663053319,134,1,2026-06-28 02:00:00
4052,11.0937713895,2015-05-25,2015-05-25 23:50:00,358028,236.5916060478,60129.2000000000,2020.9536108289,134.0000000000,0.0663053319,134,1,2026-06-28 02:00:00
4051,11.0910335387,2015-05-26,2015-05-26 23:50:00,358172,236.2509942257,60129.2000000000,2020.9536108289,134.0000000000,0.0663053319,134,1,2026-06-28 02:00:00
4050,11.0882956879,2015-05-27,2015-05-27 23:50:00,358310,237.0397222818,60129.2000000000,2020.9536108289,134.0000000000,0.0663053319,134,1,2026-06-28 02:00:00
4049,11.0855578371,2015-05-28,2015-05-28 23:50:00,358442,237.1630962247,60129.2000000000,2020.9536108289,134.0000000000,0.0663053319,134,1,2026-06-28 02:00:00
4048,11.0828199863,2015-05-29,2015-05-29 23:50:00,358596,236.4593782503,60129.2000000000,2020.9536108289,134.0000000000,0.0663053319,134,1,2026-06-28 02:00:00
4047,11.0800821355,2015-05-30,2015-05-30 23:50:00,358732,233.4292178093,60129.2000000000,2020.9536108289,134.0000000000,0.0663053319,134,1,2026-06-28 02:00:00
4046,11.0773442847,2015-05-31,2015-05-31 23:50:00,358879,229.8704626583,60129.2000000000,2020.9536108289,134.0000000000,0.0663053319,134,1,2026-06-28 02:00:00
4045,11.0746064339,2015-06-01,2015-06-01 23:50:00,359012,223.5682104109,60129.2000000000,2144.8388768710,133.0000000000,0.0620093199,133,1,2026-06-28 02:00:00
4044,11.0718685832,2015-06-02,2015-06-02 23:50:00,359162,225.4970953657,60129.2000000000,2144.8388768710,133.0000000000,0.0620093199,133,1,2026-06-28 02:00:00
4043,11.0691307324,2015-06-03,2015-06-03 23:50:00,359302,225.5681818920,60129.2000000000,2144.8388768710,133.0000000000,0.0620093199,133,1,2026-06-28 02:00:00
4042,11.0663928816,2015-06-04,2015-06-04 23:50:00,359445,223.9354202304,60129.2000000000,2144.8388768710,133.0000000000,0.0620093199,133,1,2026-06-28 02:00:00
4041,11.0636550308,2015-06-05,2015-06-05 23:50:00,359583,224.5960938206,60129.2000000000,2144.8388768710,133.0000000000,0.0620093199,133,1,2026-06-28 02:00:00
4040,11.0609171800,2015-06-06,2015-06-06 23:50:00,359760,225.0604746896,60129.2000000000,2144.8388768710,133.0000000000,0.0620093199,133,1,2026-06-28 02:00:00
4039,11.0581793292,2015-06-07,2015-06-07 23:50:00,359908,223.5081692989,60129.2000000000,2144.8388768710,133.0000000000,0.0620093199,133,1,2026-06-28 02:00:00
4038,11.0554414784,2015-06-08,2015-06-08 23:50:00,360065,228.7738683609,60129.2000000000,2144.8388768710,133.0000000000,0.0620093199,133,1,2026-06-28 02:00:00
4037,11.0527036277,2015-06-09,2015-06-09 23:50:00,360214,229.0032607796,60129.2000000000,2144.8388768710,133.0000000000,0.0620093199,133,1,2026-06-28 02:00:00
4036,11.0499657769,2015-06-10,2015-06-10 23:50:00,360384,228.5646397876,60129.2000000000,2144.8388768710,133.0000000000,0.0620093199,133,1,2026-06-28 02:00:00
4035,11.0472279261,2015-06-11,2015-06-11 23:50:00,360522,229.3214802261,60129.2000000000,2144.8388768710,133.0000000000,0.0620093199,133,1,2026-06-28 02:00:00
4034,11.0444900753,2015-06-12,2015-06-12 23:50:00,360663,229.3949082185,60129.2000000000,2144.8388768710,133.0000000000,0.0620093199,133,1,2026-06-28 02:00:00
4033,11.0417522245,2015-06-13,2015-06-13 23:50:00,360822,232.9901607483,60129.2000000000,2144.8388768710,133.0000000000,0.0620093199,133,1,2026-06-28 02:00:00
4032,11.0390143737,2015-06-14,2015-06-14 23:50:00,360971,232.2732607783,60129.2000000000,2144.8388768710,133.0000000000,0.0620093199,133,1,2026-06-28 02:00:00
4031,11.0362765229,2015-06-15,2015-06-15 23:50:00,361114,236.5940075448,60129.2000000000,2144.8388768710,133.0000000000,0.0620093199,133,1,2026-06-28 02:00:00
4030,11.0335386721,2015-06-16,2015-06-16 23:50:00,361233,250.8844311147,60129.2000000000,2144.8388768710,133.0000000000,0.0620093199,133,1,2026-06-28 02:00:00
4029,11.0308008214,2015-06-17,2015-06-17 23:50:00,361387,248.9102382222,60129.2000000000,2144.8388768710,133.0000000000,0.0620093199,133,1,2026-06-28 02:00:00
4028,11.0280629706,2015-06-18,2015-06-18 23:50:00,361547,248.9536229545,60129.2000000000,2144.8388768710,133.0000000000,0.0620093199,133,1,2026-06-28 02:00:00
4027,11.0253251198,2015-06-19,2015-06-19 23:50:00,361691,244.4347548507,60129.2000000000,2144.8388768710,133.0000000000,0.0620093199,133,1,2026-06-28 02:00:00
4026,11.0225872690,2015-06-20,2015-06-20 23:50:00,361828,246.0359477710,60129.2000000000,2144.8388768710,133.0000000000,0.0620093199,133,1,2026-06-28 02:00:00
4025,11.0198494182,2015-06-21,2015-06-21 23:50:00,361951,244.2264603457,60129.2000000000,2144.8388768710,133.0000000000,0.0620093199,133,1,2026-06-28 02:00:00
4024,11.0171115674,2015-06-22,2015-06-22 23:50:00,362104,246.9779718292,60129.2000000000,2144.8388768710,133.0000000000,0.0620093199,133,1,2026-06-28 02:00:00
4023,11.0143737166,2015-06-23,2015-06-23 23:50:00,362244,244.3608683250,60129.2000000000,2144.8388768710,133.0000000000,0.0620093199,133,1,2026-06-28 02:00:00
4022,11.0116358658,2015-06-24,2015-06-24 23:50:00,362397,240.1896323678,60129.2000000000,2144.8388768710,133.0000000000,0.0620093199,133,1,2026-06-28 02:00:00
4021,11.0088980151,2015-06-25,2015-06-25 23:50:00,362551,242.4657489592,60129.2000000000,2144.8388768710,133.0000000000,0.0620093199,133,1,2026-06-28 02:00:00
4020,11.0061601643,2015-06-26,2015-06-26 23:50:00,362706,242.9475698025,60129.2000000000,2144.8388768710,133.0000000000,0.0620093199,133,1,2026-06-28 02:00:00
4019,11.0034223135,2015-06-27,2015-06-27 23:50:00,362835,251.4917471261,60129.2000000000,2144.8388768710,133.0000000000,0.0620093199,133,1,2026-06-28 02:00:00
4018,11.0006844627,2015-06-28,2015-06-28 23:50:00,362976,248.8923275300,60129.2000000000,2144.8388768710,133.0000000000,0.0620093199,133,1,2026-06-28 02:00:00
4017,10.9979466119,2015-06-29,2015-06-29 23:50:00,363115,256.9158570092,60129.2000000000,2144.8388768710,133.0000000000,0.0620093199,133,1,2026-06-28 02:00:00
4016,10.9952087611,2015-06-30,2015-06-30 23:50:00,363262,263.2627227197,60129.2000000000,2144.8388768710,133.0000000000,0.0620093199,133,1,2026-06-28 02:00:00
4015,10.9924709103,2015-07-01,2015-07-01 23:50:00,363395,258.3393801002,60129.2000000000,2294.1993655107,132.0000000000,0.0575364120,132,1,2026-06-28 02:00:00
4014,10.9897330595,2015-07-02,2015-07-02 23:50:00,363550,254.7397570389,60129.2000000000,2294.1993655107,132.0000000000,0.0575364120,132,1,2026-06-28 02:00:00
4013,10.9869952088,2015-07-03,2015-07-03 23:50:00,363710,256.2885206258,60129.2000000000,2294.1993655107,132.0000000000,0.0575364120,132,1,2026-06-28 02:00:00
4012,10.9842573580,2015-07-04,2015-07-04 23:50:00,363864,260.3584808907,60129.2000000000,2294.1993655107,132.0000000000,0.0575364120,132,1,2026-06-28 02:00:00
4011,10.9815195072,2015-07-05,2015-07-05 23:50:00,364005,271.6396076486,60129.2000000000,2294.1993655107,132.0000000000,0.0575364120,132,1,2026-06-28 02:00:00
4010,10.9787816564,2015-07-06,2015-07-06 23:50:00,364184,269.0768488346,60129.2000000000,2294.1993655107,132.0000000000,0.0575364120,132,1,2026-06-28 02:00:00
4009,10.9760438056,2015-07-07,2015-07-07 23:50:00,364320,265.8951663337,60129.2000000000,2294.1993655107,132.0000000000,0.0575364120,132,1,2026-06-28 02:00:00
4008,10.9733059548,2015-07-08,2015-07-08 23:50:00,364481,270.6944467212,60129.2000000000,2294.1993655107,132.0000000000,0.0575364120,132,1,2026-06-28 02:00:00
4007,10.9705681040,2015-07-09,2015-07-09 23:50:00,364612,269.4970385702,60129.2000000000,2294.1993655107,132.0000000000,0.0575364120,132,1,2026-06-28 02:00:00
4006,10.9678302533,2015-07-10,2015-07-10 23:50:00,364769,285.9887145153,60129.2000000000,2294.1993655107,132.0000000000,0.0575364120,132,1,2026-06-28 02:00:00
4005,10.9650924025,2015-07-11,2015-07-11 23:50:00,364917,292.3726314343,60129.2000000000,2294.1993655107,132.0000000000,0.0575364120,132,1,2026-06-28 02:00:00
4004,10.9623545517,2015-07-12,2015-07-12 23:50:00,365052,312.0321590439,60129.2000000000,2294.1993655107,132.0000000000,0.0575364120,132,1,2026-06-28 02:00:00
4003,10.9596167009,2015-07-13,2015-07-13 23:50:00,365200,292.8213347492,60129.2000000000,2294.1993655107,132.0000000000,0.0575364120,132,1,2026-06-28 02:00:00
4002,10.9568788501,2015-07-14,2015-07-14 23:50:00,365344,287.3578299619,60129.2000000000,2294.1993655107,132.0000000000,0.0575364120,132,1,2026-06-28 02:00:00
4001,10.9541409993,2015-07-15,2015-07-15 23:50:00,365496,285.5353725027,60129.2000000000,2294.1993655107,132.0000000000,0.0575364120,132,1,2026-06-28 02:00:00
4000,10.9514031485,2015-07-16,2015-07-16 23:50:00,365631,278.4261692589,60129.2000000000,2294.1993655107,132.0000000000,0.0575364120,132,1,2026-06-28 02:00:00
3999,10.9486652977,2015-07-17,2015-07-17 23:50:00,365778,279.9105836013,60129.2000000000,2294.1993655107,132.0000000000,0.0575364120,132,1,2026-06-28 02:00:00
3998,10.9459274470,2015-07-18,2015-07-18 23:50:00,365926,276.9949239988,60129.2000000000,2294.1993655107,132.0000000000,0.0575364120,132,1,2026-06-28 02:00:00
3997,10.9431895962,2015-07-19,2015-07-19 23:50:00,366078,275.3879562178,60129.2000000000,2294.1993655107,132.0000000000,0.0575364120,132,1,2026-06-28 02:00:00
3996,10.9404517454,2015-07-20,2015-07-20 23:50:00,366234,279.7438688072,60129.2000000000,2294.1993655107,132.0000000000,0.0575364120,132,1,2026-06-28 02:00:00
3995,10.9377138946,2015-07-21,2015-07-21 23:50:00,366362,276.9741961455,60129.2000000000,2294.1993655107,132.0000000000,0.0575364120,132,1,2026-06-28 02:00:00
3994,10.9349760438,2015-07-22,2015-07-22 23:50:00,366515,277.8679479952,60129.2000000000,2294.1993655107,132.0000000000,0.0575364120,132,1,2026-06-28 02:00:00
3993,10.9322381930,2015-07-23,2015-07-23 23:50:00,366653,277.2529752899,60129.2000000000,2294.1993655107,132.0000000000,0.0575364120,132,1,2026-06-28 02:00:00
3992,10.9295003422,2015-07-24,2015-07-24 23:50:00,366823,289.1761070019,60129.2000000000,2294.1993655107,132.0000000000,0.0575364120,132,1,2026-06-28 02:00:00
3991,10.9267624914,2015-07-25,2015-07-25 23:50:00,366976,289.1680397056,60129.2000000000,2294.1993655107,132.0000000000,0.0575364120,132,1,2026-06-28 02:00:00
3990,10.9240246407,2015-07-26,2015-07-26 23:50:00,367122,293.1260382264,60129.2000000000,2294.1993655107,132.0000000000,0.0575364120,132,1,2026-06-28 02:00:00
3989,10.9212867899,2015-07-27,2015-07-27 23:50:00,367269,294.2216879970,60129.2000000000,2294.1993655107,132.0000000000,0.0575364120,132,1,2026-06-28 02:00:00
3988,10.9185489391,2015-07-28,2015-07-28 23:50:00,367407,295.1841944066,60129.2000000000,2294.1993655107,132.0000000000,0.0575364120,132,1,2026-06-28 02:00:00
3987,10.9158110883,2015-07-29,2015-07-29 23:50:00,367559,290.1760221636,60129.2000000000,2294.1993655107,132.0000000000,0.0575364120,132,1,2026-06-28 02:00:00
3986,10.9130732375,2015-07-30,2015-07-30 23:50:00,367694,288.1899783744,60129.2000000000,2294.1993655107,132.0000000000,0.0575364120,132,1,2026-06-28 02:00:00
3985,10.9103353867,2015-07-31,2015-07-31 23:50:00,367844,284.8233479579,60129.2000000000,2294.1993655107,132.0000000000,0.0575364120,132,1,2026-06-28 02:00:00
3984,10.9075975359,2015-08-01,2015-08-01 23:50:00,367999,281.5384731358,60129.2000000000,2441.0452673637,131.0000000000,0.0536655349,131,1,2026-06-28 02:00:00
3983,10.9048596851,2015-08-02,2015-08-02 23:50:00,368150,282.2863149250,60129.2000000000,2441.0452673637,131.0000000000,0.0536655349,131,1,2026-06-28 02:00:00
3982,10.9021218344,2015-08-03,2015-08-03 23:50:00,368308,280.8324962244,60129.2000000000,2441.0452673637,131.0000000000,0.0536655349,131,1,2026-06-28 02:00:00
3981,10.8993839836,2015-08-04,2015-08-04 23:50:00,368443,285.1789246642,60129.2000000000,2441.0452673637,131.0000000000,0.0536655349,131,1,2026-06-28 02:00:00
3980,10.8966461328,2015-08-05,2015-08-05 23:50:00,368576,281.7704602972,60129.2000000000,2441.0452673637,131.0000000000,0.0536655349,131,1,2026-06-28 02:00:00
3979,10.8939082820,2015-08-06,2015-08-06 23:50:00,368719,278.3535861877,60129.2000000000,2441.0452673637,131.0000000000,0.0536655349,131,1,2026-06-28 02:00:00
3978,10.8911704312,2015-08-07,2015-08-07 23:50:00,368857,279.4942602465,60129.2000000000,2441.0452673637,131.0000000000,0.0536655349,131,1,2026-06-28 02:00:00
3977,10.8884325804,2015-08-08,2015-08-08 23:50:00,369018,262.0541973260,60129.2000000000,2441.0452673637,131.0000000000,0.0536655349,131,1,2026-06-28 02:00:00
3976,10.8856947296,2015-08-09,2015-08-09 23:50:00,369159,267.5132894099,60129.2000000000,2441.0452673637,131.0000000000,0.0536655349,131,1,2026-06-28 02:00:00
3975,10.8829568789,2015-08-10,2015-08-10 23:50:00,369325,264.7917552982,60129.2000000000,2441.0452673637,131.0000000000,0.0536655349,131,1,2026-06-28 02:00:00
3974,10.8802190281,2015-08-11,2015-08-11 23:50:00,369489,271.7186639461,60129.2000000000,2441.0452673637,131.0000000000,0.0536655349,131,1,2026-06-28 02:00:00
3973,10.8774811773,2015-08-12,2015-08-12 23:50:00,369615,267.3464697065,60129.2000000000,2441.0452673637,131.0000000000,0.0536655349,131,1,2026-06-28 02:00:00
3972,10.8747433265,2015-08-13,2015-08-13 23:50:00,369761,264.5001511315,60129.2000000000,2441.0452673637,131.0000000000,0.0536655349,131,1,2026-06-28 02:00:00
3971,10.8720054757,2015-08-14,2015-08-14 23:50:00,369902,265.9844854815,60129.2000000000,2441.0452673637,131.0000000000,0.0536655349,131,1,2026-06-28 02:00:00
3970,10.8692676249,2015-08-15,2015-08-15 23:50:00,370040,262.3268821607,60129.2000000000,2441.0452673637,131.0000000000,0.0536655349,131,1,2026-06-28 02:00:00
3969,10.8665297741,2015-08-16,2015-08-16 23:50:00,370178,258.4844012582,60129.2000000000,2441.0452673637,131.0000000000,0.0536655349,131,1,2026-06-28 02:00:00
3968,10.8637919233,2015-08-17,2015-08-17 23:50:00,370324,256.6478960910,60129.2000000000,2441.0452673637,131.0000000000,0.0536655349,131,1,2026-06-28 02:00:00
3967,10.8610540726,2015-08-18,2015-08-18 23:50:00,370466,222.3092882476,60129.2000000000,2441.0452673637,131.0000000000,0.0536655349,131,1,2026-06-28 02:00:00
3966,10.8583162218,2015-08-19,2015-08-19 23:50:00,370623,227.4080900451,60129.2000000000,2441.0452673637,131.0000000000,0.0536655349,131,1,2026-06-28 02:00:00
3965,10.8555783710,2015-08-20,2015-08-20 23:50:00,370772,235.5313672199,60129.2000000000,2441.0452673637,131.0000000000,0.0536655349,131,1,2026-06-28 02:00:00
3964,10.8528405202,2015-08-21,2015-08-21 23:50:00,370938,233.0339053362,60129.2000000000,2441.0452673637,131.0000000000,0.0536655349,131,1,2026-06-28 02:00:00
3963,10.8501026694,2015-08-22,2015-08-22 23:50:00,371094,231.0864954707,60129.2000000000,2441.0452673637,131.0000000000,0.0536655349,131,1,2026-06-28 02:00:00
3962,10.8473648186,2015-08-23,2015-08-23 23:50:00,371229,228.8419084679,60129.2000000000,2441.0452673637,131.0000000000,0.0536655349,131,1,2026-06-28 02:00:00
3961,10.8446269678,2015-08-24,2015-08-24 23:50:00,371384,211.0402981202,60129.2000000000,2441.0452673637,131.0000000000,0.0536655349,131,1,2026-06-28 02:00:00
3960,10.8418891170,2015-08-25,2015-08-25 23:50:00,371520,223.1145210819,60129.2000000000,2441.0452673637,131.0000000000,0.0536655349,131,1,2026-06-28 02:00:00
3959,10.8391512663,2015-08-26,2015-08-26 23:50:00,371681,226.1075134092,60129.2000000000,2441.0452673637,131.0000000000,0.0536655349,131,1,2026-06-28 02:00:00
3958,10.8364134155,2015-08-27,2015-08-27 23:50:00,371816,225.5623705209,60129.2000000000,2441.0452673637,131.0000000000,0.0536655349,131,1,2026-06-28 02:00:00
3957,10.8336755647,2015-08-28,2015-08-28 23:50:00,371971,231.5200838783,60129.2000000000,2441.0452673637,131.0000000000,0.0536655349,131,1,2026-06-28 02:00:00
3956,10.8309377139,2015-08-29,2015-08-29 23:50:00,372132,230.1742717846,60129.2000000000,2441.0452673637,131.0000000000,0.0536655349,131,1,2026-06-28 02:00:00
3955,10.8281998631,2015-08-30,2015-08-30 23:50:00,372281,228.8670732205,60129.2000000000,2441.0452673637,131.0000000000,0.0536655349,131,1,2026-06-28 02:00:00
3954,10.8254620123,2015-08-31,2015-08-31 23:50:00,372439,230.5980910323,60129.2000000000,2441.0452673637,131.0000000000,0.0536655349,131,1,2026-06-28 02:00:00
3953,10.8227241615,2015-09-01,2015-09-01 23:50:00,372594,228.0608584855,60129.2000000000,2594.1050269215,130.0000000000,0.0501136225,130,1,2026-06-28 02:00:00
3952,10.8199863107,2015-09-02,2015-09-02 23:50:00,372754,229.3621245779,60129.2000000000,2594.1050269215,130.0000000000,0.0501136225,130,1,2026-06-28 02:00:00
3951,10.8172484600,2015-09-03,2015-09-03 23:50:00,372898,227.2399619314,60129.2000000000,2594.1050269215,130.0000000000,0.0501136225,130,1,2026-06-28 02:00:00
3950,10.8145106092,2015-09-04,2015-09-04 23:50:00,373055,231.2543033763,60129.2000000000,2594.1050269215,130.0000000000,0.0501136225,130,1,2026-06-28 02:00:00
3949,10.8117727584,2015-09-05,2015-09-05 23:50:00,373203,236.0671291026,60129.2000000000,2594.1050269215,130.0000000000,0.0501136225,130,1,2026-06-28 02:00:00
3948,10.8090349076,2015-09-06,2015-09-06 23:50:00,373347,240.6897683040,60129.2000000000,2594.1050269215,130.0000000000,0.0501136225,130,1,2026-06-28 02:00:00
3947,10.8062970568,2015-09-07,2015-09-07 23:50:00,373499,241.0214589080,60129.2000000000,2594.1050269215,130.0000000000,0.0501136225,130,1,2026-06-28 02:00:00
3946,10.8035592060,2015-09-08,2015-09-08 23:50:00,373633,244.2302820297,60129.2000000000,2594.1050269215,130.0000000000,0.0501136225,130,1,2026-06-28 02:00:00
3945,10.8008213552,2015-09-09,2015-09-09 23:50:00,373784,238.6469966939,60129.2000000000,2594.1050269215,130.0000000000,0.0501136225,130,1,2026-06-28 02:00:00
3944,10.7980835044,2015-09-10,2015-09-10 23:50:00,373953,238.6563137178,60129.2000000000,2594.1050269215,130.0000000000,0.0501136225,130,1,2026-06-28 02:00:00
3943,10.7953456537,2015-09-11,2015-09-11 23:50:00,374110,240.7280350705,60129.2000000000,2594.1050269215,130.0000000000,0.0501136225,130,1,2026-06-28 02:00:00
3942,10.7926078029,2015-09-12,2015-09-12 23:50:00,374248,235.3864008403,60129.2000000000,2594.1050269215,130.0000000000,0.0501136225,130,1,2026-06-28 02:00:00
3941,10.7898699521,2015-09-13,2015-09-13 23:50:00,374397,230.2314716350,60129.2000000000,2594.1050269215,130.0000000000,0.0501136225,130,1,2026-06-28 02:00:00
3940,10.7871321013,2015-09-14,2015-09-14 23:50:00,374551,230.6668198734,60129.2000000000,2594.1050269215,130.0000000000,0.0501136225,130,1,2026-06-28 02:00:00
3939,10.7843942505,2015-09-15,2015-09-15 23:50:00,374711,230.1831192440,60129.2000000000,2594.1050269215,130.0000000000,0.0501136225,130,1,2026-06-28 02:00:00
3938,10.7816563997,2015-09-16,2015-09-16 23:50:00,374853,229.2495574633,60129.2000000000,2594.1050269215,130.0000000000,0.0501136225,130,1,2026-06-28 02:00:00
3937,10.7789185489,2015-09-17,2015-09-17 23:50:00,374996,232.7716151934,60129.2000000000,2594.1050269215,130.0000000000,0.0501136225,130,1,2026-06-28 02:00:00
3936,10.7761806982,2015-09-18,2015-09-18 23:50:00,375144,233.4560018543,60129.2000000000,2594.1050269215,130.0000000000,0.0501136225,130,1,2026-06-28 02:00:00
3935,10.7734428474,2015-09-19,2015-09-19 23:50:00,375268,231.7295349160,60129.2000000000,2594.1050269215,130.0000000000,0.0501136225,130,1,2026-06-28 02:00:00
3934,10.7707049966,2015-09-20,2015-09-20 23:50:00,375396,230.6853572068,60129.2000000000,2594.1050269215,130.0000000000,0.0501136225,130,1,2026-06-28 02:00:00
3933,10.7679671458,2015-09-21,2015-09-21 23:50:00,375529,226.6662632337,60129.2000000000,2594.1050269215,130.0000000000,0.0501136225,130,1,2026-06-28 02:00:00
3932,10.7652292950,2015-09-22,2015-09-22 23:50:00,375684,230.6106869026,60129.2000000000,2594.1050269215,130.0000000000,0.0501136225,130,1,2026-06-28 02:00:00
3931,10.7624914442,2015-09-23,2015-09-23 23:50:00,375844,229.8297851347,60129.2000000000,2594.1050269215,130.0000000000,0.0501136225,130,1,2026-06-28 02:00:00
3930,10.7597535934,2015-09-24,2015-09-24 23:50:00,375982,234.4753888263,60129.2000000000,2594.1050269215,130.0000000000,0.0501136225,130,1,2026-06-28 02:00:00
3929,10.7570157426,2015-09-25,2015-09-25 23:50:00,376147,235.2908548006,60129.2000000000,2594.1050269215,130.0000000000,0.0501136225,130,1,2026-06-28 02:00:00
3928,10.7542778919,2015-09-26,2015-09-26 23:50:00,376295,234.5934120623,60129.2000000000,2594.1050269215,130.0000000000,0.0501136225,130,1,2026-06-28 02:00:00
3927,10.7515400411,2015-09-27,2015-09-27 23:50:00,376443,233.1806843495,60129.2000000000,2594.1050269215,130.0000000000,0.0501136225,130,1,2026-06-28 02:00:00
3926,10.7488021903,2015-09-28,2015-09-28 23:50:00,376585,239.4748864357,60129.2000000000,2594.1050269215,130.0000000000,0.0501136225,130,1,2026-06-28 02:00:00
3925,10.7460643395,2015-09-29,2015-09-29 23:50:00,376759,237.0919832032,60129.2000000000,2594.1050269215,130.0000000000,0.0501136225,130,1,2026-06-28 02:00:00
3924,10.7433264887,2015-09-30,2015-09-30 23:50:00,376906,236.8536879671,60129.2000000000,2594.1050269215,130.0000000000,0.0501136225,130,1,2026-06-28 02:00:00
3923,10.7405886379,2015-10-01,2015-10-01 23:50:00,377056,237.8207562509,60129.2000000000,2820.9776133716,129.0000000000,0.0457288280,129,1,2026-06-28 02:00:00
3922,10.7378507871,2015-10-02,2015-10-02 23:50:00,377193,238.1753007304,60129.2000000000,2820.9776133716,129.0000000000,0.0457288280,129,1,2026-06-28 02:00:00
3921,10.7351129363,2015-10-03,2015-10-03 23:50:00,377339,239.5604013208,60129.2000000000,2820.9776133716,129.0000000000,0.0457288280,129,1,2026-06-28 02:00:00
3920,10.7323750856,2015-10-04,2015-10-04 23:50:00,377493,239.3348115394,60129.2000000000,2820.9776133716,129.0000000000,0.0457288280,129,1,2026-06-28 02:00:00
3919,10.7296372348,2015-10-05,2015-10-05 23:50:00,377645,240.7845359196,60129.2000000000,2820.9776133716,129.0000000000,0.0457288280,129,1,2026-06-28 02:00:00
3918,10.7268993840,2015-10-06,2015-10-06 23:50:00,377788,246.7720171677,60129.2000000000,2820.9776133716,129.0000000000,0.0457288280,129,1,2026-06-28 02:00:00
3917,10.7241615332,2015-10-07,2015-10-07 23:50:00,377921,243.3066364293,60129.2000000000,2820.9776133716,129.0000000000,0.0457288280,129,1,2026-06-28 02:00:00
3916,10.7214236824,2015-10-08,2015-10-08 23:50:00,378058,242.9524075127,60129.2000000000,2820.9776133716,129.0000000000,0.0457288280,129,1,2026-06-28 02:00:00
3915,10.7186858316,2015-10-09,2015-10-09 23:50:00,378188,244.4255139081,60129.2000000000,2820.9776133716,129.0000000000,0.0457288280,129,1,2026-06-28 02:00:00
3914,10.7159479808,2015-10-10,2015-10-10 23:50:00,378348,245.9098072069,60129.2000000000,2820.9776133716,129.0000000000,0.0457288280,129,1,2026-06-28 02:00:00
3913,10.7132101300,2015-10-11,2015-10-11 23:50:00,378494,248.9401930674,60129.2000000000,2820.9776133716,129.0000000000,0.0457288280,129,1,2026-06-28 02:00:00
3912,10.7104722793,2015-10-12,2015-10-12 23:50:00,378634,246.2061722131,60129.2000000000,2820.9776133716,129.0000000000,0.0457288280,129,1,2026-06-28 02:00:00
3911,10.7077344285,2015-10-13,2015-10-13 23:50:00,378772,250.0391563718,60129.2000000000,2820.9776133716,129.0000000000,0.0457288280,129,1,2026-06-28 02:00:00
3910,10.7049965777,2015-10-14,2015-10-14 23:50:00,378922,253.1220307936,60129.2000000000,2820.9776133716,129.0000000000,0.0457288280,129,1,2026-06-28 02:00:00
3909,10.7022587269,2015-10-15,2015-10-15 23:50:00,379091,254.6331816684,60129.2000000000,2820.9776133716,129.0000000000,0.0457288280,129,1,2026-06-28 02:00:00
3908,10.6995208761,2015-10-16,2015-10-16 23:50:00,379233,262.7845342955,60129.2000000000,2820.9776133716,129.0000000000,0.0457288280,129,1,2026-06-28 02:00:00
3907,10.6967830253,2015-10-17,2015-10-17 23:50:00,379370,272.5708393361,60129.2000000000,2820.9776133716,129.0000000000,0.0457288280,129,1,2026-06-28 02:00:00
3906,10.6940451745,2015-10-18,2015-10-18 23:50:00,379515,264.1076345504,60129.2000000000,2820.9776133716,129.0000000000,0.0457288280,129,1,2026-06-28 02:00:00
3905,10.6913073238,2015-10-19,2015-10-19 23:50:00,379681,264.3202634397,60129.2000000000,2820.9776133716,129.0000000000,0.0457288280,129,1,2026-06-28 02:00:00
3904,10.6885694730,2015-10-20,2015-10-20 23:50:00,379809,270.7099906979,60129.2000000000,2820.9776133716,129.0000000000,0.0457288280,129,1,2026-06-28 02:00:00
3903,10.6858316222,2015-10-21,2015-10-21 23:50:00,379952,268.2452290712,60129.2000000000,2820.9776133716,129.0000000000,0.0457288280,129,1,2026-06-28 02:00:00
3902,10.6830937714,2015-10-22,2015-10-22 23:50:00,380099,275.5590833283,60129.2000000000,2820.9776133716,129.0000000000,0.0457288280,129,1,2026-06-28 02:00:00
3901,10.6803559206,2015-10-23,2015-10-23 23:50:00,380248,278.6980507749,60129.2000000000,2820.9776133716,129.0000000000,0.0457288280,129,1,2026-06-28 02:00:00
3900,10.6776180698,2015-10-24,2015-10-24 23:50:00,380395,283.6091613210,60129.2000000000,2820.9776133716,129.0000000000,0.0457288280,129,1,2026-06-28 02:00:00
3899,10.6748802190,2015-10-25,2015-10-25 23:50:00,380550,284.2626360068,60129.2000000000,2820.9776133716,129.0000000000,0.0457288280,129,1,2026-06-28 02:00:00
3898,10.6721423682,2015-10-26,2015-10-26 23:50:00,380713,286.8654745609,60129.2000000000,2820.9776133716,129.0000000000,0.0457288280,129,1,2026-06-28 02:00:00
3897,10.6694045175,2015-10-27,2015-10-27 23:50:00,380860,295.2009331241,60129.2000000000,2820.9776133716,129.0000000000,0.0457288280,129,1,2026-06-28 02:00:00
3896,10.6666666667,2015-10-28,2015-10-28 23:50:00,381000,304.8074503551,60129.2000000000,2820.9776133716,129.0000000000,0.0457288280,129,1,2026-06-28 02:00:00
3895,10.6639288159,2015-10-29,2015-10-29 23:50:00,381151,315.2108760790,60129.2000000000,2820.9776133716,129.0000000000,0.0457288280,129,1,2026-06-28 02:00:00
3894,10.6611909651,2015-10-30,2015-10-30 23:50:00,381320,328.9191848347,60129.2000000000,2820.9776133716,129.0000000000,0.0457288280,129,1,2026-06-28 02:00:00
3893,10.6584531143,2015-10-31,2015-10-31 23:50:00,381469,312.1089921374,60129.2000000000,2820.9776133716,129.0000000000,0.0457288280,129,1,2026-06-28 02:00:00
3892,10.6557152635,2015-11-01,2015-11-01 23:50:00,381619,328.4881524558,60129.2000000000,3082.5561128520,128.0000000000,0.0415239805,128,1,2026-06-28 02:00:00
3891,10.6529774127,2015-11-02,2015-11-02 23:50:00,381774,362.9529897207,60129.2000000000,3082.5561128520,128.0000000000,0.0415239805,128,1,2026-06-28 02:00:00
3890,10.6502395619,2015-11-03,2015-11-03 23:50:00,381929,403.6076001553,60129.2000000000,3082.5561128520,128.0000000000,0.0415239805,128,1,2026-06-28 02:00:00
3889,10.6475017112,2015-11-04,2015-11-04 23:50:00,382085,408.4031631733,60129.2000000000,3082.5561128520,128.0000000000,0.0415239805,128,1,2026-06-28 02:00:00
3888,10.6447638604,2015-11-05,2015-11-05 23:50:00,382229,385.7126493515,60129.2000000000,3082.5561128520,128.0000000000,0.0415239805,128,1,2026-06-28 02:00:00
3887,10.6420260096,2015-11-06,2015-11-06 23:50:00,382372,374.4413924060,60129.2000000000,3082.5561128520,128.0000000000,0.0415239805,128,1,2026-06-28 02:00:00
3886,10.6392881588,2015-11-07,2015-11-07 23:50:00,382526,385.7626579059,60129.2000000000,3082.5561128520,128.0000000000,0.0415239805,128,1,2026-06-28 02:00:00
3885,10.6365503080,2015-11-08,2015-11-08 23:50:00,382667,372.8669537419,60129.2000000000,3082.5561128520,128.0000000000,0.0415239805,128,1,2026-06-28 02:00:00
3884,10.6338124572,2015-11-09,2015-11-09 23:50:00,382816,378.9505953653,60129.2000000000,3082.5561128520,128.0000000000,0.0415239805,128,1,2026-06-28 02:00:00
3883,10.6310746064,2015-11-10,2015-11-10 23:50:00,382961,335.7963671705,60129.2000000000,3082.5561128520,128.0000000000,0.0415239805,128,1,2026-06-28 02:00:00
3882,10.6283367556,2015-11-11,2015-11-11 23:50:00,383130,310.2309524423,60129.2000000000,3082.5561128520,128.0000000000,0.0415239805,128,1,2026-06-28 02:00:00
3881,10.6255989049,2015-11-12,2015-11-12 23:50:00,383291,338.6393034806,60129.2000000000,3082.5561128520,128.0000000000,0.0415239805,128,1,2026-06-28 02:00:00
3880,10.6228610541,2015-11-13,2015-11-13 23:50:00,383451,337.0562129246,60129.2000000000,3082.5561128520,128.0000000000,0.0415239805,128,1,2026-06-28 02:00:00
3879,10.6201232033,2015-11-14,2015-11-14 23:50:00,383593,333.4391225398,60129.2000000000,3082.5561128520,128.0000000000,0.0415239805,128,1,2026-06-28 02:00:00
3878,10.6173853525,2015-11-15,2015-11-15 23:50:00,383749,320.3207315552,60129.2000000000,3082.5561128520,128.0000000000,0.0415239805,128,1,2026-06-28 02:00:00
3877,10.6146475017,2015-11-16,2015-11-16 23:50:00,383926,331.7085679803,60129.2000000000,3082.5561128520,128.0000000000,0.0415239805,128,1,2026-06-28 02:00:00
3876,10.6119096509,2015-11-17,2015-11-17 23:50:00,384074,336.2706450217,60129.2000000000,3082.5561128520,128.0000000000,0.0415239805,128,1,2026-06-28 02:00:00
3875,10.6091718001,2015-11-18,2015-11-18 23:50:00,384227,334.7224323079,60129.2000000000,3082.5561128520,128.0000000000,0.0415239805,128,1,2026-06-28 02:00:00
3874,10.6064339493,2015-11-19,2015-11-19 23:50:00,384361,326.5719146852,60129.2000000000,3082.5561128520,128.0000000000,0.0415239805,128,1,2026-06-28 02:00:00
3873,10.6036960986,2015-11-20,2015-11-20 23:50:00,384530,321.8274720150,60129.2000000000,3082.5561128520,128.0000000000,0.0415239805,128,1,2026-06-28 02:00:00
3872,10.6009582478,2015-11-21,2015-11-21 23:50:00,384704,326.3387576785,60129.2000000000,3082.5561128520,128.0000000000,0.0415239805,128,1,2026-06-28 02:00:00
3871,10.5982203970,2015-11-22,2015-11-22 23:50:00,384876,323.8077719618,60129.2000000000,3082.5561128520,128.0000000000,0.0415239805,128,1,2026-06-28 02:00:00
3870,10.5954825462,2015-11-23,2015-11-23 23:50:00,385040,323.1121158774,60129.2000000000,3082.5561128520,128.0000000000,0.0415239805,128,1,2026-06-28 02:00:00
3869,10.5927446954,2015-11-24,2015-11-24 23:50:00,385194,320.2786544059,60129.2000000000,3082.5561128520,128.0000000000,0.0415239805,128,1,2026-06-28 02:00:00
3868,10.5900068446,2015-11-25,2015-11-25 23:50:00,385343,328.9570992919,60129.2000000000,3082.5561128520,128.0000000000,0.0415239805,128,1,2026-06-28 02:00:00
3867,10.5872689938,2015-11-26,2015-11-26 23:50:00,385519,352.9815835414,60129.2000000000,3082.5561128520,128.0000000000,0.0415239805,128,1,2026-06-28 02:00:00
3866,10.5845311431,2015-11-27,2015-11-27 23:50:00,385653,357.7679405226,60129.2000000000,3082.5561128520,128.0000000000,0.0415239805,128,1,2026-06-28 02:00:00
3865,10.5817932923,2015-11-28,2015-11-28 23:50:00,385806,356.5316287062,60129.2000000000,3082.5561128520,128.0000000000,0.0415239805,128,1,2026-06-28 02:00:00
3864,10.5790554415,2015-11-29,2015-11-29 23:50:00,385956,371.5606233971,60129.2000000000,3082.5561128520,128.0000000000,0.0415239805,128,1,2026-06-28 02:00:00
3863,10.5763175907,2015-11-30,2015-11-30 23:50:00,386116,376.9796965740,60129.2000000000,3082.5561128520,128.0000000000,0.0415239805,128,1,2026-06-28 02:00:00
3862,10.5735797399,2015-12-01,2015-12-01 23:50:00,386284,362.9135153697,60129.2000000000,3300.4388981024,127.0000000000,0.0384797307,127,1,2026-06-28 02:00:00
3861,10.5708418891,2015-12-02,2015-12-02 23:50:00,386446,359.3656530803,60129.2000000000,3300.4388981024,127.0000000000,0.0384797307,127,1,2026-06-28 02:00:00
3860,10.5681040383,2015-12-03,2015-12-03 23:50:00,386588,361.4880907867,60129.2000000000,3300.4388981024,127.0000000000,0.0384797307,127,1,2026-06-28 02:00:00
3859,10.5653661875,2015-12-04,2015-12-04 23:50:00,386740,363.6694300330,60129.2000000000,3300.4388981024,127.0000000000,0.0384797307,127,1,2026-06-28 02:00:00
3858,10.5626283368,2015-12-05,2015-12-05 23:50:00,386916,387.8975263903,60129.2000000000,3300.4388981024,127.0000000000,0.0384797307,127,1,2026-06-28 02:00:00
3857,10.5598904860,2015-12-06,2015-12-06 23:50:00,387074,387.6737772690,60129.2000000000,3300.4388981024,127.0000000000,0.0384797307,127,1,2026-06-28 02:00:00
3856,10.5571526352,2015-12-07,2015-12-07 23:50:00,387221,394.8158178801,60129.2000000000,3300.4388981024,127.0000000000,0.0384797307,127,1,2026-06-28 02:00:00
3855,10.5544147844,2015-12-08,2015-12-08 23:50:00,387395,416.9436878043,60129.2000000000,3300.4388981024,127.0000000000,0.0384797307,127,1,2026-06-28 02:00:00
3854,10.5516769336,2015-12-09,2015-12-09 23:50:00,387562,417.5696303375,60129.2000000000,3300.4388981024,127.0000000000,0.0384797307,127,1,2026-06-28 02:00:00
3853,10.5489390828,2015-12-10,2015-12-10 23:50:00,387778,415.3993961685,60129.2000000000,3300.4388981024,127.0000000000,0.0384797307,127,1,2026-06-28 02:00:00
3852,10.5462012320,2015-12-11,2015-12-11 23:50:00,387937,453.1305854151,60129.2000000000,3300.4388981024,127.0000000000,0.0384797307,127,1,2026-06-28 02:00:00
3851,10.5434633812,2015-12-12,2015-12-12 23:50:00,388103,436.7529864639,60129.2000000000,3300.4388981024,127.0000000000,0.0384797307,127,1,2026-06-28 02:00:00
3850,10.5407255305,2015-12-13,2015-12-13 23:50:00,388244,433.3545154612,60129.2000000000,3300.4388981024,127.0000000000,0.0384797307,127,1,2026-06-28 02:00:00
3849,10.5379876797,2015-12-14,2015-12-14 23:50:00,388438,443.8590702690,60129.2000000000,3300.4388981024,127.0000000000,0.0384797307,127,1,2026-06-28 02:00:00
3848,10.5352498289,2015-12-15,2015-12-15 23:50:00,388622,463.9822589592,60129.2000000000,3300.4388981024,127.0000000000,0.0384797307,127,1,2026-06-28 02:00:00
3847,10.5325119781,2015-12-16,2015-12-16 23:50:00,388785,454.0652888456,60129.2000000000,3300.4388981024,127.0000000000,0.0384797307,127,1,2026-06-28 02:00:00
3846,10.5297741273,2015-12-17,2015-12-17 23:50:00,388941,455.8338169638,60129.2000000000,3300.4388981024,127.0000000000,0.0384797307,127,1,2026-06-28 02:00:00
3845,10.5270362765,2015-12-18,2015-12-18 23:50:00,389109,463.1291076307,60129.2000000000,3300.4388981024,127.0000000000,0.0384797307,127,1,2026-06-28 02:00:00
3844,10.5242984257,2015-12-19,2015-12-19 23:50:00,389264,461.4415972479,60129.2000000000,3300.4388981024,127.0000000000,0.0384797307,127,1,2026-06-28 02:00:00
3843,10.5215605749,2015-12-20,2015-12-20 23:50:00,389432,442.2988191820,60129.2000000000,3300.4388981024,127.0000000000,0.0384797307,127,1,2026-06-28 02:00:00
3842,10.5188227242,2015-12-21,2015-12-21 23:50:00,389581,437.2047325784,60129.2000000000,3300.4388981024,127.0000000000,0.0384797307,127,1,2026-06-28 02:00:00
3841,10.5160848734,2015-12-22,2015-12-22 23:50:00,389729,434.6732117943,60129.2000000000,3300.4388981024,127.0000000000,0.0384797307,127,1,2026-06-28 02:00:00
3840,10.5133470226,2015-12-23,2015-12-23 23:50:00,389887,442.4148208988,60129.2000000000,3300.4388981024,127.0000000000,0.0384797307,127,1,2026-06-28 02:00:00
3839,10.5106091718,2015-12-24,2015-12-24 23:50:00,390026,455.7401301606,60129.2000000000,3300.4388981024,127.0000000000,0.0384797307,127,1,2026-06-28 02:00:00
3838,10.5078713210,2015-12-25,2015-12-25 23:50:00,390188,455.8559151249,60129.2000000000,3300.4388981024,127.0000000000,0.0384797307,127,1,2026-06-28 02:00:00
3837,10.5051334702,2015-12-26,2015-12-26 23:50:00,390358,418.4736938530,60129.2000000000,3300.4388981024,127.0000000000,0.0384797307,127,1,2026-06-28 02:00:00
3836,10.5023956194,2015-12-27,2015-12-27 23:50:00,390563,422.2507205514,60129.2000000000,3300.4388981024,127.0000000000,0.0384797307,127,1,2026-06-28 02:00:00
3835,10.4996577687,2015-12-28,2015-12-28 23:50:00,390714,421.6523204184,60129.2000000000,3300.4388981024,127.0000000000,0.0384797307,127,1,2026-06-28 02:00:00
3834,10.4969199179,2015-12-29,2015-12-29 23:50:00,390873,432.9424291699,60129.2000000000,3300.4388981024,127.0000000000,0.0384797307,127,1,2026-06-28 02:00:00
3833,10.4941820671,2015-12-30,2015-12-30 23:50:00,391039,426.9732563835,60129.2000000000,3300.4388981024,127.0000000000,0.0384797307,127,1,2026-06-28 02:00:00
3832,10.4914442163,2015-12-31,2015-12-31 23:50:00,391181,430.2114326532,60129.2000000000,3300.4388981024,127.0000000000,0.0384797307,127,1,2026-06-28 02:00:00
3831,10.4887063655,2016-01-01,2016-01-01 23:50:00,391315,434.8839824640,60129.2000000000,3527.0156392523,126.0000000000,0.0357242533,126,1,2026-06-28 02:00:00
3830,10.4859685147,2016-01-02,2016-01-02 23:50:00,391459,434.9224203391,60129.2000000000,3527.0156392523,126.0000000000,0.0357242533,126,1,2026-06-28 02:00:00
3829,10.4832306639,2016-01-03,2016-01-03 23:50:00,391605,430.9997978271,60129.2000000000,3527.0156392523,126.0000000000,0.0357242533,126,1,2026-06-28 02:00:00
3828,10.4804928131,2016-01-04,2016-01-04 23:50:00,391786,433.9019913169,60129.2000000000,3527.0156392523,126.0000000000,0.0357242533,126,1,2026-06-28 02:00:00
3827,10.4777549624,2016-01-05,2016-01-05 23:50:00,391943,433.1665986958,60129.2000000000,3527.0156392523,126.0000000000,0.0357242533,126,1,2026-06-28 02:00:00
3826,10.4750171116,2016-01-06,2016-01-06 23:50:00,392084,429.9253492492,60129.2000000000,3527.0156392523,126.0000000000,0.0357242533,126,1,2026-06-28 02:00:00
3825,10.4722792608,2016-01-07,2016-01-07 23:50:00,392232,458.7099236880,60129.2000000000,3527.0156392523,126.0000000000,0.0357242533,126,1,2026-06-28 02:00:00
3824,10.4695414100,2016-01-08,2016-01-08 23:50:00,392404,454.0532833086,60129.2000000000,3527.0156392523,126.0000000000,0.0357242533,126,1,2026-06-28 02:00:00
3823,10.4668035592,2016-01-09,2016-01-09 23:50:00,392556,449.6971827988,60129.2000000000,3527.0156392523,126.0000000000,0.0357242533,126,1,2026-06-28 02:00:00
3822,10.4640657084,2016-01-10,2016-01-10 23:50:00,392729,448.9536352690,60129.2000000000,3527.0156392523,126.0000000000,0.0357242533,126,1,2026-06-28 02:00:00
3821,10.4613278576,2016-01-11,2016-01-11 23:50:00,392899,448.6952497818,60129.2000000000,3527.0156392523,126.0000000000,0.0357242533,126,1,2026-06-28 02:00:00
3820,10.4585900068,2016-01-12,2016-01-12 23:50:00,393070,435.4855509077,60129.2000000000,3527.0156392523,126.0000000000,0.0357242533,126,1,2026-06-28 02:00:00
3819,10.4558521561,2016-01-13,2016-01-13 23:50:00,393218,432.6577823363,60129.2000000000,3527.0156392523,126.0000000000,0.0357242533,126,1,2026-06-28 02:00:00
3818,10.4531143053,2016-01-14,2016-01-14 23:50:00,393351,430.0250259843,60129.2000000000,3527.0156392523,126.0000000000,0.0357242533,126,1,2026-06-28 02:00:00
3817,10.4503764545,2016-01-15,2016-01-15 23:50:00,393473,362.4305504508,60129.2000000000,3527.0156392523,126.0000000000,0.0357242533,126,1,2026-06-28 02:00:00
3816,10.4476386037,2016-01-16,2016-01-16 23:50:00,393615,388.1881730586,60129.2000000000,3527.0156392523,126.0000000000,0.0357242533,126,1,2026-06-28 02:00:00
3815,10.4449007529,2016-01-17,2016-01-17 23:50:00,393764,379.1487486399,60129.2000000000,3527.0156392523,126.0000000000,0.0357242533,126,1,2026-06-28 02:00:00
3814,10.4421629021,2016-01-18,2016-01-18 23:50:00,393939,384.9289182488,60129.2000000000,3527.0156392523,126.0000000000,0.0357242533,126,1,2026-06-28 02:00:00
3813,10.4394250513,2016-01-19,2016-01-19 23:50:00,394071,376.7663108392,60129.2000000000,3527.0156392523,126.0000000000,0.0357242533,126,1,2026-06-28 02:00:00
3812,10.4366872005,2016-01-20,2016-01-20 23:50:00,394225,419.2252501718,60129.2000000000,3527.0156392523,126.0000000000,0.0357242533,126,1,2026-06-28 02:00:00
3811,10.4339493498,2016-01-21,2016-01-21 23:50:00,394361,409.2680990241,60129.2000000000,3527.0156392523,126.0000000000,0.0357242533,126,1,2026-06-28 02:00:00
3810,10.4312114990,2016-01-22,2016-01-22 23:50:00,394537,383.2949288145,60129.2000000000,3527.0156392523,126.0000000000,0.0357242533,126,1,2026-06-28 02:00:00
3809,10.4284736482,2016-01-23,2016-01-23 23:50:00,394717,386.9158595465,60129.2000000000,3527.0156392523,126.0000000000,0.0357242533,126,1,2026-06-28 02:00:00
3808,10.4257357974,2016-01-24,2016-01-24 23:50:00,394885,402.8010750231,60129.2000000000,3527.0156392523,126.0000000000,0.0357242533,126,1,2026-06-28 02:00:00
3807,10.4229979466,2016-01-25,2016-01-25 23:50:00,395050,391.1212623043,60129.2000000000,3527.0156392523,126.0000000000,0.0357242533,126,1,2026-06-28 02:00:00
3806,10.4202600958,2016-01-26,2016-01-26 23:50:00,395209,391.6668140870,60129.2000000000,3527.0156392523,126.0000000000,0.0357242533,126,1,2026-06-28 02:00:00
3805,10.4175222450,2016-01-27,2016-01-27 23:50:00,395363,394.4466804448,60129.2000000000,3527.0156392523,126.0000000000,0.0357242533,126,1,2026-06-28 02:00:00
3804,10.4147843943,2016-01-28,2016-01-28 23:50:00,395510,379.7505777032,60129.2000000000,3527.0156392523,126.0000000000,0.0357242533,126,1,2026-06-28 02:00:00
3803,10.4120465435,2016-01-29,2016-01-29 23:50:00,395678,378.6405195412,60129.2000000000,3527.0156392523,126.0000000000,0.0357242533,126,1,2026-06-28 02:00:00
3802,10.4093086927,2016-01-30,2016-01-30 23:50:00,395865,377.3488875787,60129.2000000000,3527.0156392523,126.0000000000,0.0357242533,126,1,2026-06-28 02:00:00
3801,10.4065708419,2016-01-31,2016-01-31 23:50:00,396047,367.9508595509,60129.2000000000,3527.0156392523,126.0000000000,0.0357242533,126,1,2026-06-28 02:00:00
3800,10.4038329911,2016-02-01,2016-02-01 23:50:00,396209,371.3705231941,60129.2000000000,3739.7393425971,125.0000000000,0.0334247894,125,1,2026-06-28 02:00:00
3799,10.4010951403,2016-02-02,2016-02-02 23:50:00,396387,372.9622692614,60129.2000000000,3739.7393425971,125.0000000000,0.0334247894,125,1,2026-06-28 02:00:00
3798,10.3983572895,2016-02-03,2016-02-03 23:50:00,396567,368.5349031979,60129.2000000000,3739.7393425971,125.0000000000,0.0334247894,125,1,2026-06-28 02:00:00
3797,10.3956194387,2016-02-04,2016-02-04 23:50:00,396736,388.0950286680,60129.2000000000,3739.7393425971,125.0000000000,0.0334247894,125,1,2026-06-28 02:00:00
3796,10.3928815880,2016-02-05,2016-02-05 23:50:00,396923,383.9341258581,60129.2000000000,3739.7393425971,125.0000000000,0.0334247894,125,1,2026-06-28 02:00:00
3795,10.3901437372,2016-02-06,2016-02-06 23:50:00,397121,375.2273870476,60129.2000000000,3739.7393425971,125.0000000000,0.0334247894,125,1,2026-06-28 02:00:00
3794,10.3874058864,2016-02-07,2016-02-07 23:50:00,397299,376.4286292237,60129.2000000000,3739.7393425971,125.0000000000,0.0334247894,125,1,2026-06-28 02:00:00
3793,10.3846680356,2016-02-08,2016-02-08 23:50:00,397448,371.2169424334,60129.2000000000,3739.7393425971,125.0000000000,0.0334247894,125,1,2026-06-28 02:00:00
3792,10.3819301848,2016-02-09,2016-02-09 23:50:00,397624,372.7623707801,60129.2000000000,3739.7393425971,125.0000000000,0.0334247894,125,1,2026-06-28 02:00:00
3791,10.3791923340,2016-02-10,2016-02-10 23:50:00,397788,378.9517342131,60129.2000000000,3739.7393425971,125.0000000000,0.0334247894,125,1,2026-06-28 02:00:00
3790,10.3764544832,2016-02-11,2016-02-11 23:50:00,397979,378.1483816211,60129.2000000000,3739.7393425971,125.0000000000,0.0334247894,125,1,2026-06-28 02:00:00
3789,10.3737166324,2016-02-12,2016-02-12 23:50:00,398150,382.3920970165,60129.2000000000,3739.7393425971,125.0000000000,0.0334247894,125,1,2026-06-28 02:00:00
3788,10.3709787817,2016-02-13,2016-02-13 23:50:00,398306,390.6503666299,60129.2000000000,3739.7393425971,125.0000000000,0.0334247894,125,1,2026-06-28 02:00:00
3787,10.3682409309,2016-02-14,2016-02-14 23:50:00,398470,406.5740594276,60129.2000000000,3739.7393425971,125.0000000000,0.0334247894,125,1,2026-06-28 02:00:00
3786,10.3655030801,2016-02-15,2016-02-15 23:50:00,398624,398.8081586422,60129.2000000000,3739.7393425971,125.0000000000,0.0334247894,125,1,2026-06-28 02:00:00
3785,10.3627652293,2016-02-16,2016-02-16 23:50:00,398763,407.2382416477,60129.2000000000,3739.7393425971,125.0000000000,0.0334247894,125,1,2026-06-28 02:00:00
3784,10.3600273785,2016-02-17,2016-02-17 23:50:00,398916,414.8979246844,60129.2000000000,3739.7393425971,125.0000000000,0.0334247894,125,1,2026-06-28 02:00:00
3783,10.3572895277,2016-02-18,2016-02-18 23:50:00,399087,421.1656956337,60129.2000000000,3739.7393425971,125.0000000000,0.0334247894,125,1,2026-06-28 02:00:00
3782,10.3545516769,2016-02-19,2016-02-19 23:50:00,399231,420.4435359034,60129.2000000000,3739.7393425971,125.0000000000,0.0334247894,125,1,2026-06-28 02:00:00
3781,10.3518138261,2016-02-20,2016-02-20 23:50:00,399381,434.6179274200,60129.2000000000,3739.7393425971,125.0000000000,0.0334247894,125,1,2026-06-28 02:00:00
3780,10.3490759754,2016-02-21,2016-02-21 23:50:00,399509,438.4724307298,60129.2000000000,3739.7393425971,125.0000000000,0.0334247894,125,1,2026-06-28 02:00:00
3779,10.3463381246,2016-02-22,2016-02-22 23:50:00,399636,437.4889589179,60129.2000000000,3739.7393425971,125.0000000000,0.0334247894,125,1,2026-06-28 02:00:00
3778,10.3436002738,2016-02-23,2016-02-23 23:50:00,399772,419.6102231848,60129.2000000000,3739.7393425971,125.0000000000,0.0334247894,125,1,2026-06-28 02:00:00
3777,10.3408624230,2016-02-24,2016-02-24 23:50:00,399890,423.8512632694,60129.2000000000,3739.7393425971,125.0000000000,0.0334247894,125,1,2026-06-28 02:00:00
3776,10.3381245722,2016-02-25,2016-02-25 23:50:00,400046,423.5093989251,60129.2000000000,3739.7393425971,125.0000000000,0.0334247894,125,1,2026-06-28 02:00:00
3775,10.3353867214,2016-02-26,2016-02-26 23:50:00,400186,430.6719637219,60129.2000000000,3739.7393425971,125.0000000000,0.0334247894,125,1,2026-06-28 02:00:00
3774,10.3326488706,2016-02-27,2016-02-27 23:50:00,400330,432.1432341275,60129.2000000000,3739.7393425971,125.0000000000,0.0334247894,125,1,2026-06-28 02:00:00
3773,10.3299110198,2016-02-28,2016-02-28 23:50:00,400465,431.5065287388,60129.2000000000,3739.7393425971,125.0000000000,0.0334247894,125,1,2026-06-28 02:00:00
3772,10.3271731691,2016-02-29,2016-02-29 23:50:00,400600,436.4222492894,60129.2000000000,3739.7393425971,125.0000000000,0.0334247894,125,1,2026-06-28 02:00:00
3771,10.3244353183,2016-03-01,2016-03-01 23:50:00,400741,433.2277035607,60129.2000000000,4034.8742124429,124.0000000000,0.0307320609,124,1,2026-06-28 02:00:00
3770,10.3216974675,2016-03-02,2016-03-02 23:50:00,400896,420.1261526218,60129.2000000000,4034.8742124429,124.0000000000,0.0307320609,124,1,2026-06-28 02:00:00
3769,10.3189596167,2016-03-03,2016-03-03 23:50:00,401033,419.3115819896,60129.2000000000,4034.8742124429,124.0000000000,0.0307320609,124,1,2026-06-28 02:00:00
3768,10.3162217659,2016-03-04,2016-03-04 23:50:00,401188,407.2361243772,60129.2000000000,4034.8742124429,124.0000000000,0.0307320609,124,1,2026-06-28 02:00:00
3767,10.3134839151,2016-03-05,2016-03-05 23:50:00,401337,398.5024323916,60129.2000000000,4034.8742124429,124.0000000000,0.0307320609,124,1,2026-06-28 02:00:00
3766,10.3107460643,2016-03-06,2016-03-06 23:50:00,401485,404.6277893211,60129.2000000000,4034.8742124429,124.0000000000,0.0307320609,124,1,2026-06-28 02:00:00
3765,10.3080082136,2016-03-07,2016-03-07 23:50:00,401619,412.8005827105,60129.2000000000,4034.8742124429,124.0000000000,0.0307320609,124,1,2026-06-28 02:00:00
3764,10.3052703628,2016-03-08,2016-03-08 23:50:00,401773,411.4093473296,60129.2000000000,4034.8742124429,124.0000000000,0.0307320609,124,1,2026-06-28 02:00:00
3763,10.3025325120,2016-03-09,2016-03-09 23:50:00,401940,412.5996495317,60129.2000000000,4034.8742124429,124.0000000000,0.0307320609,124,1,2026-06-28 02:00:00
3762,10.2997946612,2016-03-10,2016-03-10 23:50:00,402095,415.9657358290,60129.2000000000,4034.8742124429,124.0000000000,0.0307320609,124,1,2026-06-28 02:00:00
3761,10.2970568104,2016-03-11,2016-03-11 23:50:00,402256,419.6453164975,60129.2000000000,4034.8742124429,124.0000000000,0.0307320609,124,1,2026-06-28 02:00:00
3760,10.2943189596,2016-03-12,2016-03-12 23:50:00,402400,410.1399408524,60129.2000000000,4034.8742124429,124.0000000000,0.0307320609,124,1,2026-06-28 02:00:00
3759,10.2915811088,2016-03-13,2016-03-13 23:50:00,402531,412.6153044677,60129.2000000000,4034.8742124429,124.0000000000,0.0307320609,124,1,2026-06-28 02:00:00
3758,10.2888432580,2016-03-14,2016-03-14 23:50:00,402685,415.0543529834,60129.2000000000,4034.8742124429,124.0000000000,0.0307320609,124,1,2026-06-28 02:00:00
3757,10.2861054073,2016-03-15,2016-03-15 23:50:00,402844,415.4742785336,60129.2000000000,4034.8742124429,124.0000000000,0.0307320609,124,1,2026-06-28 02:00:00
3756,10.2833675565,2016-03-16,2016-03-16 23:50:00,402998,416.2381856413,60129.2000000000,4034.8742124429,124.0000000000,0.0307320609,124,1,2026-06-28 02:00:00
3755,10.2806297057,2016-03-17,2016-03-17 23:50:00,403138,418.5086720041,60129.2000000000,4034.8742124429,124.0000000000,0.0307320609,124,1,2026-06-28 02:00:00
3754,10.2778918549,2016-03-18,2016-03-18 23:50:00,403274,409.2494736684,60129.2000000000,4034.8742124429,124.0000000000,0.0307320609,124,1,2026-06-28 02:00:00
3753,10.2751540041,2016-03-19,2016-03-19 23:50:00,403411,409.6114015306,60129.2000000000,4034.8742124429,124.0000000000,0.0307320609,124,1,2026-06-28 02:00:00
3752,10.2724161533,2016-03-20,2016-03-20 23:50:00,403556,411.6682983310,60129.2000000000,4034.8742124429,124.0000000000,0.0307320609,124,1,2026-06-28 02:00:00
3751,10.2696783025,2016-03-21,2016-03-21 23:50:00,403696,411.7585748668,60129.2000000000,4034.8742124429,124.0000000000,0.0307320609,124,1,2026-06-28 02:00:00
3750,10.2669404517,2016-03-22,2016-03-22 23:50:00,403843,416.5476187546,60129.2000000000,4034.8742124429,124.0000000000,0.0307320609,124,1,2026-06-28 02:00:00
3749,10.2642026010,2016-03-23,2016-03-23 23:50:00,403992,417.5388319534,60129.2000000000,4034.8742124429,124.0000000000,0.0307320609,124,1,2026-06-28 02:00:00
3748,10.2614647502,2016-03-24,2016-03-24 23:50:00,404139,412.6839146719,60129.2000000000,4034.8742124429,124.0000000000,0.0307320609,124,1,2026-06-28 02:00:00
3747,10.2587268994,2016-03-25,2016-03-25 23:50:00,404282,416.3595573151,60129.2000000000,4034.8742124429,124.0000000000,0.0307320609,124,1,2026-06-28 02:00:00
3746,10.2559890486,2016-03-26,2016-03-26 23:50:00,404439,416.9229832826,60129.2000000000,4034.8742124429,124.0000000000,0.0307320609,124,1,2026-06-28 02:00:00
3745,10.2532511978,2016-03-27,2016-03-27 23:50:00,404580,425.0114059719,60129.2000000000,4034.8742124429,124.0000000000,0.0307320609,124,1,2026-06-28 02:00:00
3744,10.2505133470,2016-03-28,2016-03-28 23:50:00,404749,422.6782895074,60129.2000000000,4034.8742124429,124.0000000000,0.0307320609,124,1,2026-06-28 02:00:00
3743,10.2477754962,2016-03-29,2016-03-29 23:50:00,404904,416.1195712728,60129.2000000000,4034.8742124429,124.0000000000,0.0307320609,124,1,2026-06-28 02:00:00
3742,10.2450376454,2016-03-30,2016-03-30 23:50:00,405054,413.0844050950,60129.2000000000,4034.8742124429,124.0000000000,0.0307320609,124,1,2026-06-28 02:00:00
3741,10.2422997947,2016-03-31,2016-03-31 23:50:00,405178,415.5563323267,60129.2000000000,4034.8742124429,124.0000000000,0.0307320609,124,1,2026-06-28 02:00:00
3740,10.2395619439,2016-04-01,2016-04-01 23:50:00,405330,417.1655761917,60129.2000000000,4327.3585643734,123.0000000000,0.0284238059,123,1,2026-06-28 02:00:00
3739,10.2368240931,2016-04-02,2016-04-02 23:50:00,405469,419.7207145719,60129.2000000000,4327.3585643734,123.0000000000,0.0284238059,123,1,2026-06-28 02:00:00
3738,10.2340862423,2016-04-03,2016-04-03 23:50:00,405611,419.8253239919,60129.2000000000,4327.3585643734,123.0000000000,0.0284238059,123,1,2026-06-28 02:00:00
3737,10.2313483915,2016-04-04,2016-04-04 23:50:00,405777,419.3623254590,60129.2000000000,4327.3585643734,123.0000000000,0.0284238059,123,1,2026-06-28 02:00:00
3736,10.2286105407,2016-04-05,2016-04-05 23:50:00,405931,422.2472808455,60129.2000000000,4327.3585643734,123.0000000000,0.0284238059,123,1,2026-06-28 02:00:00
3735,10.2258726899,2016-04-06,2016-04-06 23:50:00,406088,421.3123840664,60129.2000000000,4327.3585643734,123.0000000000,0.0284238059,123,1,2026-06-28 02:00:00
3734,10.2231348392,2016-04-07,2016-04-07 23:50:00,406229,421.1524932382,60129.2000000000,4327.3585643734,123.0000000000,0.0284238059,123,1,2026-06-28 02:00:00
3733,10.2203969884,2016-04-08,2016-04-08 23:50:00,406373,418.7008248021,60129.2000000000,4327.3585643734,123.0000000000,0.0284238059,123,1,2026-06-28 02:00:00
3732,10.2176591376,2016-04-09,2016-04-09 23:50:00,406535,419.1189017502,60129.2000000000,4327.3585643734,123.0000000000,0.0284238059,123,1,2026-06-28 02:00:00
3731,10.2149212868,2016-04-10,2016-04-10 23:50:00,406706,422.0637750411,60129.2000000000,4327.3585643734,123.0000000000,0.0284238059,123,1,2026-06-28 02:00:00
3730,10.2121834360,2016-04-11,2016-04-11 23:50:00,406860,423.4443541572,60129.2000000000,4327.3585643734,123.0000000000,0.0284238059,123,1,2026-06-28 02:00:00
3729,10.2094455852,2016-04-12,2016-04-12 23:50:00,407007,426.7720846891,60129.2000000000,4327.3585643734,123.0000000000,0.0284238059,123,1,2026-06-28 02:00:00
3728,10.2067077344,2016-04-13,2016-04-13 23:50:00,407172,424.9491271719,60129.2000000000,4327.3585643734,123.0000000000,0.0284238059,123,1,2026-06-28 02:00:00
3727,10.2039698836,2016-04-14,2016-04-14 23:50:00,407335,425.7382992613,60129.2000000000,4327.3585643734,123.0000000000,0.0284238059,123,1,2026-06-28 02:00:00
3726,10.2012320329,2016-04-15,2016-04-15 23:50:00,407476,430.4106286826,60129.2000000000,4327.3585643734,123.0000000000,0.0284238059,123,1,2026-06-28 02:00:00
3725,10.1984941821,2016-04-16,2016-04-16 23:50:00,407614,433.2765036183,60129.2000000000,4327.3585643734,123.0000000000,0.0284238059,123,1,2026-06-28 02:00:00
3724,10.1957563313,2016-04-17,2016-04-17 23:50:00,407771,428.9189224903,60129.2000000000,4327.3585643734,123.0000000000,0.0284238059,123,1,2026-06-28 02:00:00
3723,10.1930184805,2016-04-18,2016-04-18 23:50:00,407906,429.6255257115,60129.2000000000,4327.3585643734,123.0000000000,0.0284238059,123,1,2026-06-28 02:00:00
3722,10.1902806297,2016-04-19,2016-04-19 23:50:00,408055,436.6868552636,60129.2000000000,4327.3585643734,123.0000000000,0.0284238059,123,1,2026-06-28 02:00:00
3721,10.1875427789,2016-04-20,2016-04-20 23:50:00,408221,442.4563172566,60129.2000000000,4327.3585643734,123.0000000000,0.0284238059,123,1,2026-06-28 02:00:00
3720,10.1848049281,2016-04-21,2016-04-21 23:50:00,408372,451.6680756279,60129.2000000000,4327.3585643734,123.0000000000,0.0284238059,123,1,2026-06-28 02:00:00
3719,10.1820670773,2016-04-22,2016-04-22 23:50:00,408514,448.0902332850,60129.2000000000,4327.3585643734,123.0000000000,0.0284238059,123,1,2026-06-28 02:00:00
3718,10.1793292266,2016-04-23,2016-04-23 23:50:00,408658,455.4868984702,60129.2000000000,4327.3585643734,123.0000000000,0.0284238059,123,1,2026-06-28 02:00:00
3717,10.1765913758,2016-04-24,2016-04-24 23:50:00,408790,462.2531786290,60129.2000000000,4327.3585643734,123.0000000000,0.0284238059,123,1,2026-06-28 02:00:00
3716,10.1738535250,2016-04-25,2016-04-25 23:50:00,408918,464.5798340098,60129.2000000000,4327.3585643734,123.0000000000,0.0284238059,123,1,2026-06-28 02:00:00
3715,10.1711156742,2016-04-26,2016-04-26 23:50:00,409067,469.6017137638,60129.2000000000,4327.3585643734,123.0000000000,0.0284238059,123,1,2026-06-28 02:00:00
3714,10.1683778234,2016-04-27,2016-04-27 23:50:00,409198,444.5981380116,60129.2000000000,4327.3585643734,123.0000000000,0.0284238059,123,1,2026-06-28 02:00:00
3713,10.1656399726,2016-04-28,2016-04-28 23:50:00,409333,451.7265497427,60129.2000000000,4327.3585643734,123.0000000000,0.0284238059,123,1,2026-06-28 02:00:00
3712,10.1629021218,2016-04-29,2016-04-29 23:50:00,409489,457.4444086730,60129.2000000000,4327.3585643734,123.0000000000,0.0284238059,123,1,2026-06-28 02:00:00
3711,10.1601642710,2016-04-30,2016-04-30 23:50:00,409637,453.3580726385,60129.2000000000,4327.3585643734,123.0000000000,0.0284238059,123,1,2026-06-28 02:00:00
3710,10.1574264203,2016-05-01,2016-05-01 23:50:00,409792,454.3377402582,60129.2000000000,4687.4982818123,122.0000000000,0.0260266762,122,1,2026-06-28 02:00:00
3709,10.1546885695,2016-05-02,2016-05-02 23:50:00,409948,445.7292786483,60129.2000000000,4687.4982818123,122.0000000000,0.0260266762,122,1,2026-06-28 02:00:00
3708,10.1519507187,2016-05-03,2016-05-03 23:50:00,410099,451.5018549478,60129.2000000000,4687.4982818123,122.0000000000,0.0260266762,122,1,2026-06-28 02:00:00
3707,10.1492128679,2016-05-04,2016-05-04 23:50:00,410264,448.0019374047,60129.2000000000,4687.4982818123,122.0000000000,0.0260266762,122,1,2026-06-28 02:00:00
3706,10.1464750171,2016-05-05,2016-05-05 23:50:00,410421,449.2282265593,60129.2000000000,4687.4982818123,122.0000000000,0.0260266762,122,1,2026-06-28 02:00:00
3705,10.1437371663,2016-05-06,2016-05-06 23:50:00,410584,460.9599712724,60129.2000000000,4687.4982818123,122.0000000000,0.0260266762,122,1,2026-06-28 02:00:00
3704,10.1409993155,2016-05-07,2016-05-07 23:50:00,410732,461.1380599593,60129.2000000000,4687.4982818123,122.0000000000,0.0260266762,122,1,2026-06-28 02:00:00
3703,10.1382614648,2016-05-08,2016-05-08 23:50:00,410900,461.5625344457,60129.2000000000,4687.4982818123,122.0000000000,0.0260266762,122,1,2026-06-28 02:00:00
3702,10.1355236140,2016-05-09,2016-05-09 23:50:00,411072,463.8478179626,60129.2000000000,4687.4982818123,122.0000000000,0.0260266762,122,1,2026-06-28 02:00:00
3701,10.1327857632,2016-05-10,2016-05-10 23:50:00,411227,452.3892392408,60129.2000000000,4687.4982818123,122.0000000000,0.0260266762,122,1,2026-06-28 02:00:00
3700,10.1300479124,2016-05-11,2016-05-11 23:50:00,411362,454.4613929684,60129.2000000000,4687.4982818123,122.0000000000,0.0260266762,122,1,2026-06-28 02:00:00
3699,10.1273100616,2016-05-12,2016-05-12 23:50:00,411503,455.5385620369,60129.2000000000,4687.4982818123,122.0000000000,0.0260266762,122,1,2026-06-28 02:00:00
3698,10.1245722108,2016-05-13,2016-05-13 23:50:00,411654,457.6083469783,60129.2000000000,4687.4982818123,122.0000000000,0.0260266762,122,1,2026-06-28 02:00:00
3697,10.1218343600,2016-05-14,2016-05-14 23:50:00,411798,458.4449158676,60129.2000000000,4687.4982818123,122.0000000000,0.0260266762,122,1,2026-06-28 02:00:00
3696,10.1190965092,2016-05-15,2016-05-15 23:50:00,411937,460.9721197501,60129.2000000000,4687.4982818123,122.0000000000,0.0260266762,122,1,2026-06-28 02:00:00
3695,10.1163586585,2016-05-16,2016-05-16 23:50:00,412078,454.6210663381,60129.2000000000,4687.4982818123,122.0000000000,0.0260266762,122,1,2026-06-28 02:00:00
3694,10.1136208077,2016-05-17,2016-05-17 23:50:00,412220,453.8437384548,60129.2000000000,4687.4982818123,122.0000000000,0.0260266762,122,1,2026-06-28 02:00:00
3693,10.1108829569,2016-05-18,2016-05-18 23:50:00,412373,454.9559643050,60129.2000000000,4687.4982818123,122.0000000000,0.0260266762,122,1,2026-06-28 02:00:00
3692,10.1081451061,2016-05-19,2016-05-19 23:50:00,412493,438.5470537052,60129.2000000000,4687.4982818123,122.0000000000,0.0260266762,122,1,2026-06-28 02:00:00
3691,10.1054072553,2016-05-20,2016-05-20 23:50:00,412642,445.2144546196,60129.2000000000,4687.4982818123,122.0000000000,0.0260266762,122,1,2026-06-28 02:00:00
3690,10.1026694045,2016-05-21,2016-05-21 23:50:00,412782,445.7950017282,60129.2000000000,4687.4982818123,122.0000000000,0.0260266762,122,1,2026-06-28 02:00:00
3689,10.0999315537,2016-05-22,2016-05-22 23:50:00,412966,441.1173717870,60129.2000000000,4687.4982818123,122.0000000000,0.0260266762,122,1,2026-06-28 02:00:00
3688,10.0971937029,2016-05-23,2016-05-23 23:50:00,413145,445.0955493237,60129.2000000000,4687.4982818123,122.0000000000,0.0260266762,122,1,2026-06-28 02:00:00
3687,10.0944558522,2016-05-24,2016-05-24 23:50:00,413294,445.7460073246,60129.2000000000,4687.4982818123,122.0000000000,0.0260266762,122,1,2026-06-28 02:00:00
3686,10.0917180014,2016-05-25,2016-05-25 23:50:00,413432,451.3402890773,60129.2000000000,4687.4982818123,122.0000000000,0.0260266762,122,1,2026-06-28 02:00:00
3685,10.0889801506,2016-05-26,2016-05-26 23:50:00,413564,454.0834910885,60129.2000000000,4687.4982818123,122.0000000000,0.0260266762,122,1,2026-06-28 02:00:00
3684,10.0862422998,2016-05-27,2016-05-27 23:50:00,413705,470.6678659297,60129.2000000000,4687.4982818123,122.0000000000,0.0260266762,122,1,2026-06-28 02:00:00
3683,10.0835044490,2016-05-28,2016-05-28 23:50:00,413838,523.4010670292,60129.2000000000,4687.4982818123,122.0000000000,0.0260266762,122,1,2026-06-28 02:00:00
3682,10.0807665982,2016-05-29,2016-05-29 23:50:00,413985,522.4012688893,60129.2000000000,4687.4982818123,122.0000000000,0.0260266762,122,1,2026-06-28 02:00:00
3681,10.0780287474,2016-05-30,2016-05-30 23:50:00,414129,531.7697241514,60129.2000000000,4687.4982818123,122.0000000000,0.0260266762,122,1,2026-06-28 02:00:00
3680,10.0752908966,2016-05-31,2016-05-31 23:50:00,414256,531.5451114534,60129.2000000000,4687.4982818123,122.0000000000,0.0260266762,122,1,2026-06-28 02:00:00
3679,10.0725530459,2016-06-01,2016-06-01 23:50:00,414398,534.9292311663,60129.2000000000,5078.5559406454,121.0000000000,0.0238256704,121,1,2026-06-28 02:00:00
3678,10.0698151951,2016-06-02,2016-06-02 23:50:00,414538,538.0219157805,60129.2000000000,5078.5559406454,121.0000000000,0.0238256704,121,1,2026-06-28 02:00:00
3677,10.0670773443,2016-06-03,2016-06-03 23:50:00,414677,570.0249109843,60129.2000000000,5078.5559406454,121.0000000000,0.0238256704,121,1,2026-06-28 02:00:00
3676,10.0643394935,2016-06-04,2016-06-04 23:50:00,414798,574.1044870800,60129.2000000000,5078.5559406454,121.0000000000,0.0238256704,121,1,2026-06-28 02:00:00
3675,10.0616016427,2016-06-05,2016-06-05 23:50:00,414968,574.6507220672,60129.2000000000,5078.5559406454,121.0000000000,0.0238256704,121,1,2026-06-28 02:00:00
3674,10.0588637919,2016-06-06,2016-06-06 23:50:00,415136,585.2448605162,60129.2000000000,5078.5559406454,121.0000000000,0.0238256704,121,1,2026-06-28 02:00:00
3673,10.0561259411,2016-06-07,2016-06-07 23:50:00,415278,578.1194883937,60129.2000000000,5078.5559406454,121.0000000000,0.0238256704,121,1,2026-06-28 02:00:00
3672,10.0533880903,2016-06-08,2016-06-08 23:50:00,415423,583.0049348369,60129.2000000000,5078.5559406454,121.0000000000,0.0238256704,121,1,2026-06-28 02:00:00
3671,10.0506502396,2016-06-09,2016-06-09 23:50:00,415588,577.0760450769,60129.2000000000,5078.5559406454,121.0000000000,0.0238256704,121,1,2026-06-28 02:00:00
3670,10.0479123888,2016-06-10,2016-06-10 23:50:00,415730,579.8212995235,60129.2000000000,5078.5559406454,121.0000000000,0.0238256704,121,1,2026-06-28 02:00:00
3669,10.0451745380,2016-06-11,2016-06-11 23:50:00,415888,607.1743038068,60129.2000000000,5078.5559406454,121.0000000000,0.0238256704,121,1,2026-06-28 02:00:00
3668,10.0424366872,2016-06-12,2016-06-12 23:50:00,416033,671.0887766936,60129.2000000000,5078.5559406454,121.0000000000,0.0238256704,121,1,2026-06-28 02:00:00
3667,10.0396988364,2016-06-13,2016-06-13 23:50:00,416194,705.2537025153,60129.2000000000,5078.5559406454,121.0000000000,0.0238256704,121,1,2026-06-28 02:00:00
3666,10.0369609856,2016-06-14,2016-06-14 23:50:00,416326,685.1158454197,60129.2000000000,5078.5559406454,121.0000000000,0.0238256704,121,1,2026-06-28 02:00:00
3665,10.0342231348,2016-06-15,2016-06-15 23:50:00,416479,697.4923346650,60129.2000000000,5078.5559406454,121.0000000000,0.0238256704,121,1,2026-06-28 02:00:00
3664,10.0314852841,2016-06-16,2016-06-16 23:50:00,416628,768.6542678136,60129.2000000000,5078.5559406454,121.0000000000,0.0238256704,121,1,2026-06-28 02:00:00
3663,10.0287474333,2016-06-17,2016-06-17 23:50:00,416776,752.9334092069,60129.2000000000,5078.5559406454,121.0000000000,0.0238256704,121,1,2026-06-28 02:00:00
3662,10.0260095825,2016-06-18,2016-06-18 23:50:00,416934,757.3416662071,60129.2000000000,5078.5559406454,121.0000000000,0.0238256704,121,1,2026-06-28 02:00:00
3661,10.0232717317,2016-06-19,2016-06-19 23:50:00,417111,767.4518264835,60129.2000000000,5078.5559406454,121.0000000000,0.0238256704,121,1,2026-06-28 02:00:00
3660,10.0205338809,2016-06-20,2016-06-20 23:50:00,417274,715.3350485678,60129.2000000000,5078.5559406454,121.0000000000,0.0238256704,121,1,2026-06-28 02:00:00
3659,10.0177960301,2016-06-21,2016-06-21 23:50:00,417425,667.2175316531,60129.2000000000,5078.5559406454,121.0000000000,0.0238256704,121,1,2026-06-28 02:00:00
3658,10.0150581793,2016-06-22,2016-06-22 23:50:00,417553,597.5623930749,60129.2000000000,5078.5559406454,121.0000000000,0.0238256704,121,1,2026-06-28 02:00:00
3657,10.0123203285,2016-06-23,2016-06-23 23:50:00,417692,627.9657566292,60129.2000000000,5078.5559406454,121.0000000000,0.0238256704,121,1,2026-06-28 02:00:00
3656,10.0095824778,2016-06-24,2016-06-24 23:50:00,417821,667.5468611638,60129.2000000000,5078.5559406454,121.0000000000,0.0238256704,121,1,2026-06-28 02:00:00
3655,10.0068446270,2016-06-25,2016-06-25 23:50:00,417984,665.7125861193,60129.2000000000,5078.5559406454,121.0000000000,0.0238256704,121,1,2026-06-28 02:00:00
3654,10.0041067762,2016-06-26,2016-06-26 23:50:00,418131,633.8908753968,60129.2000000000,5078.5559406454,121.0000000000,0.0238256704,121,1,2026-06-28 02:00:00
3653,10.0013689254,2016-06-27,2016-06-27 23:50:00,418276,657.0424731544,60129.2000000000,5078.5559406454,121.0000000000,0.0238256704,121,1,2026-06-28 02:00:00
3652,9.9986310746,2016-06-28,2016-06-28 23:50:00,418425,647.9137512329,60129.2000000000,5078.5559406454,121.0000000000,0.0238256704,121,1,2026-06-28 02:00:00
3651,9.9958932238,2016-06-29,2016-06-29 23:50:00,418572,637.0942855303,60129.2000000000,5078.5559406454,121.0000000000,0.0238256704,121,1,2026-06-28 02:00:00
3650,9.9931553730,2016-06-30,2016-06-30 23:50:00,418721,672.6324199351,60129.2000000000,5078.5559406454,121.0000000000,0.0238256704,121,1,2026-06-28 02:00:00
3649,9.9904175222,2016-07-01,2016-07-01 23:50:00,418877,677.7523138559,60129.2000000000,5465.4106288398,120.0000000000,0.0219562642,120,1,2026-06-28 02:00:00
3648,9.9876796715,2016-07-02,2016-07-02 23:50:00,419025,703.0031427888,60129.2000000000,5465.4106288398,120.0000000000,0.0219562642,120,1,2026-06-28 02:00:00
3647,9.9849418207,2016-07-03,2016-07-03 23:50:00,419180,661.4398503660,60129.2000000000,5465.4106288398,120.0000000000,0.0219562642,120,1,2026-06-28 02:00:00
3646,9.9822039699,2016-07-04,2016-07-04 23:50:00,419330,681.3720236262,60129.2000000000,5465.4106288398,120.0000000000,0.0219562642,120,1,2026-06-28 02:00:00
3645,9.9794661191,2016-07-05,2016-07-05 23:50:00,419474,669.5220391629,60129.2000000000,5465.4106288398,120.0000000000,0.0219562642,120,1,2026-06-28 02:00:00
3644,9.9767282683,2016-07-06,2016-07-06 23:50:00,419616,677.0219670929,60129.2000000000,5465.4106288398,120.0000000000,0.0219562642,120,1,2026-06-28 02:00:00
3643,9.9739904175,2016-07-07,2016-07-07 23:50:00,419752,640.7836172203,60129.2000000000,5465.4106288398,120.0000000000,0.0219562642,120,1,2026-06-28 02:00:00
3642,9.9712525667,2016-07-08,2016-07-08 23:50:00,419897,665.8419667001,60129.2000000000,5465.4106288398,120.0000000000,0.0219562642,120,1,2026-06-28 02:00:00
3641,9.9685147159,2016-07-09,2016-07-09 23:50:00,420045,657.3184540890,60129.2000000000,5465.4106288398,120.0000000000,0.0219562642,120,1,2026-06-28 02:00:00
3640,9.9657768652,2016-07-10,2016-07-10 23:50:00,420202,651.3047799817,60129.2000000000,5465.4106288398,120.0000000000,0.0219562642,120,1,2026-06-28 02:00:00
3639,9.9630390144,2016-07-11,2016-07-11 23:50:00,420345,651.1524242489,60129.2000000000,5465.4106288398,120.0000000000,0.0219562642,120,1,2026-06-28 02:00:00
3638,9.9603011636,2016-07-12,2016-07-12 23:50:00,420488,665.2699931764,60129.2000000000,5465.4106288398,120.0000000000,0.0219562642,120,1,2026-06-28 02:00:00
3637,9.9575633128,2016-07-13,2016-07-13 23:50:00,420616,655.2105758523,60129.2000000000,5465.4106288398,120.0000000000,0.0219562642,120,1,2026-06-28 02:00:00
3636,9.9548254620,2016-07-14,2016-07-14 23:50:00,420756,660.2911244613,60129.2000000000,5465.4106288398,120.0000000000,0.0219562642,120,1,2026-06-28 02:00:00
3635,9.9520876112,2016-07-15,2016-07-15 23:50:00,420893,666.4306437344,60129.2000000000,5465.4106288398,120.0000000000,0.0219562642,120,1,2026-06-28 02:00:00
3634,9.9493497604,2016-07-16,2016-07-16 23:50:00,421050,663.3188356449,60129.2000000000,5465.4106288398,120.0000000000,0.0219562642,120,1,2026-06-28 02:00:00
3633,9.9466119097,2016-07-17,2016-07-17 23:50:00,421200,679.8341644292,60129.2000000000,5465.4106288398,120.0000000000,0.0219562642,120,1,2026-06-28 02:00:00
3632,9.9438740589,2016-07-18,2016-07-18 23:50:00,421347,675.0654188098,60129.2000000000,5465.4106288398,120.0000000000,0.0219562642,120,1,2026-06-28 02:00:00
3631,9.9411362081,2016-07-19,2016-07-19 23:50:00,421475,674.0658044288,60129.2000000000,5465.4106288398,120.0000000000,0.0219562642,120,1,2026-06-28 02:00:00
3630,9.9383983573,2016-07-20,2016-07-20 23:50:00,421626,667.3264934261,60129.2000000000,5465.4106288398,120.0000000000,0.0219562642,120,1,2026-06-28 02:00:00
3629,9.9356605065,2016-07-21,2016-07-21 23:50:00,421759,667.2942051820,60129.2000000000,5465.4106288398,120.0000000000,0.0219562642,120,1,2026-06-28 02:00:00
3628,9.9329226557,2016-07-22,2016-07-22 23:50:00,421888,653.2611166393,60129.2000000000,5465.4106288398,120.0000000000,0.0219562642,120,1,2026-06-28 02:00:00
3627,9.9301848049,2016-07-23,2016-07-23 23:50:00,422018,657.7541150362,60129.2000000000,5465.4106288398,120.0000000000,0.0219562642,120,1,2026-06-28 02:00:00
3626,9.9274469541,2016-07-24,2016-07-24 23:50:00,422143,660.8986520111,60129.2000000000,5465.4106288398,120.0000000000,0.0219562642,120,1,2026-06-28 02:00:00
3625,9.9247091034,2016-07-25,2016-07-25 23:50:00,422273,656.7279189565,60129.2000000000,5465.4106288398,120.0000000000,0.0219562642,120,1,2026-06-28 02:00:00
3624,9.9219712526,2016-07-26,2016-07-26 23:50:00,422402,654.1744626193,60129.2000000000,5465.4106288398,120.0000000000,0.0219562642,120,1,2026-06-28 02:00:00
3623,9.9192334018,2016-07-27,2016-07-27 23:50:00,422530,656.6374550331,60129.2000000000,5465.4106288398,120.0000000000,0.0219562642,120,1,2026-06-28 02:00:00
3622,9.9164955510,2016-07-28,2016-07-28 23:50:00,422663,654.8738329725,60129.2000000000,5465.4106288398,120.0000000000,0.0219562642,120,1,2026-06-28 02:00:00
3621,9.9137577002,2016-07-29,2016-07-29 23:50:00,422812,657.2028417428,60129.2000000000,5465.4106288398,120.0000000000,0.0219562642,120,1,2026-06-28 02:00:00
3620,9.9110198494,2016-07-30,2016-07-30 23:50:00,422932,655.0710646481,60129.2000000000,5465.4106288398,120.0000000000,0.0219562642,120,1,2026-06-28 02:00:00
3619,9.9082819986,2016-07-31,2016-07-31 23:50:00,423087,626.6782449704,60129.2000000000,5465.4106288398,120.0000000000,0.0219562642,120,1,2026-06-28 02:00:00
3618,9.9055441478,2016-08-01,2016-08-01 23:50:00,423239,603.0714699772,60129.2000000000,5810.3201985130,119.0000000000,0.0204807990,119,1,2026-06-28 02:00:00
3617,9.9028062971,2016-08-02,2016-08-02 23:50:00,423393,541.1173090968,60129.2000000000,5810.3201985130,119.0000000000,0.0204807990,119,1,2026-06-28 02:00:00
3616,9.9000684463,2016-08-03,2016-08-03 23:50:00,423559,570.4980849331,60129.2000000000,5810.3201985130,119.0000000000,0.0204807990,119,1,2026-06-28 02:00:00
3615,9.8973305955,2016-08-04,2016-08-04 23:50:00,423713,584.2871190374,60129.2000000000,5810.3201985130,119.0000000000,0.0204807990,119,1,2026-06-28 02:00:00
3614,9.8945927447,2016-08-05,2016-08-05 23:50:00,423882,578.7203581680,60129.2000000000,5810.3201985130,119.0000000000,0.0204807990,119,1,2026-06-28 02:00:00
3613,9.8918548939,2016-08-06,2016-08-06 23:50:00,424047,590.6386563792,60129.2000000000,5810.3201985130,119.0000000000,0.0204807990,119,1,2026-06-28 02:00:00
3612,9.8891170431,2016-08-07,2016-08-07 23:50:00,424196,594.2242426380,60129.2000000000,5810.3201985130,119.0000000000,0.0204807990,119,1,2026-06-28 02:00:00
3611,9.8863791923,2016-08-08,2016-08-08 23:50:00,424343,591.5945962715,60129.2000000000,5810.3201985130,119.0000000000,0.0204807990,119,1,2026-06-28 02:00:00
3610,9.8836413415,2016-08-09,2016-08-09 23:50:00,424466,585.9862966428,60129.2000000000,5810.3201985130,119.0000000000,0.0204807990,119,1,2026-06-28 02:00:00
3609,9.8809034908,2016-08-10,2016-08-10 23:50:00,424619,593.3092280998,60129.2000000000,5810.3201985130,119.0000000000,0.0204807990,119,1,2026-06-28 02:00:00
3608,9.8781656400,2016-08-11,2016-08-11 23:50:00,424766,586.8243344160,60129.2000000000,5810.3201985130,119.0000000000,0.0204807990,119,1,2026-06-28 02:00:00
3607,9.8754277892,2016-08-12,2016-08-12 23:50:00,424916,587.6670928265,60129.2000000000,5810.3201985130,119.0000000000,0.0204807990,119,1,2026-06-28 02:00:00
3606,9.8726899384,2016-08-13,2016-08-13 23:50:00,425081,585.6063890255,60129.2000000000,5810.3201985130,119.0000000000,0.0204807990,119,1,2026-06-28 02:00:00
3605,9.8699520876,2016-08-14,2016-08-14 23:50:00,425242,572.7941323514,60129.2000000000,5810.3201985130,119.0000000000,0.0204807990,119,1,2026-06-28 02:00:00
3604,9.8672142368,2016-08-15,2016-08-15 23:50:00,425390,567.4857481003,60129.2000000000,5810.3201985130,119.0000000000,0.0204807990,119,1,2026-06-28 02:00:00
3603,9.8644763860,2016-08-16,2016-08-16 23:50:00,425524,578.4633278460,60129.2000000000,5810.3201985130,119.0000000000,0.0204807990,119,1,2026-06-28 02:00:00
3602,9.8617385352,2016-08-17,2016-08-17 23:50:00,425646,573.9991993688,60129.2000000000,5810.3201985130,119.0000000000,0.0204807990,119,1,2026-06-28 02:00:00
3601,9.8590006845,2016-08-18,2016-08-18 23:50:00,425801,573.6346051923,60129.2000000000,5810.3201985130,119.0000000000,0.0204807990,119,1,2026-06-28 02:00:00
3600,9.8562628337,2016-08-19,2016-08-19 23:50:00,425956,573.6856113315,60129.2000000000,5810.3201985130,119.0000000000,0.0204807990,119,1,2026-06-28 02:00:00
3599,9.8535249829,2016-08-20,2016-08-20 23:50:00,426110,580.6772171225,60129.2000000000,5810.3201985130,119.0000000000,0.0204807990,119,1,2026-06-28 02:00:00
3598,9.8507871321,2016-08-21,2016-08-21 23:50:00,426270,580.2640710661,60129.2000000000,5810.3201985130,119.0000000000,0.0204807990,119,1,2026-06-28 02:00:00
3597,9.8480492813,2016-08-22,2016-08-22 23:50:00,426432,584.5310006792,60129.2000000000,5810.3201985130,119.0000000000,0.0204807990,119,1,2026-06-28 02:00:00
3596,9.8453114305,2016-08-23,2016-08-23 23:50:00,426579,582.1403915732,60129.2000000000,5810.3201985130,119.0000000000,0.0204807990,119,1,2026-06-28 02:00:00
3595,9.8425735797,2016-08-24,2016-08-24 23:50:00,426731,578.8355713317,60129.2000000000,5810.3201985130,119.0000000000,0.0204807990,119,1,2026-06-28 02:00:00
3594,9.8398357290,2016-08-25,2016-08-25 23:50:00,426859,575.7225958239,60129.2000000000,5810.3201985130,119.0000000000,0.0204807990,119,1,2026-06-28 02:00:00
3593,9.8370978782,2016-08-26,2016-08-26 23:50:00,426992,578.7497338081,60129.2000000000,5810.3201985130,119.0000000000,0.0204807990,119,1,2026-06-28 02:00:00
3592,9.8343600274,2016-08-27,2016-08-27 23:50:00,427135,569.4518502063,60129.2000000000,5810.3201985130,119.0000000000,0.0204807990,119,1,2026-06-28 02:00:00
3591,9.8316221766,2016-08-28,2016-08-28 23:50:00,427289,575.0956449604,60129.2000000000,5810.3201985130,119.0000000000,0.0204807990,119,1,2026-06-28 02:00:00
3590,9.8288843258,2016-08-29,2016-08-29 23:50:00,427437,572.9005311004,60129.2000000000,5810.3201985130,119.0000000000,0.0204807990,119,1,2026-06-28 02:00:00
3589,9.8261464750,2016-08-30,2016-08-30 23:50:00,427600,575.2640454162,60129.2000000000,5810.3201985130,119.0000000000,0.0204807990,119,1,2026-06-28 02:00:00
3588,9.8234086242,2016-08-31,2016-08-31 23:50:00,427735,571.1965360377,60129.2000000000,5810.3201985130,119.0000000000,0.0204807990,119,1,2026-06-28 02:00:00
3587,9.8206707734,2016-09-01,2016-09-01 23:50:00,427873,572.5561672482,60129.2000000000,6269.0526331276,118.0000000000,0.0188226207,118,1,2026-06-28 02:00:00
3586,9.8179329227,2016-09-02,2016-09-02 23:50:00,428029,575.0009111071,60129.2000000000,6269.0526331276,118.0000000000,0.0188226207,118,1,2026-06-28 02:00:00
3585,9.8151950719,2016-09-03,2016-09-03 23:50:00,428155,598.6908473035,60129.2000000000,6269.0526331276,118.0000000000,0.0188226207,118,1,2026-06-28 02:00:00
3584,9.8124572211,2016-09-04,2016-09-04 23:50:00,428333,611.4227799560,60129.2000000000,6269.0526331276,118.0000000000,0.0188226207,118,1,2026-06-28 02:00:00
3583,9.8097193703,2016-09-05,2016-09-05 23:50:00,428473,606.1033693816,60129.2000000000,6269.0526331276,118.0000000000,0.0188226207,118,1,2026-06-28 02:00:00
3582,9.8069815195,2016-09-06,2016-09-06 23:50:00,428610,610.3828471589,60129.2000000000,6269.0526331276,118.0000000000,0.0188226207,118,1,2026-06-28 02:00:00
3581,9.8042436687,2016-09-07,2016-09-07 23:50:00,428761,615.0585387829,60129.2000000000,6269.0526331276,118.0000000000,0.0188226207,118,1,2026-06-28 02:00:00
3580,9.8015058179,2016-09-08,2016-09-08 23:50:00,428906,627.3697008597,60129.2000000000,6269.0526331276,118.0000000000,0.0188226207,118,1,2026-06-28 02:00:00
3579,9.7987679671,2016-09-09,2016-09-09 23:50:00,429047,622.2820047346,60129.2000000000,6269.0526331276,118.0000000000,0.0188226207,118,1,2026-06-28 02:00:00
3578,9.7960301164,2016-09-10,2016-09-10 23:50:00,429201,623.2641908172,60129.2000000000,6269.0526331276,118.0000000000,0.0188226207,118,1,2026-06-28 02:00:00
3577,9.7932922656,2016-09-11,2016-09-11 23:50:00,429367,606.3234045793,60129.2000000000,6269.0526331276,118.0000000000,0.0188226207,118,1,2026-06-28 02:00:00
3576,9.7905544148,2016-09-12,2016-09-12 23:50:00,429530,607.3223156688,60129.2000000000,6269.0526331276,118.0000000000,0.0188226207,118,1,2026-06-28 02:00:00
3575,9.7878165640,2016-09-13,2016-09-13 23:50:00,429695,608.2890249240,60129.2000000000,6269.0526331276,118.0000000000,0.0188226207,118,1,2026-06-28 02:00:00
3574,9.7850787132,2016-09-14,2016-09-14 23:50:00,429850,608.7350306745,60129.2000000000,6269.0526331276,118.0000000000,0.0188226207,118,1,2026-06-28 02:00:00
3573,9.7823408624,2016-09-15,2016-09-15 23:50:00,430003,605.2743670752,60129.2000000000,6269.0526331276,118.0000000000,0.0188226207,118,1,2026-06-28 02:00:00
3572,9.7796030116,2016-09-16,2016-09-16 23:50:00,430143,607.7392757582,60129.2000000000,6269.0526331276,118.0000000000,0.0188226207,118,1,2026-06-28 02:00:00
3571,9.7768651608,2016-09-17,2016-09-17 23:50:00,430306,606.8865340702,60129.2000000000,6269.0526331276,118.0000000000,0.0188226207,118,1,2026-06-28 02:00:00
3570,9.7741273101,2016-09-18,2016-09-18 23:50:00,430452,610.9444636865,60129.2000000000,6269.0526331276,118.0000000000,0.0188226207,118,1,2026-06-28 02:00:00
3569,9.7713894593,2016-09-19,2016-09-19 23:50:00,430585,608.5191535320,60129.2000000000,6269.0526331276,118.0000000000,0.0188226207,118,1,2026-06-28 02:00:00
3568,9.7686516085,2016-09-20,2016-09-20 23:50:00,430732,606.7807663856,60129.2000000000,6269.0526331276,118.0000000000,0.0188226207,118,1,2026-06-28 02:00:00
3567,9.7659137577,2016-09-21,2016-09-21 23:50:00,430900,596.5872229886,60129.2000000000,6269.0526331276,118.0000000000,0.0188226207,118,1,2026-06-28 02:00:00
3566,9.7631759069,2016-09-22,2016-09-22 23:50:00,431041,595.3638256212,60129.2000000000,6269.0526331276,118.0000000000,0.0188226207,118,1,2026-06-28 02:00:00
3565,9.7604380561,2016-09-23,2016-09-23 23:50:00,431179,601.5785021721,60129.2000000000,6269.0526331276,118.0000000000,0.0188226207,118,1,2026-06-28 02:00:00
3564,9.7577002053,2016-09-24,2016-09-24 23:50:00,431345,601.0346316913,60129.2000000000,6269.0526331276,118.0000000000,0.0188226207,118,1,2026-06-28 02:00:00
3563,9.7549623546,2016-09-25,2016-09-25 23:50:00,431529,600.5018579500,60129.2000000000,6269.0526331276,118.0000000000,0.0188226207,118,1,2026-06-28 02:00:00
3562,9.7522245038,2016-09-26,2016-09-26 23:50:00,431683,606.2001855574,60129.2000000000,6269.0526331276,118.0000000000,0.0188226207,118,1,2026-06-28 02:00:00
3561,9.7494866530,2016-09-27,2016-09-27 23:50:00,431849,604.6179169459,60129.2000000000,6269.0526331276,118.0000000000,0.0188226207,118,1,2026-06-28 02:00:00
3560,9.7467488022,2016-09-28,2016-09-28 23:50:00,431998,604.9065178321,60129.2000000000,6269.0526331276,118.0000000000,0.0188226207,118,1,2026-06-28 02:00:00
3559,9.7440109514,2016-09-29,2016-09-29 23:50:00,432140,605.8710149342,60129.2000000000,6269.0526331276,118.0000000000,0.0188226207,118,1,2026-06-28 02:00:00
3558,9.7412731006,2016-09-30,2016-09-30 23:50:00,432283,608.9129588326,60129.2000000000,6269.0526331276,118.0000000000,0.0188226207,118,1,2026-06-28 02:00:00
3557,9.7385352498,2016-10-01,2016-10-01 23:50:00,432439,615.4437866654,60129.2000000000,6851.6947575531,117.0000000000,0.0170760672,117,1,2026-06-28 02:00:00
3556,9.7357973990,2016-10-02,2016-10-02 23:50:00,432581,611.1847244226,60129.2000000000,6851.6947575531,117.0000000000,0.0170760672,117,1,2026-06-28 02:00:00
3555,9.7330595483,2016-10-03,2016-10-03 23:50:00,432732,612.7803428472,60129.2000000000,6851.6947575531,117.0000000000,0.0170760672,117,1,2026-06-28 02:00:00
3554,9.7303216975,2016-10-04,2016-10-04 23:50:00,432889,608.7535531171,60129.2000000000,6851.6947575531,117.0000000000,0.0170760672,117,1,2026-06-28 02:00:00
3553,9.7275838467,2016-10-05,2016-10-05 23:50:00,433056,611.7243118951,60129.2000000000,6851.6947575531,117.0000000000,0.0170760672,117,1,2026-06-28 02:00:00
3552,9.7248459959,2016-10-06,2016-10-06 23:50:00,433214,611.3559903042,60129.2000000000,6851.6947575531,117.0000000000,0.0170760672,117,1,2026-06-28 02:00:00
3551,9.7221081451,2016-10-07,2016-10-07 23:50:00,433361,617.7007337645,60129.2000000000,6851.6947575531,117.0000000000,0.0170760672,117,1,2026-06-28 02:00:00
3550,9.7193702943,2016-10-08,2016-10-08 23:50:00,433529,619.0011133411,60129.2000000000,6851.6947575531,117.0000000000,0.0170760672,117,1,2026-06-28 02:00:00
3549,9.7166324435,2016-10-09,2016-10-09 23:50:00,433688,615.6507746404,60129.2000000000,6851.6947575531,117.0000000000,0.0170760672,117,1,2026-06-28 02:00:00
3548,9.7138945927,2016-10-10,2016-10-10 23:50:00,433814,617.8852701124,60129.2000000000,6851.6947575531,117.0000000000,0.0170760672,117,1,2026-06-28 02:00:00
3547,9.7111567420,2016-10-11,2016-10-11 23:50:00,433952,642.0432135327,60129.2000000000,6851.6947575531,117.0000000000,0.0170760672,117,1,2026-06-28 02:00:00
3546,9.7084188912,2016-10-12,2016-10-12 23:50:00,434096,635.7951243679,60129.2000000000,6851.6947575531,117.0000000000,0.0170760672,117,1,2026-06-28 02:00:00
3545,9.7056810404,2016-10-13,2016-10-13 23:50:00,434225,635.3288217408,60129.2000000000,6851.6947575531,117.0000000000,0.0170760672,117,1,2026-06-28 02:00:00
3544,9.7029431896,2016-10-14,2016-10-14 23:50:00,434360,638.0457908026,60129.2000000000,6851.6947575531,117.0000000000,0.0170760672,117,1,2026-06-28 02:00:00
3543,9.7002053388,2016-10-15,2016-10-15 23:50:00,434502,636.7173591555,60129.2000000000,6851.6947575531,117.0000000000,0.0170760672,117,1,2026-06-28 02:00:00
3542,9.6974674880,2016-10-16,2016-10-16 23:50:00,434632,640.4330294525,60129.2000000000,6851.6947575531,117.0000000000,0.0170760672,117,1,2026-06-28 02:00:00
3541,9.6947296372,2016-10-17,2016-10-17 23:50:00,434757,638.2363785568,60129.2000000000,6851.6947575531,117.0000000000,0.0170760672,117,1,2026-06-28 02:00:00
3540,9.6919917864,2016-10-18,2016-10-18 23:50:00,434912,635.2516741913,60129.2000000000,6851.6947575531,117.0000000000,0.0170760672,117,1,2026-06-28 02:00:00
3539,9.6892539357,2016-10-19,2016-10-19 23:50:00,435038,628.6662997535,60129.2000000000,6851.6947575531,117.0000000000,0.0170760672,117,1,2026-06-28 02:00:00
3538,9.6865160849,2016-10-20,2016-10-20 23:50:00,435171,628.7118242328,60129.2000000000,6851.6947575531,117.0000000000,0.0170760672,117,1,2026-06-28 02:00:00
3537,9.6837782341,2016-10-21,2016-10-21 23:50:00,435335,630.4802818462,60129.2000000000,6851.6947575531,117.0000000000,0.0170760672,117,1,2026-06-28 02:00:00
3536,9.6810403833,2016-10-22,2016-10-22 23:50:00,435484,652.4767975854,60129.2000000000,6851.6947575531,117.0000000000,0.0170760672,117,1,2026-06-28 02:00:00
3535,9.6783025325,2016-10-23,2016-10-23 23:50:00,435629,650.3057909224,60129.2000000000,6851.6947575531,117.0000000000,0.0170760672,117,1,2026-06-28 02:00:00
3534,9.6755646817,2016-10-24,2016-10-24 23:50:00,435771,648.7729777620,60129.2000000000,6851.6947575531,117.0000000000,0.0170760672,117,1,2026-06-28 02:00:00
3533,9.6728268309,2016-10-25,2016-10-25 23:50:00,435911,652.6148720914,60129.2000000000,6851.6947575531,117.0000000000,0.0170760672,117,1,2026-06-28 02:00:00
3532,9.6700889802,2016-10-26,2016-10-26 23:50:00,436047,674.1736532731,60129.2000000000,6851.6947575531,117.0000000000,0.0170760672,117,1,2026-06-28 02:00:00
3531,9.6673511294,2016-10-27,2016-10-27 23:50:00,436211,687.4780503021,60129.2000000000,6851.6947575531,117.0000000000,0.0170760672,117,1,2026-06-28 02:00:00
3530,9.6646132786,2016-10-28,2016-10-28 23:50:00,436363,688.4962938599,60129.2000000000,6851.6947575531,117.0000000000,0.0170760672,117,1,2026-06-28 02:00:00
3529,9.6618754278,2016-10-29,2016-10-29 23:50:00,436510,714.0132049999,60129.2000000000,6851.6947575531,117.0000000000,0.0170760672,117,1,2026-06-28 02:00:00
3528,9.6591375770,2016-10-30,2016-10-30 23:50:00,436679,697.5440979156,60129.2000000000,6851.6947575531,117.0000000000,0.0170760672,117,1,2026-06-28 02:00:00
3527,9.6563997262,2016-10-31,2016-10-31 23:50:00,436827,697.0695553784,60129.2000000000,6851.6947575531,117.0000000000,0.0170760672,117,1,2026-06-28 02:00:00
3526,9.6536618754,2016-11-01,2016-11-01 23:50:00,436971,729.7826819596,60129.2000000000,7507.4961292999,116.0000000000,0.0154512234,116,1,2026-06-28 02:00:00
3525,9.6509240246,2016-11-02,2016-11-02 23:50:00,437104,742.1366006752,60129.2000000000,7507.4961292999,116.0000000000,0.0154512234,116,1,2026-06-28 02:00:00
3524,9.6481861739,2016-11-03,2016-11-03 23:50:00,437259,687.9545124061,60129.2000000000,7507.4961292999,116.0000000000,0.0154512234,116,1,2026-06-28 02:00:00
3523,9.6454483231,2016-11-04,2016-11-04 23:50:00,437375,704.0639814358,60129.2000000000,7507.4961292999,116.0000000000,0.0154512234,116,1,2026-06-28 02:00:00
3522,9.6427104723,2016-11-05,2016-11-05 23:50:00,437521,705.4952687890,60129.2000000000,7507.4961292999,116.0000000000,0.0154512234,116,1,2026-06-28 02:00:00
3521,9.6399726215,2016-11-06,2016-11-06 23:50:00,437675,716.3226858760,60129.2000000000,7507.4961292999,116.0000000000,0.0154512234,116,1,2026-06-28 02:00:00
3520,9.6372347707,2016-11-07,2016-11-07 23:50:00,437820,703.0813011748,60129.2000000000,7507.4961292999,116.0000000000,0.0154512234,116,1,2026-06-28 02:00:00
3519,9.6344969199,2016-11-08,2016-11-08 23:50:00,437989,710.8930104497,60129.2000000000,7507.4961292999,116.0000000000,0.0154512234,116,1,2026-06-28 02:00:00
3518,9.6317590691,2016-11-09,2016-11-09 23:50:00,438137,721.2385791965,60129.2000000000,7507.4961292999,116.0000000000,0.0154512234,116,1,2026-06-28 02:00:00
3517,9.6290212183,2016-11-10,2016-11-10 23:50:00,438303,713.3071442331,60129.2000000000,7507.4961292999,116.0000000000,0.0154512234,116,1,2026-06-28 02:00:00
3516,9.6262833676,2016-11-11,2016-11-11 23:50:00,438468,716.6398744332,60129.2000000000,7507.4961292999,116.0000000000,0.0154512234,116,1,2026-06-28 02:00:00
3515,9.6235455168,2016-11-12,2016-11-12 23:50:00,438636,704.1206813293,60129.2000000000,7507.4961292999,116.0000000000,0.0154512234,116,1,2026-06-28 02:00:00
3514,9.6208076660,2016-11-13,2016-11-13 23:50:00,438778,702.3881415370,60129.2000000000,7507.4961292999,116.0000000000,0.0154512234,116,1,2026-06-28 02:00:00
3513,9.6180698152,2016-11-14,2016-11-14 23:50:00,438949,704.8674758914,60129.2000000000,7507.4961292999,116.0000000000,0.0154512234,116,1,2026-06-28 02:00:00
3512,9.6153319644,2016-11-15,2016-11-15 23:50:00,439105,712.2453422596,60129.2000000000,7507.4961292999,116.0000000000,0.0154512234,116,1,2026-06-28 02:00:00
3511,9.6125941136,2016-11-16,2016-11-16 23:50:00,439277,737.3415145062,60129.2000000000,7507.4961292999,116.0000000000,0.0154512234,116,1,2026-06-28 02:00:00
3510,9.6098562628,2016-11-17,2016-11-17 23:50:00,439435,730.3281411169,60129.2000000000,7507.4961292999,116.0000000000,0.0154512234,116,1,2026-06-28 02:00:00
3509,9.6071184120,2016-11-18,2016-11-18 23:50:00,439583,748.4639181661,60129.2000000000,7507.4961292999,116.0000000000,0.0154512234,116,1,2026-06-28 02:00:00
3508,9.6043805613,2016-11-19,2016-11-19 23:50:00,439724,750.7693031371,60129.2000000000,7507.4961292999,116.0000000000,0.0154512234,116,1,2026-06-28 02:00:00
3507,9.6016427105,2016-11-20,2016-11-20 23:50:00,439854,729.8329977410,60129.2000000000,7507.4961292999,116.0000000000,0.0154512234,116,1,2026-06-28 02:00:00
3506,9.5989048597,2016-11-21,2016-11-21 23:50:00,439993,736.5494413631,60129.2000000000,7507.4961292999,116.0000000000,0.0154512234,116,1,2026-06-28 02:00:00
3505,9.5961670089,2016-11-22,2016-11-22 23:50:00,440126,748.0008385886,60129.2000000000,7507.4961292999,116.0000000000,0.0154512234,116,1,2026-06-28 02:00:00
3504,9.5934291581,2016-11-23,2016-11-23 23:50:00,440274,741.6163279206,60129.2000000000,7507.4961292999,116.0000000000,0.0154512234,116,1,2026-06-28 02:00:00
3503,9.5906913073,2016-11-24,2016-11-24 23:50:00,440435,737.6106062206,60129.2000000000,7507.4961292999,116.0000000000,0.0154512234,116,1,2026-06-28 02:00:00
3502,9.5879534565,2016-11-25,2016-11-25 23:50:00,440586,739.7574413835,60129.2000000000,7507.4961292999,116.0000000000,0.0154512234,116,1,2026-06-28 02:00:00
3501,9.5852156057,2016-11-26,2016-11-26 23:50:00,440739,732.8834415193,60129.2000000000,7507.4961292999,116.0000000000,0.0154512234,116,1,2026-06-28 02:00:00
3500,9.5824777550,2016-11-27,2016-11-27 23:50:00,440885,728.8590062573,60129.2000000000,7507.4961292999,116.0000000000,0.0154512234,116,1,2026-06-28 02:00:00
3499,9.5797399042,2016-11-28,2016-11-28 23:50:00,441046,729.9131589550,60129.2000000000,7507.4961292999,116.0000000000,0.0154512234,116,1,2026-06-28 02:00:00
3498,9.5770020534,2016-11-29,2016-11-29 23:50:00,441196,732.0910705749,60129.2000000000,7507.4961292999,116.0000000000,0.0154512234,116,1,2026-06-28 02:00:00
3497,9.5742642026,2016-11-30,2016-11-30 23:50:00,441339,742.3702971211,60129.2000000000,7507.4961292999,116.0000000000,0.0154512234,116,1,2026-06-28 02:00:00
3496,9.5715263518,2016-12-01,2016-12-01 23:50:00,441486,753.1630525910,60129.2000000000,8167.0611533998,115.0000000000,0.0140809525,115,1,2026-06-28 02:00:00
3495,9.5687885010,2016-12-02,2016-12-02 23:50:00,441628,769.7881767182,60129.2000000000,8167.0611533998,115.0000000000,0.0140809525,115,1,2026-06-28 02:00:00
3494,9.5660506502,2016-12-03,2016-12-03 23:50:00,441799,766.6808823682,60129.2000000000,8167.0611533998,115.0000000000,0.0140809525,115,1,2026-06-28 02:00:00
3493,9.5633127995,2016-12-04,2016-12-04 23:50:00,441949,765.0191934693,60129.2000000000,8167.0611533998,115.0000000000,0.0140809525,115,1,2026-06-28 02:00:00
3492,9.5605749487,2016-12-05,2016-12-05 23:50:00,442101,751.8443230070,60129.2000000000,8167.0611533998,115.0000000000,0.0140809525,115,1,2026-06-28 02:00:00
3491,9.5578370979,2016-12-06,2016-12-06 23:50:00,442251,759.5092488245,60129.2000000000,8167.0611533998,115.0000000000,0.0140809525,115,1,2026-06-28 02:00:00
3490,9.5550992471,2016-12-07,2016-12-07 23:50:00,442423,765.0274254945,60129.2000000000,8167.0611533998,115.0000000000,0.0140809525,115,1,2026-06-28 02:00:00
3489,9.5523613963,2016-12-08,2016-12-08 23:50:00,442582,767.1251344840,60129.2000000000,8167.0611533998,115.0000000000,0.0140809525,115,1,2026-06-28 02:00:00
3488,9.5496235455,2016-12-09,2016-12-09 23:50:00,442717,772.4507520835,60129.2000000000,8167.0611533998,115.0000000000,0.0140809525,115,1,2026-06-28 02:00:00
3487,9.5468856947,2016-12-10,2016-12-10 23:50:00,442847,775.4348079092,60129.2000000000,8167.0611533998,115.0000000000,0.0140809525,115,1,2026-06-28 02:00:00
3486,9.5441478439,2016-12-11,2016-12-11 23:50:00,443034,769.3897794425,60129.2000000000,8167.0611533998,115.0000000000,0.0140809525,115,1,2026-06-28 02:00:00
3485,9.5414099932,2016-12-12,2016-12-12 23:50:00,443190,778.2982728837,60129.2000000000,8167.0611533998,115.0000000000,0.0140809525,115,1,2026-06-28 02:00:00
3484,9.5386721424,2016-12-13,2016-12-13 23:50:00,443370,777.1148524612,60129.2000000000,8167.0611533998,115.0000000000,0.0140809525,115,1,2026-06-28 02:00:00
3483,9.5359342916,2016-12-14,2016-12-14 23:50:00,443509,777.5387069475,60129.2000000000,8167.0611533998,115.0000000000,0.0140809525,115,1,2026-06-28 02:00:00
3482,9.5331964408,2016-12-15,2016-12-15 23:50:00,443635,776.1219368299,60129.2000000000,8167.0611533998,115.0000000000,0.0140809525,115,1,2026-06-28 02:00:00
3481,9.5304585900,2016-12-16,2016-12-16 23:50:00,443769,780.9259172614,60129.2000000000,8167.0611533998,115.0000000000,0.0140809525,115,1,2026-06-28 02:00:00
3480,9.5277207392,2016-12-17,2016-12-17 23:50:00,443913,788.9255361335,60129.2000000000,8167.0611533998,115.0000000000,0.0140809525,115,1,2026-06-28 02:00:00
3479,9.5249828884,2016-12-18,2016-12-18 23:50:00,444051,790.4343388020,60129.2000000000,8167.0611533998,115.0000000000,0.0140809525,115,1,2026-06-28 02:00:00
3478,9.5222450376,2016-12-19,2016-12-19 23:50:00,444205,790.9863472150,60129.2000000000,8167.0611533998,115.0000000000,0.0140809525,115,1,2026-06-28 02:00:00
3477,9.5195071869,2016-12-20,2016-12-20 23:50:00,444342,799.2034682737,60129.2000000000,8167.0611533998,115.0000000000,0.0140809525,115,1,2026-06-28 02:00:00
3476,9.5167693361,2016-12-21,2016-12-21 23:50:00,444502,833.3000276325,60129.2000000000,8167.0611533998,115.0000000000,0.0140809525,115,1,2026-06-28 02:00:00
3475,9.5140314853,2016-12-22,2016-12-22 23:50:00,444660,857.6320329591,60129.2000000000,8167.0611533998,115.0000000000,0.0140809525,115,1,2026-06-28 02:00:00
3474,9.5112936345,2016-12-23,2016-12-23 23:50:00,444812,916.2689181351,60129.2000000000,8167.0611533998,115.0000000000,0.0140809525,115,1,2026-06-28 02:00:00
3473,9.5085557837,2016-12-24,2016-12-24 23:50:00,444949,892.4642177832,60129.2000000000,8167.0611533998,115.0000000000,0.0140809525,115,1,2026-06-28 02:00:00
3472,9.5058179329,2016-12-25,2016-12-25 23:50:00,445113,894.8863982561,60129.2000000000,8167.0611533998,115.0000000000,0.0140809525,115,1,2026-06-28 02:00:00
3471,9.5030800821,2016-12-26,2016-12-26 23:50:00,445256,901.3421392503,60129.2000000000,8167.0611533998,115.0000000000,0.0140809525,115,1,2026-06-28 02:00:00
3470,9.5003422313,2016-12-27,2016-12-27 23:50:00,445411,927.8784235549,60129.2000000000,8167.0611533998,115.0000000000,0.0140809525,115,1,2026-06-28 02:00:00
3469,9.4976043806,2016-12-28,2016-12-28 23:50:00,445577,978.6706323804,60129.2000000000,8167.0611533998,115.0000000000,0.0140809525,115,1,2026-06-28 02:00:00
3468,9.4948665298,2016-12-29,2016-12-29 23:50:00,445725,970.5916246962,60129.2000000000,8167.0611533998,115.0000000000,0.0140809525,115,1,2026-06-28 02:00:00
3467,9.4921286790,2016-12-30,2016-12-30 23:50:00,445882,960.9125488130,60129.2000000000,8167.0611533998,115.0000000000,0.0140809525,115,1,2026-06-28 02:00:00
3466,9.4893908282,2016-12-31,2016-12-31 23:50:00,446032,967.7422560148,60129.2000000000,8167.0611533998,115.0000000000,0.0140809525,115,1,2026-06-28 02:00:00
3465,9.4866529774,2017-01-01,2017-01-01 23:50:00,446187,995.9339491996,60129.2000000000,8938.9198418386,114.0000000000,0.0127532187,114,1,2026-06-28 02:00:00
3464,9.4839151266,2017-01-02,2017-01-02 23:50:00,446345,1014.3551444208,60129.2000000000,8938.9198418386,114.0000000000,0.0127532187,114,1,2026-06-28 02:00:00
3463,9.4811772758,2017-01-03,2017-01-03 23:50:00,446510,1024.4356274214,60129.2000000000,8938.9198418386,114.0000000000,0.0127532187,114,1,2026-06-28 02:00:00
3462,9.4784394251,2017-01-04,2017-01-04 23:50:00,446664,1120.5665806362,60129.2000000000,8938.9198418386,114.0000000000,0.0127532187,114,1,2026-06-28 02:00:00
3461,9.4757015743,2017-01-05,2017-01-05 23:50:00,446803,1002.9225429219,60129.2000000000,8938.9198418386,114.0000000000,0.0127532187,114,1,2026-06-28 02:00:00
3460,9.4729637235,2017-01-06,2017-01-06 23:50:00,446963,893.5322212420,60129.2000000000,8938.9198418386,114.0000000000,0.0127532187,114,1,2026-06-28 02:00:00
3459,9.4702258727,2017-01-07,2017-01-07 23:50:00,447103,906.0237000545,60129.2000000000,8938.9198418386,114.0000000000,0.0127532187,114,1,2026-06-28 02:00:00
3458,9.4674880219,2017-01-08,2017-01-08 23:50:00,447269,920.0144439293,60129.2000000000,8938.9198418386,114.0000000000,0.0127532187,114,1,2026-06-28 02:00:00
3457,9.4647501711,2017-01-09,2017-01-09 23:50:00,447405,901.6846047663,60129.2000000000,8938.9198418386,114.0000000000,0.0127532187,114,1,2026-06-28 02:00:00
3456,9.4620123203,2017-01-10,2017-01-10 23:50:00,447565,905.3372890525,60129.2000000000,8938.9198418386,114.0000000000,0.0127532187,114,1,2026-06-28 02:00:00
3455,9.4592744695,2017-01-11,2017-01-11 23:50:00,447717,788.6627243240,60129.2000000000,8938.9198418386,114.0000000000,0.0127532187,114,1,2026-06-28 02:00:00
3454,9.4565366188,2017-01-12,2017-01-12 23:50:00,447890,810.6206346707,60129.2000000000,8938.9198418386,114.0000000000,0.0127532187,114,1,2026-06-28 02:00:00
3453,9.4537987680,2017-01-13,2017-01-13 23:50:00,448040,826.8820727987,60129.2000000000,8938.9198418386,114.0000000000,0.0127532187,114,1,2026-06-28 02:00:00
3452,9.4510609172,2017-01-14,2017-01-14 23:50:00,448211,824.4725280214,60129.2000000000,8938.9198418386,114.0000000000,0.0127532187,114,1,2026-06-28 02:00:00
3451,9.4483230664,2017-01-15,2017-01-15 23:50:00,448379,828.2438456916,60129.2000000000,8938.9198418386,114.0000000000,0.0127532187,114,1,2026-06-28 02:00:00
3450,9.4455852156,2017-01-16,2017-01-16 23:50:00,448547,832.2975703858,60129.2000000000,8938.9198418386,114.0000000000,0.0127532187,114,1,2026-06-28 02:00:00
3449,9.4428473648,2017-01-17,2017-01-17 23:50:00,448703,905.9891266982,60129.2000000000,8938.9198418386,114.0000000000,0.0127532187,114,1,2026-06-28 02:00:00
3448,9.4401095140,2017-01-18,2017-01-18 23:50:00,448856,887.4321969839,60129.2000000000,8938.9198418386,114.0000000000,0.0127532187,114,1,2026-06-28 02:00:00
3447,9.4373716632,2017-01-19,2017-01-19 23:50:00,449029,902.5132703894,60129.2000000000,8938.9198418386,114.0000000000,0.0127532187,114,1,2026-06-28 02:00:00
3446,9.4346338125,2017-01-20,2017-01-20 23:50:00,449219,895.0778348690,60129.2000000000,8938.9198418386,114.0000000000,0.0127532187,114,1,2026-06-28 02:00:00
3445,9.4318959617,2017-01-21,2017-01-21 23:50:00,449398,923.9705284417,60129.2000000000,8938.9198418386,114.0000000000,0.0127532187,114,1,2026-06-28 02:00:00
3444,9.4291581109,2017-01-22,2017-01-22 23:50:00,449575,926.2267163652,60129.2000000000,8938.9198418386,114.0000000000,0.0127532187,114,1,2026-06-28 02:00:00
3443,9.4264202601,2017-01-23,2017-01-23 23:50:00,449713,918.1218197310,60129.2000000000,8938.9198418386,114.0000000000,0.0127532187,114,1,2026-06-28 02:00:00
3442,9.4236824093,2017-01-24,2017-01-24 23:50:00,449861,886.5455413735,60129.2000000000,8938.9198418386,114.0000000000,0.0127532187,114,1,2026-06-28 02:00:00
3441,9.4209445585,2017-01-25,2017-01-25 23:50:00,450011,897.3617133683,60129.2000000000,8938.9198418386,114.0000000000,0.0127532187,114,1,2026-06-28 02:00:00
3440,9.4182067077,2017-01-26,2017-01-26 23:50:00,450164,916.8285986587,60129.2000000000,8938.9198418386,114.0000000000,0.0127532187,114,1,2026-06-28 02:00:00
3439,9.4154688569,2017-01-27,2017-01-27 23:50:00,450336,921.5422094300,60129.2000000000,8938.9198418386,114.0000000000,0.0127532187,114,1,2026-06-28 02:00:00
3438,9.4127310062,2017-01-28,2017-01-28 23:50:00,450488,924.7673237597,60129.2000000000,8938.9198418386,114.0000000000,0.0127532187,114,1,2026-06-28 02:00:00
3437,9.4099931554,2017-01-29,2017-01-29 23:50:00,450653,915.1648754788,60129.2000000000,8938.9198418386,114.0000000000,0.0127532187,114,1,2026-06-28 02:00:00
3436,9.4072553046,2017-01-30,2017-01-30 23:50:00,450798,922.0738109943,60129.2000000000,8938.9198418386,114.0000000000,0.0127532187,114,1,2026-06-28 02:00:00
3435,9.4045174538,2017-01-31,2017-01-31 23:50:00,450941,968.8802576054,60129.2000000000,8938.9198418386,114.0000000000,0.0127532187,114,1,2026-06-28 02:00:00
3434,9.4017796030,2017-02-01,2017-02-01 23:50:00,451134,987.7523632206,60129.2000000000,9617.7284176617,113.0000000000,0.0117491361,113,1,2026-06-28 02:00:00
3433,9.3990417522,2017-02-02,2017-02-02 23:50:00,451292,1008.0424230506,60129.2000000000,9617.7284176617,113.0000000000,0.0117491361,113,1,2026-06-28 02:00:00
3432,9.3963039014,2017-02-03,2017-02-03 23:50:00,451441,1017.4797248414,60129.2000000000,9617.7284176617,113.0000000000,0.0117491361,113,1,2026-06-28 02:00:00
3431,9.3935660507,2017-02-04,2017-02-04 23:50:00,451584,1034.9539111460,60129.2000000000,9617.7284176617,113.0000000000,0.0117491361,113,1,2026-06-28 02:00:00
3430,9.3908281999,2017-02-05,2017-02-05 23:50:00,451743,1015.6507467246,60129.2000000000,9617.7284176617,113.0000000000,0.0117491361,113,1,2026-06-28 02:00:00
3429,9.3880903491,2017-02-06,2017-02-06 23:50:00,451869,1023.1524015509,60129.2000000000,9617.7284176617,113.0000000000,0.0117491361,113,1,2026-06-28 02:00:00
3428,9.3853524983,2017-02-07,2017-02-07 23:50:00,452021,1053.8503861201,60129.2000000000,9617.7284176617,113.0000000000,0.0117491361,113,1,2026-06-28 02:00:00
3427,9.3826146475,2017-02-08,2017-02-08 23:50:00,452167,1053.7050616734,60129.2000000000,9617.7284176617,113.0000000000,0.0117491361,113,1,2026-06-28 02:00:00
3426,9.3798767967,2017-02-09,2017-02-09 23:50:00,452335,988.4129320650,60129.2000000000,9617.7284176617,113.0000000000,0.0117491361,113,1,2026-06-28 02:00:00
3425,9.3771389459,2017-02-10,2017-02-10 23:50:00,452483,999.5649259923,60129.2000000000,9617.7284176617,113.0000000000,0.0117491361,113,1,2026-06-28 02:00:00
3424,9.3744010951,2017-02-11,2017-02-11 23:50:00,452622,1017.4108314001,60129.2000000000,9617.7284176617,113.0000000000,0.0117491361,113,1,2026-06-28 02:00:00
3423,9.3716632444,2017-02-12,2017-02-12 23:50:00,452761,1007.6745400361,60129.2000000000,9617.7284176617,113.0000000000,0.0117491361,113,1,2026-06-28 02:00:00
3422,9.3689253936,2017-02-13,2017-02-13 23:50:00,452925,1002.2742943587,60129.2000000000,9617.7284176617,113.0000000000,0.0117491361,113,1,2026-06-28 02:00:00
3421,9.3661875428,2017-02-14,2017-02-14 23:50:00,453094,1013.0606096748,60129.2000000000,9617.7284176617,113.0000000000,0.0117491361,113,1,2026-06-28 02:00:00
3420,9.3634496920,2017-02-15,2017-02-15 23:50:00,453233,1013.7192202030,60129.2000000000,9617.7284176617,113.0000000000,0.0117491361,113,1,2026-06-28 02:00:00
3419,9.3607118412,2017-02-16,2017-02-16 23:50:00,453383,1035.5864430166,60129.2000000000,9617.7284176617,113.0000000000,0.0117491361,113,1,2026-06-28 02:00:00
3418,9.3579739904,2017-02-17,2017-02-17 23:50:00,453533,1054.5323358232,60129.2000000000,9617.7284176617,113.0000000000,0.0117491361,113,1,2026-06-28 02:00:00
3417,9.3552361396,2017-02-18,2017-02-18 23:50:00,453683,1061.9505209874,60129.2000000000,9617.7284176617,113.0000000000,0.0117491361,113,1,2026-06-28 02:00:00
3416,9.3524982888,2017-02-19,2017-02-19 23:50:00,453818,1057.2512244091,60129.2000000000,9617.7284176617,113.0000000000,0.0117491361,113,1,2026-06-28 02:00:00
3415,9.3497604381,2017-02-20,2017-02-20 23:50:00,453968,1086.2696442808,60129.2000000000,9617.7284176617,113.0000000000,0.0117491361,113,1,2026-06-28 02:00:00
3414,9.3470225873,2017-02-21,2017-02-21 23:50:00,454105,1126.8589354030,60129.2000000000,9617.7284176617,113.0000000000,0.0117491361,113,1,2026-06-28 02:00:00
3413,9.3442847365,2017-02-22,2017-02-22 23:50:00,454243,1129.8504031737,60129.2000000000,9617.7284176617,113.0000000000,0.0117491361,113,1,2026-06-28 02:00:00
3412,9.3415468857,2017-02-23,2017-02-23 23:50:00,454394,1176.8521763203,60129.2000000000,9617.7284176617,113.0000000000,0.0117491361,113,1,2026-06-28 02:00:00
3411,9.3388090349,2017-02-24,2017-02-24 23:50:00,454556,1185.0389520725,60129.2000000000,9617.7284176617,113.0000000000,0.0117491361,113,1,2026-06-28 02:00:00
3410,9.3360711841,2017-02-25,2017-02-25 23:50:00,454721,1155.3930852456,60129.2000000000,9617.7284176617,113.0000000000,0.0117491361,113,1,2026-06-28 02:00:00
3409,9.3333333333,2017-02-26,2017-02-26 23:50:00,454902,1183.8062908634,60129.2000000000,9617.7284176617,113.0000000000,0.0117491361,113,1,2026-06-28 02:00:00
3408,9.3305954825,2017-02-27,2017-02-27 23:50:00,455045,1194.8283747514,60129.2000000000,9617.7284176617,113.0000000000,0.0117491361,113,1,2026-06-28 02:00:00
3407,9.3278576318,2017-02-28,2017-02-28 23:50:00,455198,1195.8369020168,60129.2000000000,9617.7284176617,113.0000000000,0.0117491361,113,1,2026-06-28 02:00:00
3406,9.3251197810,2017-03-01,2017-03-01 23:50:00,455343,1228.5614421186,60129.2000000000,10431.4750702811,112.0000000000,0.0107367366,112,1,2026-06-28 02:00:00
3405,9.3223819302,2017-03-02,2017-03-02 23:50:00,455500,1265.8578469159,60129.2000000000,10431.4750702811,112.0000000000,0.0107367366,112,1,2026-06-28 02:00:00
3404,9.3196440794,2017-03-03,2017-03-03 23:50:00,455650,1291.5770036361,60129.2000000000,10431.4750702811,112.0000000000,0.0107367366,112,1,2026-06-28 02:00:00
3403,9.3169062286,2017-03-04,2017-03-04 23:50:00,455780,1267.3528520011,60129.2000000000,10431.4750702811,112.0000000000,0.0107367366,112,1,2026-06-28 02:00:00
3402,9.3141683778,2017-03-05,2017-03-05 23:50:00,455930,1277.5105061242,60129.2000000000,10431.4750702811,112.0000000000,0.0107367366,112,1,2026-06-28 02:00:00
3401,9.3114305270,2017-03-06,2017-03-06 23:50:00,456072,1283.6842084601,60129.2000000000,10431.4750702811,112.0000000000,0.0107367366,112,1,2026-06-28 02:00:00
3400,9.3086926762,2017-03-07,2017-03-07 23:50:00,456224,1236.2938477595,60129.2000000000,10431.4750702811,112.0000000000,0.0107367366,112,1,2026-06-28 02:00:00
3399,9.3059548255,2017-03-08,2017-03-08 23:50:00,456367,1150.0236036838,60129.2000000000,10431.4750702811,112.0000000000,0.0107367366,112,1,2026-06-28 02:00:00
3398,9.3032169747,2017-03-09,2017-03-09 23:50:00,456515,1195.1541699692,60129.2000000000,10431.4750702811,112.0000000000,0.0107367366,112,1,2026-06-28 02:00:00
3397,9.3004791239,2017-03-10,2017-03-10 23:50:00,456669,1112.0866738419,60129.2000000000,10431.4750702811,112.0000000000,0.0107367366,112,1,2026-06-28 02:00:00
3396,9.2977412731,2017-03-11,2017-03-11 23:50:00,456818,1185.3058442201,60129.2000000000,10431.4750702811,112.0000000000,0.0107367366,112,1,2026-06-28 02:00:00
3395,9.2950034223,2017-03-12,2017-03-12 23:50:00,456972,1235.7711375342,60129.2000000000,10431.4750702811,112.0000000000,0.0107367366,112,1,2026-06-28 02:00:00
3394,9.2922655715,2017-03-13,2017-03-13 23:50:00,457119,1244.5663616591,60129.2000000000,10431.4750702811,112.0000000000,0.0107367366,112,1,2026-06-28 02:00:00
3393,9.2895277207,2017-03-14,2017-03-14 23:50:00,457275,1247.7630042829,60129.2000000000,10431.4750702811,112.0000000000,0.0107367366,112,1,2026-06-28 02:00:00
3392,9.2867898700,2017-03-15,2017-03-15 23:50:00,457418,1262.4206240552,60129.2000000000,10431.4750702811,112.0000000000,0.0107367366,112,1,2026-06-28 02:00:00
3391,9.2840520192,2017-03-16,2017-03-16 23:50:00,457570,1176.9608841733,60129.2000000000,10431.4750702811,112.0000000000,0.0107367366,112,1,2026-06-28 02:00:00
3390,9.2813141684,2017-03-17,2017-03-17 23:50:00,457724,1075.7232574299,60129.2000000000,10431.4750702811,112.0000000000,0.0107367366,112,1,2026-06-28 02:00:00
3389,9.2785763176,2017-03-18,2017-03-18 23:50:00,457881,968.1089976756,60129.2000000000,10431.4750702811,112.0000000000,0.0107367366,112,1,2026-06-28 02:00:00
3388,9.2758384668,2017-03-19,2017-03-19 23:50:00,458045,1018.3045586602,60129.2000000000,10431.4750702811,112.0000000000,0.0107367366,112,1,2026-06-28 02:00:00
3387,9.2731006160,2017-03-20,2017-03-20 23:50:00,458181,1043.6578375929,60129.2000000000,10431.4750702811,112.0000000000,0.0107367366,112,1,2026-06-28 02:00:00
3386,9.2703627652,2017-03-21,2017-03-21 23:50:00,458324,1113.6685965088,60129.2000000000,10431.4750702811,112.0000000000,0.0107367366,112,1,2026-06-28 02:00:00
3385,9.2676249144,2017-03-22,2017-03-22 23:50:00,458483,1037.2465846063,60129.2000000000,10431.4750702811,112.0000000000,0.0107367366,112,1,2026-06-28 02:00:00
3384,9.2648870637,2017-03-23,2017-03-23 23:50:00,458631,1027.2830294733,60129.2000000000,10431.4750702811,112.0000000000,0.0107367366,112,1,2026-06-28 02:00:00
3383,9.2621492129,2017-03-24,2017-03-24 23:50:00,458807,933.1697539478,60129.2000000000,10431.4750702811,112.0000000000,0.0107367366,112,1,2026-06-28 02:00:00
3382,9.2594113621,2017-03-25,2017-03-25 23:50:00,458941,961.3879462046,60129.2000000000,10431.4750702811,112.0000000000,0.0107367366,112,1,2026-06-28 02:00:00
3381,9.2566735113,2017-03-26,2017-03-26 23:50:00,459105,969.0173124004,60129.2000000000,10431.4750702811,112.0000000000,0.0107367366,112,1,2026-06-28 02:00:00
3380,9.2539356605,2017-03-27,2017-03-27 23:50:00,459238,1041.3102894201,60129.2000000000,10431.4750702811,112.0000000000,0.0107367366,112,1,2026-06-28 02:00:00
3379,9.2511978097,2017-03-28,2017-03-28 23:50:00,459393,1045.4750146765,60129.2000000000,10431.4750702811,112.0000000000,0.0107367366,112,1,2026-06-28 02:00:00
3378,9.2484599589,2017-03-29,2017-03-29 23:50:00,459530,1040.4428183684,60129.2000000000,10431.4750702811,112.0000000000,0.0107367366,112,1,2026-06-28 02:00:00
3377,9.2457221081,2017-03-30,2017-03-30 23:50:00,459696,1037.7534053277,60129.2000000000,10431.4750702811,112.0000000000,0.0107367366,112,1,2026-06-28 02:00:00
3376,9.2429842574,2017-03-31,2017-03-31 23:50:00,459830,1082.7250423311,60129.2000000000,10431.4750702811,112.0000000000,0.0107367366,112,1,2026-06-28 02:00:00
3375,9.2402464066,2017-04-01,2017-04-01 23:50:00,459961,1090.4005316487,60129.2000000000,11186.3852062061,111.0000000000,0.0099227765,111,1,2026-06-28 02:00:00
3374,9.2375085558,2017-04-02,2017-04-02 23:50:00,460120,1099.0261334055,60129.2000000000,11186.3852062061,111.0000000000,0.0099227765,111,1,2026-06-28 02:00:00
3373,9.2347707050,2017-04-03,2017-04-03 23:50:00,460297,1151.1597494764,60129.2000000000,11186.3852062061,111.0000000000,0.0099227765,111,1,2026-06-28 02:00:00
3372,9.2320328542,2017-04-04,2017-04-04 23:50:00,460420,1143.0292032430,60129.2000000000,11186.3852062061,111.0000000000,0.0099227765,111,1,2026-06-28 02:00:00
3371,9.2292950034,2017-04-05,2017-04-05 23:50:00,460582,1133.0626233946,60129.2000000000,11186.3852062061,111.0000000000,0.0099227765,111,1,2026-06-28 02:00:00
3370,9.2265571526,2017-04-06,2017-04-06 23:50:00,460730,1193.1537715324,60129.2000000000,11186.3852062061,111.0000000000,0.0099227765,111,1,2026-06-28 02:00:00
3369,9.2238193018,2017-04-07,2017-04-07 23:50:00,460892,1193.3132640712,60129.2000000000,11186.3852062061,111.0000000000,0.0099227765,111,1,2026-06-28 02:00:00
3368,9.2210814511,2017-04-08,2017-04-08 23:50:00,461030,1183.8935053048,60129.2000000000,11186.3852062061,111.0000000000,0.0099227765,111,1,2026-06-28 02:00:00
3367,9.2183436003,2017-04-09,2017-04-09 23:50:00,461187,1209.3369012368,60129.2000000000,11186.3852062061,111.0000000000,0.0099227765,111,1,2026-06-28 02:00:00
3366,9.2156057495,2017-04-10,2017-04-10 23:50:00,461333,1209.8499838384,60129.2000000000,11186.3852062061,111.0000000000,0.0099227765,111,1,2026-06-28 02:00:00
3365,9.2128678987,2017-04-11,2017-04-11 23:50:00,461502,1221.5398742760,60129.2000000000,11186.3852062061,111.0000000000,0.0099227765,111,1,2026-06-28 02:00:00
3364,9.2101300479,2017-04-12,2017-04-12 23:50:00,461645,1214.4567978728,60129.2000000000,11186.3852062061,111.0000000000,0.0099227765,111,1,2026-06-28 02:00:00
3363,9.2073921971,2017-04-13,2017-04-13 23:50:00,461772,1174.8368508155,60129.2000000000,11186.3852062061,111.0000000000,0.0099227765,111,1,2026-06-28 02:00:00
3362,9.2046543463,2017-04-14,2017-04-14 23:50:00,461910,1172.6691908070,60129.2000000000,11186.3852062061,111.0000000000,0.0099227765,111,1,2026-06-28 02:00:00
3361,9.2019164956,2017-04-15,2017-04-15 23:50:00,462061,1177.7152670936,60129.2000000000,11186.3852062061,111.0000000000,0.0099227765,111,1,2026-06-28 02:00:00
3360,9.1991786448,2017-04-16,2017-04-16 23:50:00,462207,1164.9733826019,60129.2000000000,11186.3852062061,111.0000000000,0.0099227765,111,1,2026-06-28 02:00:00
3359,9.1964407940,2017-04-17,2017-04-17 23:50:00,462345,1189.5375772550,60129.2000000000,11186.3852062061,111.0000000000,0.0099227765,111,1,2026-06-28 02:00:00
3358,9.1937029432,2017-04-18,2017-04-18 23:50:00,462489,1201.7158482752,60129.2000000000,11186.3852062061,111.0000000000,0.0099227765,111,1,2026-06-28 02:00:00
3357,9.1909650924,2017-04-19,2017-04-19 23:50:00,462634,1210.4839232126,60129.2000000000,11186.3852062061,111.0000000000,0.0099227765,111,1,2026-06-28 02:00:00
3356,9.1882272416,2017-04-20,2017-04-20 23:50:00,462772,1235.6649373071,60129.2000000000,11186.3852062061,111.0000000000,0.0099227765,111,1,2026-06-28 02:00:00
3355,9.1854893908,2017-04-21,2017-04-21 23:50:00,462938,1249.0561225724,60129.2000000000,11186.3852062061,111.0000000000,0.0099227765,111,1,2026-06-28 02:00:00
3354,9.1827515400,2017-04-22,2017-04-22 23:50:00,463083,1241.8951760429,60129.2000000000,11186.3852062061,111.0000000000,0.0099227765,111,1,2026-06-28 02:00:00
3353,9.1800136893,2017-04-23,2017-04-23 23:50:00,463236,1250.3472418375,60129.2000000000,11186.3852062061,111.0000000000,0.0099227765,111,1,2026-06-28 02:00:00
3352,9.1772758385,2017-04-24,2017-04-24 23:50:00,463360,1256.5417001687,60129.2000000000,11186.3852062061,111.0000000000,0.0099227765,111,1,2026-06-28 02:00:00
3351,9.1745379877,2017-04-25,2017-04-25 23:50:00,463508,1278.6417664638,60129.2000000000,11186.3852062061,111.0000000000,0.0099227765,111,1,2026-06-28 02:00:00
3350,9.1718001369,2017-04-26,2017-04-26 23:50:00,463660,1294.6780496550,60129.2000000000,11186.3852062061,111.0000000000,0.0099227765,111,1,2026-06-28 02:00:00
3349,9.1690622861,2017-04-27,2017-04-27 23:50:00,463808,1346.6851056144,60129.2000000000,11186.3852062061,111.0000000000,0.0099227765,111,1,2026-06-28 02:00:00
3348,9.1663244353,2017-04-28,2017-04-28 23:50:00,463943,1350.4576499293,60129.2000000000,11186.3852062061,111.0000000000,0.0099227765,111,1,2026-06-28 02:00:00
3347,9.1635865845,2017-04-29,2017-04-29 23:50:00,464118,1354.4069470018,60129.2000000000,11186.3852062061,111.0000000000,0.0099227765,111,1,2026-06-28 02:00:00
3346,9.1608487337,2017-04-30,2017-04-30 23:50:00,464267,1383.0539029624,60129.2000000000,11186.3852062061,111.0000000000,0.0099227765,111,1,2026-06-28 02:00:00
3345,9.1581108830,2017-05-01,2017-05-01 23:50:00,464419,1425.2481458295,60129.2000000000,12214.5104130639,110.0000000000,0.0090056823,110,1,2026-06-28 02:00:00
3344,9.1553730322,2017-05-02,2017-05-02 23:50:00,464577,1465.5810426562,60129.2000000000,12214.5104130639,110.0000000000,0.0090056823,110,1,2026-06-28 02:00:00
3343,9.1526351814,2017-05-03,2017-05-03 23:50:00,464707,1526.4207056111,60129.2000000000,12214.5104130639,110.0000000000,0.0090056823,110,1,2026-06-28 02:00:00
3342,9.1498973306,2017-05-04,2017-05-04 23:50:00,464876,1554.0068489204,60129.2000000000,12214.5104130639,110.0000000000,0.0090056823,110,1,2026-06-28 02:00:00
3341,9.1471594798,2017-05-05,2017-05-05 23:50:00,465004,1526.2278035910,60129.2000000000,12214.5104130639,110.0000000000,0.0090056823,110,1,2026-06-28 02:00:00
3340,9.1444216290,2017-05-06,2017-05-06 23:50:00,465174,1584.9514134546,60129.2000000000,12214.5104130639,110.0000000000,0.0090056823,110,1,2026-06-28 02:00:00
3339,9.1416837782,2017-05-07,2017-05-07 23:50:00,465339,1597.2058531776,60129.2000000000,12214.5104130639,110.0000000000,0.0090056823,110,1,2026-06-28 02:00:00
3338,9.1389459274,2017-05-08,2017-05-08 23:50:00,465521,1701.8770462876,60129.2000000000,12214.5104130639,110.0000000000,0.0090056823,110,1,2026-06-28 02:00:00
3337,9.1362080767,2017-05-09,2017-05-09 23:50:00,465675,1719.5961033260,60129.2000000000,12214.5104130639,110.0000000000,0.0090056823,110,1,2026-06-28 02:00:00
3336,9.1334702259,2017-05-10,2017-05-10 23:50:00,465824,1791.2692326529,60129.2000000000,12214.5104130639,110.0000000000,0.0090056823,110,1,2026-06-28 02:00:00
3335,9.1307323751,2017-05-11,2017-05-11 23:50:00,465958,1834.8367578989,60129.2000000000,12214.5104130639,110.0000000000,0.0090056823,110,1,2026-06-28 02:00:00
3334,9.1279945243,2017-05-12,2017-05-12 23:50:00,466112,1694.4671103687,60129.2000000000,12214.5104130639,110.0000000000,0.0090056823,110,1,2026-06-28 02:00:00
3333,9.1252566735,2017-05-13,2017-05-13 23:50:00,466269,1787.7256658652,60129.2000000000,12214.5104130639,110.0000000000,0.0090056823,110,1,2026-06-28 02:00:00
3332,9.1225188227,2017-05-14,2017-05-14 23:50:00,466435,1796.7730922387,60129.2000000000,12214.5104130639,110.0000000000,0.0090056823,110,1,2026-06-28 02:00:00
3331,9.1197809719,2017-05-15,2017-05-15 23:50:00,466602,1724.7694873501,60129.2000000000,12214.5104130639,110.0000000000,0.0090056823,110,1,2026-06-28 02:00:00
3330,9.1170431211,2017-05-16,2017-05-16 23:50:00,466737,1738.6013027844,60129.2000000000,12214.5104130639,110.0000000000,0.0090056823,110,1,2026-06-28 02:00:00
3329,9.1143052704,2017-05-17,2017-05-17 23:50:00,466891,1803.9774846923,60129.2000000000,12214.5104130639,110.0000000000,0.0090056823,110,1,2026-06-28 02:00:00
3328,9.1115674196,2017-05-18,2017-05-18 23:50:00,467034,1891.2189190792,60129.2000000000,12214.5104130639,110.0000000000,0.0090056823,110,1,2026-06-28 02:00:00
3327,9.1088295688,2017-05-19,2017-05-19 23:50:00,467196,1966.1600061196,60129.2000000000,12214.5104130639,110.0000000000,0.0090056823,110,1,2026-06-28 02:00:00
3326,9.1060917180,2017-05-20,2017-05-20 23:50:00,467361,2052.9757275294,60129.2000000000,12214.5104130639,110.0000000000,0.0090056823,110,1,2026-06-28 02:00:00
3325,9.1033538672,2017-05-21,2017-05-21 23:50:00,467510,2052.5502115696,60129.2000000000,12214.5104130639,110.0000000000,0.0090056823,110,1,2026-06-28 02:00:00
3324,9.1006160164,2017-05-22,2017-05-22 23:50:00,467656,2114.3483953569,60129.2000000000,12214.5104130639,110.0000000000,0.0090056823,110,1,2026-06-28 02:00:00
3323,9.0978781656,2017-05-23,2017-05-23 23:50:00,467822,2268.0560178414,60129.2000000000,12214.5104130639,110.0000000000,0.0090056823,110,1,2026-06-28 02:00:00
3322,9.0951403149,2017-05-24,2017-05-24 23:50:00,467978,2431.1791752125,60129.2000000000,12214.5104130639,110.0000000000,0.0090056823,110,1,2026-06-28 02:00:00
3321,9.0924024641,2017-05-25,2017-05-25 23:50:00,468140,2331.3462280805,60129.2000000000,12214.5104130639,110.0000000000,0.0090056823,110,1,2026-06-28 02:00:00
3320,9.0896646133,2017-05-26,2017-05-26 23:50:00,468294,2272.1649053409,60129.2000000000,12214.5104130639,110.0000000000,0.0090056823,110,1,2026-06-28 02:00:00
3319,9.0869267625,2017-05-27,2017-05-27 23:50:00,468457,2078.6323751461,60129.2000000000,12214.5104130639,110.0000000000,0.0090056823,110,1,2026-06-28 02:00:00
3318,9.0841889117,2017-05-28,2017-05-28 23:50:00,468625,2225.4645712728,60129.2000000000,12214.5104130639,110.0000000000,0.0090056823,110,1,2026-06-28 02:00:00
3317,9.0814510609,2017-05-29,2017-05-29 23:50:00,468776,2286.2068610013,60129.2000000000,12214.5104130639,110.0000000000,0.0090056823,110,1,2026-06-28 02:00:00
3316,9.0787132101,2017-05-30,2017-05-30 23:50:00,468956,2185.1005053472,60129.2000000000,12214.5104130639,110.0000000000,0.0090056823,110,1,2026-06-28 02:00:00
3315,9.0759753593,2017-05-31,2017-05-31 23:50:00,469120,2298.2209745872,60129.2000000000,12214.5104130639,110.0000000000,0.0090056823,110,1,2026-06-28 02:00:00
3314,9.0732375086,2017-06-01,2017-06-01 23:50:00,469290,2417.9412739112,60129.2000000000,13126.1250844314,109.0000000000,0.0083040501,109,1,2026-06-28 02:00:00
3313,9.0704996578,2017-06-02,2017-06-02 23:50:00,469437,2479.5616565385,60129.2000000000,13126.1250844314,109.0000000000,0.0083040501,109,1,2026-06-28 02:00:00
3312,9.0677618070,2017-06-03,2017-06-03 23:50:00,469629,2543.8723274892,60129.2000000000,13126.1250844314,109.0000000000,0.0083040501,109,1,2026-06-28 02:00:00
3311,9.0650239562,2017-06-04,2017-06-04 23:50:00,469789,2521.8458675831,60129.2000000000,13126.1250844314,109.0000000000,0.0083040501,109,1,2026-06-28 02:00:00
3310,9.0622861054,2017-06-05,2017-06-05 23:50:00,469954,2695.0334189788,60129.2000000000,13126.1250844314,109.0000000000,0.0083040501,109,1,2026-06-28 02:00:00
3309,9.0595482546,2017-06-06,2017-06-06 23:50:00,470104,2873.7969374932,60129.2000000000,13126.1250844314,109.0000000000,0.0083040501,109,1,2026-06-28 02:00:00
3308,9.0568104038,2017-06-07,2017-06-07 23:50:00,470267,2701.4140898845,60129.2000000000,13126.1250844314,109.0000000000,0.0083040501,109,1,2026-06-28 02:00:00
3307,9.0540725530,2017-06-08,2017-06-08 23:50:00,470434,2803.2970167930,60129.2000000000,13126.1250844314,109.0000000000,0.0083040501,109,1,2026-06-28 02:00:00
3306,9.0513347023,2017-06-09,2017-06-09 23:50:00,470583,2810.2941602111,60129.2000000000,13126.1250844314,109.0000000000,0.0083040501,109,1,2026-06-28 02:00:00
3305,9.0485968515,2017-06-10,2017-06-10 23:50:00,470726,2919.9279707867,60129.2000000000,13126.1250844314,109.0000000000,0.0083040501,109,1,2026-06-28 02:00:00
3304,9.0458590007,2017-06-11,2017-06-11 23:50:00,470873,2991.4426584000,60129.2000000000,13126.1250844314,109.0000000000,0.0083040501,109,1,2026-06-28 02:00:00
3303,9.0431211499,2017-06-12,2017-06-12 23:50:00,471020,2656.1781794939,60129.2000000000,13126.1250844314,109.0000000000,0.0083040501,109,1,2026-06-28 02:00:00
3302,9.0403832991,2017-06-13,2017-06-13 23:50:00,471160,2707.2075876858,60129.2000000000,13126.1250844314,109.0000000000,0.0083040501,109,1,2026-06-28 02:00:00
3301,9.0376454483,2017-06-14,2017-06-14 23:50:00,471300,2443.7740726358,60129.2000000000,13126.1250844314,109.0000000000,0.0083040501,109,1,2026-06-28 02:00:00
3300,9.0349075975,2017-06-15,2017-06-15 23:50:00,471453,2415.0926209398,60129.2000000000,13126.1250844314,109.0000000000,0.0083040501,109,1,2026-06-28 02:00:00
3299,9.0321697467,2017-06-16,2017-06-16 23:50:00,471601,2485.2215784160,60129.2000000000,13126.1250844314,109.0000000000,0.0083040501,109,1,2026-06-28 02:00:00
3298,9.0294318960,2017-06-17,2017-06-17 23:50:00,471747,2644.3694299812,60129.2000000000,13126.1250844314,109.0000000000,0.0083040501,109,1,2026-06-28 02:00:00
3297,9.0266940452,2017-06-18,2017-06-18 23:50:00,471889,2512.4288220863,60129.2000000000,13126.1250844314,109.0000000000,0.0083040501,109,1,2026-06-28 02:00:00
3296,9.0239561944,2017-06-19,2017-06-19 23:50:00,472041,2595.0475545493,60129.2000000000,13126.1250844314,109.0000000000,0.0083040501,109,1,2026-06-28 02:00:00
3295,9.0212183436,2017-06-20,2017-06-20 23:50:00,472180,2734.9342331113,60129.2000000000,13126.1250844314,109.0000000000,0.0083040501,109,1,2026-06-28 02:00:00
3294,9.0184804928,2017-06-21,2017-06-21 23:50:00,472318,2653.5361530836,60129.2000000000,13126.1250844314,109.0000000000,0.0083040501,109,1,2026-06-28 02:00:00
3293,9.0157426420,2017-06-22,2017-06-22 23:50:00,472458,2693.6777403844,60129.2000000000,13126.1250844314,109.0000000000,0.0083040501,109,1,2026-06-28 02:00:00
3292,9.0130047912,2017-06-23,2017-06-23 23:50:00,472620,2687.6564249824,60129.2000000000,13126.1250844314,109.0000000000,0.0083040501,109,1,2026-06-28 02:00:00
3291,9.0102669405,2017-06-24,2017-06-24 23:50:00,472764,2568.5925241151,60129.2000000000,13126.1250844314,109.0000000000,0.0083040501,109,1,2026-06-28 02:00:00
3290,9.0075290897,2017-06-25,2017-06-25 23:50:00,472886,2501.1788695913,60129.2000000000,13126.1250844314,109.0000000000,0.0083040501,109,1,2026-06-28 02:00:00
3289,9.0047912389,2017-06-26,2017-06-26 23:50:00,473028,2419.8281336490,60129.2000000000,13126.1250844314,109.0000000000,0.0083040501,109,1,2026-06-28 02:00:00
3288,9.0020533881,2017-06-27,2017-06-27 23:50:00,473160,2565.9955752034,60129.2000000000,13126.1250844314,109.0000000000,0.0083040501,109,1,2026-06-28 02:00:00
3287,8.9993155373,2017-06-28,2017-06-28 23:50:00,473317,2554.2217718277,60129.2000000000,13126.1250844314,109.0000000000,0.0083040501,109,1,2026-06-28 02:00:00
3286,8.9965776865,2017-06-29,2017-06-29 23:50:00,473436,2537.4077103018,60129.2000000000,13126.1250844314,109.0000000000,0.0083040501,109,1,2026-06-28 02:00:00
3285,8.9938398357,2017-06-30,2017-06-30 23:50:00,473590,2460.9232820756,60129.2000000000,13126.1250844314,109.0000000000,0.0083040501,109,1,2026-06-28 02:00:00
3284,8.9911019849,2017-07-01,2017-07-01 23:50:00,473756,2420.5394650155,60129.2000000000,13687.3887328628,108.0000000000,0.0078904751,108,1,2026-06-28 02:00:00
3283,8.9883641342,2017-07-02,2017-07-02 23:50:00,473944,2508.7110635949,60129.2000000000,13687.3887328628,108.0000000000,0.0078904751,108,1,2026-06-28 02:00:00
3282,8.9856262834,2017-07-03,2017-07-03 23:50:00,474113,2543.5205570258,60129.2000000000,13687.3887328628,108.0000000000,0.0078904751,108,1,2026-06-28 02:00:00
3281,8.9828884326,2017-07-04,2017-07-04 23:50:00,474267,2603.9755135205,60129.2000000000,13687.3887328628,108.0000000000,0.0078904751,108,1,2026-06-28 02:00:00
3280,8.9801505818,2017-07-05,2017-07-05 23:50:00,474415,2611.9076336688,60129.2000000000,13687.3887328628,108.0000000000,0.0078904751,108,1,2026-06-28 02:00:00
3279,8.9774127310,2017-07-06,2017-07-06 23:50:00,474558,2601.1915674692,60129.2000000000,13687.3887328628,108.0000000000,0.0078904751,108,1,2026-06-28 02:00:00
3278,8.9746748802,2017-07-07,2017-07-07 23:50:00,474706,2500.6068002547,60129.2000000000,13687.3887328628,108.0000000000,0.0078904751,108,1,2026-06-28 02:00:00
3277,8.9719370294,2017-07-08,2017-07-08 23:50:00,474871,2559.2909885064,60129.2000000000,13687.3887328628,108.0000000000,0.0078904751,108,1,2026-06-28 02:00:00
3276,8.9691991786,2017-07-09,2017-07-09 23:50:00,475008,2505.7193673833,60129.2000000000,13687.3887328628,108.0000000000,0.0078904751,108,1,2026-06-28 02:00:00
3275,8.9664613279,2017-07-10,2017-07-10 23:50:00,475205,2337.6926899975,60129.2000000000,13687.3887328628,108.0000000000,0.0078904751,108,1,2026-06-28 02:00:00
3274,8.9637234771,2017-07-11,2017-07-11 23:50:00,475379,2308.5349031275,60129.2000000000,13687.3887328628,108.0000000000,0.0078904751,108,1,2026-06-28 02:00:00
3273,8.9609856263,2017-07-12,2017-07-12 23:50:00,475556,2386.6789346826,60129.2000000000,13687.3887328628,108.0000000000,0.0078904751,108,1,2026-06-28 02:00:00
3272,8.9582477755,2017-07-13,2017-07-13 23:50:00,475712,2338.8345995324,60129.2000000000,13687.3887328628,108.0000000000,0.0078904751,108,1,2026-06-28 02:00:00
3271,8.9555099247,2017-07-14,2017-07-14 23:50:00,475850,2218.0683995737,60129.2000000000,13687.3887328628,108.0000000000,0.0078904751,108,1,2026-06-28 02:00:00
3270,8.9527720739,2017-07-15,2017-07-15 23:50:00,475979,1970.0224148276,60129.2000000000,13687.3887328628,108.0000000000,0.0078904751,108,1,2026-06-28 02:00:00
3269,8.9500342231,2017-07-16,2017-07-16 23:50:00,476142,1914.3158613562,60129.2000000000,13687.3887328628,108.0000000000,0.0078904751,108,1,2026-06-28 02:00:00
3268,8.9472963723,2017-07-17,2017-07-17 23:50:00,476289,2226.8543703792,60129.2000000000,13687.3887328628,108.0000000000,0.0078904751,108,1,2026-06-28 02:00:00
3267,8.9445585216,2017-07-18,2017-07-18 23:50:00,476452,2304.6771777961,60129.2000000000,13687.3887328628,108.0000000000,0.0078904751,108,1,2026-06-28 02:00:00
3266,8.9418206708,2017-07-19,2017-07-19 23:50:00,476603,2262.4342019700,60129.2000000000,13687.3887328628,108.0000000000,0.0078904751,108,1,2026-06-28 02:00:00
3265,8.9390828200,2017-07-20,2017-07-20 23:50:00,476765,2836.4441013378,60129.2000000000,13687.3887328628,108.0000000000,0.0078904751,108,1,2026-06-28 02:00:00
3264,8.9363449692,2017-07-21,2017-07-21 23:50:00,476919,2667.7990925158,60129.2000000000,13687.3887328628,108.0000000000,0.0078904751,108,1,2026-06-28 02:00:00
3263,8.9336071184,2017-07-22,2017-07-22 23:50:00,477078,2828.2888439324,60129.2000000000,13687.3887328628,108.0000000000,0.0078904751,108,1,2026-06-28 02:00:00
3262,8.9308692676,2017-07-23,2017-07-23 23:50:00,477252,2756.3507669668,60129.2000000000,13687.3887328628,108.0000000000,0.0078904751,108,1,2026-06-28 02:00:00
3261,8.9281314168,2017-07-24,2017-07-24 23:50:00,477429,2761.0032926496,60129.2000000000,13687.3887328628,108.0000000000,0.0078904751,108,1,2026-06-28 02:00:00
3260,8.9253935661,2017-07-25,2017-07-25 23:50:00,477578,2562.1887893065,60129.2000000000,13687.3887328628,108.0000000000,0.0078904751,108,1,2026-06-28 02:00:00
3259,8.9226557153,2017-07-26,2017-07-26 23:50:00,477724,2524.0042104313,60129.2000000000,13687.3887328628,108.0000000000,0.0078904751,108,1,2026-06-28 02:00:00
3258,8.9199178645,2017-07-27,2017-07-27 23:50:00,477879,2662.3277360997,60129.2000000000,13687.3887328628,108.0000000000,0.0078904751,108,1,2026-06-28 02:00:00
3257,8.9171800137,2017-07-28,2017-07-28 23:50:00,478027,2784.9319075271,60129.2000000000,13687.3887328628,108.0000000000,0.0078904751,108,1,2026-06-28 02:00:00
3256,8.9144421629,2017-07-29,2017-07-29 23:50:00,478184,2699.3367794540,60129.2000000000,13687.3887328628,108.0000000000,0.0078904751,108,1,2026-06-28 02:00:00
3255,8.9117043121,2017-07-30,2017-07-30 23:50:00,478333,2733.6980518700,60129.2000000000,13687.3887328628,108.0000000000,0.0078904751,108,1,2026-06-28 02:00:00
3254,8.9089664613,2017-07-31,2017-07-31 23:50:00,478476,2861.3551172835,60129.2000000000,13687.3887328628,108.0000000000,0.0078904751,108,1,2026-06-28 02:00:00
3253,8.9062286105,2017-08-01,2017-08-01 23:50:00,478627,2731.1154904957,60129.2000000000,14309.8938875567,107.0000000000,0.0074773441,107,1,2026-06-28 02:00:00
3252,8.9034907598,2017-08-02,2017-08-02 23:50:00,478778,2700.9520190592,60129.2000000000,14309.8938875567,107.0000000000,0.0074773441,107,1,2026-06-28 02:00:00
3251,8.9007529090,2017-08-03,2017-08-03 23:50:00,478917,2787.8641269540,60129.2000000000,14309.8938875567,107.0000000000,0.0074773441,107,1,2026-06-28 02:00:00
3250,8.8980150582,2017-08-04,2017-08-04 23:50:00,479096,2855.5448136861,60129.2000000000,14309.8938875567,107.0000000000,0.0074773441,107,1,2026-06-28 02:00:00
3249,8.8952772074,2017-08-05,2017-08-05 23:50:00,479272,3246.8898576917,60129.2000000000,14309.8938875567,107.0000000000,0.0074773441,107,1,2026-06-28 02:00:00
3248,8.8925393566,2017-08-06,2017-08-06 23:50:00,479413,3219.1355141814,60129.2000000000,14309.8938875567,107.0000000000,0.0074773441,107,1,2026-06-28 02:00:00
3247,8.8898015058,2017-08-07,2017-08-07 23:50:00,479566,3394.1250519662,60129.2000000000,14309.8938875567,107.0000000000,0.0074773441,107,1,2026-06-28 02:00:00
3246,8.8870636550,2017-08-08,2017-08-08 23:50:00,479727,3418.0657164880,60129.2000000000,14309.8938875567,107.0000000000,0.0074773441,107,1,2026-06-28 02:00:00
3245,8.8843258042,2017-08-09,2017-08-09 23:50:00,479867,3341.9317359190,60129.2000000000,14309.8938875567,107.0000000000,0.0074773441,107,1,2026-06-28 02:00:00
3244,8.8815879535,2017-08-10,2017-08-10 23:50:00,480000,3432.1805546018,60129.2000000000,14309.8938875567,107.0000000000,0.0074773441,107,1,2026-06-28 02:00:00
3243,8.8788501027,2017-08-11,2017-08-11 23:50:00,480145,3651.9521595541,60129.2000000000,14309.8938875567,107.0000000000,0.0074773441,107,1,2026-06-28 02:00:00
3242,8.8761122519,2017-08-12,2017-08-12 23:50:00,480278,3873.8402776600,60129.2000000000,14309.8938875567,107.0000000000,0.0074773441,107,1,2026-06-28 02:00:00
3241,8.8733744011,2017-08-13,2017-08-13 23:50:00,480428,4055.4301082173,60129.2000000000,14309.8938875567,107.0000000000,0.0074773441,107,1,2026-06-28 02:00:00
3240,8.8706365503,2017-08-14,2017-08-14 23:50:00,480557,4321.7408780016,60129.2000000000,14309.8938875567,107.0000000000,0.0074773441,107,1,2026-06-28 02:00:00
3239,8.8678986995,2017-08-15,2017-08-15 23:50:00,480709,4158.3690493076,60129.2000000000,14309.8938875567,107.0000000000,0.0074773441,107,1,2026-06-28 02:00:00
3238,8.8651608487,2017-08-16,2017-08-16 23:50:00,480839,4371.8985716925,60129.2000000000,14309.8938875567,107.0000000000,0.0074773441,107,1,2026-06-28 02:00:00
3237,8.8624229979,2017-08-17,2017-08-17 23:50:00,481018,4278.8745651421,60129.2000000000,14309.8938875567,107.0000000000,0.0074773441,107,1,2026-06-28 02:00:00
3236,8.8596851472,2017-08-18,2017-08-18 23:50:00,481167,4103.3081866659,60129.2000000000,14309.8938875567,107.0000000000,0.0074773441,107,1,2026-06-28 02:00:00
3235,8.8569472964,2017-08-19,2017-08-19 23:50:00,481319,4136.0284975203,60129.2000000000,14309.8938875567,107.0000000000,0.0074773441,107,1,2026-06-28 02:00:00
3234,8.8542094456,2017-08-20,2017-08-20 23:50:00,481450,4047.5907074207,60129.2000000000,14309.8938875567,107.0000000000,0.0074773441,107,1,2026-06-28 02:00:00
3233,8.8514715948,2017-08-21,2017-08-21 23:50:00,481565,3993.4967661136,60129.2000000000,14309.8938875567,107.0000000000,0.0074773441,107,1,2026-06-28 02:00:00
3232,8.8487337440,2017-08-22,2017-08-22 23:50:00,481651,4089.1926880986,60129.2000000000,14309.8938875567,107.0000000000,0.0074773441,107,1,2026-06-28 02:00:00
3231,8.8459958932,2017-08-23,2017-08-23 23:50:00,481810,4128.2094362766,60129.2000000000,14309.8938875567,107.0000000000,0.0074773441,107,1,2026-06-28 02:00:00
3230,8.8432580424,2017-08-24,2017-08-24 23:50:00,481913,4309.7432335987,60129.2000000000,14309.8938875567,107.0000000000,0.0074773441,107,1,2026-06-28 02:00:00
3229,8.8405201916,2017-08-25,2017-08-25 23:50:00,482015,4357.5045802342,60129.2000000000,14309.8938875567,107.0000000000,0.0074773441,107,1,2026-06-28 02:00:00
3228,8.8377823409,2017-08-26,2017-08-26 23:50:00,482120,4339.1853262605,60129.2000000000,14309.8938875567,107.0000000000,0.0074773441,107,1,2026-06-28 02:00:00
3227,8.8350444901,2017-08-27,2017-08-27 23:50:00,482273,4343.6146576495,60129.2000000000,14309.8938875567,107.0000000000,0.0074773441,107,1,2026-06-28 02:00:00
3226,8.8323066393,2017-08-28,2017-08-28 23:50:00,482404,4384.6480486381,60129.2000000000,14309.8938875567,107.0000000000,0.0074773441,107,1,2026-06-28 02:00:00
3225,8.8295687885,2017-08-29,2017-08-29 23:50:00,482551,4591.9730647879,60129.2000000000,14309.8938875567,107.0000000000,0.0074773441,107,1,2026-06-28 02:00:00
3224,8.8268309377,2017-08-30,2017-08-30 23:50:00,482721,4578.2580410056,60129.2000000000,14309.8938875567,107.0000000000,0.0074773441,107,1,2026-06-28 02:00:00
3223,8.8240930869,2017-08-31,2017-08-31 23:50:00,482884,4739.8219096100,60129.2000000000,14309.8938875567,107.0000000000,0.0074773441,107,1,2026-06-28 02:00:00
3222,8.8213552361,2017-09-01,2017-09-01 23:50:00,483056,4930.9139634297,60129.2000000000,14906.0777174545,106.0000000000,0.0071111933,106,1,2026-06-28 02:00:00
3221,8.8186173854,2017-09-02,2017-09-02 23:50:00,483222,4635.5493670042,60129.2000000000,14906.0777174545,106.0000000000,0.0071111933,106,1,2026-06-28 02:00:00
3220,8.8158795346,2017-09-03,2017-09-03 23:50:00,483376,4624.0041288362,60129.2000000000,14906.0777174545,106.0000000000,0.0071111933,106,1,2026-06-28 02:00:00
3219,8.8131416838,2017-09-04,2017-09-04 23:50:00,483550,4340.7473055612,60129.2000000000,14906.0777174545,106.0000000000,0.0071111933,106,1,2026-06-28 02:00:00
3218,8.8104038330,2017-09-05,2017-09-05 23:50:00,483747,4426.6604145629,60129.2000000000,14906.0777174545,106.0000000000,0.0071111933,106,1,2026-06-28 02:00:00
3217,8.8076659822,2017-09-06,2017-09-06 23:50:00,483908,4610.8066027410,60129.2000000000,14906.0777174545,106.0000000000,0.0071111933,106,1,2026-06-28 02:00:00
3216,8.8049281314,2017-09-07,2017-09-07 23:50:00,484085,4621.9928164711,60129.2000000000,14906.0777174545,106.0000000000,0.0071111933,106,1,2026-06-28 02:00:00
3215,8.8021902806,2017-09-08,2017-09-08 23:50:00,484260,4341.4884613413,60129.2000000000,14906.0777174545,106.0000000000,0.0071111933,106,1,2026-06-28 02:00:00
3214,8.7994524298,2017-09-09,2017-09-09 23:50:00,484428,4330.5837584308,60129.2000000000,14906.0777174545,106.0000000000,0.0071111933,106,1,2026-06-28 02:00:00
3213,8.7967145791,2017-09-10,2017-09-10 23:50:00,484567,4250.0880372511,60129.2000000000,14906.0777174545,106.0000000000,0.0071111933,106,1,2026-06-28 02:00:00
3212,8.7939767283,2017-09-11,2017-09-11 23:50:00,484739,4207.5136117071,60129.2000000000,14906.0777174545,106.0000000000,0.0071111933,106,1,2026-06-28 02:00:00
3211,8.7912388775,2017-09-12,2017-09-12 23:50:00,484929,4157.6631770084,60129.2000000000,14906.0777174545,106.0000000000,0.0071111933,106,1,2026-06-28 02:00:00
3210,8.7885010267,2017-09-13,2017-09-13 23:50:00,485119,3867.7915092908,60129.2000000000,14906.0777174545,106.0000000000,0.0071111933,106,1,2026-06-28 02:00:00
3209,8.7857631759,2017-09-14,2017-09-14 23:50:00,485294,3240.8962881220,60129.2000000000,14906.0777174545,106.0000000000,0.0071111933,106,1,2026-06-28 02:00:00
3208,8.7830253251,2017-09-15,2017-09-15 23:50:00,485472,3710.9858608872,60129.2000000000,14906.0777174545,106.0000000000,0.0071111933,106,1,2026-06-28 02:00:00
3207,8.7802874743,2017-09-16,2017-09-16 23:50:00,485641,3711.8661641714,60129.2000000000,14906.0777174545,106.0000000000,0.0071111933,106,1,2026-06-28 02:00:00
3206,8.7775496235,2017-09-17,2017-09-17 23:50:00,485817,3703.3124561892,60129.2000000000,14906.0777174545,106.0000000000,0.0071111933,106,1,2026-06-28 02:00:00
3205,8.7748117728,2017-09-18,2017-09-18 23:50:00,485946,4094.5549208672,60129.2000000000,14906.0777174545,106.0000000000,0.0071111933,106,1,2026-06-28 02:00:00
3204,8.7720739220,2017-09-19,2017-09-19 23:50:00,486102,3911.1000329190,60129.2000000000,14906.0777174545,106.0000000000,0.0071111933,106,1,2026-06-28 02:00:00
3203,8.7693360712,2017-09-20,2017-09-20 23:50:00,486219,3869.9896605977,60129.2000000000,14906.0777174545,106.0000000000,0.0071111933,106,1,2026-06-28 02:00:00
3202,8.7665982204,2017-09-21,2017-09-21 23:50:00,486394,3617.6710605707,60129.2000000000,14906.0777174545,106.0000000000,0.0071111933,106,1,2026-06-28 02:00:00
3201,8.7638603696,2017-09-22,2017-09-22 23:50:00,486533,3615.9131536079,60129.2000000000,14906.0777174545,106.0000000000,0.0071111933,106,1,2026-06-28 02:00:00
3200,8.7611225188,2017-09-23,2017-09-23 23:50:00,486698,3782.0205495432,60129.2000000000,14906.0777174545,106.0000000000,0.0071111933,106,1,2026-06-28 02:00:00
3199,8.7583846680,2017-09-24,2017-09-24 23:50:00,486844,3668.2651341464,60129.2000000000,14906.0777174545,106.0000000000,0.0071111933,106,1,2026-06-28 02:00:00
3198,8.7556468172,2017-09-25,2017-09-25 23:50:00,486970,3918.8906674191,60129.2000000000,14906.0777174545,106.0000000000,0.0071111933,106,1,2026-06-28 02:00:00
3197,8.7529089665,2017-09-26,2017-09-26 23:50:00,487106,3886.1024756670,60129.2000000000,14906.0777174545,106.0000000000,0.0071111933,106,1,2026-06-28 02:00:00
3196,8.7501711157,2017-09-27,2017-09-27 23:50:00,487255,4199.9683304293,60129.2000000000,14906.0777174545,106.0000000000,0.0071111933,106,1,2026-06-28 02:00:00
3195,8.7474332649,2017-09-28,2017-09-28 23:50:00,487432,4187.5762458963,60129.2000000000,14906.0777174545,106.0000000000,0.0071111933,106,1,2026-06-28 02:00:00
3194,8.7446954141,2017-09-29,2017-09-29 23:50:00,487601,4156.6599836784,60129.2000000000,14906.0777174545,106.0000000000,0.0071111933,106,1,2026-06-28 02:00:00
3193,8.7419575633,2017-09-30,2017-09-30 23:50:00,487739,4335.4670096900,60129.2000000000,14906.0777174545,106.0000000000,0.0071111933,106,1,2026-06-28 02:00:00
3192,8.7392197125,2017-10-01,2017-10-01 23:50:00,487869,4382.8122842536,60129.2000000000,15198.9078003526,105.0000000000,0.0069083911,105,1,2026-06-28 02:00:00
3191,8.7364818617,2017-10-02,2017-10-02 23:50:00,488017,4391.7505603951,60129.2000000000,15198.9078003526,105.0000000000,0.0069083911,105,1,2026-06-28 02:00:00
3190,8.7337440110,2017-10-03,2017-10-03 23:50:00,488202,4311.3560516755,60129.2000000000,15198.9078003526,105.0000000000,0.0069083911,105,1,2026-06-28 02:00:00
3189,8.7310061602,2017-10-04,2017-10-04 23:50:00,488334,4215.1823335366,60129.2000000000,15198.9078003526,105.0000000000,0.0069083911,105,1,2026-06-28 02:00:00
3188,8.7282683094,2017-10-05,2017-10-05 23:50:00,488460,4317.5286219966,60129.2000000000,15198.9078003526,105.0000000000,0.0069083911,105,1,2026-06-28 02:00:00
3187,8.7255304586,2017-10-06,2017-10-06 23:50:00,488618,4362.9807726376,60129.2000000000,15198.9078003526,105.0000000000,0.0069083911,105,1,2026-06-28 02:00:00
3186,8.7227926078,2017-10-07,2017-10-07 23:50:00,488776,4427.3494829669,60129.2000000000,15198.9078003526,105.0000000000,0.0069083911,105,1,2026-06-28 02:00:00
3185,8.7200547570,2017-10-08,2017-10-08 23:50:00,488960,4599.5847725205,60129.2000000000,15198.9078003526,105.0000000000,0.0069083911,105,1,2026-06-28 02:00:00
3184,8.7173169062,2017-10-09,2017-10-09 23:50:00,489118,4770.7588124619,60129.2000000000,15198.9078003526,105.0000000000,0.0069083911,105,1,2026-06-28 02:00:00
3183,8.7145790554,2017-10-10,2017-10-10 23:50:00,489281,4742.2045860623,60129.2000000000,15198.9078003526,105.0000000000,0.0069083911,105,1,2026-06-28 02:00:00
3182,8.7118412047,2017-10-11,2017-10-11 23:50:00,489420,4817.0760012420,60129.2000000000,15198.9078003526,105.0000000000,0.0069083911,105,1,2026-06-28 02:00:00
3181,8.7091033539,2017-10-12,2017-10-12 23:50:00,489572,5421.2564743439,60129.2000000000,15198.9078003526,105.0000000000,0.0069083911,105,1,2026-06-28 02:00:00
3180,8.7063655031,2017-10-13,2017-10-13 23:50:00,489708,5622.4015373109,60129.2000000000,15198.9078003526,105.0000000000,0.0069083911,105,1,2026-06-28 02:00:00
3179,8.7036276523,2017-10-14,2017-10-14 23:50:00,489849,5806.2748379104,60129.2000000000,15198.9078003526,105.0000000000,0.0069083911,105,1,2026-06-28 02:00:00
3178,8.7008898015,2017-10-15,2017-10-15 23:50:00,490043,5690.4433120437,60129.2000000000,15198.9078003526,105.0000000000,0.0069083911,105,1,2026-06-28 02:00:00
3177,8.6981519507,2017-10-16,2017-10-16 23:50:00,490217,5751.4012953187,60129.2000000000,15198.9078003526,105.0000000000,0.0069083911,105,1,2026-06-28 02:00:00
3176,8.6954140999,2017-10-17,2017-10-17 23:50:00,490382,5593.7603909677,60129.2000000000,15198.9078003526,105.0000000000,0.0069083911,105,1,2026-06-28 02:00:00
3175,8.6926762491,2017-10-18,2017-10-18 23:50:00,490534,5574.3071803420,60129.2000000000,15198.9078003526,105.0000000000,0.0069083911,105,1,2026-06-28 02:00:00
3174,8.6899383984,2017-10-19,2017-10-19 23:50:00,490710,5700.8191829727,60129.2000000000,15198.9078003526,105.0000000000,0.0069083911,105,1,2026-06-28 02:00:00
3173,8.6872005476,2017-10-20,2017-10-20 23:50:00,490890,5997.4467640761,60129.2000000000,15198.9078003526,105.0000000000,0.0069083911,105,1,2026-06-28 02:00:00
3172,8.6844626968,2017-10-21,2017-10-21 23:50:00,491041,6015.7235550075,60129.2000000000,15198.9078003526,105.0000000000,0.0069083911,105,1,2026-06-28 02:00:00
3171,8.6817248460,2017-10-22,2017-10-22 23:50:00,491225,5998.8322636531,60129.2000000000,15198.9078003526,105.0000000000,0.0069083911,105,1,2026-06-28 02:00:00
3170,8.6789869952,2017-10-23,2017-10-23 23:50:00,491396,5889.6720580493,60129.2000000000,15198.9078003526,105.0000000000,0.0069083911,105,1,2026-06-28 02:00:00
3169,8.6762491444,2017-10-24,2017-10-24 23:50:00,491562,5518.7662129819,60129.2000000000,15198.9078003526,105.0000000000,0.0069083911,105,1,2026-06-28 02:00:00
3168,8.6735112936,2017-10-25,2017-10-25 23:50:00,491747,5744.7936868948,60129.2000000000,15198.9078003526,105.0000000000,0.0069083911,105,1,2026-06-28 02:00:00
3167,8.6707734428,2017-10-26,2017-10-26 23:50:00,491929,5890.7143073772,60129.2000000000,15198.9078003526,105.0000000000,0.0069083911,105,1,2026-06-28 02:00:00
3166,8.6680355921,2017-10-27,2017-10-27 23:50:00,492032,5778.7009833010,60129.2000000000,15198.9078003526,105.0000000000,0.0069083911,105,1,2026-06-28 02:00:00
3165,8.6652977413,2017-10-28,2017-10-28 23:50:00,492117,5752.9443033250,60129.2000000000,15198.9078003526,105.0000000000,0.0069083911,105,1,2026-06-28 02:00:00
3164,8.6625598905,2017-10-29,2017-10-29 23:50:00,492272,6150.6172754481,60129.2000000000,15198.9078003526,105.0000000000,0.0069083911,105,1,2026-06-28 02:00:00
3163,8.6598220397,2017-10-30,2017-10-30 23:50:00,492419,6122.6880259418,60129.2000000000,15198.9078003526,105.0000000000,0.0069083911,105,1,2026-06-28 02:00:00
3162,8.6570841889,2017-10-31,2017-10-31 23:50:00,492555,6441.3050298222,60129.2000000000,15198.9078003526,105.0000000000,0.0069083911,105,1,2026-06-28 02:00:00
3161,8.6543463381,2017-11-01,2017-11-01 23:50:00,492713,6764.7607007710,60129.2000000000,15568.3329128738,104.0000000000,0.0066802271,104,1,2026-06-28 02:00:00
3160,8.6516084873,2017-11-02,2017-11-02 23:50:00,492863,7032.2521439295,60129.2000000000,15568.3329128738,104.0000000000,0.0066802271,104,1,2026-06-28 02:00:00
3159,8.6488706366,2017-11-03,2017-11-03 23:50:00,492982,7188.6736621927,60129.2000000000,15568.3329128738,104.0000000000,0.0066802271,104,1,2026-06-28 02:00:00
3158,8.6461327858,2017-11-04,2017-11-04 23:50:00,493112,7391.4995208813,60129.2000000000,15568.3329128738,104.0000000000,0.0066802271,104,1,2026-06-28 02:00:00
3157,8.6433949350,2017-11-05,2017-11-05 23:50:00,493251,7390.6623454448,60129.2000000000,15568.3329128738,104.0000000000,0.0066802271,104,1,2026-06-28 02:00:00
3156,8.6406570842,2017-11-06,2017-11-06 23:50:00,493386,6960.1621482044,60129.2000000000,15568.3329128738,104.0000000000,0.0066802271,104,1,2026-06-28 02:00:00
3155,8.6379192334,2017-11-07,2017-11-07 23:50:00,493542,7123.9976989686,60129.2000000000,15568.3329128738,104.0000000000,0.0066802271,104,1,2026-06-28 02:00:00
3154,8.6351813826,2017-11-08,2017-11-08 23:50:00,493685,7469.0098696658,60129.2000000000,15568.3329128738,104.0000000000,0.0066802271,104,1,2026-06-28 02:00:00
3153,8.6324435318,2017-11-09,2017-11-09 23:50:00,493838,7135.4213010083,60129.2000000000,15568.3329128738,104.0000000000,0.0066802271,104,1,2026-06-28 02:00:00
3152,8.6297056810,2017-11-10,2017-11-10 23:50:00,493959,6591.1286753660,60129.2000000000,15568.3329128738,104.0000000000,0.0066802271,104,1,2026-06-28 02:00:00
3151,8.6269678303,2017-11-11,2017-11-11 23:50:00,494039,6361.5873312493,60129.2000000000,15568.3329128738,104.0000000000,0.0066802271,104,1,2026-06-28 02:00:00
3150,8.6242299795,2017-11-12,2017-11-12 23:50:00,494119,5909.6447898412,60129.2000000000,15568.3329128738,104.0000000000,0.0066802271,104,1,2026-06-28 02:00:00
3149,8.6214921287,2017-11-13,2017-11-13 23:50:00,494258,6525.6369662477,60129.2000000000,15568.3329128738,104.0000000000,0.0066802271,104,1,2026-06-28 02:00:00
3148,8.6187542779,2017-11-14,2017-11-14 23:50:00,494387,6595.5484387382,60129.2000000000,15568.3329128738,104.0000000000,0.0066802271,104,1,2026-06-28 02:00:00
3147,8.6160164271,2017-11-15,2017-11-15 23:50:00,494538,7282.0687389374,60129.2000000000,15568.3329128738,104.0000000000,0.0066802271,104,1,2026-06-28 02:00:00
3146,8.6132785763,2017-11-16,2017-11-16 23:50:00,494691,7845.3219799649,60129.2000000000,15568.3329128738,104.0000000000,0.0066802271,104,1,2026-06-28 02:00:00
3145,8.6105407255,2017-11-17,2017-11-17 23:50:00,494857,7691.5208803062,60129.2000000000,15568.3329128738,104.0000000000,0.0066802271,104,1,2026-06-28 02:00:00
3144,8.6078028747,2017-11-18,2017-11-18 23:50:00,494994,7780.4865522992,60129.2000000000,15568.3329128738,104.0000000000,0.0066802271,104,1,2026-06-28 02:00:00
3143,8.6050650240,2017-11-19,2017-11-19 23:50:00,495154,8033.5533555865,60129.2000000000,15568.3329128738,104.0000000000,0.0066802271,104,1,2026-06-28 02:00:00
3142,8.6023271732,2017-11-20,2017-11-20 23:50:00,495328,8255.8673531853,60129.2000000000,15568.3329128738,104.0000000000,0.0066802271,104,1,2026-06-28 02:00:00
3141,8.5995893224,2017-11-21,2017-11-21 23:50:00,495502,8096.8604318605,60129.2000000000,15568.3329128738,104.0000000000,0.0066802271,104,1,2026-06-28 02:00:00
3140,8.5968514716,2017-11-22,2017-11-22 23:50:00,495647,8244.9695366723,60129.2000000000,15568.3329128738,104.0000000000,0.0066802271,104,1,2026-06-28 02:00:00
3139,8.5941136208,2017-11-23,2017-11-23 23:50:00,495807,8035.8938488716,60129.2000000000,15568.3329128738,104.0000000000,0.0066802271,104,1,2026-06-28 02:00:00
3138,8.5913757700,2017-11-24,2017-11-24 23:50:00,495956,8215.4579030888,60129.2000000000,15568.3329128738,104.0000000000,0.0066802271,104,1,2026-06-28 02:00:00
3137,8.5886379192,2017-11-25,2017-11-25 23:50:00,496111,8771.8632065703,60129.2000000000,15568.3329128738,104.0000000000,0.0066802271,104,1,2026-06-28 02:00:00
3136,8.5859000684,2017-11-26,2017-11-26 23:50:00,496263,9349.1199304853,60129.2000000000,15568.3329128738,104.0000000000,0.0066802271,104,1,2026-06-28 02:00:00
3135,8.5831622177,2017-11-27,2017-11-27 23:50:00,496434,9754.4497188342,60129.2000000000,15568.3329128738,104.0000000000,0.0066802271,104,1,2026-06-28 02:00:00
3134,8.5804243669,2017-11-28,2017-11-28 23:50:00,496590,9926.7119318878,60129.2000000000,15568.3329128738,104.0000000000,0.0066802271,104,1,2026-06-28 02:00:00
3133,8.5776865161,2017-11-29,2017-11-29 23:50:00,496762,9863.7957133663,60129.2000000000,15568.3329128738,104.0000000000,0.0066802271,104,1,2026-06-28 02:00:00
3132,8.5749486653,2017-11-30,2017-11-30 23:50:00,496931,9953.8232555045,60129.2000000000,15568.3329128738,104.0000000000,0.0066802271,104,1,2026-06-28 02:00:00
3131,8.5722108145,2017-12-01,2017-12-01 23:50:00,497111,10862.8696926667,60129.2000000000,15767.5532052069,103.0000000000,0.0065324022,103,1,2026-06-28 02:00:00
3130,8.5694729637,2017-12-02,2017-12-02 23:50:00,497274,10923.7412301263,60129.2000000000,15767.5532052069,103.0000000000,0.0065324022,103,1,2026-06-28 02:00:00
3129,8.5667351129,2017-12-03,2017-12-03 23:50:00,497449,11285.9738172302,60129.2000000000,15767.5532052069,103.0000000000,0.0065324022,103,1,2026-06-28 02:00:00
3128,8.5639972621,2017-12-04,2017-12-04 23:50:00,497631,11625.1906745117,60129.2000000000,15767.5532052069,103.0000000000,0.0065324022,103,1,2026-06-28 02:00:00
3127,8.5612594114,2017-12-05,2017-12-05 23:50:00,497809,11703.7031175535,60129.2000000000,15767.5532052069,103.0000000000,0.0065324022,103,1,2026-06-28 02:00:00
3126,8.5585215606,2017-12-06,2017-12-06 23:50:00,497996,13919.9784305021,60129.2000000000,15767.5532052069,103.0000000000,0.0065324022,103,1,2026-06-28 02:00:00
3125,8.5557837098,2017-12-07,2017-12-07 23:50:00,498147,17144.1105617705,60129.2000000000,15767.5532052069,103.0000000000,0.0065324022,103,1,2026-06-28 02:00:00
3124,8.5530458590,2017-12-08,2017-12-08 23:50:00,498305,16241.2541724968,60129.2000000000,15767.5532052069,103.0000000000,0.0065324022,103,1,2026-06-28 02:00:00
3123,8.5503080082,2017-12-09,2017-12-09 23:50:00,498479,15065.9111393024,60129.2000000000,15767.5532052069,103.0000000000,0.0065324022,103,1,2026-06-28 02:00:00
3122,8.5475701574,2017-12-10,2017-12-10 23:50:00,498643,15049.9021805681,60129.2000000000,15767.5532052069,103.0000000000,0.0065324022,103,1,2026-06-28 02:00:00
3121,8.5448323066,2017-12-11,2017-12-11 23:50:00,498812,16779.8391399303,60129.2000000000,15767.5532052069,103.0000000000,0.0065324022,103,1,2026-06-28 02:00:00
3120,8.5420944559,2017-12-12,2017-12-12 23:50:00,498971,17220.0599492300,60129.2000000000,15767.5532052069,103.0000000000,0.0065324022,103,1,2026-06-28 02:00:00
3119,8.5393566051,2017-12-13,2017-12-13 23:50:00,499156,16525.0947350353,60129.2000000000,15767.5532052069,103.0000000000,0.0065324022,103,1,2026-06-28 02:00:00
3118,8.5366187543,2017-12-14,2017-12-14 23:50:00,499342,16607.8827132690,60129.2000000000,15767.5532052069,103.0000000000,0.0065324022,103,1,2026-06-28 02:00:00
3117,8.5338809035,2017-12-15,2017-12-15 23:50:00,499510,17644.1918548274,60129.2000000000,15767.5532052069,103.0000000000,0.0065324022,103,1,2026-06-28 02:00:00
3116,8.5311430527,2017-12-16,2017-12-16 23:50:00,499682,19587.6137328711,60129.2000000000,15767.5532052069,103.0000000000,0.0065324022,103,1,2026-06-28 02:00:00
3115,8.5284052019,2017-12-17,2017-12-17 23:50:00,499867,19179.6689844765,60129.2000000000,15767.5532052069,103.0000000000,0.0065324022,103,1,2026-06-28 02:00:00
3114,8.5256673511,2017-12-18,2017-12-18 23:50:00,500048,19007.0093317691,60129.2000000000,15767.5532052069,103.0000000000,0.0065324022,103,1,2026-06-28 02:00:00
3113,8.5229295003,2017-12-19,2017-12-19 23:50:00,500189,17737.6603189445,60129.2000000000,15767.5532052069,103.0000000000,0.0065324022,103,1,2026-06-28 02:00:00
3112,8.5201916496,2017-12-20,2017-12-20 23:50:00,500325,16456.2284240584,60129.2000000000,15767.5532052069,103.0000000000,0.0065324022,103,1,2026-06-28 02:00:00
3111,8.5174537988,2017-12-21,2017-12-21 23:50:00,500456,15651.9466103934,60129.2000000000,15767.5532052069,103.0000000000,0.0065324022,103,1,2026-06-28 02:00:00
3110,8.5147159480,2017-12-22,2017-12-22 23:50:00,500611,14140.9901934735,60129.2000000000,15767.5532052069,103.0000000000,0.0065324022,103,1,2026-06-28 02:00:00
3109,8.5119780972,2017-12-23,2017-12-23 23:50:00,500749,14800.6959575694,60129.2000000000,15767.5532052069,103.0000000000,0.0065324022,103,1,2026-06-28 02:00:00
3108,8.5092402464,2017-12-24,2017-12-24 23:50:00,500903,14170.8777917799,60129.2000000000,15767.5532052069,103.0000000000,0.0065324022,103,1,2026-06-28 02:00:00
3107,8.5065023956,2017-12-25,2017-12-25 23:50:00,501037,14073.4036707208,60129.2000000000,15767.5532052069,103.0000000000,0.0065324022,103,1,2026-06-28 02:00:00
3106,8.5037645448,2017-12-26,2017-12-26 23:50:00,501180,15761.3169697730,60129.2000000000,15767.5532052069,103.0000000000,0.0065324022,103,1,2026-06-28 02:00:00
3105,8.5010266940,2017-12-27,2017-12-27 23:50:00,501336,15382.4960605053,60129.2000000000,15767.5532052069,103.0000000000,0.0065324022,103,1,2026-06-28 02:00:00
3104,8.4982888433,2017-12-28,2017-12-28 23:50:00,501485,14456.9688747131,60129.2000000000,15767.5532052069,103.0000000000,0.0065324022,103,1,2026-06-28 02:00:00
3103,8.4955509925,2017-12-29,2017-12-29 23:50:00,501650,14487.2233182562,60129.2000000000,15767.5532052069,103.0000000000,0.0065324022,103,1,2026-06-28 02:00:00
3102,8.4928131417,2017-12-30,2017-12-30 23:50:00,501794,12743.8168862644,60129.2000000000,15767.5532052069,103.0000000000,0.0065324022,103,1,2026-06-28 02:00:00
3101,8.4900752909,2017-12-31,2017-12-31 23:50:00,501960,13896.6330974021,60129.2000000000,15767.5532052069,103.0000000000,0.0065324022,103,1,2026-06-28 02:00:00
3100,8.4873374401,2018-01-01,2018-01-01 23:50:00,502115,13436.4011349653,60129.2000000000,15837.6595379289,102.0000000000,0.0064403455,102,1,2026-06-28 02:00:00
3099,8.4845995893,2018-01-02,2018-01-02 23:50:00,502285,14732.4533557963,60129.2000000000,15837.6595379289,102.0000000000,0.0064403455,102,1,2026-06-28 02:00:00
3098,8.4818617385,2018-01-03,2018-01-03 23:50:00,502443,15068.4868529477,60129.2000000000,15837.6595379289,102.0000000000,0.0064403455,102,1,2026-06-28 02:00:00
3097,8.4791238877,2018-01-04,2018-01-04 23:50:00,502609,15150.0443934424,60129.2000000000,15837.6595379289,102.0000000000,0.0064403455,102,1,2026-06-28 02:00:00
3096,8.4763860370,2018-01-05,2018-01-05 23:50:00,502754,16929.9935842188,60129.2000000000,15837.6595379289,102.0000000000,0.0064403455,102,1,2026-06-28 02:00:00
3095,8.4736481862,2018-01-06,2018-01-06 23:50:00,502922,17094.0758082781,60129.2000000000,15837.6595379289,102.0000000000,0.0064403455,102,1,2026-06-28 02:00:00
3094,8.4709103354,2018-01-07,2018-01-07 23:50:00,503084,16162.8132779126,60129.2000000000,15837.6595379289,102.0000000000,0.0064403455,102,1,2026-06-28 02:00:00
3093,8.4681724846,2018-01-08,2018-01-08 23:50:00,503250,14998.2501270315,60129.2000000000,15837.6595379289,102.0000000000,0.0064403455,102,1,2026-06-28 02:00:00
3092,8.4654346338,2018-01-09,2018-01-09 23:50:00,503414,14415.4660292176,60129.2000000000,15837.6595379289,102.0000000000,0.0064403455,102,1,2026-06-28 02:00:00
3091,8.4626967830,2018-01-10,2018-01-10 23:50:00,503580,14850.2836846479,60129.2000000000,15837.6595379289,102.0000000000,0.0064403455,102,1,2026-06-28 02:00:00
3090,8.4599589322,2018-01-11,2018-01-11 23:50:00,503773,13310.7766238752,60129.2000000000,15837.6595379289,102.0000000000,0.0064403455,102,1,2026-06-28 02:00:00
3089,8.4572210815,2018-01-12,2018-01-12 23:50:00,503950,13797.8222793959,60129.2000000000,15837.6595379289,102.0000000000,0.0064403455,102,1,2026-06-28 02:00:00
3088,8.4544832307,2018-01-13,2018-01-13 23:50:00,504100,14218.5180089983,60129.2000000000,15837.6595379289,102.0000000000,0.0064403455,102,1,2026-06-28 02:00:00
3087,8.4517453799,2018-01-14,2018-01-14 23:50:00,504256,13655.2421810491,60129.2000000000,15837.6595379289,102.0000000000,0.0064403455,102,1,2026-06-28 02:00:00
3086,8.4490075291,2018-01-15,2018-01-15 23:50:00,504406,13574.7977354383,60129.2000000000,15837.6595379289,102.0000000000,0.0064403455,102,1,2026-06-28 02:00:00
3085,8.4462696783,2018-01-16,2018-01-16 23:50:00,504564,11467.3809782847,60129.2000000000,15837.6595379289,102.0000000000,0.0064403455,102,1,2026-06-28 02:00:00
3084,8.4435318275,2018-01-17,2018-01-17 23:50:00,504731,11136.8087350582,60129.2000000000,15837.6595379289,102.0000000000,0.0064403455,102,1,2026-06-28 02:00:00
3083,8.4407939767,2018-01-18,2018-01-18 23:50:00,504905,11289.2109114092,60129.2000000000,15837.6595379289,102.0000000000,0.0064403455,102,1,2026-06-28 02:00:00
3082,8.4380561259,2018-01-19,2018-01-19 23:50:00,505067,11511.0983547336,60129.2000000000,15837.6595379289,102.0000000000,0.0064403455,102,1,2026-06-28 02:00:00
3081,8.4353182752,2018-01-20,2018-01-20 23:50:00,505247,12763.7794623906,60129.2000000000,15837.6595379289,102.0000000000,0.0064403455,102,1,2026-06-28 02:00:00
3080,8.4325804244,2018-01-21,2018-01-21 23:50:00,505434,11455.5263964957,60129.2000000000,15837.6595379289,102.0000000000,0.0064403455,102,1,2026-06-28 02:00:00
3079,8.4298425736,2018-01-22,2018-01-22 23:50:00,505602,10781.2688813604,60129.2000000000,15837.6595379289,102.0000000000,0.0064403455,102,1,2026-06-28 02:00:00
3078,8.4271047228,2018-01-23,2018-01-23 23:50:00,505777,10801.0831317507,60129.2000000000,15837.6595379289,102.0000000000,0.0064403455,102,1,2026-06-28 02:00:00
3077,8.4243668720,2018-01-24,2018-01-24 23:50:00,505954,11354.2290994051,60129.2000000000,15837.6595379289,102.0000000000,0.0064403455,102,1,2026-06-28 02:00:00
3076,8.4216290212,2018-01-25,2018-01-25 23:50:00,506113,11137.8786024598,60129.2000000000,15837.6595379289,102.0000000000,0.0064403455,102,1,2026-06-28 02:00:00
3075,8.4188911704,2018-01-26,2018-01-26 23:50:00,506266,11091.2165104278,60129.2000000000,15837.6595379289,102.0000000000,0.0064403455,102,1,2026-06-28 02:00:00
3074,8.4161533196,2018-01-27,2018-01-27 23:50:00,506425,11333.3978749912,60129.2000000000,15837.6595379289,102.0000000000,0.0064403455,102,1,2026-06-28 02:00:00
3073,8.4134154689,2018-01-28,2018-01-28 23:50:00,506581,11597.0801648611,60129.2000000000,15837.6595379289,102.0000000000,0.0064403455,102,1,2026-06-28 02:00:00
3072,8.4106776181,2018-01-29,2018-01-29 23:50:00,506729,11149.4312105262,60129.2000000000,15837.6595379289,102.0000000000,0.0064403455,102,1,2026-06-28 02:00:00
3071,8.4079397673,2018-01-30,2018-01-30 23:50:00,506896,9937.7263811606,60129.2000000000,15837.6595379289,102.0000000000,0.0064403455,102,1,2026-06-28 02:00:00
3070,8.4052019165,2018-01-31,2018-01-31 23:50:00,507015,10087.7241986694,60129.2000000000,15837.6595379289,102.0000000000,0.0064403455,102,1,2026-06-28 02:00:00
3069,8.4024640657,2018-02-01,2018-02-01 23:50:00,507174,9014.0262072414,60129.2000000000,15865.7329177842,101.0000000000,0.0063659209,101,1,2026-06-28 02:00:00
3068,8.3997262149,2018-02-02,2018-02-02 23:50:00,507340,8799.1219106177,60129.2000000000,15865.7329177842,101.0000000000,0.0063659209,101,1,2026-06-28 02:00:00
3067,8.3969883641,2018-02-03,2018-02-03 23:50:00,507501,9208.4599191646,60129.2000000000,15865.7329177842,101.0000000000,0.0063659209,101,1,2026-06-28 02:00:00
3066,8.3942505133,2018-02-04,2018-02-04 23:50:00,507676,8176.4606157584,60129.2000000000,15865.7329177842,101.0000000000,0.0063659209,101,1,2026-06-28 02:00:00
3065,8.3915126626,2018-02-05,2018-02-05 23:50:00,507864,6891.9344144169,60129.2000000000,15865.7329177842,101.0000000000,0.0063659209,101,1,2026-06-28 02:00:00
3064,8.3887748118,2018-02-06,2018-02-06 23:50:00,508034,7714.3920572328,60129.2000000000,15865.7329177842,101.0000000000,0.0063659209,101,1,2026-06-28 02:00:00
3063,8.3860369610,2018-02-07,2018-02-07 23:50:00,508173,7575.6111967020,60129.2000000000,15865.7329177842,101.0000000000,0.0063659209,101,1,2026-06-28 02:00:00
3062,8.3832991102,2018-02-08,2018-02-08 23:50:00,508306,8222.7536494557,60129.2000000000,15865.7329177842,101.0000000000,0.0063659209,101,1,2026-06-28 02:00:00
3061,8.3805612594,2018-02-09,2018-02-09 23:50:00,508440,8677.9105274525,60129.2000000000,15865.7329177842,101.0000000000,0.0063659209,101,1,2026-06-28 02:00:00
3060,8.3778234086,2018-02-10,2018-02-10 23:50:00,508583,8537.3932080680,60129.2000000000,15865.7329177842,101.0000000000,0.0063659209,101,1,2026-06-28 02:00:00
3059,8.3750855578,2018-02-11,2018-02-11 23:50:00,508735,8073.2936492177,60129.2000000000,15865.7329177842,101.0000000000,0.0063659209,101,1,2026-06-28 02:00:00
3058,8.3723477070,2018-02-12,2018-02-12 23:50:00,508899,8883.2563239916,60129.2000000000,15865.7329177842,101.0000000000,0.0063659209,101,1,2026-06-28 02:00:00
3057,8.3696098563,2018-02-13,2018-02-13 23:50:00,509065,8519.1861038131,60129.2000000000,15865.7329177842,101.0000000000,0.0063659209,101,1,2026-06-28 02:00:00
3056,8.3668720055,2018-02-14,2018-02-14 23:50:00,509239,9483.4579062164,60129.2000000000,15865.7329177842,101.0000000000,0.0063659209,101,1,2026-06-28 02:00:00
3055,8.3641341547,2018-02-15,2018-02-15 23:50:00,509372,10063.9019980228,60129.2000000000,15865.7329177842,101.0000000000,0.0063659209,101,1,2026-06-28 02:00:00
3054,8.3613963039,2018-02-16,2018-02-16 23:50:00,509532,10236.5000000000,60129.2000000000,15865.7329177842,101.0000000000,0.0063659209,101,1,2026-06-28 02:00:00
3053,8.3586584531,2018-02-17,2018-02-17 23:50:00,509679,11101.7000000000,60129.2000000000,15865.7329177842,101.0000000000,0.0063659209,101,1,2026-06-28 02:00:00
3052,8.3559206023,2018-02-18,2018-02-18 23:50:00,509843,10593.2000000000,60129.2000000000,15865.7329177842,101.0000000000,0.0063659209,101,1,2026-06-28 02:00:00
3051,8.3531827515,2018-02-19,2018-02-19 23:50:00,510003,11230.0000000000,60129.2000000000,15865.7329177842,101.0000000000,0.0063659209,101,1,2026-06-28 02:00:00
3050,8.3504449008,2018-02-20,2018-02-20 23:50:00,510146,11403.7000000000,60129.2000000000,15865.7329177842,101.0000000000,0.0063659209,101,1,2026-06-28 02:00:00
3049,8.3477070500,2018-02-21,2018-02-21 23:50:00,510314,10690.4000000000,60129.2000000000,15865.7329177842,101.0000000000,0.0063659209,101,1,2026-06-28 02:00:00
3048,8.3449691992,2018-02-22,2018-02-22 23:50:00,510464,10005.0000000000,60129.2000000000,15865.7329177842,101.0000000000,0.0063659209,101,1,2026-06-28 02:00:00
3047,8.3422313484,2018-02-23,2018-02-23 23:50:00,510612,10301.1000000000,60129.2000000000,15865.7329177842,101.0000000000,0.0063659209,101,1,2026-06-28 02:00:00
3046,8.3394934976,2018-02-24,2018-02-24 23:50:00,510754,9813.0700000000,60129.2000000000,15865.7329177842,101.0000000000,0.0063659209,101,1,2026-06-28 02:00:00
3045,8.3367556468,2018-02-25,2018-02-25 23:50:00,510926,9664.7300000000,60129.2000000000,15865.7329177842,101.0000000000,0.0063659209,101,1,2026-06-28 02:00:00
3044,8.3340177960,2018-02-26,2018-02-26 23:50:00,511069,10366.7000000000,60129.2000000000,15865.7329177842,101.0000000000,0.0063659209,101,1,2026-06-28 02:00:00
3043,8.3312799452,2018-02-27,2018-02-27 23:50:00,511228,10725.6000000000,60129.2000000000,15865.7329177842,101.0000000000,0.0063659209,101,1,2026-06-28 02:00:00
3042,8.3285420945,2018-02-28,2018-02-28 23:50:00,511383,10397.9000000000,60129.2000000000,15865.7329177842,101.0000000000,0.0063659209,101,1,2026-06-28 02:00:00
3041,8.3258042437,2018-03-01,2018-03-01 23:50:00,511548,10951.0000000000,60129.2000000000,15987.2546187825,100.0000000000,0.0062549826,100,1,2026-06-28 02:00:00
3040,8.3230663929,2018-03-02,2018-03-02 23:50:00,511703,11086.4000000000,60129.2000000000,15987.2546187825,100.0000000000,0.0062549826,100,1,2026-06-28 02:00:00
3039,8.3203285421,2018-03-03,2018-03-03 23:50:00,511885,11489.7000000000,60129.2000000000,15987.2546187825,100.0000000000,0.0062549826,100,1,2026-06-28 02:00:00
3038,8.3175906913,2018-03-04,2018-03-04 23:50:00,512031,11512.6000000000,60129.2000000000,15987.2546187825,100.0000000000,0.0062549826,100,1,2026-06-28 02:00:00
3037,8.3148528405,2018-03-05,2018-03-05 23:50:00,512180,11573.3000000000,60129.2000000000,15987.2546187825,100.0000000000,0.0062549826,100,1,2026-06-28 02:00:00
3036,8.3121149897,2018-03-06,2018-03-06 23:50:00,512335,10779.9000000000,60129.2000000000,15987.2546187825,100.0000000000,0.0062549826,100,1,2026-06-28 02:00:00
3035,8.3093771389,2018-03-07,2018-03-07 23:50:00,512494,9965.5700000000,60129.2000000000,15987.2546187825,100.0000000000,0.0062549826,100,1,2026-06-28 02:00:00
3034,8.3066392882,2018-03-08,2018-03-08 23:50:00,512654,9395.0100000000,60129.2000000000,15987.2546187825,100.0000000000,0.0062549826,100,1,2026-06-28 02:00:00
3033,8.3039014374,2018-03-09,2018-03-09 23:50:00,512803,9337.5500000000,60129.2000000000,15987.2546187825,100.0000000000,0.0062549826,100,1,2026-06-28 02:00:00
3032,8.3011635866,2018-03-10,2018-03-10 23:50:00,512943,8866.0000000000,60129.2000000000,15987.2546187825,100.0000000000,0.0062549826,100,1,2026-06-28 02:00:00
3031,8.2984257358,2018-03-11,2018-03-11 23:50:00,513094,9578.6300000000,60129.2000000000,15987.2546187825,100.0000000000,0.0062549826,100,1,2026-06-28 02:00:00
3030,8.2956878850,2018-03-12,2018-03-12 23:50:00,513257,9205.1200000000,60129.2000000000,15987.2546187825,100.0000000000,0.0062549826,100,1,2026-06-28 02:00:00
3029,8.2929500342,2018-03-13,2018-03-13 23:50:00,513415,9194.8500000000,60129.2000000000,15987.2546187825,100.0000000000,0.0062549826,100,1,2026-06-28 02:00:00
3028,8.2902121834,2018-03-14,2018-03-14 23:50:00,513558,8269.8100000000,60129.2000000000,15987.2546187825,100.0000000000,0.0062549826,100,1,2026-06-28 02:00:00
3027,8.2874743326,2018-03-15,2018-03-15 23:50:00,513701,8300.8600000000,60129.2000000000,15987.2546187825,100.0000000000,0.0062549826,100,1,2026-06-28 02:00:00
3026,8.2847364819,2018-03-16,2018-03-16 23:50:00,513859,8338.3500000000,60129.2000000000,15987.2546187825,100.0000000000,0.0062549826,100,1,2026-06-28 02:00:00
3025,8.2819986311,2018-03-17,2018-03-17 23:50:00,514005,7916.8800000000,60129.2000000000,15987.2546187825,100.0000000000,0.0062549826,100,1,2026-06-28 02:00:00
3024,8.2792607803,2018-03-18,2018-03-18 23:50:00,514156,8223.6800000000,60129.2000000000,15987.2546187825,100.0000000000,0.0062549826,100,1,2026-06-28 02:00:00
3023,8.2765229295,2018-03-19,2018-03-19 23:50:00,514314,8630.6500000000,60129.2000000000,15987.2546187825,100.0000000000,0.0062549826,100,1,2026-06-28 02:00:00
3022,8.2737850787,2018-03-20,2018-03-20 23:50:00,514440,8913.4700000000,60129.2000000000,15987.2546187825,100.0000000000,0.0062549826,100,1,2026-06-28 02:00:00
3021,8.2710472279,2018-03-21,2018-03-21 23:50:00,514591,8929.2800000000,60129.2000000000,15987.2546187825,100.0000000000,0.0062549826,100,1,2026-06-28 02:00:00
3020,8.2683093771,2018-03-22,2018-03-22 23:50:00,514734,8721.5700000000,60129.2000000000,15987.2546187825,100.0000000000,0.0062549826,100,1,2026-06-28 02:00:00
3019,8.2655715264,2018-03-23,2018-03-23 23:50:00,514868,8820.5400000000,60129.2000000000,15987.2546187825,100.0000000000,0.0062549826,100,1,2026-06-28 02:00:00
3018,8.2628336756,2018-03-24,2018-03-24 23:50:00,515024,8682.6200000000,60129.2000000000,15987.2546187825,100.0000000000,0.0062549826,100,1,2026-06-28 02:00:00
3017,8.2600958248,2018-03-25,2018-03-25 23:50:00,515160,8494.4400000000,60129.2000000000,15987.2546187825,100.0000000000,0.0062549826,100,1,2026-06-28 02:00:00
3016,8.2573579740,2018-03-26,2018-03-26 23:50:00,515308,8210.2200000000,60129.2000000000,15987.2546187825,100.0000000000,0.0062549826,100,1,2026-06-28 02:00:00
3015,8.2546201232,2018-03-27,2018-03-27 23:50:00,515460,7840.1600000000,60129.2000000000,15987.2546187825,100.0000000000,0.0062549826,100,1,2026-06-28 02:00:00
3014,8.2518822724,2018-03-28,2018-03-28 23:50:00,515597,7980.1200000000,60129.2000000000,15987.2546187825,100.0000000000,0.0062549826,100,1,2026-06-28 02:00:00
3013,8.2491444216,2018-03-29,2018-03-29 23:50:00,515749,7162.9600000000,60129.2000000000,15987.2546187825,100.0000000000,0.0062549826,100,1,2026-06-28 02:00:00
3012,8.2464065708,2018-03-30,2018-03-30 23:50:00,515911,6895.3000000000,60129.2000000000,15987.2546187825,100.0000000000,0.0062549826,100,1,2026-06-28 02:00:00
3011,8.2436687201,2018-03-31,2018-03-31 23:50:00,516039,6978.1800000000,60129.2000000000,15987.2546187825,100.0000000000,0.0062549826,100,1,2026-06-28 02:00:00
3010,8.2409308693,2018-04-01,2018-04-01 23:50:00,516200,6844.2300000000,60129.2000000000,16061.8676610805,99.0000000000,0.0061636668,99,1,2026-06-28 02:00:00
3009,8.2381930185,2018-04-02,2018-04-02 23:50:00,516357,7075.7200000000,60129.2000000000,16061.8676610805,99.0000000000,0.0061636668,99,1,2026-06-28 02:00:00
3008,8.2354551677,2018-04-03,2018-04-03 23:50:00,516517,7458.0400000000,60129.2000000000,16061.8676610805,99.0000000000,0.0061636668,99,1,2026-06-28 02:00:00
3007,8.2327173169,2018-04-04,2018-04-04 23:50:00,516666,6852.8000000000,60129.2000000000,16061.8676610805,99.0000000000,0.0061636668,99,1,2026-06-28 02:00:00
3006,8.2299794661,2018-04-05,2018-04-05 23:50:00,516822,6811.2900000000,60129.2000000000,16061.8676610805,99.0000000000,0.0061636668,99,1,2026-06-28 02:00:00
3005,8.2272416153,2018-04-06,2018-04-06 23:50:00,516959,6629.8700000000,60129.2000000000,16061.8676610805,99.0000000000,0.0061636668,99,1,2026-06-28 02:00:00
3004,8.2245037645,2018-04-07,2018-04-07 23:50:00,517140,6903.1600000000,60129.2000000000,16061.8676610805,99.0000000000,0.0061636668,99,1,2026-06-28 02:00:00
3003,8.2217659138,2018-04-08,2018-04-08 23:50:00,517302,7023.3800000000,60129.2000000000,16061.8676610805,99.0000000000,0.0061636668,99,1,2026-06-28 02:00:00
3002,8.2190280630,2018-04-09,2018-04-09 23:50:00,517447,6763.4500000000,60129.2000000000,16061.8676610805,99.0000000000,0.0061636668,99,1,2026-06-28 02:00:00
3001,8.2162902122,2018-04-10,2018-04-10 23:50:00,517612,6839.1000000000,60129.2000000000,16061.8676610805,99.0000000000,0.0061636668,99,1,2026-06-28 02:00:00
3000,8.2135523614,2018-04-11,2018-04-11 23:50:00,517772,6939.1800000000,60129.2000000000,16061.8676610805,99.0000000000,0.0061636668,99,1,2026-06-28 02:00:00
2999,8.2108145106,2018-04-12,2018-04-12 23:50:00,517928,7926.6005829596,60129.2000000000,16061.8676610805,99.0000000000,0.0061636668,99,1,2026-06-28 02:00:00
2998,8.2080766598,2018-04-13,2018-04-13 23:50:00,518093,7858.3203968254,60129.2000000000,16061.8676610805,99.0000000000,0.0061636668,99,1,2026-06-28 02:00:00
2997,8.2053388090,2018-04-14,2018-04-14 23:50:00,518230,7994.1627464789,60129.2000000000,16061.8676610805,99.0000000000,0.0061636668,99,1,2026-06-28 02:00:00
2996,8.2026009582,2018-04-15,2018-04-15 23:50:00,518389,8355.6354787234,60129.2000000000,16061.8676610805,99.0000000000,0.0061636668,99,1,2026-06-28 02:00:00
2995,8.1998631075,2018-04-16,2018-04-16 23:50:00,518531,8052.6800000000,60129.2000000000,16061.8676610805,99.0000000000,0.0061636668,99,1,2026-06-28 02:00:00
2994,8.1971252567,2018-04-17,2018-04-17 23:50:00,518696,7906.8100000000,60129.2000000000,16061.8676610805,99.0000000000,0.0061636668,99,1,2026-06-28 02:00:00
2993,8.1943874059,2018-04-18,2018-04-18 23:50:00,518854,8162.9900000000,60129.2000000000,16061.8676610805,99.0000000000,0.0061636668,99,1,2026-06-28 02:00:00
2992,8.1916495551,2018-04-19,2018-04-19 23:50:00,519033,8282.5500000000,60129.2000000000,16061.8676610805,99.0000000000,0.0061636668,99,1,2026-06-28 02:00:00
2991,8.1889117043,2018-04-20,2018-04-20 23:50:00,519169,8836.4600000000,60129.2000000000,16061.8676610805,99.0000000000,0.0061636668,99,1,2026-06-28 02:00:00
2990,8.1861738535,2018-04-21,2018-04-21 23:50:00,519330,8883.3600000000,60129.2000000000,16061.8676610805,99.0000000000,0.0061636668,99,1,2026-06-28 02:00:00
2989,8.1834360027,2018-04-22,2018-04-22 23:50:00,519489,8802.5300000000,60129.2000000000,16061.8676610805,99.0000000000,0.0061636668,99,1,2026-06-28 02:00:00
2988,8.1806981520,2018-04-23,2018-04-23 23:50:00,519642,8930.9100000000,60129.2000000000,16061.8676610805,99.0000000000,0.0061636668,99,1,2026-06-28 02:00:00
2987,8.1779603012,2018-04-24,2018-04-24 23:50:00,519802,9732.6100000000,60129.2000000000,16061.8676610805,99.0000000000,0.0061636668,99,1,2026-06-28 02:00:00
2986,8.1752224504,2018-04-25,2018-04-25 23:50:00,519925,8826.2800000000,60129.2000000000,16061.8676610805,99.0000000000,0.0061636668,99,1,2026-06-28 02:00:00
2985,8.1724845996,2018-04-26,2018-04-26 23:50:00,520066,9280.9200000000,60129.2000000000,16061.8676610805,99.0000000000,0.0061636668,99,1,2026-06-28 02:00:00
2984,8.1697467488,2018-04-27,2018-04-27 23:50:00,520207,9011.7800000000,60129.2000000000,16061.8676610805,99.0000000000,0.0061636668,99,1,2026-06-28 02:00:00
2983,8.1670088980,2018-04-28,2018-04-28 23:50:00,520334,9343.4200000000,60129.2000000000,16061.8676610805,99.0000000000,0.0061636668,99,1,2026-06-28 02:00:00
2982,8.1642710472,2018-04-29,2018-04-29 23:50:00,520493,9415.0900000000,60129.2000000000,16061.8676610805,99.0000000000,0.0061636668,99,1,2026-06-28 02:00:00
2981,8.1615331964,2018-04-30,2018-04-30 23:50:00,520649,9247.1900000000,60129.2000000000,16061.8676610805,99.0000000000,0.0061636668,99,1,2026-06-28 02:00:00
2980,8.1587953457,2018-05-01,2018-05-01 23:50:00,520803,9105.5300000000,60129.2000000000,16285.6752096656,98.0000000000,0.0060175583,98,1,2026-06-28 02:00:00
2979,8.1560574949,2018-05-02,2018-05-02 23:50:00,520946,9233.7200000000,60129.2000000000,16285.6752096656,98.0000000000,0.0060175583,98,1,2026-06-28 02:00:00
2978,8.1533196441,2018-05-03,2018-05-03 23:50:00,521097,9755.3100000000,60129.2000000000,16285.6752096656,98.0000000000,0.0060175583,98,1,2026-06-28 02:00:00
2977,8.1505817933,2018-05-04,2018-05-04 23:50:00,521236,9715.8200000000,60129.2000000000,16285.6752096656,98.0000000000,0.0060175583,98,1,2026-06-28 02:00:00
2976,8.1478439425,2018-05-05,2018-05-05 23:50:00,521395,9843.1300000000,60129.2000000000,16285.6752096656,98.0000000000,0.0060175583,98,1,2026-06-28 02:00:00
2975,8.1451060917,2018-05-06,2018-05-06 23:50:00,521533,9646.7400000000,60129.2000000000,16285.6752096656,98.0000000000,0.0060175583,98,1,2026-06-28 02:00:00
2974,8.1423682409,2018-05-07,2018-05-07 23:50:00,521681,9369.8400000000,60129.2000000000,16285.6752096656,98.0000000000,0.0060175583,98,1,2026-06-28 02:00:00
2973,8.1396303901,2018-05-08,2018-05-08 23:50:00,521823,9249.7500000000,60129.2000000000,16285.6752096656,98.0000000000,0.0060175583,98,1,2026-06-28 02:00:00
2972,8.1368925394,2018-05-09,2018-05-09 23:50:00,521980,9324.2800000000,60129.2000000000,16285.6752096656,98.0000000000,0.0060175583,98,1,2026-06-28 02:00:00
2971,8.1341546886,2018-05-10,2018-05-10 23:50:00,522136,9040.5200000000,60129.2000000000,16285.6752096656,98.0000000000,0.0060175583,98,1,2026-06-28 02:00:00
2970,8.1314168378,2018-05-11,2018-05-11 23:50:00,522262,8462.5000000000,60129.2000000000,16285.6752096656,98.0000000000,0.0060175583,98,1,2026-06-28 02:00:00
2969,8.1286789870,2018-05-12,2018-05-12 23:50:00,522429,8499.3400000000,60129.2000000000,16285.6752096656,98.0000000000,0.0060175583,98,1,2026-06-28 02:00:00
2968,8.1259411362,2018-05-13,2018-05-13 23:50:00,522575,8723.6400000000,60129.2000000000,16285.6752096656,98.0000000000,0.0060175583,98,1,2026-06-28 02:00:00
2967,8.1232032854,2018-05-14,2018-05-14 23:50:00,522707,8719.8900000000,60129.2000000000,16285.6752096656,98.0000000000,0.0060175583,98,1,2026-06-28 02:00:00
2966,8.1204654346,2018-05-15,2018-05-15 23:50:00,522853,8515.2200000000,60129.2000000000,16285.6752096656,98.0000000000,0.0060175583,98,1,2026-06-28 02:00:00
2965,8.1177275838,2018-05-16,2018-05-16 23:50:00,523034,8358.6200000000,60129.2000000000,16285.6752096656,98.0000000000,0.0060175583,98,1,2026-06-28 02:00:00
2964,8.1149897331,2018-05-17,2018-05-17 23:50:00,523166,8085.7000000000,60129.2000000000,16285.6752096656,98.0000000000,0.0060175583,98,1,2026-06-28 02:00:00
2963,8.1122518823,2018-05-18,2018-05-18 23:50:00,523314,8251.4500000000,60129.2000000000,16285.6752096656,98.0000000000,0.0060175583,98,1,2026-06-28 02:00:00
2962,8.1095140315,2018-05-19,2018-05-19 23:50:00,523466,8241.6800000000,60129.2000000000,16285.6752096656,98.0000000000,0.0060175583,98,1,2026-06-28 02:00:00
2961,8.1067761807,2018-05-20,2018-05-20 23:50:00,523611,8515.5800000000,60129.2000000000,16285.6752096656,98.0000000000,0.0060175583,98,1,2026-06-28 02:00:00
2960,8.1040383299,2018-05-21,2018-05-21 23:50:00,523767,8409.3700000000,60129.2000000000,16285.6752096656,98.0000000000,0.0060175583,98,1,2026-06-28 02:00:00
2959,8.1013004791,2018-05-22,2018-05-22 23:50:00,523920,8049.5600000000,60129.2000000000,16285.6752096656,98.0000000000,0.0060175583,98,1,2026-06-28 02:00:00
2958,8.0985626283,2018-05-23,2018-05-23 23:50:00,524082,7566.2600000000,60129.2000000000,16285.6752096656,98.0000000000,0.0060175583,98,1,2026-06-28 02:00:00
2957,8.0958247775,2018-05-24,2018-05-24 23:50:00,524224,7593.1300000000,60129.2000000000,16285.6752096656,98.0000000000,0.0060175583,98,1,2026-06-28 02:00:00
2956,8.0930869268,2018-05-25,2018-05-25 23:50:00,524401,7453.4400000000,60129.2000000000,16285.6752096656,98.0000000000,0.0060175583,98,1,2026-06-28 02:00:00
2955,8.0903490760,2018-05-26,2018-05-26 23:50:00,524561,7358.4700000000,60129.2000000000,16285.6752096656,98.0000000000,0.0060175583,98,1,2026-06-28 02:00:00
2954,8.0876112252,2018-05-27,2018-05-27 23:50:00,524726,7364.0900000000,60129.2000000000,16285.6752096656,98.0000000000,0.0060175583,98,1,2026-06-28 02:00:00
2953,8.0848733744,2018-05-28,2018-05-28 23:50:00,524883,7134.6800000000,60129.2000000000,16285.6752096656,98.0000000000,0.0060175583,98,1,2026-06-28 02:00:00
2952,8.0821355236,2018-05-29,2018-05-29 23:50:00,525019,7467.5800000000,60129.2000000000,16285.6752096656,98.0000000000,0.0060175583,98,1,2026-06-28 02:00:00
2951,8.0793976728,2018-05-30,2018-05-30 23:50:00,525196,7406.1900000000,60129.2000000000,16285.6752096656,98.0000000000,0.0060175583,98,1,2026-06-28 02:00:00
2950,8.0766598220,2018-05-31,2018-05-31 23:50:00,525362,7491.6400000000,60129.2000000000,16285.6752096656,98.0000000000,0.0060175583,98,1,2026-06-28 02:00:00
2949,8.0739219713,2018-06-01,2018-06-01 23:50:00,525530,7539.1400000000,60129.2000000000,16419.1523817863,97.0000000000,0.0059077349,97,1,2026-06-28 02:00:00
2948,8.0711841205,2018-06-02,2018-06-02 23:50:00,525682,7646.7400000000,60129.2000000000,16419.1523817863,97.0000000000,0.0059077349,97,1,2026-06-28 02:00:00
2947,8.0684462697,2018-06-03,2018-06-03 23:50:00,525846,7720.2500000000,60129.2000000000,16419.1523817863,97.0000000000,0.0059077349,97,1,2026-06-28 02:00:00
2946,8.0657084189,2018-06-04,2018-06-04 23:50:00,526028,7499.4800000000,60129.2000000000,16419.1523817863,97.0000000000,0.0059077349,97,1,2026-06-28 02:00:00
2945,8.0629705681,2018-06-05,2018-06-05 23:50:00,526204,7625.5500000000,60129.2000000000,16419.1523817863,97.0000000000,0.0059077349,97,1,2026-06-28 02:00:00
2944,8.0602327173,2018-06-06,2018-06-06 23:50:00,526350,7656.0900000000,60129.2000000000,16419.1523817863,97.0000000000,0.0059077349,97,1,2026-06-28 02:00:00
2943,8.0574948665,2018-06-07,2018-06-07 23:50:00,526493,7676.5500000000,60129.2000000000,16419.1523817863,97.0000000000,0.0059077349,97,1,2026-06-28 02:00:00
2942,8.0547570157,2018-06-08,2018-06-08 23:50:00,526639,7631.9000000000,60129.2000000000,16419.1523817863,97.0000000000,0.0059077349,97,1,2026-06-28 02:00:00
2941,8.0520191650,2018-06-09,2018-06-09 23:50:00,526783,7565.0000000000,60129.2000000000,16419.1523817863,97.0000000000,0.0059077349,97,1,2026-06-28 02:00:00
2940,8.0492813142,2018-06-10,2018-06-10 23:50:00,526908,6784.0300000000,60129.2000000000,16419.1523817863,97.0000000000,0.0059077349,97,1,2026-06-28 02:00:00
2939,8.0465434634,2018-06-11,2018-06-11 23:50:00,527050,6901.1300000000,60129.2000000000,16419.1523817863,97.0000000000,0.0059077349,97,1,2026-06-28 02:00:00
2938,8.0438056126,2018-06-12,2018-06-12 23:50:00,527194,6566.2000000000,60129.2000000000,16419.1523817863,97.0000000000,0.0059077349,97,1,2026-06-28 02:00:00
2937,8.0410677618,2018-06-13,2018-06-13 23:50:00,527338,6342.4300000000,60129.2000000000,16419.1523817863,97.0000000000,0.0059077349,97,1,2026-06-28 02:00:00
2936,8.0383299110,2018-06-14,2018-06-14 23:50:00,527491,6681.4200000000,60129.2000000000,16419.1523817863,97.0000000000,0.0059077349,97,1,2026-06-28 02:00:00
2935,8.0355920602,2018-06-15,2018-06-15 23:50:00,527644,6460.8500000000,60129.2000000000,16419.1523817863,97.0000000000,0.0059077349,97,1,2026-06-28 02:00:00
2934,8.0328542094,2018-06-16,2018-06-16 23:50:00,527808,6538.6500000000,60129.2000000000,16419.1523817863,97.0000000000,0.0059077349,97,1,2026-06-28 02:00:00
2933,8.0301163587,2018-06-17,2018-06-17 23:50:00,527967,6503.9400000000,60129.2000000000,16419.1523817863,97.0000000000,0.0059077349,97,1,2026-06-28 02:00:00
2932,8.0273785079,2018-06-18,2018-06-18 23:50:00,528129,6733.3800000000,60129.2000000000,16419.1523817863,97.0000000000,0.0059077349,97,1,2026-06-28 02:00:00
2931,8.0246406571,2018-06-19,2018-06-19 23:50:00,528284,6759.1000000000,60129.2000000000,16419.1523817863,97.0000000000,0.0059077349,97,1,2026-06-28 02:00:00
2930,8.0219028063,2018-06-20,2018-06-20 23:50:00,528441,6776.8400000000,60129.2000000000,16419.1523817863,97.0000000000,0.0059077349,97,1,2026-06-28 02:00:00
2929,8.0191649555,2018-06-21,2018-06-21 23:50:00,528610,6737.5800000000,60129.2000000000,16419.1523817863,97.0000000000,0.0059077349,97,1,2026-06-28 02:00:00
2928,8.0164271047,2018-06-22,2018-06-22 23:50:00,528760,6083.6800000000,60129.2000000000,16419.1523817863,97.0000000000,0.0059077349,97,1,2026-06-28 02:00:00
2927,8.0136892539,2018-06-23,2018-06-23 23:50:00,528920,6166.8000000000,60129.2000000000,16419.1523817863,97.0000000000,0.0059077349,97,1,2026-06-28 02:00:00
2926,8.0109514031,2018-06-24,2018-06-24 23:50:00,529093,6168.7900000000,60129.2000000000,16419.1523817863,97.0000000000,0.0059077349,97,1,2026-06-28 02:00:00
2925,8.0082135524,2018-06-25,2018-06-25 23:50:00,529248,6260.6300000000,60129.2000000000,16419.1523817863,97.0000000000,0.0059077349,97,1,2026-06-28 02:00:00
2924,8.0054757016,2018-06-26,2018-06-26 23:50:00,529395,6096.1900000000,60129.2000000000,16419.1523817863,97.0000000000,0.0059077349,97,1,2026-06-28 02:00:00
2923,8.0027378508,2018-06-27,2018-06-27 23:50:00,529516,6154.4800000000,60129.2000000000,16419.1523817863,97.0000000000,0.0059077349,97,1,2026-06-28 02:00:00
2922,8.0000000000,2018-06-28,2018-06-28 23:50:00,529674,5903.4400000000,60129.2000000000,16419.1523817863,97.0000000000,0.0059077349,97,1,2026-06-28 02:00:00
2921,7.9972621492,2018-06-29,2018-06-29 23:50:00,529824,6220.7600000000,60129.2000000000,16419.1523817863,97.0000000000,0.0059077349,97,1,2026-06-28 02:00:00
2920,7.9945242984,2018-06-30,2018-06-30 23:50:00,529965,6396.9800000000,60129.2000000000,16419.1523817863,97.0000000000,0.0059077349,97,1,2026-06-28 02:00:00
2919,7.9917864476,2018-07-01,2018-07-01 23:50:00,530111,6388.1200000000,60129.2000000000,16623.1066134012,96.0000000000,0.0057750938,96,1,2026-06-28 02:00:00
2918,7.9890485969,2018-07-02,2018-07-02 23:50:00,530254,6614.9200000000,60129.2000000000,16623.1066134012,96.0000000000,0.0057750938,96,1,2026-06-28 02:00:00
2917,7.9863107461,2018-07-03,2018-07-03 23:50:00,530370,6533.5600000000,60129.2000000000,16623.1066134012,96.0000000000,0.0057750938,96,1,2026-06-28 02:00:00
2916,7.9835728953,2018-07-04,2018-07-04 23:50:00,530504,6609.7000000000,60129.2000000000,16623.1066134012,96.0000000000,0.0057750938,96,1,2026-06-28 02:00:00
2915,7.9808350445,2018-07-05,2018-07-05 23:50:00,530641,6643.3400000000,60129.2000000000,16623.1066134012,96.0000000000,0.0057750938,96,1,2026-06-28 02:00:00
2914,7.9780971937,2018-07-06,2018-07-06 23:50:00,530801,6674.6800000000,60129.2000000000,16623.1066134012,96.0000000000,0.0057750938,96,1,2026-06-28 02:00:00
2913,7.9753593429,2018-07-07,2018-07-07 23:50:00,530956,6859.5300000000,60129.2000000000,16623.1066134012,96.0000000000,0.0057750938,96,1,2026-06-28 02:00:00
2912,7.9726214921,2018-07-08,2018-07-08 23:50:00,531114,6762.0100000000,60129.2000000000,16623.1066134012,96.0000000000,0.0057750938,96,1,2026-06-28 02:00:00
2911,7.9698836413,2018-07-09,2018-07-09 23:50:00,531251,6746.2200000000,60129.2000000000,16623.1066134012,96.0000000000,0.0057750938,96,1,2026-06-28 02:00:00
2910,7.9671457906,2018-07-10,2018-07-10 23:50:00,531398,6328.3300000000,60129.2000000000,16623.1066134012,96.0000000000,0.0057750938,96,1,2026-06-28 02:00:00
2909,7.9644079398,2018-07-11,2018-07-11 23:50:00,531532,6393.5900000000,60129.2000000000,16623.1066134012,96.0000000000,0.0057750938,96,1,2026-06-28 02:00:00
2908,7.9616700890,2018-07-12,2018-07-12 23:50:00,531676,6228.8100000000,60129.2000000000,16623.1066134012,96.0000000000,0.0057750938,96,1,2026-06-28 02:00:00
2907,7.9589322382,2018-07-13,2018-07-13 23:50:00,531819,6236.4900000000,60129.2000000000,16623.1066134012,96.0000000000,0.0057750938,96,1,2026-06-28 02:00:00
2906,7.9561943874,2018-07-14,2018-07-14 23:50:00,531951,6275.1800000000,60129.2000000000,16623.1066134012,96.0000000000,0.0057750938,96,1,2026-06-28 02:00:00
2905,7.9534565366,2018-07-15,2018-07-15 23:50:00,532085,6359.6400000000,60129.2000000000,16623.1066134012,96.0000000000,0.0057750938,96,1,2026-06-28 02:00:00
2904,7.9507186858,2018-07-16,2018-07-16 23:50:00,532205,6742.4900000000,60129.2000000000,16623.1066134012,96.0000000000,0.0057750938,96,1,2026-06-28 02:00:00
2903,7.9479808350,2018-07-17,2018-07-17 23:50:00,532363,7318.7400000000,60129.2000000000,16623.1066134012,96.0000000000,0.0057750938,96,1,2026-06-28 02:00:00
2902,7.9452429843,2018-07-18,2018-07-18 23:50:00,532537,7370.7800000000,60129.2000000000,16623.1066134012,96.0000000000,0.0057750938,96,1,2026-06-28 02:00:00
2901,7.9425051335,2018-07-19,2018-07-19 23:50:00,532708,7466.8600000000,60129.2000000000,16623.1066134012,96.0000000000,0.0057750938,96,1,2026-06-28 02:00:00
2900,7.9397672827,2018-07-20,2018-07-20 23:50:00,532862,7354.9400000000,60129.2000000000,16623.1066134012,96.0000000000,0.0057750938,96,1,2026-06-28 02:00:00
2899,7.9370294319,2018-07-21,2018-07-21 23:50:00,532999,7418.7100000000,60129.2000000000,16623.1066134012,96.0000000000,0.0057750938,96,1,2026-06-28 02:00:00
2898,7.9342915811,2018-07-22,2018-07-22 23:50:00,533182,7418.4900000000,60129.2000000000,16623.1066134012,96.0000000000,0.0057750938,96,1,2026-06-28 02:00:00
2897,7.9315537303,2018-07-23,2018-07-23 23:50:00,533347,7713.3100000000,60129.2000000000,16623.1066134012,96.0000000000,0.0057750938,96,1,2026-06-28 02:00:00
2896,7.9288158795,2018-07-24,2018-07-24 23:50:00,533507,8424.2700000000,60129.2000000000,16623.1066134012,96.0000000000,0.0057750938,96,1,2026-06-28 02:00:00
2895,7.9260780287,2018-07-25,2018-07-25 23:50:00,533684,8181.3900000000,60129.2000000000,16623.1066134012,96.0000000000,0.0057750938,96,1,2026-06-28 02:00:00
2894,7.9233401780,2018-07-26,2018-07-26 23:50:00,533847,7951.5800000000,60129.2000000000,16623.1066134012,96.0000000000,0.0057750938,96,1,2026-06-28 02:00:00
2893,7.9206023272,2018-07-27,2018-07-27 23:50:00,534015,8167.8100000000,60129.2000000000,16623.1066134012,96.0000000000,0.0057750938,96,1,2026-06-28 02:00:00
2892,7.9178644764,2018-07-28,2018-07-28 23:50:00,534160,8188.8500000000,60129.2000000000,16623.1066134012,96.0000000000,0.0057750938,96,1,2026-06-28 02:00:00
2891,7.9151266256,2018-07-29,2018-07-29 23:50:00,534330,8221.4400000000,60129.2000000000,16623.1066134012,96.0000000000,0.0057750938,96,1,2026-06-28 02:00:00
2890,7.9123887748,2018-07-30,2018-07-30 23:50:00,534465,8183.5656225600,60129.2000000000,16623.1066134012,96.0000000000,0.0057750938,96,1,2026-06-28 02:00:00
2889,7.9096509240,2018-07-31,2018-07-31 23:50:00,534611,7774.8730356500,60129.2000000000,16623.1066134012,96.0000000000,0.0057750938,96,1,2026-06-28 02:00:00
2888,7.9069130732,2018-08-01,2018-08-01 23:50:00,534761,7624.9074159400,60129.2000000000,16908.2673408459,95.0000000000,0.0056185532,95,1,2026-06-28 02:00:00
2887,7.9041752225,2018-08-02,2018-08-02 23:50:00,534913,7567.1516023300,60129.2000000000,16908.2673408459,95.0000000000,0.0056185532,95,1,2026-06-28 02:00:00
2886,7.9014373717,2018-08-03,2018-08-03 23:50:00,535081,7436.2618355400,60129.2000000000,16908.2673408459,95.0000000000,0.0056185532,95,1,2026-06-28 02:00:00
2885,7.8986995209,2018-08-04,2018-08-04 23:50:00,535257,7032.2131673900,60129.2000000000,16908.2673408459,95.0000000000,0.0056185532,95,1,2026-06-28 02:00:00
2884,7.8959616701,2018-08-05,2018-08-05 23:50:00,535414,7064.0262663400,60129.2000000000,16908.2673408459,95.0000000000,0.0056185532,95,1,2026-06-28 02:00:00
2883,7.8932238193,2018-08-06,2018-08-06 23:50:00,535546,6951.2803658000,60129.2000000000,16908.2673408459,95.0000000000,0.0056185532,95,1,2026-06-28 02:00:00
2882,7.8904859685,2018-08-07,2018-08-07 23:50:00,535698,6753.7176483900,60129.2000000000,16908.2673408459,95.0000000000,0.0056185532,95,1,2026-06-28 02:00:00
2881,7.8877481177,2018-08-08,2018-08-08 23:50:00,535855,6305.8030447500,60129.2000000000,16908.2673408459,95.0000000000,0.0056185532,95,1,2026-06-28 02:00:00
2880,7.8850102669,2018-08-09,2018-08-09 23:50:00,536004,6568.0216872400,60129.2000000000,16908.2673408459,95.0000000000,0.0056185532,95,1,2026-06-28 02:00:00
2879,7.8822724162,2018-08-10,2018-08-10 23:50:00,536179,6184.7117836700,60129.2000000000,16908.2673408459,95.0000000000,0.0056185532,95,1,2026-06-28 02:00:00
2878,7.8795345654,2018-08-11,2018-08-11 23:50:00,536351,6289.7460516400,60129.2000000000,16908.2673408459,95.0000000000,0.0056185532,95,1,2026-06-28 02:00:00
2877,7.8767967146,2018-08-12,2018-08-12 23:50:00,536506,6335.0605809100,60129.2000000000,16908.2673408459,95.0000000000,0.0056185532,95,1,2026-06-28 02:00:00
2876,7.8740588638,2018-08-13,2018-08-13 23:50:00,536654,6297.9666404300,60129.2000000000,16908.2673408459,95.0000000000,0.0056185532,95,1,2026-06-28 02:00:00
2875,7.8713210130,2018-08-14,2018-08-14 23:50:00,536791,6199.7127680500,60129.2000000000,16908.2673408459,95.0000000000,0.0056185532,95,1,2026-06-28 02:00:00
2874,7.8685831622,2018-08-15,2018-08-15 23:50:00,536953,6293.2772436500,60129.2000000000,16908.2673408459,95.0000000000,0.0056185532,95,1,2026-06-28 02:00:00
2873,7.8658453114,2018-08-16,2018-08-16 23:50:00,537108,6324.7423257000,60129.2000000000,16908.2673408459,95.0000000000,0.0056185532,95,1,2026-06-28 02:00:00
2872,7.8631074606,2018-08-17,2018-08-17 23:50:00,537262,6580.6293368700,60129.2000000000,16908.2673408459,95.0000000000,0.0056185532,95,1,2026-06-28 02:00:00
2871,7.8603696099,2018-08-18,2018-08-18 23:50:00,537423,6423.6869181300,60129.2000000000,16908.2673408459,95.0000000000,0.0056185532,95,1,2026-06-28 02:00:00
2870,7.8576317591,2018-08-19,2018-08-19 23:50:00,537566,6506.0688118500,60129.2000000000,16908.2673408459,95.0000000000,0.0056185532,95,1,2026-06-28 02:00:00
2869,7.8548939083,2018-08-20,2018-08-20 23:50:00,537718,6305.1925956200,60129.2000000000,16908.2673408459,95.0000000000,0.0056185532,95,1,2026-06-28 02:00:00
2868,7.8521560575,2018-08-21,2018-08-21 23:50:00,537866,6496.2584470000,60129.2000000000,16908.2673408459,95.0000000000,0.0056185532,95,1,2026-06-28 02:00:00
2867,7.8494182067,2018-08-22,2018-08-22 23:50:00,538025,6376.8346136200,60129.2000000000,16908.2673408459,95.0000000000,0.0056185532,95,1,2026-06-28 02:00:00
2866,7.8466803559,2018-08-23,2018-08-23 23:50:00,538173,6534.8766244700,60129.2000000000,16908.2673408459,95.0000000000,0.0056185532,95,1,2026-06-28 02:00:00
2865,7.8439425051,2018-08-24,2018-08-24 23:50:00,538321,6717.6829862900,60129.2000000000,16908.2673408459,95.0000000000,0.0056185532,95,1,2026-06-28 02:00:00
2864,7.8412046543,2018-08-25,2018-08-25 23:50:00,538455,6769.9498551100,60129.2000000000,16908.2673408459,95.0000000000,0.0056185532,95,1,2026-06-28 02:00:00
2863,7.8384668036,2018-08-26,2018-08-26 23:50:00,538627,6715.6480535800,60129.2000000000,16908.2673408459,95.0000000000,0.0056185532,95,1,2026-06-28 02:00:00
2862,7.8357289528,2018-08-27,2018-08-27 23:50:00,538812,6881.5661200700,60129.2000000000,16908.2673408459,95.0000000000,0.0056185532,95,1,2026-06-28 02:00:00
2861,7.8329911020,2018-08-28,2018-08-28 23:50:00,538966,7096.2770829200,60129.2000000000,16908.2673408459,95.0000000000,0.0056185532,95,1,2026-06-28 02:00:00
2860,7.8302532512,2018-08-29,2018-08-29 23:50:00,539104,7046.0768298300,60129.2000000000,16908.2673408459,95.0000000000,0.0056185532,95,1,2026-06-28 02:00:00
2859,7.8275154004,2018-08-30,2018-08-30 23:50:00,539258,6981.5768570800,60129.2000000000,16908.2673408459,95.0000000000,0.0056185532,95,1,2026-06-28 02:00:00
2858,7.8247775496,2018-08-31,2018-08-31 23:50:00,539412,7036.7553148900,60129.2000000000,16908.2673408459,95.0000000000,0.0056185532,95,1,2026-06-28 02:00:00
2857,7.8220396988,2018-09-01,2018-09-01 23:50:00,539566,7193.4165005200,60129.2000000000,17130.1399401678,94.0000000000,0.0054874041,94,1,2026-06-28 02:00:00
2856,7.8193018480,2018-09-02,2018-09-02 23:50:00,539709,7269.1008196900,60129.2000000000,17130.1399401678,94.0000000000,0.0054874041,94,1,2026-06-28 02:00:00
2855,7.8165639973,2018-09-03,2018-09-03 23:50:00,539853,7264.7992243600,60129.2000000000,17130.1399401678,94.0000000000,0.0054874041,94,1,2026-06-28 02:00:00
2854,7.8138261465,2018-09-04,2018-09-04 23:50:00,539980,7362.7119946000,60129.2000000000,17130.1399401678,94.0000000000,0.0054874041,94,1,2026-06-28 02:00:00
2853,7.8110882957,2018-09-05,2018-09-05 23:50:00,540109,6818.8302295800,60129.2000000000,17130.1399401678,94.0000000000,0.0054874041,94,1,2026-06-28 02:00:00
2852,7.8083504449,2018-09-06,2018-09-06 23:50:00,540261,6538.4802332400,60129.2000000000,17130.1399401678,94.0000000000,0.0054874041,94,1,2026-06-28 02:00:00
2851,7.8056125941,2018-09-07,2018-09-07 23:50:00,540413,6463.2255963900,60129.2000000000,17130.1399401678,94.0000000000,0.0054874041,94,1,2026-06-28 02:00:00
2850,7.8028747433,2018-09-08,2018-09-08 23:50:00,540564,6223.4301166500,60129.2000000000,17130.1399401678,94.0000000000,0.0054874041,94,1,2026-06-28 02:00:00
2849,7.8001368925,2018-09-09,2018-09-09 23:50:00,540726,6303.8064850300,60129.2000000000,17130.1399401678,94.0000000000,0.0054874041,94,1,2026-06-28 02:00:00
2848,7.7973990418,2018-09-10,2018-09-10 23:50:00,540862,6329.6969085200,60129.2000000000,17130.1399401678,94.0000000000,0.0054874041,94,1,2026-06-28 02:00:00
2847,7.7946611910,2018-09-11,2018-09-11 23:50:00,541001,6324.5901519200,60129.2000000000,17130.1399401678,94.0000000000,0.0054874041,94,1,2026-06-28 02:00:00
2846,7.7919233402,2018-09-12,2018-09-12 23:50:00,541170,6360.6969470600,60129.2000000000,17130.1399401678,94.0000000000,0.0054874041,94,1,2026-06-28 02:00:00
2845,7.7891854894,2018-09-13,2018-09-13 23:50:00,541317,6521.2382716100,60129.2000000000,17130.1399401678,94.0000000000,0.0054874041,94,1,2026-06-28 02:00:00
2844,7.7864476386,2018-09-14,2018-09-14 23:50:00,541451,6512.7054845300,60129.2000000000,17130.1399401678,94.0000000000,0.0054874041,94,1,2026-06-28 02:00:00
2843,7.7837097878,2018-09-15,2018-09-15 23:50:00,541590,6544.1362036900,60129.2000000000,17130.1399401678,94.0000000000,0.0054874041,94,1,2026-06-28 02:00:00
2842,7.7809719370,2018-09-16,2018-09-16 23:50:00,541730,6514.5299709100,60129.2000000000,17130.1399401678,94.0000000000,0.0054874041,94,1,2026-06-28 02:00:00
2841,7.7782340862,2018-09-17,2018-09-17 23:50:00,541864,6281.1960929600,60129.2000000000,17130.1399401678,94.0000000000,0.0054874041,94,1,2026-06-28 02:00:00
2840,7.7754962355,2018-09-18,2018-09-18 23:50:00,542005,6369.1871276100,60129.2000000000,17130.1399401678,94.0000000000,0.0054874041,94,1,2026-06-28 02:00:00
2839,7.7727583847,2018-09-19,2018-09-19 23:50:00,542160,6394.8907356600,60129.2000000000,17130.1399401678,94.0000000000,0.0054874041,94,1,2026-06-28 02:00:00
2838,7.7700205339,2018-09-20,2018-09-20 23:50:00,542316,6523.4482987200,60129.2000000000,17130.1399401678,94.0000000000,0.0054874041,94,1,2026-06-28 02:00:00
2837,7.7672826831,2018-09-21,2018-09-21 23:50:00,542460,6734.9523943100,60129.2000000000,17130.1399401678,94.0000000000,0.0054874041,94,1,2026-06-28 02:00:00
2836,7.7645448323,2018-09-22,2018-09-22 23:50:00,542614,6722.2211341300,60129.2000000000,17130.1399401678,94.0000000000,0.0054874041,94,1,2026-06-28 02:00:00
2835,7.7618069815,2018-09-23,2018-09-23 23:50:00,542765,6707.2609558400,60129.2000000000,17130.1399401678,94.0000000000,0.0054874041,94,1,2026-06-28 02:00:00
2834,7.7590691307,2018-09-24,2018-09-24 23:50:00,542914,6595.4133252800,60129.2000000000,17130.1399401678,94.0000000000,0.0054874041,94,1,2026-06-28 02:00:00
2833,7.7563312799,2018-09-25,2018-09-25 23:50:00,543082,6444.4106726900,60129.2000000000,17130.1399401678,94.0000000000,0.0054874041,94,1,2026-06-28 02:00:00
2832,7.7535934292,2018-09-26,2018-09-26 23:50:00,543221,6498.3260272100,60129.2000000000,17130.1399401678,94.0000000000,0.0054874041,94,1,2026-06-28 02:00:00
2831,7.7508555784,2018-09-27,2018-09-27 23:50:00,543365,6680.7146117600,60129.2000000000,17130.1399401678,94.0000000000,0.0054874041,94,1,2026-06-28 02:00:00
2830,7.7481177276,2018-09-28,2018-09-28 23:50:00,543519,6642.0772968000,60129.2000000000,17130.1399401678,94.0000000000,0.0054874041,94,1,2026-06-28 02:00:00
2829,7.7453798768,2018-09-29,2018-09-29 23:50:00,543671,6601.9553879000,60129.2000000000,17130.1399401678,94.0000000000,0.0054874041,94,1,2026-06-28 02:00:00
2828,7.7426420260,2018-09-30,2018-09-30 23:50:00,543834,6627.9944946500,60129.2000000000,17130.1399401678,94.0000000000,0.0054874041,94,1,2026-06-28 02:00:00
2827,7.7399041752,2018-10-01,2018-10-01 23:50:00,543992,6587.6114941300,60129.2000000000,17388.4165533567,93.0000000000,0.0053483881,93,1,2026-06-28 02:00:00
2826,7.7371663244,2018-10-02,2018-10-02 23:50:00,544127,6556.0986608900,60129.2000000000,17388.4165533567,93.0000000000,0.0053483881,93,1,2026-06-28 02:00:00
2825,7.7344284736,2018-10-03,2018-10-03 23:50:00,544270,6502.5904474700,60129.2000000000,17388.4165533567,93.0000000000,0.0053483881,93,1,2026-06-28 02:00:00
2824,7.7316906229,2018-10-04,2018-10-04 23:50:00,544420,6576.2033926900,60129.2000000000,17388.4165533567,93.0000000000,0.0053483881,93,1,2026-06-28 02:00:00
2823,7.7289527721,2018-10-05,2018-10-05 23:50:00,544552,6622.4848368200,60129.2000000000,17388.4165533567,93.0000000000,0.0053483881,93,1,2026-06-28 02:00:00
2822,7.7262149213,2018-10-06,2018-10-06 23:50:00,544677,6589.0528441100,60129.2000000000,17388.4165533567,93.0000000000,0.0053483881,93,1,2026-06-28 02:00:00
2821,7.7234770705,2018-10-07,2018-10-07 23:50:00,544821,6602.9452584900,60129.2000000000,17388.4165533567,93.0000000000,0.0053483881,93,1,2026-06-28 02:00:00
2820,7.7207392197,2018-10-08,2018-10-08 23:50:00,544954,6652.2262371500,60129.2000000000,17388.4165533567,93.0000000000,0.0053483881,93,1,2026-06-28 02:00:00
2819,7.7180013689,2018-10-09,2018-10-09 23:50:00,545084,6640.6474592900,60129.2000000000,17388.4165533567,93.0000000000,0.0053483881,93,1,2026-06-28 02:00:00
2818,7.7152635181,2018-10-10,2018-10-10 23:50:00,545229,6585.1775576800,60129.2000000000,17388.4165533567,93.0000000000,0.0053483881,93,1,2026-06-28 02:00:00
2817,7.7125256674,2018-10-11,2018-10-11 23:50:00,545388,6249.0900320300,60129.2000000000,17388.4165533567,93.0000000000,0.0053483881,93,1,2026-06-28 02:00:00
2816,7.7097878166,2018-10-12,2018-10-12 23:50:00,545520,6273.1966960300,60129.2000000000,17388.4165533567,93.0000000000,0.0053483881,93,1,2026-06-28 02:00:00
2815,7.7070499658,2018-10-13,2018-10-13 23:50:00,545659,6289.0009018000,60129.2000000000,17388.4165533567,93.0000000000,0.0053483881,93,1,2026-06-28 02:00:00
2814,7.7043121150,2018-10-14,2018-10-14 23:50:00,545773,6292.2324689600,60129.2000000000,17388.4165533567,93.0000000000,0.0053483881,93,1,2026-06-28 02:00:00
2813,7.7015742642,2018-10-15,2018-10-15 23:50:00,545938,6605.2610346800,60129.2000000000,17388.4165533567,93.0000000000,0.0053483881,93,1,2026-06-28 02:00:00
2812,7.6988364134,2018-10-16,2018-10-16 23:50:00,546073,6600.6772069500,60129.2000000000,17388.4165533567,93.0000000000,0.0053483881,93,1,2026-06-28 02:00:00
2811,7.6960985626,2018-10-17,2018-10-17 23:50:00,546209,6546.1633200100,60129.2000000000,17388.4165533567,93.0000000000,0.0053483881,93,1,2026-06-28 02:00:00
2810,7.6933607118,2018-10-18,2018-10-18 23:50:00,546348,6474.6472490300,60129.2000000000,17388.4165533567,93.0000000000,0.0053483881,93,1,2026-06-28 02:00:00
2809,7.6906228611,2018-10-19,2018-10-19 23:50:00,546491,6466.0105350000,60129.2000000000,17388.4165533567,93.0000000000,0.0053483881,93,1,2026-06-28 02:00:00
2808,7.6878850103,2018-10-20,2018-10-20 23:50:00,546632,6489.4697530800,60129.2000000000,17388.4165533567,93.0000000000,0.0053483881,93,1,2026-06-28 02:00:00
2807,7.6851471595,2018-10-21,2018-10-21 23:50:00,546770,6482.3481295500,60129.2000000000,17388.4165533567,93.0000000000,0.0053483881,93,1,2026-06-28 02:00:00
2806,7.6824093087,2018-10-22,2018-10-22 23:50:00,546926,6491.9821234700,60129.2000000000,17388.4165533567,93.0000000000,0.0053483881,93,1,2026-06-28 02:00:00
2805,7.6796714579,2018-10-23,2018-10-23 23:50:00,547081,6475.7297153200,60129.2000000000,17388.4165533567,93.0000000000,0.0053483881,93,1,2026-06-28 02:00:00
2804,7.6769336071,2018-10-24,2018-10-24 23:50:00,547192,6495.4283624100,60129.2000000000,17388.4165533567,93.0000000000,0.0053483881,93,1,2026-06-28 02:00:00
2803,7.6741957563,2018-10-25,2018-10-25 23:50:00,547331,6481.1708283500,60129.2000000000,17388.4165533567,93.0000000000,0.0053483881,93,1,2026-06-28 02:00:00
2802,7.6714579055,2018-10-26,2018-10-26 23:50:00,547473,6477.8456534800,60129.2000000000,17388.4165533567,93.0000000000,0.0053483881,93,1,2026-06-28 02:00:00
2801,7.6687200548,2018-10-27,2018-10-27 23:50:00,547609,6480.2867089800,60129.2000000000,17388.4165533567,93.0000000000,0.0053483881,93,1,2026-06-28 02:00:00
2800,7.6659822040,2018-10-28,2018-10-28 23:50:00,547747,6486.3862713700,60129.2000000000,17388.4165533567,93.0000000000,0.0053483881,93,1,2026-06-28 02:00:00
2799,7.6632443532,2018-10-29,2018-10-29 23:50:00,547896,6332.7887046400,60129.2000000000,17388.4165533567,93.0000000000,0.0053483881,93,1,2026-06-28 02:00:00
2798,7.6605065024,2018-10-30,2018-10-30 23:50:00,548049,6334.7409058000,60129.2000000000,17388.4165533567,93.0000000000,0.0053483881,93,1,2026-06-28 02:00:00
2797,7.6577686516,2018-10-31,2018-10-31 23:50:00,548212,6317.7500997400,60129.2000000000,17388.4165533567,93.0000000000,0.0053483881,93,1,2026-06-28 02:00:00
2796,7.6550308008,2018-11-01,2018-11-01 23:50:00,548367,6375.5262166700,60129.2000000000,17703.9241807014,92.0000000000,0.0051965880,92,1,2026-06-28 02:00:00
2795,7.6522929500,2018-11-02,2018-11-02 23:50:00,548510,6390.6386150000,60129.2000000000,17703.9241807014,92.0000000000,0.0051965880,92,1,2026-06-28 02:00:00
2794,7.6495550992,2018-11-03,2018-11-03 23:50:00,548670,6361.2577421300,60129.2000000000,17703.9241807014,92.0000000000,0.0051965880,92,1,2026-06-28 02:00:00
2793,7.6468172485,2018-11-04,2018-11-04 23:50:00,548794,6376.1293927800,60129.2000000000,17703.9241807014,92.0000000000,0.0051965880,92,1,2026-06-28 02:00:00
2792,7.6440793977,2018-11-05,2018-11-05 23:50:00,548938,6427.4642653700,60129.2000000000,17703.9241807014,92.0000000000,0.0051965880,92,1,2026-06-28 02:00:00
2791,7.6413415469,2018-11-06,2018-11-06 23:50:00,549066,6455.2790894500,60129.2000000000,17703.9241807014,92.0000000000,0.0051965880,92,1,2026-06-28 02:00:00
2790,7.6386036961,2018-11-07,2018-11-07 23:50:00,549196,6520.9336635600,60129.2000000000,17703.9241807014,92.0000000000,0.0051965880,92,1,2026-06-28 02:00:00
2789,7.6358658453,2018-11-08,2018-11-08 23:50:00,549316,6457.2029916800,60129.2000000000,17703.9241807014,92.0000000000,0.0051965880,92,1,2026-06-28 02:00:00
2788,7.6331279945,2018-11-09,2018-11-09 23:50:00,549443,6387.2498778500,60129.2000000000,17703.9241807014,92.0000000000,0.0051965880,92,1,2026-06-28 02:00:00
2787,7.6303901437,2018-11-10,2018-11-10 23:50:00,549575,6407.7404474700,60129.2000000000,17703.9241807014,92.0000000000,0.0051965880,92,1,2026-06-28 02:00:00
2786,7.6276522930,2018-11-11,2018-11-11 23:50:00,549721,6408.8330108300,60129.2000000000,17703.9241807014,92.0000000000,0.0051965880,92,1,2026-06-28 02:00:00
2785,7.6249144422,2018-11-12,2018-11-12 23:50:00,549860,6373.1049678400,60129.2000000000,17703.9241807014,92.0000000000,0.0051965880,92,1,2026-06-28 02:00:00
2784,7.6221765914,2018-11-13,2018-11-13 23:50:00,549979,6357.2319551200,60129.2000000000,17703.9241807014,92.0000000000,0.0051965880,92,1,2026-06-28 02:00:00
2783,7.6194387406,2018-11-14,2018-11-14 23:50:00,550114,5722.3395097500,60129.2000000000,17703.9241807014,92.0000000000,0.0051965880,92,1,2026-06-28 02:00:00
2782,7.6167008898,2018-11-15,2018-11-15 23:50:00,550241,5645.5929210700,60129.2000000000,17703.9241807014,92.0000000000,0.0051965880,92,1,2026-06-28 02:00:00
2781,7.6139630390,2018-11-16,2018-11-16 23:50:00,550367,5574.7549961500,60129.2000000000,17703.9241807014,92.0000000000,0.0051965880,92,1,2026-06-28 02:00:00
2780,7.6112251882,2018-11-17,2018-11-17 23:50:00,550512,5554.8098913600,60129.2000000000,17703.9241807014,92.0000000000,0.0051965880,92,1,2026-06-28 02:00:00
2779,7.6084873374,2018-11-18,2018-11-18 23:50:00,550634,5622.0216027800,60129.2000000000,17703.9241807014,92.0000000000,0.0051965880,92,1,2026-06-28 02:00:00
2778,7.6057494867,2018-11-19,2018-11-19 23:50:00,550762,4875.1423900300,60129.2000000000,17703.9241807014,92.0000000000,0.0051965880,92,1,2026-06-28 02:00:00
2777,7.6030116359,2018-11-20,2018-11-20 23:50:00,550894,4415.0740033900,60129.2000000000,17703.9241807014,92.0000000000,0.0051965880,92,1,2026-06-28 02:00:00
2776,7.6002737851,2018-11-21,2018-11-21 23:50:00,550999,4602.1677150400,60129.2000000000,17703.9241807014,92.0000000000,0.0051965880,92,1,2026-06-28 02:00:00
2775,7.5975359343,2018-11-22,2018-11-22 23:50:00,551121,4368.7323469100,60129.2000000000,17703.9241807014,92.0000000000,0.0051965880,92,1,2026-06-28 02:00:00
2774,7.5947980835,2018-11-23,2018-11-23 23:50:00,551247,4346.0184326500,60129.2000000000,17703.9241807014,92.0000000000,0.0051965880,92,1,2026-06-28 02:00:00
2773,7.5920602327,2018-11-24,2018-11-24 23:50:00,551389,3883.3593886800,60129.2000000000,17703.9241807014,92.0000000000,0.0051965880,92,1,2026-06-28 02:00:00
2772,7.5893223819,2018-11-25,2018-11-25 23:50:00,551516,4015.1313039100,60129.2000000000,17703.9241807014,92.0000000000,0.0051965880,92,1,2026-06-28 02:00:00
2771,7.5865845311,2018-11-26,2018-11-26 23:50:00,551627,3775.0866284100,60129.2000000000,17703.9241807014,92.0000000000,0.0051965880,92,1,2026-06-28 02:00:00
2770,7.5838466804,2018-11-27,2018-11-27 23:50:00,551757,3813.5714195900,60129.2000000000,17703.9241807014,92.0000000000,0.0051965880,92,1,2026-06-28 02:00:00
2769,7.5811088296,2018-11-28,2018-11-28 23:50:00,551876,4260.8282554700,60129.2000000000,17703.9241807014,92.0000000000,0.0051965880,92,1,2026-06-28 02:00:00
2768,7.5783709788,2018-11-29,2018-11-29 23:50:00,551982,4274.7420408900,60129.2000000000,17703.9241807014,92.0000000000,0.0051965880,92,1,2026-06-28 02:00:00
2767,7.5756331280,2018-11-30,2018-11-30 23:50:00,552082,4016.4491179400,60129.2000000000,17703.9241807014,92.0000000000,0.0051965880,92,1,2026-06-28 02:00:00
2766,7.5728952772,2018-12-01,2018-12-01 23:50:00,552207,4215.6847783400,60129.2000000000,18056.4934732971,91.0000000000,0.0050397382,91,1,2026-06-28 02:00:00
2765,7.5701574264,2018-12-02,2018-12-02 23:50:00,552320,4138.3828355200,60129.2000000000,18056.4934732971,91.0000000000,0.0050397382,91,1,2026-06-28 02:00:00
2764,7.5674195756,2018-12-03,2018-12-03 23:50:00,552435,3892.7593391100,60129.2000000000,18056.4934732971,91.0000000000,0.0050397382,91,1,2026-06-28 02:00:00
2763,7.5646817248,2018-12-04,2018-12-04 23:50:00,552572,3996.7482073800,60129.2000000000,18056.4934732971,91.0000000000,0.0050397382,91,1,2026-06-28 02:00:00
2762,7.5619438741,2018-12-05,2018-12-05 23:50:00,552702,3753.9948266300,60129.2000000000,18056.4934732971,91.0000000000,0.0050397382,91,1,2026-06-28 02:00:00
2761,7.5592060233,2018-12-06,2018-12-06 23:50:00,552836,3521.1017238400,60129.2000000000,18056.4934732971,91.0000000000,0.0050397382,91,1,2026-06-28 02:00:00
2760,7.5564681725,2018-12-07,2018-12-07 23:50:00,552952,3419.9372003500,60129.2000000000,18056.4934732971,91.0000000000,0.0050397382,91,1,2026-06-28 02:00:00
2759,7.5537303217,2018-12-08,2018-12-08 23:50:00,553078,3476.1147145200,60129.2000000000,18056.4934732971,91.0000000000,0.0050397382,91,1,2026-06-28 02:00:00
2758,7.5509924709,2018-12-09,2018-12-09 23:50:00,553205,3616.2102579800,60129.2000000000,18056.4934732971,91.0000000000,0.0050397382,91,1,2026-06-28 02:00:00
2757,7.5482546201,2018-12-10,2018-12-10 23:50:00,553329,3505.4796825400,60129.2000000000,18056.4934732971,91.0000000000,0.0050397382,91,1,2026-06-28 02:00:00
2756,7.5455167693,2018-12-11,2018-12-11 23:50:00,553455,3423.5194881200,60129.2000000000,18056.4934732971,91.0000000000,0.0050397382,91,1,2026-06-28 02:00:00
2755,7.5427789185,2018-12-12,2018-12-12 23:50:00,553575,3481.2366735900,60129.2000000000,18056.4934732971,91.0000000000,0.0050397382,91,1,2026-06-28 02:00:00
2754,7.5400410678,2018-12-13,2018-12-13 23:50:00,553706,3312.0035248600,60129.2000000000,18056.4934732971,91.0000000000,0.0050397382,91,1,2026-06-28 02:00:00
2753,7.5373032170,2018-12-14,2018-12-14 23:50:00,553853,3242.1941335900,60129.2000000000,18056.4934732971,91.0000000000,0.0050397382,91,1,2026-06-28 02:00:00
2752,7.5345653662,2018-12-15,2018-12-15 23:50:00,554002,3237.0570847400,60129.2000000000,18056.4934732971,91.0000000000,0.0050397382,91,1,2026-06-28 02:00:00
2751,7.5318275154,2018-12-16,2018-12-16 23:50:00,554115,3255.2201380200,60129.2000000000,18056.4934732971,91.0000000000,0.0050397382,91,1,2026-06-28 02:00:00
2750,7.5290896646,2018-12-17,2018-12-17 23:50:00,554275,3545.3513900900,60129.2000000000,18056.4934732971,91.0000000000,0.0050397382,91,1,2026-06-28 02:00:00
2749,7.5263518138,2018-12-18,2018-12-18 23:50:00,554405,3695.4306338000,60129.2000000000,18056.4934732971,91.0000000000,0.0050397382,91,1,2026-06-28 02:00:00
2748,7.5236139630,2018-12-19,2018-12-19 23:50:00,554553,3747.4298577800,60129.2000000000,18056.4934732971,91.0000000000,0.0050397382,91,1,2026-06-28 02:00:00
2747,7.5208761123,2018-12-20,2018-12-20 23:50:00,554688,4132.2252904000,60129.2000000000,18056.4934732971,91.0000000000,0.0050397382,91,1,2026-06-28 02:00:00
2746,7.5181382615,2018-12-21,2018-12-21 23:50:00,554828,3894.3932109800,60129.2000000000,18056.4934732971,91.0000000000,0.0050397382,91,1,2026-06-28 02:00:00
2745,7.5154004107,2018-12-22,2018-12-22 23:50:00,555001,4012.1645812200,60129.2000000000,18056.4934732971,91.0000000000,0.0050397382,91,1,2026-06-28 02:00:00
2744,7.5126625599,2018-12-23,2018-12-23 23:50:00,555179,3998.5285854600,60129.2000000000,18056.4934732971,91.0000000000,0.0050397382,91,1,2026-06-28 02:00:00
2743,7.5099247091,2018-12-24,2018-12-24 23:50:00,555332,4080.4789609600,60129.2000000000,18056.4934732971,91.0000000000,0.0050397382,91,1,2026-06-28 02:00:00
2742,7.5071868583,2018-12-25,2018-12-25 23:50:00,555490,3815.4906096600,60129.2000000000,18056.4934732971,91.0000000000,0.0050397382,91,1,2026-06-28 02:00:00
2741,7.5044490075,2018-12-26,2018-12-26 23:50:00,555646,3855.9311587900,60129.2000000000,18056.4934732971,91.0000000000,0.0050397382,91,1,2026-06-28 02:00:00
2740,7.5017111567,2018-12-27,2018-12-27 23:50:00,555822,3659.3099015200,60129.2000000000,18056.4934732971,91.0000000000,0.0050397382,91,1,2026-06-28 02:00:00
2739,7.4989733060,2018-12-28,2018-12-28 23:50:00,555989,3926.3291364000,60129.2000000000,18056.4934732971,91.0000000000,0.0050397382,91,1,2026-06-28 02:00:00
2738,7.4962354552,2018-12-29,2018-12-29 23:50:00,556127,3827.7772996400,60129.2000000000,18056.4934732971,91.0000000000,0.0050397382,91,1,2026-06-28 02:00:00
2737,7.4934976044,2018-12-30,2018-12-30 23:50:00,556302,3867.2723614900,60129.2000000000,18056.4934732971,91.0000000000,0.0050397382,91,1,2026-06-28 02:00:00
2736,7.4907597536,2018-12-31,2018-12-31 23:50:00,556456,3741.2967951800,60129.2000000000,18056.4934732971,91.0000000000,0.0050397382,91,1,2026-06-28 02:00:00
2735,7.4880219028,2019-01-01,2019-01-01 23:50:00,556607,3840.9592489900,60129.2000000000,18740.1270054780,90.0000000000,0.0048025288,90,1,2026-06-28 02:00:00
2734,7.4852840520,2019-01-02,2019-01-02 23:50:00,556756,3943.2898433500,60129.2000000000,18740.1270054780,90.0000000000,0.0048025288,90,1,2026-06-28 02:00:00
2733,7.4825462012,2019-01-03,2019-01-03 23:50:00,556912,3836.5580479300,60129.2000000000,18740.1270054780,90.0000000000,0.0048025288,90,1,2026-06-28 02:00:00
2732,7.4798083504,2019-01-04,2019-01-04 23:50:00,557059,3858.2382800200,60129.2000000000,18740.1270054780,90.0000000000,0.0048025288,90,1,2026-06-28 02:00:00
2731,7.4770704997,2019-01-05,2019-01-05 23:50:00,557225,3841.0611702900,60129.2000000000,18740.1270054780,90.0000000000,0.0048025288,90,1,2026-06-28 02:00:00
2730,7.4743326489,2019-01-06,2019-01-06 23:50:00,557366,4076.2033195600,60129.2000000000,18740.1270054780,90.0000000000,0.0048025288,90,1,2026-06-28 02:00:00
2729,7.4715947981,2019-01-07,2019-01-07 23:50:00,557504,4024.4620664500,60129.2000000000,18740.1270054780,90.0000000000,0.0048025288,90,1,2026-06-28 02:00:00
2728,7.4688569473,2019-01-08,2019-01-08 23:50:00,557675,4033.5547536300,60129.2000000000,18740.1270054780,90.0000000000,0.0048025288,90,1,2026-06-28 02:00:00
2727,7.4661190965,2019-01-09,2019-01-09 23:50:00,557839,4035.7129408200,60129.2000000000,18740.1270054780,90.0000000000,0.0048025288,90,1,2026-06-28 02:00:00
2726,7.4633812457,2019-01-10,2019-01-10 23:50:00,557993,3679.7934740800,60129.2000000000,18740.1270054780,90.0000000000,0.0048025288,90,1,2026-06-28 02:00:00
2725,7.4606433949,2019-01-11,2019-01-11 23:50:00,558142,3686.2199285700,60129.2000000000,18740.1270054780,90.0000000000,0.0048025288,90,1,2026-06-28 02:00:00
2724,7.4579055441,2019-01-12,2019-01-12 23:50:00,558281,3660.8992821900,60129.2000000000,18740.1270054780,90.0000000000,0.0048025288,90,1,2026-06-28 02:00:00
2723,7.4551676934,2019-01-13,2019-01-13 23:50:00,558418,3552.0091698300,60129.2000000000,18740.1270054780,90.0000000000,0.0048025288,90,1,2026-06-28 02:00:00
2722,7.4524298426,2019-01-14,2019-01-14 23:50:00,558568,3706.0522204100,60129.2000000000,18740.1270054780,90.0000000000,0.0048025288,90,1,2026-06-28 02:00:00
2721,7.4496919918,2019-01-15,2019-01-15 23:50:00,558700,3629.3994895000,60129.2000000000,18740.1270054780,90.0000000000,0.0048025288,90,1,2026-06-28 02:00:00
2720,7.4469541410,2019-01-16,2019-01-16 23:50:00,558833,3656.4647752400,60129.2000000000,18740.1270054780,90.0000000000,0.0048025288,90,1,2026-06-28 02:00:00
2719,7.4442162902,2019-01-17,2019-01-17 23:50:00,558960,3679.8126213000,60129.2000000000,18740.1270054780,90.0000000000,0.0048025288,90,1,2026-06-28 02:00:00
2718,7.4414784394,2019-01-18,2019-01-18 23:50:00,559097,3653.6664613000,60129.2000000000,18740.1270054780,90.0000000000,0.0048025288,90,1,2026-06-28 02:00:00
2717,7.4387405886,2019-01-19,2019-01-19 23:50:00,559229,3729.0822985000,60129.2000000000,18740.1270054780,90.0000000000,0.0048025288,90,1,2026-06-28 02:00:00
2716,7.4360027379,2019-01-20,2019-01-20 23:50:00,559386,3602.9466938800,60129.2000000000,18740.1270054780,90.0000000000,0.0048025288,90,1,2026-06-28 02:00:00
2715,7.4332648871,2019-01-21,2019-01-21 23:50:00,559536,3577.0258597800,60129.2000000000,18740.1270054780,90.0000000000,0.0048025288,90,1,2026-06-28 02:00:00
2714,7.4305270363,2019-01-22,2019-01-22 23:50:00,559667,3605.0456537100,60129.2000000000,18740.1270054780,90.0000000000,0.0048025288,90,1,2026-06-28 02:00:00
2713,7.4277891855,2019-01-23,2019-01-23 23:50:00,559814,3585.1230663600,60129.2000000000,18740.1270054780,90.0000000000,0.0048025288,90,1,2026-06-28 02:00:00
2712,7.4250513347,2019-01-24,2019-01-24 23:50:00,559976,3605.0100028800,60129.2000000000,18740.1270054780,90.0000000000,0.0048025288,90,1,2026-06-28 02:00:00
2711,7.4223134839,2019-01-25,2019-01-25 23:50:00,560112,3602.0680367700,60129.2000000000,18740.1270054780,90.0000000000,0.0048025288,90,1,2026-06-28 02:00:00
2710,7.4195756331,2019-01-26,2019-01-26 23:50:00,560262,3601.7521559100,60129.2000000000,18740.1270054780,90.0000000000,0.0048025288,90,1,2026-06-28 02:00:00
2709,7.4168377823,2019-01-27,2019-01-27 23:50:00,560398,3586.6922163800,60129.2000000000,18740.1270054780,90.0000000000,0.0048025288,90,1,2026-06-28 02:00:00
2708,7.4140999316,2019-01-28,2019-01-28 23:50:00,560545,3472.3398050300,60129.2000000000,18740.1270054780,90.0000000000,0.0048025288,90,1,2026-06-28 02:00:00
2707,7.4113620808,2019-01-29,2019-01-29 23:50:00,560691,3447.0337696900,60129.2000000000,18740.1270054780,90.0000000000,0.0048025288,90,1,2026-06-28 02:00:00
2706,7.4086242300,2019-01-30,2019-01-30 23:50:00,560827,3485.3190571000,60129.2000000000,18740.1270054780,90.0000000000,0.0048025288,90,1,2026-06-28 02:00:00
2705,7.4058863792,2019-01-31,2019-01-31 23:50:00,560983,3457.1918590300,60129.2000000000,18740.1270054780,90.0000000000,0.0048025288,90,1,2026-06-28 02:00:00
2704,7.4031485284,2019-02-01,2019-02-01 23:50:00,561140,3488.6546767400,60129.2000000000,19594.1277291990,89.0000000000,0.0045421772,89,1,2026-06-28 02:00:00
2703,7.4004106776,2019-02-02,2019-02-02 23:50:00,561284,3526.7685208900,60129.2000000000,19594.1277291990,89.0000000000,0.0045421772,89,1,2026-06-28 02:00:00
2702,7.3976728268,2019-02-03,2019-02-03 23:50:00,561423,3461.4967207100,60129.2000000000,19594.1277291990,89.0000000000,0.0045421772,89,1,2026-06-28 02:00:00
2701,7.3949349760,2019-02-04,2019-02-04 23:50:00,561570,3456.7853735200,60129.2000000000,19594.1277291990,89.0000000000,0.0045421772,89,1,2026-06-28 02:00:00
2700,7.3921971253,2019-02-05,2019-02-05 23:50:00,561714,3460.7247957700,60129.2000000000,19594.1277291990,89.0000000000,0.0045421772,89,1,2026-06-28 02:00:00
2699,7.3894592745,2019-02-06,2019-02-06 23:50:00,561879,3412.8326453700,60129.2000000000,19594.1277291990,89.0000000000,0.0045421772,89,1,2026-06-28 02:00:00
2698,7.3867214237,2019-02-07,2019-02-07 23:50:00,562054,3400.6012536000,60129.2000000000,19594.1277291990,89.0000000000,0.0045421772,89,1,2026-06-28 02:00:00
2697,7.3839835729,2019-02-08,2019-02-08 23:50:00,562217,3661.6593387000,60129.2000000000,19594.1277291990,89.0000000000,0.0045421772,89,1,2026-06-28 02:00:00
2696,7.3812457221,2019-02-09,2019-02-09 23:50:00,562367,3671.8105587200,60129.2000000000,19594.1277291990,89.0000000000,0.0045421772,89,1,2026-06-28 02:00:00
2695,7.3785078713,2019-02-10,2019-02-10 23:50:00,562507,3684.2495698800,60129.2000000000,19594.1277291990,89.0000000000,0.0045421772,89,1,2026-06-28 02:00:00
2694,7.3757700205,2019-02-11,2019-02-11 23:50:00,562650,3648.0933523100,60129.2000000000,19594.1277291990,89.0000000000,0.0045421772,89,1,2026-06-28 02:00:00
2693,7.3730321697,2019-02-12,2019-02-12 23:50:00,562780,3653.9911055500,60129.2000000000,19594.1277291990,89.0000000000,0.0045421772,89,1,2026-06-28 02:00:00
2692,7.3702943190,2019-02-13,2019-02-13 23:50:00,562933,3631.3432938500,60129.2000000000,19594.1277291990,89.0000000000,0.0045421772,89,1,2026-06-28 02:00:00
2691,7.3675564682,2019-02-14,2019-02-14 23:50:00,563075,3616.3696862400,60129.2000000000,19594.1277291990,89.0000000000,0.0045421772,89,1,2026-06-28 02:00:00
2690,7.3648186174,2019-02-15,2019-02-15 23:50:00,563201,3623.2245187300,60129.2000000000,19594.1277291990,89.0000000000,0.0045421772,89,1,2026-06-28 02:00:00
2689,7.3620807666,2019-02-16,2019-02-16 23:50:00,563351,3631.0060736000,60129.2000000000,19594.1277291990,89.0000000000,0.0045421772,89,1,2026-06-28 02:00:00
2688,7.3593429158,2019-02-17,2019-02-17 23:50:00,563510,3677.1183544800,60129.2000000000,19594.1277291990,89.0000000000,0.0045421772,89,1,2026-06-28 02:00:00
2687,7.3566050650,2019-02-18,2019-02-18 23:50:00,563664,3915.1539300000,60129.2000000000,19594.1277291990,89.0000000000,0.0045421772,89,1,2026-06-28 02:00:00
2686,7.3538672142,2019-02-19,2019-02-19 23:50:00,563820,3946.1535445800,60129.2000000000,19594.1277291990,89.0000000000,0.0045421772,89,1,2026-06-28 02:00:00
2685,7.3511293634,2019-02-20,2019-02-20 23:50:00,563949,3996.9023451400,60129.2000000000,19594.1277291990,89.0000000000,0.0045421772,89,1,2026-06-28 02:00:00
2684,7.3483915127,2019-02-21,2019-02-21 23:50:00,564070,3952.2103642000,60129.2000000000,19594.1277291990,89.0000000000,0.0045421772,89,1,2026-06-28 02:00:00
2683,7.3456536619,2019-02-22,2019-02-22 23:50:00,564231,4002.2913313000,60129.2000000000,19594.1277291990,89.0000000000,0.0045421772,89,1,2026-06-28 02:00:00
2682,7.3429158111,2019-02-23,2019-02-23 23:50:00,564376,4145.9880905000,60129.2000000000,19594.1277291990,89.0000000000,0.0045421772,89,1,2026-06-28 02:00:00
2681,7.3401779603,2019-02-24,2019-02-24 23:50:00,564513,3814.9375750400,60129.2000000000,19594.1277291990,89.0000000000,0.0045421772,89,1,2026-06-28 02:00:00
2680,7.3374401095,2019-02-25,2019-02-25 23:50:00,564656,3884.9355583600,60129.2000000000,19594.1277291990,89.0000000000,0.0045421772,89,1,2026-06-28 02:00:00
2679,7.3347022587,2019-02-26,2019-02-26 23:50:00,564816,3857.5610773400,60129.2000000000,19594.1277291990,89.0000000000,0.0045421772,89,1,2026-06-28 02:00:00
2678,7.3319644079,2019-02-27,2019-02-27 23:50:00,564956,3851.0235527000,60129.2000000000,19594.1277291990,89.0000000000,0.0045421772,89,1,2026-06-28 02:00:00
2677,7.3292265572,2019-02-28,2019-02-28 23:50:00,565107,3855.6737810100,60129.2000000000,19594.1277291990,89.0000000000,0.0045421772,89,1,2026-06-28 02:00:00
2676,7.3264887064,2019-03-01,2019-03-01 23:50:00,565270,3861.8706931800,60129.2000000000,20678.9571729846,88.0000000000,0.0042555337,88,1,2026-06-28 02:00:00
2675,7.3237508556,2019-03-02,2019-03-02 23:50:00,565402,3867.5741817800,60129.2000000000,20678.9571729846,88.0000000000,0.0042555337,88,1,2026-06-28 02:00:00
2674,7.3210130048,2019-03-03,2019-03-03 23:50:00,565547,3845.5943111800,60129.2000000000,20678.9571729846,88.0000000000,0.0042555337,88,1,2026-06-28 02:00:00
2673,7.3182751540,2019-03-04,2019-03-04 23:50:00,565684,3761.0068591500,60129.2000000000,20678.9571729846,88.0000000000,0.0042555337,88,1,2026-06-28 02:00:00
2672,7.3155373032,2019-03-05,2019-03-05 23:50:00,565832,3894.0674737200,60129.2000000000,20678.9571729846,88.0000000000,0.0042555337,88,1,2026-06-28 02:00:00
2671,7.3127994524,2019-03-06,2019-03-06 23:50:00,565960,3905.4072226900,60129.2000000000,20678.9571729846,88.0000000000,0.0042555337,88,1,2026-06-28 02:00:00
2670,7.3100616016,2019-03-07,2019-03-07 23:50:00,566103,3911.0620833800,60129.2000000000,20678.9571729846,88.0000000000,0.0042555337,88,1,2026-06-28 02:00:00
2669,7.3073237509,2019-03-08,2019-03-08 23:50:00,566247,3898.2561647500,60129.2000000000,20678.9571729846,88.0000000000,0.0042555337,88,1,2026-06-28 02:00:00
2668,7.3045859001,2019-03-09,2019-03-09 23:50:00,566388,3960.9652572400,60129.2000000000,20678.9571729846,88.0000000000,0.0042555337,88,1,2026-06-28 02:00:00
2667,7.3018480493,2019-03-10,2019-03-10 23:50:00,566524,3953.8349280600,60129.2000000000,20678.9571729846,88.0000000000,0.0042555337,88,1,2026-06-28 02:00:00
2666,7.2991101985,2019-03-11,2019-03-11 23:50:00,566666,3906.1298629900,60129.2000000000,20678.9571729846,88.0000000000,0.0042555337,88,1,2026-06-28 02:00:00
2665,7.2963723477,2019-03-12,2019-03-12 23:50:00,566809,3911.2962052600,60129.2000000000,20678.9571729846,88.0000000000,0.0042555337,88,1,2026-06-28 02:00:00
2664,7.2936344969,2019-03-13,2019-03-13 23:50:00,566944,3906.5418911500,60129.2000000000,20678.9571729846,88.0000000000,0.0042555337,88,1,2026-06-28 02:00:00
2663,7.2908966461,2019-03-14,2019-03-14 23:50:00,567098,3913.5173675500,60129.2000000000,20678.9571729846,88.0000000000,0.0042555337,88,1,2026-06-28 02:00:00
2662,7.2881587953,2019-03-15,2019-03-15 23:50:00,567251,3958.6689844300,60129.2000000000,20678.9571729846,88.0000000000,0.0042555337,88,1,2026-06-28 02:00:00
2661,7.2854209446,2019-03-16,2019-03-16 23:50:00,567415,4048.9084994800,60129.2000000000,20678.9571729846,88.0000000000,0.0042555337,88,1,2026-06-28 02:00:00
2660,7.2826830938,2019-03-17,2019-03-17 23:50:00,567560,4028.8488828700,60129.2000000000,20678.9571729846,88.0000000000,0.0042555337,88,1,2026-06-28 02:00:00
2659,7.2799452430,2019-03-18,2019-03-18 23:50:00,567722,4034.6740829100,60129.2000000000,20678.9571729846,88.0000000000,0.0042555337,88,1,2026-06-28 02:00:00
2658,7.2772073922,2019-03-19,2019-03-19 23:50:00,567896,4070.4887861300,60129.2000000000,20678.9571729846,88.0000000000,0.0042555337,88,1,2026-06-28 02:00:00
2657,7.2744695414,2019-03-20,2019-03-20 23:50:00,568054,4086.3782434400,60129.2000000000,20678.9571729846,88.0000000000,0.0042555337,88,1,2026-06-28 02:00:00
2656,7.2717316906,2019-03-21,2019-03-21 23:50:00,568199,4031.4894468700,60129.2000000000,20678.9571729846,88.0000000000,0.0042555337,88,1,2026-06-28 02:00:00
2655,7.2689938398,2019-03-22,2019-03-22 23:50:00,568360,4023.9104345100,60129.2000000000,20678.9571729846,88.0000000000,0.0042555337,88,1,2026-06-28 02:00:00
2654,7.2662559890,2019-03-23,2019-03-23 23:50:00,568505,4036.5766927000,60129.2000000000,20678.9571729846,88.0000000000,0.0042555337,88,1,2026-06-28 02:00:00
2653,7.2635181383,2019-03-24,2019-03-24 23:50:00,568654,4018.8696986900,60129.2000000000,20678.9571729846,88.0000000000,0.0042555337,88,1,2026-06-28 02:00:00
2652,7.2607802875,2019-03-25,2019-03-25 23:50:00,568803,3963.7839787900,60129.2000000000,20678.9571729846,88.0000000000,0.0042555337,88,1,2026-06-28 02:00:00
2651,7.2580424367,2019-03-26,2019-03-26 23:50:00,568937,3985.0808028700,60129.2000000000,20678.9571729846,88.0000000000,0.0042555337,88,1,2026-06-28 02:00:00
2650,7.2553045859,2019-03-27,2019-03-27 23:50:00,569087,4086.6778626600,60129.2000000000,20678.9571729846,88.0000000000,0.0042555337,88,1,2026-06-28 02:00:00
2649,7.2525667351,2019-03-28,2019-03-28 23:50:00,569232,4069.1071497700,60129.2000000000,20678.9571729846,88.0000000000,0.0042555337,88,1,2026-06-28 02:00:00
2648,7.2498288843,2019-03-29,2019-03-29 23:50:00,569379,4098.3745405900,60129.2000000000,20678.9571729846,88.0000000000,0.0042555337,88,1,2026-06-28 02:00:00
2647,7.2470910335,2019-03-30,2019-03-30 23:50:00,569518,4096.9196372500,60129.2000000000,20678.9571729846,88.0000000000,0.0042555337,88,1,2026-06-28 02:00:00
2646,7.2443531828,2019-03-31,2019-03-31 23:50:00,569658,4104.2342331288,60129.2000000000,20678.9571729846,88.0000000000,0.0042555337,88,1,2026-06-28 02:00:00
2645,7.2416153320,2019-04-01,2019-04-01 23:50:00,569793,4157.4656993700,60129.2000000000,21768.5474720179,87.0000000000,0.0039965919,87,1,2026-06-28 02:00:00
2644,7.2388774812,2019-04-02,2019-04-02 23:50:00,569951,4886.7496967900,60129.2000000000,21768.5474720179,87.0000000000,0.0039965919,87,1,2026-06-28 02:00:00
2643,7.2361396304,2019-04-03,2019-04-03 23:50:00,570093,4971.3077410400,60129.2000000000,21768.5474720179,87.0000000000,0.0039965919,87,1,2026-06-28 02:00:00
2642,7.2334017796,2019-04-04,2019-04-04 23:50:00,570233,4922.7987877800,60129.2000000000,21768.5474720179,87.0000000000,0.0039965919,87,1,2026-06-28 02:00:00
2641,7.2306639288,2019-04-05,2019-04-05 23:50:00,570390,5036.7930236500,60129.2000000000,21768.5474720179,87.0000000000,0.0039965919,87,1,2026-06-28 02:00:00
2640,7.2279260780,2019-04-06,2019-04-06 23:50:00,570528,5062.7937613400,60129.2000000000,21768.5474720179,87.0000000000,0.0039965919,87,1,2026-06-28 02:00:00
2639,7.2251882272,2019-04-07,2019-04-07 23:50:00,570671,5198.8969901400,60129.2000000000,21768.5474720179,87.0000000000,0.0039965919,87,1,2026-06-28 02:00:00
2638,7.2224503765,2019-04-08,2019-04-08 23:50:00,570818,5289.9179813700,60129.2000000000,21768.5474720179,87.0000000000,0.0039965919,87,1,2026-06-28 02:00:00
2637,7.2197125257,2019-04-09,2019-04-09 23:50:00,570951,5204.9583784700,60129.2000000000,21768.5474720179,87.0000000000,0.0039965919,87,1,2026-06-28 02:00:00
2636,7.2169746749,2019-04-10,2019-04-10 23:50:00,571099,5325.0815552900,60129.2000000000,21768.5474720179,87.0000000000,0.0039965919,87,1,2026-06-28 02:00:00
2635,7.2142368241,2019-04-11,2019-04-11 23:50:00,571256,5064.4876724300,60129.2000000000,21768.5474720179,87.0000000000,0.0039965919,87,1,2026-06-28 02:00:00
2634,7.2114989733,2019-04-12,2019-04-12 23:50:00,571406,5088.8499732900,60129.2000000000,21768.5474720179,87.0000000000,0.0039965919,87,1,2026-06-28 02:00:00
2633,7.2087611225,2019-04-13,2019-04-13 23:50:00,571541,5096.5865627600,60129.2000000000,21768.5474720179,87.0000000000,0.0039965919,87,1,2026-06-28 02:00:00
2632,7.2060232717,2019-04-14,2019-04-14 23:50:00,571664,5167.3219828600,60129.2000000000,21768.5474720179,87.0000000000,0.0039965919,87,1,2026-06-28 02:00:00
2631,7.2032854209,2019-04-15,2019-04-15 23:50:00,571806,5066.1871545800,60129.2000000000,21768.5474720179,87.0000000000,0.0039965919,87,1,2026-06-28 02:00:00
2630,7.2005475702,2019-04-16,2019-04-16 23:50:00,571954,5237.5952090500,60129.2000000000,21768.5474720179,87.0000000000,0.0039965919,87,1,2026-06-28 02:00:00
2629,7.1978097194,2019-04-17,2019-04-17 23:50:00,572089,5251.6638002100,60129.2000000000,21768.5474720179,87.0000000000,0.0039965919,87,1,2026-06-28 02:00:00
2628,7.1950718686,2019-04-18,2019-04-18 23:50:00,572240,5299.1645945300,60129.2000000000,21768.5474720179,87.0000000000,0.0039965919,87,1,2026-06-28 02:00:00
2627,7.1923340178,2019-04-19,2019-04-19 23:50:00,572392,5305.4551370500,60129.2000000000,21768.5474720179,87.0000000000,0.0039965919,87,1,2026-06-28 02:00:00
2626,7.1895961670,2019-04-20,2019-04-20 23:50:00,572524,5337.3785183400,60129.2000000000,21768.5474720179,87.0000000000,0.0039965919,87,1,2026-06-28 02:00:00
2625,7.1868583162,2019-04-21,2019-04-21 23:50:00,572685,5314.5314532000,60129.2000000000,21768.5474720179,87.0000000000,0.0039965919,87,1,2026-06-28 02:00:00
2624,7.1841204654,2019-04-22,2019-04-22 23:50:00,572820,5399.7113969900,60129.2000000000,21768.5474720179,87.0000000000,0.0039965919,87,1,2026-06-28 02:00:00
2623,7.1813826146,2019-04-23,2019-04-23 23:50:00,572935,5571.9772267900,60129.2000000000,21768.5474720179,87.0000000000,0.0039965919,87,1,2026-06-28 02:00:00
2622,7.1786447639,2019-04-24,2019-04-24 23:50:00,573099,5464.8666418200,60129.2000000000,21768.5474720179,87.0000000000,0.0039965919,87,1,2026-06-28 02:00:00
2621,7.1759069131,2019-04-25,2019-04-25 23:50:00,573241,5210.5936214100,60129.2000000000,21768.5474720179,87.0000000000,0.0039965919,87,1,2026-06-28 02:00:00
2620,7.1731690623,2019-04-26,2019-04-26 23:50:00,573392,5280.6148452100,60129.2000000000,21768.5474720179,87.0000000000,0.0039965919,87,1,2026-06-28 02:00:00
2619,7.1704312115,2019-04-27,2019-04-27 23:50:00,573530,5266.4581439500,60129.2000000000,21768.5474720179,87.0000000000,0.0039965919,87,1,2026-06-28 02:00:00
2618,7.1676933607,2019-04-28,2019-04-28 23:50:00,573691,5285.1390082200,60129.2000000000,21768.5474720179,87.0000000000,0.0039965919,87,1,2026-06-28 02:00:00
2617,7.1649555099,2019-04-29,2019-04-29 23:50:00,573855,5248.2042709100,60129.2000000000,21768.5474720179,87.0000000000,0.0039965919,87,1,2026-06-28 02:00:00
2616,7.1622176591,2019-04-30,2019-04-30 23:50:00,573995,5350.0325011700,60129.2000000000,21768.5474720179,87.0000000000,0.0039965919,87,1,2026-06-28 02:00:00
2615,7.1594798084,2019-05-01,2019-05-01 23:50:00,574167,5401.0296361900,60129.2000000000,22896.3284195325,86.0000000000,0.0037560607,86,1,2026-06-28 02:00:00
2614,7.1567419576,2019-05-02,2019-05-02 23:50:00,574351,5505.2836717600,60129.2000000000,22896.3284195325,86.0000000000,0.0037560607,86,1,2026-06-28 02:00:00
2613,7.1540041068,2019-05-03,2019-05-03 23:50:00,574499,5768.2894069300,60129.2000000000,22896.3284195325,86.0000000000,0.0037560607,86,1,2026-06-28 02:00:00
2612,7.1512662560,2019-05-04,2019-05-04 23:50:00,574632,5829.9390303100,60129.2000000000,22896.3284195325,86.0000000000,0.0037560607,86,1,2026-06-28 02:00:00
2611,7.1485284052,2019-05-05,2019-05-05 23:50:00,574764,5790.9987585900,60129.2000000000,22896.3284195325,86.0000000000,0.0037560607,86,1,2026-06-28 02:00:00
2610,7.1457905544,2019-05-06,2019-05-06 23:50:00,574914,5750.2606552800,60129.2000000000,22896.3284195325,86.0000000000,0.0037560607,86,1,2026-06-28 02:00:00
2609,7.1430527036,2019-05-07,2019-05-07 23:50:00,575042,5843.4950662800,60129.2000000000,22896.3284195325,86.0000000000,0.0037560607,86,1,2026-06-28 02:00:00
2608,7.1403148528,2019-05-08,2019-05-08 23:50:00,575192,5983.7606126800,60129.2000000000,22896.3284195325,86.0000000000,0.0037560607,86,1,2026-06-28 02:00:00
2607,7.1375770021,2019-05-09,2019-05-09 23:50:00,575344,6174.1323480800,60129.2000000000,22896.3284195325,86.0000000000,0.0037560607,86,1,2026-06-28 02:00:00
2606,7.1348391513,2019-05-10,2019-05-10 23:50:00,575468,6379.2921179400,60129.2000000000,22896.3284195325,86.0000000000,0.0037560607,86,1,2026-06-28 02:00:00
2605,7.1321013005,2019-05-11,2019-05-11 23:50:00,575598,7212.2931791200,60129.2000000000,22896.3284195325,86.0000000000,0.0037560607,86,1,2026-06-28 02:00:00
2604,7.1293634497,2019-05-12,2019-05-12 23:50:00,575756,6972.3715229100,60129.2000000000,22896.3284195325,86.0000000000,0.0037560607,86,1,2026-06-28 02:00:00
2603,7.1266255989,2019-05-13,2019-05-13 23:50:00,575924,7807.1343813300,60129.2000000000,22896.3284195325,86.0000000000,0.0037560607,86,1,2026-06-28 02:00:00
2602,7.1238877481,2019-05-14,2019-05-14 23:50:00,576076,7994.4161563200,60129.2000000000,22896.3284195325,86.0000000000,0.0037560607,86,1,2026-06-28 02:00:00
2601,7.1211498973,2019-05-15,2019-05-15 23:50:00,576223,8205.1674948400,60129.2000000000,22896.3284195325,86.0000000000,0.0037560607,86,1,2026-06-28 02:00:00
2600,7.1184120465,2019-05-16,2019-05-16 23:50:00,576371,7883.3929052500,60129.2000000000,22896.3284195325,86.0000000000,0.0037560607,86,1,2026-06-28 02:00:00
2599,7.1156741958,2019-05-17,2019-05-17 23:50:00,576520,7332.3336281200,60129.2000000000,22896.3284195325,86.0000000000,0.0037560607,86,1,2026-06-28 02:00:00
2598,7.1129363450,2019-05-18,2019-05-18 23:50:00,576674,7272.8703646000,60129.2000000000,22896.3284195325,86.0000000000,0.0037560607,86,1,2026-06-28 02:00:00
2597,7.1101984942,2019-05-19,2019-05-19 23:50:00,576838,8197.0815499100,60129.2000000000,22896.3284195325,86.0000000000,0.0037560607,86,1,2026-06-28 02:00:00
2596,7.1074606434,2019-05-20,2019-05-20 23:50:00,576999,7977.2817283400,60129.2000000000,22896.3284195325,86.0000000000,0.0037560607,86,1,2026-06-28 02:00:00
2595,7.1047227926,2019-05-21,2019-05-21 23:50:00,577151,7964.0871682800,60129.2000000000,22896.3284195325,86.0000000000,0.0037560607,86,1,2026-06-28 02:00:00
2594,7.1019849418,2019-05-22,2019-05-22 23:50:00,577319,7684.8421461100,60129.2000000000,22896.3284195325,86.0000000000,0.0037560607,86,1,2026-06-28 02:00:00
2593,7.0992470910,2019-05-23,2019-05-23 23:50:00,577475,7881.8467210500,60129.2000000000,22896.3284195325,86.0000000000,0.0037560607,86,1,2026-06-28 02:00:00
2592,7.0965092402,2019-05-24,2019-05-24 23:50:00,577628,7987.3715658300,60129.2000000000,22896.3284195325,86.0000000000,0.0037560607,86,1,2026-06-28 02:00:00
2591,7.0937713895,2019-05-25,2019-05-25 23:50:00,577769,8052.5438590700,60129.2000000000,22896.3284195325,86.0000000000,0.0037560607,86,1,2026-06-28 02:00:00
2590,7.0910335387,2019-05-26,2019-05-26 23:50:00,577935,8674.0724031800,60129.2000000000,22896.3284195325,86.0000000000,0.0037560607,86,1,2026-06-28 02:00:00
2589,7.0882956879,2019-05-27,2019-05-27 23:50:00,578102,8802.7581997500,60129.2000000000,22896.3284195325,86.0000000000,0.0037560607,86,1,2026-06-28 02:00:00
2588,7.0855578371,2019-05-28,2019-05-28 23:50:00,578264,8719.9617362000,60129.2000000000,22896.3284195325,86.0000000000,0.0037560607,86,1,2026-06-28 02:00:00
2587,7.0828199863,2019-05-29,2019-05-29 23:50:00,578439,8658.6202156900,60129.2000000000,22896.3284195325,86.0000000000,0.0037560607,86,1,2026-06-28 02:00:00
2586,7.0800821355,2019-05-30,2019-05-30 23:50:00,578599,8313.2130537900,60129.2000000000,22896.3284195325,86.0000000000,0.0037560607,86,1,2026-06-28 02:00:00
2585,7.0773442847,2019-05-31,2019-05-31 23:50:00,578716,8584.0374993600,60129.2000000000,22896.3284195325,86.0000000000,0.0037560607,86,1,2026-06-28 02:00:00
2584,7.0746064339,2019-06-01,2019-06-01 23:50:00,578868,8567.4957993200,60129.2000000000,23803.4506203622,85.0000000000,0.0035709108,85,1,2026-06-28 02:00:00
2583,7.0718685832,2019-06-02,2019-06-02 23:50:00,578998,8744.9985848800,60129.2000000000,23803.4506203622,85.0000000000,0.0035709108,85,1,2026-06-28 02:00:00
2582,7.0691307324,2019-06-03,2019-06-03 23:50:00,579118,8214.5450161100,60129.2000000000,23803.4506203622,85.0000000000,0.0035709108,85,1,2026-06-28 02:00:00
2581,7.0663928816,2019-06-04,2019-06-04 23:50:00,579271,7694.7904634700,60129.2000000000,23803.4506203622,85.0000000000,0.0035709108,85,1,2026-06-28 02:00:00
2580,7.0636550308,2019-06-05,2019-06-05 23:50:00,579432,7820.4974293700,60129.2000000000,23803.4506203622,85.0000000000,0.0035709108,85,1,2026-06-28 02:00:00
2579,7.0609171800,2019-06-06,2019-06-06 23:50:00,579588,7823.9682618700,60129.2000000000,23803.4506203622,85.0000000000,0.0035709108,85,1,2026-06-28 02:00:00
2578,7.0581793292,2019-06-07,2019-06-07 23:50:00,579747,8042.6245527200,60129.2000000000,23803.4506203622,85.0000000000,0.0035709108,85,1,2026-06-28 02:00:00
2577,7.0554414784,2019-06-08,2019-06-08 23:50:00,579869,7941.7591903600,60129.2000000000,23803.4506203622,85.0000000000,0.0035709108,85,1,2026-06-28 02:00:00
2576,7.0527036277,2019-06-09,2019-06-09 23:50:00,580017,7686.7051703800,60129.2000000000,23803.4506203622,85.0000000000,0.0035709108,85,1,2026-06-28 02:00:00
2575,7.0499657769,2019-06-10,2019-06-10 23:50:00,580174,7994.9166742200,60129.2000000000,23803.4506203622,85.0000000000,0.0035709108,85,1,2026-06-28 02:00:00
2574,7.0472279261,2019-06-11,2019-06-11 23:50:00,580318,7923.1955719500,60129.2000000000,23803.4506203622,85.0000000000,0.0035709108,85,1,2026-06-28 02:00:00
2573,7.0444900753,2019-06-12,2019-06-12 23:50:00,580449,8139.6123389700,60129.2000000000,23803.4506203622,85.0000000000,0.0035709108,85,1,2026-06-28 02:00:00
2572,7.0417522245,2019-06-13,2019-06-13 23:50:00,580596,8226.3949943800,60129.2000000000,23803.4506203622,85.0000000000,0.0035709108,85,1,2026-06-28 02:00:00
2571,7.0390143737,2019-06-14,2019-06-14 23:50:00,580769,8690.3978563000,60129.2000000000,23803.4506203622,85.0000000000,0.0035709108,85,1,2026-06-28 02:00:00
2570,7.0362765229,2019-06-15,2019-06-15 23:50:00,580913,8839.6942612800,60129.2000000000,23803.4506203622,85.0000000000,0.0035709108,85,1,2026-06-28 02:00:00
2569,7.0335386721,2019-06-16,2019-06-16 23:50:00,581043,8993.5198550800,60129.2000000000,23803.4506203622,85.0000000000,0.0035709108,85,1,2026-06-28 02:00:00
2568,7.0308008214,2019-06-17,2019-06-17 23:50:00,581176,9323.1887729100,60129.2000000000,23803.4506203622,85.0000000000,0.0035709108,85,1,2026-06-28 02:00:00
2567,7.0280629706,2019-06-18,2019-06-18 23:50:00,581341,9070.3517160000,60129.2000000000,23803.4506203622,85.0000000000,0.0035709108,85,1,2026-06-28 02:00:00
2566,7.0253251198,2019-06-19,2019-06-19 23:50:00,581517,9276.7718236400,60129.2000000000,23803.4506203622,85.0000000000,0.0035709108,85,1,2026-06-28 02:00:00
2565,7.0225872690,2019-06-20,2019-06-20 23:50:00,581659,9527.8533661600,60129.2000000000,23803.4506203622,85.0000000000,0.0035709108,85,1,2026-06-28 02:00:00
2564,7.0198494182,2019-06-21,2019-06-21 23:50:00,581793,10118.5985274000,60129.2000000000,23803.4506203622,85.0000000000,0.0035709108,85,1,2026-06-28 02:00:00
2563,7.0171115674,2019-06-22,2019-06-22 23:50:00,581936,10694.2934800000,60129.2000000000,23803.4506203622,85.0000000000,0.0035709108,85,1,2026-06-28 02:00:00
2562,7.0143737166,2019-06-23,2019-06-23 23:50:00,582115,10842.5148341000,60129.2000000000,23803.4506203622,85.0000000000,0.0035709108,85,1,2026-06-28 02:00:00
2561,7.0116358658,2019-06-24,2019-06-24 23:50:00,582292,11006.9875879000,60129.2000000000,23803.4506203622,85.0000000000,0.0035709108,85,1,2026-06-28 02:00:00
2560,7.0088980151,2019-06-25,2019-06-25 23:50:00,582437,11784.6041669000,60129.2000000000,23803.4506203622,85.0000000000,0.0035709108,85,1,2026-06-28 02:00:00
2559,7.0061601643,2019-06-26,2019-06-26 23:50:00,582605,13003.3251831000,60129.2000000000,23803.4506203622,85.0000000000,0.0035709108,85,1,2026-06-28 02:00:00
2558,7.0034223135,2019-06-27,2019-06-27 23:50:00,582747,11151.3707985000,60129.2000000000,23803.4506203622,85.0000000000,0.0035709108,85,1,2026-06-28 02:00:00
2557,7.0006844627,2019-06-28,2019-06-28 23:50:00,582909,12392.3293102000,60129.2000000000,23803.4506203622,85.0000000000,0.0035709108,85,1,2026-06-28 02:00:00
2556,6.9979466119,2019-06-29,2019-06-29 23:50:00,583084,11958.9651413000,60129.2000000000,23803.4506203622,85.0000000000,0.0035709108,85,1,2026-06-28 02:00:00
2555,6.9952087611,2019-06-30,2019-06-30 23:50:00,583235,10817.5692473000,60129.2000000000,23803.4506203622,85.0000000000,0.0035709108,85,1,2026-06-28 02:00:00
2554,6.9924709103,2019-07-01,2019-07-01 23:50:00,583378,10590.7580719000,60129.2000000000,24318.2872929827,84.0000000000,0.0034541906,84,1,2026-06-28 02:00:00
2553,6.9897330595,2019-07-02,2019-07-02 23:50:00,583532,10810.4966905000,60129.2000000000,24318.2872929827,84.0000000000,0.0034541906,84,1,2026-06-28 02:00:00
2552,6.9869952088,2019-07-03,2019-07-03 23:50:00,583708,11953.3879742000,60129.2000000000,24318.2872929827,84.0000000000,0.0034541906,84,1,2026-06-28 02:00:00
2551,6.9842573580,2019-07-04,2019-07-04 23:50:00,583875,11212.6101976000,60129.2000000000,24318.2872929827,84.0000000000,0.0034541906,84,1,2026-06-28 02:00:00
2550,6.9815195072,2019-07-05,2019-07-05 23:50:00,584059,10984.1057812000,60129.2000000000,24318.2872929827,84.0000000000,0.0034541906,84,1,2026-06-28 02:00:00
2549,6.9787816564,2019-07-06,2019-07-06 23:50:00,584242,11209.2110757000,60129.2000000000,24318.2872929827,84.0000000000,0.0034541906,84,1,2026-06-28 02:00:00
2548,6.9760438056,2019-07-07,2019-07-07 23:50:00,584396,11451.3503881000,60129.2000000000,24318.2872929827,84.0000000000,0.0034541906,84,1,2026-06-28 02:00:00
2547,6.9733059548,2019-07-08,2019-07-08 23:50:00,584574,12285.7323738000,60129.2000000000,24318.2872929827,84.0000000000,0.0034541906,84,1,2026-06-28 02:00:00
2546,6.9705681040,2019-07-09,2019-07-09 23:50:00,584726,12560.6272457000,60129.2000000000,24318.2872929827,84.0000000000,0.0034541906,84,1,2026-06-28 02:00:00
2545,6.9678302533,2019-07-10,2019-07-10 23:50:00,584855,12152.5890505000,60129.2000000000,24318.2872929827,84.0000000000,0.0034541906,84,1,2026-06-28 02:00:00
2544,6.9650924025,2019-07-11,2019-07-11 23:50:00,584986,11345.7367321000,60129.2000000000,24318.2872929827,84.0000000000,0.0034541906,84,1,2026-06-28 02:00:00
2543,6.9623545517,2019-07-12,2019-07-12 23:50:00,585149,11816.4282932000,60129.2000000000,24318.2872929827,84.0000000000,0.0034541906,84,1,2026-06-28 02:00:00
2542,6.9596167009,2019-07-13,2019-07-13 23:50:00,585291,11373.0446962000,60129.2000000000,24318.2872929827,84.0000000000,0.0034541906,84,1,2026-06-28 02:00:00
2541,6.9568788501,2019-07-14,2019-07-14 23:50:00,585435,10258.3435750000,60129.2000000000,24318.2872929827,84.0000000000,0.0034541906,84,1,2026-06-28 02:00:00
2540,6.9541409993,2019-07-15,2019-07-15 23:50:00,585581,10902.4940933000,60129.2000000000,24318.2872929827,84.0000000000,0.0034541906,84,1,2026-06-28 02:00:00
2539,6.9514031485,2019-07-16,2019-07-16 23:50:00,585743,9493.3175597400,60129.2000000000,24318.2872929827,84.0000000000,0.0034541906,84,1,2026-06-28 02:00:00
2538,6.9486652977,2019-07-17,2019-07-17 23:50:00,585877,9694.4506863900,60129.2000000000,24318.2872929827,84.0000000000,0.0034541906,84,1,2026-06-28 02:00:00
2537,6.9459274470,2019-07-18,2019-07-18 23:50:00,585998,10663.3319664000,60129.2000000000,24318.2872929827,84.0000000000,0.0034541906,84,1,2026-06-28 02:00:00
2536,6.9431895962,2019-07-19,2019-07-19 23:50:00,586115,10533.9668428000,60129.2000000000,24318.2872929827,84.0000000000,0.0034541906,84,1,2026-06-28 02:00:00
2535,6.9404517454,2019-07-20,2019-07-20 23:50:00,586292,10770.4048064000,60129.2000000000,24318.2872929827,84.0000000000,0.0034541906,84,1,2026-06-28 02:00:00
2534,6.9377138946,2019-07-21,2019-07-21 23:50:00,586441,10598.6005555000,60129.2000000000,24318.2872929827,84.0000000000,0.0034541906,84,1,2026-06-28 02:00:00
2533,6.9349760438,2019-07-22,2019-07-22 23:50:00,586599,10339.5348432000,60129.2000000000,24318.2872929827,84.0000000000,0.0034541906,84,1,2026-06-28 02:00:00
2532,6.9322381930,2019-07-23,2019-07-23 23:50:00,586740,9900.1096996900,60129.2000000000,24318.2872929827,84.0000000000,0.0034541906,84,1,2026-06-28 02:00:00
2531,6.9295003422,2019-07-24,2019-07-24 23:50:00,586881,9821.9930263300,60129.2000000000,24318.2872929827,84.0000000000,0.0034541906,84,1,2026-06-28 02:00:00
2530,6.9267624914,2019-07-25,2019-07-25 23:50:00,587031,9912.8091424400,60129.2000000000,24318.2872929827,84.0000000000,0.0034541906,84,1,2026-06-28 02:00:00
2529,6.9240246407,2019-07-26,2019-07-26 23:50:00,587197,9872.5147204800,60129.2000000000,24318.2872929827,84.0000000000,0.0034541906,84,1,2026-06-28 02:00:00
2528,6.9212867899,2019-07-27,2019-07-27 23:50:00,587349,9457.6032636100,60129.2000000000,24318.2872929827,84.0000000000,0.0034541906,84,1,2026-06-28 02:00:00
2527,6.9185489391,2019-07-28,2019-07-28 23:50:00,587524,9555.3675842400,60129.2000000000,24318.2872929827,84.0000000000,0.0034541906,84,1,2026-06-28 02:00:00
2526,6.9158110883,2019-07-29,2019-07-29 23:50:00,587693,9521.4919129900,60129.2000000000,24318.2872929827,84.0000000000,0.0034541906,84,1,2026-06-28 02:00:00
2525,6.9130732375,2019-07-30,2019-07-30 23:50:00,587833,9604.7420039500,60129.2000000000,24318.2872929827,84.0000000000,0.0034541906,84,1,2026-06-28 02:00:00
2524,6.9103353867,2019-07-31,2019-07-31 23:50:00,588004,10085.6277491000,60129.2000000000,24318.2872929827,84.0000000000,0.0034541906,84,1,2026-06-28 02:00:00
2523,6.9075975359,2019-08-01,2019-08-01 23:50:00,588146,10399.6694229000,60129.2000000000,24704.0817223148,83.0000000000,0.0033597687,83,1,2026-06-28 02:00:00
2522,6.9048596851,2019-08-02,2019-08-02 23:50:00,588316,10518.1746772000,60129.2000000000,24704.0817223148,83.0000000000,0.0033597687,83,1,2026-06-28 02:00:00
2521,6.9021218344,2019-08-03,2019-08-03 23:50:00,588488,10821.7265103000,60129.2000000000,24704.0817223148,83.0000000000,0.0033597687,83,1,2026-06-28 02:00:00
2520,6.8993839836,2019-08-04,2019-08-04 23:50:00,588655,10970.1842157000,60129.2000000000,24704.0817223148,83.0000000000,0.0033597687,83,1,2026-06-28 02:00:00
2519,6.8966461328,2019-08-05,2019-08-05 23:50:00,588798,11805.6537253000,60129.2000000000,24704.0817223148,83.0000000000,0.0033597687,83,1,2026-06-28 02:00:00
2518,6.8939082820,2019-08-06,2019-08-06 23:50:00,588961,11478.1693461000,60129.2000000000,24704.0817223148,83.0000000000,0.0033597687,83,1,2026-06-28 02:00:00
2517,6.8911704312,2019-08-07,2019-08-07 23:50:00,589114,11941.9683406000,60129.2000000000,24704.0817223148,83.0000000000,0.0033597687,83,1,2026-06-28 02:00:00
2516,6.8884325804,2019-08-08,2019-08-08 23:50:00,589254,11966.4074050000,60129.2000000000,24704.0817223148,83.0000000000,0.0033597687,83,1,2026-06-28 02:00:00
2515,6.8856947296,2019-08-09,2019-08-09 23:50:00,589401,11862.9367600000,60129.2000000000,24704.0817223148,83.0000000000,0.0033597687,83,1,2026-06-28 02:00:00
2514,6.8829568789,2019-08-10,2019-08-10 23:50:00,589554,11354.0242177000,60129.2000000000,24704.0817223148,83.0000000000,0.0033597687,83,1,2026-06-28 02:00:00
2513,6.8802190281,2019-08-11,2019-08-11 23:50:00,589705,11523.5793784000,60129.2000000000,24704.0817223148,83.0000000000,0.0033597687,83,1,2026-06-28 02:00:00
2512,6.8774811773,2019-08-12,2019-08-12 23:50:00,589839,11382.6159562000,60129.2000000000,24704.0817223148,83.0000000000,0.0033597687,83,1,2026-06-28 02:00:00
2511,6.8747433265,2019-08-13,2019-08-13 23:50:00,589997,10895.8304358000,60129.2000000000,24704.0817223148,83.0000000000,0.0033597687,83,1,2026-06-28 02:00:00
2510,6.8720054757,2019-08-14,2019-08-14 23:50:00,590148,10038.4217089000,60129.2000000000,24704.0817223148,83.0000000000,0.0033597687,83,1,2026-06-28 02:00:00
2509,6.8692676249,2019-08-15,2019-08-15 23:50:00,590301,10311.5454290000,60129.2000000000,24704.0817223148,83.0000000000,0.0033597687,83,1,2026-06-28 02:00:00
2508,6.8665297741,2019-08-16,2019-08-16 23:50:00,590452,10374.3393471000,60129.2000000000,24704.0817223148,83.0000000000,0.0033597687,83,1,2026-06-28 02:00:00
2507,6.8637919233,2019-08-17,2019-08-17 23:50:00,590581,10231.7438454000,60129.2000000000,24704.0817223148,83.0000000000,0.0033597687,83,1,2026-06-28 02:00:00
2506,6.8610540726,2019-08-18,2019-08-18 23:50:00,590707,10345.8103795000,60129.2000000000,24704.0817223148,83.0000000000,0.0033597687,83,1,2026-06-28 02:00:00
2505,6.8583162218,2019-08-19,2019-08-19 23:50:00,590870,10916.0538702000,60129.2000000000,24704.0817223148,83.0000000000,0.0033597687,83,1,2026-06-28 02:00:00
2504,6.8555783710,2019-08-20,2019-08-20 23:50:00,591022,10763.2326304000,60129.2000000000,24704.0817223148,83.0000000000,0.0033597687,83,1,2026-06-28 02:00:00
2503,6.8528405202,2019-08-21,2019-08-21 23:50:00,591159,10138.0493550000,60129.2000000000,24704.0817223148,83.0000000000,0.0033597687,83,1,2026-06-28 02:00:00
2502,6.8501026694,2019-08-22,2019-08-22 23:50:00,591298,10131.0561021000,60129.2000000000,24704.0817223148,83.0000000000,0.0033597687,83,1,2026-06-28 02:00:00
2501,6.8473648186,2019-08-23,2019-08-23 23:50:00,591452,10407.9653290000,60129.2000000000,24704.0817223148,83.0000000000,0.0033597687,83,1,2026-06-28 02:00:00
2500,6.8446269678,2019-08-24,2019-08-24 23:50:00,591608,10159.9605385000,60129.2000000000,24704.0817223148,83.0000000000,0.0033597687,83,1,2026-06-28 02:00:00
2499,6.8418891170,2019-08-25,2019-08-25 23:50:00,591768,10138.5176650000,60129.2000000000,24704.0817223148,83.0000000000,0.0033597687,83,1,2026-06-28 02:00:00
2498,6.8391512663,2019-08-26,2019-08-26 23:50:00,591905,10372.8263035000,60129.2000000000,24704.0817223148,83.0000000000,0.0033597687,83,1,2026-06-28 02:00:00
2497,6.8364134155,2019-08-27,2019-08-27 23:50:00,592039,10185.4998997000,60129.2000000000,24704.0817223148,83.0000000000,0.0033597687,83,1,2026-06-28 02:00:00
2496,6.8336755647,2019-08-28,2019-08-28 23:50:00,592190,9756.7857073500,60129.2000000000,24704.0817223148,83.0000000000,0.0033597687,83,1,2026-06-28 02:00:00
2495,6.8309377139,2019-08-29,2019-08-29 23:50:00,592355,9510.2005441300,60129.2000000000,24704.0817223148,83.0000000000,0.0033597687,83,1,2026-06-28 02:00:00
2494,6.8281998631,2019-08-30,2019-08-30 23:50:00,592515,9598.1736482600,60129.2000000000,24704.0817223148,83.0000000000,0.0033597687,83,1,2026-06-28 02:00:00
2493,6.8254620123,2019-08-31,2019-08-31 23:50:00,592679,9630.5931961600,60129.2000000000,24704.0817223148,83.0000000000,0.0033597687,83,1,2026-06-28 02:00:00
2492,6.8227241615,2019-09-01,2019-09-01 23:50:00,592823,9757.9703180700,60129.2000000000,25125.5374820769,82.0000000000,0.0032636118,82,1,2026-06-28 02:00:00
2491,6.8199863107,2019-09-02,2019-09-02 23:50:00,592974,10346.7607927000,60129.2000000000,25125.5374820769,82.0000000000,0.0032636118,82,1,2026-06-28 02:00:00
2490,6.8172484600,2019-09-03,2019-09-03 23:50:00,593137,10623.5401172000,60129.2000000000,25125.5374820769,82.0000000000,0.0032636118,82,1,2026-06-28 02:00:00
2489,6.8145106092,2019-09-04,2019-09-04 23:50:00,593272,10594.4933536000,60129.2000000000,25125.5374820769,82.0000000000,0.0032636118,82,1,2026-06-28 02:00:00
2488,6.8117727584,2019-09-05,2019-09-05 23:50:00,593439,10575.5332840000,60129.2000000000,25125.5374820769,82.0000000000,0.0032636118,82,1,2026-06-28 02:00:00
2487,6.8090349076,2019-09-06,2019-09-06 23:50:00,593595,10353.3025592000,60129.2000000000,25125.5374820769,82.0000000000,0.0032636118,82,1,2026-06-28 02:00:00
2486,6.8062970568,2019-09-07,2019-09-07 23:50:00,593746,10517.2547840000,60129.2000000000,25125.5374820769,82.0000000000,0.0032636118,82,1,2026-06-28 02:00:00
2485,6.8035592060,2019-09-08,2019-09-08 23:50:00,593924,10441.2759790000,60129.2000000000,25125.5374820769,82.0000000000,0.0032636118,82,1,2026-06-28 02:00:00
2484,6.8008213552,2019-09-09,2019-09-09 23:50:00,594070,10334.9741628000,60129.2000000000,25125.5374820769,82.0000000000,0.0032636118,82,1,2026-06-28 02:00:00
2483,6.7980835044,2019-09-10,2019-09-10 23:50:00,594251,10115.9757913000,60129.2000000000,25125.5374820769,82.0000000000,0.0032636118,82,1,2026-06-28 02:00:00
2482,6.7953456537,2019-09-11,2019-09-11 23:50:00,594435,10178.3718893000,60129.2000000000,25125.5374820769,82.0000000000,0.0032636118,82,1,2026-06-28 02:00:00
2481,6.7926078029,2019-09-12,2019-09-12 23:50:00,594593,10410.1268031000,60129.2000000000,25125.5374820769,82.0000000000,0.0032636118,82,1,2026-06-28 02:00:00
2480,6.7898699521,2019-09-13,2019-09-13 23:50:00,594743,10360.5472773000,60129.2000000000,25125.5374820769,82.0000000000,0.0032636118,82,1,2026-06-28 02:00:00
2479,6.7871321013,2019-09-14,2019-09-14 23:50:00,594897,10358.0491621000,60129.2000000000,25125.5374820769,82.0000000000,0.0032636118,82,1,2026-06-28 02:00:00
2478,6.7843942505,2019-09-15,2019-09-15 23:50:00,595046,10347.7129074000,60129.2000000000,25125.5374820769,82.0000000000,0.0032636118,82,1,2026-06-28 02:00:00
2477,6.7816563997,2019-09-16,2019-09-16 23:50:00,595209,10276.7935649000,60129.2000000000,25125.5374820769,82.0000000000,0.0032636118,82,1,2026-06-28 02:00:00
2476,6.7789185489,2019-09-17,2019-09-17 23:50:00,595356,10241.2721545000,60129.2000000000,25125.5374820769,82.0000000000,0.0032636118,82,1,2026-06-28 02:00:00
2475,6.7761806982,2019-09-18,2019-09-18 23:50:00,595531,10198.2484072000,60129.2000000000,25125.5374820769,82.0000000000,0.0032636118,82,1,2026-06-28 02:00:00
2474,6.7734428474,2019-09-19,2019-09-19 23:50:00,595678,10266.4149694000,60129.2000000000,25125.5374820769,82.0000000000,0.0032636118,82,1,2026-06-28 02:00:00
2473,6.7707049966,2019-09-20,2019-09-20 23:50:00,595830,10181.6413094000,60129.2000000000,25125.5374820769,82.0000000000,0.0032636118,82,1,2026-06-28 02:00:00
2472,6.7679671458,2019-09-21,2019-09-21 23:50:00,595994,10019.7169101000,60129.2000000000,25125.5374820769,82.0000000000,0.0032636118,82,1,2026-06-28 02:00:00
2471,6.7652292950,2019-09-22,2019-09-22 23:50:00,596162,10070.3921064000,60129.2000000000,25125.5374820769,82.0000000000,0.0032636118,82,1,2026-06-28 02:00:00
2470,6.7624914442,2019-09-23,2019-09-23 23:50:00,596272,9729.3237643500,60129.2000000000,25125.5374820769,82.0000000000,0.0032636118,82,1,2026-06-28 02:00:00
2469,6.7597535934,2019-09-24,2019-09-24 23:50:00,596432,8620.5664273300,60129.2000000000,25125.5374820769,82.0000000000,0.0032636118,82,1,2026-06-28 02:00:00
2468,6.7570157426,2019-09-25,2019-09-25 23:50:00,596588,8486.9929720600,60129.2000000000,25125.5374820769,82.0000000000,0.0032636118,82,1,2026-06-28 02:00:00
2467,6.7542778919,2019-09-26,2019-09-26 23:50:00,596759,8118.9675678300,60129.2000000000,25125.5374820769,82.0000000000,0.0032636118,82,1,2026-06-28 02:00:00
2466,6.7515400411,2019-09-27,2019-09-27 23:50:00,596891,8251.8455574400,60129.2000000000,25125.5374820769,82.0000000000,0.0032636118,82,1,2026-06-28 02:00:00
2465,6.7488021903,2019-09-28,2019-09-28 23:50:00,597051,8245.9151547800,60129.2000000000,25125.5374820769,82.0000000000,0.0032636118,82,1,2026-06-28 02:00:00
2464,6.7460643395,2019-09-29,2019-09-29 23:50:00,597186,8104.1856756400,60129.2000000000,25125.5374820769,82.0000000000,0.0032636118,82,1,2026-06-28 02:00:00
2463,6.7433264887,2019-09-30,2019-09-30 23:50:00,597317,8293.8677406200,60129.2000000000,25125.5374820769,82.0000000000,0.0032636118,82,1,2026-06-28 02:00:00
2462,6.7405886379,2019-10-01,2019-10-01 23:50:00,597458,8343.2766814000,60129.2000000000,25623.7367349287,81.0000000000,0.0031611314,81,1,2026-06-28 02:00:00
2461,6.7378507871,2019-10-02,2019-10-02 23:50:00,597607,8393.0416448600,60129.2000000000,25623.7367349287,81.0000000000,0.0031611314,81,1,2026-06-28 02:00:00
2460,6.7351129363,2019-10-03,2019-10-03 23:50:00,597754,8259.9919786300,60129.2000000000,25623.7367349287,81.0000000000,0.0031611314,81,1,2026-06-28 02:00:00
2459,6.7323750856,2019-10-04,2019-10-04 23:50:00,597902,8205.9392412100,60129.2000000000,25623.7367349287,81.0000000000,0.0031611314,81,1,2026-06-28 02:00:00
2458,6.7296372348,2019-10-05,2019-10-05 23:50:00,598058,8151.5005292100,60129.2000000000,25623.7367349287,81.0000000000,0.0031611314,81,1,2026-06-28 02:00:00
2457,6.7268993840,2019-10-06,2019-10-06 23:50:00,598206,7988.1559588800,60129.2000000000,25623.7367349287,81.0000000000,0.0031611314,81,1,2026-06-28 02:00:00
2456,6.7241615332,2019-10-07,2019-10-07 23:50:00,598363,8245.6229330000,60129.2000000000,25623.7367349287,81.0000000000,0.0031611314,81,1,2026-06-28 02:00:00
2455,6.7214236824,2019-10-08,2019-10-08 23:50:00,598524,8228.7831528000,60129.2000000000,25623.7367349287,81.0000000000,0.0031611314,81,1,2026-06-28 02:00:00
2454,6.7186858316,2019-10-09,2019-10-09 23:50:00,598663,8595.7398172200,60129.2000000000,25623.7367349287,81.0000000000,0.0031611314,81,1,2026-06-28 02:00:00
2453,6.7159479808,2019-10-10,2019-10-10 23:50:00,598825,8583.1788414000,60129.2000000000,25623.7367349287,81.0000000000,0.0031611314,81,1,2026-06-28 02:00:00
2452,6.7132101300,2019-10-11,2019-10-11 23:50:00,598980,8321.1187310900,60129.2000000000,25623.7367349287,81.0000000000,0.0031611314,81,1,2026-06-28 02:00:00
2451,6.7104722793,2019-10-12,2019-10-12 23:50:00,599114,8342.6955469800,60129.2000000000,25623.7367349287,81.0000000000,0.0031611314,81,1,2026-06-28 02:00:00
2450,6.7077344285,2019-10-13,2019-10-13 23:50:00,599256,8323.0826122400,60129.2000000000,25623.7367349287,81.0000000000,0.0031611314,81,1,2026-06-28 02:00:00
2449,6.7049965777,2019-10-14,2019-10-14 23:50:00,599389,8371.9891356000,60129.2000000000,25623.7367349287,81.0000000000,0.0031611314,81,1,2026-06-28 02:00:00
2448,6.7022587269,2019-10-15,2019-10-15 23:50:00,599545,8208.0334808600,60129.2000000000,25623.7367349287,81.0000000000,0.0031611314,81,1,2026-06-28 02:00:00
2447,6.6995208761,2019-10-16,2019-10-16 23:50:00,599686,8057.2956475400,60129.2000000000,25623.7367349287,81.0000000000,0.0031611314,81,1,2026-06-28 02:00:00
2446,6.6967830253,2019-10-17,2019-10-17 23:50:00,599836,8102.9528969400,60129.2000000000,25623.7367349287,81.0000000000,0.0031611314,81,1,2026-06-28 02:00:00
2445,6.6940451745,2019-10-18,2019-10-18 23:50:00,599998,7977.4188356400,60129.2000000000,25623.7367349287,81.0000000000,0.0031611314,81,1,2026-06-28 02:00:00
2444,6.6913073238,2019-10-19,2019-10-19 23:50:00,600140,7990.3125540200,60129.2000000000,25623.7367349287,81.0000000000,0.0031611314,81,1,2026-06-28 02:00:00
2443,6.6885694730,2019-10-20,2019-10-20 23:50:00,600285,8218.0728680500,60129.2000000000,25623.7367349287,81.0000000000,0.0031611314,81,1,2026-06-28 02:00:00
2442,6.6858316222,2019-10-21,2019-10-21 23:50:00,600444,8236.2773718200,60129.2000000000,25623.7367349287,81.0000000000,0.0031611314,81,1,2026-06-28 02:00:00
2441,6.6830937714,2019-10-22,2019-10-22 23:50:00,600613,8080.6156669500,60129.2000000000,25623.7367349287,81.0000000000,0.0031611314,81,1,2026-06-28 02:00:00
2440,6.6803559206,2019-10-23,2019-10-23 23:50:00,600779,7506.1600422700,60129.2000000000,25623.7367349287,81.0000000000,0.0031611314,81,1,2026-06-28 02:00:00
2439,6.6776180698,2019-10-24,2019-10-24 23:50:00,600913,7497.3100685400,60129.2000000000,25623.7367349287,81.0000000000,0.0031611314,81,1,2026-06-28 02:00:00
2438,6.6748802190,2019-10-25,2019-10-25 23:50:00,601052,8656.1721980200,60129.2000000000,25623.7367349287,81.0000000000,0.0031611314,81,1,2026-06-28 02:00:00
2437,6.6721423682,2019-10-26,2019-10-26 23:50:00,601192,9248.6050974500,60129.2000000000,25623.7367349287,81.0000000000,0.0031611314,81,1,2026-06-28 02:00:00
2436,6.6694045175,2019-10-27,2019-10-27 23:50:00,601307,9559.5290473500,60129.2000000000,25623.7367349287,81.0000000000,0.0031611314,81,1,2026-06-28 02:00:00
2435,6.6666666667,2019-10-28,2019-10-28 23:50:00,601440,9266.5414834400,60129.2000000000,25623.7367349287,81.0000000000,0.0031611314,81,1,2026-06-28 02:00:00
2434,6.6639288159,2019-10-29,2019-10-29 23:50:00,601574,9429.5642237800,60129.2000000000,25623.7367349287,81.0000000000,0.0031611314,81,1,2026-06-28 02:00:00
2433,6.6611909651,2019-10-30,2019-10-30 23:50:00,601708,9209.1400858800,60129.2000000000,25623.7367349287,81.0000000000,0.0031611314,81,1,2026-06-28 02:00:00
2432,6.6584531143,2019-10-31,2019-10-31 23:50:00,601840,9190.1593584100,60129.2000000000,25623.7367349287,81.0000000000,0.0031611314,81,1,2026-06-28 02:00:00
2431,6.6557152635,2019-11-01,2019-11-01 23:50:00,601971,9260.4172551000,60129.2000000000,26304.7617106617,80.0000000000,0.0030412745,80,1,2026-06-28 02:00:00
2430,6.6529774127,2019-11-02,2019-11-02 23:50:00,602105,9324.9296675800,60129.2000000000,26304.7617106617,80.0000000000,0.0030412745,80,1,2026-06-28 02:00:00
2429,6.6502395619,2019-11-03,2019-11-03 23:50:00,602242,9235.2052954900,60129.2000000000,26304.7617106617,80.0000000000,0.0030412745,80,1,2026-06-28 02:00:00
2428,6.6475017112,2019-11-04,2019-11-04 23:50:00,602373,9414.2706326800,60129.2000000000,26304.7617106617,80.0000000000,0.0030412745,80,1,2026-06-28 02:00:00
2427,6.6447638604,2019-11-05,2019-11-05 23:50:00,602519,9348.1292738400,60129.2000000000,26304.7617106617,80.0000000000,0.0030412745,80,1,2026-06-28 02:00:00
2426,6.6420260096,2019-11-06,2019-11-06 23:50:00,602651,9357.0143814900,60129.2000000000,26304.7617106617,80.0000000000,0.0030412745,80,1,2026-06-28 02:00:00
2425,6.6392881588,2019-11-07,2019-11-07 23:50:00,602784,9267.4794472600,60129.2000000000,26304.7617106617,80.0000000000,0.0030412745,80,1,2026-06-28 02:00:00
2424,6.6365503080,2019-11-08,2019-11-08 23:50:00,602914,8816.9508737200,60129.2000000000,26304.7617106617,80.0000000000,0.0030412745,80,1,2026-06-28 02:00:00
2423,6.6338124572,2019-11-09,2019-11-09 23:50:00,603058,8814.8826883500,60129.2000000000,26304.7617106617,80.0000000000,0.0030412745,80,1,2026-06-28 02:00:00
2422,6.6310746064,2019-11-10,2019-11-10 23:50:00,603223,9058.2260392100,60129.2000000000,26304.7617106617,80.0000000000,0.0030412745,80,1,2026-06-28 02:00:00
2421,6.6283367556,2019-11-11,2019-11-11 23:50:00,603375,8756.3173139500,60129.2000000000,26304.7617106617,80.0000000000,0.0030412745,80,1,2026-06-28 02:00:00
2420,6.6255989049,2019-11-12,2019-11-12 23:50:00,603509,8812.7186631700,60129.2000000000,26304.7617106617,80.0000000000,0.0030412745,80,1,2026-06-28 02:00:00
2419,6.6228610541,2019-11-13,2019-11-13 23:50:00,603643,8817.2615186800,60129.2000000000,26304.7617106617,80.0000000000,0.0030412745,80,1,2026-06-28 02:00:00
2418,6.6201232033,2019-11-14,2019-11-14 23:50:00,603814,8710.2850781600,60129.2000000000,26304.7617106617,80.0000000000,0.0030412745,80,1,2026-06-28 02:00:00
2417,6.6173853525,2019-11-15,2019-11-15 23:50:00,603971,8491.5573335400,60129.2000000000,26304.7617106617,80.0000000000,0.0030412745,80,1,2026-06-28 02:00:00
2416,6.6146475017,2019-11-16,2019-11-16 23:50:00,604119,8546.7319707000,60129.2000000000,26304.7617106617,80.0000000000,0.0030412745,80,1,2026-06-28 02:00:00
2415,6.6119096509,2019-11-17,2019-11-17 23:50:00,604273,8572.1850382700,60129.2000000000,26304.7617106617,80.0000000000,0.0030412745,80,1,2026-06-28 02:00:00
2414,6.6091718001,2019-11-18,2019-11-18 23:50:00,604414,8311.8108886500,60129.2000000000,26304.7617106617,80.0000000000,0.0030412745,80,1,2026-06-28 02:00:00
2413,6.6064339493,2019-11-19,2019-11-19 23:50:00,604559,8203.9373982800,60129.2000000000,26304.7617106617,80.0000000000,0.0030412745,80,1,2026-06-28 02:00:00
2412,6.6036960986,2019-11-20,2019-11-20 23:50:00,604703,8027.7793943700,60129.2000000000,26304.7617106617,80.0000000000,0.0030412745,80,1,2026-06-28 02:00:00
2411,6.6009582478,2019-11-21,2019-11-21 23:50:00,604840,7640.6367678200,60129.2000000000,26304.7617106617,80.0000000000,0.0030412745,80,1,2026-06-28 02:00:00
2410,6.5982203970,2019-11-22,2019-11-22 23:50:00,604970,7304.9623628800,60129.2000000000,26304.7617106617,80.0000000000,0.0030412745,80,1,2026-06-28 02:00:00
2409,6.5954825462,2019-11-23,2019-11-23 23:50:00,605145,7384.6978552600,60129.2000000000,26304.7617106617,80.0000000000,0.0030412745,80,1,2026-06-28 02:00:00
2408,6.5927446954,2019-11-24,2019-11-24 23:50:00,605276,7046.1417464700,60129.2000000000,26304.7617106617,80.0000000000,0.0030412745,80,1,2026-06-28 02:00:00
2407,6.5900068446,2019-11-25,2019-11-25 23:50:00,605401,7150.1287140800,60129.2000000000,26304.7617106617,80.0000000000,0.0030412745,80,1,2026-06-28 02:00:00
2406,6.5872689938,2019-11-26,2019-11-26 23:50:00,605522,7223.0358256300,60129.2000000000,26304.7617106617,80.0000000000,0.0030412745,80,1,2026-06-28 02:00:00
2405,6.5845311431,2019-11-27,2019-11-27 23:50:00,605658,7539.3465104800,60129.2000000000,26304.7617106617,80.0000000000,0.0030412745,80,1,2026-06-28 02:00:00
2404,6.5817932923,2019-11-28,2019-11-28 23:50:00,605825,7465.2258910700,60129.2000000000,26304.7617106617,80.0000000000,0.0030412745,80,1,2026-06-28 02:00:00
2403,6.5790554415,2019-11-29,2019-11-29 23:50:00,605958,7762.1795945300,60129.2000000000,26304.7617106617,80.0000000000,0.0030412745,80,1,2026-06-28 02:00:00
2402,6.5763175907,2019-11-30,2019-11-30 23:50:00,606087,7567.9749769500,60129.2000000000,26304.7617106617,80.0000000000,0.0030412745,80,1,2026-06-28 02:00:00
2401,6.5735797399,2019-12-01,2019-12-01 23:50:00,606226,7425.8576643800,60129.2000000000,26932.2347155014,79.0000000000,0.0029332880,79,1,2026-06-28 02:00:00
2400,6.5708418891,2019-12-02,2019-12-02 23:50:00,606371,7325.3348725600,60129.2000000000,26932.2347155014,79.0000000000,0.0029332880,79,1,2026-06-28 02:00:00
2399,6.5681040383,2019-12-03,2019-12-03 23:50:00,606528,7323.8121002100,60129.2000000000,26932.2347155014,79.0000000000,0.0029332880,79,1,2026-06-28 02:00:00
2398,6.5653661875,2019-12-04,2019-12-04 23:50:00,606691,7260.1000344300,60129.2000000000,26932.2347155014,79.0000000000,0.0029332880,79,1,2026-06-28 02:00:00
2397,6.5626283368,2019-12-05,2019-12-05 23:50:00,606840,7447.6673282000,60129.2000000000,26932.2347155014,79.0000000000,0.0029332880,79,1,2026-06-28 02:00:00
2396,6.5598904860,2019-12-06,2019-12-06 23:50:00,606984,7544.3790341600,60129.2000000000,26932.2347155014,79.0000000000,0.0029332880,79,1,2026-06-28 02:00:00
2395,6.5571526352,2019-12-07,2019-12-07 23:50:00,607140,7552.2996346400,60129.2000000000,26932.2347155014,79.0000000000,0.0029332880,79,1,2026-06-28 02:00:00
2394,6.5544147844,2019-12-08,2019-12-08 23:50:00,607287,7566.1817308300,60129.2000000000,26932.2347155014,79.0000000000,0.0029332880,79,1,2026-06-28 02:00:00
2393,6.5516769336,2019-12-09,2019-12-09 23:50:00,607434,7401.0115811700,60129.2000000000,26932.2347155014,79.0000000000,0.0029332880,79,1,2026-06-28 02:00:00
2392,6.5489390828,2019-12-10,2019-12-10 23:50:00,607583,7274.4626183900,60129.2000000000,26932.2347155014,79.0000000000,0.0029332880,79,1,2026-06-28 02:00:00
2391,6.5462012320,2019-12-11,2019-12-11 23:50:00,607716,7218.2564846900,60129.2000000000,26932.2347155014,79.0000000000,0.0029332880,79,1,2026-06-28 02:00:00
2390,6.5434633812,2019-12-12,2019-12-12 23:50:00,607850,7244.4894000300,60129.2000000000,26932.2347155014,79.0000000000,0.0029332880,79,1,2026-06-28 02:00:00
2389,6.5407255305,2019-12-13,2019-12-13 23:50:00,608000,7267.3591545200,60129.2000000000,26932.2347155014,79.0000000000,0.0029332880,79,1,2026-06-28 02:00:00
2388,6.5379876797,2019-12-14,2019-12-14 23:50:00,608153,7130.3579957200,60129.2000000000,26932.2347155014,79.0000000000,0.0029332880,79,1,2026-06-28 02:00:00
2387,6.5352498289,2019-12-15,2019-12-15 23:50:00,608276,7157.8299808800,60129.2000000000,26932.2347155014,79.0000000000,0.0029332880,79,1,2026-06-28 02:00:00
2386,6.5325119781,2019-12-16,2019-12-16 23:50:00,608434,6930.5058576800,60129.2000000000,26932.2347155014,79.0000000000,0.0029332880,79,1,2026-06-28 02:00:00
2385,6.5297741273,2019-12-17,2019-12-17 23:50:00,608574,6611.5104684600,60129.2000000000,26932.2347155014,79.0000000000,0.0029332880,79,1,2026-06-28 02:00:00
2384,6.5270362765,2019-12-18,2019-12-18 23:50:00,608708,7270.4696697500,60129.2000000000,26932.2347155014,79.0000000000,0.0029332880,79,1,2026-06-28 02:00:00
2383,6.5242984257,2019-12-19,2019-12-19 23:50:00,608866,7204.0210376000,60129.2000000000,26932.2347155014,79.0000000000,0.0029332880,79,1,2026-06-28 02:00:00
2382,6.5215605749,2019-12-20,2019-12-20 23:50:00,609021,7217.2697229800,60129.2000000000,26932.2347155014,79.0000000000,0.0029332880,79,1,2026-06-28 02:00:00
2381,6.5188227242,2019-12-21,2019-12-21 23:50:00,609197,7189.9063682100,60129.2000000000,26932.2347155014,79.0000000000,0.0029332880,79,1,2026-06-28 02:00:00
2380,6.5160848734,2019-12-22,2019-12-22 23:50:00,609365,7512.8006354100,60129.2000000000,26932.2347155014,79.0000000000,0.0029332880,79,1,2026-06-28 02:00:00
2379,6.5133470226,2019-12-23,2019-12-23 23:50:00,609509,7355.1683071400,60129.2000000000,26932.2347155014,79.0000000000,0.0029332880,79,1,2026-06-28 02:00:00
2378,6.5106091718,2019-12-24,2019-12-24 23:50:00,609635,7309.2139315800,60129.2000000000,26932.2347155014,79.0000000000,0.0029332880,79,1,2026-06-28 02:00:00
2377,6.5078713210,2019-12-25,2019-12-25 23:50:00,609762,7280.4524001800,60129.2000000000,26932.2347155014,79.0000000000,0.0029332880,79,1,2026-06-28 02:00:00
2376,6.5051334702,2019-12-26,2019-12-26 23:50:00,609930,7240.0270056000,60129.2000000000,26932.2347155014,79.0000000000,0.0029332880,79,1,2026-06-28 02:00:00
2375,6.5023956194,2019-12-27,2019-12-27 23:50:00,610073,7295.6072329400,60129.2000000000,26932.2347155014,79.0000000000,0.0029332880,79,1,2026-06-28 02:00:00
2374,6.4996577687,2019-12-28,2019-12-28 23:50:00,610223,7319.8908485300,60129.2000000000,26932.2347155014,79.0000000000,0.0029332880,79,1,2026-06-28 02:00:00
2373,6.4969199179,2019-12-29,2019-12-29 23:50:00,610379,7419.1794152700,60129.2000000000,26932.2347155014,79.0000000000,0.0029332880,79,1,2026-06-28 02:00:00
2372,6.4941820671,2019-12-30,2019-12-30 23:50:00,610543,7300.6742650700,60129.2000000000,26932.2347155014,79.0000000000,0.0029332880,79,1,2026-06-28 02:00:00
2371,6.4914442163,2019-12-31,2019-12-31 23:50:00,610690,7197.5271091700,60129.2000000000,26932.2347155014,79.0000000000,0.0029332880,79,1,2026-06-28 02:00:00
2370,6.4887063655,2020-01-01,2020-01-01 23:50:00,610862,7199.6611008700,60129.2000000000,27870.8454896327,78.0000000000,0.0027986234,78,1,2026-06-28 02:00:00
2369,6.4859685147,2020-01-02,2020-01-02 23:50:00,611005,6985.6590225700,60129.2000000000,27870.8454896327,78.0000000000,0.0027986234,78,1,2026-06-28 02:00:00
2368,6.4832306639,2020-01-03,2020-01-03 23:50:00,611171,7347.5973779100,60129.2000000000,27870.8454896327,78.0000000000,0.0027986234,78,1,2026-06-28 02:00:00
2367,6.4804928131,2020-01-04,2020-01-04 23:50:00,611341,7415.2024454600,60129.2000000000,27870.8454896327,78.0000000000,0.0027986234,78,1,2026-06-28 02:00:00
2366,6.4777549624,2020-01-05,2020-01-05 23:50:00,611504,7410.8125409200,60129.2000000000,27870.8454896327,78.0000000000,0.0027986234,78,1,2026-06-28 02:00:00
2365,6.4750171116,2020-01-06,2020-01-06 23:50:00,611640,7770.5284347300,60129.2000000000,27870.8454896327,78.0000000000,0.0027986234,78,1,2026-06-28 02:00:00
2364,6.4722792608,2020-01-07,2020-01-07 23:50:00,611815,8166.9631000300,60129.2000000000,27870.8454896327,78.0000000000,0.0027986234,78,1,2026-06-28 02:00:00
2363,6.4695414100,2020-01-08,2020-01-08 23:50:00,611956,8082.9505472700,60129.2000000000,27870.8454896327,78.0000000000,0.0027986234,78,1,2026-06-28 02:00:00
2362,6.4668035592,2020-01-09,2020-01-09 23:50:00,612115,7880.2882491300,60129.2000000000,27870.8454896327,78.0000000000,0.0027986234,78,1,2026-06-28 02:00:00
2361,6.4640657084,2020-01-10,2020-01-10 23:50:00,612263,8164.6557152600,60129.2000000000,27870.8454896327,78.0000000000,0.0027986234,78,1,2026-06-28 02:00:00
2360,6.4613278576,2020-01-11,2020-01-11 23:50:00,612426,8029.6421079500,60129.2000000000,27870.8454896327,78.0000000000,0.0027986234,78,1,2026-06-28 02:00:00
2359,6.4585900068,2020-01-12,2020-01-12 23:50:00,612577,8185.6403698500,60129.2000000000,27870.8454896327,78.0000000000,0.0027986234,78,1,2026-06-28 02:00:00
2358,6.4558521561,2020-01-13,2020-01-13 23:50:00,612720,8148.3188608200,60129.2000000000,27870.8454896327,78.0000000000,0.0027986234,78,1,2026-06-28 02:00:00
2357,6.4531143053,2020-01-14,2020-01-14 23:50:00,612865,8827.7644260600,60129.2000000000,27870.8454896327,78.0000000000,0.0027986234,78,1,2026-06-28 02:00:00
2356,6.4503764545,2020-01-15,2020-01-15 23:50:00,613016,8807.0102753200,60129.2000000000,27870.8454896327,78.0000000000,0.0027986234,78,1,2026-06-28 02:00:00
2355,6.4476386037,2020-01-16,2020-01-16 23:50:00,613176,8723.7857657300,60129.2000000000,27870.8454896327,78.0000000000,0.0027986234,78,1,2026-06-28 02:00:00
2354,6.4449007529,2020-01-17,2020-01-17 23:50:00,613334,8929.0376776000,60129.2000000000,27870.8454896327,78.0000000000,0.0027986234,78,1,2026-06-28 02:00:00
2353,6.4421629021,2020-01-18,2020-01-18 23:50:00,613466,8942.8089032100,60129.2000000000,27870.8454896327,78.0000000000,0.0027986234,78,1,2026-06-28 02:00:00
2352,6.4394250513,2020-01-19,2020-01-19 23:50:00,613616,8706.2451299300,60129.2000000000,27870.8454896327,78.0000000000,0.0027986234,78,1,2026-06-28 02:00:00
2351,6.4366872005,2020-01-20,2020-01-20 23:50:00,613769,8657.6429394200,60129.2000000000,27870.8454896327,78.0000000000,0.0027986234,78,1,2026-06-28 02:00:00
2350,6.4339493498,2020-01-21,2020-01-21 23:50:00,613920,8745.8947883300,60129.2000000000,27870.8454896327,78.0000000000,0.0027986234,78,1,2026-06-28 02:00:00
2349,6.4312114990,2020-01-22,2020-01-22 23:50:00,614076,8680.8760422200,60129.2000000000,27870.8454896327,78.0000000000,0.0027986234,78,1,2026-06-28 02:00:00
2348,6.4284736482,2020-01-23,2020-01-23 23:50:00,614236,8406.5160678000,60129.2000000000,27870.8454896327,78.0000000000,0.0027986234,78,1,2026-06-28 02:00:00
2347,6.4257357974,2020-01-24,2020-01-24 23:50:00,614388,8445.4342815200,60129.2000000000,27870.8454896327,78.0000000000,0.0027986234,78,1,2026-06-28 02:00:00
2346,6.4229979466,2020-01-25,2020-01-25 23:50:00,614550,8367.8477734400,60129.2000000000,27870.8454896327,78.0000000000,0.0027986234,78,1,2026-06-28 02:00:00
2345,6.4202600958,2020-01-26,2020-01-26 23:50:00,614695,8596.8298331600,60129.2000000000,27870.8454896327,78.0000000000,0.0027986234,78,1,2026-06-28 02:00:00
2344,6.4175222450,2020-01-27,2020-01-27 23:50:00,614825,8909.8191775300,60129.2000000000,27870.8454896327,78.0000000000,0.0027986234,78,1,2026-06-28 02:00:00
2343,6.4147843943,2020-01-28,2020-01-28 23:50:00,614967,9358.5903170300,60129.2000000000,27870.8454896327,78.0000000000,0.0027986234,78,1,2026-06-28 02:00:00
2342,6.4120465435,2020-01-29,2020-01-29 23:50:00,615126,9316.6295044500,60129.2000000000,27870.8454896327,78.0000000000,0.0027986234,78,1,2026-06-28 02:00:00
2341,6.4093086927,2020-01-30,2020-01-30 23:50:00,615283,9508.9935947000,60129.2000000000,27870.8454896327,78.0000000000,0.0027986234,78,1,2026-06-28 02:00:00
2340,6.4065708419,2020-01-31,2020-01-31 23:50:00,615426,9350.5293651800,60129.2000000000,27870.8454896327,78.0000000000,0.0027986234,78,1,2026-06-28 02:00:00
2339,6.4038329911,2020-02-01,2020-02-01 23:50:00,615576,9392.8753684100,60129.2000000000,28950.3291875584,77.0000000000,0.0026597280,77,1,2026-06-28 02:00:00
2338,6.4010951403,2020-02-02,2020-02-02 23:50:00,615720,9344.3652929200,60129.2000000000,28950.3291875584,77.0000000000,0.0026597280,77,1,2026-06-28 02:00:00
2337,6.3983572895,2020-02-03,2020-02-03 23:50:00,615868,9293.5210890800,60129.2000000000,28950.3291875584,77.0000000000,0.0026597280,77,1,2026-06-28 02:00:00
2336,6.3956194387,2020-02-04,2020-02-04 23:50:00,616000,9180.9629665000,60129.2000000000,28950.3291875584,77.0000000000,0.0026597280,77,1,2026-06-28 02:00:00
2335,6.3928815880,2020-02-05,2020-02-05 23:50:00,616159,9613.4242889500,60129.2000000000,28950.3291875584,77.0000000000,0.0026597280,77,1,2026-06-28 02:00:00
2334,6.3901437372,2020-02-06,2020-02-06 23:50:00,616294,9729.8022314900,60129.2000000000,28950.3291875584,77.0000000000,0.0026597280,77,1,2026-06-28 02:00:00
2333,6.3874058864,2020-02-07,2020-02-07 23:50:00,616434,9790.3338464100,60129.2000000000,28950.3291875584,77.0000000000,0.0026597280,77,1,2026-06-28 02:00:00
2332,6.3846680356,2020-02-08,2020-02-08 23:50:00,616572,9866.5072437300,60129.2000000000,28950.3291875584,77.0000000000,0.0026597280,77,1,2026-06-28 02:00:00
2331,6.3819301848,2020-02-09,2020-02-09 23:50:00,616722,10119.1248203000,60129.2000000000,28950.3291875584,77.0000000000,0.0026597280,77,1,2026-06-28 02:00:00
2330,6.3791923340,2020-02-10,2020-02-10 23:50:00,616847,9865.5926089600,60129.2000000000,28950.3291875584,77.0000000000,0.0026597280,77,1,2026-06-28 02:00:00
2329,6.3764544832,2020-02-11,2020-02-11 23:50:00,616996,10205.1323621000,60129.2000000000,28950.3291875584,77.0000000000,0.0026597280,77,1,2026-06-28 02:00:00
2328,6.3737166324,2020-02-12,2020-02-12 23:50:00,617138,10322.7164894000,60129.2000000000,28950.3291875584,77.0000000000,0.0026597280,77,1,2026-06-28 02:00:00
2327,6.3709787817,2020-02-13,2020-02-13 23:50:00,617278,10205.6192109000,60129.2000000000,28950.3291875584,77.0000000000,0.0026597280,77,1,2026-06-28 02:00:00
2326,6.3682409309,2020-02-14,2020-02-14 23:50:00,617412,10300.0506266000,60129.2000000000,28950.3291875584,77.0000000000,0.0026597280,77,1,2026-06-28 02:00:00
2325,6.3655030801,2020-02-15,2020-02-15 23:50:00,617555,9891.8365091800,60129.2000000000,28950.3291875584,77.0000000000,0.0026597280,77,1,2026-06-28 02:00:00
2324,6.3627652293,2020-02-16,2020-02-16 23:50:00,617698,9943.2599809500,60129.2000000000,28950.3291875584,77.0000000000,0.0026597280,77,1,2026-06-28 02:00:00
2323,6.3600273785,2020-02-17,2020-02-17 23:50:00,617854,9686.0492097700,60129.2000000000,28950.3291875584,77.0000000000,0.0026597280,77,1,2026-06-28 02:00:00
2322,6.3572895277,2020-02-18,2020-02-18 23:50:00,618004,10147.0726363000,60129.2000000000,28950.3291875584,77.0000000000,0.0026597280,77,1,2026-06-28 02:00:00
2321,6.3545516769,2020-02-19,2020-02-19 23:50:00,618145,9635.0500871300,60129.2000000000,28950.3291875584,77.0000000000,0.0026597280,77,1,2026-06-28 02:00:00
2320,6.3518138261,2020-02-20,2020-02-20 23:50:00,618271,9618.2590645300,60129.2000000000,28950.3291875584,77.0000000000,0.0026597280,77,1,2026-06-28 02:00:00
2319,6.3490759754,2020-02-21,2020-02-21 23:50:00,618426,9690.9552868200,60129.2000000000,28950.3291875584,77.0000000000,0.0026597280,77,1,2026-06-28 02:00:00
2318,6.3463381246,2020-02-22,2020-02-22 23:50:00,618572,9660.9148883200,60129.2000000000,28950.3291875584,77.0000000000,0.0026597280,77,1,2026-06-28 02:00:00
2317,6.3436002738,2020-02-23,2020-02-23 23:50:00,618716,9920.8679668400,60129.2000000000,28950.3291875584,77.0000000000,0.0026597280,77,1,2026-06-28 02:00:00
2316,6.3408624230,2020-02-24,2020-02-24 23:50:00,618855,9645.3983304200,60129.2000000000,28950.3291875584,77.0000000000,0.0026597280,77,1,2026-06-28 02:00:00
2315,6.3381245722,2020-02-25,2020-02-25 23:50:00,619001,9346.5334669500,60129.2000000000,28950.3291875584,77.0000000000,0.0026597280,77,1,2026-06-28 02:00:00
2314,6.3353867214,2020-02-26,2020-02-26 23:50:00,619137,8824.3312273200,60129.2000000000,28950.3291875584,77.0000000000,0.0026597280,77,1,2026-06-28 02:00:00
2313,6.3326488706,2020-02-27,2020-02-27 23:50:00,619284,8786.8789396900,60129.2000000000,28950.3291875584,77.0000000000,0.0026597280,77,1,2026-06-28 02:00:00
2312,6.3299110198,2020-02-28,2020-02-28 23:50:00,619440,8689.1152459100,60129.2000000000,28950.3291875584,77.0000000000,0.0026597280,77,1,2026-06-28 02:00:00
2311,6.3271731691,2020-02-29,2020-02-29 23:50:00,619580,8615.2277235500,60129.2000000000,28950.3291875584,77.0000000000,0.0026597280,77,1,2026-06-28 02:00:00
2310,6.3244353183,2020-03-01,2020-03-01 23:50:00,619758,8563.4116861100,60129.2000000000,29765.8179534422,76.0000000000,0.0025532643,76,1,2026-06-28 02:00:00
2309,6.3216974675,2020-03-02,2020-03-02 23:50:00,619907,8865.8395570500,60129.2000000000,29765.8179534422,76.0000000000,0.0025532643,76,1,2026-06-28 02:00:00
2308,6.3189596167,2020-03-03,2020-03-03 23:50:00,620059,8792.3517106500,60129.2000000000,29765.8179534422,76.0000000000,0.0025532643,76,1,2026-06-28 02:00:00
2307,6.3162217659,2020-03-04,2020-03-04 23:50:00,620224,8742.6116612800,60129.2000000000,29765.8179534422,76.0000000000,0.0025532643,76,1,2026-06-28 02:00:00
2306,6.3134839151,2020-03-05,2020-03-05 23:50:00,620389,9077.8794638600,60129.2000000000,29765.8179534422,76.0000000000,0.0025532643,76,1,2026-06-28 02:00:00
2305,6.3107460643,2020-03-06,2020-03-06 23:50:00,620541,9120.7484543700,60129.2000000000,29765.8179534422,76.0000000000,0.0025532643,76,1,2026-06-28 02:00:00
2304,6.3080082136,2020-03-07,2020-03-07 23:50:00,620702,8909.7582806900,60129.2000000000,29765.8179534422,76.0000000000,0.0025532643,76,1,2026-06-28 02:00:00
2303,6.3052703628,2020-03-08,2020-03-08 23:50:00,620859,8110.2560780800,60129.2000000000,29765.8179534422,76.0000000000,0.0025532643,76,1,2026-06-28 02:00:00
2302,6.3025325120,2020-03-09,2020-03-09 23:50:00,621007,7916.6221409200,60129.2000000000,29765.8179534422,76.0000000000,0.0025532643,76,1,2026-06-28 02:00:00
2301,6.2997946612,2020-03-10,2020-03-10 23:50:00,621141,7915.6175479200,60129.2000000000,29765.8179534422,76.0000000000,0.0025532643,76,1,2026-06-28 02:00:00
2300,6.2970568104,2020-03-11,2020-03-11 23:50:00,621261,7912.8153047300,60129.2000000000,29765.8179534422,76.0000000000,0.0025532643,76,1,2026-06-28 02:00:00
2299,6.2943189596,2020-03-12,2020-03-12 23:50:00,621411,4860.3538301200,60129.2000000000,29765.8179534422,76.0000000000,0.0025532643,76,1,2026-06-28 02:00:00
2298,6.2915811088,2020-03-13,2020-03-13 23:50:00,621537,5547.0651614000,60129.2000000000,29765.8179534422,76.0000000000,0.0025532643,76,1,2026-06-28 02:00:00
2297,6.2888432580,2020-03-14,2020-03-14 23:50:00,621665,5195.8551745200,60129.2000000000,29765.8179534422,76.0000000000,0.0025532643,76,1,2026-06-28 02:00:00
2296,6.2861054073,2020-03-15,2020-03-15 23:50:00,621783,5391.0602491900,60129.2000000000,29765.8179534422,76.0000000000,0.0025532643,76,1,2026-06-28 02:00:00
2295,6.2833675565,2020-03-16,2020-03-16 23:50:00,621901,5014.8683037700,60129.2000000000,29765.8179534422,76.0000000000,0.0025532643,76,1,2026-06-28 02:00:00
2294,6.2806297057,2020-03-17,2020-03-17 23:50:00,622024,5237.7620948200,60129.2000000000,29765.8179534422,76.0000000000,0.0025532643,76,1,2026-06-28 02:00:00
2293,6.2778918549,2020-03-18,2020-03-18 23:50:00,622125,5237.9138609200,60129.2000000000,29765.8179534422,76.0000000000,0.0025532643,76,1,2026-06-28 02:00:00
2292,6.2751540041,2020-03-19,2020-03-19 23:50:00,622232,6193.2957703500,60129.2000000000,29765.8179534422,76.0000000000,0.0025532643,76,1,2026-06-28 02:00:00
2291,6.2724161533,2020-03-20,2020-03-20 23:50:00,622342,6186.2187198200,60129.2000000000,29765.8179534422,76.0000000000,0.0025532643,76,1,2026-06-28 02:00:00
2290,6.2696783025,2020-03-21,2020-03-21 23:50:00,622466,6172.9672775000,60129.2000000000,29765.8179534422,76.0000000000,0.0025532643,76,1,2026-06-28 02:00:00
2289,6.2669404517,2020-03-22,2020-03-22 23:50:00,622593,5833.5106102400,60129.2000000000,29765.8179534422,76.0000000000,0.0025532643,76,1,2026-06-28 02:00:00
2288,6.2642026010,2020-03-23,2020-03-23 23:50:00,622705,6431.8100380800,60129.2000000000,29765.8179534422,76.0000000000,0.0025532643,76,1,2026-06-28 02:00:00
2287,6.2614647502,2020-03-24,2020-03-24 23:50:00,622836,6732.6522146700,60129.2000000000,29765.8179534422,76.0000000000,0.0025532643,76,1,2026-06-28 02:00:00
2286,6.2587268994,2020-03-25,2020-03-25 23:50:00,622929,6677.0743252700,60129.2000000000,29765.8179534422,76.0000000000,0.0025532643,76,1,2026-06-28 02:00:00
2285,6.2559890486,2020-03-26,2020-03-26 23:50:00,623088,6718.9673148600,60129.2000000000,29765.8179534422,76.0000000000,0.0025532643,76,1,2026-06-28 02:00:00
2284,6.2532511978,2020-03-27,2020-03-27 23:50:00,623243,6470.8933593400,60129.2000000000,29765.8179534422,76.0000000000,0.0025532643,76,1,2026-06-28 02:00:00
2283,6.2505133470,2020-03-28,2020-03-28 23:50:00,623378,6241.5651249600,60129.2000000000,29765.8179534422,76.0000000000,0.0025532643,76,1,2026-06-28 02:00:00
2282,6.2477754962,2020-03-29,2020-03-29 23:50:00,623528,5929.6778840000,60129.2000000000,29765.8179534422,76.0000000000,0.0025532643,76,1,2026-06-28 02:00:00
2281,6.2450376454,2020-03-30,2020-03-30 23:50:00,623676,6447.7257995100,60129.2000000000,29765.8179534422,76.0000000000,0.0025532643,76,1,2026-06-28 02:00:00
2280,6.2422997947,2020-03-31,2020-03-31 23:50:00,623835,6443.3140502600,60129.2000000000,29765.8179534422,76.0000000000,0.0025532643,76,1,2026-06-28 02:00:00
2279,6.2395619439,2020-04-01,2020-04-01 23:50:00,623985,6589.2491919200,60129.2000000000,30782.0057624151,75.0000000000,0.0024364884,75,1,2026-06-28 02:00:00
2278,6.2368240931,2020-04-02,2020-04-02 23:50:00,624138,6795.0429917900,60129.2000000000,30782.0057624151,75.0000000000,0.0024364884,75,1,2026-06-28 02:00:00
2277,6.2340862423,2020-04-03,2020-04-03 23:50:00,624273,6736.3638143100,60129.2000000000,30782.0057624151,75.0000000000,0.0024364884,75,1,2026-06-28 02:00:00
2276,6.2313483915,2020-04-04,2020-04-04 23:50:00,624431,6858.6970096900,60129.2000000000,30782.0057624151,75.0000000000,0.0024364884,75,1,2026-06-28 02:00:00
2275,6.2286105407,2020-04-05,2020-04-05 23:50:00,624602,6794.4745242200,60129.2000000000,30782.0057624151,75.0000000000,0.0024364884,75,1,2026-06-28 02:00:00
2274,6.2258726899,2020-04-06,2020-04-06 23:50:00,624734,7248.7241019200,60129.2000000000,30782.0057624151,75.0000000000,0.0024364884,75,1,2026-06-28 02:00:00
2273,6.2231348392,2020-04-07,2020-04-07 23:50:00,624901,7172.8782887300,60129.2000000000,30782.0057624151,75.0000000000,0.0024364884,75,1,2026-06-28 02:00:00
2272,6.2203969884,2020-04-08,2020-04-08 23:50:00,625045,7335.3697990900,60129.2000000000,30782.0057624151,75.0000000000,0.0024364884,75,1,2026-06-28 02:00:00
2271,6.2176591376,2020-04-09,2020-04-09 23:50:00,625200,7301.0127751600,60129.2000000000,30782.0057624151,75.0000000000,0.0024364884,75,1,2026-06-28 02:00:00
2270,6.2149212868,2020-04-10,2020-04-10 23:50:00,625362,6862.7879969100,60129.2000000000,30782.0057624151,75.0000000000,0.0024364884,75,1,2026-06-28 02:00:00
2269,6.2121834360,2020-04-11,2020-04-11 23:50:00,625522,6852.5019207100,60129.2000000000,30782.0057624151,75.0000000000,0.0024364884,75,1,2026-06-28 02:00:00
2268,6.2094455852,2020-04-12,2020-04-12 23:50:00,625674,6998.3940057400,60129.2000000000,30782.0057624151,75.0000000000,0.0024364884,75,1,2026-06-28 02:00:00
2267,6.2067077344,2020-04-13,2020-04-13 23:50:00,625846,6845.0952690600,60129.2000000000,30782.0057624151,75.0000000000,0.0024364884,75,1,2026-06-28 02:00:00
2266,6.2039698836,2020-04-14,2020-04-14 23:50:00,626013,6841.2730461600,60129.2000000000,30782.0057624151,75.0000000000,0.0024364884,75,1,2026-06-28 02:00:00
2265,6.2012320329,2020-04-15,2020-04-15 23:50:00,626182,6643.9796161700,60129.2000000000,30782.0057624151,75.0000000000,0.0024364884,75,1,2026-06-28 02:00:00
2264,6.1984941821,2020-04-16,2020-04-16 23:50:00,626336,7106.0948468400,60129.2000000000,30782.0057624151,75.0000000000,0.0024364884,75,1,2026-06-28 02:00:00
2263,6.1957563313,2020-04-17,2020-04-17 23:50:00,626461,7098.6862748200,60129.2000000000,30782.0057624151,75.0000000000,0.0024364884,75,1,2026-06-28 02:00:00
2262,6.1930184805,2020-04-18,2020-04-18 23:50:00,626621,7259.9029294400,60129.2000000000,30782.0057624151,75.0000000000,0.0024364884,75,1,2026-06-28 02:00:00
2261,6.1902806297,2020-04-19,2020-04-19 23:50:00,626774,7191.1131149500,60129.2000000000,30782.0057624151,75.0000000000,0.0024364884,75,1,2026-06-28 02:00:00
2260,6.1875427789,2020-04-20,2020-04-20 23:50:00,626933,6882.3401858100,60129.2000000000,30782.0057624151,75.0000000000,0.0024364884,75,1,2026-06-28 02:00:00
2259,6.1848049281,2020-04-21,2020-04-21 23:50:00,627084,6878.0377392600,60129.2000000000,30782.0057624151,75.0000000000,0.0024364884,75,1,2026-06-28 02:00:00
2258,6.1820670773,2020-04-22,2020-04-22 23:50:00,627214,7118.6833566100,60129.2000000000,30782.0057624151,75.0000000000,0.0024364884,75,1,2026-06-28 02:00:00
2257,6.1793292266,2020-04-23,2020-04-23 23:50:00,627355,7430.1650404300,60129.2000000000,30782.0057624151,75.0000000000,0.0024364884,75,1,2026-06-28 02:00:00
2256,6.1765913758,2020-04-24,2020-04-24 23:50:00,627501,7549.1333876400,60129.2000000000,30782.0057624151,75.0000000000,0.0024364884,75,1,2026-06-28 02:00:00
2255,6.1738535250,2020-04-25,2020-04-25 23:50:00,627636,7569.2379175100,60129.2000000000,30782.0057624151,75.0000000000,0.0024364884,75,1,2026-06-28 02:00:00
2254,6.1711156742,2020-04-26,2020-04-26 23:50:00,627773,7680.4828701400,60129.2000000000,30782.0057624151,75.0000000000,0.0024364884,75,1,2026-06-28 02:00:00
2253,6.1683778234,2020-04-27,2020-04-27 23:50:00,627914,7794.7139121600,60129.2000000000,30782.0057624151,75.0000000000,0.0024364884,75,1,2026-06-28 02:00:00
2252,6.1656399726,2020-04-28,2020-04-28 23:50:00,628068,7807.2968383300,60129.2000000000,30782.0057624151,75.0000000000,0.0024364884,75,1,2026-06-28 02:00:00
2251,6.1629021218,2020-04-29,2020-04-29 23:50:00,628212,8801.0377668800,60129.2000000000,30782.0057624151,75.0000000000,0.0024364884,75,1,2026-06-28 02:00:00
2250,6.1601642710,2020-04-30,2020-04-30 23:50:00,628348,8657.1939924000,60129.2000000000,30782.0057624151,75.0000000000,0.0024364884,75,1,2026-06-28 02:00:00
2249,6.1574264203,2020-05-01,2020-05-01 23:50:00,628488,8855.3202295900,60129.2000000000,32389.0035970958,74.0000000000,0.0022847260,74,1,2026-06-28 02:00:00
2248,6.1546885695,2020-05-02,2020-05-02 23:50:00,628636,8985.1708157200,60129.2000000000,32389.0035970958,74.0000000000,0.0022847260,74,1,2026-06-28 02:00:00
2247,6.1519507187,2020-05-03,2020-05-03 23:50:00,628805,8898.1224125600,60129.2000000000,32389.0035970958,74.0000000000,0.0022847260,74,1,2026-06-28 02:00:00
2246,6.1492128679,2020-05-04,2020-05-04 23:50:00,628962,8915.3626647100,60129.2000000000,32389.0035970958,74.0000000000,0.0022847260,74,1,2026-06-28 02:00:00
2245,6.1464750171,2020-05-05,2020-05-05 23:50:00,629120,8987.6101903400,60129.2000000000,32389.0035970958,74.0000000000,0.0022847260,74,1,2026-06-28 02:00:00
2244,6.1437371663,2020-05-06,2020-05-06 23:50:00,629275,9253.0762078200,60129.2000000000,32389.0035970958,74.0000000000,0.0022847260,74,1,2026-06-28 02:00:00
2243,6.1409993155,2020-05-07,2020-05-07 23:50:00,629423,9982.3230001000,60129.2000000000,32389.0035970958,74.0000000000,0.0022847260,74,1,2026-06-28 02:00:00
2242,6.1382614648,2020-05-08,2020-05-08 23:50:00,629559,9854.1592056300,60129.2000000000,32389.0035970958,74.0000000000,0.0022847260,74,1,2026-06-28 02:00:00
2241,6.1355236140,2020-05-09,2020-05-09 23:50:00,629695,9590.0633314900,60129.2000000000,32389.0035970958,74.0000000000,0.0022847260,74,1,2026-06-28 02:00:00
2240,6.1327857632,2020-05-10,2020-05-10 23:50:00,629865,8761.2997468400,60129.2000000000,32389.0035970958,74.0000000000,0.0022847260,74,1,2026-06-28 02:00:00
2239,6.1300479124,2020-05-11,2020-05-11 23:50:00,630022,8599.7819465600,60129.2000000000,32389.0035970958,74.0000000000,0.0022847260,74,1,2026-06-28 02:00:00
2238,6.1273100616,2020-05-12,2020-05-12 23:50:00,630167,8800.7297215500,60129.2000000000,32389.0035970958,74.0000000000,0.0022847260,74,1,2026-06-28 02:00:00
2237,6.1245722108,2020-05-13,2020-05-13 23:50:00,630287,9274.8562031500,60129.2000000000,32389.0035970958,74.0000000000,0.0022847260,74,1,2026-06-28 02:00:00
2236,6.1218343600,2020-05-14,2020-05-14 23:50:00,630402,9742.7328527700,60129.2000000000,32389.0035970958,74.0000000000,0.0022847260,74,1,2026-06-28 02:00:00
2235,6.1190965092,2020-05-15,2020-05-15 23:50:00,630525,9324.7495589200,60129.2000000000,32389.0035970958,74.0000000000,0.0022847260,74,1,2026-06-28 02:00:00
2234,6.1163586585,2020-05-16,2020-05-16 23:50:00,630653,9378.1248550100,60129.2000000000,32389.0035970958,74.0000000000,0.0022847260,74,1,2026-06-28 02:00:00
2233,6.1136208077,2020-05-17,2020-05-17 23:50:00,630752,9670.0267230800,60129.2000000000,32389.0035970958,74.0000000000,0.0022847260,74,1,2026-06-28 02:00:00
2232,6.1108829569,2020-05-18,2020-05-18 23:50:00,630882,9729.4652758500,60129.2000000000,32389.0035970958,74.0000000000,0.0022847260,74,1,2026-06-28 02:00:00
2231,6.1081451061,2020-05-19,2020-05-19 23:50:00,630996,9723.3113790300,60129.2000000000,32389.0035970958,74.0000000000,0.0022847260,74,1,2026-06-28 02:00:00
2230,6.1054072553,2020-05-20,2020-05-20 23:50:00,631111,9522.4676137800,60129.2000000000,32389.0035970958,74.0000000000,0.0022847260,74,1,2026-06-28 02:00:00
2229,6.1026694045,2020-05-21,2020-05-21 23:50:00,631243,9083.1273867100,60129.2000000000,32389.0035970958,74.0000000000,0.0022847260,74,1,2026-06-28 02:00:00
2228,6.0999315537,2020-05-22,2020-05-22 23:50:00,631354,9182.6397990600,60129.2000000000,32389.0035970958,74.0000000000,0.0022847260,74,1,2026-06-28 02:00:00
2227,6.0971937029,2020-05-23,2020-05-23 23:50:00,631473,9212.3836217100,60129.2000000000,32389.0035970958,74.0000000000,0.0022847260,74,1,2026-06-28 02:00:00
2226,6.0944558522,2020-05-24,2020-05-24 23:50:00,631590,8792.9574416900,60129.2000000000,32389.0035970958,74.0000000000,0.0022847260,74,1,2026-06-28 02:00:00
2225,6.0917180014,2020-05-25,2020-05-25 23:50:00,631715,8910.1406501300,60129.2000000000,32389.0035970958,74.0000000000,0.0022847260,74,1,2026-06-28 02:00:00
2224,6.0889801506,2020-05-26,2020-05-26 23:50:00,631836,8830.0083677100,60129.2000000000,32389.0035970958,74.0000000000,0.0022847260,74,1,2026-06-28 02:00:00
2223,6.0862422998,2020-05-27,2020-05-27 23:50:00,631977,9178.8408253000,60129.2000000000,32389.0035970958,74.0000000000,0.0022847260,74,1,2026-06-28 02:00:00
2222,6.0835044490,2020-05-28,2020-05-28 23:50:00,632108,9521.7710264000,60129.2000000000,32389.0035970958,74.0000000000,0.0022847260,74,1,2026-06-28 02:00:00
2221,6.0807665982,2020-05-29,2020-05-29 23:50:00,632234,9440.8814352100,60129.2000000000,32389.0035970958,74.0000000000,0.0022847260,74,1,2026-06-28 02:00:00
2220,6.0780287474,2020-05-30,2020-05-30 23:50:00,632391,9696.8079040600,60129.2000000000,32389.0035970958,74.0000000000,0.0022847260,74,1,2026-06-28 02:00:00
2219,6.0752908966,2020-05-31,2020-05-31 23:50:00,632541,9452.4540850900,60129.2000000000,32389.0035970958,74.0000000000,0.0022847260,74,1,2026-06-28 02:00:00
2218,6.0725530459,2020-06-01,2020-06-01 23:50:00,632673,10170.4099128000,60129.2000000000,33612.6780425260,73.0000000000,0.0021717996,73,1,2026-06-28 02:00:00
2217,6.0698151951,2020-06-02,2020-06-02 23:50:00,632804,9532.1893494700,60129.2000000000,33612.6780425260,73.0000000000,0.0021717996,73,1,2026-06-28 02:00:00
2216,6.0670773443,2020-06-03,2020-06-03 23:50:00,632940,9646.2557319000,60129.2000000000,33612.6780425260,73.0000000000,0.0021717996,73,1,2026-06-28 02:00:00
2215,6.0643394935,2020-06-04,2020-06-04 23:50:00,633092,9803.7054849900,60129.2000000000,33612.6780425260,73.0000000000,0.0021717996,73,1,2026-06-28 02:00:00
2214,6.0616016427,2020-06-05,2020-06-05 23:50:00,633273,9667.0231381400,60129.2000000000,33612.6780425260,73.0000000000,0.0021717996,73,1,2026-06-28 02:00:00
2213,6.0588637919,2020-06-06,2020-06-06 23:50:00,633468,9650.3797516400,60129.2000000000,33612.6780425260,73.0000000000,0.0021717996,73,1,2026-06-28 02:00:00
2212,6.0561259411,2020-06-07,2020-06-07 23:50:00,633628,9759.6952109900,60129.2000000000,33612.6780425260,73.0000000000,0.0021717996,73,1,2026-06-28 02:00:00
2211,6.0533880903,2020-06-08,2020-06-08 23:50:00,633789,9770.6585093800,60129.2000000000,33612.6780425260,73.0000000000,0.0021717996,73,1,2026-06-28 02:00:00
2210,6.0506502396,2020-06-09,2020-06-09 23:50:00,633949,9795.6496154700,60129.2000000000,33612.6780425260,73.0000000000,0.0021717996,73,1,2026-06-28 02:00:00
2209,6.0479123888,2020-06-10,2020-06-10 23:50:00,634113,9870.7899030300,60129.2000000000,33612.6780425260,73.0000000000,0.0021717996,73,1,2026-06-28 02:00:00
2208,6.0451745380,2020-06-11,2020-06-11 23:50:00,634297,9324.4758415600,60129.2000000000,33612.6780425260,73.0000000000,0.0021717996,73,1,2026-06-28 02:00:00
2207,6.0424366872,2020-06-12,2020-06-12 23:50:00,634459,9481.7483892400,60129.2000000000,33612.6780425260,73.0000000000,0.0021717996,73,1,2026-06-28 02:00:00
2206,6.0396988364,2020-06-13,2020-06-13 23:50:00,634620,9474.7419230200,60129.2000000000,33612.6780425260,73.0000000000,0.0021717996,73,1,2026-06-28 02:00:00
2205,6.0369609856,2020-06-14,2020-06-14 23:50:00,634788,9386.7878921400,60129.2000000000,33612.6780425260,73.0000000000,0.0021717996,73,1,2026-06-28 02:00:00
2204,6.0342231348,2020-06-15,2020-06-15 23:50:00,634927,9454.1501582900,60129.2000000000,33612.6780425260,73.0000000000,0.0021717996,73,1,2026-06-28 02:00:00
2203,6.0314852841,2020-06-16,2020-06-16 23:50:00,635078,9540.6765140400,60129.2000000000,33612.6780425260,73.0000000000,0.0021717996,73,1,2026-06-28 02:00:00
2202,6.0287474333,2020-06-17,2020-06-17 23:50:00,635216,9483.1526877200,60129.2000000000,33612.6780425260,73.0000000000,0.0021717996,73,1,2026-06-28 02:00:00
2201,6.0260095825,2020-06-18,2020-06-18 23:50:00,635339,9412.4359738200,60129.2000000000,33612.6780425260,73.0000000000,0.0021717996,73,1,2026-06-28 02:00:00
2200,6.0232717317,2020-06-19,2020-06-19 23:50:00,635482,9277.0451614900,60129.2000000000,33612.6780425260,73.0000000000,0.0021717996,73,1,2026-06-28 02:00:00
2199,6.0205338809,2020-06-20,2020-06-20 23:50:00,635617,9335.1793928900,60129.2000000000,33612.6780425260,73.0000000000,0.0021717996,73,1,2026-06-28 02:00:00
2198,6.0177960301,2020-06-21,2020-06-21 23:50:00,635764,9301.3700444600,60129.2000000000,33612.6780425260,73.0000000000,0.0021717996,73,1,2026-06-28 02:00:00
2197,6.0150581793,2020-06-22,2020-06-22 23:50:00,635906,9649.2555242000,60129.2000000000,33612.6780425260,73.0000000000,0.0021717996,73,1,2026-06-28 02:00:00
2196,6.0123203285,2020-06-23,2020-06-23 23:50:00,636064,9628.6940375200,60129.2000000000,33612.6780425260,73.0000000000,0.0021717996,73,1,2026-06-28 02:00:00
2195,6.0095824778,2020-06-24,2020-06-24 23:50:00,636204,9308.9700216100,60129.2000000000,33612.6780425260,73.0000000000,0.0021717996,73,1,2026-06-28 02:00:00
2194,6.0068446270,2020-06-25,2020-06-25 23:50:00,636345,9265.1225540200,60129.2000000000,33612.6780425260,73.0000000000,0.0021717996,73,1,2026-06-28 02:00:00
2193,6.0041067762,2020-06-26,2020-06-26 23:50:00,636509,9165.4640092500,60129.2000000000,33612.6780425260,73.0000000000,0.0021717996,73,1,2026-06-28 02:00:00
2192,6.0013689254,2020-06-27,2020-06-27 23:50:00,636647,9050.0802128800,60129.2000000000,33612.6780425260,73.0000000000,0.0021717996,73,1,2026-06-28 02:00:00
2191,5.9986310746,2020-06-28,2020-06-28 23:50:00,636797,9155.7319590600,60129.2000000000,33612.6780425260,73.0000000000,0.0021717996,73,1,2026-06-28 02:00:00
2190,5.9958932238,2020-06-29,2020-06-29 23:50:00,636940,9200.4380394100,60129.2000000000,33612.6780425260,73.0000000000,0.0021717996,73,1,2026-06-28 02:00:00
2189,5.9931553730,2020-06-30,2020-06-30 23:50:00,637090,9138.2507814600,60129.2000000000,33612.6780425260,73.0000000000,0.0021717996,73,1,2026-06-28 02:00:00
2188,5.9904175222,2020-07-01,2020-07-01 23:50:00,637251,9228.1628943800,60129.2000000000,34724.3133755797,72.0000000000,0.0020734751,72,1,2026-06-28 02:00:00
2187,5.9876796715,2020-07-02,2020-07-02 23:50:00,637416,9123.4101543200,60129.2000000000,34724.3133755797,72.0000000000,0.0020734751,72,1,2026-06-28 02:00:00
2186,5.9849418207,2020-07-03,2020-07-03 23:50:00,637579,9087.3039110300,60129.2000000000,34724.3133755797,72.0000000000,0.0020734751,72,1,2026-06-28 02:00:00
2185,5.9822039699,2020-07-04,2020-07-04 23:50:00,637736,9116.0938432200,60129.2000000000,34724.3133755797,72.0000000000,0.0020734751,72,1,2026-06-28 02:00:00
2184,5.9794661191,2020-07-05,2020-07-05 23:50:00,637899,9075.6229314300,60129.2000000000,34724.3133755797,72.0000000000,0.0020734751,72,1,2026-06-28 02:00:00
2183,5.9767282683,2020-07-06,2020-07-06 23:50:00,638052,9294.8067885400,60129.2000000000,34724.3133755797,72.0000000000,0.0020734751,72,1,2026-06-28 02:00:00
2182,5.9739904175,2020-07-07,2020-07-07 23:50:00,638211,9254.8004397400,60129.2000000000,34724.3133755797,72.0000000000,0.0020734751,72,1,2026-06-28 02:00:00
2181,5.9712525667,2020-07-08,2020-07-08 23:50:00,638365,9425.3694891600,60129.2000000000,34724.3133755797,72.0000000000,0.0020734751,72,1,2026-06-28 02:00:00
2180,5.9685147159,2020-07-09,2020-07-09 23:50:00,638529,9294.7660354700,60129.2000000000,34724.3133755797,72.0000000000,0.0020734751,72,1,2026-06-28 02:00:00
2179,5.9657768652,2020-07-10,2020-07-10 23:50:00,638688,9278.8078672000,60129.2000000000,34724.3133755797,72.0000000000,0.0020734751,72,1,2026-06-28 02:00:00
2178,5.9630390144,2020-07-11,2020-07-11 23:50:00,638845,9240.3463265400,60129.2000000000,34724.3133755797,72.0000000000,0.0020734751,72,1,2026-06-28 02:00:00
2177,5.9603011636,2020-07-12,2020-07-12 23:50:00,638998,9276.4998501800,60129.2000000000,34724.3133755797,72.0000000000,0.0020734751,72,1,2026-06-28 02:00:00
2176,5.9575633128,2020-07-13,2020-07-13 23:50:00,639143,9243.6138550900,60129.2000000000,34724.3133755797,72.0000000000,0.0020734751,72,1,2026-06-28 02:00:00
2175,5.9548254620,2020-07-14,2020-07-14 23:50:00,639288,9243.2134164200,60129.2000000000,34724.3133755797,72.0000000000,0.0020734751,72,1,2026-06-28 02:00:00
2174,5.9520876112,2020-07-15,2020-07-15 23:50:00,639427,9192.8373678400,60129.2000000000,34724.3133755797,72.0000000000,0.0020734751,72,1,2026-06-28 02:00:00
2173,5.9493497604,2020-07-16,2020-07-16 23:50:00,639561,9137.2182562100,60129.2000000000,34724.3133755797,72.0000000000,0.0020734751,72,1,2026-06-28 02:00:00
2172,5.9466119097,2020-07-17,2020-07-17 23:50:00,639680,9149.9429538000,60129.2000000000,34724.3133755797,72.0000000000,0.0020734751,72,1,2026-06-28 02:00:00
2171,5.9438740589,2020-07-18,2020-07-18 23:50:00,639810,9158.5646274900,60129.2000000000,34724.3133755797,72.0000000000,0.0020734751,72,1,2026-06-28 02:00:00
2170,5.9411362081,2020-07-19,2020-07-19 23:50:00,639942,9185.4524034200,60129.2000000000,34724.3133755797,72.0000000000,0.0020734751,72,1,2026-06-28 02:00:00
2169,5.9383983573,2020-07-20,2020-07-20 23:50:00,640083,9177.8644826200,60129.2000000000,34724.3133755797,72.0000000000,0.0020734751,72,1,2026-06-28 02:00:00
2168,5.9356605065,2020-07-21,2020-07-21 23:50:00,640208,9374.7834592500,60129.2000000000,34724.3133755797,72.0000000000,0.0020734751,72,1,2026-06-28 02:00:00
2167,5.9329226557,2020-07-22,2020-07-22 23:50:00,640351,9525.3634499700,60129.2000000000,34724.3133755797,72.0000000000,0.0020734751,72,1,2026-06-28 02:00:00
2166,5.9301848049,2020-07-23,2020-07-23 23:50:00,640487,9579.9797700700,60129.2000000000,34724.3133755797,72.0000000000,0.0020734751,72,1,2026-06-28 02:00:00
2165,5.9274469541,2020-07-24,2020-07-24 23:50:00,640645,9537.7970762500,60129.2000000000,34724.3133755797,72.0000000000,0.0020734751,72,1,2026-06-28 02:00:00
2164,5.9247091034,2020-07-25,2020-07-25 23:50:00,640790,9677.1134972900,60129.2000000000,34724.3133755797,72.0000000000,0.0020734751,72,1,2026-06-28 02:00:00
2163,5.9219712526,2020-07-26,2020-07-26 23:50:00,640949,9906.3451940100,60129.2000000000,34724.3133755797,72.0000000000,0.0020734751,72,1,2026-06-28 02:00:00
2162,5.9192334018,2020-07-27,2020-07-27 23:50:00,641096,11023.4346460000,60129.2000000000,34724.3133755797,72.0000000000,0.0020734751,72,1,2026-06-28 02:00:00
2161,5.9164955510,2020-07-28,2020-07-28 23:50:00,641243,10909.9046958000,60129.2000000000,34724.3133755797,72.0000000000,0.0020734751,72,1,2026-06-28 02:00:00
2160,5.9137577002,2020-07-29,2020-07-29 23:50:00,641391,11098.4100908000,60129.2000000000,34724.3133755797,72.0000000000,0.0020734751,72,1,2026-06-28 02:00:00
2159,5.9110198494,2020-07-30,2020-07-30 23:50:00,641526,11121.1587554000,60129.2000000000,34724.3133755797,72.0000000000,0.0020734751,72,1,2026-06-28 02:00:00
2158,5.9082819986,2020-07-31,2020-07-31 23:50:00,641679,11332.4012834000,60129.2000000000,34724.3133755797,72.0000000000,0.0020734751,72,1,2026-06-28 02:00:00
2157,5.9055441478,2020-08-01,2020-08-01 23:50:00,641812,11766.9595624000,60129.2000000000,36130.2710027149,71.0000000000,0.0019651112,71,1,2026-06-28 02:00:00
2156,5.9028062971,2020-08-02,2020-08-02 23:50:00,641955,11059.3145305000,60129.2000000000,36130.2710027149,71.0000000000,0.0019651112,71,1,2026-06-28 02:00:00
2155,5.9000684463,2020-08-03,2020-08-03 23:50:00,642117,11245.5240356000,60129.2000000000,36130.2710027149,71.0000000000,0.0019651112,71,1,2026-06-28 02:00:00
2154,5.8973305955,2020-08-04,2020-08-04 23:50:00,642262,11207.6483786000,60129.2000000000,36130.2710027149,71.0000000000,0.0019651112,71,1,2026-06-28 02:00:00
2153,5.8945927447,2020-08-05,2020-08-05 23:50:00,642393,11751.6655847000,60129.2000000000,36130.2710027149,71.0000000000,0.0019651112,71,1,2026-06-28 02:00:00
2152,5.8918548939,2020-08-06,2020-08-06 23:50:00,642548,11785.1405100000,60129.2000000000,36130.2710027149,71.0000000000,0.0019651112,71,1,2026-06-28 02:00:00
2151,5.8891170431,2020-08-07,2020-08-07 23:50:00,642700,11595.3530615000,60129.2000000000,36130.2710027149,71.0000000000,0.0019651112,71,1,2026-06-28 02:00:00
2150,5.8863791923,2020-08-08,2020-08-08 23:50:00,642843,11745.8403294000,60129.2000000000,36130.2710027149,71.0000000000,0.0019651112,71,1,2026-06-28 02:00:00
2149,5.8836413415,2020-08-09,2020-08-09 23:50:00,642999,11672.4786076000,60129.2000000000,36130.2710027149,71.0000000000,0.0019651112,71,1,2026-06-28 02:00:00
2148,5.8809034908,2020-08-10,2020-08-10 23:50:00,643136,11872.1227256000,60129.2000000000,36130.2710027149,71.0000000000,0.0019651112,71,1,2026-06-28 02:00:00
2147,5.8781656400,2020-08-11,2020-08-11 23:50:00,643289,11412.1825511000,60129.2000000000,36130.2710027149,71.0000000000,0.0019651112,71,1,2026-06-28 02:00:00
2146,5.8754277892,2020-08-12,2020-08-12 23:50:00,643444,11576.8771692000,60129.2000000000,36130.2710027149,71.0000000000,0.0019651112,71,1,2026-06-28 02:00:00
2145,5.8726899384,2020-08-13,2020-08-13 23:50:00,643593,11796.3961941000,60129.2000000000,36130.2710027149,71.0000000000,0.0019651112,71,1,2026-06-28 02:00:00
2144,5.8699520876,2020-08-14,2020-08-14 23:50:00,643759,11772.9732991000,60129.2000000000,36130.2710027149,71.0000000000,0.0019651112,71,1,2026-06-28 02:00:00
2143,5.8672142368,2020-08-15,2020-08-15 23:50:00,643917,11864.5063121000,60129.2000000000,36130.2710027149,71.0000000000,0.0019651112,71,1,2026-06-28 02:00:00
2142,5.8644763860,2020-08-16,2020-08-16 23:50:00,644069,11895.1527133000,60129.2000000000,36130.2710027149,71.0000000000,0.0019651112,71,1,2026-06-28 02:00:00
2141,5.8617385352,2020-08-17,2020-08-17 23:50:00,644193,12250.1363960000,60129.2000000000,36130.2710027149,71.0000000000,0.0019651112,71,1,2026-06-28 02:00:00
2140,5.8590006845,2020-08-18,2020-08-18 23:50:00,644332,11988.7456259000,60129.2000000000,36130.2710027149,71.0000000000,0.0019651112,71,1,2026-06-28 02:00:00
2139,5.8562628337,2020-08-19,2020-08-19 23:50:00,644472,11758.8645702000,60129.2000000000,36130.2710027149,71.0000000000,0.0019651112,71,1,2026-06-28 02:00:00
2138,5.8535249829,2020-08-20,2020-08-20 23:50:00,644617,11881.7212215000,60129.2000000000,36130.2710027149,71.0000000000,0.0019651112,71,1,2026-06-28 02:00:00
2137,5.8507871321,2020-08-21,2020-08-21 23:50:00,644773,11581.8887181000,60129.2000000000,36130.2710027149,71.0000000000,0.0019651112,71,1,2026-06-28 02:00:00
2136,5.8480492813,2020-08-22,2020-08-22 23:50:00,644909,11689.4073895000,60129.2000000000,36130.2710027149,71.0000000000,0.0019651112,71,1,2026-06-28 02:00:00
2135,5.8453114305,2020-08-23,2020-08-23 23:50:00,645065,11667.8605615000,60129.2000000000,36130.2710027149,71.0000000000,0.0019651112,71,1,2026-06-28 02:00:00
2134,5.8425735797,2020-08-24,2020-08-24 23:50:00,645215,11778.4188516000,60129.2000000000,36130.2710027149,71.0000000000,0.0019651112,71,1,2026-06-28 02:00:00
2133,5.8398357290,2020-08-25,2020-08-25 23:50:00,645343,11375.0539617000,60129.2000000000,36130.2710027149,71.0000000000,0.0019651112,71,1,2026-06-28 02:00:00
2132,5.8370978782,2020-08-26,2020-08-26 23:50:00,645484,11487.5574841000,60129.2000000000,36130.2710027149,71.0000000000,0.0019651112,71,1,2026-06-28 02:00:00
2131,5.8343600274,2020-08-27,2020-08-27 23:50:00,645613,11322.8535935000,60129.2000000000,36130.2710027149,71.0000000000,0.0019651112,71,1,2026-06-28 02:00:00
2130,5.8316221766,2020-08-28,2020-08-28 23:50:00,645777,11539.8349300000,60129.2000000000,36130.2710027149,71.0000000000,0.0019651112,71,1,2026-06-28 02:00:00
2129,5.8288843258,2020-08-29,2020-08-29 23:50:00,645923,11512.5428548000,60129.2000000000,36130.2710027149,71.0000000000,0.0019651112,71,1,2026-06-28 02:00:00
2128,5.8261464750,2020-08-30,2020-08-30 23:50:00,646048,11711.5398306000,60129.2000000000,36130.2710027149,71.0000000000,0.0019651112,71,1,2026-06-28 02:00:00
2127,5.8234086242,2020-08-31,2020-08-31 23:50:00,646199,11685.3448054000,60129.2000000000,36130.2710027149,71.0000000000,0.0019651112,71,1,2026-06-28 02:00:00
2126,5.8206707734,2020-09-01,2020-09-01 23:50:00,646354,11968.9674207000,60129.2000000000,37231.5180581253,70.0000000000,0.0018801275,70,1,2026-06-28 02:00:00
2125,5.8179329227,2020-09-02,2020-09-02 23:50:00,646498,11418.0179849000,60129.2000000000,37231.5180581253,70.0000000000,0.0018801275,70,1,2026-06-28 02:00:00
2124,5.8151950719,2020-09-03,2020-09-03 23:50:00,646627,10238.4577620000,60129.2000000000,37231.5180581253,70.0000000000,0.0018801275,70,1,2026-06-28 02:00:00
2123,5.8124572211,2020-09-04,2020-09-04 23:50:00,646761,10511.8138807000,60129.2000000000,37231.5180581253,70.0000000000,0.0018801275,70,1,2026-06-28 02:00:00
2122,5.8097193703,2020-09-05,2020-09-05 23:50:00,646902,10169.5672210000,60129.2000000000,37231.5180581253,70.0000000000,0.0018801275,70,1,2026-06-28 02:00:00
2121,5.8069815195,2020-09-06,2020-09-06 23:50:00,647053,10280.3517032000,60129.2000000000,37231.5180581253,70.0000000000,0.0018801275,70,1,2026-06-28 02:00:00
2120,5.8042436687,2020-09-07,2020-09-07 23:50:00,647225,10369.5637386000,60129.2000000000,37231.5180581253,70.0000000000,0.0018801275,70,1,2026-06-28 02:00:00
2119,5.8015058179,2020-09-08,2020-09-08 23:50:00,647382,10131.5166457000,60129.2000000000,37231.5180581253,70.0000000000,0.0018801275,70,1,2026-06-28 02:00:00
2118,5.7987679671,2020-09-09,2020-09-09 23:50:00,647532,10242.3477803000,60129.2000000000,37231.5180581253,70.0000000000,0.0018801275,70,1,2026-06-28 02:00:00
2117,5.7960301164,2020-09-10,2020-09-10 23:50:00,647688,10363.1390401000,60129.2000000000,37231.5180581253,70.0000000000,0.0018801275,70,1,2026-06-28 02:00:00
2116,5.7932922656,2020-09-11,2020-09-11 23:50:00,647828,10400.9146854000,60129.2000000000,37231.5180581253,70.0000000000,0.0018801275,70,1,2026-06-28 02:00:00
2115,5.7905544148,2020-09-12,2020-09-12 23:50:00,647997,10442.1706031000,60129.2000000000,37231.5180581253,70.0000000000,0.0018801275,70,1,2026-06-28 02:00:00
2114,5.7878165640,2020-09-13,2020-09-13 23:50:00,648159,10323.7557975000,60129.2000000000,37231.5180581253,70.0000000000,0.0018801275,70,1,2026-06-28 02:00:00
2113,5.7850787132,2020-09-14,2020-09-14 23:50:00,648333,10680.8374328000,60129.2000000000,37231.5180581253,70.0000000000,0.0018801275,70,1,2026-06-28 02:00:00
2112,5.7823408624,2020-09-15,2020-09-15 23:50:00,648492,10796.9509861000,60129.2000000000,37231.5180581253,70.0000000000,0.0018801275,70,1,2026-06-28 02:00:00
2111,5.7796030116,2020-09-16,2020-09-16 23:50:00,648646,10974.9048915000,60129.2000000000,37231.5180581253,70.0000000000,0.0018801275,70,1,2026-06-28 02:00:00
2110,5.7768651608,2020-09-17,2020-09-17 23:50:00,648823,10948.9899152000,60129.2000000000,37231.5180581253,70.0000000000,0.0018801275,70,1,2026-06-28 02:00:00
2109,5.7741273101,2020-09-18,2020-09-18 23:50:00,648990,10944.5858045000,60129.2000000000,37231.5180581253,70.0000000000,0.0018801275,70,1,2026-06-28 02:00:00
2108,5.7713894593,2020-09-19,2020-09-19 23:50:00,649138,11094.3462761000,60129.2000000000,37231.5180581253,70.0000000000,0.0018801275,70,1,2026-06-28 02:00:00
2107,5.7686516085,2020-09-20,2020-09-20 23:50:00,649281,10938.2712894000,60129.2000000000,37231.5180581253,70.0000000000,0.0018801275,70,1,2026-06-28 02:00:00
2106,5.7659137577,2020-09-21,2020-09-21 23:50:00,649426,10462.2596185000,60129.2000000000,37231.5180581253,70.0000000000,0.0018801275,70,1,2026-06-28 02:00:00
2105,5.7631759069,2020-09-22,2020-09-22 23:50:00,649554,10538.4603213000,60129.2000000000,37231.5180581253,70.0000000000,0.0018801275,70,1,2026-06-28 02:00:00
2104,5.7604380561,2020-09-23,2020-09-23 23:50:00,649696,10225.8639271000,60129.2000000000,37231.5180581253,70.0000000000,0.0018801275,70,1,2026-06-28 02:00:00
2103,5.7577002053,2020-09-24,2020-09-24 23:50:00,649834,10745.5486217000,60129.2000000000,37231.5180581253,70.0000000000,0.0018801275,70,1,2026-06-28 02:00:00
2102,5.7549623546,2020-09-25,2020-09-25 23:50:00,650002,10702.2904910000,60129.2000000000,37231.5180581253,70.0000000000,0.0018801275,70,1,2026-06-28 02:00:00
2101,5.7522245038,2020-09-26,2020-09-26 23:50:00,650152,10754.4375117000,60129.2000000000,37231.5180581253,70.0000000000,0.0018801275,70,1,2026-06-28 02:00:00
2100,5.7494866530,2020-09-27,2020-09-27 23:50:00,650305,10774.4267558000,60129.2000000000,37231.5180581253,70.0000000000,0.0018801275,70,1,2026-06-28 02:00:00
2099,5.7467488022,2020-09-28,2020-09-28 23:50:00,650433,10721.3270409000,60129.2000000000,37231.5180581253,70.0000000000,0.0018801275,70,1,2026-06-28 02:00:00
2098,5.7440109514,2020-09-29,2020-09-29 23:50:00,650574,10848.8304873000,60129.2000000000,37231.5180581253,70.0000000000,0.0018801275,70,1,2026-06-28 02:00:00
2097,5.7412731006,2020-09-30,2020-09-30 23:50:00,650730,10787.6178668000,60129.2000000000,37231.5180581253,70.0000000000,0.0018801275,70,1,2026-06-28 02:00:00
2096,5.7385352498,2020-10-01,2020-10-01 23:50:00,650854,10623.3301247000,60129.2000000000,38406.3464030731,69.0000000000,0.0017965781,69,1,2026-06-28 02:00:00
2095,5.7357973990,2020-10-02,2020-10-02 23:50:00,650991,10575.9726652104,60129.2000000000,38406.3464030731,69.0000000000,0.0017965781,69,1,2026-06-28 02:00:00
2094,5.7330595483,2020-10-03,2020-10-03 23:50:00,651142,10549.3288996095,60129.2000000000,38406.3464030731,69.0000000000,0.0017965781,69,1,2026-06-28 02:00:00
2093,5.7303216975,2020-10-04,2020-10-04 23:50:00,651300,10668.4272919174,60129.2000000000,38406.3464030731,69.0000000000,0.0017965781,69,1,2026-06-28 02:00:00
2092,5.7275838467,2020-10-05,2020-10-05 23:50:00,651440,10793.3394275097,60129.2000000000,38406.3464030731,69.0000000000,0.0017965781,69,1,2026-06-28 02:00:00
2091,5.7248459959,2020-10-06,2020-10-06 23:50:00,651569,10604.3729766552,60129.2000000000,38406.3464030731,69.0000000000,0.0017965781,69,1,2026-06-28 02:00:00
2090,5.7221081451,2020-10-07,2020-10-07 23:50:00,651721,10669.0028923093,60129.2000000000,38406.3464030731,69.0000000000,0.0017965781,69,1,2026-06-28 02:00:00
2089,5.7193702943,2020-10-08,2020-10-08 23:50:00,651882,10915.6111703496,60129.2000000000,38406.3464030731,69.0000000000,0.0017965781,69,1,2026-06-28 02:00:00
2088,5.7166324435,2020-10-09,2020-10-09 23:50:00,652022,11064.4575924439,60129.2000000000,38406.3464030731,69.0000000000,0.0017965781,69,1,2026-06-28 02:00:00
2087,5.7138945927,2020-10-10,2020-10-10 23:50:00,652166,11296.3614282095,60129.2000000000,38406.3464030731,69.0000000000,0.0017965781,69,1,2026-06-28 02:00:00
2086,5.7111567420,2020-10-11,2020-10-11 23:50:00,652306,11384.2101206740,60129.2000000000,38406.3464030731,69.0000000000,0.0017965781,69,1,2026-06-28 02:00:00
2085,5.7084188912,2020-10-12,2020-10-12 23:50:00,652457,11555.3523826170,60129.2000000000,38406.3464030731,69.0000000000,0.0017965781,69,1,2026-06-28 02:00:00
2084,5.7056810404,2020-10-13,2020-10-13 23:50:00,652622,11425.8994006980,60129.2000000000,38406.3464030731,69.0000000000,0.0017965781,69,1,2026-06-28 02:00:00
2083,5.7029431896,2020-10-14,2020-10-14 23:50:00,652772,11429.5305259496,60129.2000000000,38406.3464030731,69.0000000000,0.0017965781,69,1,2026-06-28 02:00:00
2082,5.7002053388,2020-10-15,2020-10-15 23:50:00,652923,11495.1362503457,60129.2000000000,38406.3464030731,69.0000000000,0.0017965781,69,1,2026-06-28 02:00:00
2081,5.6974674880,2020-10-16,2020-10-16 23:50:00,653078,11322.1221002533,60129.2000000000,38406.3464030731,69.0000000000,0.0017965781,69,1,2026-06-28 02:00:00
2080,5.6947296372,2020-10-17,2020-10-17 23:50:00,653234,11357.5076994191,60129.2000000000,38406.3464030731,69.0000000000,0.0017965781,69,1,2026-06-28 02:00:00
2079,5.6919917864,2020-10-18,2020-10-18 23:50:00,653355,11483.3474470464,60129.2000000000,38406.3464030731,69.0000000000,0.0017965781,69,1,2026-06-28 02:00:00
2078,5.6892539357,2020-10-19,2020-10-19 23:50:00,653480,11742.0564640684,60129.2000000000,38406.3464030731,69.0000000000,0.0017965781,69,1,2026-06-28 02:00:00
2077,5.6865160849,2020-10-20,2020-10-20 23:50:00,653622,11916.3344745158,60129.2000000000,38406.3464030731,69.0000000000,0.0017965781,69,1,2026-06-28 02:00:00
2076,5.6837782341,2020-10-21,2020-10-21 23:50:00,653753,12823.7216130112,60129.2000000000,38406.3464030731,69.0000000000,0.0017965781,69,1,2026-06-28 02:00:00
2075,5.6810403833,2020-10-22,2020-10-22 23:50:00,653890,12965.9389109671,60129.2000000000,38406.3464030731,69.0000000000,0.0017965781,69,1,2026-06-28 02:00:00
2074,5.6783025325,2020-10-23,2020-10-23 23:50:00,654020,12928.4222928933,60129.2000000000,38406.3464030731,69.0000000000,0.0017965781,69,1,2026-06-28 02:00:00
2073,5.6755646817,2020-10-24,2020-10-24 23:50:00,654173,13112.5183088928,60129.2000000000,38406.3464030731,69.0000000000,0.0017965781,69,1,2026-06-28 02:00:00
2072,5.6728268309,2020-10-25,2020-10-25 23:50:00,654288,13025.1527261713,60129.2000000000,38406.3464030731,69.0000000000,0.0017965781,69,1,2026-06-28 02:00:00
2071,5.6700889802,2020-10-26,2020-10-26 23:50:00,654401,13072.2534305089,60129.2000000000,38406.3464030731,69.0000000000,0.0017965781,69,1,2026-06-28 02:00:00
2070,5.6673511294,2020-10-27,2020-10-27 23:50:00,654499,13638.6134711885,60129.2000000000,38406.3464030731,69.0000000000,0.0017965781,69,1,2026-06-28 02:00:00
2069,5.6646132786,2020-10-28,2020-10-28 23:50:00,654599,13274.1015514869,60129.2000000000,38406.3464030731,69.0000000000,0.0017965781,69,1,2026-06-28 02:00:00
2068,5.6618754278,2020-10-29,2020-10-29 23:50:00,654705,13449.3107731720,60129.2000000000,38406.3464030731,69.0000000000,0.0017965781,69,1,2026-06-28 02:00:00
2067,5.6591375770,2020-10-30,2020-10-30 23:50:00,654819,13567.7510904727,60129.2000000000,38406.3464030731,69.0000000000,0.0017965781,69,1,2026-06-28 02:00:00
2066,5.6563997262,2020-10-31,2020-10-31 23:50:00,654930,13779.0269455110,60129.2000000000,38406.3464030731,69.0000000000,0.0017965781,69,1,2026-06-28 02:00:00
2065,5.6536618754,2020-11-01,2020-11-01 23:50:00,655055,13712.1792267537,60129.2000000000,39942.5382757910,68.0000000000,0.0017024456,68,1,2026-06-28 02:00:00
2064,5.6509240246,2020-11-02,2020-11-02 23:50:00,655150,13558.7595675043,60129.2000000000,39942.5382757910,68.0000000000,0.0017024456,68,1,2026-06-28 02:00:00
2063,5.6481861739,2020-11-03,2020-11-03 23:50:00,655291,13914.8069211995,60129.2000000000,39942.5382757910,68.0000000000,0.0017024456,68,1,2026-06-28 02:00:00
2062,5.6454483231,2020-11-04,2020-11-04 23:50:00,655451,14127.4345014326,60129.2000000000,39942.5382757910,68.0000000000,0.0017024456,68,1,2026-06-28 02:00:00
2061,5.6427104723,2020-11-05,2020-11-05 23:50:00,655597,15556.6606742195,60129.2000000000,39942.5382757910,68.0000000000,0.0017024456,68,1,2026-06-28 02:00:00
2060,5.6399726215,2020-11-06,2020-11-06 23:50:00,655749,15552.7894262368,60129.2000000000,39942.5382757910,68.0000000000,0.0017024456,68,1,2026-06-28 02:00:00
2059,5.6372347707,2020-11-07,2020-11-07 23:50:00,655897,14849.0923320695,60129.2000000000,39942.5382757910,68.0000000000,0.0017024456,68,1,2026-06-28 02:00:00
2058,5.6344969199,2020-11-08,2020-11-08 23:50:00,656035,15486.1287662426,60129.2000000000,39942.5382757910,68.0000000000,0.0017024456,68,1,2026-06-28 02:00:00
2057,5.6317590691,2020-11-09,2020-11-09 23:50:00,656216,15336.7385976552,60129.2000000000,39942.5382757910,68.0000000000,0.0017024456,68,1,2026-06-28 02:00:00
2056,5.6290212183,2020-11-10,2020-11-10 23:50:00,656365,15289.7944663241,60129.2000000000,39942.5382757910,68.0000000000,0.0017024456,68,1,2026-06-28 02:00:00
2055,5.6262833676,2020-11-11,2020-11-11 23:50:00,656513,15693.9068734529,60129.2000000000,39942.5382757910,68.0000000000,0.0017024456,68,1,2026-06-28 02:00:00
2054,5.6235455168,2020-11-12,2020-11-12 23:50:00,656672,16281.4145119656,60129.2000000000,39942.5382757910,68.0000000000,0.0017024456,68,1,2026-06-28 02:00:00
2053,5.6208076660,2020-11-13,2020-11-13 23:50:00,656812,16311.5133226392,60129.2000000000,39942.5382757910,68.0000000000,0.0017024456,68,1,2026-06-28 02:00:00
2052,5.6180698152,2020-11-14,2020-11-14 23:50:00,656955,16075.4527338736,60129.2000000000,39942.5382757910,68.0000000000,0.0017024456,68,1,2026-06-28 02:00:00
2051,5.6153319644,2020-11-15,2020-11-15 23:50:00,657105,15962.0989515604,60129.2000000000,39942.5382757910,68.0000000000,0.0017024456,68,1,2026-06-28 02:00:00
2050,5.6125941136,2020-11-16,2020-11-16 23:50:00,657265,16709.6122838794,60129.2000000000,39942.5382757910,68.0000000000,0.0017024456,68,1,2026-06-28 02:00:00
2049,5.6098562628,2020-11-17,2020-11-17 23:50:00,657422,17667.3815934344,60129.2000000000,39942.5382757910,68.0000000000,0.0017024456,68,1,2026-06-28 02:00:00
2048,5.6071184120,2020-11-18,2020-11-18 23:50:00,657586,17812.2332367500,60129.2000000000,39942.5382757910,68.0000000000,0.0017024456,68,1,2026-06-28 02:00:00
2047,5.6043805613,2020-11-19,2020-11-19 23:50:00,657726,17797.5526918571,60129.2000000000,39942.5382757910,68.0000000000,0.0017024456,68,1,2026-06-28 02:00:00
2046,5.6016427105,2020-11-20,2020-11-20 23:50:00,657894,18624.9127370334,60129.2000000000,39942.5382757910,68.0000000000,0.0017024456,68,1,2026-06-28 02:00:00
2045,5.5989048597,2020-11-21,2020-11-21 23:50:00,658064,18681.8847398762,60129.2000000000,39942.5382757910,68.0000000000,0.0017024456,68,1,2026-06-28 02:00:00
2044,5.5961670089,2020-11-22,2020-11-22 23:50:00,658239,18406.8363938575,60129.2000000000,39942.5382757910,68.0000000000,0.0017024456,68,1,2026-06-28 02:00:00
2043,5.5934291581,2020-11-23,2020-11-23 23:50:00,658386,18340.9509240220,60129.2000000000,39942.5382757910,68.0000000000,0.0017024456,68,1,2026-06-28 02:00:00
2042,5.5906913073,2020-11-24,2020-11-24 23:50:00,658521,19081.1138092077,60129.2000000000,39942.5382757910,68.0000000000,0.0017024456,68,1,2026-06-28 02:00:00
2041,5.5879534565,2020-11-25,2020-11-25 23:50:00,658676,18764.4765440494,60129.2000000000,39942.5382757910,68.0000000000,0.0017024456,68,1,2026-06-28 02:00:00
2040,5.5852156057,2020-11-26,2020-11-26 23:50:00,658827,17106.2907014696,60129.2000000000,39942.5382757910,68.0000000000,0.0017024456,68,1,2026-06-28 02:00:00
2039,5.5824777550,2020-11-27,2020-11-27 23:50:00,658981,17096.7245330632,60129.2000000000,39942.5382757910,68.0000000000,0.0017024456,68,1,2026-06-28 02:00:00
2038,5.5797399042,2020-11-28,2020-11-28 23:50:00,659134,17714.0605859970,60129.2000000000,39942.5382757910,68.0000000000,0.0017024456,68,1,2026-06-28 02:00:00
2037,5.5770020534,2020-11-29,2020-11-29 23:50:00,659283,18147.6364598104,60129.2000000000,39942.5382757910,68.0000000000,0.0017024456,68,1,2026-06-28 02:00:00
2036,5.5742642026,2020-11-30,2020-11-30 23:50:00,659395,19689.8105449972,60129.2000000000,39942.5382757910,68.0000000000,0.0017024456,68,1,2026-06-28 02:00:00
2035,5.5715263518,2020-12-01,2020-12-01 23:50:00,659550,18863.7808608613,60129.2000000000,41116.4586870709,67.0000000000,0.0016295178,67,1,2026-06-28 02:00:00
2034,5.5687885010,2020-12-02,2020-12-02 23:50:00,659681,19196.4370391648,60129.2000000000,41116.4586870709,67.0000000000,0.0016295178,67,1,2026-06-28 02:00:00
2033,5.5660506502,2020-12-03,2020-12-03 23:50:00,659836,19437.0816585009,60129.2000000000,41116.4586870709,67.0000000000,0.0016295178,67,1,2026-06-28 02:00:00
2032,5.5633127995,2020-12-04,2020-12-04 23:50:00,659981,18756.3408767156,60129.2000000000,41116.4586870709,67.0000000000,0.0016295178,67,1,2026-06-28 02:00:00
2031,5.5605749487,2020-12-05,2020-12-05 23:50:00,660125,19137.3706402972,60129.2000000000,41116.4586870709,67.0000000000,0.0016295178,67,1,2026-06-28 02:00:00
2030,5.5578370979,2020-12-06,2020-12-06 23:50:00,660261,19331.0579199583,60129.2000000000,41116.4586870709,67.0000000000,0.0016295178,67,1,2026-06-28 02:00:00
2029,5.5550992471,2020-12-07,2020-12-07 23:50:00,660410,19198.3221890773,60129.2000000000,41116.4586870709,67.0000000000,0.0016295178,67,1,2026-06-28 02:00:00
2028,5.5523613963,2020-12-08,2020-12-08 23:50:00,660554,18327.6948175764,60129.2000000000,41116.4586870709,67.0000000000,0.0016295178,67,1,2026-06-28 02:00:00
2027,5.5496235455,2020-12-09,2020-12-09 23:50:00,660694,18564.9043662465,60129.2000000000,41116.4586870709,67.0000000000,0.0016295178,67,1,2026-06-28 02:00:00
2026,5.5468856947,2020-12-10,2020-12-10 23:50:00,660821,18272.7162435610,60129.2000000000,41116.4586870709,67.0000000000,0.0016295178,67,1,2026-06-28 02:00:00
2025,5.5441478439,2020-12-11,2020-12-11 23:50:00,660963,18079.3121332072,60129.2000000000,41116.4586870709,67.0000000000,0.0016295178,67,1,2026-06-28 02:00:00
2024,5.5414099932,2020-12-12,2020-12-12 23:50:00,661095,18799.9244382663,60129.2000000000,41116.4586870709,67.0000000000,0.0016295178,67,1,2026-06-28 02:00:00
2023,5.5386721424,2020-12-13,2020-12-13 23:50:00,661251,19148.6934562713,60129.2000000000,41116.4586870709,67.0000000000,0.0016295178,67,1,2026-06-28 02:00:00
2022,5.5359342916,2020-12-14,2020-12-14 23:50:00,661394,19246.4783873027,60129.2000000000,41116.4586870709,67.0000000000,0.0016295178,67,1,2026-06-28 02:00:00
2021,5.5331964408,2020-12-15,2020-12-15 23:50:00,661535,19423.8174165751,60129.2000000000,41116.4586870709,67.0000000000,0.0016295178,67,1,2026-06-28 02:00:00
2020,5.5304585900,2020-12-16,2020-12-16 23:50:00,661675,21344.9612812471,60129.2000000000,41116.4586870709,67.0000000000,0.0016295178,67,1,2026-06-28 02:00:00
2019,5.5277207392,2020-12-17,2020-12-17 23:50:00,661808,22790.8065382764,60129.2000000000,41116.4586870709,67.0000000000,0.0016295178,67,1,2026-06-28 02:00:00
2018,5.5249828884,2020-12-18,2020-12-18 23:50:00,661965,23078.7639555841,60129.2000000000,41116.4586870709,67.0000000000,0.0016295178,67,1,2026-06-28 02:00:00
2017,5.5222450376,2020-12-19,2020-12-19 23:50:00,662122,23851.2425140760,60129.2000000000,41116.4586870709,67.0000000000,0.0016295178,67,1,2026-06-28 02:00:00
2016,5.5195071869,2020-12-20,2020-12-20 23:50:00,662274,23549.7811233669,60129.2000000000,41116.4586870709,67.0000000000,0.0016295178,67,1,2026-06-28 02:00:00
2015,5.5167693361,2020-12-21,2020-12-21 23:50:00,662409,22875.4556997310,60129.2000000000,41116.4586870709,67.0000000000,0.0016295178,67,1,2026-06-28 02:00:00
2014,5.5140314853,2020-12-22,2020-12-22 23:50:00,662551,23758.9336281691,60129.2000000000,41116.4586870709,67.0000000000,0.0016295178,67,1,2026-06-28 02:00:00
2013,5.5112936345,2020-12-23,2020-12-23 23:50:00,662707,23279.5492931020,60129.2000000000,41116.4586870709,67.0000000000,0.0016295178,67,1,2026-06-28 02:00:00
2012,5.5085557837,2020-12-24,2020-12-24 23:50:00,662832,23764.7534048731,60129.2000000000,41116.4586870709,67.0000000000,0.0016295178,67,1,2026-06-28 02:00:00
2011,5.5058179329,2020-12-25,2020-12-25 23:50:00,662976,24688.2115203339,60129.2000000000,41116.4586870709,67.0000000000,0.0016295178,67,1,2026-06-28 02:00:00
2010,5.5030800821,2020-12-26,2020-12-26 23:50:00,663114,26440.2487002033,60129.2000000000,41116.4586870709,67.0000000000,0.0016295178,67,1,2026-06-28 02:00:00
2009,5.5003422313,2020-12-27,2020-12-27 23:50:00,663260,26388.1494556721,60129.2000000000,41116.4586870709,67.0000000000,0.0016295178,67,1,2026-06-28 02:00:00
2008,5.4976043806,2020-12-28,2020-12-28 23:50:00,663421,27098.9527539284,60129.2000000000,41116.4586870709,67.0000000000,0.0016295178,67,1,2026-06-28 02:00:00
2007,5.4948665298,2020-12-29,2020-12-29 23:50:00,663572,27324.9881064342,60129.2000000000,41116.4586870709,67.0000000000,0.0016295178,67,1,2026-06-28 02:00:00
2006,5.4921286790,2020-12-30,2020-12-30 23:50:00,663745,28827.0079735798,60129.2000000000,41116.4586870709,67.0000000000,0.0016295178,67,1,2026-06-28 02:00:00
2005,5.4893908282,2020-12-31,2020-12-31 23:50:00,663911,28988.6424935310,60129.2000000000,41116.4586870709,67.0000000000,0.0016295178,67,1,2026-06-28 02:00:00
2004,5.4866529774,2021-01-01,2021-01-01 23:50:00,664059,29354.3104926801,60129.2000000000,41864.7278967593,66.0000000000,0.0015765061,66,1,2026-06-28 02:00:00
2003,5.4839151266,2021-01-02,2021-01-02 23:50:00,664211,32031.6197124808,60129.2000000000,41864.7278967593,66.0000000000,0.0015765061,66,1,2026-06-28 02:00:00
2002,5.4811772758,2021-01-03,2021-01-03 23:50:00,664370,32939.0574716838,60129.2000000000,41864.7278967593,66.0000000000,0.0015765061,66,1,2026-06-28 02:00:00
2001,5.4784394251,2021-01-04,2021-01-04 23:50:00,664541,31930.8394060544,60129.2000000000,41864.7278967593,66.0000000000,0.0015765061,66,1,2026-06-28 02:00:00
2000,5.4757015743,2021-01-05,2021-01-05 23:50:00,664698,34070.2003318098,60129.2000000000,41864.7278967593,66.0000000000,0.0015765061,66,1,2026-06-28 02:00:00
1999,5.4729637235,2021-01-06,2021-01-06 23:50:00,664877,36850.1471535034,60129.2000000000,41864.7278967593,66.0000000000,0.0015765061,66,1,2026-06-28 02:00:00
1998,5.4702258727,2021-01-07,2021-01-07 23:50:00,665044,39241.9363740178,60129.2000000000,41864.7278967593,66.0000000000,0.0015765061,66,1,2026-06-28 02:00:00
1997,5.4674880219,2021-01-08,2021-01-08 23:50:00,665192,40771.7594640279,60129.2000000000,41864.7278967593,66.0000000000,0.0015765061,66,1,2026-06-28 02:00:00
1996,5.4647501711,2021-01-09,2021-01-09 23:50:00,665332,40388.8736375231,60129.2000000000,41864.7278967593,66.0000000000,0.0015765061,66,1,2026-06-28 02:00:00
1995,5.4620123203,2021-01-10,2021-01-10 23:50:00,665490,38474.2960692984,60129.2000000000,41864.7278967593,66.0000000000,0.0015765061,66,1,2026-06-28 02:00:00
1994,5.4592744695,2021-01-11,2021-01-11 23:50:00,665645,35603.3637737794,60129.2000000000,41864.7278967593,66.0000000000,0.0015765061,66,1,2026-06-28 02:00:00
1993,5.4565366188,2021-01-12,2021-01-12 23:50:00,665792,33879.4514297691,60129.2000000000,41864.7278967593,66.0000000000,0.0015765061,66,1,2026-06-28 02:00:00
1992,5.4537987680,2021-01-13,2021-01-13 23:50:00,665944,37320.8081008498,60129.2000000000,41864.7278967593,66.0000000000,0.0015765061,66,1,2026-06-28 02:00:00
1991,5.4510609172,2021-01-14,2021-01-14 23:50:00,666090,39192.5632280153,60129.2000000000,41864.7278967593,66.0000000000,0.0015765061,66,1,2026-06-28 02:00:00
1990,5.4483230664,2021-01-15,2021-01-15 23:50:00,666247,36732.7629254802,60129.2000000000,41864.7278967593,66.0000000000,0.0015765061,66,1,2026-06-28 02:00:00
1989,5.4455852156,2021-01-16,2021-01-16 23:50:00,666394,36206.7434167146,60129.2000000000,41864.7278967593,66.0000000000,0.0015765061,66,1,2026-06-28 02:00:00
1988,5.4428473648,2021-01-17,2021-01-17 23:50:00,666526,35774.0233685713,60129.2000000000,41864.7278967593,66.0000000000,0.0015765061,66,1,2026-06-28 02:00:00
1987,5.4401095140,2021-01-18,2021-01-18 23:50:00,666669,36642.5318946764,60129.2000000000,41864.7278967593,66.0000000000,0.0015765061,66,1,2026-06-28 02:00:00
1986,5.4373716632,2021-01-19,2021-01-19 23:50:00,666819,36072.6345567260,60129.2000000000,41864.7278967593,66.0000000000,0.0015765061,66,1,2026-06-28 02:00:00
1985,5.4346338125,2021-01-20,2021-01-20 23:50:00,666962,35553.5508096463,60129.2000000000,41864.7278967593,66.0000000000,0.0015765061,66,1,2026-06-28 02:00:00
1984,5.4318959617,2021-01-21,2021-01-21 23:50:00,667091,30818.5990085871,60129.2000000000,41864.7278967593,66.0000000000,0.0015765061,66,1,2026-06-28 02:00:00
1983,5.4291581109,2021-01-22,2021-01-22 23:50:00,667232,33004.7233300404,60129.2000000000,41864.7278967593,66.0000000000,0.0015765061,66,1,2026-06-28 02:00:00
1982,5.4264202601,2021-01-23,2021-01-23 23:50:00,667386,32057.5712738143,60129.2000000000,41864.7278967593,66.0000000000,0.0015765061,66,1,2026-06-28 02:00:00
1981,5.4236824093,2021-01-24,2021-01-24 23:50:00,667526,32293.2701468078,60129.2000000000,41864.7278967593,66.0000000000,0.0015765061,66,1,2026-06-28 02:00:00
1980,5.4209445585,2021-01-25,2021-01-25 23:50:00,667667,32368.1149983009,60129.2000000000,41864.7278967593,66.0000000000,0.0015765061,66,1,2026-06-28 02:00:00
1979,5.4182067077,2021-01-26,2021-01-26 23:50:00,667828,32571.3216857644,60129.2000000000,41864.7278967593,66.0000000000,0.0015765061,66,1,2026-06-28 02:00:00
1978,5.4154688569,2021-01-27,2021-01-27 23:50:00,667968,30438.3670042094,60129.2000000000,41864.7278967593,66.0000000000,0.0015765061,66,1,2026-06-28 02:00:00
1977,5.4127310062,2021-01-28,2021-01-28 23:50:00,668115,33459.3512520692,60129.2000000000,41864.7278967593,66.0000000000,0.0015765061,66,1,2026-06-28 02:00:00
1976,5.4099931554,2021-01-29,2021-01-29 23:50:00,668264,34318.5281998321,60129.2000000000,41864.7278967593,66.0000000000,0.0015765061,66,1,2026-06-28 02:00:00
1975,5.4072553046,2021-01-30,2021-01-30 23:50:00,668402,34258.1229059642,60129.2000000000,41864.7278967593,66.0000000000,0.0015765061,66,1,2026-06-28 02:00:00
1974,5.4045174538,2021-01-31,2021-01-31 23:50:00,668546,33108.2966512959,60129.2000000000,41864.7278967593,66.0000000000,0.0015765061,66,1,2026-06-28 02:00:00
1973,5.4017796030,2021-02-01,2021-02-01 23:50:00,668666,33543.8597435008,60129.2000000000,42141.0348128213,65.0000000000,0.0015424396,65,1,2026-06-28 02:00:00
1972,5.3990417522,2021-02-02,2021-02-02 23:50:00,668818,35524.1199522732,60129.2000000000,42141.0348128213,65.0000000000,0.0015424396,65,1,2026-06-28 02:00:00
1971,5.3963039014,2021-02-03,2021-02-03 23:50:00,668967,37451.3674729163,60129.2000000000,42141.0348128213,65.0000000000,0.0015424396,65,1,2026-06-28 02:00:00
1970,5.3935660507,2021-02-04,2021-02-04 23:50:00,669127,36924.7420058599,60129.2000000000,42141.0348128213,65.0000000000,0.0015424396,65,1,2026-06-28 02:00:00
1969,5.3908281999,2021-02-05,2021-02-05 23:50:00,669298,38123.1535401471,60129.2000000000,42141.0348128213,65.0000000000,0.0015424396,65,1,2026-06-28 02:00:00
1968,5.3880903491,2021-02-06,2021-02-06 23:50:00,669456,39271.9967681832,60129.2000000000,42141.0348128213,65.0000000000,0.0015424396,65,1,2026-06-28 02:00:00
1967,5.3853524983,2021-02-07,2021-02-07 23:50:00,669611,38904.2141493887,60129.2000000000,42141.0348128213,65.0000000000,0.0015424396,65,1,2026-06-28 02:00:00
1966,5.3826146475,2021-02-08,2021-02-08 23:50:00,669775,45981.8645896845,60129.2000000000,42141.0348128213,65.0000000000,0.0015424396,65,1,2026-06-28 02:00:00
1965,5.3798767967,2021-02-09,2021-02-09 23:50:00,669916,46506.1348090774,60129.2000000000,42141.0348128213,65.0000000000,0.0015424396,65,1,2026-06-28 02:00:00
1964,5.3771389459,2021-02-10,2021-02-10 23:50:00,670061,44886.3810996796,60129.2000000000,42141.0348128213,65.0000000000,0.0015424396,65,1,2026-06-28 02:00:00
1963,5.3744010951,2021-02-11,2021-02-11 23:50:00,670189,47812.5353338969,60129.2000000000,42141.0348128213,65.0000000000,0.0015424396,65,1,2026-06-28 02:00:00
1962,5.3716632444,2021-02-12,2021-02-12 23:50:00,670331,47482.8613524091,60129.2000000000,42141.0348128213,65.0000000000,0.0015424396,65,1,2026-06-28 02:00:00
1961,5.3689253936,2021-02-13,2021-02-13 23:50:00,670488,47067.9391352625,60129.2000000000,42141.0348128213,65.0000000000,0.0015424396,65,1,2026-06-28 02:00:00
1960,5.3661875428,2021-02-14,2021-02-14 23:50:00,670637,48747.4524415548,60129.2000000000,42141.0348128213,65.0000000000,0.0015424396,65,1,2026-06-28 02:00:00
1959,5.3634496920,2021-02-15,2021-02-15 23:50:00,670788,47984.9547536791,60129.2000000000,42141.0348128213,65.0000000000,0.0015424396,65,1,2026-06-28 02:00:00
1958,5.3607118412,2021-02-16,2021-02-16 23:50:00,670908,49175.9005159218,60129.2000000000,42141.0348128213,65.0000000000,0.0015424396,65,1,2026-06-28 02:00:00
1957,5.3579739904,2021-02-17,2021-02-17 23:50:00,671048,52138.0449876849,60129.2000000000,42141.0348128213,65.0000000000,0.0015424396,65,1,2026-06-28 02:00:00
1956,5.3552361396,2021-02-18,2021-02-18 23:50:00,671185,51649.5754362938,60129.2000000000,42141.0348128213,65.0000000000,0.0015424396,65,1,2026-06-28 02:00:00
1955,5.3524982888,2021-02-19,2021-02-19 23:50:00,671337,55776.1888125134,60129.2000000000,42141.0348128213,65.0000000000,0.0015424396,65,1,2026-06-28 02:00:00
1954,5.3497604381,2021-02-20,2021-02-20 23:50:00,671482,56134.5441520291,60129.2000000000,42141.0348128213,65.0000000000,0.0015424396,65,1,2026-06-28 02:00:00
1953,5.3470225873,2021-02-21,2021-02-21 23:50:00,671625,57487.0380740846,60129.2000000000,42141.0348128213,65.0000000000,0.0015424396,65,1,2026-06-28 02:00:00
1952,5.3442847365,2021-02-22,2021-02-22 23:50:00,671758,54092.6887998871,60129.2000000000,42141.0348128213,65.0000000000,0.0015424396,65,1,2026-06-28 02:00:00
1951,5.3415468857,2021-02-23,2021-02-23 23:50:00,671884,48548.9572135791,60129.2000000000,42141.0348128213,65.0000000000,0.0015424396,65,1,2026-06-28 02:00:00
1950,5.3388090349,2021-02-24,2021-02-24 23:50:00,672043,49652.0100317287,60129.2000000000,42141.0348128213,65.0000000000,0.0015424396,65,1,2026-06-28 02:00:00
1949,5.3360711841,2021-02-25,2021-02-25 23:50:00,672198,47209.5440687305,60129.2000000000,42141.0348128213,65.0000000000,0.0015424396,65,1,2026-06-28 02:00:00
1948,5.3333333333,2021-02-26,2021-02-26 23:50:00,672338,46243.9520541050,60129.2000000000,42141.0348128213,65.0000000000,0.0015424396,65,1,2026-06-28 02:00:00
1947,5.3305954825,2021-02-27,2021-02-27 23:50:00,672495,46319.6963936109,60129.2000000000,42141.0348128213,65.0000000000,0.0015424396,65,1,2026-06-28 02:00:00
1946,5.3278576318,2021-02-28,2021-02-28 23:50:00,672626,45119.1256976819,60129.2000000000,42141.0348128213,65.0000000000,0.0015424396,65,1,2026-06-28 02:00:00
1945,5.3251197810,2021-03-01,2021-03-01 23:50:00,672755,49768.1603501215,60129.2000000000,42310.4727443413,64.0000000000,0.0015126279,64,1,2026-06-28 02:00:00
1944,5.3223819302,2021-03-02,2021-03-02 23:50:00,672897,48401.7329785249,60129.2000000000,42310.4727443413,64.0000000000,0.0015126279,64,1,2026-06-28 02:00:00
1943,5.3196440794,2021-03-03,2021-03-03 23:50:00,673051,50698.5683352480,60129.2000000000,42310.4727443413,64.0000000000,0.0015126279,64,1,2026-06-28 02:00:00
1942,5.3169062286,2021-03-04,2021-03-04 23:50:00,673179,48515.7702137772,60129.2000000000,42310.4727443413,64.0000000000,0.0015126279,64,1,2026-06-28 02:00:00
1941,5.3141683778,2021-03-05,2021-03-05 23:50:00,673328,48915.7895945687,60129.2000000000,42310.4727443413,64.0000000000,0.0015126279,64,1,2026-06-28 02:00:00
1940,5.3114305270,2021-03-06,2021-03-06 23:50:00,673481,48905.8798703098,60129.2000000000,42310.4727443413,64.0000000000,0.0015126279,64,1,2026-06-28 02:00:00
1939,5.3086926762,2021-03-07,2021-03-07 23:50:00,673625,51282.1136986560,60129.2000000000,42310.4727443413,64.0000000000,0.0015126279,64,1,2026-06-28 02:00:00
1938,5.3059548255,2021-03-08,2021-03-08 23:50:00,673780,52307.8607131832,60129.2000000000,42310.4727443413,64.0000000000,0.0015126279,64,1,2026-06-28 02:00:00
1937,5.3032169747,2021-03-09,2021-03-09 23:50:00,673922,54696.8218222056,60129.2000000000,42310.4727443413,64.0000000000,0.0015126279,64,1,2026-06-28 02:00:00
1936,5.3004791239,2021-03-10,2021-03-10 23:50:00,674071,56128.7672274550,60129.2000000000,42310.4727443413,64.0000000000,0.0015126279,64,1,2026-06-28 02:00:00
1935,5.2977412731,2021-03-11,2021-03-11 23:50:00,674203,57800.3667141908,60129.2000000000,42310.4727443413,64.0000000000,0.0015126279,64,1,2026-06-28 02:00:00
1934,5.2950034223,2021-03-12,2021-03-12 23:50:00,674353,57372.3295128343,60129.2000000000,42310.4727443413,64.0000000000,0.0015126279,64,1,2026-06-28 02:00:00
1933,5.2922655715,2021-03-13,2021-03-13 23:50:00,674495,61217.0508798956,60129.2000000000,42310.4727443413,64.0000000000,0.0015126279,64,1,2026-06-28 02:00:00
1932,5.2895277207,2021-03-14,2021-03-14 23:50:00,674653,59728.5939289337,60129.2000000000,42310.4727443413,64.0000000000,0.0015126279,64,1,2026-06-28 02:00:00
1931,5.2867898700,2021-03-15,2021-03-15 23:50:00,674800,55813.8936028549,60129.2000000000,42310.4727443413,64.0000000000,0.0015126279,64,1,2026-06-28 02:00:00
1930,5.2840520192,2021-03-16,2021-03-16 23:50:00,674950,56488.6224704007,60129.2000000000,42310.4727443413,64.0000000000,0.0015126279,64,1,2026-06-28 02:00:00
1929,5.2813141684,2021-03-17,2021-03-17 23:50:00,675085,58748.9235428563,60129.2000000000,42310.4727443413,64.0000000000,0.0015126279,64,1,2026-06-28 02:00:00
1928,5.2785763176,2021-03-18,2021-03-18 23:50:00,675238,57887.8812431903,60129.2000000000,42310.4727443413,64.0000000000,0.0015126279,64,1,2026-06-28 02:00:00
1927,5.2758384668,2021-03-19,2021-03-19 23:50:00,675384,58374.2068639123,60129.2000000000,42310.4727443413,64.0000000000,0.0015126279,64,1,2026-06-28 02:00:00
1926,5.2731006160,2021-03-20,2021-03-20 23:50:00,675539,58443.5214344648,60129.2000000000,42310.4727443413,64.0000000000,0.0015126279,64,1,2026-06-28 02:00:00
1925,5.2703627652,2021-03-21,2021-03-21 23:50:00,675696,57521.4567131999,60129.2000000000,42310.4727443413,64.0000000000,0.0015126279,64,1,2026-06-28 02:00:00
1924,5.2676249144,2021-03-22,2021-03-22 23:50:00,675847,54608.2591492133,60129.2000000000,42310.4727443413,64.0000000000,0.0015126279,64,1,2026-06-28 02:00:00
1923,5.2648870637,2021-03-23,2021-03-23 23:50:00,676005,54888.8553703070,60129.2000000000,42310.4727443413,64.0000000000,0.0015126279,64,1,2026-06-28 02:00:00
1922,5.2621492129,2021-03-24,2021-03-24 23:50:00,676156,52774.2636904924,60129.2000000000,42310.4727443413,64.0000000000,0.0015126279,64,1,2026-06-28 02:00:00
1921,5.2594113621,2021-03-25,2021-03-25 23:50:00,676314,51704.1619251988,60129.2000000000,42310.4727443413,64.0000000000,0.0015126279,64,1,2026-06-28 02:00:00
1920,5.2566735113,2021-03-26,2021-03-26 23:50:00,676449,55137.3137257793,60129.2000000000,42310.4727443413,64.0000000000,0.0015126279,64,1,2026-06-28 02:00:00
1919,5.2539356605,2021-03-27,2021-03-27 23:50:00,676606,56067.9455484747,60129.2000000000,42310.4727443413,64.0000000000,0.0015126279,64,1,2026-06-28 02:00:00
1918,5.2511978097,2021-03-28,2021-03-28 23:50:00,676766,55991.2011964778,60129.2000000000,42310.4727443413,64.0000000000,0.0015126279,64,1,2026-06-28 02:00:00
1917,5.2484599589,2021-03-29,2021-03-29 23:50:00,676919,57769.1401206630,60129.2000000000,42310.4727443413,64.0000000000,0.0015126279,64,1,2026-06-28 02:00:00
1916,5.2457221081,2021-03-30,2021-03-30 23:50:00,677063,58937.6388868143,60129.2000000000,42310.4727443413,64.0000000000,0.0015126279,64,1,2026-06-28 02:00:00
1915,5.2429842574,2021-03-31,2021-03-31 23:50:00,677220,58954.4970081497,60129.2000000000,42310.4727443413,64.0000000000,0.0015126279,64,1,2026-06-28 02:00:00
1914,5.2402464066,2021-04-01,2021-04-01 23:50:00,677366,59118.9740776880,60129.2000000000,42210.0740270942,63.0000000000,0.0014925347,63,1,2026-06-28 02:00:00
1913,5.2375085558,2021-04-02,2021-04-02 23:50:00,677506,59392.1494811252,60129.2000000000,42210.0740270942,63.0000000000,0.0014925347,63,1,2026-06-28 02:00:00
1912,5.2347707050,2021-04-03,2021-04-03 23:50:00,677638,57642.9709581908,60129.2000000000,42210.0740270942,63.0000000000,0.0014925347,63,1,2026-06-28 02:00:00
1911,5.2320328542,2021-04-04,2021-04-04 23:50:00,677783,58752.8065941548,60129.2000000000,42210.0740270942,63.0000000000,0.0014925347,63,1,2026-06-28 02:00:00
1910,5.2292950034,2021-04-05,2021-04-05 23:50:00,677939,58898.7658983339,60129.2000000000,42210.0740270942,63.0000000000,0.0014925347,63,1,2026-06-28 02:00:00
1909,5.2265571526,2021-04-06,2021-04-06 23:50:00,678083,58243.4539402529,60129.2000000000,42210.0740270942,63.0000000000,0.0014925347,63,1,2026-06-28 02:00:00
1908,5.2238193018,2021-04-07,2021-04-07 23:50:00,678240,56219.3962988062,60129.2000000000,42210.0740270942,63.0000000000,0.0014925347,63,1,2026-06-28 02:00:00
1907,5.2210814511,2021-04-08,2021-04-08 23:50:00,678375,58321.1071354466,60129.2000000000,42210.0740270942,63.0000000000,0.0014925347,63,1,2026-06-28 02:00:00
1906,5.2183436003,2021-04-09,2021-04-09 23:50:00,678526,58245.0030010835,60129.2000000000,42210.0740270942,63.0000000000,0.0014925347,63,1,2026-06-28 02:00:00
1905,5.2156057495,2021-04-10,2021-04-10 23:50:00,678684,59793.2354100938,60129.2000000000,42210.0740270942,63.0000000000,0.0014925347,63,1,2026-06-28 02:00:00
1904,5.2128678987,2021-04-11,2021-04-11 23:50:00,678827,60226.4236096343,60129.2000000000,42210.0740270942,63.0000000000,0.0014925347,63,1,2026-06-28 02:00:00
1903,5.2101300479,2021-04-12,2021-04-12 23:50:00,678972,59915.4644652315,60129.2000000000,42210.0740270942,63.0000000000,0.0014925347,63,1,2026-06-28 02:00:00
1902,5.2073921971,2021-04-13,2021-04-13 23:50:00,679115,63603.7081723369,60129.2000000000,42210.0740270942,63.0000000000,0.0014925347,63,1,2026-06-28 02:00:00
1901,5.2046543463,2021-04-14,2021-04-14 23:50:00,679248,62922.2131802291,60129.2000000000,42210.0740270942,63.0000000000,0.0014925347,63,1,2026-06-28 02:00:00
1900,5.2019164956,2021-04-15,2021-04-15 23:50:00,679421,63285.5672706734,60129.2000000000,42210.0740270942,63.0000000000,0.0014925347,63,1,2026-06-28 02:00:00
1899,5.1991786448,2021-04-16,2021-04-16 23:50:00,679524,61611.9968058427,60129.2000000000,42210.0740270942,63.0000000000,0.0014925347,63,1,2026-06-28 02:00:00
1898,5.1964407940,2021-04-17,2021-04-17 23:50:00,679614,60803.8465316362,60129.2000000000,42210.0740270942,63.0000000000,0.0014925347,63,1,2026-06-28 02:00:00
1897,5.1937029432,2021-04-18,2021-04-18 23:50:00,679740,56163.1054032771,60129.2000000000,42210.0740270942,63.0000000000,0.0014925347,63,1,2026-06-28 02:00:00
1896,5.1909650924,2021-04-19,2021-04-19 23:50:00,679837,55657.8392317476,60129.2000000000,42210.0740270942,63.0000000000,0.0014925347,63,1,2026-06-28 02:00:00
1895,5.1882272416,2021-04-20,2021-04-20 23:50:00,679964,56379.2124771625,60129.2000000000,42210.0740270942,63.0000000000,0.0014925347,63,1,2026-06-28 02:00:00
1894,5.1854893908,2021-04-21,2021-04-21 23:50:00,680065,53861.4369594757,60129.2000000000,42210.0740270942,63.0000000000,0.0014925347,63,1,2026-06-28 02:00:00
1893,5.1827515400,2021-04-22,2021-04-22 23:50:00,680209,51826.8935437270,60129.2000000000,42210.0740270942,63.0000000000,0.0014925347,63,1,2026-06-28 02:00:00
1892,5.1800136893,2021-04-23,2021-04-23 23:50:00,680343,51027.7333278617,60129.2000000000,42210.0740270942,63.0000000000,0.0014925347,63,1,2026-06-28 02:00:00
1891,5.1772758385,2021-04-24,2021-04-24 23:50:00,680486,50020.1534214591,60129.2000000000,42210.0740270942,63.0000000000,0.0014925347,63,1,2026-06-28 02:00:00
1890,5.1745379877,2021-04-25,2021-04-25 23:50:00,680630,49039.8623414981,60129.2000000000,42210.0740270942,63.0000000000,0.0014925347,63,1,2026-06-28 02:00:00
1889,5.1718001369,2021-04-26,2021-04-26 23:50:00,680744,54006.2520126260,60129.2000000000,42210.0740270942,63.0000000000,0.0014925347,63,1,2026-06-28 02:00:00
1888,5.1690622861,2021-04-27,2021-04-27 23:50:00,680886,54981.4799948714,60129.2000000000,42210.0740270942,63.0000000000,0.0014925347,63,1,2026-06-28 02:00:00
1887,5.1663244353,2021-04-28,2021-04-28 23:50:00,681028,54793.3945298051,60129.2000000000,42210.0740270942,63.0000000000,0.0014925347,63,1,2026-06-28 02:00:00
1886,5.1635865845,2021-04-29,2021-04-29 23:50:00,681149,53558.6620690632,60129.2000000000,42210.0740270942,63.0000000000,0.0014925347,63,1,2026-06-28 02:00:00
1885,5.1608487337,2021-04-30,2021-04-30 23:50:00,681295,57775.2781515528,60129.2000000000,42210.0740270942,63.0000000000,0.0014925347,63,1,2026-06-28 02:00:00
1884,5.1581108830,2021-05-01,2021-05-01 23:50:00,681433,57811.5175275939,60129.2000000000,42016.2471326287,62.0000000000,0.0014756197,62,1,2026-06-28 02:00:00
1883,5.1553730322,2021-05-02,2021-05-02 23:50:00,681617,56613.2026484786,60129.2000000000,42016.2471326287,62.0000000000,0.0014756197,62,1,2026-06-28 02:00:00
1882,5.1526351814,2021-05-03,2021-05-03 23:50:00,681795,57200.2912228916,60129.2000000000,42016.2471326287,62.0000000000,0.0014756197,62,1,2026-06-28 02:00:00
1881,5.1498973306,2021-05-04,2021-05-04 23:50:00,681975,53333.5377527430,60129.2000000000,42016.2471326287,62.0000000000,0.0014756197,62,1,2026-06-28 02:00:00
1880,5.1471594798,2021-05-05,2021-05-05 23:50:00,682133,57424.0059481338,60129.2000000000,42016.2471326287,62.0000000000,0.0014756197,62,1,2026-06-28 02:00:00
1879,5.1444216290,2021-05-06,2021-05-06 23:50:00,682302,56485.7012969462,60129.2000000000,42016.2471326287,62.0000000000,0.0014756197,62,1,2026-06-28 02:00:00
1878,5.1416837782,2021-05-07,2021-05-07 23:50:00,682475,57369.5579987357,60129.2000000000,42016.2471326287,62.0000000000,0.0014756197,62,1,2026-06-28 02:00:00
1877,5.1389459274,2021-05-08,2021-05-08 23:50:00,682647,58766.5848746697,60129.2000000000,42016.2471326287,62.0000000000,0.0014756197,62,1,2026-06-28 02:00:00
1876,5.1362080767,2021-05-09,2021-05-09 23:50:00,682832,58218.5660767975,60129.2000000000,42016.2471326287,62.0000000000,0.0014756197,62,1,2026-06-28 02:00:00
1875,5.1334702259,2021-05-10,2021-05-10 23:50:00,683012,55824.8616666640,60129.2000000000,42016.2471326287,62.0000000000,0.0014756197,62,1,2026-06-28 02:00:00
1874,5.1307323751,2021-05-11,2021-05-11 23:50:00,683185,56714.0889102323,60129.2000000000,42016.2471326287,62.0000000000,0.0014756197,62,1,2026-06-28 02:00:00
1873,5.1279945243,2021-05-12,2021-05-12 23:50:00,683354,49916.4944991351,60129.2000000000,42016.2471326287,62.0000000000,0.0014756197,62,1,2026-06-28 02:00:00
1872,5.1252566735,2021-05-13,2021-05-13 23:50:00,683517,49729.3025003253,60129.2000000000,42016.2471326287,62.0000000000,0.0014756197,62,1,2026-06-28 02:00:00
1871,5.1225188227,2021-05-14,2021-05-14 23:50:00,683652,49873.6863924086,60129.2000000000,42016.2471326287,62.0000000000,0.0014756197,62,1,2026-06-28 02:00:00
1870,5.1197809719,2021-05-15,2021-05-15 23:50:00,683772,46803.8305224837,60129.2000000000,42016.2471326287,62.0000000000,0.0014756197,62,1,2026-06-28 02:00:00
1869,5.1170431211,2021-05-16,2021-05-16 23:50:00,683905,46406.3315441962,60129.2000000000,42016.2471326287,62.0000000000,0.0014756197,62,1,2026-06-28 02:00:00
1868,5.1143052704,2021-05-17,2021-05-17 23:50:00,684028,43382.1478591669,60129.2000000000,42016.2471326287,62.0000000000,0.0014756197,62,1,2026-06-28 02:00:00
1867,5.1115674196,2021-05-18,2021-05-18 23:50:00,684128,42985.8430963998,60129.2000000000,42016.2471326287,62.0000000000,0.0014756197,62,1,2026-06-28 02:00:00
1866,5.1088295688,2021-05-19,2021-05-19 23:50:00,684253,37151.9539355256,60129.2000000000,42016.2471326287,62.0000000000,0.0014756197,62,1,2026-06-28 02:00:00
1865,5.1060917180,2021-05-20,2021-05-20 23:50:00,684365,40512.1110801566,60129.2000000000,42016.2471326287,62.0000000000,0.0014756197,62,1,2026-06-28 02:00:00
1864,5.1033538672,2021-05-21,2021-05-21 23:50:00,684475,37273.4423549615,60129.2000000000,42016.2471326287,62.0000000000,0.0014756197,62,1,2026-06-28 02:00:00
1863,5.1006160164,2021-05-22,2021-05-22 23:50:00,684588,37645.7221468565,60129.2000000000,42016.2471326287,62.0000000000,0.0014756197,62,1,2026-06-28 02:00:00
1862,5.0978781656,2021-05-23,2021-05-23 23:50:00,684710,34888.6783128068,60129.2000000000,42016.2471326287,62.0000000000,0.0014756197,62,1,2026-06-28 02:00:00
1861,5.0951403149,2021-05-24,2021-05-24 23:50:00,684836,38669.0184494052,60129.2000000000,42016.2471326287,62.0000000000,0.0014756197,62,1,2026-06-28 02:00:00
1860,5.0924024641,2021-05-25,2021-05-25 23:50:00,684958,38211.7855219048,60129.2000000000,42016.2471326287,62.0000000000,0.0014756197,62,1,2026-06-28 02:00:00
1859,5.0896646133,2021-05-26,2021-05-26 23:50:00,685081,39266.3553511109,60129.2000000000,42016.2471326287,62.0000000000,0.0014756197,62,1,2026-06-28 02:00:00
1858,5.0869267625,2021-05-27,2021-05-27 23:50:00,685198,38530.1395731867,60129.2000000000,42016.2471326287,62.0000000000,0.0014756197,62,1,2026-06-28 02:00:00
1857,5.0841889117,2021-05-28,2021-05-28 23:50:00,685317,35690.7435565341,60129.2000000000,42016.2471326287,62.0000000000,0.0014756197,62,1,2026-06-28 02:00:00
1856,5.0814510609,2021-05-29,2021-05-29 23:50:00,685432,34613.0638532581,60129.2000000000,42016.2471326287,62.0000000000,0.0014756197,62,1,2026-06-28 02:00:00
1855,5.0787132101,2021-05-30,2021-05-30 23:50:00,685577,35639.9814545637,60129.2000000000,42016.2471326287,62.0000000000,0.0014756197,62,1,2026-06-28 02:00:00
1854,5.0759753593,2021-05-31,2021-05-31 23:50:00,685718,37317.2767973899,60129.2000000000,42016.2471326287,62.0000000000,0.0014756197,62,1,2026-06-28 02:00:00
1853,5.0732375086,2021-06-01,2021-06-01 23:50:00,685859,36642.3295918503,60129.2000000000,41828.8947375177,61.0000000000,0.0014583221,61,1,2026-06-28 02:00:00
1852,5.0704996578,2021-06-02,2021-06-02 23:50:00,686026,37659.8070952697,60129.2000000000,41828.8947375177,61.0000000000,0.0014583221,61,1,2026-06-28 02:00:00
1851,5.0677618070,2021-06-03,2021-06-03 23:50:00,686173,39173.7932921505,60129.2000000000,41828.8947375177,61.0000000000,0.0014583221,61,1,2026-06-28 02:00:00
1850,5.0650239562,2021-06-04,2021-06-04 23:50:00,686301,36975.0065685056,60129.2000000000,41828.8947375177,61.0000000000,0.0014583221,61,1,2026-06-28 02:00:00
1849,5.0622861054,2021-06-05,2021-06-05 23:50:00,686434,35533.7465875977,60129.2000000000,41828.8947375177,61.0000000000,0.0014583221,61,1,2026-06-28 02:00:00
1848,5.0595482546,2021-06-06,2021-06-06 23:50:00,686584,35797.4223899317,60129.2000000000,41828.8947375177,61.0000000000,0.0014583221,61,1,2026-06-28 02:00:00
1847,5.0568104038,2021-06-07,2021-06-07 23:50:00,686717,33577.6942252335,60129.2000000000,41828.8947375177,61.0000000000,0.0014583221,61,1,2026-06-28 02:00:00
1846,5.0540725530,2021-06-08,2021-06-08 23:50:00,686865,33452.0022549023,60129.2000000000,41828.8947375177,61.0000000000,0.0014583221,61,1,2026-06-28 02:00:00
1845,5.0513347023,2021-06-09,2021-06-09 23:50:00,686993,37290.9917761784,60129.2000000000,41828.8947375177,61.0000000000,0.0014583221,61,1,2026-06-28 02:00:00
1844,5.0485968515,2021-06-10,2021-06-10 23:50:00,687110,36744.7393084557,60129.2000000000,41828.8947375177,61.0000000000,0.0014583221,61,1,2026-06-28 02:00:00
1843,5.0458590007,2021-06-11,2021-06-11 23:50:00,687215,37242.8869133659,60129.2000000000,41828.8947375177,61.0000000000,0.0014583221,61,1,2026-06-28 02:00:00
1842,5.0431211499,2021-06-12,2021-06-12 23:50:00,687346,35512.9001145289,60129.2000000000,41828.8947375177,61.0000000000,0.0014583221,61,1,2026-06-28 02:00:00
1841,5.0403832991,2021-06-13,2021-06-13 23:50:00,687478,39019.8874209246,60129.2000000000,41828.8947375177,61.0000000000,0.0014583221,61,1,2026-06-28 02:00:00
1840,5.0376454483,2021-06-14,2021-06-14 23:50:00,687615,40536.0961867031,60129.2000000000,41828.8947375177,61.0000000000,0.0014583221,61,1,2026-06-28 02:00:00
1839,5.0349075975,2021-06-15,2021-06-15 23:50:00,687745,40239.1880627208,60129.2000000000,41828.8947375177,61.0000000000,0.0014583221,61,1,2026-06-28 02:00:00
1838,5.0321697467,2021-06-16,2021-06-16 23:50:00,687867,38287.5259240971,60129.2000000000,41828.8947375177,61.0000000000,0.0014583221,61,1,2026-06-28 02:00:00
1837,5.0294318960,2021-06-17,2021-06-17 23:50:00,687997,38109.1970806497,60129.2000000000,41828.8947375177,61.0000000000,0.0014583221,61,1,2026-06-28 02:00:00
1836,5.0266940452,2021-06-18,2021-06-18 23:50:00,688123,35713.8437778878,60129.2000000000,41828.8947375177,61.0000000000,0.0014583221,61,1,2026-06-28 02:00:00
1835,5.0239561944,2021-06-19,2021-06-19 23:50:00,688225,35668.6958768699,60129.2000000000,41828.8947375177,61.0000000000,0.0014583221,61,1,2026-06-28 02:00:00
1834,5.0212183436,2021-06-20,2021-06-20 23:50:00,688330,35704.6208578876,60129.2000000000,41828.8947375177,61.0000000000,0.0014583221,61,1,2026-06-28 02:00:00
1833,5.0184804928,2021-06-21,2021-06-21 23:50:00,688436,31586.7545269988,60129.2000000000,41828.8947375177,61.0000000000,0.0014583221,61,1,2026-06-28 02:00:00
1832,5.0157426420,2021-06-22,2021-06-22 23:50:00,688527,32477.4211309903,60129.2000000000,41828.8947375177,61.0000000000,0.0014583221,61,1,2026-06-28 02:00:00
1831,5.0130047912,2021-06-23,2021-06-23 23:50:00,688627,33652.9241546368,60129.2000000000,41828.8947375177,61.0000000000,0.0014583221,61,1,2026-06-28 02:00:00
1830,5.0102669405,2021-06-24,2021-06-24 23:50:00,688732,34629.9910446399,60129.2000000000,41828.8947375177,61.0000000000,0.0014583221,61,1,2026-06-28 02:00:00
1829,5.0075290897,2021-06-25,2021-06-25 23:50:00,688843,31670.6725443713,60129.2000000000,41828.8947375177,61.0000000000,0.0014583221,61,1,2026-06-28 02:00:00
1828,5.0047912389,2021-06-26,2021-06-26 23:50:00,688930,31982.5700317642,60129.2000000000,41828.8947375177,61.0000000000,0.0014583221,61,1,2026-06-28 02:00:00
1827,5.0020533881,2021-06-27,2021-06-27 23:50:00,688990,34607.2889731348,60129.2000000000,41828.8947375177,61.0000000000,0.0014583221,61,1,2026-06-28 02:00:00
1826,4.9993155373,2021-06-28,2021-06-28 23:50:00,689077,34408.6460923669,60129.2000000000,41828.8947375177,61.0000000000,0.0014583221,61,1,2026-06-28 02:00:00
1825,4.9965776865,2021-06-29,2021-06-29 23:50:00,689167,35900.1543344789,60129.2000000000,41828.8947375177,61.0000000000,0.0014583221,61,1,2026-06-28 02:00:00
1824,4.9938398357,2021-06-30,2021-06-30 23:50:00,689256,35024.6068287885,60129.2000000000,41828.8947375177,61.0000000000,0.0014583221,61,1,2026-06-28 02:00:00
1823,4.9911019849,2021-07-01,2021-07-01 23:50:00,689352,33568.5864306147,60129.2000000000,41927.8064342303,60.0000000000,0.0014310312,60,1,2026-06-28 02:00:00
1822,4.9883641342,2021-07-02,2021-07-02 23:50:00,689442,33933.6014840779,60129.2000000000,41927.8064342303,60.0000000000,0.0014310312,60,1,2026-06-28 02:00:00
1821,4.9856262834,2021-07-03,2021-07-03 23:50:00,689568,34674.5324661941,60129.2000000000,41927.8064342303,60.0000000000,0.0014310312,60,1,2026-06-28 02:00:00
1820,4.9828884326,2021-07-04,2021-07-04 23:50:00,689684,35285.0965662806,60129.2000000000,41927.8064342303,60.0000000000,0.0014310312,60,1,2026-06-28 02:00:00
1819,4.9801505818,2021-07-05,2021-07-05 23:50:00,689815,33821.8091172224,60129.2000000000,41927.8064342303,60.0000000000,0.0014310312,60,1,2026-06-28 02:00:00
1818,4.9774127310,2021-07-06,2021-07-06 23:50:00,689957,34158.9212238135,60129.2000000000,41927.8064342303,60.0000000000,0.0014310312,60,1,2026-06-28 02:00:00
1817,4.9746748802,2021-07-07,2021-07-07 23:50:00,690080,33850.9140907792,60129.2000000000,41927.8064342303,60.0000000000,0.0014310312,60,1,2026-06-28 02:00:00
1816,4.9719370294,2021-07-08,2021-07-08 23:50:00,690220,32847.3967899128,60129.2000000000,41927.8064342303,60.0000000000,0.0014310312,60,1,2026-06-28 02:00:00
1815,4.9691991786,2021-07-09,2021-07-09 23:50:00,690349,33878.2368619327,60129.2000000000,41927.8064342303,60.0000000000,0.0014310312,60,1,2026-06-28 02:00:00
1814,4.9664613279,2021-07-10,2021-07-10 23:50:00,690511,33517.8733400940,60129.2000000000,41927.8064342303,60.0000000000,0.0014310312,60,1,2026-06-28 02:00:00
1813,4.9637234771,2021-07-11,2021-07-11 23:50:00,690637,34242.6725066981,60129.2000000000,41927.8064342303,60.0000000000,0.0014310312,60,1,2026-06-28 02:00:00
1812,4.9609856263,2021-07-12,2021-07-12 23:50:00,690760,33186.3768449809,60129.2000000000,41927.8064342303,60.0000000000,0.0014310312,60,1,2026-06-28 02:00:00
1811,4.9582477755,2021-07-13,2021-07-13 23:50:00,690898,32616.0209110282,60129.2000000000,41927.8064342303,60.0000000000,0.0014310312,60,1,2026-06-28 02:00:00
1810,4.9555099247,2021-07-14,2021-07-14 23:50:00,691066,32808.3151865427,60129.2000000000,41927.8064342303,60.0000000000,0.0014310312,60,1,2026-06-28 02:00:00
1809,4.9527720739,2021-07-15,2021-07-15 23:50:00,691196,31671.4430537093,60129.2000000000,41927.8064342303,60.0000000000,0.0014310312,60,1,2026-06-28 02:00:00
1808,4.9500342231,2021-07-16,2021-07-16 23:50:00,691347,31426.8994786954,60129.2000000000,41927.8064342303,60.0000000000,0.0014310312,60,1,2026-06-28 02:00:00
1807,4.9472963723,2021-07-17,2021-07-17 23:50:00,691490,31548.9229576133,60129.2000000000,41927.8064342303,60.0000000000,0.0014310312,60,1,2026-06-28 02:00:00
1806,4.9445585216,2021-07-18,2021-07-18 23:50:00,691633,31814.3482784059,60129.2000000000,41927.8064342303,60.0000000000,0.0014310312,60,1,2026-06-28 02:00:00
1805,4.9418206708,2021-07-19,2021-07-19 23:50:00,691802,30834.3683902332,60129.2000000000,41927.8064342303,60.0000000000,0.0014310312,60,1,2026-06-28 02:00:00
1804,4.9390828200,2021-07-20,2021-07-20 23:50:00,691926,29783.0114171061,60129.2000000000,41927.8064342303,60.0000000000,0.0014310312,60,1,2026-06-28 02:00:00
1803,4.9363449692,2021-07-21,2021-07-21 23:50:00,692071,32131.6354868829,60129.2000000000,41927.8064342303,60.0000000000,0.0014310312,60,1,2026-06-28 02:00:00
1802,4.9336071184,2021-07-22,2021-07-22 23:50:00,692221,32328.2098380500,60129.2000000000,41927.8064342303,60.0000000000,0.0014310312,60,1,2026-06-28 02:00:00
1801,4.9308692676,2021-07-23,2021-07-23 23:50:00,692357,33498.8224981856,60129.2000000000,41927.8064342303,60.0000000000,0.0014310312,60,1,2026-06-28 02:00:00
1800,4.9281314168,2021-07-24,2021-07-24 23:50:00,692511,34265.5562447420,60129.2000000000,41927.8064342303,60.0000000000,0.0014310312,60,1,2026-06-28 02:00:00
1799,4.9253935661,2021-07-25,2021-07-25 23:50:00,692665,35242.6443568511,60129.2000000000,41927.8064342303,60.0000000000,0.0014310312,60,1,2026-06-28 02:00:00
1798,4.9226557153,2021-07-26,2021-07-26 23:50:00,692815,37401.1887499893,60129.2000000000,41927.8064342303,60.0000000000,0.0014310312,60,1,2026-06-28 02:00:00
1797,4.9199178645,2021-07-27,2021-07-27 23:50:00,692985,39315.1322549214,60129.2000000000,41927.8064342303,60.0000000000,0.0014310312,60,1,2026-06-28 02:00:00
1796,4.9171800137,2021-07-28,2021-07-28 23:50:00,693142,40021.2728855842,60129.2000000000,41927.8064342303,60.0000000000,0.0014310312,60,1,2026-06-28 02:00:00
1795,4.9144421629,2021-07-29,2021-07-29 23:50:00,693301,40037.5216223072,60129.2000000000,41927.8064342303,60.0000000000,0.0014310312,60,1,2026-06-28 02:00:00
1794,4.9117043121,2021-07-30,2021-07-30 23:50:00,693468,42080.7549107719,60129.2000000000,41927.8064342303,60.0000000000,0.0014310312,60,1,2026-06-28 02:00:00
1793,4.9089664613,2021-07-31,2021-07-31 23:50:00,693626,41692.7573233360,60129.2000000000,41927.8064342303,60.0000000000,0.0014310312,60,1,2026-06-28 02:00:00
1792,4.9062286105,2021-08-01,2021-08-01 23:50:00,693781,40135.3320007472,60129.2000000000,42105.5196484579,59.0000000000,0.0014012415,59,1,2026-06-28 02:00:00
1791,4.9034907598,2021-08-02,2021-08-02 23:50:00,693923,39183.6724488346,60129.2000000000,42105.5196484579,59.0000000000,0.0014012415,59,1,2026-06-28 02:00:00
1790,4.9007529090,2021-08-03,2021-08-03 23:50:00,694093,38160.7166531160,60129.2000000000,42105.5196484579,59.0000000000,0.0014012415,59,1,2026-06-28 02:00:00
1789,4.8980150582,2021-08-04,2021-08-04 23:50:00,694227,39799.3037652714,60129.2000000000,42105.5196484579,59.0000000000,0.0014012415,59,1,2026-06-28 02:00:00
1788,4.8952772074,2021-08-05,2021-08-05 23:50:00,694389,40854.5997207364,60129.2000000000,42105.5196484579,59.0000000000,0.0014012415,59,1,2026-06-28 02:00:00
1787,4.8925393566,2021-08-06,2021-08-06 23:50:00,694546,42826.8312632613,60129.2000000000,42105.5196484579,59.0000000000,0.0014012415,59,1,2026-06-28 02:00:00
1786,4.8898015058,2021-08-07,2021-08-07 23:50:00,694714,44689.8609593256,60129.2000000000,42105.5196484579,59.0000000000,0.0014012415,59,1,2026-06-28 02:00:00
1785,4.8870636550,2021-08-08,2021-08-08 23:50:00,694870,43785.4818193998,60129.2000000000,42105.5196484579,59.0000000000,0.0014012415,59,1,2026-06-28 02:00:00
1784,4.8843258042,2021-08-09,2021-08-09 23:50:00,695025,46284.9739822162,60129.2000000000,42105.5196484579,59.0000000000,0.0014012415,59,1,2026-06-28 02:00:00
1783,4.8815879535,2021-08-10,2021-08-10 23:50:00,695190,45594.0762723664,60129.2000000000,42105.5196484579,59.0000000000,0.0014012415,59,1,2026-06-28 02:00:00
1782,4.8788501027,2021-08-11,2021-08-11 23:50:00,695335,45593.6359307052,60129.2000000000,42105.5196484579,59.0000000000,0.0014012415,59,1,2026-06-28 02:00:00
1781,4.8761122519,2021-08-12,2021-08-12 23:50:00,695486,44428.2884668064,60129.2000000000,42105.5196484579,59.0000000000,0.0014012415,59,1,2026-06-28 02:00:00
1780,4.8733744011,2021-08-13,2021-08-13 23:50:00,695629,47831.9760429127,60129.2000000000,42105.5196484579,59.0000000000,0.0014012415,59,1,2026-06-28 02:00:00
1779,4.8706365503,2021-08-14,2021-08-14 23:50:00,695794,47096.9456619804,60129.2000000000,42105.5196484579,59.0000000000,0.0014012415,59,1,2026-06-28 02:00:00
1778,4.8678986995,2021-08-15,2021-08-15 23:50:00,695974,47064.6303706254,60129.2000000000,42105.5196484579,59.0000000000,0.0014012415,59,1,2026-06-28 02:00:00
1777,4.8651608487,2021-08-16,2021-08-16 23:50:00,696135,46004.4840786022,60129.2000000000,42105.5196484579,59.0000000000,0.0014012415,59,1,2026-06-28 02:00:00
1776,4.8624229979,2021-08-17,2021-08-17 23:50:00,696309,44695.3576192130,60129.2000000000,42105.5196484579,59.0000000000,0.0014012415,59,1,2026-06-28 02:00:00
1775,4.8596851472,2021-08-18,2021-08-18 23:50:00,696444,44801.1887171441,60129.2000000000,42105.5196484579,59.0000000000,0.0014012415,59,1,2026-06-28 02:00:00
1774,4.8569472964,2021-08-19,2021-08-19 23:50:00,696598,46717.5787452038,60129.2000000000,42105.5196484579,59.0000000000,0.0014012415,59,1,2026-06-28 02:00:00
1773,4.8542094456,2021-08-20,2021-08-20 23:50:00,696756,49339.1760368780,60129.2000000000,42105.5196484579,59.0000000000,0.0014012415,59,1,2026-06-28 02:00:00
1772,4.8514715948,2021-08-21,2021-08-21 23:50:00,696927,48905.4905855490,60129.2000000000,42105.5196484579,59.0000000000,0.0014012415,59,1,2026-06-28 02:00:00
1771,4.8487337440,2021-08-22,2021-08-22 23:50:00,697089,49321.6540494121,60129.2000000000,42105.5196484579,59.0000000000,0.0014012415,59,1,2026-06-28 02:00:00
1770,4.8459958932,2021-08-23,2021-08-23 23:50:00,697289,49546.1477072891,60129.2000000000,42105.5196484579,59.0000000000,0.0014012415,59,1,2026-06-28 02:00:00
1769,4.8432580424,2021-08-24,2021-08-24 23:50:00,697441,47756.0018810657,60129.2000000000,42105.5196484579,59.0000000000,0.0014012415,59,1,2026-06-28 02:00:00
1768,4.8405201916,2021-08-25,2021-08-25 23:50:00,697601,48961.7677866001,60129.2000000000,42105.5196484579,59.0000000000,0.0014012415,59,1,2026-06-28 02:00:00
1767,4.8377823409,2021-08-26,2021-08-26 23:50:00,697749,46940.7076517785,60129.2000000000,42105.5196484579,59.0000000000,0.0014012415,59,1,2026-06-28 02:00:00
1766,4.8350444901,2021-08-27,2021-08-27 23:50:00,697893,49024.0309449539,60129.2000000000,42105.5196484579,59.0000000000,0.0014012415,59,1,2026-06-28 02:00:00
1765,4.8323066393,2021-08-28,2021-08-28 23:50:00,698035,48883.2901404512,60129.2000000000,42105.5196484579,59.0000000000,0.0014012415,59,1,2026-06-28 02:00:00
1764,4.8295687885,2021-08-29,2021-08-29 23:50:00,698191,48947.2589703193,60129.2000000000,42105.5196484579,59.0000000000,0.0014012415,59,1,2026-06-28 02:00:00
1763,4.8268309377,2021-08-30,2021-08-30 23:50:00,698326,47093.8809185828,60129.2000000000,42105.5196484579,59.0000000000,0.0014012415,59,1,2026-06-28 02:00:00
1762,4.8240930869,2021-08-31,2021-08-31 23:50:00,698471,47238.2268323822,60129.2000000000,42105.5196484579,59.0000000000,0.0014012415,59,1,2026-06-28 02:00:00
1761,4.8213552361,2021-09-01,2021-09-01 23:50:00,698605,48763.8564353368,60129.2000000000,42141.1860663036,58.0000000000,0.0013763258,58,1,2026-06-28 02:00:00
1760,4.8186173854,2021-09-02,2021-09-02 23:50:00,698756,49341.8538046277,60129.2000000000,42141.1860663036,58.0000000000,0.0013763258,58,1,2026-06-28 02:00:00
1759,4.8158795346,2021-09-03,2021-09-03 23:50:00,698904,50011.3468120954,60129.2000000000,42141.1860663036,58.0000000000,0.0013763258,58,1,2026-06-28 02:00:00
1758,4.8131416838,2021-09-04,2021-09-04 23:50:00,699060,49951.9241505559,60129.2000000000,42141.1860663036,58.0000000000,0.0013763258,58,1,2026-06-28 02:00:00
1757,4.8104038330,2021-09-05,2021-09-05 23:50:00,699223,51741.5507772271,60129.2000000000,42141.1860663036,58.0000000000,0.0013763258,58,1,2026-06-28 02:00:00
1756,4.8076659822,2021-09-06,2021-09-06 23:50:00,699394,52610.5411520828,60129.2000000000,42141.1860663036,58.0000000000,0.0013763258,58,1,2026-06-28 02:00:00
1755,4.8049281314,2021-09-07,2021-09-07 23:50:00,699549,46795.2091075437,60129.2000000000,42141.1860663036,58.0000000000,0.0013763258,58,1,2026-06-28 02:00:00
1754,4.8021902806,2021-09-08,2021-09-08 23:50:00,699691,46039.0821273611,60129.2000000000,42141.1860663036,58.0000000000,0.0013763258,58,1,2026-06-28 02:00:00
1753,4.7994524298,2021-09-09,2021-09-09 23:50:00,699827,46377.1687384770,60129.2000000000,42141.1860663036,58.0000000000,0.0013763258,58,1,2026-06-28 02:00:00
1752,4.7967145791,2021-09-10,2021-09-10 23:50:00,699964,44888.1237052338,60129.2000000000,42141.1860663036,58.0000000000,0.0013763258,58,1,2026-06-28 02:00:00
1751,4.7939767283,2021-09-11,2021-09-11 23:50:00,700112,45147.4403588995,60129.2000000000,42141.1860663036,58.0000000000,0.0013763258,58,1,2026-06-28 02:00:00
1750,4.7912388775,2021-09-12,2021-09-12 23:50:00,700259,46082.2315032119,60129.2000000000,42141.1860663036,58.0000000000,0.0013763258,58,1,2026-06-28 02:00:00
1749,4.7885010267,2021-09-13,2021-09-13 23:50:00,700415,45004.7019742212,60129.2000000000,42141.1860663036,58.0000000000,0.0013763258,58,1,2026-06-28 02:00:00
1748,4.7857631759,2021-09-14,2021-09-14 23:50:00,700584,47031.1673236441,60129.2000000000,42141.1860663036,58.0000000000,0.0013763258,58,1,2026-06-28 02:00:00
1747,4.7830253251,2021-09-15,2021-09-15 23:50:00,700727,48143.0374494642,60129.2000000000,42141.1860663036,58.0000000000,0.0013763258,58,1,2026-06-28 02:00:00
1746,4.7802874743,2021-09-16,2021-09-16 23:50:00,700862,47799.1850388310,60129.2000000000,42141.1860663036,58.0000000000,0.0013763258,58,1,2026-06-28 02:00:00
1745,4.7775496235,2021-09-17,2021-09-17 23:50:00,701010,47204.6626601066,60129.2000000000,42141.1860663036,58.0000000000,0.0013763258,58,1,2026-06-28 02:00:00
1744,4.7748117728,2021-09-18,2021-09-18 23:50:00,701166,48234.2154736678,60129.2000000000,42141.1860663036,58.0000000000,0.0013763258,58,1,2026-06-28 02:00:00
1743,4.7720739220,2021-09-19,2021-09-19 23:50:00,701325,47257.2870422188,60129.2000000000,42141.1860663036,58.0000000000,0.0013763258,58,1,2026-06-28 02:00:00
1742,4.7693360712,2021-09-20,2021-09-20 23:50:00,701487,42907.0657674559,60129.2000000000,42141.1860663036,58.0000000000,0.0013763258,58,1,2026-06-28 02:00:00
1741,4.7665982204,2021-09-21,2021-09-21 23:50:00,701611,40633.9343353387,60129.2000000000,42141.1860663036,58.0000000000,0.0013763258,58,1,2026-06-28 02:00:00
1740,4.7638603696,2021-09-22,2021-09-22 23:50:00,701747,43569.1762005688,60129.2000000000,42141.1860663036,58.0000000000,0.0013763258,58,1,2026-06-28 02:00:00
1739,4.7611225188,2021-09-23,2021-09-23 23:50:00,701912,44890.0474696476,60129.2000000000,42141.1860663036,58.0000000000,0.0013763258,58,1,2026-06-28 02:00:00
1738,4.7583846680,2021-09-24,2021-09-24 23:50:00,702059,42796.2432153252,60129.2000000000,42141.1860663036,58.0000000000,0.0013763258,58,1,2026-06-28 02:00:00
1737,4.7556468172,2021-09-25,2021-09-25 23:50:00,702203,42746.9792240337,60129.2000000000,42141.1860663036,58.0000000000,0.0013763258,58,1,2026-06-28 02:00:00
1736,4.7529089665,2021-09-26,2021-09-26 23:50:00,702342,43247.4568764652,60129.2000000000,42141.1860663036,58.0000000000,0.0013763258,58,1,2026-06-28 02:00:00
1735,4.7501711157,2021-09-27,2021-09-27 23:50:00,702498,42248.0177177400,60129.2000000000,42141.1860663036,58.0000000000,0.0013763258,58,1,2026-06-28 02:00:00
1734,4.7474332649,2021-09-28,2021-09-28 23:50:00,702647,41032.2619291795,60129.2000000000,42141.1860663036,58.0000000000,0.0013763258,58,1,2026-06-28 02:00:00
1733,4.7446954141,2021-09-29,2021-09-29 23:50:00,702778,41538.2829880179,60129.2000000000,42141.1860663036,58.0000000000,0.0013763258,58,1,2026-06-28 02:00:00
1732,4.7419575633,2021-09-30,2021-09-30 23:50:00,702949,43750.8717986245,60129.2000000000,42141.1860663036,58.0000000000,0.0013763258,58,1,2026-06-28 02:00:00
1731,4.7392197125,2021-10-01,2021-10-01 23:50:00,703090,48118.1777059521,60129.2000000000,42041.0170397084,57.0000000000,0.0013558188,57,1,2026-06-28 02:00:00
1730,4.7364818617,2021-10-02,2021-10-02 23:50:00,703279,47756.2542830374,60129.2000000000,42041.0170397084,57.0000000000,0.0013558188,57,1,2026-06-28 02:00:00
1729,4.7337440110,2021-10-03,2021-10-03 23:50:00,703429,48220.6530374676,60129.2000000000,42041.0170397084,57.0000000000,0.0013558188,57,1,2026-06-28 02:00:00
1728,4.7310061602,2021-10-04,2021-10-04 23:50:00,703585,49080.6690923170,60129.2000000000,42041.0170397084,57.0000000000,0.0013558188,57,1,2026-06-28 02:00:00
1727,4.7282683094,2021-10-05,2021-10-05 23:50:00,703749,51559.3620442230,60129.2000000000,42041.0170397084,57.0000000000,0.0013558188,57,1,2026-06-28 02:00:00
1726,4.7255304586,2021-10-06,2021-10-06 23:50:00,703880,55431.0270020136,60129.2000000000,42041.0170397084,57.0000000000,0.0013558188,57,1,2026-06-28 02:00:00
1725,4.7227926078,2021-10-07,2021-10-07 23:50:00,704021,53776.5428709291,60129.2000000000,42041.0170397084,57.0000000000,0.0013558188,57,1,2026-06-28 02:00:00
1724,4.7200547570,2021-10-08,2021-10-08 23:50:00,704140,53884.2905331918,60129.2000000000,42041.0170397084,57.0000000000,0.0013558188,57,1,2026-06-28 02:00:00
1723,4.7173169062,2021-10-09,2021-10-09 23:50:00,704287,55068.6435456213,60129.2000000000,42041.0170397084,57.0000000000,0.0013558188,57,1,2026-06-28 02:00:00
1722,4.7145790554,2021-10-10,2021-10-10 23:50:00,704450,54675.0932153114,60129.2000000000,42041.0170397084,57.0000000000,0.0013558188,57,1,2026-06-28 02:00:00
1721,4.7118412047,2021-10-11,2021-10-11 23:50:00,704595,57434.2409902386,60129.2000000000,42041.0170397084,57.0000000000,0.0013558188,57,1,2026-06-28 02:00:00
1720,4.7091033539,2021-10-12,2021-10-12 23:50:00,704729,56064.7699769785,60129.2000000000,42041.0170397084,57.0000000000,0.0013558188,57,1,2026-06-28 02:00:00
1719,4.7063655031,2021-10-13,2021-10-13 23:50:00,704898,57377.7991769381,60129.2000000000,42041.0170397084,57.0000000000,0.0013558188,57,1,2026-06-28 02:00:00
1718,4.7036276523,2021-10-14,2021-10-14 23:50:00,705035,57354.3208633141,60129.2000000000,42041.0170397084,57.0000000000,0.0013558188,57,1,2026-06-28 02:00:00
1717,4.7008898015,2021-10-15,2021-10-15 23:50:00,705177,61571.0949052185,60129.2000000000,42041.0170397084,57.0000000000,0.0013558188,57,1,2026-06-28 02:00:00
1716,4.6981519507,2021-10-16,2021-10-16 23:50:00,705310,60890.1428308367,60129.2000000000,42041.0170397084,57.0000000000,0.0013558188,57,1,2026-06-28 02:00:00
1715,4.6954140999,2021-10-17,2021-10-17 23:50:00,705470,61640.3751053925,60129.2000000000,42041.0170397084,57.0000000000,0.0013558188,57,1,2026-06-28 02:00:00
1714,4.6926762491,2021-10-18,2021-10-18 23:50:00,705618,61975.5469731470,60129.2000000000,42041.0170397084,57.0000000000,0.0013558188,57,1,2026-06-28 02:00:00
1713,4.6899383984,2021-10-19,2021-10-19 23:50:00,705771,64238.2711078022,60129.2000000000,42041.0170397084,57.0000000000,0.0013558188,57,1,2026-06-28 02:00:00
1712,4.6872005476,2021-10-20,2021-10-20 23:50:00,705921,65996.5661678894,60129.2000000000,42041.0170397084,57.0000000000,0.0013558188,57,1,2026-06-28 02:00:00
1711,4.6844626968,2021-10-21,2021-10-21 23:50:00,706069,62385.1670712518,60129.2000000000,42041.0170397084,57.0000000000,0.0013558188,57,1,2026-06-28 02:00:00
1710,4.6817248460,2021-10-22,2021-10-22 23:50:00,706227,60703.4295410214,60129.2000000000,42041.0170397084,57.0000000000,0.0013558188,57,1,2026-06-28 02:00:00
1709,4.6789869952,2021-10-23,2021-10-23 23:50:00,706373,61342.9082548190,60129.2000000000,42041.0170397084,57.0000000000,0.0013558188,57,1,2026-06-28 02:00:00
1708,4.6762491444,2021-10-24,2021-10-24 23:50:00,706525,60881.9475648719,60129.2000000000,42041.0170397084,57.0000000000,0.0013558188,57,1,2026-06-28 02:00:00
1707,4.6735112936,2021-10-25,2021-10-25 23:50:00,706708,62967.4130230234,60129.2000000000,42041.0170397084,57.0000000000,0.0013558188,57,1,2026-06-28 02:00:00
1706,4.6707734428,2021-10-26,2021-10-26 23:50:00,706857,60449.3553026080,60129.2000000000,42041.0170397084,57.0000000000,0.0013558188,57,1,2026-06-28 02:00:00
1705,4.6680355921,2021-10-27,2021-10-27 23:50:00,707014,58639.6804613920,60129.2000000000,42041.0170397084,57.0000000000,0.0013558188,57,1,2026-06-28 02:00:00
1704,4.6652977413,2021-10-28,2021-10-28 23:50:00,707167,60572.2712439758,60129.2000000000,42041.0170397084,57.0000000000,0.0013558188,57,1,2026-06-28 02:00:00
1703,4.6625598905,2021-10-29,2021-10-29 23:50:00,707339,62234.0310114303,60129.2000000000,42041.0170397084,57.0000000000,0.0013558188,57,1,2026-06-28 02:00:00
1702,4.6598220397,2021-10-30,2021-10-30 23:50:00,707494,61735.3706698447,60129.2000000000,42041.0170397084,57.0000000000,0.0013558188,57,1,2026-06-28 02:00:00
1701,4.6570841889,2021-10-31,2021-10-31 23:50:00,707633,61366.9998815658,60129.2000000000,42041.0170397084,57.0000000000,0.0013558188,57,1,2026-06-28 02:00:00
1700,4.6543463381,2021-11-01,2021-11-01 23:50:00,707779,61058.2262653798,60129.2000000000,41946.4154632592,56.0000000000,0.0013350366,56,1,2026-06-28 02:00:00
1699,4.6516084873,2021-11-02,2021-11-02 23:50:00,707938,63176.5717853198,60129.2000000000,41946.4154632592,56.0000000000,0.0013350366,56,1,2026-06-28 02:00:00
1698,4.6488706366,2021-11-03,2021-11-03 23:50:00,708100,62999.1224039112,60129.2000000000,41946.4154632592,56.0000000000,0.0013350366,56,1,2026-06-28 02:00:00
1697,4.6461327858,2021-11-04,2021-11-04 23:50:00,708242,61434.6328168967,60129.2000000000,41946.4154632592,56.0000000000,0.0013350366,56,1,2026-06-28 02:00:00
1696,4.6433949350,2021-11-05,2021-11-05 23:50:00,708397,61121.3105207273,60129.2000000000,41946.4154632592,56.0000000000,0.0013350366,56,1,2026-06-28 02:00:00
1695,4.6406570842,2021-11-06,2021-11-06 23:50:00,708550,61493.6638971142,60129.2000000000,41946.4154632592,56.0000000000,0.0013350366,56,1,2026-06-28 02:00:00
1694,4.6379192334,2021-11-07,2021-11-07 23:50:00,708703,63252.4247617827,60129.2000000000,41946.4154632592,56.0000000000,0.0013350366,56,1,2026-06-28 02:00:00
1693,4.6351813826,2021-11-08,2021-11-08 23:50:00,708839,67589.0065792849,60129.2000000000,41946.4154632592,56.0000000000,0.0013350366,56,1,2026-06-28 02:00:00
1692,4.6324435318,2021-11-09,2021-11-09 23:50:00,708992,66945.6988339685,60129.2000000000,41946.4154632592,56.0000000000,0.0013350366,56,1,2026-06-28 02:00:00
1691,4.6297056810,2021-11-10,2021-11-10 23:50:00,709140,64818.2160292131,60129.2000000000,41946.4154632592,56.0000000000,0.0013350366,56,1,2026-06-28 02:00:00
1690,4.6269678303,2021-11-11,2021-11-11 23:50:00,709298,64816.1345305689,60129.2000000000,41946.4154632592,56.0000000000,0.0013350366,56,1,2026-06-28 02:00:00
1689,4.6242299795,2021-11-12,2021-11-12 23:50:00,709441,64282.4380605083,60129.2000000000,41946.4154632592,56.0000000000,0.0013350366,56,1,2026-06-28 02:00:00
1688,4.6214921287,2021-11-13,2021-11-13 23:50:00,709593,64468.2221088311,60129.2000000000,41946.4154632592,56.0000000000,0.0013350366,56,1,2026-06-28 02:00:00
1687,4.6187542779,2021-11-14,2021-11-14 23:50:00,709749,65342.4199021584,60129.2000000000,41946.4154632592,56.0000000000,0.0013350366,56,1,2026-06-28 02:00:00
1686,4.6160164271,2021-11-15,2021-11-15 23:50:00,709902,63743.3999594891,60129.2000000000,41946.4154632592,56.0000000000,0.0013350366,56,1,2026-06-28 02:00:00
1685,4.6132785763,2021-11-16,2021-11-16 23:50:00,710052,60312.9023558478,60129.2000000000,41946.4154632592,56.0000000000,0.0013350366,56,1,2026-06-28 02:00:00
1684,4.6105407255,2021-11-17,2021-11-17 23:50:00,710201,60357.1715047330,60129.2000000000,41946.4154632592,56.0000000000,0.0013350366,56,1,2026-06-28 02:00:00
1683,4.6078028747,2021-11-18,2021-11-18 23:50:00,710345,56875.8657827076,60129.2000000000,41946.4154632592,56.0000000000,0.0013350366,56,1,2026-06-28 02:00:00
1682,4.6050650240,2021-11-19,2021-11-19 23:50:00,710480,58130.9984471752,60129.2000000000,41946.4154632592,56.0000000000,0.0013350366,56,1,2026-06-28 02:00:00
1681,4.6023271732,2021-11-20,2021-11-20 23:50:00,710626,59767.4923960179,60129.2000000000,41946.4154632592,56.0000000000,0.0013350366,56,1,2026-06-28 02:00:00
1680,4.5995893224,2021-11-21,2021-11-21 23:50:00,710756,58653.9370635474,60129.2000000000,41946.4154632592,56.0000000000,0.0013350366,56,1,2026-06-28 02:00:00
1679,4.5968514716,2021-11-22,2021-11-22 23:50:00,710900,56345.4213422385,60129.2000000000,41946.4154632592,56.0000000000,0.0013350366,56,1,2026-06-28 02:00:00
1678,4.5941136208,2021-11-23,2021-11-23 23:50:00,711031,57599.5362349197,60129.2000000000,41946.4154632592,56.0000000000,0.0013350366,56,1,2026-06-28 02:00:00
1677,4.5913757700,2021-11-24,2021-11-24 23:50:00,711187,57185.9863848639,60129.2000000000,41946.4154632592,56.0000000000,0.0013350366,56,1,2026-06-28 02:00:00
1676,4.5886379192,2021-11-25,2021-11-25 23:50:00,711318,58927.8906878300,60129.2000000000,41946.4154632592,56.0000000000,0.0013350366,56,1,2026-06-28 02:00:00
1675,4.5859000684,2021-11-26,2021-11-26 23:50:00,711449,53761.7017245877,60129.2000000000,41946.4154632592,56.0000000000,0.0013350366,56,1,2026-06-28 02:00:00
1674,4.5831622177,2021-11-27,2021-11-27 23:50:00,711591,54542.0636042875,60129.2000000000,41946.4154632592,56.0000000000,0.0013350366,56,1,2026-06-28 02:00:00
1673,4.5804243669,2021-11-28,2021-11-28 23:50:00,711731,57201.7080154558,60129.2000000000,41946.4154632592,56.0000000000,0.0013350366,56,1,2026-06-28 02:00:00
1672,4.5776865161,2021-11-29,2021-11-29 23:50:00,711876,57816.0652920357,60129.2000000000,41946.4154632592,56.0000000000,0.0013350366,56,1,2026-06-28 02:00:00
1671,4.5749486653,2021-11-30,2021-11-30 23:50:00,712010,56915.5122108448,60129.2000000000,41946.4154632592,56.0000000000,0.0013350366,56,1,2026-06-28 02:00:00
1670,4.5722108145,2021-12-01,2021-12-01 23:50:00,712146,57182.6760137954,60129.2000000000,41709.0457974428,55.0000000000,0.0013186588,55,1,2026-06-28 02:00:00
1669,4.5694729637,2021-12-02,2021-12-02 23:50:00,712300,56448.4486807157,60129.2000000000,41709.0457974428,55.0000000000,0.0013186588,55,1,2026-06-28 02:00:00
1668,4.5667351129,2021-12-03,2021-12-03 23:50:00,712470,53765.7964830913,60129.2000000000,41709.0457974428,55.0000000000,0.0013186588,55,1,2026-06-28 02:00:00
1667,4.5639972621,2021-12-04,2021-12-04 23:50:00,712622,48962.9209932725,60129.2000000000,41709.0457974428,55.0000000000,0.0013186588,55,1,2026-06-28 02:00:00
1666,4.5612594114,2021-12-05,2021-12-05 23:50:00,712791,49174.9029080607,60129.2000000000,41709.0457974428,55.0000000000,0.0013186588,55,1,2026-06-28 02:00:00
1665,4.5585215606,2021-12-06,2021-12-06 23:50:00,712962,50492.4355963902,60129.2000000000,41709.0457974428,55.0000000000,0.0013186588,55,1,2026-06-28 02:00:00
1664,4.5557837098,2021-12-07,2021-12-07 23:50:00,713117,50592.0884979508,60129.2000000000,41709.0457974428,55.0000000000,0.0013186588,55,1,2026-06-28 02:00:00
1663,4.5530458590,2021-12-08,2021-12-08 23:50:00,713285,50521.2363999483,60129.2000000000,41709.0457974428,55.0000000000,0.0013186588,55,1,2026-06-28 02:00:00
1662,4.5503080082,2021-12-09,2021-12-09 23:50:00,713448,47911.0764042769,60129.2000000000,41709.0457974428,55.0000000000,0.0013186588,55,1,2026-06-28 02:00:00
1661,4.5475701574,2021-12-10,2021-12-10 23:50:00,713602,47262.2374429955,60129.2000000000,41709.0457974428,55.0000000000,0.0013186588,55,1,2026-06-28 02:00:00
1660,4.5448323066,2021-12-11,2021-12-11 23:50:00,713754,49354.0871686779,60129.2000000000,41709.0457974428,55.0000000000,0.0013186588,55,1,2026-06-28 02:00:00
1659,4.5420944559,2021-12-12,2021-12-12 23:50:00,713895,50118.9209592841,60129.2000000000,41709.0457974428,55.0000000000,0.0013186588,55,1,2026-06-28 02:00:00
1658,4.5393566051,2021-12-13,2021-12-13 23:50:00,714034,46762.4825280562,60129.2000000000,41709.0457974428,55.0000000000,0.0013186588,55,1,2026-06-28 02:00:00
1657,4.5366187543,2021-12-14,2021-12-14 23:50:00,714184,48413.7056473881,60129.2000000000,41709.0457974428,55.0000000000,0.0013186588,55,1,2026-06-28 02:00:00
1656,4.5338809035,2021-12-15,2021-12-15 23:50:00,714325,48819.8493472314,60129.2000000000,41709.0457974428,55.0000000000,0.0013186588,55,1,2026-06-28 02:00:00
1655,4.5311430527,2021-12-16,2021-12-16 23:50:00,714440,47695.2803949022,60129.2000000000,41709.0457974428,55.0000000000,0.0013186588,55,1,2026-06-28 02:00:00
1654,4.5284052019,2021-12-17,2021-12-17 23:50:00,714589,46326.9195956994,60129.2000000000,41709.0457974428,55.0000000000,0.0013186588,55,1,2026-06-28 02:00:00
1653,4.5256673511,2021-12-18,2021-12-18 23:50:00,714715,46962.9133405925,60129.2000000000,41709.0457974428,55.0000000000,0.0013186588,55,1,2026-06-28 02:00:00
1652,4.5229295003,2021-12-19,2021-12-19 23:50:00,714863,46791.8960559549,60129.2000000000,41709.0457974428,55.0000000000,0.0013186588,55,1,2026-06-28 02:00:00
1651,4.5201916496,2021-12-20,2021-12-20 23:50:00,715009,46853.7106345453,60129.2000000000,41709.0457974428,55.0000000000,0.0013186588,55,1,2026-06-28 02:00:00
1650,4.5174537988,2021-12-21,2021-12-21 23:50:00,715170,48957.1939109845,60129.2000000000,41709.0457974428,55.0000000000,0.0013186588,55,1,2026-06-28 02:00:00
1649,4.5147159480,2021-12-22,2021-12-22 23:50:00,715318,48646.4333756683,60129.2000000000,41709.0457974428,55.0000000000,0.0013186588,55,1,2026-06-28 02:00:00
1648,4.5119780972,2021-12-23,2021-12-23 23:50:00,715471,50770.6141896504,60129.2000000000,41709.0457974428,55.0000000000,0.0013186588,55,1,2026-06-28 02:00:00
1647,4.5092402464,2021-12-24,2021-12-24 23:50:00,715620,50864.3289523512,60129.2000000000,41709.0457974428,55.0000000000,0.0013186588,55,1,2026-06-28 02:00:00
1646,4.5065023956,2021-12-25,2021-12-25 23:50:00,715767,50649.9261486622,60129.2000000000,41709.0457974428,55.0000000000,0.0013186588,55,1,2026-06-28 02:00:00
1645,4.5037645448,2021-12-26,2021-12-26 23:50:00,715902,50806.4421753319,60129.2000000000,41709.0457974428,55.0000000000,0.0013186588,55,1,2026-06-28 02:00:00
1644,4.5010266940,2021-12-27,2021-12-27 23:50:00,716050,50610.9568029403,60129.2000000000,41709.0457974428,55.0000000000,0.0013186588,55,1,2026-06-28 02:00:00
1643,4.4982888433,2021-12-28,2021-12-28 23:50:00,716183,47669.7403720771,60129.2000000000,41709.0457974428,55.0000000000,0.0013186588,55,1,2026-06-28 02:00:00
1642,4.4955509925,2021-12-29,2021-12-29 23:50:00,716328,46407.5954896429,60129.2000000000,41709.0457974428,55.0000000000,0.0013186588,55,1,2026-06-28 02:00:00
1641,4.4928131417,2021-12-30,2021-12-30 23:50:00,716448,47188.3205500879,60129.2000000000,41709.0457974428,55.0000000000,0.0013186588,55,1,2026-06-28 02:00:00
1640,4.4900752909,2021-12-31,2021-12-31 23:50:00,716596,46328.9431380899,60129.2000000000,41709.0457974428,55.0000000000,0.0013186588,55,1,2026-06-28 02:00:00
1639,4.4873374401,2022-01-01,2022-01-01 23:50:00,716770,47620.4238109337,60129.2000000000,41501.0793035323,54.0000000000,0.0013011710,54,1,2026-06-28 02:00:00
1638,4.4845995893,2022-01-02,2022-01-02 23:50:00,716926,47344.8434097434,60129.2000000000,41501.0793035323,54.0000000000,0.0013011710,54,1,2026-06-28 02:00:00
1637,4.4818617385,2022-01-03,2022-01-03 23:50:00,717066,46467.6157952545,60129.2000000000,41501.0793035323,54.0000000000,0.0013011710,54,1,2026-06-28 02:00:00
1636,4.4791238877,2022-01-04,2022-01-04 23:50:00,717215,45926.7617865701,60129.2000000000,41501.0793035323,54.0000000000,0.0013011710,54,1,2026-06-28 02:00:00
1635,4.4763860370,2022-01-05,2022-01-05 23:50:00,717365,43589.3556830720,60129.2000000000,41501.0793035323,54.0000000000,0.0013011710,54,1,2026-06-28 02:00:00
1634,4.4736481862,2022-01-06,2022-01-06 23:50:00,717510,43154.4552248505,60129.2000000000,41501.0793035323,54.0000000000,0.0013011710,54,1,2026-06-28 02:00:00
1633,4.4709103354,2022-01-07,2022-01-07 23:50:00,717650,41564.2390104385,60129.2000000000,41501.0793035323,54.0000000000,0.0013011710,54,1,2026-06-28 02:00:00
1632,4.4681724846,2022-01-08,2022-01-08 23:50:00,717795,41744.0578319856,60129.2000000000,41501.0793035323,54.0000000000,0.0013011710,54,1,2026-06-28 02:00:00
1631,4.4654346338,2022-01-09,2022-01-09 23:50:00,717935,41910.5122677903,60129.2000000000,41501.0793035323,54.0000000000,0.0013011710,54,1,2026-06-28 02:00:00
1630,4.4626967830,2022-01-10,2022-01-10 23:50:00,718078,41820.0178692238,60129.2000000000,41501.0793035323,54.0000000000,0.0013011710,54,1,2026-06-28 02:00:00
1629,4.4599589322,2022-01-11,2022-01-11 23:50:00,718236,42721.6954837235,60129.2000000000,41501.0793035323,54.0000000000,0.0013011710,54,1,2026-06-28 02:00:00
1628,4.4572210815,2022-01-12,2022-01-12 23:50:00,718375,43935.6439849123,60129.2000000000,41501.0793035323,54.0000000000,0.0013011710,54,1,2026-06-28 02:00:00
1627,4.4544832307,2022-01-13,2022-01-13 23:50:00,718551,42596.1233764377,60129.2000000000,41501.0793035323,54.0000000000,0.0013011710,54,1,2026-06-28 02:00:00
1626,4.4517453799,2022-01-14,2022-01-14 23:50:00,718712,43101.3359962645,60129.2000000000,41501.0793035323,54.0000000000,0.0013011710,54,1,2026-06-28 02:00:00
1625,4.4490075291,2022-01-15,2022-01-15 23:50:00,718878,43198.8698618119,60129.2000000000,41501.0793035323,54.0000000000,0.0013011710,54,1,2026-06-28 02:00:00
1624,4.4462696783,2022-01-16,2022-01-16 23:50:00,719052,43122.7874144315,60129.2000000000,41501.0793035323,54.0000000000,0.0013011710,54,1,2026-06-28 02:00:00
1623,4.4435318275,2022-01-17,2022-01-17 23:50:00,719215,42235.1848487035,60129.2000000000,41501.0793035323,54.0000000000,0.0013011710,54,1,2026-06-28 02:00:00
1622,4.4407939767,2022-01-18,2022-01-18 23:50:00,719350,42372.5532733987,60129.2000000000,41501.0793035323,54.0000000000,0.0013011710,54,1,2026-06-28 02:00:00
1621,4.4380561259,2022-01-19,2022-01-19 23:50:00,719523,41731.9479208412,60129.2000000000,41501.0793035323,54.0000000000,0.0013011710,54,1,2026-06-28 02:00:00
1620,4.4353182752,2022-01-20,2022-01-20 23:50:00,719691,40706.9315483169,60129.2000000000,41501.0793035323,54.0000000000,0.0013011710,54,1,2026-06-28 02:00:00
1619,4.4325804244,2022-01-21,2022-01-21 23:50:00,719826,36440.2657685999,60129.2000000000,41501.0793035323,54.0000000000,0.0013011710,54,1,2026-06-28 02:00:00
1618,4.4298425736,2022-01-22,2022-01-22 23:50:00,719960,35036.9447362001,60129.2000000000,41501.0793035323,54.0000000000,0.0013011710,54,1,2026-06-28 02:00:00
1617,4.4271047228,2022-01-23,2022-01-23 23:50:00,720102,36254.8798572428,60129.2000000000,41501.0793035323,54.0000000000,0.0013011710,54,1,2026-06-28 02:00:00
1616,4.4243668720,2022-01-24,2022-01-24 23:50:00,720251,36656.1938221723,60129.2000000000,41501.0793035323,54.0000000000,0.0013011710,54,1,2026-06-28 02:00:00
1615,4.4216290212,2022-01-25,2022-01-25 23:50:00,720404,36946.2382832174,60129.2000000000,41501.0793035323,54.0000000000,0.0013011710,54,1,2026-06-28 02:00:00
1614,4.4188911704,2022-01-26,2022-01-26 23:50:00,720533,36851.3698799706,60129.2000000000,41501.0793035323,54.0000000000,0.0013011710,54,1,2026-06-28 02:00:00
1613,4.4161533196,2022-01-27,2022-01-27 23:50:00,720664,37148.3222790892,60129.2000000000,41501.0793035323,54.0000000000,0.0013011710,54,1,2026-06-28 02:00:00
1612,4.4134154689,2022-01-28,2022-01-28 23:50:00,720819,37789.4788200197,60129.2000000000,41501.0793035323,54.0000000000,0.0013011710,54,1,2026-06-28 02:00:00
1611,4.4106776181,2022-01-29,2022-01-29 23:50:00,720964,38137.4726968704,60129.2000000000,41501.0793035323,54.0000000000,0.0013011710,54,1,2026-06-28 02:00:00
1610,4.4079397673,2022-01-30,2022-01-30 23:50:00,721114,37936.3287774392,60129.2000000000,41501.0793035323,54.0000000000,0.0013011710,54,1,2026-06-28 02:00:00
1609,4.4052019165,2022-01-31,2022-01-31 23:50:00,721255,38455.6896634557,60129.2000000000,41501.0793035323,54.0000000000,0.0013011710,54,1,2026-06-28 02:00:00
1608,4.4024640657,2022-02-01,2022-02-01 23:50:00,721409,38784.5022987054,60129.2000000000,41400.7001650526,53.0000000000,0.0012801716,53,1,2026-06-28 02:00:00
1607,4.3997262149,2022-02-02,2022-02-02 23:50:00,721562,36924.1023944157,60129.2000000000,41400.7001650526,53.0000000000,0.0012801716,53,1,2026-06-28 02:00:00
1606,4.3969883641,2022-02-03,2022-02-03 23:50:00,721709,37018.5870026790,60129.2000000000,41400.7001650526,53.0000000000,0.0012801716,53,1,2026-06-28 02:00:00
1605,4.3942505133,2022-02-04,2022-02-04 23:50:00,721840,41516.0728191583,60129.2000000000,41400.7001650526,53.0000000000,0.0012801716,53,1,2026-06-28 02:00:00
1604,4.3915126626,2022-02-05,2022-02-05 23:50:00,721959,41421.4764329111,60129.2000000000,41400.7001650526,53.0000000000,0.0012801716,53,1,2026-06-28 02:00:00
1603,4.3887748118,2022-02-06,2022-02-06 23:50:00,722114,42411.1042902743,60129.2000000000,41400.7001650526,53.0000000000,0.0012801716,53,1,2026-06-28 02:00:00
1602,4.3860369610,2022-02-07,2022-02-07 23:50:00,722251,43921.9643782471,60129.2000000000,41400.7001650526,53.0000000000,0.0012801716,53,1,2026-06-28 02:00:00
1601,4.3832991102,2022-02-08,2022-02-08 23:50:00,722404,44110.3166906064,60129.2000000000,41400.7001650526,53.0000000000,0.0012801716,53,1,2026-06-28 02:00:00
1600,4.3805612594,2022-02-09,2022-02-09 23:50:00,722544,44347.1209296635,60129.2000000000,41400.7001650526,53.0000000000,0.0012801716,53,1,2026-06-28 02:00:00
1599,4.3778234086,2022-02-10,2022-02-10 23:50:00,722692,43548.0718887081,60129.2000000000,41400.7001650526,53.0000000000,0.0012801716,53,1,2026-06-28 02:00:00
1598,4.3750855578,2022-02-11,2022-02-11 23:50:00,722832,42407.6876621475,60129.2000000000,41400.7001650526,53.0000000000,0.0012801716,53,1,2026-06-28 02:00:00
1597,4.3723477070,2022-02-12,2022-02-12 23:50:00,723020,42198.7514316023,60129.2000000000,41400.7001650526,53.0000000000,0.0012801716,53,1,2026-06-28 02:00:00
1596,4.3696098563,2022-02-13,2022-02-13 23:50:00,723179,42242.1001471313,60129.2000000000,41400.7001650526,53.0000000000,0.0012801716,53,1,2026-06-28 02:00:00
1595,4.3668720055,2022-02-14,2022-02-14 23:50:00,723333,42601.7150721152,60129.2000000000,41400.7001650526,53.0000000000,0.0012801716,53,1,2026-06-28 02:00:00
1594,4.3641341547,2022-02-15,2022-02-15 23:50:00,723508,44600.7841738215,60129.2000000000,41400.7001650526,53.0000000000,0.0012801716,53,1,2026-06-28 02:00:00
1593,4.3613963039,2022-02-16,2022-02-16 23:50:00,723664,43980.5145592428,60129.2000000000,41400.7001650526,53.0000000000,0.0012801716,53,1,2026-06-28 02:00:00
1592,4.3586584531,2022-02-17,2022-02-17 23:50:00,723821,40548.8398470681,60129.2000000000,41400.7001650526,53.0000000000,0.0012801716,53,1,2026-06-28 02:00:00
1591,4.3559206023,2022-02-18,2022-02-18 23:50:00,723954,40031.5905380562,60129.2000000000,41400.7001650526,53.0000000000,0.0012801716,53,1,2026-06-28 02:00:00
1590,4.3531827515,2022-02-19,2022-02-19 23:50:00,724104,40127.3692166278,60129.2000000000,41400.7001650526,53.0000000000,0.0012801716,53,1,2026-06-28 02:00:00
1589,4.3504449008,2022-02-20,2022-02-20 23:50:00,724248,38460.3912172185,60129.2000000000,41400.7001650526,53.0000000000,0.0012801716,53,1,2026-06-28 02:00:00
1588,4.3477070500,2022-02-21,2022-02-21 23:50:00,724371,37012.5606394452,60129.2000000000,41400.7001650526,53.0000000000,0.0012801716,53,1,2026-06-28 02:00:00
1587,4.3449691992,2022-02-22,2022-02-22 23:50:00,724522,38314.6497345406,60129.2000000000,41400.7001650526,53.0000000000,0.0012801716,53,1,2026-06-28 02:00:00
1586,4.3422313484,2022-02-23,2022-02-23 23:50:00,724673,37311.6256122160,60129.2000000000,41400.7001650526,53.0000000000,0.0012801716,53,1,2026-06-28 02:00:00
1585,4.3394934976,2022-02-24,2022-02-24 23:50:00,724804,38305.9277628848,60129.2000000000,41400.7001650526,53.0000000000,0.0012801716,53,1,2026-06-28 02:00:00
1584,4.3367556468,2022-02-25,2022-02-25 23:50:00,724937,39216.7004378501,60129.2000000000,41400.7001650526,53.0000000000,0.0012801716,53,1,2026-06-28 02:00:00
1583,4.3340177960,2022-02-26,2022-02-26 23:50:00,725064,39048.1222748769,60129.2000000000,41400.7001650526,53.0000000000,0.0012801716,53,1,2026-06-28 02:00:00
1582,4.3312799452,2022-02-27,2022-02-27 23:50:00,725199,37721.4334156104,60129.2000000000,41400.7001650526,53.0000000000,0.0012801716,53,1,2026-06-28 02:00:00
1581,4.3285420945,2022-02-28,2022-02-28 23:50:00,725353,43204.6016302955,60129.2000000000,41400.7001650526,53.0000000000,0.0012801716,53,1,2026-06-28 02:00:00
1580,4.3258042437,2022-03-01,2022-03-01 23:50:00,725514,44348.1964269518,60129.2000000000,41454.4751678823,52.0000000000,0.0012543881,52,1,2026-06-28 02:00:00
1579,4.3230663929,2022-03-02,2022-03-02 23:50:00,725651,43936.4097100920,60129.2000000000,41454.4751678823,52.0000000000,0.0012543881,52,1,2026-06-28 02:00:00
1578,4.3203285421,2022-03-03,2022-03-03 23:50:00,725800,42459.6037659090,60129.2000000000,41454.4751678823,52.0000000000,0.0012543881,52,1,2026-06-28 02:00:00
1577,4.3175906913,2022-03-04,2022-03-04 23:50:00,725937,39146.8844693976,60129.2000000000,41454.4751678823,52.0000000000,0.0012543881,52,1,2026-06-28 02:00:00
1576,4.3148528405,2022-03-05,2022-03-05 23:50:00,726061,39416.4626875355,60129.2000000000,41454.4751678823,52.0000000000,0.0012543881,52,1,2026-06-28 02:00:00
1575,4.3121149897,2022-03-06,2022-03-06 23:50:00,726191,38423.6189360560,60129.2000000000,41454.4751678823,52.0000000000,0.0012543881,52,1,2026-06-28 02:00:00
1574,4.3093771389,2022-03-07,2022-03-07 23:50:00,726341,38018.6495049252,60129.2000000000,41454.4751678823,52.0000000000,0.0012543881,52,1,2026-06-28 02:00:00
1573,4.3066392882,2022-03-08,2022-03-08 23:50:00,726488,38726.3021021878,60129.2000000000,41454.4751678823,52.0000000000,0.0012543881,52,1,2026-06-28 02:00:00
1572,4.3039014374,2022-03-09,2022-03-09 23:50:00,726626,41977.3834618720,60129.2000000000,41454.4751678823,52.0000000000,0.0012543881,52,1,2026-06-28 02:00:00
1571,4.3011635866,2022-03-10,2022-03-10 23:50:00,726771,39455.2319187226,60129.2000000000,41454.4751678823,52.0000000000,0.0012543881,52,1,2026-06-28 02:00:00
1570,4.2984257358,2022-03-11,2022-03-11 23:50:00,726909,38811.4963411146,60129.2000000000,41454.4751678823,52.0000000000,0.0012543881,52,1,2026-06-28 02:00:00
1569,4.2956878850,2022-03-12,2022-03-12 23:50:00,727066,38934.9435628973,60129.2000000000,41454.4751678823,52.0000000000,0.0012543881,52,1,2026-06-28 02:00:00
1568,4.2929500342,2022-03-13,2022-03-13 23:50:00,727215,37835.3405665225,60129.2000000000,41454.4751678823,52.0000000000,0.0012543881,52,1,2026-06-28 02:00:00
1567,4.2902121834,2022-03-14,2022-03-14 23:50:00,727368,39618.0932912249,60129.2000000000,41454.4751678823,52.0000000000,0.0012543881,52,1,2026-06-28 02:00:00
1566,4.2874743326,2022-03-15,2022-03-15 23:50:00,727509,39322.5484924003,60129.2000000000,41454.4751678823,52.0000000000,0.0012543881,52,1,2026-06-28 02:00:00
1565,4.2847364819,2022-03-16,2022-03-16 23:50:00,727663,41144.9268338670,60129.2000000000,41454.4751678823,52.0000000000,0.0012543881,52,1,2026-06-28 02:00:00
1564,4.2819986311,2022-03-17,2022-03-17 23:50:00,727821,40948.6656564469,60129.2000000000,41454.4751678823,52.0000000000,0.0012543881,52,1,2026-06-28 02:00:00
1563,4.2792607803,2022-03-18,2022-03-18 23:50:00,727965,41819.0716019157,60129.2000000000,41454.4751678823,52.0000000000,0.0012543881,52,1,2026-06-28 02:00:00
1562,4.2765229295,2022-03-19,2022-03-19 23:50:00,728119,42189.9385188489,60129.2000000000,41454.4751678823,52.0000000000,0.0012543881,52,1,2026-06-28 02:00:00
1561,4.2737850787,2022-03-20,2022-03-20 23:50:00,728275,41245.0600499595,60129.2000000000,41454.4751678823,52.0000000000,0.0012543881,52,1,2026-06-28 02:00:00
1560,4.2710472279,2022-03-21,2022-03-21 23:50:00,728426,41080.7104931317,60129.2000000000,41454.4751678823,52.0000000000,0.0012543881,52,1,2026-06-28 02:00:00
1559,4.2683093771,2022-03-22,2022-03-22 23:50:00,728577,42356.0435866360,60129.2000000000,41454.4751678823,52.0000000000,0.0012543881,52,1,2026-06-28 02:00:00
1558,4.2655715264,2022-03-23,2022-03-23 23:50:00,728720,42893.5066795671,60129.2000000000,41454.4751678823,52.0000000000,0.0012543881,52,1,2026-06-28 02:00:00
1557,4.2628336756,2022-03-24,2022-03-24 23:50:00,728865,43957.6083492664,60129.2000000000,41454.4751678823,52.0000000000,0.0012543881,52,1,2026-06-28 02:00:00
1556,4.2600958248,2022-03-25,2022-03-25 23:50:00,729019,44383.2571270102,60129.2000000000,41454.4751678823,52.0000000000,0.0012543881,52,1,2026-06-28 02:00:00
1555,4.2573579740,2022-03-26,2022-03-26 23:50:00,729180,44521.2239054721,60129.2000000000,41454.4751678823,52.0000000000,0.0012543881,52,1,2026-06-28 02:00:00
1554,4.2546201232,2022-03-27,2022-03-27 23:50:00,729312,46823.6717570690,60129.2000000000,41454.4751678823,52.0000000000,0.0012543881,52,1,2026-06-28 02:00:00
1553,4.2518822724,2022-03-28,2022-03-28 23:50:00,729471,47063.1140076103,60129.2000000000,41454.4751678823,52.0000000000,0.0012543881,52,1,2026-06-28 02:00:00
1552,4.2491444216,2022-03-29,2022-03-29 23:50:00,729623,47488.1670762562,60129.2000000000,41454.4751678823,52.0000000000,0.0012543881,52,1,2026-06-28 02:00:00
1551,4.2464065708,2022-03-30,2022-03-30 23:50:00,729758,47098.9030284521,60129.2000000000,41454.4751678823,52.0000000000,0.0012543881,52,1,2026-06-28 02:00:00
1550,4.2436687201,2022-03-31,2022-03-31 23:50:00,729895,45558.2635949215,60129.2000000000,41454.4751678823,52.0000000000,0.0012543881,52,1,2026-06-28 02:00:00
1549,4.2409308693,2022-04-01,2022-04-01 23:50:00,730036,46259.2135529215,60129.2000000000,41401.5055681821,51.0000000000,0.0012318393,51,1,2026-06-28 02:00:00
1548,4.2381930185,2022-04-02,2022-04-02 23:50:00,730172,45892.8769783515,60129.2000000000,41401.5055681821,51.0000000000,0.0012318393,51,1,2026-06-28 02:00:00
1547,4.2354551677,2022-04-03,2022-04-03 23:50:00,730309,46440.8878814586,60129.2000000000,41401.5055681821,51.0000000000,0.0012318393,51,1,2026-06-28 02:00:00
1546,4.2327173169,2022-04-04,2022-04-04 23:50:00,730469,46617.0855800000,60129.2000000000,41401.5055681821,51.0000000000,0.0012318393,51,1,2026-06-28 02:00:00
1545,4.2299794661,2022-04-05,2022-04-05 23:50:00,730611,45581.2936368598,60129.2000000000,41401.5055681821,51.0000000000,0.0012318393,51,1,2026-06-28 02:00:00
1544,4.2272416153,2022-04-06,2022-04-06 23:50:00,730764,43200.5314548320,60129.2000000000,41401.5055681821,51.0000000000,0.0012318393,51,1,2026-06-28 02:00:00
1543,4.2245037645,2022-04-07,2022-04-07 23:50:00,730900,43526.5828055933,60129.2000000000,41401.5055681821,51.0000000000,0.0012318393,51,1,2026-06-28 02:00:00
1542,4.2217659138,2022-04-08,2022-04-08 23:50:00,731035,42307.7071537653,60129.2000000000,41401.5055681821,51.0000000000,0.0012318393,51,1,2026-06-28 02:00:00
1541,4.2190280630,2022-04-09,2022-04-09 23:50:00,731189,42772.6705990588,60129.2000000000,41401.5055681821,51.0000000000,0.0012318393,51,1,2026-06-28 02:00:00
1540,4.2162902122,2022-04-10,2022-04-10 23:50:00,731329,42268.7330341967,60129.2000000000,41401.5055681821,51.0000000000,0.0012318393,51,1,2026-06-28 02:00:00
1539,4.2135523614,2022-04-11,2022-04-11 23:50:00,731466,39506.7533696183,60129.2000000000,41401.5055681821,51.0000000000,0.0012318393,51,1,2026-06-28 02:00:00
1538,4.2108145106,2022-04-12,2022-04-12 23:50:00,731618,40168.5563308243,60129.2000000000,41401.5055681821,51.0000000000,0.0012318393,51,1,2026-06-28 02:00:00
1537,4.2080766598,2022-04-13,2022-04-13 23:50:00,731758,41161.4987377093,60129.2000000000,41401.5055681821,51.0000000000,0.0012318393,51,1,2026-06-28 02:00:00
1536,4.2053388090,2022-04-14,2022-04-14 23:50:00,731896,39919.9721005912,60129.2000000000,41401.5055681821,51.0000000000,0.0012318393,51,1,2026-06-28 02:00:00
1535,4.2026009582,2022-04-15,2022-04-15 23:50:00,732054,40546.2846225431,60129.2000000000,41401.5055681821,51.0000000000,0.0012318393,51,1,2026-06-28 02:00:00
1534,4.1998631075,2022-04-16,2022-04-16 23:50:00,732184,40424.4832933225,60129.2000000000,41401.5055681821,51.0000000000,0.0012318393,51,1,2026-06-28 02:00:00
1533,4.1971252567,2022-04-17,2022-04-17 23:50:00,732350,39722.8154140144,60129.2000000000,41401.5055681821,51.0000000000,0.0012318393,51,1,2026-06-28 02:00:00
1532,4.1943874059,2022-04-18,2022-04-18 23:50:00,732488,40830.9919841730,60129.2000000000,41401.5055681821,51.0000000000,0.0012318393,51,1,2026-06-28 02:00:00
1531,4.1916495551,2022-04-19,2022-04-19 23:50:00,732611,41502.2824794896,60129.2000000000,41401.5055681821,51.0000000000,0.0012318393,51,1,2026-06-28 02:00:00
1530,4.1889117043,2022-04-20,2022-04-20 23:50:00,732772,41374.3782012031,60129.2000000000,41401.5055681821,51.0000000000,0.0012318393,51,1,2026-06-28 02:00:00
1529,4.1861738535,2022-04-21,2022-04-21 23:50:00,732940,40527.3640835385,60129.2000000000,41401.5055681821,51.0000000000,0.0012318393,51,1,2026-06-28 02:00:00
1528,4.1834360027,2022-04-22,2022-04-22 23:50:00,733075,39740.3198538771,60129.2000000000,41401.5055681821,51.0000000000,0.0012318393,51,1,2026-06-28 02:00:00
1527,4.1806981520,2022-04-23,2022-04-23 23:50:00,733239,39486.7287113245,60129.2000000000,41401.5055681821,51.0000000000,0.0012318393,51,1,2026-06-28 02:00:00
1526,4.1779603012,2022-04-24,2022-04-24 23:50:00,733408,39485.8957520025,60129.2000000000,41401.5055681821,51.0000000000,0.0012318393,51,1,2026-06-28 02:00:00
1525,4.1752224504,2022-04-25,2022-04-25 23:50:00,733570,40480.7742107815,60129.2000000000,41401.5055681821,51.0000000000,0.0012318393,51,1,2026-06-28 02:00:00
1524,4.1724845996,2022-04-26,2022-04-26 23:50:00,733710,38069.2654251023,60129.2000000000,41401.5055681821,51.0000000000,0.0012318393,51,1,2026-06-28 02:00:00
1523,4.1697467488,2022-04-27,2022-04-27 23:50:00,733881,39240.4698134219,60129.2000000000,41401.5055681821,51.0000000000,0.0012318393,51,1,2026-06-28 02:00:00
1522,4.1670088980,2022-04-28,2022-04-28 23:50:00,734012,39755.2691324570,60129.2000000000,41401.5055681821,51.0000000000,0.0012318393,51,1,2026-06-28 02:00:00
1521,4.1642710472,2022-04-29,2022-04-29 23:50:00,734164,38600.1533465325,60129.2000000000,41401.5055681821,51.0000000000,0.0012318393,51,1,2026-06-28 02:00:00
1520,4.1615331964,2022-04-30,2022-04-30 23:50:00,734313,37716.8844757087,60129.2000000000,41401.5055681821,51.0000000000,0.0012318393,51,1,2026-06-28 02:00:00
1519,4.1587953457,2022-05-01,2022-05-01 23:50:00,734481,38480.5835264622,60129.2000000000,41314.7358603285,50.0000000000,0.0012102219,50,1,2026-06-28 02:00:00
1518,4.1560574949,2022-05-02,2022-05-02 23:50:00,734637,38531.4687187729,60129.2000000000,41314.7358603285,50.0000000000,0.0012102219,50,1,2026-06-28 02:00:00
1517,4.1533196441,2022-05-03,2022-05-03 23:50:00,734791,37751.4458161084,60129.2000000000,41314.7358603285,50.0000000000,0.0012102219,50,1,2026-06-28 02:00:00
1516,4.1505817933,2022-05-04,2022-05-04 23:50:00,734936,39693.1114608401,60129.2000000000,41314.7358603285,50.0000000000,0.0012102219,50,1,2026-06-28 02:00:00
1515,4.1478439425,2022-05-05,2022-05-05 23:50:00,735092,36566.4164944455,60129.2000000000,41314.7358603285,50.0000000000,0.0012102219,50,1,2026-06-28 02:00:00
1514,4.1451060917,2022-05-06,2022-05-06 23:50:00,735233,36054.1601209023,60129.2000000000,41314.7358603285,50.0000000000,0.0012102219,50,1,2026-06-28 02:00:00
1513,4.1423682409,2022-05-07,2022-05-07 23:50:00,735378,35542.9084065901,60129.2000000000,41314.7358603285,50.0000000000,0.0012102219,50,1,2026-06-28 02:00:00
1512,4.1396303901,2022-05-08,2022-05-08 23:50:00,735533,33987.6413606512,60129.2000000000,41314.7358603285,50.0000000000,0.0012102219,50,1,2026-06-28 02:00:00
1511,4.1368925394,2022-05-09,2022-05-09 23:50:00,735687,30384.5798164025,60129.2000000000,41314.7358603285,50.0000000000,0.0012102219,50,1,2026-06-28 02:00:00
1510,4.1341546886,2022-05-10,2022-05-10 23:50:00,735841,31007.7550893843,60129.2000000000,41314.7358603285,50.0000000000,0.0012102219,50,1,2026-06-28 02:00:00
1509,4.1314168378,2022-05-11,2022-05-11 23:50:00,735985,28900.1838817858,60129.2000000000,41314.7358603285,50.0000000000,0.0012102219,50,1,2026-06-28 02:00:00
1508,4.1286789870,2022-05-12,2022-05-12 23:50:00,736121,29100.4324583418,60129.2000000000,41314.7358603285,50.0000000000,0.0012102219,50,1,2026-06-28 02:00:00
1507,4.1259411362,2022-05-13,2022-05-13 23:50:00,736273,29260.8571277443,60129.2000000000,41314.7358603285,50.0000000000,0.0012102219,50,1,2026-06-28 02:00:00
1506,4.1232032854,2022-05-14,2022-05-14 23:50:00,736412,30100.3060629475,60129.2000000000,41314.7358603285,50.0000000000,0.0012102219,50,1,2026-06-28 02:00:00
1505,4.1204654346,2022-05-15,2022-05-15 23:50:00,736535,31300.5561307512,60129.2000000000,41314.7358603285,50.0000000000,0.0012102219,50,1,2026-06-28 02:00:00
1504,4.1177275838,2022-05-16,2022-05-16 23:50:00,736701,29872.9954742449,60129.2000000000,41314.7358603285,50.0000000000,0.0012102219,50,1,2026-06-28 02:00:00
1503,4.1149897331,2022-05-17,2022-05-17 23:50:00,736846,30440.9649962508,60129.2000000000,41314.7358603285,50.0000000000,0.0012102219,50,1,2026-06-28 02:00:00
1502,4.1122518823,2022-05-18,2022-05-18 23:50:00,736982,28762.3839642561,60129.2000000000,41314.7358603285,50.0000000000,0.0012102219,50,1,2026-06-28 02:00:00
1501,4.1095140315,2022-05-19,2022-05-19 23:50:00,737104,30339.6621833054,60129.2000000000,41314.7358603285,50.0000000000,0.0012102219,50,1,2026-06-28 02:00:00
1500,4.1067761807,2022-05-20,2022-05-20 23:50:00,737231,29214.7444185247,60129.2000000000,41314.7358603285,50.0000000000,0.0012102219,50,1,2026-06-28 02:00:00
1499,4.1040383299,2022-05-21,2022-05-21 23:50:00,737366,29423.8971901249,60129.2000000000,41314.7358603285,50.0000000000,0.0012102219,50,1,2026-06-28 02:00:00
1498,4.1013004791,2022-05-22,2022-05-22 23:50:00,737487,30340.5982668532,60129.2000000000,41314.7358603285,50.0000000000,0.0012102219,50,1,2026-06-28 02:00:00
1497,4.0985626283,2022-05-23,2022-05-23 23:50:00,737648,29113.4774982626,60129.2000000000,41314.7358603285,50.0000000000,0.0012102219,50,1,2026-06-28 02:00:00
1496,4.0958247775,2022-05-24,2022-05-24 23:50:00,737767,29659.8637408343,60129.2000000000,41314.7358603285,50.0000000000,0.0012102219,50,1,2026-06-28 02:00:00
1495,4.0930869268,2022-05-25,2022-05-25 23:50:00,737911,29571.5716709909,60129.2000000000,41314.7358603285,50.0000000000,0.0012102219,50,1,2026-06-28 02:00:00
1494,4.0903490760,2022-05-26,2022-05-26 23:50:00,738053,29337.4801846482,60129.2000000000,41314.7358603285,50.0000000000,0.0012102219,50,1,2026-06-28 02:00:00
1493,4.0876112252,2022-05-27,2022-05-27 23:50:00,738191,28607.0807746612,60129.2000000000,41314.7358603285,50.0000000000,0.0012102219,50,1,2026-06-28 02:00:00
1492,4.0848733744,2022-05-28,2022-05-28 23:50:00,738340,29030.5611740018,60129.2000000000,41314.7358603285,50.0000000000,0.0012102219,50,1,2026-06-28 02:00:00
1491,4.0821355236,2022-05-29,2022-05-29 23:50:00,738489,29424.7278790451,60129.2000000000,41314.7358603285,50.0000000000,0.0012102219,50,1,2026-06-28 02:00:00
1490,4.0793976728,2022-05-30,2022-05-30 23:50:00,738642,31703.0360551878,60129.2000000000,41314.7358603285,50.0000000000,0.0012102219,50,1,2026-06-28 02:00:00
1489,4.0766598220,2022-05-31,2022-05-31 23:50:00,738788,31835.1050830417,60129.2000000000,41314.7358603285,50.0000000000,0.0012102219,50,1,2026-06-28 02:00:00
1488,4.0739219713,2022-06-01,2022-06-01 23:50:00,738924,29791.5178104388,60129.2000000000,41376.9291768215,49.0000000000,0.0011842348,49,1,2026-06-28 02:00:00
1487,4.0711841205,2022-06-02,2022-06-02 23:50:00,739048,30467.9070558570,60129.2000000000,41376.9291768215,49.0000000000,0.0011842348,49,1,2026-06-28 02:00:00
1486,4.0684462697,2022-06-03,2022-06-03 23:50:00,739191,29715.6614220850,60129.2000000000,41376.9291768215,49.0000000000,0.0011842348,49,1,2026-06-28 02:00:00
1485,4.0657084189,2022-06-04,2022-06-04 23:50:00,739332,29828.9008979830,60129.2000000000,41376.9291768215,49.0000000000,0.0011842348,49,1,2026-06-28 02:00:00
1484,4.0629705681,2022-06-05,2022-06-05 23:50:00,739478,29902.2258488882,60129.2000000000,41376.9291768215,49.0000000000,0.0011842348,49,1,2026-06-28 02:00:00
1483,4.0602327173,2022-06-06,2022-06-06 23:50:00,739626,31372.1909367675,60129.2000000000,41376.9291768215,49.0000000000,0.0011842348,49,1,2026-06-28 02:00:00
1482,4.0574948665,2022-06-07,2022-06-07 23:50:00,739786,31164.9011093249,60129.2000000000,41376.9291768215,49.0000000000,0.0011842348,49,1,2026-06-28 02:00:00
1481,4.0547570157,2022-06-08,2022-06-08 23:50:00,739968,30217.6428559248,60129.2000000000,41376.9291768215,49.0000000000,0.0011842348,49,1,2026-06-28 02:00:00
1480,4.0520191650,2022-06-09,2022-06-09 23:50:00,740114,30112.4685241016,60129.2000000000,41376.9291768215,49.0000000000,0.0011842348,49,1,2026-06-28 02:00:00
1479,4.0492813142,2022-06-10,2022-06-10 23:50:00,740260,29082.1500281494,60129.2000000000,41376.9291768215,49.0000000000,0.0011842348,49,1,2026-06-28 02:00:00
1478,4.0465434634,2022-06-11,2022-06-11 23:50:00,740414,28359.0788679950,60129.2000000000,41376.9291768215,49.0000000000,0.0011842348,49,1,2026-06-28 02:00:00
1477,4.0438056126,2022-06-12,2022-06-12 23:50:00,740542,26773.5883809315,60129.2000000000,41376.9291768215,49.0000000000,0.0011842348,49,1,2026-06-28 02:00:00
1476,4.0410677618,2022-06-13,2022-06-13 23:50:00,740673,22499.3799282660,60129.2000000000,41376.9291768215,49.0000000000,0.0011842348,49,1,2026-06-28 02:00:00
1475,4.0383299110,2022-06-14,2022-06-14 23:50:00,740820,22202.8037303595,60129.2000000000,41376.9291768215,49.0000000000,0.0011842348,49,1,2026-06-28 02:00:00
1474,4.0355920602,2022-06-15,2022-06-15 23:50:00,740984,22567.6262041357,60129.2000000000,41376.9291768215,49.0000000000,0.0011842348,49,1,2026-06-28 02:00:00
1473,4.0328542094,2022-06-16,2022-06-16 23:50:00,741105,20368.6027652944,60129.2000000000,41376.9291768215,49.0000000000,0.0011842348,49,1,2026-06-28 02:00:00
1472,4.0301163587,2022-06-17,2022-06-17 23:50:00,741213,20468.6447127330,60129.2000000000,41376.9291768215,49.0000000000,0.0011842348,49,1,2026-06-28 02:00:00
1471,4.0273785079,2022-06-18,2022-06-18 23:50:00,741366,19021.8190377890,60129.2000000000,41376.9291768215,49.0000000000,0.0011842348,49,1,2026-06-28 02:00:00
1470,4.0246406571,2022-06-19,2022-06-19 23:50:00,741500,20526.5095290003,60129.2000000000,41376.9291768215,49.0000000000,0.0011842348,49,1,2026-06-28 02:00:00
1469,4.0219028063,2022-06-20,2022-06-20 23:50:00,741634,20642.6700827313,60129.2000000000,41376.9291768215,49.0000000000,0.0011842348,49,1,2026-06-28 02:00:00
1468,4.0191649555,2022-06-21,2022-06-21 23:50:00,741784,20722.6029395992,60129.2000000000,41376.9291768215,49.0000000000,0.0011842348,49,1,2026-06-28 02:00:00
1467,4.0164271047,2022-06-22,2022-06-22 23:50:00,741912,19984.7168730269,60129.2000000000,41376.9291768215,49.0000000000,0.0011842348,49,1,2026-06-28 02:00:00
1466,4.0136892539,2022-06-23,2022-06-23 23:50:00,742063,21080.3098495812,60129.2000000000,41376.9291768215,49.0000000000,0.0011842348,49,1,2026-06-28 02:00:00
1465,4.0109514031,2022-06-24,2022-06-24 23:50:00,742192,21266.2277304143,60129.2000000000,41376.9291768215,49.0000000000,0.0011842348,49,1,2026-06-28 02:00:00
1464,4.0082135524,2022-06-25,2022-06-25 23:50:00,742342,21481.2629610279,60129.2000000000,41376.9291768215,49.0000000000,0.0011842348,49,1,2026-06-28 02:00:00
1463,4.0054757016,2022-06-26,2022-06-26 23:50:00,742482,21037.0451337280,60129.2000000000,41376.9291768215,49.0000000000,0.0011842348,49,1,2026-06-28 02:00:00
1462,4.0027378508,2022-06-27,2022-06-27 23:50:00,742617,20739.1843433276,60129.2000000000,41376.9291768215,49.0000000000,0.0011842348,49,1,2026-06-28 02:00:00
1461,4.0000000000,2022-06-28,2022-06-28 23:50:00,742765,20281.2650899531,60129.2000000000,41376.9291768215,49.0000000000,0.0011842348,49,1,2026-06-28 02:00:00
1460,3.9972621492,2022-06-29,2022-06-29 23:50:00,742915,20089.3186906676,60129.2000000000,41376.9291768215,49.0000000000,0.0011842348,49,1,2026-06-28 02:00:00
1459,3.9945242984,2022-06-30,2022-06-30 23:50:00,743087,19763.6952774366,60129.2000000000,41376.9291768215,49.0000000000,0.0011842348,49,1,2026-06-28 02:00:00
1458,3.9917864476,2022-07-01,2022-07-01 23:50:00,743221,19329.3235243471,60129.2000000000,41714.8918318938,48.0000000000,0.0011506682,48,1,2026-06-28 02:00:00
1457,3.9890485969,2022-07-02,2022-07-02 23:50:00,743359,19241.9281031633,60129.2000000000,41714.8918318938,48.0000000000,0.0011506682,48,1,2026-06-28 02:00:00
1456,3.9863107461,2022-07-03,2022-07-03 23:50:00,743512,19298.5751553353,60129.2000000000,41714.8918318938,48.0000000000,0.0011506682,48,1,2026-06-28 02:00:00
1455,3.9835728953,2022-07-04,2022-07-04 23:50:00,743657,20251.3694537735,60129.2000000000,41714.8918318938,48.0000000000,0.0011506682,48,1,2026-06-28 02:00:00
1454,3.9808350445,2022-07-05,2022-07-05 23:50:00,743775,20176.5588718361,60129.2000000000,41714.8918318938,48.0000000000,0.0011506682,48,1,2026-06-28 02:00:00
1453,3.9780971937,2022-07-06,2022-07-06 23:50:00,743901,20561.9363261429,60129.2000000000,41714.8918318938,48.0000000000,0.0011506682,48,1,2026-06-28 02:00:00
1452,3.9753593429,2022-07-07,2022-07-07 23:50:00,744059,21645.8716870398,60129.2000000000,41714.8918318938,48.0000000000,0.0011506682,48,1,2026-06-28 02:00:00
1451,3.9726214921,2022-07-08,2022-07-08 23:50:00,744207,21822.0877764005,60129.2000000000,41714.8918318938,48.0000000000,0.0011506682,48,1,2026-06-28 02:00:00
1450,3.9698836413,2022-07-09,2022-07-09 23:50:00,744338,21588.6528719916,60129.2000000000,41714.8918318938,48.0000000000,0.0011506682,48,1,2026-06-28 02:00:00
1449,3.9671457906,2022-07-10,2022-07-10 23:50:00,744494,20856.2644133476,60129.2000000000,41714.8918318938,48.0000000000,0.0011506682,48,1,2026-06-28 02:00:00
1448,3.9644079398,2022-07-11,2022-07-11 23:50:00,744616,19991.5367838588,60129.2000000000,41714.8918318938,48.0000000000,0.0011506682,48,1,2026-06-28 02:00:00
1447,3.9616700890,2022-07-12,2022-07-12 23:50:00,744768,19321.7059522949,60129.2000000000,41714.8918318938,48.0000000000,0.0011506682,48,1,2026-06-28 02:00:00
1446,3.9589322382,2022-07-13,2022-07-13 23:50:00,744878,20196.9307174547,60129.2000000000,41714.8918318938,48.0000000000,0.0011506682,48,1,2026-06-28 02:00:00
1445,3.9561943874,2022-07-14,2022-07-14 23:50:00,744999,20573.8248073523,60129.2000000000,41714.8918318938,48.0000000000,0.0011506682,48,1,2026-06-28 02:00:00
1444,3.9534565366,2022-07-15,2022-07-15 23:50:00,745143,20828.2312993254,60129.2000000000,41714.8918318938,48.0000000000,0.0011506682,48,1,2026-06-28 02:00:00
1443,3.9507186858,2022-07-16,2022-07-16 23:50:00,745291,21196.9735310061,60129.2000000000,41714.8918318938,48.0000000000,0.0011506682,48,1,2026-06-28 02:00:00
1442,3.9479808350,2022-07-17,2022-07-17 23:50:00,745415,20824.4219439899,60129.2000000000,41714.8918318938,48.0000000000,0.0011506682,48,1,2026-06-28 02:00:00
1441,3.9452429843,2022-07-18,2022-07-18 23:50:00,745547,22390.3998295030,60129.2000000000,41714.8918318938,48.0000000000,0.0011506682,48,1,2026-06-28 02:00:00
1440,3.9425051335,2022-07-19,2022-07-19 23:50:00,745685,23396.6155182471,60129.2000000000,41714.8918318938,48.0000000000,0.0011506682,48,1,2026-06-28 02:00:00
1439,3.9397672827,2022-07-20,2022-07-20 23:50:00,745809,23318.1604588776,60129.2000000000,41714.8918318938,48.0000000000,0.0011506682,48,1,2026-06-28 02:00:00
1438,3.9370294319,2022-07-21,2022-07-21 23:50:00,745949,23157.5363121651,60129.2000000000,41714.8918318938,48.0000000000,0.0011506682,48,1,2026-06-28 02:00:00
1437,3.9342915811,2022-07-22,2022-07-22 23:50:00,746081,22716.5636261223,60129.2000000000,41714.8918318938,48.0000000000,0.0011506682,48,1,2026-06-28 02:00:00
1436,3.9315537303,2022-07-23,2022-07-23 23:50:00,746234,22479.5229338009,60129.2000000000,41714.8918318938,48.0000000000,0.0011506682,48,1,2026-06-28 02:00:00
1435,3.9288158795,2022-07-24,2022-07-24 23:50:00,746392,22625.6802622819,60129.2000000000,41714.8918318938,48.0000000000,0.0011506682,48,1,2026-06-28 02:00:00
1434,3.9260780287,2022-07-25,2022-07-25 23:50:00,746535,21387.8666015321,60129.2000000000,41714.8918318938,48.0000000000,0.0011506682,48,1,2026-06-28 02:00:00
1433,3.9233401780,2022-07-26,2022-07-26 23:50:00,746694,21214.4122549269,60129.2000000000,41714.8918318938,48.0000000000,0.0011506682,48,1,2026-06-28 02:00:00
1432,3.9206023272,2022-07-27,2022-07-27 23:50:00,746859,22905.3201467801,60129.2000000000,41714.8918318938,48.0000000000,0.0011506682,48,1,2026-06-28 02:00:00
1431,3.9178644764,2022-07-28,2022-07-28 23:50:00,747001,23839.5120338714,60129.2000000000,41714.8918318938,48.0000000000,0.0011506682,48,1,2026-06-28 02:00:00
1430,3.9151266256,2022-07-29,2022-07-29 23:50:00,747144,23813.7935056561,60129.2000000000,41714.8918318938,48.0000000000,0.0011506682,48,1,2026-06-28 02:00:00
1429,3.9123887748,2022-07-30,2022-07-30 23:50:00,747273,23657.6172892915,60129.2000000000,41714.8918318938,48.0000000000,0.0011506682,48,1,2026-06-28 02:00:00
1428,3.9096509240,2022-07-31,2022-07-31 23:50:00,747428,23341.2078457337,60129.2000000000,41714.8918318938,48.0000000000,0.0011506682,48,1,2026-06-28 02:00:00
1427,3.9069130732,2022-08-01,2022-08-01 23:50:00,747564,23318.6741289877,60129.2000000000,42768.7450309807,47.0000000000,0.0010989333,47,1,2026-06-28 02:00:00
1426,3.9041752225,2022-08-02,2022-08-02 23:50:00,747719,22981.6406318257,60129.2000000000,42768.7450309807,47.0000000000,0.0010989333,47,1,2026-06-28 02:00:00
1425,3.9014373717,2022-08-03,2022-08-03 23:50:00,747862,22852.6944017391,60129.2000000000,42768.7450309807,47.0000000000,0.0010989333,47,1,2026-06-28 02:00:00
1424,3.8986995209,2022-08-04,2022-08-04 23:50:00,747996,22640.3955891482,60129.2000000000,42768.7450309807,47.0000000000,0.0010989333,47,1,2026-06-28 02:00:00
1423,3.8959616701,2022-08-05,2022-08-05 23:50:00,748146,23248.4539263128,60129.2000000000,42768.7450309807,47.0000000000,0.0010989333,47,1,2026-06-28 02:00:00
1422,3.8932238193,2022-08-06,2022-08-06 23:50:00,748306,22968.0760089488,60129.2000000000,42768.7450309807,47.0000000000,0.0010989333,47,1,2026-06-28 02:00:00
1421,3.8904859685,2022-08-07,2022-08-07 23:50:00,748466,23172.9679689875,60129.2000000000,42768.7450309807,47.0000000000,0.0010989333,47,1,2026-06-28 02:00:00
1420,3.8877481177,2022-08-08,2022-08-08 23:50:00,748608,23801.3497511068,60129.2000000000,42768.7450309807,47.0000000000,0.0010989333,47,1,2026-06-28 02:00:00
1419,3.8850102669,2022-08-09,2022-08-09 23:50:00,748752,23173.1383715564,60129.2000000000,42768.7450309807,47.0000000000,0.0010989333,47,1,2026-06-28 02:00:00
1418,3.8822724162,2022-08-10,2022-08-10 23:50:00,748901,23933.8019126906,60129.2000000000,42768.7450309807,47.0000000000,0.0010989333,47,1,2026-06-28 02:00:00
1417,3.8795345654,2022-08-11,2022-08-11 23:50:00,749041,23958.2824285332,60129.2000000000,42768.7450309807,47.0000000000,0.0010989333,47,1,2026-06-28 02:00:00
1416,3.8767967146,2022-08-12,2022-08-12 23:50:00,749193,24404.6160719396,60129.2000000000,42768.7450309807,47.0000000000,0.0010989333,47,1,2026-06-28 02:00:00
1415,3.8740588638,2022-08-13,2022-08-13 23:50:00,749333,24431.2686713633,60129.2000000000,42768.7450309807,47.0000000000,0.0010989333,47,1,2026-06-28 02:00:00
1414,3.8713210130,2022-08-14,2022-08-14 23:50:00,749466,24325.8405236146,60129.2000000000,42768.7450309807,47.0000000000,0.0010989333,47,1,2026-06-28 02:00:00
1413,3.8685831622,2022-08-15,2022-08-15 23:50:00,749612,24147.3078245493,60129.2000000000,42768.7450309807,47.0000000000,0.0010989333,47,1,2026-06-28 02:00:00
1412,3.8658453114,2022-08-16,2022-08-16 23:50:00,749760,23892.4844395905,60129.2000000000,42768.7450309807,47.0000000000,0.0010989333,47,1,2026-06-28 02:00:00
1411,3.8631074606,2022-08-17,2022-08-17 23:50:00,749887,23318.9443354551,60129.2000000000,42768.7450309807,47.0000000000,0.0010989333,47,1,2026-06-28 02:00:00
1410,3.8603696099,2022-08-18,2022-08-18 23:50:00,750033,23217.3312946477,60129.2000000000,42768.7450309807,47.0000000000,0.0010989333,47,1,2026-06-28 02:00:00
1409,3.8576317591,2022-08-19,2022-08-19 23:50:00,750209,20882.6507067123,60129.2000000000,42768.7450309807,47.0000000000,0.0010989333,47,1,2026-06-28 02:00:00
1408,3.8548939083,2022-08-20,2022-08-20 23:50:00,750360,21169.0766722861,60129.2000000000,42768.7450309807,47.0000000000,0.0010989333,47,1,2026-06-28 02:00:00
1407,3.8521560575,2022-08-21,2022-08-21 23:50:00,750506,21541.5318333653,60129.2000000000,42768.7450309807,47.0000000000,0.0010989333,47,1,2026-06-28 02:00:00
1406,3.8494182067,2022-08-22,2022-08-22 23:50:00,750649,21371.3952632278,60129.2000000000,42768.7450309807,47.0000000000,0.0010989333,47,1,2026-06-28 02:00:00
1405,3.8466803559,2022-08-23,2022-08-23 23:50:00,750822,21526.1664959397,60129.2000000000,42768.7450309807,47.0000000000,0.0010989333,47,1,2026-06-28 02:00:00
1404,3.8439425051,2022-08-24,2022-08-24 23:50:00,750968,21399.6253787026,60129.2000000000,42768.7450309807,47.0000000000,0.0010989333,47,1,2026-06-28 02:00:00
1403,3.8412046543,2022-08-25,2022-08-25 23:50:00,751127,21604.0645670616,60129.2000000000,42768.7450309807,47.0000000000,0.0010989333,47,1,2026-06-28 02:00:00
1402,3.8384668036,2022-08-26,2022-08-26 23:50:00,751304,20233.2052908585,60129.2000000000,42768.7450309807,47.0000000000,0.0010989333,47,1,2026-06-28 02:00:00
1401,3.8357289528,2022-08-27,2022-08-27 23:50:00,751449,20059.3694590567,60129.2000000000,42768.7450309807,47.0000000000,0.0010989333,47,1,2026-06-28 02:00:00
1400,3.8329911020,2022-08-28,2022-08-28 23:50:00,751608,19649.7191862551,60129.2000000000,42768.7450309807,47.0000000000,0.0010989333,47,1,2026-06-28 02:00:00
1399,3.8302532512,2022-08-29,2022-08-29 23:50:00,751766,20284.9006810602,60129.2000000000,42768.7450309807,47.0000000000,0.0010989333,47,1,2026-06-28 02:00:00
1398,3.8275154004,2022-08-30,2022-08-30 23:50:00,751927,19790.3279489311,60129.2000000000,42768.7450309807,47.0000000000,0.0010989333,47,1,2026-06-28 02:00:00
1397,3.8247775496,2022-08-31,2022-08-31 23:50:00,752075,20044.0076430109,60129.2000000000,42768.7450309807,47.0000000000,0.0010989333,47,1,2026-06-28 02:00:00
1396,3.8220396988,2022-09-01,2022-09-01 23:50:00,752211,20114.4114039023,60129.2000000000,43558.5741830261,46.0000000000,0.0010560493,46,1,2026-06-28 02:00:00
1395,3.8193018480,2022-09-02,2022-09-02 23:50:00,752341,19945.9517422637,60129.2000000000,43558.5741830261,46.0000000000,0.0010560493,46,1,2026-06-28 02:00:00
1394,3.8165639973,2022-09-03,2022-09-03 23:50:00,752487,19815.0495411116,60129.2000000000,43558.5741830261,46.0000000000,0.0010560493,46,1,2026-06-28 02:00:00
1393,3.8138261465,2022-09-04,2022-09-04 23:50:00,752657,19978.8066598985,60129.2000000000,43558.5741830261,46.0000000000,0.0010560493,46,1,2026-06-28 02:00:00
1392,3.8110882957,2022-09-05,2022-09-05 23:50:00,752809,19832.6172729017,60129.2000000000,43558.5741830261,46.0000000000,0.0010560493,46,1,2026-06-28 02:00:00
1391,3.8083504449,2022-09-06,2022-09-06 23:50:00,752951,18849.6753555976,60129.2000000000,43558.5741830261,46.0000000000,0.0010560493,46,1,2026-06-28 02:00:00
1390,3.8056125941,2022-09-07,2022-09-07 23:50:00,753097,19290.0382038841,60129.2000000000,43558.5741830261,46.0000000000,0.0010560493,46,1,2026-06-28 02:00:00
1389,3.8028747433,2022-09-08,2022-09-08 23:50:00,753225,19328.2611306367,60129.2000000000,43558.5741830261,46.0000000000,0.0010560493,46,1,2026-06-28 02:00:00
1388,3.8001368925,2022-09-09,2022-09-09 23:50:00,753372,21366.2314998991,60129.2000000000,43558.5741830261,46.0000000000,0.0010560493,46,1,2026-06-28 02:00:00
1387,3.7973990418,2022-09-10,2022-09-10 23:50:00,753528,21678.0754348102,60129.2000000000,43558.5741830261,46.0000000000,0.0010560493,46,1,2026-06-28 02:00:00
1386,3.7946611910,2022-09-11,2022-09-11 23:50:00,753711,21766.3274168508,60129.2000000000,43558.5741830261,46.0000000000,0.0010560493,46,1,2026-06-28 02:00:00
1385,3.7919233402,2022-09-12,2022-09-12 23:50:00,753865,22334.5824233890,60129.2000000000,43558.5741830261,46.0000000000,0.0010560493,46,1,2026-06-28 02:00:00
1384,3.7891854894,2022-09-13,2022-09-13 23:50:00,754002,20189.6989563714,60129.2000000000,43558.5741830261,46.0000000000,0.0010560493,46,1,2026-06-28 02:00:00
1383,3.7864476386,2022-09-14,2022-09-14 23:50:00,754127,20253.9460385493,60129.2000000000,43558.5741830261,46.0000000000,0.0010560493,46,1,2026-06-28 02:00:00
1382,3.7837097878,2022-09-15,2022-09-15 23:50:00,754276,19713.1985309829,60129.2000000000,43558.5741830261,46.0000000000,0.0010560493,46,1,2026-06-28 02:00:00
1381,3.7809719370,2022-09-16,2022-09-16 23:50:00,754403,19755.1304994057,60129.2000000000,43558.5741830261,46.0000000000,0.0010560493,46,1,2026-06-28 02:00:00
1380,3.7782340862,2022-09-17,2022-09-17 23:50:00,754571,20132.0630259975,60129.2000000000,43558.5741830261,46.0000000000,0.0010560493,46,1,2026-06-28 02:00:00
1379,3.7754962355,2022-09-18,2022-09-18 23:50:00,754727,19415.1877230739,60129.2000000000,43558.5741830261,46.0000000000,0.0010560493,46,1,2026-06-28 02:00:00
1378,3.7727583847,2022-09-19,2022-09-19 23:50:00,754856,19562.5526295790,60129.2000000000,43558.5741830261,46.0000000000,0.0010560493,46,1,2026-06-28 02:00:00
1377,3.7700205339,2022-09-20,2022-09-20 23:50:00,755009,18883.7186228706,60129.2000000000,43558.5741830261,46.0000000000,0.0010560493,46,1,2026-06-28 02:00:00
1376,3.7672826831,2022-09-21,2022-09-21 23:50:00,755150,18536.0271299148,60129.2000000000,43558.5741830261,46.0000000000,0.0010560493,46,1,2026-06-28 02:00:00
1375,3.7645448323,2022-09-22,2022-09-22 23:50:00,755277,19419.0399890887,60129.2000000000,43558.5741830261,46.0000000000,0.0010560493,46,1,2026-06-28 02:00:00
1374,3.7618069815,2022-09-23,2022-09-23 23:50:00,755412,19305.2177215994,60129.2000000000,43558.5741830261,46.0000000000,0.0010560493,46,1,2026-06-28 02:00:00
1373,3.7590691307,2022-09-24,2022-09-24 23:50:00,755559,18945.0143575080,60129.2000000000,43558.5741830261,46.0000000000,0.0010560493,46,1,2026-06-28 02:00:00
1372,3.7563312799,2022-09-25,2022-09-25 23:50:00,755706,18794.8612616858,60129.2000000000,43558.5741830261,46.0000000000,0.0010560493,46,1,2026-06-28 02:00:00
1371,3.7535934292,2022-09-26,2022-09-26 23:50:00,755857,19204.7216214916,60129.2000000000,43558.5741830261,46.0000000000,0.0010560493,46,1,2026-06-28 02:00:00
1370,3.7508555784,2022-09-27,2022-09-27 23:50:00,755986,19114.0732790285,60129.2000000000,43558.5741830261,46.0000000000,0.0010560493,46,1,2026-06-28 02:00:00
1369,3.7481177276,2022-09-28,2022-09-28 23:50:00,756136,19429.8141180282,60129.2000000000,43558.5741830261,46.0000000000,0.0010560493,46,1,2026-06-28 02:00:00
1368,3.7453798768,2022-09-29,2022-09-29 23:50:00,756278,19542.4779914474,60129.2000000000,43558.5741830261,46.0000000000,0.0010560493,46,1,2026-06-28 02:00:00
1367,3.7426420260,2022-09-30,2022-09-30 23:50:00,756447,19451.4111780518,60129.2000000000,43558.5741830261,46.0000000000,0.0010560493,46,1,2026-06-28 02:00:00
1366,3.7399041752,2022-10-01,2022-10-01 23:50:00,756627,19309.7614239346,60129.2000000000,44716.7790882352,45.0000000000,0.0010063337,45,1,2026-06-28 02:00:00
1365,3.7371663244,2022-10-02,2022-10-02 23:50:00,756786,19047.2931378749,60129.2000000000,44716.7790882352,45.0000000000,0.0010063337,45,1,2026-06-28 02:00:00
1364,3.7344284736,2022-10-03,2022-10-03 23:50:00,756939,19623.3842510898,60129.2000000000,44716.7790882352,45.0000000000,0.0010063337,45,1,2026-06-28 02:00:00
1363,3.7316906229,2022-10-04,2022-10-04 23:50:00,757103,20336.3052517934,60129.2000000000,44716.7790882352,45.0000000000,0.0010063337,45,1,2026-06-28 02:00:00
1362,3.7289527721,2022-10-05,2022-10-05 23:50:00,757278,20166.1318767575,60129.2000000000,44716.7790882352,45.0000000000,0.0010063337,45,1,2026-06-28 02:00:00
1361,3.7262149213,2022-10-06,2022-10-06 23:50:00,757435,19952.0789059054,60129.2000000000,44716.7790882352,45.0000000000,0.0010063337,45,1,2026-06-28 02:00:00
1360,3.7234770705,2022-10-07,2022-10-07 23:50:00,757607,19545.9509487813,60129.2000000000,44716.7790882352,45.0000000000,0.0010063337,45,1,2026-06-28 02:00:00
1359,3.7207392197,2022-10-08,2022-10-08 23:50:00,757783,19412.5842776521,60129.2000000000,44716.7790882352,45.0000000000,0.0010063337,45,1,2026-06-28 02:00:00
1358,3.7180013689,2022-10-09,2022-10-09 23:50:00,757941,19443.8017974638,60129.2000000000,44716.7790882352,45.0000000000,0.0010063337,45,1,2026-06-28 02:00:00
1357,3.7152635181,2022-10-10,2022-10-10 23:50:00,758105,19141.0614937310,60129.2000000000,44716.7790882352,45.0000000000,0.0010063337,45,1,2026-06-28 02:00:00
1356,3.7125256674,2022-10-11,2022-10-11 23:50:00,758266,19049.8632579463,60129.2000000000,44716.7790882352,45.0000000000,0.0010063337,45,1,2026-06-28 02:00:00
1355,3.7097878166,2022-10-12,2022-10-12 23:50:00,758401,19157.5407658463,60129.2000000000,44716.7790882352,45.0000000000,0.0010063337,45,1,2026-06-28 02:00:00
1354,3.7070499658,2022-10-13,2022-10-13 23:50:00,758544,19385.4112671968,60129.2000000000,44716.7790882352,45.0000000000,0.0010063337,45,1,2026-06-28 02:00:00
1353,3.7043121150,2022-10-14,2022-10-14 23:50:00,758701,19186.2823440279,60129.2000000000,44716.7790882352,45.0000000000,0.0010063337,45,1,2026-06-28 02:00:00
1352,3.7015742642,2022-10-15,2022-10-15 23:50:00,758852,19066.5776282421,60129.2000000000,44716.7790882352,45.0000000000,0.0010063337,45,1,2026-06-28 02:00:00
1351,3.6988364134,2022-10-16,2022-10-16 23:50:00,758998,19266.8895837666,60129.2000000000,44716.7790882352,45.0000000000,0.0010063337,45,1,2026-06-28 02:00:00
1350,3.6960985626,2022-10-17,2022-10-17 23:50:00,759147,19552.7255051626,60129.2000000000,44716.7790882352,45.0000000000,0.0010063337,45,1,2026-06-28 02:00:00
1349,3.6933607118,2022-10-18,2022-10-18 23:50:00,759289,19338.5227710068,60129.2000000000,44716.7790882352,45.0000000000,0.0010063337,45,1,2026-06-28 02:00:00
1348,3.6906228611,2022-10-19,2022-10-19 23:50:00,759440,19137.3951919105,60129.2000000000,44716.7790882352,45.0000000000,0.0010063337,45,1,2026-06-28 02:00:00
1347,3.6878850103,2022-10-20,2022-10-20 23:50:00,759586,19050.9229668731,60129.2000000000,44716.7790882352,45.0000000000,0.0010063337,45,1,2026-06-28 02:00:00
1346,3.6851471595,2022-10-21,2022-10-21 23:50:00,759739,19175.5779435326,60129.2000000000,44716.7790882352,45.0000000000,0.0010063337,45,1,2026-06-28 02:00:00
1345,3.6824093087,2022-10-22,2022-10-22 23:50:00,759876,19207.5132472086,60129.2000000000,44716.7790882352,45.0000000000,0.0010063337,45,1,2026-06-28 02:00:00
1344,3.6796714579,2022-10-23,2022-10-23 23:50:00,760031,19569.5004918108,60129.2000000000,44716.7790882352,45.0000000000,0.0010063337,45,1,2026-06-28 02:00:00
1343,3.6769336071,2022-10-24,2022-10-24 23:50:00,760168,19342.9504977438,60129.2000000000,44716.7790882352,45.0000000000,0.0010063337,45,1,2026-06-28 02:00:00
1342,3.6741957563,2022-10-25,2022-10-25 23:50:00,760291,20100.3596045070,60129.2000000000,44716.7790882352,45.0000000000,0.0010063337,45,1,2026-06-28 02:00:00
1341,3.6714579055,2022-10-26,2022-10-26 23:50:00,760445,20777.2378745095,60129.2000000000,44716.7790882352,45.0000000000,0.0010063337,45,1,2026-06-28 02:00:00
1340,3.6687200548,2022-10-27,2022-10-27 23:50:00,760581,20285.2758821134,60129.2000000000,44716.7790882352,45.0000000000,0.0010063337,45,1,2026-06-28 02:00:00
1339,3.6659822040,2022-10-28,2022-10-28 23:50:00,760738,20601.8588176954,60129.2000000000,44716.7790882352,45.0000000000,0.0010063337,45,1,2026-06-28 02:00:00
1338,3.6632443532,2022-10-29,2022-10-29 23:50:00,760881,20817.5706336963,60129.2000000000,44716.7790882352,45.0000000000,0.0010063337,45,1,2026-06-28 02:00:00
1337,3.6605065024,2022-10-30,2022-10-30 23:50:00,761017,20632.6321770794,60129.2000000000,44716.7790882352,45.0000000000,0.0010063337,45,1,2026-06-28 02:00:00
1336,3.6577686516,2022-10-31,2022-10-31 23:50:00,761187,20499.2197698344,60129.2000000000,44716.7790882352,45.0000000000,0.0010063337,45,1,2026-06-28 02:00:00
1335,3.6550308008,2022-11-01,2022-11-01 23:50:00,761333,20481.8803685749,60129.2000000000,46095.1933111872,44.0000000000,0.0009545464,44,1,2026-06-28 02:00:00
1334,3.6522929500,2022-11-02,2022-11-02 23:50:00,761457,20162.8932357976,60129.2000000000,46095.1933111872,44.0000000000,0.0009545464,44,1,2026-06-28 02:00:00
1333,3.6495550992,2022-11-03,2022-11-03 23:50:00,761621,20204.7645080719,60129.2000000000,46095.1933111872,44.0000000000,0.0009545464,44,1,2026-06-28 02:00:00
1332,3.6468172485,2022-11-04,2022-11-04 23:50:00,761748,21149.0275520611,60129.2000000000,46095.1933111872,44.0000000000,0.0009545464,44,1,2026-06-28 02:00:00
1331,3.6440793977,2022-11-05,2022-11-05 23:50:00,761899,21276.1015711656,60129.2000000000,46095.1933111872,44.0000000000,0.0009545464,44,1,2026-06-28 02:00:00
1330,3.6413415469,2022-11-06,2022-11-06 23:50:00,762038,20932.9567094981,60129.2000000000,46095.1933111872,44.0000000000,0.0009545464,44,1,2026-06-28 02:00:00
1329,3.6386036961,2022-11-07,2022-11-07 23:50:00,762181,20593.7267584047,60129.2000000000,46095.1933111872,44.0000000000,0.0009545464,44,1,2026-06-28 02:00:00
1328,3.6358658453,2022-11-08,2022-11-08 23:50:00,762345,18534.2689543040,60129.2000000000,46095.1933111872,44.0000000000,0.0009545464,44,1,2026-06-28 02:00:00
1327,3.6331279945,2022-11-09,2022-11-09 23:50:00,762492,15863.3444420538,60129.2000000000,46095.1933111872,44.0000000000,0.0009545464,44,1,2026-06-28 02:00:00
1326,3.6303901437,2022-11-10,2022-11-10 23:50:00,762641,17571.8455991075,60129.2000000000,46095.1933111872,44.0000000000,0.0009545464,44,1,2026-06-28 02:00:00
1325,3.6276522930,2022-11-11,2022-11-11 23:50:00,762774,17008.5846034813,60129.2000000000,46095.1933111872,44.0000000000,0.0009545464,44,1,2026-06-28 02:00:00
1324,3.6249144422,2022-11-12,2022-11-12 23:50:00,762942,16798.1058875748,60129.2000000000,46095.1933111872,44.0000000000,0.0009545464,44,1,2026-06-28 02:00:00
1323,3.6221765914,2022-11-13,2022-11-13 23:50:00,763070,16346.5594089160,60129.2000000000,46095.1933111872,44.0000000000,0.0009545464,44,1,2026-06-28 02:00:00
1322,3.6194387406,2022-11-14,2022-11-14 23:50:00,763194,16634.9151166923,60129.2000000000,46095.1933111872,44.0000000000,0.0009545464,44,1,2026-06-28 02:00:00
1321,3.6167008898,2022-11-15,2022-11-15 23:50:00,763349,16867.7787530461,60129.2000000000,46095.1933111872,44.0000000000,0.0009545464,44,1,2026-06-28 02:00:00
1320,3.6139630390,2022-11-16,2022-11-16 23:50:00,763498,16663.0785119941,60129.2000000000,46095.1933111872,44.0000000000,0.0009545464,44,1,2026-06-28 02:00:00
1319,3.6112251882,2022-11-17,2022-11-17 23:50:00,763637,16686.2157713881,60129.2000000000,46095.1933111872,44.0000000000,0.0009545464,44,1,2026-06-28 02:00:00
1318,3.6084873374,2022-11-18,2022-11-18 23:50:00,763775,16695.3517671969,60129.2000000000,46095.1933111872,44.0000000000,0.0009545464,44,1,2026-06-28 02:00:00
1317,3.6057494867,2022-11-19,2022-11-19 23:50:00,763923,16717.7103026608,60129.2000000000,46095.1933111872,44.0000000000,0.0009545464,44,1,2026-06-28 02:00:00
1316,3.6030116359,2022-11-20,2022-11-20 23:50:00,764072,16287.9153275063,60129.2000000000,46095.1933111872,44.0000000000,0.0009545464,44,1,2026-06-28 02:00:00
1315,3.6002737851,2022-11-21,2022-11-21 23:50:00,764199,15797.5306160848,60129.2000000000,46095.1933111872,44.0000000000,0.0009545464,44,1,2026-06-28 02:00:00
1314,3.5975359343,2022-11-22,2022-11-22 23:50:00,764327,16178.8837017430,60129.2000000000,46095.1933111872,44.0000000000,0.0009545464,44,1,2026-06-28 02:00:00
1313,3.5947980835,2022-11-23,2022-11-23 23:50:00,764467,16622.3073757729,60129.2000000000,46095.1933111872,44.0000000000,0.0009545464,44,1,2026-06-28 02:00:00
1312,3.5920602327,2022-11-24,2022-11-24 23:50:00,764596,16589.3319620691,60129.2000000000,46095.1933111872,44.0000000000,0.0009545464,44,1,2026-06-28 02:00:00
1311,3.5893223819,2022-11-25,2022-11-25 23:50:00,764719,16526.6323199933,60129.2000000000,46095.1933111872,44.0000000000,0.0009545464,44,1,2026-06-28 02:00:00
1310,3.5865845311,2022-11-26,2022-11-26 23:50:00,764827,16470.6078999551,60129.2000000000,46095.1933111872,44.0000000000,0.0009545464,44,1,2026-06-28 02:00:00
1309,3.5838466804,2022-11-27,2022-11-27 23:50:00,764964,16449.9969497286,60129.2000000000,46095.1933111872,44.0000000000,0.0009545464,44,1,2026-06-28 02:00:00
1308,3.5811088296,2022-11-28,2022-11-28 23:50:00,765104,16221.6197474809,60129.2000000000,46095.1933111872,44.0000000000,0.0009545464,44,1,2026-06-28 02:00:00
1307,3.5783709788,2022-11-29,2022-11-29 23:50:00,765233,16447.8839878520,60129.2000000000,46095.1933111872,44.0000000000,0.0009545464,44,1,2026-06-28 02:00:00
1306,3.5756331280,2022-11-30,2022-11-30 23:50:00,765373,17178.3154069279,60129.2000000000,46095.1933111872,44.0000000000,0.0009545464,44,1,2026-06-28 02:00:00
1305,3.5728952772,2022-12-01,2022-12-01 23:50:00,765526,16962.9864042288,60129.2000000000,47475.8975526878,43.0000000000,0.0009057227,43,1,2026-06-28 02:00:00
1304,3.5701574264,2022-12-02,2022-12-02 23:50:00,765651,17076.2987834337,60129.2000000000,47475.8975526878,43.0000000000,0.0009057227,43,1,2026-06-28 02:00:00
1303,3.5674195756,2022-12-03,2022-12-03 23:50:00,765781,16915.7101046282,60129.2000000000,47475.8975526878,43.0000000000,0.0009057227,43,1,2026-06-28 02:00:00
1302,3.5646817248,2022-12-04,2022-12-04 23:50:00,765920,17137.5971606099,60129.2000000000,47475.8975526878,43.0000000000,0.0009057227,43,1,2026-06-28 02:00:00
1301,3.5619438741,2022-12-05,2022-12-05 23:50:00,766066,16974.7095898030,60129.2000000000,47475.8975526878,43.0000000000,0.0009057227,43,1,2026-06-28 02:00:00
1300,3.5592060233,2022-12-06,2022-12-06 23:50:00,766201,17085.2759876795,60129.2000000000,47475.8975526878,43.0000000000,0.0009057227,43,1,2026-06-28 02:00:00
1299,3.5564681725,2022-12-07,2022-12-07 23:50:00,766374,16850.7725156191,60129.2000000000,47475.8975526878,43.0000000000,0.0009057227,43,1,2026-06-28 02:00:00
1298,3.5537303217,2022-12-08,2022-12-08 23:50:00,766541,17243.5175017402,60129.2000000000,47475.8975526878,43.0000000000,0.0009057227,43,1,2026-06-28 02:00:00
1297,3.5509924709,2022-12-09,2022-12-09 23:50:00,766694,17137.6591719095,60129.2000000000,47475.8975526878,43.0000000000,0.0009057227,43,1,2026-06-28 02:00:00
1296,3.5482546201,2022-12-10,2022-12-10 23:50:00,766847,17124.0154778202,60129.2000000000,47475.8975526878,43.0000000000,0.0009057227,43,1,2026-06-28 02:00:00
1295,3.5455167693,2022-12-11,2022-12-11 23:50:00,766992,17102.8393952077,60129.2000000000,47475.8975526878,43.0000000000,0.0009057227,43,1,2026-06-28 02:00:00
1294,3.5427789185,2022-12-12,2022-12-12 23:50:00,767138,17211.8140173909,60129.2000000000,47475.8975526878,43.0000000000,0.0009057227,43,1,2026-06-28 02:00:00
1293,3.5400410678,2022-12-13,2022-12-13 23:50:00,767301,17783.9600929862,60129.2000000000,47475.8975526878,43.0000000000,0.0009057227,43,1,2026-06-28 02:00:00
1292,3.5373032170,2022-12-14,2022-12-14 23:50:00,767451,17827.3238934862,60129.2000000000,47475.8975526878,43.0000000000,0.0009057227,43,1,2026-06-28 02:00:00
1291,3.5345653662,2022-12-15,2022-12-15 23:50:00,767588,17371.0623816473,60129.2000000000,47475.8975526878,43.0000000000,0.0009057227,43,1,2026-06-28 02:00:00
1290,3.5318275154,2022-12-16,2022-12-16 23:50:00,767718,16626.2363396483,60129.2000000000,47475.8975526878,43.0000000000,0.0009057227,43,1,2026-06-28 02:00:00
1289,3.5290896646,2022-12-17,2022-12-17 23:50:00,767856,16800.2299463017,60129.2000000000,47475.8975526878,43.0000000000,0.0009057227,43,1,2026-06-28 02:00:00
1288,3.5263518138,2022-12-18,2022-12-18 23:50:00,768001,16777.8759469250,60129.2000000000,47475.8975526878,43.0000000000,0.0009057227,43,1,2026-06-28 02:00:00
1287,3.5236139630,2022-12-19,2022-12-19 23:50:00,768138,16450.9541764290,60129.2000000000,47475.8975526878,43.0000000000,0.0009057227,43,1,2026-06-28 02:00:00
1286,3.5208761123,2022-12-20,2022-12-20 23:50:00,768278,16899.8165427898,60129.2000000000,47475.8975526878,43.0000000000,0.0009057227,43,1,2026-06-28 02:00:00
1285,3.5181382615,2022-12-21,2022-12-21 23:50:00,768421,16810.9313539419,60129.2000000000,47475.8975526878,43.0000000000,0.0009057227,43,1,2026-06-28 02:00:00
1284,3.5154004107,2022-12-22,2022-12-22 23:50:00,768557,16829.6053834631,60129.2000000000,47475.8975526878,43.0000000000,0.0009057227,43,1,2026-06-28 02:00:00
1283,3.5126625599,2022-12-23,2022-12-23 23:50:00,768688,16795.7521963342,60129.2000000000,47475.8975526878,43.0000000000,0.0009057227,43,1,2026-06-28 02:00:00
1282,3.5099247091,2022-12-24,2022-12-24 23:50:00,768777,16850.4640968049,60129.2000000000,47475.8975526878,43.0000000000,0.0009057227,43,1,2026-06-28 02:00:00
1281,3.5071868583,2022-12-25,2022-12-25 23:50:00,768916,16838.6202253249,60129.2000000000,47475.8975526878,43.0000000000,0.0009057227,43,1,2026-06-28 02:00:00
1280,3.5044490075,2022-12-26,2022-12-26 23:50:00,769046,16892.5830891551,60129.2000000000,47475.8975526878,43.0000000000,0.0009057227,43,1,2026-06-28 02:00:00
1279,3.5017111567,2022-12-27,2022-12-27 23:50:00,769162,16711.6871278683,60129.2000000000,47475.8975526878,43.0000000000,0.0009057227,43,1,2026-06-28 02:00:00
1278,3.4989733060,2022-12-28,2022-12-28 23:50:00,769331,16547.5668695962,60129.2000000000,47475.8975526878,43.0000000000,0.0009057227,43,1,2026-06-28 02:00:00
1277,3.4962354552,2022-12-29,2022-12-29 23:50:00,769471,16633.7304966220,60129.2000000000,47475.8975526878,43.0000000000,0.0009057227,43,1,2026-06-28 02:00:00
1276,3.4934976044,2022-12-30,2022-12-30 23:50:00,769630,16605.9224361608,60129.2000000000,47475.8975526878,43.0000000000,0.0009057227,43,1,2026-06-28 02:00:00
1275,3.4907597536,2022-12-31,2022-12-31 23:50:00,769786,16553.3369865751,60129.2000000000,47475.8975526878,43.0000000000,0.0009057227,43,1,2026-06-28 02:00:00
1274,3.4880219028,2023-01-01,2023-01-01 23:50:00,769941,16620.8199266805,60129.2000000000,49600.1954939710,42.0000000000,0.0008467709,42,1,2026-06-28 02:00:00
1273,3.4852840520,2023-01-02,2023-01-02 23:50:00,770096,16693.9300090974,60129.2000000000,49600.1954939710,42.0000000000,0.0008467709,42,1,2026-06-28 02:00:00
1272,3.4825462012,2023-01-03,2023-01-03 23:50:00,770250,16682.7158853094,60129.2000000000,49600.1954939710,42.0000000000,0.0008467709,42,1,2026-06-28 02:00:00
1271,3.4798083504,2023-01-04,2023-01-04 23:50:00,770393,16865.1597548515,60129.2000000000,49600.1954939710,42.0000000000,0.0008467709,42,1,2026-06-28 02:00:00
1270,3.4770704997,2023-01-05,2023-01-05 23:50:00,770550,16841.8215955243,60129.2000000000,49600.1954939710,42.0000000000,0.0008467709,42,1,2026-06-28 02:00:00
1269,3.4743326489,2023-01-06,2023-01-06 23:50:00,770729,16961.0574113138,60129.2000000000,49600.1954939710,42.0000000000,0.0008467709,42,1,2026-06-28 02:00:00
1268,3.4715947981,2023-01-07,2023-01-07 23:50:00,770884,16950.8882359895,60129.2000000000,49600.1954939710,42.0000000000,0.0008467709,42,1,2026-06-28 02:00:00
1267,3.4688569473,2023-01-08,2023-01-08 23:50:00,771038,17057.2244579190,60129.2000000000,49600.1954939710,42.0000000000,0.0008467709,42,1,2026-06-28 02:00:00
1266,3.4661190965,2023-01-09,2023-01-09 23:50:00,771190,17190.7096891330,60129.2000000000,49600.1954939710,42.0000000000,0.0008467709,42,1,2026-06-28 02:00:00
1265,3.4633812457,2023-01-10,2023-01-10 23:50:00,771359,17437.1071503611,60129.2000000000,49600.1954939710,42.0000000000,0.0008467709,42,1,2026-06-28 02:00:00
1264,3.4606433949,2023-01-11,2023-01-11 23:50:00,771506,17915.6525152447,60129.2000000000,49600.1954939710,42.0000000000,0.0008467709,42,1,2026-06-28 02:00:00
1263,3.4579055441,2023-01-12,2023-01-12 23:50:00,771656,18869.8571757962,60129.2000000000,49600.1954939710,42.0000000000,0.0008467709,42,1,2026-06-28 02:00:00
1262,3.4551676934,2023-01-13,2023-01-13 23:50:00,771816,19865.2735827629,60129.2000000000,49600.1954939710,42.0000000000,0.0008467709,42,1,2026-06-28 02:00:00
1261,3.4524298426,2023-01-14,2023-01-14 23:50:00,771983,21020.7215506419,60129.2000000000,49600.1954939710,42.0000000000,0.0008467709,42,1,2026-06-28 02:00:00
1260,3.4496919918,2023-01-15,2023-01-15 23:50:00,772149,20873.3528803426,60129.2000000000,49600.1954939710,42.0000000000,0.0008467709,42,1,2026-06-28 02:00:00
1259,3.4469541410,2023-01-16,2023-01-16 23:50:00,772296,21171.4001086333,60129.2000000000,49600.1954939710,42.0000000000,0.0008467709,42,1,2026-06-28 02:00:00
1258,3.4442162902,2023-01-17,2023-01-17 23:50:00,772453,21187.1355580904,60129.2000000000,49600.1954939710,42.0000000000,0.0008467709,42,1,2026-06-28 02:00:00
1257,3.4414784394,2023-01-18,2023-01-18 23:50:00,772591,20722.7180850346,60129.2000000000,49600.1954939710,42.0000000000,0.0008467709,42,1,2026-06-28 02:00:00
1256,3.4387405886,2023-01-19,2023-01-19 23:50:00,772736,21067.8028282030,60129.2000000000,49600.1954939710,42.0000000000,0.0008467709,42,1,2026-06-28 02:00:00
1255,3.4360027379,2023-01-20,2023-01-20 23:50:00,772869,22664.2359854773,60129.2000000000,49600.1954939710,42.0000000000,0.0008467709,42,1,2026-06-28 02:00:00
1254,3.4332648871,2023-01-21,2023-01-21 23:50:00,773007,22795.6825348052,60129.2000000000,49600.1954939710,42.0000000000,0.0008467709,42,1,2026-06-28 02:00:00
1253,3.4305270363,2023-01-22,2023-01-22 23:50:00,773159,22715.7809479875,60129.2000000000,49600.1954939710,42.0000000000,0.0008467709,42,1,2026-06-28 02:00:00
1252,3.4277891855,2023-01-23,2023-01-23 23:50:00,773316,22954.1108635781,60129.2000000000,49600.1954939710,42.0000000000,0.0008467709,42,1,2026-06-28 02:00:00
1251,3.4250513347,2023-01-24,2023-01-24 23:50:00,773446,22625.9958975026,60129.2000000000,49600.1954939710,42.0000000000,0.0008467709,42,1,2026-06-28 02:00:00
1250,3.4223134839,2023-01-25,2023-01-25 23:50:00,773618,23149.5513940547,60129.2000000000,49600.1954939710,42.0000000000,0.0008467709,42,1,2026-06-28 02:00:00
1249,3.4195756331,2023-01-26,2023-01-26 23:50:00,773775,23023.9445728568,60129.2000000000,49600.1954939710,42.0000000000,0.0008467709,42,1,2026-06-28 02:00:00
1248,3.4168377823,2023-01-27,2023-01-27 23:50:00,773930,23071.7989901938,60129.2000000000,49600.1954939710,42.0000000000,0.0008467709,42,1,2026-06-28 02:00:00
1247,3.4140999316,2023-01-28,2023-01-28 23:50:00,774098,23015.4616798857,60129.2000000000,49600.1954939710,42.0000000000,0.0008467709,42,1,2026-06-28 02:00:00
1246,3.4113620808,2023-01-29,2023-01-29 23:50:00,774258,23773.9859406473,60129.2000000000,49600.1954939710,42.0000000000,0.0008467709,42,1,2026-06-28 02:00:00
1245,3.4086242300,2023-01-30,2023-01-30 23:50:00,774397,22813.3797227136,60129.2000000000,49600.1954939710,42.0000000000,0.0008467709,42,1,2026-06-28 02:00:00
1244,3.4058863792,2023-01-31,2023-01-31 23:50:00,774511,23137.1610289574,60129.2000000000,49600.1954939710,42.0000000000,0.0008467709,42,1,2026-06-28 02:00:00
1243,3.4031485284,2023-02-01,2023-02-01 23:50:00,774649,23711.5276291104,60129.2000000000,52122.7065991278,41.0000000000,0.0007866054,41,1,2026-06-28 02:00:00
1242,3.4004106776,2023-02-02,2023-02-02 23:50:00,774793,23494.4363886378,60129.2000000000,52122.7065991278,41.0000000000,0.0007866054,41,1,2026-06-28 02:00:00
1241,3.3976728268,2023-02-03,2023-02-03 23:50:00,774924,23459.9535879408,60129.2000000000,52122.7065991278,41.0000000000,0.0007866054,41,1,2026-06-28 02:00:00
1240,3.3949349760,2023-02-04,2023-02-04 23:50:00,775062,23318.7479950308,60129.2000000000,52122.7065991278,41.0000000000,0.0007866054,41,1,2026-06-28 02:00:00
1239,3.3921971253,2023-02-05,2023-02-05 23:50:00,775212,22965.0722306378,60129.2000000000,52122.7065991278,41.0000000000,0.0007866054,41,1,2026-06-28 02:00:00
1238,3.3894592745,2023-02-06,2023-02-06 23:50:00,775363,22768.9717738561,60129.2000000000,52122.7065991278,41.0000000000,0.0007866054,41,1,2026-06-28 02:00:00
1237,3.3867214237,2023-02-07,2023-02-07 23:50:00,775504,23273.9843360699,60129.2000000000,52122.7065991278,41.0000000000,0.0007866054,41,1,2026-06-28 02:00:00
1236,3.3839835729,2023-02-08,2023-02-08 23:50:00,775643,22945.9456066122,60129.2000000000,52122.7065991278,41.0000000000,0.0007866054,41,1,2026-06-28 02:00:00
1235,3.3812457221,2023-02-09,2023-02-09 23:50:00,775803,21835.0704743514,60129.2000000000,52122.7065991278,41.0000000000,0.0007866054,41,1,2026-06-28 02:00:00
1234,3.3785078713,2023-02-10,2023-02-10 23:50:00,775950,21641.6928126042,60129.2000000000,52122.7065991278,41.0000000000,0.0007866054,41,1,2026-06-28 02:00:00
1233,3.3757700205,2023-02-11,2023-02-11 23:50:00,776100,21871.6150723341,60129.2000000000,52122.7065991278,41.0000000000,0.0007866054,41,1,2026-06-28 02:00:00
1232,3.3730321697,2023-02-12,2023-02-12 23:50:00,776262,21768.0249514631,60129.2000000000,52122.7065991278,41.0000000000,0.0007866054,41,1,2026-06-28 02:00:00
1231,3.3702943190,2023-02-13,2023-02-13 23:50:00,776417,21816.4969923938,60129.2000000000,52122.7065991278,41.0000000000,0.0007866054,41,1,2026-06-28 02:00:00
1230,3.3675564682,2023-02-14,2023-02-14 23:50:00,776572,22226.8957960230,60129.2000000000,52122.7065991278,41.0000000000,0.0007866054,41,1,2026-06-28 02:00:00
1229,3.3648186174,2023-02-15,2023-02-15 23:50:00,776732,24295.7823268440,60129.2000000000,52122.7065991278,41.0000000000,0.0007866054,41,1,2026-06-28 02:00:00
1228,3.3620807666,2023-02-16,2023-02-16 23:50:00,776912,23657.2506992149,60129.2000000000,52122.7065991278,41.0000000000,0.0007866054,41,1,2026-06-28 02:00:00
1227,3.3593429158,2023-02-17,2023-02-17 23:50:00,777078,24577.9165475380,60129.2000000000,52122.7065991278,41.0000000000,0.0007866054,41,1,2026-06-28 02:00:00
1226,3.3566050650,2023-02-18,2023-02-18 23:50:00,777244,24636.1826568973,60129.2000000000,52122.7065991278,41.0000000000,0.0007866054,41,1,2026-06-28 02:00:00
1225,3.3538672142,2023-02-19,2023-02-19 23:50:00,777408,24359.1634691171,60129.2000000000,52122.7065991278,41.0000000000,0.0007866054,41,1,2026-06-28 02:00:00
1224,3.3511293634,2023-02-20,2023-02-20 23:50:00,777555,24801.8254036576,60129.2000000000,52122.7065991278,41.0000000000,0.0007866054,41,1,2026-06-28 02:00:00
1223,3.3483915127,2023-02-21,2023-02-21 23:50:00,777722,24412.7766763074,60129.2000000000,52122.7065991278,41.0000000000,0.0007866054,41,1,2026-06-28 02:00:00
1222,3.3456536619,2023-02-22,2023-02-22 23:50:00,777862,24190.5007953479,60129.2000000000,52122.7065991278,41.0000000000,0.0007866054,41,1,2026-06-28 02:00:00
1221,3.3429158111,2023-02-23,2023-02-23 23:50:00,778034,23946.3366542478,60129.2000000000,52122.7065991278,41.0000000000,0.0007866054,41,1,2026-06-28 02:00:00
1220,3.3401779603,2023-02-24,2023-02-24 23:50:00,778167,23203.8254047461,60129.2000000000,52122.7065991278,41.0000000000,0.0007866054,41,1,2026-06-28 02:00:00
1219,3.3374401095,2023-02-25,2023-02-25 23:50:00,778275,23169.2730798490,60129.2000000000,52122.7065991278,41.0000000000,0.0007866054,41,1,2026-06-28 02:00:00
1218,3.3347022587,2023-02-26,2023-02-26 23:50:00,778442,23540.4512720207,60129.2000000000,52122.7065991278,41.0000000000,0.0007866054,41,1,2026-06-28 02:00:00
1217,3.3319644079,2023-02-27,2023-02-27 23:50:00,778583,23519.8639792693,60129.2000000000,52122.7065991278,41.0000000000,0.0007866054,41,1,2026-06-28 02:00:00
1216,3.3292265572,2023-02-28,2023-02-28 23:50:00,778721,23159.3538037001,60129.2000000000,52122.7065991278,41.0000000000,0.0007866054,41,1,2026-06-28 02:00:00
1215,3.3264887064,2023-03-01,2023-03-01 23:50:00,778890,23652.7497737762,60129.2000000000,53732.2578891483,40.0000000000,0.0007444318,40,1,2026-06-28 02:00:00
1214,3.3237508556,2023-03-02,2023-03-02 23:50:00,779034,23479.3218870689,60129.2000000000,53732.2578891483,40.0000000000,0.0007444318,40,1,2026-06-28 02:00:00
1213,3.3210130048,2023-03-03,2023-03-03 23:50:00,779198,22359.2172096883,60129.2000000000,53732.2578891483,40.0000000000,0.0007444318,40,1,2026-06-28 02:00:00
1212,3.3182751540,2023-03-04,2023-03-04 23:50:00,779355,22347.3439242321,60129.2000000000,53732.2578891483,40.0000000000,0.0007444318,40,1,2026-06-28 02:00:00
1211,3.3155373032,2023-03-05,2023-03-05 23:50:00,779510,22442.4745388988,60129.2000000000,53732.2578891483,40.0000000000,0.0007444318,40,1,2026-06-28 02:00:00
1210,3.3127994524,2023-03-06,2023-03-06 23:50:00,779642,22428.6763935183,60129.2000000000,53732.2578891483,40.0000000000,0.0007444318,40,1,2026-06-28 02:00:00
1209,3.3100616016,2023-03-07,2023-03-07 23:50:00,779805,22221.3132269194,60129.2000000000,53732.2578891483,40.0000000000,0.0007444318,40,1,2026-06-28 02:00:00
1208,3.3073237509,2023-03-08,2023-03-08 23:50:00,779940,21723.2768312590,60129.2000000000,53732.2578891483,40.0000000000,0.0007444318,40,1,2026-06-28 02:00:00
1207,3.3045859001,2023-03-09,2023-03-09 23:50:00,780075,20370.7466111065,60129.2000000000,53732.2578891483,40.0000000000,0.0007444318,40,1,2026-06-28 02:00:00
1206,3.3018480493,2023-03-10,2023-03-10 23:50:00,780209,20176.7876459319,60129.2000000000,53732.2578891483,40.0000000000,0.0007444318,40,1,2026-06-28 02:00:00
1205,3.2991101985,2023-03-11,2023-03-11 23:50:00,780374,20663.8971913591,60129.2000000000,53732.2578891483,40.0000000000,0.0007444318,40,1,2026-06-28 02:00:00
1204,3.2963723477,2023-03-12,2023-03-12 23:50:00,780537,22123.7422269452,60129.2000000000,53732.2578891483,40.0000000000,0.0007444318,40,1,2026-06-28 02:00:00
1203,3.2936344969,2023-03-13,2023-03-13 23:50:00,780694,24156.6678970693,60129.2000000000,53732.2578891483,40.0000000000,0.0007444318,40,1,2026-06-28 02:00:00
1202,3.2908966461,2023-03-14,2023-03-14 23:50:00,780840,24781.7852795926,60129.2000000000,53732.2578891483,40.0000000000,0.0007444318,40,1,2026-06-28 02:00:00
1201,3.2881587953,2023-03-15,2023-03-15 23:50:00,780986,24377.2940104285,60129.2000000000,53732.2578891483,40.0000000000,0.0007444318,40,1,2026-06-28 02:00:00
1200,3.2854209446,2023-03-16,2023-03-16 23:50:00,781119,25050.1492606499,60129.2000000000,53732.2578891483,40.0000000000,0.0007444318,40,1,2026-06-28 02:00:00
1199,3.2826830938,2023-03-17,2023-03-17 23:50:00,781267,27399.9518526489,60129.2000000000,53732.2578891483,40.0000000000,0.0007444318,40,1,2026-06-28 02:00:00
1198,3.2799452430,2023-03-18,2023-03-18 23:50:00,781429,26954.3655983030,60129.2000000000,53732.2578891483,40.0000000000,0.0007444318,40,1,2026-06-28 02:00:00
1197,3.2772073922,2023-03-19,2023-03-19 23:50:00,781578,28101.0152763422,60129.2000000000,53732.2578891483,40.0000000000,0.0007444318,40,1,2026-06-28 02:00:00
1196,3.2744695414,2023-03-20,2023-03-20 23:50:00,781730,27716.6859641119,60129.2000000000,53732.2578891483,40.0000000000,0.0007444318,40,1,2026-06-28 02:00:00
1195,3.2717316906,2023-03-21,2023-03-21 23:50:00,781874,28151.3251208052,60129.2000000000,53732.2578891483,40.0000000000,0.0007444318,40,1,2026-06-28 02:00:00
1194,3.2689938398,2023-03-22,2023-03-22 23:50:00,782035,27328.3976309554,60129.2000000000,53732.2578891483,40.0000000000,0.0007444318,40,1,2026-06-28 02:00:00
1193,3.2662559890,2023-03-23,2023-03-23 23:50:00,782217,28335.1620723499,60129.2000000000,53732.2578891483,40.0000000000,0.0007444318,40,1,2026-06-28 02:00:00
1192,3.2635181383,2023-03-24,2023-03-24 23:50:00,782379,27446.9425539074,60129.2000000000,53732.2578891483,40.0000000000,0.0007444318,40,1,2026-06-28 02:00:00
1191,3.2607802875,2023-03-25,2023-03-25 23:50:00,782526,27488.8024550984,60129.2000000000,53732.2578891483,40.0000000000,0.0007444318,40,1,2026-06-28 02:00:00
1190,3.2580424367,2023-03-26,2023-03-26 23:50:00,782670,28013.8277232926,60129.2000000000,53732.2578891483,40.0000000000,0.0007444318,40,1,2026-06-28 02:00:00
1189,3.2553045859,2023-03-27,2023-03-27 23:50:00,782818,27158.4993024627,60129.2000000000,53732.2578891483,40.0000000000,0.0007444318,40,1,2026-06-28 02:00:00
1188,3.2525667351,2023-03-28,2023-03-28 23:50:00,782951,27270.2629329723,60129.2000000000,53732.2578891483,40.0000000000,0.0007444318,40,1,2026-06-28 02:00:00
1187,3.2498288843,2023-03-29,2023-03-29 23:50:00,783095,28349.6327510930,60129.2000000000,53732.2578891483,40.0000000000,0.0007444318,40,1,2026-06-28 02:00:00
1186,3.2470910335,2023-03-30,2023-03-30 23:50:00,783254,28021.2103883324,60129.2000000000,53732.2578891483,40.0000000000,0.0007444318,40,1,2026-06-28 02:00:00
1185,3.2443531828,2023-03-31,2023-03-31 23:50:00,783394,28479.2287189028,60129.2000000000,53732.2578891483,40.0000000000,0.0007444318,40,1,2026-06-28 02:00:00
1184,3.2416153320,2023-04-01,2023-04-01 23:50:00,783533,28473.5683778214,60129.2000000000,55543.4190458575,39.0000000000,0.0007021534,39,1,2026-06-28 02:00:00
1183,3.2388774812,2023-04-02,2023-04-02 23:50:00,783682,28194.1022318852,60129.2000000000,55543.4190458575,39.0000000000,0.0007021534,39,1,2026-06-28 02:00:00
1182,3.2361396304,2023-04-03,2023-04-03 23:50:00,783814,27767.6378517015,60129.2000000000,55543.4190458575,39.0000000000,0.0007021534,39,1,2026-06-28 02:00:00
1181,3.2334017796,2023-04-04,2023-04-04 23:50:00,783977,28167.6974039430,60129.2000000000,55543.4190458575,39.0000000000,0.0007021534,39,1,2026-06-28 02:00:00
1180,3.2306639288,2023-04-05,2023-04-05 23:50:00,784114,28173.7362916007,60129.2000000000,55543.4190458575,39.0000000000,0.0007021534,39,1,2026-06-28 02:00:00
1179,3.2279260780,2023-04-06,2023-04-06 23:50:00,784275,28041.1975310074,60129.2000000000,55543.4190458575,39.0000000000,0.0007021534,39,1,2026-06-28 02:00:00
1178,3.2251882272,2023-04-07,2023-04-07 23:50:00,784416,27924.6805888283,60129.2000000000,55543.4190458575,39.0000000000,0.0007021534,39,1,2026-06-28 02:00:00
1177,3.2224503765,2023-04-08,2023-04-08 23:50:00,784564,27942.7676656288,60129.2000000000,55543.4190458575,39.0000000000,0.0007021534,39,1,2026-06-28 02:00:00
1176,3.2197125257,2023-04-09,2023-04-09 23:50:00,784710,28340.4168537808,60129.2000000000,55543.4190458575,39.0000000000,0.0007021534,39,1,2026-06-28 02:00:00
1175,3.2169746749,2023-04-10,2023-04-10 23:50:00,784833,29628.5443755146,60129.2000000000,55543.4190458575,39.0000000000,0.0007021534,39,1,2026-06-28 02:00:00
1174,3.2142368241,2023-04-11,2023-04-11 23:50:00,784986,30254.0219674820,60129.2000000000,55543.4190458575,39.0000000000,0.0007021534,39,1,2026-06-28 02:00:00
1173,3.2114989733,2023-04-12,2023-04-12 23:50:00,785148,29887.1999587814,60129.2000000000,55543.4190458575,39.0000000000,0.0007021534,39,1,2026-06-28 02:00:00
1172,3.2087611225,2023-04-13,2023-04-13 23:50:00,785289,30391.6738955012,60129.2000000000,55543.4190458575,39.0000000000,0.0007021534,39,1,2026-06-28 02:00:00
1171,3.2060232717,2023-04-14,2023-04-14 23:50:00,785428,30476.9517386248,60129.2000000000,55543.4190458575,39.0000000000,0.0007021534,39,1,2026-06-28 02:00:00
1170,3.2032854209,2023-04-15,2023-04-15 23:50:00,785587,30311.3454516351,60129.2000000000,55543.4190458575,39.0000000000,0.0007021534,39,1,2026-06-28 02:00:00
1169,3.2005475702,2023-04-16,2023-04-16 23:50:00,785712,30307.7565221151,60129.2000000000,55543.4190458575,39.0000000000,0.0007021534,39,1,2026-06-28 02:00:00
1168,3.1978097194,2023-04-17,2023-04-17 23:50:00,785867,29459.3796486051,60129.2000000000,55543.4190458575,39.0000000000,0.0007021534,39,1,2026-06-28 02:00:00
1167,3.1950718686,2023-04-18,2023-04-18 23:50:00,786033,30374.5055872356,60129.2000000000,55543.4190458575,39.0000000000,0.0007021534,39,1,2026-06-28 02:00:00
1166,3.1923340178,2023-04-19,2023-04-19 23:50:00,786171,28787.5762750889,60129.2000000000,55543.4190458575,39.0000000000,0.0007021534,39,1,2026-06-28 02:00:00
1165,3.1895961670,2023-04-20,2023-04-20 23:50:00,786304,28262.4940909424,60129.2000000000,55543.4190458575,39.0000000000,0.0007021534,39,1,2026-06-28 02:00:00
1164,3.1868583162,2023-04-21,2023-04-21 23:50:00,786450,27284.5816888357,60129.2000000000,55543.4190458575,39.0000000000,0.0007021534,39,1,2026-06-28 02:00:00
1163,3.1841204654,2023-04-22,2023-04-22 23:50:00,786599,27809.9630088153,60129.2000000000,55543.4190458575,39.0000000000,0.0007021534,39,1,2026-06-28 02:00:00
1162,3.1813826146,2023-04-23,2023-04-23 23:50:00,786743,27598.7597086630,60129.2000000000,55543.4190458575,39.0000000000,0.0007021534,39,1,2026-06-28 02:00:00
1161,3.1786447639,2023-04-24,2023-04-24 23:50:00,786887,27524.7670205672,60129.2000000000,55543.4190458575,39.0000000000,0.0007021534,39,1,2026-06-28 02:00:00
1160,3.1759069131,2023-04-25,2023-04-25 23:50:00,787010,28336.0379696166,60129.2000000000,55543.4190458575,39.0000000000,0.0007021534,39,1,2026-06-28 02:00:00
1159,3.1731690623,2023-04-26,2023-04-26 23:50:00,787141,28377.9780770092,60129.2000000000,55543.4190458575,39.0000000000,0.0007021534,39,1,2026-06-28 02:00:00
1158,3.1704312115,2023-04-27,2023-04-27 23:50:00,787272,29474.4655321431,60129.2000000000,55543.4190458575,39.0000000000,0.0007021534,39,1,2026-06-28 02:00:00
1157,3.1676933607,2023-04-28,2023-04-28 23:50:00,787419,29357.3343140901,60129.2000000000,55543.4190458575,39.0000000000,0.0007021534,39,1,2026-06-28 02:00:00
1156,3.1649555099,2023-04-29,2023-04-29 23:50:00,787556,29231.5865778850,60129.2000000000,55543.4190458575,39.0000000000,0.0007021534,39,1,2026-06-28 02:00:00
1155,3.1622176591,2023-04-30,2023-04-30 23:50:00,787702,29325.8399426098,60129.2000000000,55543.4190458575,39.0000000000,0.0007021534,39,1,2026-06-28 02:00:00
1154,3.1594798084,2023-05-01,2023-05-01 23:50:00,787885,28095.0419163598,60129.2000000000,56968.6871867262,38.0000000000,0.0006670331,38,1,2026-06-28 02:00:00
1153,3.1567419576,2023-05-02,2023-05-02 23:50:00,788015,28648.3688581359,60129.2000000000,56968.6871867262,38.0000000000,0.0006670331,38,1,2026-06-28 02:00:00
1152,3.1540041068,2023-05-03,2023-05-03 23:50:00,788156,29007.5458862813,60129.2000000000,56968.6871867262,38.0000000000,0.0006670331,38,1,2026-06-28 02:00:00
1151,3.1512662560,2023-05-04,2023-05-04 23:50:00,788301,28844.3230167531,60129.2000000000,56968.6871867262,38.0000000000,0.0006670331,38,1,2026-06-28 02:00:00
1150,3.1485284052,2023-05-05,2023-05-05 23:50:00,788421,29524.6092600713,60129.2000000000,56968.6871867262,38.0000000000,0.0006670331,38,1,2026-06-28 02:00:00
1149,3.1457905544,2023-05-06,2023-05-06 23:50:00,788570,28917.3607874342,60129.2000000000,56968.6871867262,38.0000000000,0.0006670331,38,1,2026-06-28 02:00:00
1148,3.1430527036,2023-05-07,2023-05-07 23:50:00,788707,28441.3680383238,60129.2000000000,56968.6871867262,38.0000000000,0.0006670331,38,1,2026-06-28 02:00:00
1147,3.1403148528,2023-05-08,2023-05-08 23:50:00,788844,27716.3672626902,60129.2000000000,56968.6871867262,38.0000000000,0.0006670331,38,1,2026-06-28 02:00:00
1146,3.1375770021,2023-05-09,2023-05-09 23:50:00,788997,27652.9466298251,60129.2000000000,56968.6871867262,38.0000000000,0.0006670331,38,1,2026-06-28 02:00:00
1145,3.1348391513,2023-05-10,2023-05-10 23:50:00,789166,27611.8581265476,60129.2000000000,56968.6871867262,38.0000000000,0.0006670331,38,1,2026-06-28 02:00:00
1144,3.1321013005,2023-05-11,2023-05-11 23:50:00,789317,27002.4930001727,60129.2000000000,56968.6871867262,38.0000000000,0.0006670331,38,1,2026-06-28 02:00:00
1143,3.1293634497,2023-05-12,2023-05-12 23:50:00,789457,26817.2354769501,60129.2000000000,56968.6871867262,38.0000000000,0.0006670331,38,1,2026-06-28 02:00:00
1142,3.1266255989,2023-05-13,2023-05-13 23:50:00,789604,26803.4936629342,60129.2000000000,56968.6871867262,38.0000000000,0.0006670331,38,1,2026-06-28 02:00:00
1141,3.1238877481,2023-05-14,2023-05-14 23:50:00,789776,26916.4422754725,60129.2000000000,56968.6871867262,38.0000000000,0.0006670331,38,1,2026-06-28 02:00:00
1140,3.1211498973,2023-05-15,2023-05-15 23:50:00,789925,27197.1535928115,60129.2000000000,56968.6871867262,38.0000000000,0.0006670331,38,1,2026-06-28 02:00:00
1139,3.1184120465,2023-05-16,2023-05-16 23:50:00,790077,27028.6215113561,60129.2000000000,56968.6871867262,38.0000000000,0.0006670331,38,1,2026-06-28 02:00:00
1138,3.1156741958,2023-05-17,2023-05-17 23:50:00,790236,27402.0195800047,60129.2000000000,56968.6871867262,38.0000000000,0.0006670331,38,1,2026-06-28 02:00:00
1137,3.1129363450,2023-05-18,2023-05-18 23:50:00,790379,26834.6127494502,60129.2000000000,56968.6871867262,38.0000000000,0.0006670331,38,1,2026-06-28 02:00:00
1136,3.1101984942,2023-05-19,2023-05-19 23:50:00,790528,26876.9963212768,60129.2000000000,56968.6871867262,38.0000000000,0.0006670331,38,1,2026-06-28 02:00:00
1135,3.1074606434,2023-05-20,2023-05-20 23:50:00,790659,27123.2302584679,60129.2000000000,56968.6871867262,38.0000000000,0.0006670331,38,1,2026-06-28 02:00:00
1134,3.1047227926,2023-05-21,2023-05-21 23:50:00,790811,26754.8331721037,60129.2000000000,56968.6871867262,38.0000000000,0.0006670331,38,1,2026-06-28 02:00:00
1133,3.1019849418,2023-05-22,2023-05-22 23:50:00,790950,26854.9458192556,60129.2000000000,56968.6871867262,38.0000000000,0.0006670331,38,1,2026-06-28 02:00:00
1132,3.0992470910,2023-05-23,2023-05-23 23:50:00,791109,27222.4248683509,60129.2000000000,56968.6871867262,38.0000000000,0.0006670331,38,1,2026-06-28 02:00:00
1131,3.0965092402,2023-05-24,2023-05-24 23:50:00,791250,26342.0065190902,60129.2000000000,56968.6871867262,38.0000000000,0.0006670331,38,1,2026-06-28 02:00:00
1130,3.0937713895,2023-05-25,2023-05-25 23:50:00,791399,26477.0972031435,60129.2000000000,56968.6871867262,38.0000000000,0.0006670331,38,1,2026-06-28 02:00:00
1129,3.0910335387,2023-05-26,2023-05-26 23:50:00,791553,26719.1165481612,60129.2000000000,56968.6871867262,38.0000000000,0.0006670331,38,1,2026-06-28 02:00:00
1128,3.0882956879,2023-05-27,2023-05-27 23:50:00,791698,26868.2284112847,60129.2000000000,56968.6871867262,38.0000000000,0.0006670331,38,1,2026-06-28 02:00:00
1127,3.0855578371,2023-05-28,2023-05-28 23:50:00,791857,28107.0550116629,60129.2000000000,56968.6871867262,38.0000000000,0.0006670331,38,1,2026-06-28 02:00:00
1126,3.0828199863,2023-05-29,2023-05-29 23:50:00,792019,27753.1834088847,60129.2000000000,56968.6871867262,38.0000000000,0.0006670331,38,1,2026-06-28 02:00:00
1125,3.0800821355,2023-05-30,2023-05-30 23:50:00,792174,27705.1379897579,60129.2000000000,56968.6871867262,38.0000000000,0.0006670331,38,1,2026-06-28 02:00:00
1124,3.0773442847,2023-05-31,2023-05-31 23:50:00,792316,27228.5688045953,60129.2000000000,56968.6871867262,38.0000000000,0.0006670331,38,1,2026-06-28 02:00:00
1123,3.0746064339,2023-06-01,2023-06-01 23:50:00,792448,26816.7130277403,60129.2000000000,58596.2587613909,37.0000000000,0.0006314396,37,1,2026-06-28 02:00:00
1122,3.0718685832,2023-06-02,2023-06-02 23:50:00,792612,27247.5506846746,60129.2000000000,58596.2587613909,37.0000000000,0.0006314396,37,1,2026-06-28 02:00:00
1121,3.0691307324,2023-06-03,2023-06-03 23:50:00,792742,27066.7495139147,60129.2000000000,58596.2587613909,37.0000000000,0.0006314396,37,1,2026-06-28 02:00:00
1120,3.0663928816,2023-06-04,2023-06-04 23:50:00,792889,27100.6725352805,60129.2000000000,58596.2587613909,37.0000000000,0.0006314396,37,1,2026-06-28 02:00:00
1119,3.0636550308,2023-06-05,2023-06-05 23:50:00,793026,25770.9571020305,60129.2000000000,58596.2587613909,37.0000000000,0.0006314396,37,1,2026-06-28 02:00:00
1118,3.0609171800,2023-06-06,2023-06-06 23:50:00,793179,27208.7304034823,60129.2000000000,58596.2587613909,37.0000000000,0.0006314396,37,1,2026-06-28 02:00:00
1117,3.0581793292,2023-06-07,2023-06-07 23:50:00,793312,26354.2800049894,60129.2000000000,58596.2587613909,37.0000000000,0.0006314396,37,1,2026-06-28 02:00:00
1116,3.0554414784,2023-06-08,2023-06-08 23:50:00,793467,26518.6520246485,60129.2000000000,58596.2587613909,37.0000000000,0.0006314396,37,1,2026-06-28 02:00:00
1115,3.0527036277,2023-06-09,2023-06-09 23:50:00,793636,26488.6089619127,60129.2000000000,58596.2587613909,37.0000000000,0.0006314396,37,1,2026-06-28 02:00:00
1114,3.0499657769,2023-06-10,2023-06-10 23:50:00,793788,25862.0063908444,60129.2000000000,58596.2587613909,37.0000000000,0.0006314396,37,1,2026-06-28 02:00:00
1113,3.0472279261,2023-06-11,2023-06-11 23:50:00,793953,25917.1977344574,60129.2000000000,58596.2587613909,37.0000000000,0.0006314396,37,1,2026-06-28 02:00:00
1112,3.0444900753,2023-06-12,2023-06-12 23:50:00,794109,25898.4229819551,60129.2000000000,58596.2587613909,37.0000000000,0.0006314396,37,1,2026-06-28 02:00:00
1111,3.0417522245,2023-06-13,2023-06-13 23:50:00,794256,25897.1535855588,60129.2000000000,58596.2587613909,37.0000000000,0.0006314396,37,1,2026-06-28 02:00:00
1110,3.0390143737,2023-06-14,2023-06-14 23:50:00,794378,25122.9625600642,60129.2000000000,58596.2587613909,37.0000000000,0.0006314396,37,1,2026-06-28 02:00:00
1109,3.0362765229,2023-06-15,2023-06-15 23:50:00,794527,25565.9134167308,60129.2000000000,58596.2587613909,37.0000000000,0.0006314396,37,1,2026-06-28 02:00:00
1108,3.0335386721,2023-06-16,2023-06-16 23:50:00,794678,26322.8639661297,60129.2000000000,58596.2587613909,37.0000000000,0.0006314396,37,1,2026-06-28 02:00:00
1107,3.0308008214,2023-06-17,2023-06-17 23:50:00,794820,26517.5945490646,60129.2000000000,58596.2587613909,37.0000000000,0.0006314396,37,1,2026-06-28 02:00:00
1106,3.0280629706,2023-06-18,2023-06-18 23:50:00,794970,26325.8901810201,60129.2000000000,58596.2587613909,37.0000000000,0.0006314396,37,1,2026-06-28 02:00:00
1105,3.0253251198,2023-06-19,2023-06-19 23:50:00,795112,26783.2471969441,60129.2000000000,58596.2587613909,37.0000000000,0.0006314396,37,1,2026-06-28 02:00:00
1104,3.0225872690,2023-06-20,2023-06-20 23:50:00,795248,28363.1350283142,60129.2000000000,58596.2587613909,37.0000000000,0.0006314396,37,1,2026-06-28 02:00:00
1103,3.0198494182,2023-06-21,2023-06-21 23:50:00,795368,30038.5197092391,60129.2000000000,58596.2587613909,37.0000000000,0.0006314396,37,1,2026-06-28 02:00:00
1102,3.0171115674,2023-06-22,2023-06-22 23:50:00,795507,29915.4403051216,60129.2000000000,58596.2587613909,37.0000000000,0.0006314396,37,1,2026-06-28 02:00:00
1101,3.0143737166,2023-06-23,2023-06-23 23:50:00,795632,30622.9336472913,60129.2000000000,58596.2587613909,37.0000000000,0.0006314396,37,1,2026-06-28 02:00:00
1100,3.0116358658,2023-06-24,2023-06-24 23:50:00,795777,30542.4242516921,60129.2000000000,58596.2587613909,37.0000000000,0.0006314396,37,1,2026-06-28 02:00:00
1099,3.0088980151,2023-06-25,2023-06-25 23:50:00,795931,30464.3768442492,60129.2000000000,58596.2587613909,37.0000000000,0.0006314396,37,1,2026-06-28 02:00:00
1098,3.0061601643,2023-06-26,2023-06-26 23:50:00,796075,30286.0199271532,60129.2000000000,58596.2587613909,37.0000000000,0.0006314396,37,1,2026-06-28 02:00:00
1097,3.0034223135,2023-06-27,2023-06-27 23:50:00,796216,30725.4543534843,60129.2000000000,58596.2587613909,37.0000000000,0.0006314396,37,1,2026-06-28 02:00:00
1096,3.0006844627,2023-06-28,2023-06-28 23:50:00,796324,30091.6397568426,60129.2000000000,58596.2587613909,37.0000000000,0.0006314396,37,1,2026-06-28 02:00:00
1095,2.9979466119,2023-06-29,2023-06-29 23:50:00,796469,30458.2508252800,60129.2000000000,58596.2587613909,37.0000000000,0.0006314396,37,1,2026-06-28 02:00:00
1094,2.9952087611,2023-06-30,2023-06-30 23:50:00,796628,30490.7915153195,60129.2000000000,58596.2587613909,37.0000000000,0.0006314396,37,1,2026-06-28 02:00:00
1093,2.9924709103,2023-07-01,2023-07-01 23:50:00,796761,30586.1626093886,60129.2000000000,60590.8157012118,36.0000000000,0.0005941495,36,0,2026-06-28 02:00:00
1092,2.9897330595,2023-07-02,2023-07-02 23:50:00,796932,30622.2369972301,60129.2000000000,60590.8157012118,36.0000000000,0.0005941495,36,0,2026-06-28 02:00:00
1091,2.9869952088,2023-07-03,2023-07-03 23:50:00,797070,31152.7134509953,60129.2000000000,60590.8157012118,36.0000000000,0.0005941495,36,0,2026-06-28 02:00:00
1090,2.9842573580,2023-07-04,2023-07-04 23:50:00,797211,30791.3543255026,60129.2000000000,60590.8157012118,36.0000000000,0.0005941495,36,0,2026-06-28 02:00:00
1089,2.9815195072,2023-07-05,2023-07-05 23:50:00,797367,30501.9777128283,60129.2000000000,60590.8157012118,36.0000000000,0.0005941495,36,0,2026-06-28 02:00:00
1088,2.9787816564,2023-07-06,2023-07-06 23:50:00,797506,29995.7892950140,60129.2000000000,60590.8157012118,36.0000000000,0.0005941495,36,0,2026-06-28 02:00:00
1087,2.9760438056,2023-07-07,2023-07-07 23:50:00,797678,30321.1643734029,60129.2000000000,60590.8157012118,36.0000000000,0.0005941495,36,0,2026-06-28 02:00:00
1086,2.9733059548,2023-07-08,2023-07-08 23:50:00,797859,30270.0471237424,60129.2000000000,60590.8157012118,36.0000000000,0.0005941495,36,0,2026-06-28 02:00:00
1085,2.9705681040,2023-07-09,2023-07-09 23:50:00,798027,30177.5614263560,60129.2000000000,60590.8157012118,36.0000000000,0.0005941495,36,0,2026-06-28 02:00:00
1084,2.9678302533,2023-07-10,2023-07-10 23:50:00,798181,30399.5676252617,60129.2000000000,60590.8157012118,36.0000000000,0.0005941495,36,0,2026-06-28 02:00:00
1083,2.9650924025,2023-07-11,2023-07-11 23:50:00,798317,30625.2321324380,60129.2000000000,60590.8157012118,36.0000000000,0.0005941495,36,0,2026-06-28 02:00:00
1082,2.9623545517,2023-07-12,2023-07-12 23:50:00,798459,30386.1848843036,60129.2000000000,60590.8157012118,36.0000000000,0.0005941495,36,0,2026-06-28 02:00:00
1081,2.9596167009,2023-07-13,2023-07-13 23:50:00,798578,31454.3854580246,60129.2000000000,60590.8157012118,36.0000000000,0.0005941495,36,0,2026-06-28 02:00:00
1080,2.9568788501,2023-07-14,2023-07-14 23:50:00,798719,30326.1414839973,60129.2000000000,60590.8157012118,36.0000000000,0.0005941495,36,0,2026-06-28 02:00:00
1079,2.9541409993,2023-07-15,2023-07-15 23:50:00,798856,30291.1085531506,60129.2000000000,60590.8157012118,36.0000000000,0.0005941495,36,0,2026-06-28 02:00:00
1078,2.9514031485,2023-07-16,2023-07-16 23:50:00,799012,30232.8659422061,60129.2000000000,60590.8157012118,36.0000000000,0.0005941495,36,0,2026-06-28 02:00:00
1077,2.9486652977,2023-07-17,2023-07-17 23:50:00,799147,30160.6471317664,60129.2000000000,60590.8157012118,36.0000000000,0.0005941495,36,0,2026-06-28 02:00:00
1076,2.9459274470,2023-07-18,2023-07-18 23:50:00,799306,29854.1616294549,60129.2000000000,60590.8157012118,36.0000000000,0.0005941495,36,0,2026-06-28 02:00:00
1075,2.9431895962,2023-07-19,2023-07-19 23:50:00,799458,29928.0626337793,60129.2000000000,60590.8157012118,36.0000000000,0.0005941495,36,0,2026-06-28 02:00:00
1074,2.9404517454,2023-07-20,2023-07-20 23:50:00,799586,29795.7509329067,60129.2000000000,60590.8157012118,36.0000000000,0.0005941495,36,0,2026-06-28 02:00:00
1073,2.9377138946,2023-07-21,2023-07-21 23:50:00,799696,29918.0622451605,60129.2000000000,60590.8157012118,36.0000000000,0.0005941495,36,0,2026-06-28 02:00:00
1072,2.9349760438,2023-07-22,2023-07-22 23:50:00,799832,29748.9259907675,60129.2000000000,60590.8157012118,36.0000000000,0.0005941495,36,0,2026-06-28 02:00:00
1071,2.9322381930,2023-07-23,2023-07-23 23:50:00,799978,30058.5812563158,60129.2000000000,60590.8157012118,36.0000000000,0.0005941495,36,0,2026-06-28 02:00:00
1070,2.9295003422,2023-07-24,2023-07-24 23:50:00,800128,29181.3927993408,60129.2000000000,60590.8157012118,36.0000000000,0.0005941495,36,0,2026-06-28 02:00:00
1069,2.9267624914,2023-07-25,2023-07-25 23:50:00,800264,29242.2700718324,60129.2000000000,60590.8157012118,36.0000000000,0.0005941495,36,0,2026-06-28 02:00:00
1068,2.9240246407,2023-07-26,2023-07-26 23:50:00,800411,29339.2283738779,60129.2000000000,60590.8157012118,36.0000000000,0.0005941495,36,0,2026-06-28 02:00:00
1067,2.9212867899,2023-07-27,2023-07-27 23:50:00,800547,29204.3502221115,60129.2000000000,60590.8157012118,36.0000000000,0.0005941495,36,0,2026-06-28 02:00:00
1066,2.9185489391,2023-07-28,2023-07-28 23:50:00,800689,29320.9363484864,60129.2000000000,60590.8157012118,36.0000000000,0.0005941495,36,0,2026-06-28 02:00:00
1065,2.9158110883,2023-07-29,2023-07-29 23:50:00,800821,29359.2726808107,60129.2000000000,60590.8157012118,36.0000000000,0.0005941495,36,0,2026-06-28 02:00:00
1064,2.9130732375,2023-07-30,2023-07-30 23:50:00,800987,29275.1091062240,60129.2000000000,60590.8157012118,36.0000000000,0.0005941495,36,0,2026-06-28 02:00:00
1063,2.9103353867,2023-07-31,2023-07-31 23:50:00,801130,29229.6766283125,60129.2000000000,60590.8157012118,36.0000000000,0.0005941495,36,0,2026-06-28 02:00:00
1062,2.9075975359,2023-08-01,2023-08-01 23:50:00,801266,29668.5781139684,60129.2000000000,62338.0402272929,35.0000000000,0.0005614549,35,0,2026-06-28 02:00:00
1061,2.9048596851,2023-08-02,2023-08-02 23:50:00,801423,29150.1782003986,60129.2000000000,62338.0402272929,35.0000000000,0.0005614549,35,0,2026-06-28 02:00:00
1060,2.9021218344,2023-08-03,2023-08-03 23:50:00,801574,29175.8163555900,60129.2000000000,62338.0402272929,35.0000000000,0.0005614549,35,0,2026-06-28 02:00:00
1059,2.8993839836,2023-08-04,2023-08-04 23:50:00,801695,29074.5525483206,60129.2000000000,62338.0402272929,35.0000000000,0.0005614549,35,0,2026-06-28 02:00:00
1058,2.8966461328,2023-08-05,2023-08-05 23:50:00,801849,29045.6162542304,60129.2000000000,62338.0402272929,35.0000000000,0.0005614549,35,0,2026-06-28 02:00:00
1057,2.8939082820,2023-08-06,2023-08-06 23:50:00,802013,29042.0480211678,60129.2000000000,62338.0402272929,35.0000000000,0.0005614549,35,0,2026-06-28 02:00:00
1056,2.8911704312,2023-08-07,2023-08-07 23:50:00,802158,29179.4548728283,60129.2000000000,62338.0402272929,35.0000000000,0.0005614549,35,0,2026-06-28 02:00:00
1055,2.8884325804,2023-08-08,2023-08-08 23:50:00,802284,29763.2397185717,60129.2000000000,62338.0402272929,35.0000000000,0.0005614549,35,0,2026-06-28 02:00:00
1054,2.8856947296,2023-08-09,2023-08-09 23:50:00,802446,29578.6047350551,60129.2000000000,62338.0402272929,35.0000000000,0.0005614549,35,0,2026-06-28 02:00:00
1053,2.8829568789,2023-08-10,2023-08-10 23:50:00,802572,29437.8426384499,60129.2000000000,62338.0402272929,35.0000000000,0.0005614549,35,0,2026-06-28 02:00:00
1052,2.8802190281,2023-08-11,2023-08-11 23:50:00,802723,29401.4028588253,60129.2000000000,62338.0402272929,35.0000000000,0.0005614549,35,0,2026-06-28 02:00:00
1051,2.8774811773,2023-08-12,2023-08-12 23:50:00,802890,29416.3209521918,60129.2000000000,62338.0402272929,35.0000000000,0.0005614549,35,0,2026-06-28 02:00:00
1050,2.8747433265,2023-08-13,2023-08-13 23:50:00,803025,29283.4330763789,60129.2000000000,62338.0402272929,35.0000000000,0.0005614549,35,0,2026-06-28 02:00:00
1049,2.8720054757,2023-08-14,2023-08-14 23:50:00,803196,29412.6629632129,60129.2000000000,62338.0402272929,35.0000000000,0.0005614549,35,0,2026-06-28 02:00:00
1048,2.8692676249,2023-08-15,2023-08-15 23:50:00,803367,29168.9393102894,60129.2000000000,62338.0402272929,35.0000000000,0.0005614549,35,0,2026-06-28 02:00:00
1047,2.8665297741,2023-08-16,2023-08-16 23:50:00,803529,28716.9556756770,60129.2000000000,62338.0402272929,35.0000000000,0.0005614549,35,0,2026-06-28 02:00:00
1046,2.8637919233,2023-08-17,2023-08-17 23:50:00,803686,26641.1490175833,60129.2000000000,62338.0402272929,35.0000000000,0.0005614549,35,0,2026-06-28 02:00:00
1045,2.8610540726,2023-08-18,2023-08-18 23:50:00,803823,26047.6557018570,60129.2000000000,62338.0402272929,35.0000000000,0.0005614549,35,0,2026-06-28 02:00:00
1044,2.8583162218,2023-08-19,2023-08-19 23:50:00,803964,26087.6681513793,60129.2000000000,62338.0402272929,35.0000000000,0.0005614549,35,0,2026-06-28 02:00:00
1043,2.8555783710,2023-08-20,2023-08-20 23:50:00,804128,26188.2940150577,60129.2000000000,62338.0402272929,35.0000000000,0.0005614549,35,0,2026-06-28 02:00:00
1042,2.8528405202,2023-08-21,2023-08-21 23:50:00,804291,26119.6865997804,60129.2000000000,62338.0402272929,35.0000000000,0.0005614549,35,0,2026-06-28 02:00:00
1041,2.8501026694,2023-08-22,2023-08-22 23:50:00,804434,26023.4584889966,60129.2000000000,62338.0402272929,35.0000000000,0.0005614549,35,0,2026-06-28 02:00:00
1040,2.8473648186,2023-08-23,2023-08-23 23:50:00,804577,26424.4258852670,60129.2000000000,62338.0402272929,35.0000000000,0.0005614549,35,0,2026-06-28 02:00:00
1039,2.8446269678,2023-08-24,2023-08-24 23:50:00,804717,26139.0400945493,60129.2000000000,62338.0402272929,35.0000000000,0.0005614549,35,0,2026-06-28 02:00:00
1038,2.8418891170,2023-08-25,2023-08-25 23:50:00,804852,26051.0276962783,60129.2000000000,62338.0402272929,35.0000000000,0.0005614549,35,0,2026-06-28 02:00:00
1037,2.8391512663,2023-08-26,2023-08-26 23:50:00,804988,26006.6715364229,60129.2000000000,62338.0402272929,35.0000000000,0.0005614549,35,0,2026-06-28 02:00:00
1036,2.8364134155,2023-08-27,2023-08-27 23:50:00,805105,26087.2252240873,60129.2000000000,62338.0402272929,35.0000000000,0.0005614549,35,0,2026-06-28 02:00:00
1035,2.8336755647,2023-08-28,2023-08-28 23:50:00,805223,26108.5582747890,60129.2000000000,62338.0402272929,35.0000000000,0.0005614549,35,0,2026-06-28 02:00:00
1034,2.8309377139,2023-08-29,2023-08-29 23:50:00,805381,27722.8571506219,60129.2000000000,62338.0402272929,35.0000000000,0.0005614549,35,0,2026-06-28 02:00:00
1033,2.8281998631,2023-08-30,2023-08-30 23:50:00,805506,27301.8029928452,60129.2000000000,62338.0402272929,35.0000000000,0.0005614549,35,0,2026-06-28 02:00:00
1032,2.8254620123,2023-08-31,2023-08-31 23:50:00,805650,25929.8273633107,60129.2000000000,62338.0402272929,35.0000000000,0.0005614549,35,0,2026-06-28 02:00:00
1031,2.8227241615,2023-09-01,2023-09-01 23:50:00,805801,25802.6775814268,60129.2000000000,64424.5366170116,34.0000000000,0.0005277492,34,0,2026-06-28 02:00:00
1030,2.8199863107,2023-09-02,2023-09-02 23:50:00,805954,25862.6621403054,60129.2000000000,64424.5366170116,34.0000000000,0.0005277492,34,0,2026-06-28 02:00:00
1029,2.8172484600,2023-09-03,2023-09-03 23:50:00,806111,25971.1192769633,60129.2000000000,64424.5366170116,34.0000000000,0.0005277492,34,0,2026-06-28 02:00:00
1028,2.8145106092,2023-09-04,2023-09-04 23:50:00,806261,25818.2004165872,60129.2000000000,64424.5366170116,34.0000000000,0.0005277492,34,0,2026-06-28 02:00:00
1027,2.8117727584,2023-09-05,2023-09-05 23:50:00,806385,25776.0931954926,60129.2000000000,64424.5366170116,34.0000000000,0.0005277492,34,0,2026-06-28 02:00:00
1026,2.8090349076,2023-09-06,2023-09-06 23:50:00,806519,25755.8449257759,60129.2000000000,64424.5366170116,34.0000000000,0.0005277492,34,0,2026-06-28 02:00:00
1025,2.8062970568,2023-09-07,2023-09-07 23:50:00,806665,26215.6976764740,60129.2000000000,64424.5366170116,34.0000000000,0.0005277492,34,0,2026-06-28 02:00:00
1024,2.8035592060,2023-09-08,2023-09-08 23:50:00,806798,25903.4558171567,60129.2000000000,64424.5366170116,34.0000000000,0.0005277492,34,0,2026-06-28 02:00:00
1023,2.8008213552,2023-09-09,2023-09-09 23:50:00,806950,25894.3716789264,60129.2000000000,64424.5366170116,34.0000000000,0.0005277492,34,0,2026-06-28 02:00:00
1022,2.7980835044,2023-09-10,2023-09-10 23:50:00,807096,25841.8915371782,60129.2000000000,64424.5366170116,34.0000000000,0.0005277492,34,0,2026-06-28 02:00:00
1021,2.7953456537,2023-09-11,2023-09-11 23:50:00,807256,25131.8536107488,60129.2000000000,64424.5366170116,34.0000000000,0.0005277492,34,0,2026-06-28 02:00:00
1020,2.7926078029,2023-09-12,2023-09-12 23:50:00,807396,25851.2382753878,60129.2000000000,64424.5366170116,34.0000000000,0.0005277492,34,0,2026-06-28 02:00:00
1019,2.7898699521,2023-09-13,2023-09-13 23:50:00,807543,26230.4112960061,60129.2000000000,64424.5366170116,34.0000000000,0.0005277492,34,0,2026-06-28 02:00:00
1018,2.7871321013,2023-09-14,2023-09-14 23:50:00,807706,26536.0822077804,60129.2000000000,64424.5366170116,34.0000000000,0.0005277492,34,0,2026-06-28 02:00:00
1017,2.7843942505,2023-09-15,2023-09-15 23:50:00,807893,26647.2234097979,60129.2000000000,64424.5366170116,34.0000000000,0.0005277492,34,0,2026-06-28 02:00:00
1016,2.7816563997,2023-09-16,2023-09-16 23:50:00,808049,26560.6818264789,60129.2000000000,64424.5366170116,34.0000000000,0.0005277492,34,0,2026-06-28 02:00:00
1015,2.7789185489,2023-09-17,2023-09-17 23:50:00,808197,26527.9355736059,60129.2000000000,64424.5366170116,34.0000000000,0.0005277492,34,0,2026-06-28 02:00:00
1014,2.7761806982,2023-09-18,2023-09-18 23:50:00,808354,26750.8306586876,60129.2000000000,64424.5366170116,34.0000000000,0.0005277492,34,0,2026-06-28 02:00:00
1013,2.7734428474,2023-09-19,2023-09-19 23:50:00,808493,27225.1652880122,60129.2000000000,64424.5366170116,34.0000000000,0.0005277492,34,0,2026-06-28 02:00:00
1012,2.7707049966,2023-09-20,2023-09-20 23:50:00,808638,27130.3198936110,60129.2000000000,64424.5366170116,34.0000000000,0.0005277492,34,0,2026-06-28 02:00:00
1011,2.7679671458,2023-09-21,2023-09-21 23:50:00,808777,26565.4443305877,60129.2000000000,64424.5366170116,34.0000000000,0.0005277492,34,0,2026-06-28 02:00:00
1010,2.7652292950,2023-09-22,2023-09-22 23:50:00,808904,26580.9482411660,60129.2000000000,64424.5366170116,34.0000000000,0.0005277492,34,0,2026-06-28 02:00:00
1009,2.7624914442,2023-09-23,2023-09-23 23:50:00,809062,26579.7118609358,60129.2000000000,64424.5366170116,34.0000000000,0.0005277492,34,0,2026-06-28 02:00:00
1008,2.7597535934,2023-09-24,2023-09-24 23:50:00,809208,26251.9400012604,60129.2000000000,64424.5366170116,34.0000000000,0.0005277492,34,0,2026-06-28 02:00:00
1007,2.7570157426,2023-09-25,2023-09-25 23:50:00,809351,26301.8478092495,60129.2000000000,64424.5366170116,34.0000000000,0.0005277492,34,0,2026-06-28 02:00:00
1006,2.7542778919,2023-09-26,2023-09-26 23:50:00,809489,26207.0988402769,60129.2000000000,64424.5366170116,34.0000000000,0.0005277492,34,0,2026-06-28 02:00:00
1005,2.7515400411,2023-09-27,2023-09-27 23:50:00,809646,26351.9237997275,60129.2000000000,64424.5366170116,34.0000000000,0.0005277492,34,0,2026-06-28 02:00:00
1004,2.7488021903,2023-09-28,2023-09-28 23:50:00,809792,27020.0201195083,60129.2000000000,64424.5366170116,34.0000000000,0.0005277492,34,0,2026-06-28 02:00:00
1003,2.7460643395,2023-09-29,2023-09-29 23:50:00,809938,26918.0472594945,60129.2000000000,64424.5366170116,34.0000000000,0.0005277492,34,0,2026-06-28 02:00:00
1002,2.7433264887,2023-09-30,2023-09-30 23:50:00,810077,26969.6624222760,60129.2000000000,64424.5366170116,34.0000000000,0.0005277492,34,0,2026-06-28 02:00:00
1001,2.7405886379,2023-10-01,2023-10-01 23:50:00,810218,27971.7200796628,60129.2000000000,67485.5501636768,33.0000000000,0.0004889936,33,0,2026-06-28 02:00:00
1000,2.7378507871,2023-10-02,2023-10-02 23:50:00,810373,27615.8109222834,60129.2000000000,67485.5501636768,33.0000000000,0.0004889936,33,0,2026-06-28 02:00:00
999,2.7351129363,2023-10-03,2023-10-03 23:50:00,810538,27442.0484635127,60129.2000000000,67485.5501636768,33.0000000000,0.0004889936,33,0,2026-06-28 02:00:00
998,2.7323750856,2023-10-04,2023-10-04 23:50:00,810668,27793.8355959913,60129.2000000000,67485.5501636768,33.0000000000,0.0004889936,33,0,2026-06-28 02:00:00
997,2.7296372348,2023-10-05,2023-10-05 23:50:00,810808,27435.1378448644,60129.2000000000,67485.5501636768,33.0000000000,0.0004889936,33,0,2026-06-28 02:00:00
996,2.7268993840,2023-10-06,2023-10-06 23:50:00,810970,27945.9233719191,60129.2000000000,67485.5501636768,33.0000000000,0.0004889936,33,0,2026-06-28 02:00:00
995,2.7241615332,2023-10-07,2023-10-07 23:50:00,811141,27972.8616832872,60129.2000000000,67485.5501636768,33.0000000000,0.0004889936,33,0,2026-06-28 02:00:00
994,2.7214236824,2023-10-08,2023-10-08 23:50:00,811288,27946.9408191196,60129.2000000000,67485.5501636768,33.0000000000,0.0004889936,33,0,2026-06-28 02:00:00
993,2.7186858316,2023-10-09,2023-10-09 23:50:00,811445,27589.8725283071,60129.2000000000,67485.5501636768,33.0000000000,0.0004889936,33,0,2026-06-28 02:00:00
992,2.7159479808,2023-10-10,2023-10-10 23:50:00,811607,27391.3405159958,60129.2000000000,67485.5501636768,33.0000000000,0.0004889936,33,0,2026-06-28 02:00:00
991,2.7132101300,2023-10-11,2023-10-11 23:50:00,811767,26839.4634565126,60129.2000000000,67485.5501636768,33.0000000000,0.0004889936,33,0,2026-06-28 02:00:00
990,2.7104722793,2023-10-12,2023-10-12 23:50:00,811933,26740.6222791905,60129.2000000000,67485.5501636768,33.0000000000,0.0004889936,33,0,2026-06-28 02:00:00
989,2.7077344285,2023-10-13,2023-10-13 23:50:00,812070,26846.4089605135,60129.2000000000,67485.5501636768,33.0000000000,0.0004889936,33,0,2026-06-28 02:00:00
988,2.7049965777,2023-10-14,2023-10-14 23:50:00,812214,26863.1722560850,60129.2000000000,67485.5501636768,33.0000000000,0.0004889936,33,0,2026-06-28 02:00:00
987,2.7022587269,2023-10-15,2023-10-15 23:50:00,812383,27147.7227567254,60129.2000000000,67485.5501636768,33.0000000000,0.0004889936,33,0,2026-06-28 02:00:00
986,2.6995208761,2023-10-16,2023-10-16 23:50:00,812524,28525.7121658639,60129.2000000000,67485.5501636768,33.0000000000,0.0004889936,33,0,2026-06-28 02:00:00
985,2.6967830253,2023-10-17,2023-10-17 23:50:00,812685,28418.9494449073,60129.2000000000,67485.5501636768,33.0000000000,0.0004889936,33,0,2026-06-28 02:00:00
984,2.6940451745,2023-10-18,2023-10-18 23:50:00,812832,28329.0609562546,60129.2000000000,67485.5501636768,33.0000000000,0.0004889936,33,0,2026-06-28 02:00:00
983,2.6913073238,2023-10-19,2023-10-19 23:50:00,812972,28706.1628299467,60129.2000000000,67485.5501636768,33.0000000000,0.0004889936,33,0,2026-06-28 02:00:00
982,2.6885694730,2023-10-20,2023-10-20 23:50:00,813106,29681.5310015572,60129.2000000000,67485.5501636768,33.0000000000,0.0004889936,33,0,2026-06-28 02:00:00
981,2.6858316222,2023-10-21,2023-10-21 23:50:00,813254,29910.6982115522,60129.2000000000,67485.5501636768,33.0000000000,0.0004889936,33,0,2026-06-28 02:00:00
980,2.6830937714,2023-10-22,2023-10-22 23:50:00,813407,29976.4814093799,60129.2000000000,67485.5501636768,33.0000000000,0.0004889936,33,0,2026-06-28 02:00:00
979,2.6803559206,2023-10-23,2023-10-23 23:50:00,813566,32960.9031300207,60129.2000000000,67485.5501636768,33.0000000000,0.0004889936,33,0,2026-06-28 02:00:00
978,2.6776180698,2023-10-24,2023-10-24 23:50:00,813692,33832.9215678228,60129.2000000000,67485.5501636768,33.0000000000,0.0004889936,33,0,2026-06-28 02:00:00
977,2.6748802190,2023-10-25,2023-10-25 23:50:00,813834,34470.4613056340,60129.2000000000,67485.5501636768,33.0000000000,0.0004889936,33,0,2026-06-28 02:00:00
976,2.6721423682,2023-10-26,2023-10-26 23:50:00,813985,34168.1992300833,60129.2000000000,67485.5501636768,33.0000000000,0.0004889936,33,0,2026-06-28 02:00:00
975,2.6694045175,2023-10-27,2023-10-27 23:50:00,814139,33916.7642368565,60129.2000000000,67485.5501636768,33.0000000000,0.0004889936,33,0,2026-06-28 02:00:00
974,2.6666666667,2023-10-28,2023-10-28 23:50:00,814299,34097.5290899961,60129.2000000000,67485.5501636768,33.0000000000,0.0004889936,33,0,2026-06-28 02:00:00
973,2.6639288159,2023-10-29,2023-10-29 23:50:00,814436,34551.3650387274,60129.2000000000,67485.5501636768,33.0000000000,0.0004889936,33,0,2026-06-28 02:00:00
972,2.6611909651,2023-10-30,2023-10-30 23:50:00,814592,34497.3037052442,60129.2000000000,67485.5501636768,33.0000000000,0.0004889936,33,0,2026-06-28 02:00:00
971,2.6584531143,2023-10-31,2023-10-31 23:50:00,814745,34653.6842729529,60129.2000000000,67485.5501636768,33.0000000000,0.0004889936,33,0,2026-06-28 02:00:00
970,2.6557152635,2023-11-01,2023-11-01 23:50:00,814897,35421.1309038313,60129.2000000000,70602.2765754342,32.0000000000,0.0004532432,32,0,2026-06-28 02:00:00
969,2.6529774127,2023-11-02,2023-11-02 23:50:00,815040,34934.7416820697,60129.2000000000,70602.2765754342,32.0000000000,0.0004532432,32,0,2026-06-28 02:00:00
968,2.6502395619,2023-11-03,2023-11-03 23:50:00,815175,34740.1173306426,60129.2000000000,70602.2765754342,32.0000000000,0.0004532432,32,0,2026-06-28 02:00:00
967,2.6475017112,2023-11-04,2023-11-04 23:50:00,815344,35070.0478456889,60129.2000000000,70602.2765754342,32.0000000000,0.0004532432,32,0,2026-06-28 02:00:00
966,2.6447638604,2023-11-05,2023-11-05 23:50:00,815508,35053.7604560900,60129.2000000000,70602.2765754342,32.0000000000,0.0004532432,32,0,2026-06-28 02:00:00
965,2.6420260096,2023-11-06,2023-11-06 23:50:00,815634,35032.6453205807,60129.2000000000,70602.2765754342,32.0000000000,0.0004532432,32,0,2026-06-28 02:00:00
964,2.6392881588,2023-11-07,2023-11-07 23:50:00,815768,35448.2806676018,60129.2000000000,70602.2765754342,32.0000000000,0.0004532432,32,0,2026-06-28 02:00:00
963,2.6365503080,2023-11-08,2023-11-08 23:50:00,815917,35708.9365763642,60129.2000000000,70602.2765754342,32.0000000000,0.0004532432,32,0,2026-06-28 02:00:00
962,2.6338124572,2023-11-09,2023-11-09 23:50:00,816058,36718.2999658518,60129.2000000000,70602.2765754342,32.0000000000,0.0004532432,32,0,2026-06-28 02:00:00
961,2.6310746064,2023-11-10,2023-11-10 23:50:00,816213,37327.7140067953,60129.2000000000,70602.2765754342,32.0000000000,0.0004532432,32,0,2026-06-28 02:00:00
960,2.6283367556,2023-11-11,2023-11-11 23:50:00,816374,37128.8108883206,60129.2000000000,70602.2765754342,32.0000000000,0.0004532432,32,0,2026-06-28 02:00:00
959,2.6255989049,2023-11-12,2023-11-12 23:50:00,816534,37057.8000758565,60129.2000000000,70602.2765754342,32.0000000000,0.0004532432,32,0,2026-06-28 02:00:00
958,2.6228610541,2023-11-13,2023-11-13 23:50:00,816655,36534.6332410215,60129.2000000000,70602.2765754342,32.0000000000,0.0004532432,32,0,2026-06-28 02:00:00
957,2.6201232033,2023-11-14,2023-11-14 23:50:00,816792,35534.1172334461,60129.2000000000,70602.2765754342,32.0000000000,0.0004532432,32,0,2026-06-28 02:00:00
956,2.6173853525,2023-11-15,2023-11-15 23:50:00,816942,37964.8928323147,60129.2000000000,70602.2765754342,32.0000000000,0.0004532432,32,0,2026-06-28 02:00:00
955,2.6146475017,2023-11-16,2023-11-16 23:50:00,817089,36208.8007371058,60129.2000000000,70602.2765754342,32.0000000000,0.0004532432,32,0,2026-06-28 02:00:00
954,2.6119096509,2023-11-17,2023-11-17 23:50:00,817240,36549.8505906689,60129.2000000000,70602.2765754342,32.0000000000,0.0004532432,32,0,2026-06-28 02:00:00
953,2.6091718001,2023-11-18,2023-11-18 23:50:00,817387,36580.4198914963,60129.2000000000,70602.2765754342,32.0000000000,0.0004532432,32,0,2026-06-28 02:00:00
952,2.6064339493,2023-11-19,2023-11-19 23:50:00,817559,37420.2440093735,60129.2000000000,70602.2765754342,32.0000000000,0.0004532432,32,0,2026-06-28 02:00:00
951,2.6036960986,2023-11-20,2023-11-20 23:50:00,817724,37485.7690254478,60129.2000000000,70602.2765754342,32.0000000000,0.0004532432,32,0,2026-06-28 02:00:00
950,2.6009582478,2023-11-21,2023-11-21 23:50:00,817874,35969.2471775108,60129.2000000000,70602.2765754342,32.0000000000,0.0004532432,32,0,2026-06-28 02:00:00
949,2.5982203970,2023-11-22,2023-11-22 23:50:00,818018,37459.0315813038,60129.2000000000,70602.2765754342,32.0000000000,0.0004532432,32,0,2026-06-28 02:00:00
948,2.5954825462,2023-11-23,2023-11-23 23:50:00,818166,37289.7765055617,60129.2000000000,70602.2765754342,32.0000000000,0.0004532432,32,0,2026-06-28 02:00:00
947,2.5927446954,2023-11-24,2023-11-24 23:50:00,818331,37727.3370284660,60129.2000000000,70602.2765754342,32.0000000000,0.0004532432,32,0,2026-06-28 02:00:00
946,2.5900068446,2023-11-25,2023-11-25 23:50:00,818492,37803.4732110331,60129.2000000000,70602.2765754342,32.0000000000,0.0004532432,32,0,2026-06-28 02:00:00
945,2.5872689938,2023-11-26,2023-11-26 23:50:00,818639,37484.8035550384,60129.2000000000,70602.2765754342,32.0000000000,0.0004532432,32,0,2026-06-28 02:00:00
944,2.5845311431,2023-11-27,2023-11-27 23:50:00,818769,37269.4009872799,60129.2000000000,70602.2765754342,32.0000000000,0.0004532432,32,0,2026-06-28 02:00:00
943,2.5817932923,2023-11-28,2023-11-28 23:50:00,818916,37793.2165423987,60129.2000000000,70602.2765754342,32.0000000000,0.0004532432,32,0,2026-06-28 02:00:00
942,2.5790554415,2023-11-29,2023-11-29 23:50:00,819050,37827.1841495604,60129.2000000000,70602.2765754342,32.0000000000,0.0004532432,32,0,2026-06-28 02:00:00
941,2.5763175907,2023-11-30,2023-11-30 23:50:00,819184,37714.6103228717,60129.2000000000,70602.2765754342,32.0000000000,0.0004532432,32,0,2026-06-28 02:00:00
940,2.5735797399,2023-12-01,2023-12-01 23:50:00,819354,38670.5303577682,60129.2000000000,72939.2132036576,31.0000000000,0.0004250114,31,0,2026-06-28 02:00:00
939,2.5708418891,2023-12-02,2023-12-02 23:50:00,819479,39476.8592997238,60129.2000000000,72939.2132036576,31.0000000000,0.0004250114,31,0,2026-06-28 02:00:00
938,2.5681040383,2023-12-03,2023-12-03 23:50:00,819644,39944.9090519596,60129.2000000000,72939.2132036576,31.0000000000,0.0004250114,31,0,2026-06-28 02:00:00
937,2.5653661875,2023-12-04,2023-12-04 23:50:00,819802,41968.8995766901,60129.2000000000,72939.2132036576,31.0000000000,0.0004250114,31,0,2026-06-28 02:00:00
936,2.5626283368,2023-12-05,2023-12-05 23:50:00,819940,44139.7146093222,60129.2000000000,72939.2132036576,31.0000000000,0.0004250114,31,0,2026-06-28 02:00:00
935,2.5598904860,2023-12-06,2023-12-06 23:50:00,820076,43728.4368629685,60129.2000000000,72939.2132036576,31.0000000000,0.0004250114,31,0,2026-06-28 02:00:00
934,2.5571526352,2023-12-07,2023-12-07 23:50:00,820191,43268.4384833721,60129.2000000000,72939.2132036576,31.0000000000,0.0004250114,31,0,2026-06-28 02:00:00
933,2.5544147844,2023-12-08,2023-12-08 23:50:00,820325,44191.7140039497,60129.2000000000,72939.2132036576,31.0000000000,0.0004250114,31,0,2026-06-28 02:00:00
932,2.5516769336,2023-12-09,2023-12-09 23:50:00,820481,43723.6922369816,60129.2000000000,72939.2132036576,31.0000000000,0.0004250114,31,0,2026-06-28 02:00:00
931,2.5489390828,2023-12-10,2023-12-10 23:50:00,820621,43764.5810311404,60129.2000000000,72939.2132036576,31.0000000000,0.0004250114,31,0,2026-06-28 02:00:00
930,2.5462012320,2023-12-11,2023-12-11 23:50:00,820778,41195.1155003121,60129.2000000000,72939.2132036576,31.0000000000,0.0004250114,31,0,2026-06-28 02:00:00
929,2.5434633812,2023-12-12,2023-12-12 23:50:00,820925,41507.4506928681,60129.2000000000,72939.2132036576,31.0000000000,0.0004250114,31,0,2026-06-28 02:00:00
928,2.5407255305,2023-12-13,2023-12-13 23:50:00,821074,42910.6269940646,60129.2000000000,72939.2132036576,31.0000000000,0.0004250114,31,0,2026-06-28 02:00:00
927,2.5379876797,2023-12-14,2023-12-14 23:50:00,821220,43038.8790072248,60129.2000000000,72939.2132036576,31.0000000000,0.0004250114,31,0,2026-06-28 02:00:00
926,2.5352498289,2023-12-15,2023-12-15 23:50:00,821381,41949.3273007756,60129.2000000000,72939.2132036576,31.0000000000,0.0004250114,31,0,2026-06-28 02:00:00
925,2.5325119781,2023-12-16,2023-12-16 23:50:00,821534,42222.3828498701,60129.2000000000,72939.2132036576,31.0000000000,0.0004250114,31,0,2026-06-28 02:00:00
924,2.5297741273,2023-12-17,2023-12-17 23:50:00,821681,41413.0982283744,60129.2000000000,72939.2132036576,31.0000000000,0.0004250114,31,0,2026-06-28 02:00:00
923,2.5270362765,2023-12-18,2023-12-18 23:50:00,821851,42679.4215411100,60129.2000000000,72939.2132036576,31.0000000000,0.0004250114,31,0,2026-06-28 02:00:00
922,2.5242984257,2023-12-19,2023-12-19 23:50:00,822015,42266.9195913608,60129.2000000000,72939.2132036576,31.0000000000,0.0004250114,31,0,2026-06-28 02:00:00
921,2.5215605749,2023-12-20,2023-12-20 23:50:00,822159,43629.8314864979,60129.2000000000,72939.2132036576,31.0000000000,0.0004250114,31,0,2026-06-28 02:00:00
920,2.5188227242,2023-12-21,2023-12-21 23:50:00,822306,43879.5874841327,60129.2000000000,72939.2132036576,31.0000000000,0.0004250114,31,0,2026-06-28 02:00:00
919,2.5160848734,2023-12-22,2023-12-22 23:50:00,822469,44026.9012829493,60129.2000000000,72939.2132036576,31.0000000000,0.0004250114,31,0,2026-06-28 02:00:00
918,2.5133470226,2023-12-23,2023-12-23 23:50:00,822634,43751.5464428811,60129.2000000000,72939.2132036576,31.0000000000,0.0004250114,31,0,2026-06-28 02:00:00
917,2.5106091718,2023-12-24,2023-12-24 23:50:00,822804,43047.9068447895,60129.2000000000,72939.2132036576,31.0000000000,0.0004250114,31,0,2026-06-28 02:00:00
916,2.5078713210,2023-12-25,2023-12-25 23:50:00,822944,43624.1033163758,60129.2000000000,72939.2132036576,31.0000000000,0.0004250114,31,0,2026-06-28 02:00:00
915,2.5051334702,2023-12-26,2023-12-26 23:50:00,823082,42529.0229843751,60129.2000000000,72939.2132036576,31.0000000000,0.0004250114,31,0,2026-06-28 02:00:00
914,2.5023956194,2023-12-27,2023-12-27 23:50:00,823212,43414.9531275116,60129.2000000000,72939.2132036576,31.0000000000,0.0004250114,31,0,2026-06-28 02:00:00
913,2.4996577687,2023-12-28,2023-12-28 23:50:00,823332,42624.5766672541,60129.2000000000,72939.2132036576,31.0000000000,0.0004250114,31,0,2026-06-28 02:00:00
912,2.4969199179,2023-12-29,2023-12-29 23:50:00,823484,42077.0305270328,60129.2000000000,72939.2132036576,31.0000000000,0.0004250114,31,0,2026-06-28 02:00:00
911,2.4941820671,2023-12-30,2023-12-30 23:50:00,823629,42215.2909221348,60129.2000000000,72939.2132036576,31.0000000000,0.0004250114,31,0,2026-06-28 02:00:00
910,2.4914442163,2023-12-31,2023-12-31 23:50:00,823785,42225.1697976350,60129.2000000000,72939.2132036576,31.0000000000,0.0004250114,31,0,2026-06-28 02:00:00
909,2.4887063655,2024-01-01,2024-01-01 23:50:00,823940,44152.2269044367,60129.2000000000,75159.3463641714,30.0000000000,0.0003991520,30,0,2026-06-28 02:00:00
908,2.4859685147,2024-01-02,2024-01-02 23:50:00,824070,44977.0380911767,60129.2000000000,75159.3463641714,30.0000000000,0.0003991520,30,0,2026-06-28 02:00:00
907,2.4832306639,2024-01-03,2024-01-03 23:50:00,824226,42830.9042051680,60129.2000000000,75159.3463641714,30.0000000000,0.0003991520,30,0,2026-06-28 02:00:00
906,2.4804928131,2024-01-04,2024-01-04 23:50:00,824398,44230.1625840140,60129.2000000000,75159.3463641714,30.0000000000,0.0003991520,30,0,2026-06-28 02:00:00
905,2.4777549624,2024-01-05,2024-01-05 23:50:00,824535,44144.4512554344,60129.2000000000,75159.3463641714,30.0000000000,0.0003991520,30,0,2026-06-28 02:00:00
904,2.4750171116,2024-01-06,2024-01-06 23:50:00,824677,43951.9630636431,60129.2000000000,75159.3463641714,30.0000000000,0.0003991520,30,0,2026-06-28 02:00:00
903,2.4722792608,2024-01-07,2024-01-07 23:50:00,824794,43903.6494154260,60129.2000000000,75159.3463641714,30.0000000000,0.0003991520,30,0,2026-06-28 02:00:00
902,2.4695414100,2024-01-08,2024-01-08 23:50:00,824917,46944.0012168687,60129.2000000000,75159.3463641714,30.0000000000,0.0003991520,30,0,2026-06-28 02:00:00
901,2.4668035592,2024-01-09,2024-01-09 23:50:00,825070,46088.4187903228,60129.2000000000,75159.3463641714,30.0000000000,0.0003991520,30,0,2026-06-28 02:00:00
900,2.4640657084,2024-01-10,2024-01-10 23:50:00,825202,46608.1898075882,60129.2000000000,75159.3463641714,30.0000000000,0.0003991520,30,0,2026-06-28 02:00:00
899,2.4613278576,2024-01-11,2024-01-11 23:50:00,825376,46393.1001465856,60129.2000000000,75159.3463641714,30.0000000000,0.0003991520,30,0,2026-06-28 02:00:00
898,2.4585900068,2024-01-12,2024-01-12 23:50:00,825544,42897.8584804556,60129.2000000000,75159.3463641714,30.0000000000,0.0003991520,30,0,2026-06-28 02:00:00
897,2.4558521561,2024-01-13,2024-01-13 23:50:00,825702,42838.7359698740,60129.2000000000,75159.3463641714,30.0000000000,0.0003991520,30,0,2026-06-28 02:00:00
896,2.4531143053,2024-01-14,2024-01-14 23:50:00,825831,41769.4393366528,60129.2000000000,75159.3463641714,30.0000000000,0.0003991520,30,0,2026-06-28 02:00:00
895,2.4503764545,2024-01-15,2024-01-15 23:50:00,825942,42582.9215313985,60129.2000000000,75159.3463641714,30.0000000000,0.0003991520,30,0,2026-06-28 02:00:00
894,2.4476386037,2024-01-16,2024-01-16 23:50:00,826070,43152.4934266257,60129.2000000000,75159.3463641714,30.0000000000,0.0003991520,30,0,2026-06-28 02:00:00
893,2.4449007529,2024-01-17,2024-01-17 23:50:00,826191,42730.9262333834,60129.2000000000,75159.3463641714,30.0000000000,0.0003991520,30,0,2026-06-28 02:00:00
892,2.4421629021,2024-01-18,2024-01-18 23:50:00,826331,41261.2424951907,60129.2000000000,75159.3463641714,30.0000000000,0.0003991520,30,0,2026-06-28 02:00:00
891,2.4394250513,2024-01-19,2024-01-19 23:50:00,826465,41609.5625077872,60129.2000000000,75159.3463641714,30.0000000000,0.0003991520,30,0,2026-06-28 02:00:00
890,2.4366872005,2024-01-20,2024-01-20 23:50:00,826607,41648.7186457885,60129.2000000000,75159.3463641714,30.0000000000,0.0003991520,30,0,2026-06-28 02:00:00
889,2.4339493498,2024-01-21,2024-01-21 23:50:00,826748,41535.7591631473,60129.2000000000,75159.3463641714,30.0000000000,0.0003991520,30,0,2026-06-28 02:00:00
888,2.4312114990,2024-01-22,2024-01-22 23:50:00,826907,39450.4018713302,60129.2000000000,75159.3463641714,30.0000000000,0.0003991520,30,0,2026-06-28 02:00:00
887,2.4284736482,2024-01-23,2024-01-23 23:50:00,827060,39827.3493961979,60129.2000000000,75159.3463641714,30.0000000000,0.0003991520,30,0,2026-06-28 02:00:00
886,2.4257357974,2024-01-24,2024-01-24 23:50:00,827210,40110.3806221753,60129.2000000000,75159.3463641714,30.0000000000,0.0003991520,30,0,2026-06-28 02:00:00
885,2.4229979466,2024-01-25,2024-01-25 23:50:00,827393,39928.1446773402,60129.2000000000,75159.3463641714,30.0000000000,0.0003991520,30,0,2026-06-28 02:00:00
884,2.4202600958,2024-01-26,2024-01-26 23:50:00,827544,41874.3439345598,60129.2000000000,75159.3463641714,30.0000000000,0.0003991520,30,0,2026-06-28 02:00:00
883,2.4175222450,2024-01-27,2024-01-27 23:50:00,827716,42115.2234786391,60129.2000000000,75159.3463641714,30.0000000000,0.0003991520,30,0,2026-06-28 02:00:00
882,2.4147843943,2024-01-28,2024-01-28 23:50:00,827875,42023.4372020074,60129.2000000000,75159.3463641714,30.0000000000,0.0003991520,30,0,2026-06-28 02:00:00
881,2.4120465435,2024-01-29,2024-01-29 23:50:00,828032,43260.5183645658,60129.2000000000,75159.3463641714,30.0000000000,0.0003991520,30,0,2026-06-28 02:00:00
880,2.4093086927,2024-01-30,2024-01-30 23:50:00,828172,42911.9531776631,60129.2000000000,75159.3463641714,30.0000000000,0.0003991520,30,0,2026-06-28 02:00:00
879,2.4065708419,2024-01-31,2024-01-31 23:50:00,828307,42585.0250674347,60129.2000000000,75159.3463641714,30.0000000000,0.0003991520,30,0,2026-06-28 02:00:00
878,2.4038329911,2024-02-01,2024-02-01 23:50:00,828460,43049.0605001377,60129.2000000000,77024.6104228598,29.0000000000,0.0003765030,29,0,2026-06-28 02:00:00
877,2.4010951403,2024-02-02,2024-02-02 23:50:00,828648,43163.9427218440,60129.2000000000,77024.6104228598,29.0000000000,0.0003765030,29,0,2026-06-28 02:00:00
876,2.3983572895,2024-02-03,2024-02-03 23:50:00,828799,42978.4281258609,60129.2000000000,77024.6104228598,29.0000000000,0.0003765030,29,0,2026-06-28 02:00:00
875,2.3956194387,2024-02-04,2024-02-04 23:50:00,828954,42597.6528424110,60129.2000000000,77024.6104228598,29.0000000000,0.0003765030,29,0,2026-06-28 02:00:00
874,2.3928815880,2024-02-05,2024-02-05 23:50:00,829108,42660.5222343998,60129.2000000000,77024.6104228598,29.0000000000,0.0003765030,29,0,2026-06-28 02:00:00
873,2.3901437372,2024-02-06,2024-02-06 23:50:00,829279,43100.8018336135,60129.2000000000,77024.6104228598,29.0000000000,0.0003765030,29,0,2026-06-28 02:00:00
872,2.3874058864,2024-02-07,2024-02-07 23:50:00,829440,44243.0733581119,60129.2000000000,77024.6104228598,29.0000000000,0.0003765030,29,0,2026-06-28 02:00:00
871,2.3846680356,2024-02-08,2024-02-08 23:50:00,829578,45330.3815185534,60129.2000000000,77024.6104228598,29.0000000000,0.0003765030,29,0,2026-06-28 02:00:00
870,2.3819301848,2024-02-09,2024-02-09 23:50:00,829743,47132.7002282210,60129.2000000000,77024.6104228598,29.0000000000,0.0003765030,29,0,2026-06-28 02:00:00
869,2.3791923340,2024-02-10,2024-02-10 23:50:00,829895,47778.3030407316,60129.2000000000,77024.6104228598,29.0000000000,0.0003765030,29,0,2026-06-28 02:00:00
868,2.3764544832,2024-02-11,2024-02-11 23:50:00,830033,48254.9440913296,60129.2000000000,77024.6104228598,29.0000000000,0.0003765030,29,0,2026-06-28 02:00:00
867,2.3737166324,2024-02-12,2024-02-12 23:50:00,830210,49971.5089181970,60129.2000000000,77024.6104228598,29.0000000000,0.0003765030,29,0,2026-06-28 02:00:00
866,2.3709787817,2024-02-13,2024-02-13 23:50:00,830345,49757.6996516723,60129.2000000000,77024.6104228598,29.0000000000,0.0003765030,29,0,2026-06-28 02:00:00
865,2.3682409309,2024-02-14,2024-02-14 23:50:00,830485,51819.5146191197,60129.2000000000,77024.6104228598,29.0000000000,0.0003765030,29,0,2026-06-28 02:00:00
864,2.3655030801,2024-02-15,2024-02-15 23:50:00,830641,51932.7441152015,60129.2000000000,77024.6104228598,29.0000000000,0.0003765030,29,0,2026-06-28 02:00:00
863,2.3627652293,2024-02-16,2024-02-16 23:50:00,830775,52182.3052364303,60129.2000000000,77024.6104228598,29.0000000000,0.0003765030,29,0,2026-06-28 02:00:00
862,2.3600273785,2024-02-17,2024-02-17 23:50:00,830925,51665.3847844768,60129.2000000000,77024.6104228598,29.0000000000,0.0003765030,29,0,2026-06-28 02:00:00
861,2.3572895277,2024-02-18,2024-02-18 23:50:00,831046,52122.5454555893,60129.2000000000,77024.6104228598,29.0000000000,0.0003765030,29,0,2026-06-28 02:00:00
860,2.3545516769,2024-02-19,2024-02-19 23:50:00,831183,51770.6346169228,60129.2000000000,77024.6104228598,29.0000000000,0.0003765030,29,0,2026-06-28 02:00:00
859,2.3518138261,2024-02-20,2024-02-20 23:50:00,831324,52300.9337458208,60129.2000000000,77024.6104228598,29.0000000000,0.0003765030,29,0,2026-06-28 02:00:00
858,2.3490759754,2024-02-21,2024-02-21 23:50:00,831463,51847.0582869566,60129.2000000000,77024.6104228598,29.0000000000,0.0003765030,29,0,2026-06-28 02:00:00
857,2.3463381246,2024-02-22,2024-02-22 23:50:00,831598,51321.3945878377,60129.2000000000,77024.6104228598,29.0000000000,0.0003765030,29,0,2026-06-28 02:00:00
856,2.3436002738,2024-02-23,2024-02-23 23:50:00,831756,50723.7477632909,60129.2000000000,77024.6104228598,29.0000000000,0.0003765030,29,0,2026-06-28 02:00:00
855,2.3408624230,2024-02-24,2024-02-24 23:50:00,831893,51569.8528965524,60129.2000000000,77024.6104228598,29.0000000000,0.0003765030,29,0,2026-06-28 02:00:00
854,2.3381245722,2024-02-25,2024-02-25 23:50:00,832057,51730.1657122085,60129.2000000000,77024.6104228598,29.0000000000,0.0003765030,29,0,2026-06-28 02:00:00
853,2.3353867214,2024-02-26,2024-02-26 23:50:00,832190,54521.8318883338,60129.2000000000,77024.6104228598,29.0000000000,0.0003765030,29,0,2026-06-28 02:00:00
852,2.3326488706,2024-02-27,2024-02-27 23:50:00,832320,57040.0028449957,60129.2000000000,77024.6104228598,29.0000000000,0.0003765030,29,0,2026-06-28 02:00:00
851,2.3299110198,2024-02-28,2024-02-28 23:50:00,832466,62547.6812033348,60129.2000000000,77024.6104228598,29.0000000000,0.0003765030,29,0,2026-06-28 02:00:00
850,2.3271731691,2024-02-29,2024-02-29 23:50:00,832602,61296.2878391983,60129.2000000000,77024.6104228598,29.0000000000,0.0003765030,29,0,2026-06-28 02:00:00
849,2.3244353183,2024-03-01,2024-03-01 23:50:00,832755,62486.3891327543,60129.2000000000,79258.6531434524,28.0000000000,0.0003532737,28,0,2026-06-28 02:00:00
848,2.3216974675,2024-03-02,2024-03-02 23:50:00,832883,62022.1280771121,60129.2000000000,79258.6531434524,28.0000000000,0.0003532737,28,0,2026-06-28 02:00:00
847,2.3189596167,2024-03-03,2024-03-03 23:50:00,833038,63119.3909012458,60129.2000000000,79258.6531434524,28.0000000000,0.0003532737,28,0,2026-06-28 02:00:00
846,2.3162217659,2024-03-04,2024-03-04 23:50:00,833166,68365.4263909785,60129.2000000000,79258.6531434524,28.0000000000,0.0003532737,28,0,2026-06-28 02:00:00
845,2.3134839151,2024-03-05,2024-03-05 23:50:00,833333,63889.5184269347,60129.2000000000,79258.6531434524,28.0000000000,0.0003532737,28,0,2026-06-28 02:00:00
844,2.3107460643,2024-03-06,2024-03-06 23:50:00,833473,66125.9771682433,60129.2000000000,79258.6531434524,28.0000000000,0.0003532737,28,0,2026-06-28 02:00:00
843,2.3080082136,2024-03-07,2024-03-07 23:50:00,833650,66996.4355069651,60129.2000000000,79258.6531434524,28.0000000000,0.0003532737,28,0,2026-06-28 02:00:00
842,2.3052703628,2024-03-08,2024-03-08 23:50:00,833807,68350.0441306461,60129.2000000000,79258.6531434524,28.0000000000,0.0003532737,28,0,2026-06-28 02:00:00
841,2.3025325120,2024-03-09,2024-03-09 23:50:00,833971,68511.1870763922,60129.2000000000,79258.6531434524,28.0000000000,0.0003532737,28,0,2026-06-28 02:00:00
840,2.2997946612,2024-03-10,2024-03-10 23:50:00,834113,68989.0410391792,60129.2000000000,79258.6531434524,28.0000000000,0.0003532737,28,0,2026-06-28 02:00:00
839,2.2970568104,2024-03-11,2024-03-11 23:50:00,834284,72106.0919089749,60129.2000000000,79258.6531434524,28.0000000000,0.0003532737,28,0,2026-06-28 02:00:00
838,2.2943189596,2024-03-12,2024-03-12 23:50:00,834424,71455.5351057279,60129.2000000000,79258.6531434524,28.0000000000,0.0003532737,28,0,2026-06-28 02:00:00
837,2.2915811088,2024-03-13,2024-03-13 23:50:00,834583,73104.5022761031,60129.2000000000,79258.6531434524,28.0000000000,0.0003532737,28,0,2026-06-28 02:00:00
836,2.2888432580,2024-03-14,2024-03-14 23:50:00,834722,71401.2809536193,60129.2000000000,79258.6531434524,28.0000000000,0.0003532737,28,0,2026-06-28 02:00:00
835,2.2861054073,2024-03-15,2024-03-15 23:50:00,834851,69522.7282035036,60129.2000000000,79258.6531434524,28.0000000000,0.0003532737,28,0,2026-06-28 02:00:00
834,2.2833675565,2024-03-16,2024-03-16 23:50:00,834996,65222.4408656723,60129.2000000000,79258.6531434524,28.0000000000,0.0003532737,28,0,2026-06-28 02:00:00
833,2.2806297057,2024-03-17,2024-03-17 23:50:00,835142,68550.5518606481,60129.2000000000,79258.6531434524,28.0000000000,0.0003532737,28,0,2026-06-28 02:00:00
832,2.2778918549,2024-03-18,2024-03-18 23:50:00,835287,67725.6460834997,60129.2000000000,79258.6531434524,28.0000000000,0.0003532737,28,0,2026-06-28 02:00:00
831,2.2751540041,2024-03-19,2024-03-19 23:50:00,835444,61860.4972729429,60129.2000000000,79258.6531434524,28.0000000000,0.0003532737,28,0,2026-06-28 02:00:00
830,2.2724161533,2024-03-20,2024-03-20 23:50:00,835592,67880.9721239256,60129.2000000000,79258.6531434524,28.0000000000,0.0003532737,28,0,2026-06-28 02:00:00
829,2.2696783025,2024-03-21,2024-03-21 23:50:00,835712,65471.5725776900,60129.2000000000,79258.6531434524,28.0000000000,0.0003532737,28,0,2026-06-28 02:00:00
828,2.2669404517,2024-03-22,2024-03-22 23:50:00,835847,63582.3444617418,60129.2000000000,79258.6531434524,28.0000000000,0.0003532737,28,0,2026-06-28 02:00:00
827,2.2642026010,2024-03-23,2024-03-23 23:50:00,836002,64015.4623958801,60129.2000000000,79258.6531434524,28.0000000000,0.0003532737,28,0,2026-06-28 02:00:00
826,2.2614647502,2024-03-24,2024-03-24 23:50:00,836174,67255.2033505341,60129.2000000000,79258.6531434524,28.0000000000,0.0003532737,28,0,2026-06-28 02:00:00
825,2.2587268994,2024-03-25,2024-03-25 23:50:00,836303,69962.1417196642,60129.2000000000,79258.6531434524,28.0000000000,0.0003532737,28,0,2026-06-28 02:00:00
824,2.2559890486,2024-03-26,2024-03-26 23:50:00,836439,70007.2864148747,60129.2000000000,79258.6531434524,28.0000000000,0.0003532737,28,0,2026-06-28 02:00:00
823,2.2532511978,2024-03-27,2024-03-27 23:50:00,836573,69478.6896428178,60129.2000000000,79258.6531434524,28.0000000000,0.0003532737,28,0,2026-06-28 02:00:00
822,2.2505133470,2024-03-28,2024-03-28 23:50:00,836727,70747.3047677376,60129.2000000000,79258.6531434524,28.0000000000,0.0003532737,28,0,2026-06-28 02:00:00
821,2.2477754962,2024-03-29,2024-03-29 23:50:00,836871,69898.0485040493,60129.2000000000,79258.6531434524,28.0000000000,0.0003532737,28,0,2026-06-28 02:00:00
820,2.2450376454,2024-03-30,2024-03-30 23:50:00,837026,69661.2297213920,60129.2000000000,79258.6531434524,28.0000000000,0.0003532737,28,0,2026-06-28 02:00:00
819,2.2422997947,2024-03-31,2024-03-31 23:50:00,837164,71354.8508746677,60129.2000000000,79258.6531434524,28.0000000000,0.0003532737,28,0,2026-06-28 02:00:00
818,2.2395619439,2024-04-01,2024-04-01 23:50:00,837313,69704.0888536103,60129.2000000000,80054.4976695446,27.0000000000,0.0003372702,27,0,2026-06-28 02:00:00
817,2.2368240931,2024-04-02,2024-04-02 23:50:00,837462,65458.8482329813,60129.2000000000,80054.4976695446,27.0000000000,0.0003372702,27,0,2026-06-28 02:00:00
816,2.2340862423,2024-04-03,2024-04-03 23:50:00,837603,66041.8463825227,60129.2000000000,80054.4976695446,27.0000000000,0.0003372702,27,0,2026-06-28 02:00:00
815,2.2313483915,2024-04-04,2024-04-04 23:50:00,837739,68539.4560210812,60129.2000000000,80054.4976695446,27.0000000000,0.0003372702,27,0,2026-06-28 02:00:00
814,2.2286105407,2024-04-05,2024-04-05 23:50:00,837887,67887.1070007870,60129.2000000000,80054.4976695446,27.0000000000,0.0003372702,27,0,2026-06-28 02:00:00
813,2.2258726899,2024-04-06,2024-04-06 23:50:00,838044,68960.2853549560,60129.2000000000,80054.4976695446,27.0000000000,0.0003372702,27,0,2026-06-28 02:00:00
812,2.2231348392,2024-04-07,2024-04-07 23:50:00,838215,69374.9004208595,60129.2000000000,80054.4976695446,27.0000000000,0.0003372702,27,0,2026-06-28 02:00:00
811,2.2203969884,2024-04-08,2024-04-08 23:50:00,838371,71634.1542303814,60129.2000000000,80054.4976695446,27.0000000000,0.0003372702,27,0,2026-06-28 02:00:00
810,2.2176591376,2024-04-09,2024-04-09 23:50:00,838518,69148.7225107242,60129.2000000000,80054.4976695446,27.0000000000,0.0003372702,27,0,2026-06-28 02:00:00
809,2.2149212868,2024-04-10,2024-04-10 23:50:00,838669,70514.2837112009,60129.2000000000,80054.4976695446,27.0000000000,0.0003372702,27,0,2026-06-28 02:00:00
808,2.2121834360,2024-04-11,2024-04-11 23:50:00,838802,70090.1001087453,60129.2000000000,80054.4976695446,27.0000000000,0.0003372702,27,0,2026-06-28 02:00:00
807,2.2094455852,2024-04-12,2024-04-12 23:50:00,838937,67246.1811739544,60129.2000000000,80054.4976695446,27.0000000000,0.0003372702,27,0,2026-06-28 02:00:00
806,2.2067077344,2024-04-13,2024-04-13 23:50:00,839102,64459.3394915427,60129.2000000000,80054.4976695446,27.0000000000,0.0003372702,27,0,2026-06-28 02:00:00
805,2.2039698836,2024-04-14,2024-04-14 23:50:00,839259,65771.2252859931,60129.2000000000,80054.4976695446,27.0000000000,0.0003372702,27,0,2026-06-28 02:00:00
804,2.2012320329,2024-04-15,2024-04-15 23:50:00,839400,63488.4511710499,60129.2000000000,80054.4976695446,27.0000000000,0.0003372702,27,0,2026-06-28 02:00:00
803,2.1984941821,2024-04-16,2024-04-16 23:50:00,839561,63749.0475167084,60129.2000000000,80054.4976695446,27.0000000000,0.0003372702,27,0,2026-06-28 02:00:00
802,2.1957563313,2024-04-17,2024-04-17 23:50:00,839702,61331.6803360844,60129.2000000000,80054.4976695446,27.0000000000,0.0003372702,27,0,2026-06-28 02:00:00
801,2.1930184805,2024-04-18,2024-04-18 23:50:00,839847,63521.5000287111,60129.2000000000,80054.4976695446,27.0000000000,0.0003372702,27,0,2026-06-28 02:00:00
800,2.1902806297,2024-04-19,2024-04-19 23:50:00,839996,64013.4406500117,60129.2000000000,80054.4976695446,27.0000000000,0.0003372702,27,0,2026-06-28 02:00:00
799,2.1875427789,2024-04-20,2024-04-20 23:50:00,840128,64900.5503393868,60129.2000000000,80054.4976695446,27.0000000000,0.0003372702,27,0,2026-06-28 02:00:00
798,2.1848049281,2024-04-21,2024-04-21 23:50:00,840267,64949.4607160551,60129.2000000000,80054.4976695446,27.0000000000,0.0003372702,27,0,2026-06-28 02:00:00
797,2.1820670773,2024-04-22,2024-04-22 23:50:00,840415,66857.5356562364,60129.2000000000,80054.4976695446,27.0000000000,0.0003372702,27,0,2026-06-28 02:00:00
796,2.1793292266,2024-04-23,2024-04-23 23:50:00,840587,66403.1484328433,60129.2000000000,80054.4976695446,27.0000000000,0.0003372702,27,0,2026-06-28 02:00:00
795,2.1765913758,2024-04-24,2024-04-24 23:50:00,840742,64267.7848074256,60129.2000000000,80054.4976695446,27.0000000000,0.0003372702,27,0,2026-06-28 02:00:00
794,2.1738535250,2024-04-25,2024-04-25 23:50:00,840886,64509.8003389681,60129.2000000000,80054.4976695446,27.0000000000,0.0003372702,27,0,2026-06-28 02:00:00
793,2.1711156742,2024-04-26,2024-04-26 23:50:00,841018,63787.1194630158,60129.2000000000,80054.4976695446,27.0000000000,0.0003372702,27,0,2026-06-28 02:00:00
792,2.1683778234,2024-04-27,2024-04-27 23:50:00,841157,63486.5093326137,60129.2000000000,80054.4976695446,27.0000000000,0.0003372702,27,0,2026-06-28 02:00:00
791,2.1656399726,2024-04-28,2024-04-28 23:50:00,841299,63054.5391067747,60129.2000000000,80054.4976695446,27.0000000000,0.0003372702,27,0,2026-06-28 02:00:00
790,2.1629021218,2024-04-29,2024-04-29 23:50:00,841429,63830.8314485122,60129.2000000000,80054.4976695446,27.0000000000,0.0003372702,27,0,2026-06-28 02:00:00
789,2.1601642710,2024-04-30,2024-04-30 23:50:00,841570,60734.7130164064,60129.2000000000,80054.4976695446,27.0000000000,0.0003372702,27,0,2026-06-28 02:00:00
788,2.1574264203,2024-05-01,2024-05-01 23:50:00,841701,58295.1761610524,60129.2000000000,80514.3295543318,26.0000000000,0.0003229239,26,0,2026-06-28 02:00:00
787,2.1546885695,2024-05-02,2024-05-02 23:50:00,841848,59132.3990753491,60129.2000000000,80514.3295543318,26.0000000000,0.0003229239,26,0,2026-06-28 02:00:00
786,2.1519507187,2024-05-03,2024-05-03 23:50:00,841977,62880.9316945143,60129.2000000000,80514.3295543318,26.0000000000,0.0003229239,26,0,2026-06-28 02:00:00
785,2.1492128679,2024-05-04,2024-05-04 23:50:00,842118,63892.4549874494,60129.2000000000,80514.3295543318,26.0000000000,0.0003229239,26,0,2026-06-28 02:00:00
784,2.1464750171,2024-05-05,2024-05-05 23:50:00,842256,64044.0474564526,60129.2000000000,80514.3295543318,26.0000000000,0.0003229239,26,0,2026-06-28 02:00:00
783,2.1437371663,2024-05-06,2024-05-06 23:50:00,842377,63165.9074854637,60129.2000000000,80514.3295543318,26.0000000000,0.0003229239,26,0,2026-06-28 02:00:00
782,2.1409993155,2024-05-07,2024-05-07 23:50:00,842499,62364.8207293360,60129.2000000000,80514.3295543318,26.0000000000,0.0003229239,26,0,2026-06-28 02:00:00
781,2.1382614648,2024-05-08,2024-05-08 23:50:00,842627,61158.5764717661,60129.2000000000,80514.3295543318,26.0000000000,0.0003229239,26,0,2026-06-28 02:00:00
780,2.1355236140,2024-05-09,2024-05-09 23:50:00,842771,63046.7647145035,60129.2000000000,80514.3295543318,26.0000000000,0.0003229239,26,0,2026-06-28 02:00:00
779,2.1327857632,2024-05-10,2024-05-10 23:50:00,842917,60784.6709682460,60129.2000000000,80514.3295543318,26.0000000000,0.0003229239,26,0,2026-06-28 02:00:00
778,2.1300479124,2024-05-11,2024-05-11 23:50:00,843076,60777.8491576297,60129.2000000000,80514.3295543318,26.0000000000,0.0003229239,26,0,2026-06-28 02:00:00
777,2.1273100616,2024-05-12,2024-05-12 23:50:00,843209,61478.1635313231,60129.2000000000,80514.3295543318,26.0000000000,0.0003229239,26,0,2026-06-28 02:00:00
776,2.1245722108,2024-05-13,2024-05-13 23:50:00,843355,62894.2692189475,60129.2000000000,80514.3295543318,26.0000000000,0.0003229239,26,0,2026-06-28 02:00:00
775,2.1218343600,2024-05-14,2024-05-14 23:50:00,843492,61574.3057331452,60129.2000000000,80514.3295543318,26.0000000000,0.0003229239,26,0,2026-06-28 02:00:00
774,2.1190965092,2024-05-15,2024-05-15 23:50:00,843631,66226.0271454156,60129.2000000000,80514.3295543318,26.0000000000,0.0003229239,26,0,2026-06-28 02:00:00
773,2.1163586585,2024-05-16,2024-05-16 23:50:00,843775,65259.4331063986,60129.2000000000,80514.3295543318,26.0000000000,0.0003229239,26,0,2026-06-28 02:00:00
772,2.1136208077,2024-05-17,2024-05-17 23:50:00,843930,67021.3303584509,60129.2000000000,80514.3295543318,26.0000000000,0.0003229239,26,0,2026-06-28 02:00:00
771,2.1108829569,2024-05-18,2024-05-18 23:50:00,844058,66935.4609385415,60129.2000000000,80514.3295543318,26.0000000000,0.0003229239,26,0,2026-06-28 02:00:00
770,2.1081451061,2024-05-19,2024-05-19 23:50:00,844212,66309.3438002627,60129.2000000000,80514.3295543318,26.0000000000,0.0003229239,26,0,2026-06-28 02:00:00
769,2.1054072553,2024-05-20,2024-05-20 23:50:00,844367,71409.6796868195,60129.2000000000,80514.3295543318,26.0000000000,0.0003229239,26,0,2026-06-28 02:00:00
768,2.1026694045,2024-05-21,2024-05-21 23:50:00,844505,70157.4128460141,60129.2000000000,80514.3295543318,26.0000000000,0.0003229239,26,0,2026-06-28 02:00:00
767,2.0999315537,2024-05-22,2024-05-22 23:50:00,844658,69173.2995421522,60129.2000000000,80514.3295543318,26.0000000000,0.0003229239,26,0,2026-06-28 02:00:00
766,2.0971937029,2024-05-23,2024-05-23 23:50:00,844826,67901.1068065005,60129.2000000000,80514.3295543318,26.0000000000,0.0003229239,26,0,2026-06-28 02:00:00
765,2.0944558522,2024-05-24,2024-05-24 23:50:00,844988,68529.7202345497,60129.2000000000,80514.3295543318,26.0000000000,0.0003229239,26,0,2026-06-28 02:00:00
764,2.0917180014,2024-05-25,2024-05-25 23:50:00,845148,69279.5263713847,60129.2000000000,80514.3295543318,26.0000000000,0.0003229239,26,0,2026-06-28 02:00:00
763,2.0889801506,2024-05-26,2024-05-26 23:50:00,845315,68518.4773050655,60129.2000000000,80514.3295543318,26.0000000000,0.0003229239,26,0,2026-06-28 02:00:00
762,2.0862422998,2024-05-27,2024-05-27 23:50:00,845439,69385.7367256296,60129.2000000000,80514.3295543318,26.0000000000,0.0003229239,26,0,2026-06-28 02:00:00
761,2.0835044490,2024-05-28,2024-05-28 23:50:00,845573,68280.5942643546,60129.2000000000,80514.3295543318,26.0000000000,0.0003229239,26,0,2026-06-28 02:00:00
760,2.0807665982,2024-05-29,2024-05-29 23:50:00,845708,67573.7897213030,60129.2000000000,80514.3295543318,26.0000000000,0.0003229239,26,0,2026-06-28 02:00:00
759,2.0780287474,2024-05-30,2024-05-30 23:50:00,845833,68378.3232055370,60129.2000000000,80514.3295543318,26.0000000000,0.0003229239,26,0,2026-06-28 02:00:00
758,2.0752908966,2024-05-31,2024-05-31 23:50:00,845981,67488.3241702433,60129.2000000000,80514.3295543318,26.0000000000,0.0003229239,26,0,2026-06-28 02:00:00
757,2.0725530459,2024-06-01,2024-06-01 23:50:00,846122,67705.1487161649,60129.2000000000,81760.8525387412,25.0000000000,0.0003057698,25,0,2026-06-28 02:00:00
756,2.0698151951,2024-06-02,2024-06-02 23:50:00,846262,67753.8098570756,60129.2000000000,81760.8525387412,25.0000000000,0.0003057698,25,0,2026-06-28 02:00:00
755,2.0670773443,2024-06-03,2024-06-03 23:50:00,846419,68808.6995974575,60129.2000000000,81760.8525387412,25.0000000000,0.0003057698,25,0,2026-06-28 02:00:00
754,2.0643394935,2024-06-04,2024-06-04 23:50:00,846553,70619.7659476015,60129.2000000000,81760.8525387412,25.0000000000,0.0003057698,25,0,2026-06-28 02:00:00
753,2.0616016427,2024-06-05,2024-06-05 23:50:00,846675,71114.4634708746,60129.2000000000,81760.8525387412,25.0000000000,0.0003057698,25,0,2026-06-28 02:00:00
752,2.0588637919,2024-06-06,2024-06-06 23:50:00,846809,70799.0827135803,60129.2000000000,81760.8525387412,25.0000000000,0.0003057698,25,0,2026-06-28 02:00:00
751,2.0561259411,2024-06-07,2024-06-07 23:50:00,846950,69343.5217611093,60129.2000000000,81760.8525387412,25.0000000000,0.0003057698,25,0,2026-06-28 02:00:00
750,2.0533880903,2024-06-08,2024-06-08 23:50:00,847123,69307.3523282929,60129.2000000000,81760.8525387412,25.0000000000,0.0003057698,25,0,2026-06-28 02:00:00
749,2.0506502396,2024-06-09,2024-06-09 23:50:00,847276,69646.0274020644,60129.2000000000,81760.8525387412,25.0000000000,0.0003057698,25,0,2026-06-28 02:00:00
748,2.0479123888,2024-06-10,2024-06-10 23:50:00,847415,69482.5234083248,60129.2000000000,81760.8525387412,25.0000000000,0.0003057698,25,0,2026-06-28 02:00:00
747,2.0451745380,2024-06-11,2024-06-11 23:50:00,847537,67329.0860210946,60129.2000000000,81760.8525387412,25.0000000000,0.0003057698,25,0,2026-06-28 02:00:00
746,2.0424366872,2024-06-12,2024-06-12 23:50:00,847682,68237.5407440275,60129.2000000000,81760.8525387412,25.0000000000,0.0003057698,25,0,2026-06-28 02:00:00
745,2.0396988364,2024-06-13,2024-06-13 23:50:00,847826,66751.0584813773,60129.2000000000,81760.8525387412,25.0000000000,0.0003057698,25,0,2026-06-28 02:00:00
744,2.0369609856,2024-06-14,2024-06-14 23:50:00,847957,66010.3307548423,60129.2000000000,81760.8525387412,25.0000000000,0.0003057698,25,0,2026-06-28 02:00:00
743,2.0342231348,2024-06-15,2024-06-15 23:50:00,848091,66188.6098339666,60129.2000000000,81760.8525387412,25.0000000000,0.0003057698,25,0,2026-06-28 02:00:00
742,2.0314852841,2024-06-16,2024-06-16 23:50:00,848253,66625.3825250137,60129.2000000000,81760.8525387412,25.0000000000,0.0003057698,25,0,2026-06-28 02:00:00
741,2.0287474333,2024-06-17,2024-06-17 23:50:00,848394,66492.7981793497,60129.2000000000,81760.8525387412,25.0000000000,0.0003057698,25,0,2026-06-28 02:00:00
740,2.0260095825,2024-06-18,2024-06-18 23:50:00,848545,65160.1241537217,60129.2000000000,81760.8525387412,25.0000000000,0.0003057698,25,0,2026-06-28 02:00:00
739,2.0232717317,2024-06-19,2024-06-19 23:50:00,848682,64929.8045033661,60129.2000000000,81760.8525387412,25.0000000000,0.0003057698,25,0,2026-06-28 02:00:00
738,2.0205338809,2024-06-20,2024-06-20 23:50:00,848814,64855.2539924026,60129.2000000000,81760.8525387412,25.0000000000,0.0003057698,25,0,2026-06-28 02:00:00
737,2.0177960301,2024-06-21,2024-06-21 23:50:00,848954,64066.1051619201,60129.2000000000,81760.8525387412,25.0000000000,0.0003057698,25,0,2026-06-28 02:00:00
736,2.0150581793,2024-06-22,2024-06-22 23:50:00,849106,64259.3301254128,60129.2000000000,81760.8525387412,25.0000000000,0.0003057698,25,0,2026-06-28 02:00:00
735,2.0123203285,2024-06-23,2024-06-23 23:50:00,849216,63216.6642439661,60129.2000000000,81760.8525387412,25.0000000000,0.0003057698,25,0,2026-06-28 02:00:00
734,2.0095824778,2024-06-24,2024-06-24 23:50:00,849370,60318.1804473846,60129.2000000000,81760.8525387412,25.0000000000,0.0003057698,25,0,2026-06-28 02:00:00
733,2.0068446270,2024-06-25,2024-06-25 23:50:00,849495,61802.3702304301,60129.2000000000,81760.8525387412,25.0000000000,0.0003057698,25,0,2026-06-28 02:00:00
732,2.0041067762,2024-06-26,2024-06-26 23:50:00,849617,60778.0653177623,60129.2000000000,81760.8525387412,25.0000000000,0.0003057698,25,0,2026-06-28 02:00:00
731,2.0013689254,2024-06-27,2024-06-27 23:50:00,849745,61588.1769955159,60129.2000000000,81760.8525387412,25.0000000000,0.0003057698,25,0,2026-06-28 02:00:00
730,1.9986310746,2024-06-28,2024-06-28 23:50:00,849882,60301.9818950371,60129.2000000000,81760.8525387412,25.0000000000,0.0003057698,25,0,2026-06-28 02:00:00
729,1.9958932238,2024-06-29,2024-06-29 23:50:00,850036,60871.0868440363,60129.2000000000,81760.8525387412,25.0000000000,0.0003057698,25,0,2026-06-28 02:00:00
728,1.9931553730,2024-06-30,2024-06-30 23:50:00,850158,62754.3103608551,60129.2000000000,81760.8525387412,25.0000000000,0.0003057698,25,0,2026-06-28 02:00:00
727,1.9904175222,2024-07-01,2024-07-01 23:50:00,850301,62833.0670673428,60129.2000000000,82474.2607283727,24.0000000000,0.0002909999,24,0,2026-06-28 02:00:00
726,1.9876796715,2024-07-02,2024-07-02 23:50:00,850448,62024.3945152038,60129.2000000000,82474.2607283727,24.0000000000,0.0002909999,24,0,2026-06-28 02:00:00
725,1.9849418207,2024-07-03,2024-07-03 23:50:00,850593,60232.0474412260,60129.2000000000,82474.2607283727,24.0000000000,0.0002909999,24,0,2026-06-28 02:00:00
724,1.9822039699,2024-07-04,2024-07-04 23:50:00,850733,57170.3382491864,60129.2000000000,82474.2607283727,24.0000000000,0.0002909999,24,0,2026-06-28 02:00:00
723,1.9794661191,2024-07-05,2024-07-05 23:50:00,850854,56740.6690076138,60129.2000000000,82474.2607283727,24.0000000000,0.0002909999,24,0,2026-06-28 02:00:00
722,1.9767282683,2024-07-06,2024-07-06 23:50:00,851019,58208.9785386202,60129.2000000000,82474.2607283727,24.0000000000,0.0002909999,24,0,2026-06-28 02:00:00
721,1.9739904175,2024-07-07,2024-07-07 23:50:00,851159,55884.8814534343,60129.2000000000,82474.2607283727,24.0000000000,0.0002909999,24,0,2026-06-28 02:00:00
720,1.9712525667,2024-07-08,2024-07-08 23:50:00,851319,56650.6211722978,60129.2000000000,82474.2607283727,24.0000000000,0.0002909999,24,0,2026-06-28 02:00:00
719,1.9685147159,2024-07-09,2024-07-09 23:50:00,851473,58021.5340377792,60129.2000000000,82474.2607283727,24.0000000000,0.0002909999,24,0,2026-06-28 02:00:00
718,1.9657768652,2024-07-10,2024-07-10 23:50:00,851610,57720.3008105797,60129.2000000000,82474.2607283727,24.0000000000,0.0002909999,24,0,2026-06-28 02:00:00
717,1.9630390144,2024-07-11,2024-07-11 23:50:00,851749,57369.0262138897,60129.2000000000,82474.2607283727,24.0000000000,0.0002909999,24,0,2026-06-28 02:00:00
716,1.9603011636,2024-07-12,2024-07-12 23:50:00,851899,57907.2827275081,60129.2000000000,82474.2607283727,24.0000000000,0.0002909999,24,0,2026-06-28 02:00:00
715,1.9575633128,2024-07-13,2024-07-13 23:50:00,852051,59225.0012274809,60129.2000000000,82474.2607283727,24.0000000000,0.0002909999,24,0,2026-06-28 02:00:00
714,1.9548254620,2024-07-14,2024-07-14 23:50:00,852218,60748.8078238425,60129.2000000000,82474.2607283727,24.0000000000,0.0002909999,24,0,2026-06-28 02:00:00
713,1.9520876112,2024-07-15,2024-07-15 23:50:00,852372,64816.9399318620,60129.2000000000,82474.2607283727,24.0000000000,0.0002909999,24,0,2026-06-28 02:00:00
712,1.9493497604,2024-07-16,2024-07-16 23:50:00,852520,65172.1164849953,60129.2000000000,82474.2607283727,24.0000000000,0.0002909999,24,0,2026-06-28 02:00:00
711,1.9466119097,2024-07-17,2024-07-17 23:50:00,852679,64120.9202628393,60129.2000000000,82474.2607283727,24.0000000000,0.0002909999,24,0,2026-06-28 02:00:00
710,1.9438740589,2024-07-18,2024-07-18 23:50:00,852808,63959.4300477669,60129.2000000000,82474.2607283727,24.0000000000,0.0002909999,24,0,2026-06-28 02:00:00
709,1.9411362081,2024-07-19,2024-07-19 23:50:00,852955,66707.0678088278,60129.2000000000,82474.2607283727,24.0000000000,0.0002909999,24,0,2026-06-28 02:00:00
708,1.9383983573,2024-07-20,2024-07-20 23:50:00,853119,67204.9514832769,60129.2000000000,82474.2607283727,24.0000000000,0.0002909999,24,0,2026-06-28 02:00:00
707,1.9356605065,2024-07-21,2024-07-21 23:50:00,853290,68077.2658880114,60129.2000000000,82474.2607283727,24.0000000000,0.0002909999,24,0,2026-06-28 02:00:00
706,1.9329226557,2024-07-22,2024-07-22 23:50:00,853467,67614.9074351261,60129.2000000000,82474.2607283727,24.0000000000,0.0002909999,24,0,2026-06-28 02:00:00
705,1.9301848049,2024-07-23,2024-07-23 23:50:00,853637,65929.5908976716,60129.2000000000,82474.2607283727,24.0000000000,0.0002909999,24,0,2026-06-28 02:00:00
704,1.9274469541,2024-07-24,2024-07-24 23:50:00,853778,65399.0192727271,60129.2000000000,82474.2607283727,24.0000000000,0.0002909999,24,0,2026-06-28 02:00:00
703,1.9247091034,2024-07-25,2024-07-25 23:50:00,853940,65726.3447730287,60129.2000000000,82474.2607283727,24.0000000000,0.0002909999,24,0,2026-06-28 02:00:00
702,1.9219712526,2024-07-26,2024-07-26 23:50:00,854101,67896.8787415156,60129.2000000000,82474.2607283727,24.0000000000,0.0002909999,24,0,2026-06-28 02:00:00
701,1.9192334018,2024-07-27,2024-07-27 23:50:00,854255,68069.8245781841,60129.2000000000,82474.2607283727,24.0000000000,0.0002909999,24,0,2026-06-28 02:00:00
700,1.9164955510,2024-07-28,2024-07-28 23:50:00,854403,68222.7149148794,60129.2000000000,82474.2607283727,24.0000000000,0.0002909999,24,0,2026-06-28 02:00:00
699,1.9137577002,2024-07-29,2024-07-29 23:50:00,854580,66805.9854758281,60129.2000000000,82474.2607283727,24.0000000000,0.0002909999,24,0,2026-06-28 02:00:00
698,1.9110198494,2024-07-30,2024-07-30 23:50:00,854731,66225.4696191826,60129.2000000000,82474.2607283727,24.0000000000,0.0002909999,24,0,2026-06-28 02:00:00
697,1.9082819986,2024-07-31,2024-07-31 23:50:00,854871,64687.8374433244,60129.2000000000,82474.2607283727,24.0000000000,0.0002909999,24,0,2026-06-28 02:00:00
696,1.9055441478,2024-08-01,2024-08-01 23:50:00,855012,65361.2898566105,60129.2000000000,83610.6135448252,23.0000000000,0.0002750847,23,0,2026-06-28 02:00:00
695,1.9028062971,2024-08-02,2024-08-02 23:50:00,855137,61414.6703903518,60129.2000000000,83610.6135448252,23.0000000000,0.0002750847,23,0,2026-06-28 02:00:00
694,1.9000684463,2024-08-03,2024-08-03 23:50:00,855272,60692.7465513283,60129.2000000000,83610.6135448252,23.0000000000,0.0002750847,23,0,2026-06-28 02:00:00
693,1.8973305955,2024-08-04,2024-08-04 23:50:00,855413,58008.0604870608,60129.2000000000,83610.6135448252,23.0000000000,0.0002750847,23,0,2026-06-28 02:00:00
692,1.8945927447,2024-08-05,2024-08-05 23:50:00,855571,54017.7875253875,60129.2000000000,83610.6135448252,23.0000000000,0.0002750847,23,0,2026-06-28 02:00:00
691,1.8918548939,2024-08-06,2024-08-06 23:50:00,855711,56002.9878639063,60129.2000000000,83610.6135448252,23.0000000000,0.0002750847,23,0,2026-06-28 02:00:00
690,1.8891170431,2024-08-07,2024-08-07 23:50:00,855832,55041.6039236460,60129.2000000000,83610.6135448252,23.0000000000,0.0002750847,23,0,2026-06-28 02:00:00
689,1.8863791923,2024-08-08,2024-08-08 23:50:00,855960,61784.6807672979,60129.2000000000,83610.6135448252,23.0000000000,0.0002750847,23,0,2026-06-28 02:00:00
688,1.8836413415,2024-08-09,2024-08-09 23:50:00,856092,60925.3573108650,60129.2000000000,83610.6135448252,23.0000000000,0.0002750847,23,0,2026-06-28 02:00:00
687,1.8809034908,2024-08-10,2024-08-10 23:50:00,856221,60879.1047785142,60129.2000000000,83610.6135448252,23.0000000000,0.0002750847,23,0,2026-06-28 02:00:00
686,1.8781656400,2024-08-11,2024-08-11 23:50:00,856382,58757.7734285243,60129.2000000000,83610.6135448252,23.0000000000,0.0002750847,23,0,2026-06-28 02:00:00
685,1.8754277892,2024-08-12,2024-08-12 23:50:00,856519,59342.1206789390,60129.2000000000,83610.6135448252,23.0000000000,0.0002750847,23,0,2026-06-28 02:00:00
684,1.8726899384,2024-08-13,2024-08-13 23:50:00,856668,60595.3481904949,60129.2000000000,83610.6135448252,23.0000000000,0.0002750847,23,0,2026-06-28 02:00:00
683,1.8699520876,2024-08-14,2024-08-14 23:50:00,856798,58732.3365757333,60129.2000000000,83610.6135448252,23.0000000000,0.0002750847,23,0,2026-06-28 02:00:00
682,1.8672142368,2024-08-15,2024-08-15 23:50:00,856959,57619.4649865465,60129.2000000000,83610.6135448252,23.0000000000,0.0002750847,23,0,2026-06-28 02:00:00
681,1.8644763860,2024-08-16,2024-08-16 23:50:00,857100,58921.3360823619,60129.2000000000,83610.6135448252,23.0000000000,0.0002750847,23,0,2026-06-28 02:00:00
680,1.8617385352,2024-08-17,2024-08-17 23:50:00,857250,59446.2624508841,60129.2000000000,83610.6135448252,23.0000000000,0.0002750847,23,0,2026-06-28 02:00:00
679,1.8590006845,2024-08-18,2024-08-18 23:50:00,857407,58482.7453172541,60129.2000000000,83610.6135448252,23.0000000000,0.0002750847,23,0,2026-06-28 02:00:00
678,1.8562628337,2024-08-19,2024-08-19 23:50:00,857537,59569.7229493952,60129.2000000000,83610.6135448252,23.0000000000,0.0002750847,23,0,2026-06-28 02:00:00
677,1.8535249829,2024-08-20,2024-08-20 23:50:00,857686,59051.2774869839,60129.2000000000,83610.6135448252,23.0000000000,0.0002750847,23,0,2026-06-28 02:00:00
676,1.8507871321,2024-08-21,2024-08-21 23:50:00,857834,61164.6944167579,60129.2000000000,83610.6135448252,23.0000000000,0.0002750847,23,0,2026-06-28 02:00:00
675,1.8480492813,2024-08-22,2024-08-22 23:50:00,857991,60388.1533923417,60129.2000000000,83610.6135448252,23.0000000000,0.0002750847,23,0,2026-06-28 02:00:00
674,1.8453114305,2024-08-23,2024-08-23 23:50:00,858157,64033.1899577438,60129.2000000000,83610.6135448252,23.0000000000,0.0002750847,23,0,2026-06-28 02:00:00
673,1.8425735797,2024-08-24,2024-08-24 23:50:00,858311,64120.1732328145,60129.2000000000,83610.6135448252,23.0000000000,0.0002750847,23,0,2026-06-28 02:00:00
672,1.8398357290,2024-08-25,2024-08-25 23:50:00,858443,64308.3831661740,60129.2000000000,83610.6135448252,23.0000000000,0.0002750847,23,0,2026-06-28 02:00:00
671,1.8370978782,2024-08-26,2024-08-26 23:50:00,858577,62929.6078626517,60129.2000000000,83610.6135448252,23.0000000000,0.0002750847,23,0,2026-06-28 02:00:00
670,1.8343600274,2024-08-27,2024-08-27 23:50:00,858718,59545.8405351091,60129.2000000000,83610.6135448252,23.0000000000,0.0002750847,23,0,2026-06-28 02:00:00
669,1.8316221766,2024-08-28,2024-08-28 23:50:00,858880,59024.8230392339,60129.2000000000,83610.6135448252,23.0000000000,0.0002750847,23,0,2026-06-28 02:00:00
668,1.8288843258,2024-08-29,2024-08-29 23:50:00,859012,59352.7290331122,60129.2000000000,83610.6135448252,23.0000000000,0.0002750847,23,0,2026-06-28 02:00:00
667,1.8261464750,2024-08-30,2024-08-30 23:50:00,859151,59145.6299649464,60129.2000000000,83610.6135448252,23.0000000000,0.0002750847,23,0,2026-06-28 02:00:00
666,1.8234086242,2024-08-31,2024-08-31 23:50:00,859302,58971.6543364991,60129.2000000000,83610.6135448252,23.0000000000,0.0002750847,23,0,2026-06-28 02:00:00
665,1.8206707734,2024-09-01,2024-09-01 23:50:00,859443,57319.9485439699,60129.2000000000,84685.3745281170,22.0000000000,0.0002597851,22,0,2026-06-28 02:00:00
664,1.8179329227,2024-09-02,2024-09-02 23:50:00,859611,59099.3799773517,60129.2000000000,84685.3745281170,22.0000000000,0.0002597851,22,0,2026-06-28 02:00:00
663,1.8151950719,2024-09-03,2024-09-03 23:50:00,859759,57469.4226985167,60129.2000000000,84685.3745281170,22.0000000000,0.0002597851,22,0,2026-06-28 02:00:00
662,1.8124572211,2024-09-04,2024-09-04 23:50:00,859909,57982.5872161001,60129.2000000000,84685.3745281170,22.0000000000,0.0002597851,22,0,2026-06-28 02:00:00
661,1.8097193703,2024-09-05,2024-09-05 23:50:00,860064,56163.8494779936,60129.2000000000,84685.3745281170,22.0000000000,0.0002597851,22,0,2026-06-28 02:00:00
660,1.8069815195,2024-09-06,2024-09-06 23:50:00,860210,53914.8198573214,60129.2000000000,84685.3745281170,22.0000000000,0.0002597851,22,0,2026-06-28 02:00:00
659,1.8042436687,2024-09-07,2024-09-07 23:50:00,860369,54174.6012164995,60129.2000000000,84685.3745281170,22.0000000000,0.0002597851,22,0,2026-06-28 02:00:00
658,1.8015058179,2024-09-08,2024-09-08 23:50:00,860535,54796.3110707265,60129.2000000000,84685.3745281170,22.0000000000,0.0002597851,22,0,2026-06-28 02:00:00
657,1.7987679671,2024-09-09,2024-09-09 23:50:00,860681,57106.0488471756,60129.2000000000,84685.3745281170,22.0000000000,0.0002597851,22,0,2026-06-28 02:00:00
656,1.7960301164,2024-09-10,2024-09-10 23:50:00,860816,57626.3829411293,60129.2000000000,84685.3745281170,22.0000000000,0.0002597851,22,0,2026-06-28 02:00:00
655,1.7932922656,2024-09-11,2024-09-11 23:50:00,860924,57388.9397831628,60129.2000000000,84685.3745281170,22.0000000000,0.0002597851,22,0,2026-06-28 02:00:00
654,1.7905544148,2024-09-12,2024-09-12 23:50:00,861077,58121.3182559756,60129.2000000000,84685.3745281170,22.0000000000,0.0002597851,22,0,2026-06-28 02:00:00
653,1.7878165640,2024-09-13,2024-09-13 23:50:00,861200,60637.8903086522,60129.2000000000,84685.3745281170,22.0000000000,0.0002597851,22,0,2026-06-28 02:00:00
652,1.7850787132,2024-09-14,2024-09-14 23:50:00,861340,60001.4544149817,60129.2000000000,84685.3745281170,22.0000000000,0.0002597851,22,0,2026-06-28 02:00:00
651,1.7823408624,2024-09-15,2024-09-15 23:50:00,861489,59207.1911017603,60129.2000000000,84685.3745281170,22.0000000000,0.0002597851,22,0,2026-06-28 02:00:00
650,1.7796030116,2024-09-16,2024-09-16 23:50:00,861615,58232.1797464585,60129.2000000000,84685.3745281170,22.0000000000,0.0002597851,22,0,2026-06-28 02:00:00
649,1.7768651608,2024-09-17,2024-09-17 23:50:00,861766,60304.8912841112,60129.2000000000,84685.3745281170,22.0000000000,0.0002597851,22,0,2026-06-28 02:00:00
648,1.7741273101,2024-09-18,2024-09-18 23:50:00,861904,61321.1441185249,60129.2000000000,84685.3745281170,22.0000000000,0.0002597851,22,0,2026-06-28 02:00:00
647,1.7713894593,2024-09-19,2024-09-19 23:50:00,862026,62967.5470227986,60129.2000000000,84685.3745281170,22.0000000000,0.0002597851,22,0,2026-06-28 02:00:00
646,1.7686516085,2024-09-20,2024-09-20 23:50:00,862170,63122.1799985990,60129.2000000000,84685.3745281170,22.0000000000,0.0002597851,22,0,2026-06-28 02:00:00
645,1.7659137577,2024-09-21,2024-09-21 23:50:00,862305,63486.4422198549,60129.2000000000,84685.3745281170,22.0000000000,0.0002597851,22,0,2026-06-28 02:00:00
644,1.7631759069,2024-09-22,2024-09-22 23:50:00,862442,63567.3701072749,60129.2000000000,84685.3745281170,22.0000000000,0.0002597851,22,0,2026-06-28 02:00:00
643,1.7604380561,2024-09-23,2024-09-23 23:50:00,862587,63322.5513906897,60129.2000000000,84685.3745281170,22.0000000000,0.0002597851,22,0,2026-06-28 02:00:00
642,1.7577002053,2024-09-24,2024-09-24 23:50:00,862733,64338.7124999745,60129.2000000000,84685.3745281170,22.0000000000,0.0002597851,22,0,2026-06-28 02:00:00
641,1.7549623546,2024-09-25,2024-09-25 23:50:00,862873,63078.0508015470,60129.2000000000,84685.3745281170,22.0000000000,0.0002597851,22,0,2026-06-28 02:00:00
640,1.7522245038,2024-09-26,2024-09-26 23:50:00,863007,65134.2092380844,60129.2000000000,84685.3745281170,22.0000000000,0.0002597851,22,0,2026-06-28 02:00:00
639,1.7494866530,2024-09-27,2024-09-27 23:50:00,863143,65767.3370500298,60129.2000000000,84685.3745281170,22.0000000000,0.0002597851,22,0,2026-06-28 02:00:00
638,1.7467488022,2024-09-28,2024-09-28 23:50:00,863272,65920.3371684084,60129.2000000000,84685.3745281170,22.0000000000,0.0002597851,22,0,2026-06-28 02:00:00
637,1.7440109514,2024-09-29,2024-09-29 23:50:00,863425,65673.0046394970,60129.2000000000,84685.3745281170,22.0000000000,0.0002597851,22,0,2026-06-28 02:00:00
636,1.7412731006,2024-09-30,2024-09-30 23:50:00,863564,63245.6748863735,60129.2000000000,84685.3745281170,22.0000000000,0.0002597851,22,0,2026-06-28 02:00:00
635,1.7385352498,2024-10-01,2024-10-01 23:50:00,863722,60895.0403429122,60129.2000000000,86655.4042526121,21.0000000000,0.0002423392,21,0,2026-06-28 02:00:00
634,1.7357973990,2024-10-02,2024-10-02 23:50:00,863876,60649.1868950116,60129.2000000000,86655.4042526121,21.0000000000,0.0002423392,21,0,2026-06-28 02:00:00
633,1.7330595483,2024-10-03,2024-10-03 23:50:00,864033,60740.5122693724,60129.2000000000,86655.4042526121,21.0000000000,0.0002423392,21,0,2026-06-28 02:00:00
632,1.7303216975,2024-10-04,2024-10-04 23:50:00,864204,62104.6742803113,60129.2000000000,86655.4042526121,21.0000000000,0.0002423392,21,0,2026-06-28 02:00:00
631,1.7275838467,2024-10-05,2024-10-05 23:50:00,864354,62075.3438501407,60129.2000000000,86655.4042526121,21.0000000000,0.0002423392,21,0,2026-06-28 02:00:00
630,1.7248459959,2024-10-06,2024-10-06 23:50:00,864505,62824.6236895588,60129.2000000000,86655.4042526121,21.0000000000,0.0002423392,21,0,2026-06-28 02:00:00
629,1.7221081451,2024-10-07,2024-10-07 23:50:00,864661,62306.8746342290,60129.2000000000,86655.4042526121,21.0000000000,0.0002423392,21,0,2026-06-28 02:00:00
628,1.7193702943,2024-10-08,2024-10-08 23:50:00,864828,62184.5941290960,60129.2000000000,86655.4042526121,21.0000000000,0.0002423392,21,0,2026-06-28 02:00:00
627,1.7166324435,2024-10-09,2024-10-09 23:50:00,864955,60591.1857899384,60129.2000000000,86655.4042526121,21.0000000000,0.0002423392,21,0,2026-06-28 02:00:00
626,1.7138945927,2024-10-10,2024-10-10 23:50:00,865110,60232.8258629853,60129.2000000000,86655.4042526121,21.0000000000,0.0002423392,21,0,2026-06-28 02:00:00
625,1.7111567420,2024-10-11,2024-10-11 23:50:00,865251,62401.4271592908,60129.2000000000,86655.4042526121,21.0000000000,0.0002423392,21,0,2026-06-28 02:00:00
624,1.7084188912,2024-10-12,2024-10-12 23:50:00,865393,63185.4026459960,60129.2000000000,86655.4042526121,21.0000000000,0.0002423392,21,0,2026-06-28 02:00:00
623,1.7056810404,2024-10-13,2024-10-13 23:50:00,865531,62799.2082591529,60129.2000000000,86655.4042526121,21.0000000000,0.0002423392,21,0,2026-06-28 02:00:00
622,1.7029431896,2024-10-14,2024-10-14 23:50:00,865670,66058.7589660405,60129.2000000000,86655.4042526121,21.0000000000,0.0002423392,21,0,2026-06-28 02:00:00
621,1.7002053388,2024-10-15,2024-10-15 23:50:00,865827,67025.2027530298,60129.2000000000,86655.4042526121,21.0000000000,0.0002423392,21,0,2026-06-28 02:00:00
620,1.6974674880,2024-10-16,2024-10-16 23:50:00,865968,67642.1517476881,60129.2000000000,86655.4042526121,21.0000000000,0.0002423392,21,0,2026-06-28 02:00:00
619,1.6947296372,2024-10-17,2024-10-17 23:50:00,866125,67316.2632891637,60129.2000000000,86655.4042526121,21.0000000000,0.0002423392,21,0,2026-06-28 02:00:00
618,1.6919917864,2024-10-18,2024-10-18 23:50:00,866260,68446.8400345143,60129.2000000000,86655.4042526121,21.0000000000,0.0002423392,21,0,2026-06-28 02:00:00
617,1.6892539357,2024-10-19,2024-10-19 23:50:00,866433,68369.9047054396,60129.2000000000,86655.4042526121,21.0000000000,0.0002423392,21,0,2026-06-28 02:00:00
616,1.6865160849,2024-10-20,2024-10-20 23:50:00,866606,68937.6077371636,60129.2000000000,86655.4042526121,21.0000000000,0.0002423392,21,0,2026-06-28 02:00:00
615,1.6837782341,2024-10-21,2024-10-21 23:50:00,866776,67409.9601932469,60129.2000000000,86655.4042526121,21.0000000000,0.0002423392,21,0,2026-06-28 02:00:00
614,1.6810403833,2024-10-22,2024-10-22 23:50:00,866916,67346.7340607424,60129.2000000000,86655.4042526121,21.0000000000,0.0002423392,21,0,2026-06-28 02:00:00
613,1.6783025325,2024-10-23,2024-10-23 23:50:00,867067,66678.7070632781,60129.2000000000,86655.4042526121,21.0000000000,0.0002423392,21,0,2026-06-28 02:00:00
612,1.6755646817,2024-10-24,2024-10-24 23:50:00,867210,68170.2098425850,60129.2000000000,86655.4042526121,21.0000000000,0.0002423392,21,0,2026-06-28 02:00:00
611,1.6728268309,2024-10-25,2024-10-25 23:50:00,867367,66501.3509559895,60129.2000000000,86655.4042526121,21.0000000000,0.0002423392,21,0,2026-06-28 02:00:00
610,1.6700889802,2024-10-26,2024-10-26 23:50:00,867512,67018.1550845578,60129.2000000000,86655.4042526121,21.0000000000,0.0002423392,21,0,2026-06-28 02:00:00
609,1.6673511294,2024-10-27,2024-10-27 23:50:00,867672,67943.9675994587,60129.2000000000,86655.4042526121,21.0000000000,0.0002423392,21,0,2026-06-28 02:00:00
608,1.6646132786,2024-10-28,2024-10-28 23:50:00,867841,69842.8951779753,60129.2000000000,86655.4042526121,21.0000000000,0.0002423392,21,0,2026-06-28 02:00:00
607,1.6618754278,2024-10-29,2024-10-29 23:50:00,867999,72737.4266476475,60129.2000000000,86655.4042526121,21.0000000000,0.0002423392,21,0,2026-06-28 02:00:00
606,1.6591375770,2024-10-30,2024-10-30 23:50:00,868168,72331.8309326851,60129.2000000000,86655.4042526121,21.0000000000,0.0002423392,21,0,2026-06-28 02:00:00
605,1.6563997262,2024-10-31,2024-10-31 23:50:00,868325,70251.0196618344,60129.2000000000,86655.4042526121,21.0000000000,0.0002423392,21,0,2026-06-28 02:00:00
604,1.6536618754,2024-11-01,2024-11-01 23:50:00,868479,69513.1578978095,60129.2000000000,88527.8973481138,20.0000000000,0.0002259175,20,0,2026-06-28 02:00:00
603,1.6509240246,2024-11-02,2024-11-02 23:50:00,868620,69293.2051422515,60129.2000000000,88527.8973481138,20.0000000000,0.0002259175,20,0,2026-06-28 02:00:00
602,1.6481861739,2024-11-03,2024-11-03 23:50:00,868750,68823.9358513952,60129.2000000000,88527.8973481138,20.0000000000,0.0002259175,20,0,2026-06-28 02:00:00
601,1.6454483231,2024-11-04,2024-11-04 23:50:00,868903,67762.7776282515,60129.2000000000,88527.8973481138,20.0000000000,0.0002259175,20,0,2026-06-28 02:00:00
600,1.6427104723,2024-11-05,2024-11-05 23:50:00,869042,69372.3571089419,60129.2000000000,88527.8973481138,20.0000000000,0.0002259175,20,0,2026-06-28 02:00:00
599,1.6399726215,2024-11-06,2024-11-06 23:50:00,869194,75638.9896651287,60129.2000000000,88527.8973481138,20.0000000000,0.0002259175,20,0,2026-06-28 02:00:00
598,1.6372347707,2024-11-07,2024-11-07 23:50:00,869351,75958.4634812625,60129.2000000000,88527.8973481138,20.0000000000,0.0002259175,20,0,2026-06-28 02:00:00
597,1.6344969199,2024-11-08,2024-11-08 23:50:00,869492,76544.7567005686,60129.2000000000,88527.8973481138,20.0000000000,0.0002259175,20,0,2026-06-28 02:00:00
596,1.6317590691,2024-11-09,2024-11-09 23:50:00,869631,76707.9980608925,60129.2000000000,88527.8973481138,20.0000000000,0.0002259175,20,0,2026-06-28 02:00:00
595,1.6290212183,2024-11-10,2024-11-10 23:50:00,869779,80424.6318165981,60129.2000000000,88527.8973481138,20.0000000000,0.0002259175,20,0,2026-06-28 02:00:00
594,1.6262833676,2024-11-11,2024-11-11 23:50:00,869916,88766.3358798817,60129.2000000000,88527.8973481138,20.0000000000,0.0002259175,20,0,2026-06-28 02:00:00
593,1.6235455168,2024-11-12,2024-11-12 23:50:00,870062,88223.5892037158,60129.2000000000,88527.8973481138,20.0000000000,0.0002259175,20,0,2026-06-28 02:00:00
592,1.6208076660,2024-11-13,2024-11-13 23:50:00,870196,90445.5352752674,60129.2000000000,88527.8973481138,20.0000000000,0.0002259175,20,0,2026-06-28 02:00:00
591,1.6180698152,2024-11-14,2024-11-14 23:50:00,870326,87369.3552045294,60129.2000000000,88527.8973481138,20.0000000000,0.0002259175,20,0,2026-06-28 02:00:00
590,1.6153319644,2024-11-15,2024-11-15 23:50:00,870477,90932.8126344145,60129.2000000000,88527.8973481138,20.0000000000,0.0002259175,20,0,2026-06-28 02:00:00
589,1.6125941136,2024-11-16,2024-11-16 23:50:00,870631,90562.4189070951,60129.2000000000,88527.8973481138,20.0000000000,0.0002259175,20,0,2026-06-28 02:00:00
588,1.6098562628,2024-11-17,2024-11-17 23:50:00,870783,89804.7894210569,60129.2000000000,88527.8973481138,20.0000000000,0.0002259175,20,0,2026-06-28 02:00:00
587,1.6071184120,2024-11-18,2024-11-18 23:50:00,870938,90553.7657736696,60129.2000000000,88527.8973481138,20.0000000000,0.0002259175,20,0,2026-06-28 02:00:00
586,1.6043805613,2024-11-19,2024-11-19 23:50:00,871115,92238.1916222907,60129.2000000000,88527.8973481138,20.0000000000,0.0002259175,20,0,2026-06-28 02:00:00
585,1.6016427105,2024-11-20,2024-11-20 23:50:00,871261,94193.7808338788,60129.2000000000,88527.8973481138,20.0000000000,0.0002259175,20,0,2026-06-28 02:00:00
584,1.5989048597,2024-11-21,2024-11-21 23:50:00,871405,98514.5274111514,60129.2000000000,88527.8973481138,20.0000000000,0.0002259175,20,0,2026-06-28 02:00:00
583,1.5961670089,2024-11-22,2024-11-22 23:50:00,871549,98978.1240160513,60129.2000000000,88527.8973481138,20.0000000000,0.0002259175,20,0,2026-06-28 02:00:00
582,1.5934291581,2024-11-23,2024-11-23 23:50:00,871686,97658.1015831774,60129.2000000000,88527.8973481138,20.0000000000,0.0002259175,20,0,2026-06-28 02:00:00
581,1.5906913073,2024-11-24,2024-11-24 23:50:00,871821,97933.8155743235,60129.2000000000,88527.8973481138,20.0000000000,0.0002259175,20,0,2026-06-28 02:00:00
580,1.5879534565,2024-11-25,2024-11-25 23:50:00,871990,93049.0159378559,60129.2000000000,88527.8973481138,20.0000000000,0.0002259175,20,0,2026-06-28 02:00:00
579,1.5852156057,2024-11-26,2024-11-26 23:50:00,872128,91957.6723228167,60129.2000000000,88527.8973481138,20.0000000000,0.0002259175,20,0,2026-06-28 02:00:00
578,1.5824777550,2024-11-27,2024-11-27 23:50:00,872262,95981.5805542439,60129.2000000000,88527.8973481138,20.0000000000,0.0002259175,20,0,2026-06-28 02:00:00
577,1.5797399042,2024-11-28,2024-11-28 23:50:00,872404,95651.1964495578,60129.2000000000,88527.8973481138,20.0000000000,0.0002259175,20,0,2026-06-28 02:00:00
576,1.5770020534,2024-11-29,2024-11-29 23:50:00,872524,97447.1323679839,60129.2000000000,88527.8973481138,20.0000000000,0.0002259175,20,0,2026-06-28 02:00:00
575,1.5742642026,2024-11-30,2024-11-30 23:50:00,872688,96514.0527097167,60129.2000000000,88527.8973481138,20.0000000000,0.0002259175,20,0,2026-06-28 02:00:00
574,1.5715263518,2024-12-01,2024-12-01 23:50:00,872845,97311.4552378753,60129.2000000000,89821.0442368071,19.0000000000,0.0002115317,19,0,2026-06-28 02:00:00
573,1.5687885010,2024-12-02,2024-12-02 23:50:00,872974,95842.7975906814,60129.2000000000,89821.0442368071,19.0000000000,0.0002115317,19,0,2026-06-28 02:00:00
572,1.5660506502,2024-12-03,2024-12-03 23:50:00,873130,96000.7813507387,60129.2000000000,89821.0442368071,19.0000000000,0.0002115317,19,0,2026-06-28 02:00:00
571,1.5633127995,2024-12-04,2024-12-04 23:50:00,873277,98862.2595484548,60129.2000000000,89821.0442368071,19.0000000000,0.0002115317,19,0,2026-06-28 02:00:00
570,1.5605749487,2024-12-05,2024-12-05 23:50:00,873431,97124.8557188497,60129.2000000000,89821.0442368071,19.0000000000,0.0002115317,19,0,2026-06-28 02:00:00
569,1.5578370979,2024-12-06,2024-12-06 23:50:00,873569,99945.3170972673,60129.2000000000,89821.0442368071,19.0000000000,0.0002115317,19,0,2026-06-28 02:00:00
568,1.5550992471,2024-12-07,2024-12-07 23:50:00,873711,99805.3054116588,60129.2000000000,89821.0442368071,19.0000000000,0.0002115317,19,0,2026-06-28 02:00:00
567,1.5523613963,2024-12-08,2024-12-08 23:50:00,873856,101267.8228772039,60129.2000000000,89821.0442368071,19.0000000000,0.0002115317,19,0,2026-06-28 02:00:00
566,1.5496235455,2024-12-09,2024-12-09 23:50:00,874024,97465.9378311554,60129.2000000000,89821.0442368071,19.0000000000,0.0002115317,19,0,2026-06-28 02:00:00
565,1.5468856947,2024-12-10,2024-12-10 23:50:00,874175,96715.5724779245,60129.2000000000,89821.0442368071,19.0000000000,0.0002115317,19,0,2026-06-28 02:00:00
564,1.5441478439,2024-12-11,2024-12-11 23:50:00,874320,101175.2282635775,60129.2000000000,89821.0442368071,19.0000000000,0.0002115317,19,0,2026-06-28 02:00:00
563,1.5414099932,2024-12-12,2024-12-12 23:50:00,874466,100042.5938470034,60129.2000000000,89821.0442368071,19.0000000000,0.0002115317,19,0,2026-06-28 02:00:00
562,1.5386721424,2024-12-13,2024-12-13 23:50:00,874635,101369.2707038183,60129.2000000000,89821.0442368071,19.0000000000,0.0002115317,19,0,2026-06-28 02:00:00
561,1.5359342916,2024-12-14,2024-12-14 23:50:00,874797,101358.9618648732,60129.2000000000,89821.0442368071,19.0000000000,0.0002115317,19,0,2026-06-28 02:00:00
560,1.5331964408,2024-12-15,2024-12-15 23:50:00,874934,104597.5905002600,60129.2000000000,89821.0442368071,19.0000000000,0.0002115317,19,0,2026-06-28 02:00:00
559,1.5304585900,2024-12-16,2024-12-16 23:50:00,875080,105984.7430895704,60129.2000000000,89821.0442368071,19.0000000000,0.0002115317,19,0,2026-06-28 02:00:00
558,1.5277207392,2024-12-17,2024-12-17 23:50:00,875217,106102.9159597656,60129.2000000000,89821.0442368071,19.0000000000,0.0002115317,19,0,2026-06-28 02:00:00
557,1.5249828884,2024-12-18,2024-12-18 23:50:00,875362,100121.4727515069,60129.2000000000,89821.0442368071,19.0000000000,0.0002115317,19,0,2026-06-28 02:00:00
556,1.5222450376,2024-12-19,2024-12-19 23:50:00,875506,97622.6915091139,60129.2000000000,89821.0442368071,19.0000000000,0.0002115317,19,0,2026-06-28 02:00:00
555,1.5195071869,2024-12-20,2024-12-20 23:50:00,875657,97749.9403235650,60129.2000000000,89821.0442368071,19.0000000000,0.0002115317,19,0,2026-06-28 02:00:00
554,1.5167693361,2024-12-21,2024-12-21 23:50:00,875803,97204.0509214241,60129.2000000000,89821.0442368071,19.0000000000,0.0002115317,19,0,2026-06-28 02:00:00
553,1.5140314853,2024-12-22,2024-12-22 23:50:00,875957,95087.0063501526,60129.2000000000,89821.0442368071,19.0000000000,0.0002115317,19,0,2026-06-28 02:00:00
552,1.5112936345,2024-12-23,2024-12-23 23:50:00,876097,94707.5497505837,60129.2000000000,89821.0442368071,19.0000000000,0.0002115317,19,0,2026-06-28 02:00:00
551,1.5085557837,2024-12-24,2024-12-24 23:50:00,876229,98744.5950489427,60129.2000000000,89821.0442368071,19.0000000000,0.0002115317,19,0,2026-06-28 02:00:00
550,1.5058179329,2024-12-25,2024-12-25 23:50:00,876380,99475.4251874526,60129.2000000000,89821.0442368071,19.0000000000,0.0002115317,19,0,2026-06-28 02:00:00
549,1.5030800821,2024-12-26,2024-12-26 23:50:00,876508,95708.5197904997,60129.2000000000,89821.0442368071,19.0000000000,0.0002115317,19,0,2026-06-28 02:00:00
548,1.5003422313,2024-12-27,2024-12-27 23:50:00,876669,94305.7867796113,60129.2000000000,89821.0442368071,19.0000000000,0.0002115317,19,0,2026-06-28 02:00:00
547,1.4976043806,2024-12-28,2024-12-28 23:50:00,876809,95203.7505284988,60129.2000000000,89821.0442368071,19.0000000000,0.0002115317,19,0,2026-06-28 02:00:00
546,1.4948665298,2024-12-29,2024-12-29 23:50:00,876969,93620.0832300121,60129.2000000000,89821.0442368071,19.0000000000,0.0002115317,19,0,2026-06-28 02:00:00
545,1.4921286790,2024-12-30,2024-12-30 23:50:00,877128,92652.4841742503,60129.2000000000,89821.0442368071,19.0000000000,0.0002115317,19,0,2026-06-28 02:00:00
544,1.4893908282,2024-12-31,2024-12-31 23:50:00,877256,93460.4255271153,60129.2000000000,89821.0442368071,19.0000000000,0.0002115317,19,0,2026-06-28 02:00:00
543,1.4866529774,2025-01-01,2025-01-01 23:50:00,877393,94397.1460817957,60129.2000000000,89438.5771591842,18.0000000000,0.0002012554,18,0,2026-06-28 02:00:00
542,1.4839151266,2025-01-02,2025-01-02 23:50:00,877564,96861.9653197513,60129.2000000000,89438.5771591842,18.0000000000,0.0002012554,18,0,2026-06-28 02:00:00
541,1.4811772758,2025-01-03,2025-01-03 23:50:00,877705,98085.4536735983,60129.2000000000,89438.5771591842,18.0000000000,0.0002012554,18,0,2026-06-28 02:00:00
540,1.4784394251,2025-01-04,2025-01-04 23:50:00,877856,98271.5847665466,60129.2000000000,89438.5771591842,18.0000000000,0.0002012554,18,0,2026-06-28 02:00:00
539,1.4757015743,2025-01-05,2025-01-05 23:50:00,878012,98374.9555651139,60129.2000000000,89438.5771591842,18.0000000000,0.0002012554,18,0,2026-06-28 02:00:00
538,1.4729637235,2025-01-06,2025-01-06 23:50:00,878142,102236.7273123477,60129.2000000000,89438.5771591842,18.0000000000,0.0002012554,18,0,2026-06-28 02:00:00
537,1.4702258727,2025-01-07,2025-01-07 23:50:00,878277,96921.5569252403,60129.2000000000,89438.5771591842,18.0000000000,0.0002012554,18,0,2026-06-28 02:00:00
536,1.4674880219,2025-01-08,2025-01-08 23:50:00,878402,95019.7187997026,60129.2000000000,89438.5771591842,18.0000000000,0.0002012554,18,0,2026-06-28 02:00:00
535,1.4647501711,2025-01-09,2025-01-09 23:50:00,878554,92423.1405078937,60129.2000000000,89438.5771591842,18.0000000000,0.0002012554,18,0,2026-06-28 02:00:00
534,1.4620123203,2025-01-10,2025-01-10 23:50:00,878697,94744.9273643292,60129.2000000000,89438.5771591842,18.0000000000,0.0002012554,18,0,2026-06-28 02:00:00
533,1.4592744695,2025-01-11,2025-01-11 23:50:00,878836,94570.9642158644,60129.2000000000,89438.5771591842,18.0000000000,0.0002012554,18,0,2026-06-28 02:00:00
532,1.4565366188,2025-01-12,2025-01-12 23:50:00,879008,94458.1748317397,60129.2000000000,89438.5771591842,18.0000000000,0.0002012554,18,0,2026-06-28 02:00:00
531,1.4537987680,2025-01-13,2025-01-13 23:50:00,879135,94398.4142696792,60129.2000000000,89438.5771591842,18.0000000000,0.0002012554,18,0,2026-06-28 02:00:00
530,1.4510609172,2025-01-14,2025-01-14 23:50:00,879289,96579.2708869885,60129.2000000000,89438.5771591842,18.0000000000,0.0002012554,18,0,2026-06-28 02:00:00
529,1.4483230664,2025-01-15,2025-01-15 23:50:00,879428,100362.3732497324,60129.2000000000,89438.5771591842,18.0000000000,0.0002012554,18,0,2026-06-28 02:00:00
528,1.4455852156,2025-01-16,2025-01-16 23:50:00,879557,100033.4562703557,60129.2000000000,89438.5771591842,18.0000000000,0.0002012554,18,0,2026-06-28 02:00:00
527,1.4428473648,2025-01-17,2025-01-17 23:50:00,879707,104167.9247020675,60129.2000000000,89438.5771591842,18.0000000000,0.0002012554,18,0,2026-06-28 02:00:00
526,1.4401095140,2025-01-18,2025-01-18 23:50:00,879837,104325.9243694332,60129.2000000000,89438.5771591842,18.0000000000,0.0002012554,18,0,2026-06-28 02:00:00
525,1.4373716632,2025-01-19,2025-01-19 23:50:00,879985,101672.7690305871,60129.2000000000,89438.5771591842,18.0000000000,0.0002012554,18,0,2026-06-28 02:00:00
524,1.4346338125,2025-01-20,2025-01-20 23:50:00,880138,101944.4199465012,60129.2000000000,89438.5771591842,18.0000000000,0.0002012554,18,0,2026-06-28 02:00:00
523,1.4318959617,2025-01-21,2025-01-21 23:50:00,880271,106159.1582011072,60129.2000000000,89438.5771591842,18.0000000000,0.0002012554,18,0,2026-06-28 02:00:00
522,1.4291581109,2025-01-22,2025-01-22 23:50:00,880422,103725.7977935965,60129.2000000000,89438.5771591842,18.0000000000,0.0002012554,18,0,2026-06-28 02:00:00
521,1.4264202601,2025-01-23,2025-01-23 23:50:00,880557,104070.0735939163,60129.2000000000,89438.5771591842,18.0000000000,0.0002012554,18,0,2026-06-28 02:00:00
520,1.4236824093,2025-01-24,2025-01-24 23:50:00,880698,104746.0259560678,60129.2000000000,89438.5771591842,18.0000000000,0.0002012554,18,0,2026-06-28 02:00:00
519,1.4209445585,2025-01-25,2025-01-25 23:50:00,880825,104801.6433315886,60129.2000000000,89438.5771591842,18.0000000000,0.0002012554,18,0,2026-06-28 02:00:00
518,1.4182067077,2025-01-26,2025-01-26 23:50:00,880961,102597.0136757683,60129.2000000000,89438.5771591842,18.0000000000,0.0002012554,18,0,2026-06-28 02:00:00
517,1.4154688569,2025-01-27,2025-01-27 23:50:00,881117,101909.2432034657,60129.2000000000,89438.5771591842,18.0000000000,0.0002012554,18,0,2026-06-28 02:00:00
516,1.4127310062,2025-01-28,2025-01-28 23:50:00,881267,101270.9868644747,60129.2000000000,89438.5771591842,18.0000000000,0.0002012554,18,0,2026-06-28 02:00:00
515,1.4099931554,2025-01-29,2025-01-29 23:50:00,881419,103749.3103057853,60129.2000000000,89438.5771591842,18.0000000000,0.0002012554,18,0,2026-06-28 02:00:00
514,1.4072553046,2025-01-30,2025-01-30 23:50:00,881564,104823.2115465023,60129.2000000000,89438.5771591842,18.0000000000,0.0002012554,18,0,2026-06-28 02:00:00
513,1.4045174538,2025-01-31,2025-01-31 23:50:00,881692,102378.8398175263,60129.2000000000,89438.5771591842,18.0000000000,0.0002012554,18,0,2026-06-28 02:00:00
512,1.4017796030,2025-02-01,2025-02-01 23:50:00,881874,100644.2063149785,60129.2000000000,89163.0695616844,17.0000000000,0.0001906619,17,0,2026-06-28 02:00:00
511,1.3990417522,2025-02-02,2025-02-02 23:50:00,882047,97468.7000000000,60129.2000000000,89163.0695616844,17.0000000000,0.0001906619,17,0,2026-06-28 02:00:00
510,1.3963039014,2025-02-03,2025-02-03 23:50:00,882199,101578.0000000000,60129.2000000000,89163.0695616844,17.0000000000,0.0001906619,17,0,2026-06-28 02:00:00
509,1.3935660507,2025-02-04,2025-02-04 23:50:00,882331,97926.3000000000,60129.2000000000,89163.0695616844,17.0000000000,0.0001906619,17,0,2026-06-28 02:00:00
508,1.3908281999,2025-02-05,2025-02-05 23:50:00,882474,96518.8000000000,60129.2000000000,89163.0695616844,17.0000000000,0.0001906619,17,0,2026-06-28 02:00:00
507,1.3880903491,2025-02-06,2025-02-06 23:50:00,882619,96419.8000000000,60129.2000000000,89163.0695616844,17.0000000000,0.0001906619,17,0,2026-06-28 02:00:00
506,1.3853524983,2025-02-07,2025-02-07 23:50:00,882792,96475.8000000000,60129.2000000000,89163.0695616844,17.0000000000,0.0001906619,17,0,2026-06-28 02:00:00
505,1.3826146475,2025-02-08,2025-02-08 23:50:00,882952,96617.7000000000,60129.2000000000,89163.0695616844,17.0000000000,0.0001906619,17,0,2026-06-28 02:00:00
504,1.3798767967,2025-02-09,2025-02-09 23:50:00,883096,96400.5000000000,60129.2000000000,89163.0695616844,17.0000000000,0.0001906619,17,0,2026-06-28 02:00:00
503,1.3771389459,2025-02-10,2025-02-10 23:50:00,883235,97347.3000000000,60129.2000000000,89163.0695616844,17.0000000000,0.0001906619,17,0,2026-06-28 02:00:00
502,1.3744010951,2025-02-11,2025-02-11 23:50:00,883357,95830.3000000000,60129.2000000000,89163.0695616844,17.0000000000,0.0001906619,17,0,2026-06-28 02:00:00
501,1.3716632444,2025-02-12,2025-02-12 23:50:00,883492,97672.7000000000,60129.2000000000,89163.0695616844,17.0000000000,0.0001906619,17,0,2026-06-28 02:00:00
500,1.3689253936,2025-02-13,2025-02-13 23:50:00,883646,96567.8000000000,60129.2000000000,89163.0695616844,17.0000000000,0.0001906619,17,0,2026-06-28 02:00:00
499,1.3661875428,2025-02-14,2025-02-14 23:50:00,883799,97439.8000000000,60129.2000000000,89163.0695616844,17.0000000000,0.0001906619,17,0,2026-06-28 02:00:00
498,1.3634496920,2025-02-15,2025-02-15 23:50:00,883961,97572.4000000000,60129.2000000000,89163.0695616844,17.0000000000,0.0001906619,17,0,2026-06-28 02:00:00
497,1.3607118412,2025-02-16,2025-02-16 23:50:00,884113,96152.4000000000,60129.2000000000,89163.0695616844,17.0000000000,0.0001906619,17,0,2026-06-28 02:00:00
496,1.3579739904,2025-02-17,2025-02-17 23:50:00,884249,95762.5000000000,60129.2000000000,89163.0695616844,17.0000000000,0.0001906619,17,0,2026-06-28 02:00:00
495,1.3552361396,2025-02-18,2025-02-18 23:50:00,884389,95342.7000000000,60129.2000000000,89163.0695616844,17.0000000000,0.0001906619,17,0,2026-06-28 02:00:00
494,1.3524982888,2025-02-19,2025-02-19 23:50:00,884516,96592.2000000000,60129.2000000000,89163.0695616844,17.0000000000,0.0001906619,17,0,2026-06-28 02:00:00
493,1.3497604381,2025-02-20,2025-02-20 23:50:00,884645,98408.2000000000,60129.2000000000,89163.0695616844,17.0000000000,0.0001906619,17,0,2026-06-28 02:00:00
492,1.3470225873,2025-02-21,2025-02-21 23:50:00,884774,96144.6000000000,60129.2000000000,89163.0695616844,17.0000000000,0.0001906619,17,0,2026-06-28 02:00:00
491,1.3442847365,2025-02-22,2025-02-22 23:50:00,884914,96603.4000000000,60129.2000000000,89163.0695616844,17.0000000000,0.0001906619,17,0,2026-06-28 02:00:00
490,1.3415468857,2025-02-23,2025-02-23 23:50:00,885043,96076.7000000000,60129.2000000000,89163.0695616844,17.0000000000,0.0001906619,17,0,2026-06-28 02:00:00
489,1.3388090349,2025-02-24,2025-02-24 23:50:00,885172,91780.5000000000,60129.2000000000,89163.0695616844,17.0000000000,0.0001906619,17,0,2026-06-28 02:00:00
488,1.3360711841,2025-02-25,2025-02-25 23:50:00,885318,88754.6000000000,60129.2000000000,89163.0695616844,17.0000000000,0.0001906619,17,0,2026-06-28 02:00:00
487,1.3333333333,2025-02-26,2025-02-26 23:50:00,885475,83882.8000000000,60129.2000000000,89163.0695616844,17.0000000000,0.0001906619,17,0,2026-06-28 02:00:00
486,1.3305954825,2025-02-27,2025-02-27 23:50:00,885627,84625.2000000000,60129.2000000000,89163.0695616844,17.0000000000,0.0001906619,17,0,2026-06-28 02:00:00
485,1.3278576318,2025-02-28,2025-02-28 23:50:00,885782,84438.5000000000,60129.2000000000,89163.0695616844,17.0000000000,0.0001906619,17,0,2026-06-28 02:00:00
484,1.3251197810,2025-03-01,2025-03-01 23:50:00,885924,85841.8000000000,60129.2000000000,88531.8569009416,16.0000000000,0.0001807259,16,0,2026-06-28 02:00:00
483,1.3223819302,2025-03-02,2025-03-02 23:50:00,886053,94286.7000000000,60129.2000000000,88531.8569009416,16.0000000000,0.0001807259,16,0,2026-06-28 02:00:00
482,1.3196440794,2025-03-03,2025-03-03 23:50:00,886203,86384.8000000000,60129.2000000000,88531.8569009416,16.0000000000,0.0001807259,16,0,2026-06-28 02:00:00
481,1.3169062286,2025-03-04,2025-03-04 23:50:00,886347,87334.8000000000,60129.2000000000,88531.8569009416,16.0000000000,0.0001807259,16,0,2026-06-28 02:00:00
480,1.3141683778,2025-03-05,2025-03-05 23:50:00,886483,90825.3000000000,60129.2000000000,88531.8569009416,16.0000000000,0.0001807259,16,0,2026-06-28 02:00:00
479,1.3114305270,2025-03-06,2025-03-06 23:50:00,886652,90036.2000000000,60129.2000000000,88531.8569009416,16.0000000000,0.0001807259,16,0,2026-06-28 02:00:00
478,1.3086926762,2025-03-07,2025-03-07 23:50:00,886792,86671.3000000000,60129.2000000000,88531.8569009416,16.0000000000,0.0001807259,16,0,2026-06-28 02:00:00
477,1.3059548255,2025-03-08,2025-03-08 23:50:00,886931,86089.5000000000,60129.2000000000,88531.8569009416,16.0000000000,0.0001807259,16,0,2026-06-28 02:00:00
476,1.3032169747,2025-03-09,2025-03-09 23:50:00,887090,80467.4000000000,60129.2000000000,88531.8569009416,16.0000000000,0.0001807259,16,0,2026-06-28 02:00:00
475,1.3004791239,2025-03-10,2025-03-10 23:50:00,887244,78926.0000000000,60129.2000000000,88531.8569009416,16.0000000000,0.0001807259,16,0,2026-06-28 02:00:00
474,1.2977412731,2025-03-11,2025-03-11 23:50:00,887381,82667.3000000000,60129.2000000000,88531.8569009416,16.0000000000,0.0001807259,16,0,2026-06-28 02:00:00
473,1.2950034223,2025-03-12,2025-03-12 23:50:00,887536,83688.5000000000,60129.2000000000,88531.8569009416,16.0000000000,0.0001807259,16,0,2026-06-28 02:00:00
472,1.2922655715,2025-03-13,2025-03-13 23:50:00,887694,81126.7000000000,60129.2000000000,88531.8569009416,16.0000000000,0.0001807259,16,0,2026-06-28 02:00:00
471,1.2895277207,2025-03-14,2025-03-14 23:50:00,887837,84055.2000000000,60129.2000000000,88531.8569009416,16.0000000000,0.0001807259,16,0,2026-06-28 02:00:00
470,1.2867898700,2025-03-15,2025-03-15 23:50:00,887969,84375.0000000000,60129.2000000000,88531.8569009416,16.0000000000,0.0001807259,16,0,2026-06-28 02:00:00
469,1.2840520192,2025-03-16,2025-03-16 23:50:00,888114,82593.2000000000,60129.2000000000,88531.8569009416,16.0000000000,0.0001807259,16,0,2026-06-28 02:00:00
468,1.2813141684,2025-03-17,2025-03-17 23:50:00,888254,84110.0000000000,60129.2000000000,88531.8569009416,16.0000000000,0.0001807259,16,0,2026-06-28 02:00:00
467,1.2785763176,2025-03-18,2025-03-18 23:50:00,888396,82673.8000000000,60129.2000000000,88531.8569009416,16.0000000000,0.0001807259,16,0,2026-06-28 02:00:00
466,1.2758384668,2025-03-19,2025-03-19 23:50:00,888547,86859.7000000000,60129.2000000000,88531.8569009416,16.0000000000,0.0001807259,16,0,2026-06-28 02:00:00
465,1.2731006160,2025-03-20,2025-03-20 23:50:00,888688,84207.8000000000,60129.2000000000,88531.8569009416,16.0000000000,0.0001807259,16,0,2026-06-28 02:00:00
464,1.2703627652,2025-03-21,2025-03-21 23:50:00,888834,84046.6000000000,60129.2000000000,88531.8569009416,16.0000000000,0.0001807259,16,0,2026-06-28 02:00:00
463,1.2676249144,2025-03-22,2025-03-22 23:50:00,888984,83767.2000000000,60129.2000000000,88531.8569009416,16.0000000000,0.0001807259,16,0,2026-06-28 02:00:00
462,1.2648870637,2025-03-23,2025-03-23 23:50:00,889141,85687.8000000000,60129.2000000000,88531.8569009416,16.0000000000,0.0001807259,16,0,2026-06-28 02:00:00
461,1.2621492129,2025-03-24,2025-03-24 23:50:00,889292,87259.2000000000,60129.2000000000,88531.8569009416,16.0000000000,0.0001807259,16,0,2026-06-28 02:00:00
460,1.2594113621,2025-03-25,2025-03-25 23:50:00,889441,87404.7000000000,60129.2000000000,88531.8569009416,16.0000000000,0.0001807259,16,0,2026-06-28 02:00:00
459,1.2566735113,2025-03-26,2025-03-26 23:50:00,889596,86879.2000000000,60129.2000000000,88531.8569009416,16.0000000000,0.0001807259,16,0,2026-06-28 02:00:00
458,1.2539356605,2025-03-27,2025-03-27 23:50:00,889742,87157.7000000000,60129.2000000000,88531.8569009416,16.0000000000,0.0001807259,16,0,2026-06-28 02:00:00
457,1.2511978097,2025-03-28,2025-03-28 23:50:00,889897,84338.7000000000,60129.2000000000,88531.8569009416,16.0000000000,0.0001807259,16,0,2026-06-28 02:00:00
456,1.2484599589,2025-03-29,2025-03-29 23:50:00,890038,82494.3000000000,60129.2000000000,88531.8569009416,16.0000000000,0.0001807259,16,0,2026-06-28 02:00:00
455,1.2457221081,2025-03-30,2025-03-30 23:50:00,890176,82290.5000000000,60129.2000000000,88531.8569009416,16.0000000000,0.0001807259,16,0,2026-06-28 02:00:00
454,1.2429842574,2025-03-31,2025-03-31 23:50:00,890324,82416.7000000000,60129.2000000000,88531.8569009416,16.0000000000,0.0001807259,16,0,2026-06-28 02:00:00
453,1.2402464066,2025-04-01,2025-04-01 23:50:00,890457,85166.0000000000,60129.2000000000,88717.2011965420,15.0000000000,0.0001690766,15,0,2026-06-28 02:00:00
452,1.2375085558,2025-04-02,2025-04-02 23:50:00,890630,82554.8000000000,60129.2000000000,88717.2011965420,15.0000000000,0.0001690766,15,0,2026-06-28 02:00:00
451,1.2347707050,2025-04-03,2025-04-03 23:50:00,890782,83112.7000000000,60129.2000000000,88717.2011965420,15.0000000000,0.0001690766,15,0,2026-06-28 02:00:00
450,1.2320328542,2025-04-04,2025-04-04 23:50:00,890963,83846.5000000000,60129.2000000000,88717.2011965420,15.0000000000,0.0001690766,15,0,2026-06-28 02:00:00
449,1.2292950034,2025-04-05,2025-04-05 23:50:00,891126,83262.8000000000,60129.2000000000,88717.2011965420,15.0000000000,0.0001690766,15,0,2026-06-28 02:00:00
448,1.2265571526,2025-04-06,2025-04-06 23:50:00,891272,78443.5000000000,60129.2000000000,88717.2011965420,15.0000000000,0.0001690766,15,0,2026-06-28 02:00:00
447,1.2238193018,2025-04-07,2025-04-07 23:50:00,891417,79333.0000000000,60129.2000000000,88717.2011965420,15.0000000000,0.0001690766,15,0,2026-06-28 02:00:00
446,1.2210814511,2025-04-08,2025-04-08 23:50:00,891568,76386.5000000000,60129.2000000000,88717.2011965420,15.0000000000,0.0001690766,15,0,2026-06-28 02:00:00
445,1.2183436003,2025-04-09,2025-04-09 23:50:00,891700,82677.0000000000,60129.2000000000,88717.2011965420,15.0000000000,0.0001690766,15,0,2026-06-28 02:00:00
444,1.2156057495,2025-04-10,2025-04-10 23:50:00,891843,79634.8000000000,60129.2000000000,88717.2011965420,15.0000000000,0.0001690766,15,0,2026-06-28 02:00:00
443,1.2128678987,2025-04-11,2025-04-11 23:50:00,891992,83389.0000000000,60129.2000000000,88717.2011965420,15.0000000000,0.0001690766,15,0,2026-06-28 02:00:00
442,1.2101300479,2025-04-12,2025-04-12 23:50:00,892135,85327.3000000000,60129.2000000000,88717.2011965420,15.0000000000,0.0001690766,15,0,2026-06-28 02:00:00
441,1.2073921971,2025-04-13,2025-04-13 23:50:00,892308,83521.5000000000,60129.2000000000,88717.2011965420,15.0000000000,0.0001690766,15,0,2026-06-28 02:00:00
440,1.2046543463,2025-04-14,2025-04-14 23:50:00,892457,84505.8000000000,60129.2000000000,88717.2011965420,15.0000000000,0.0001690766,15,0,2026-06-28 02:00:00
439,1.2019164956,2025-04-15,2025-04-15 23:50:00,892601,83654.2000000000,60129.2000000000,88717.2011965420,15.0000000000,0.0001690766,15,0,2026-06-28 02:00:00
438,1.1991786448,2025-04-16,2025-04-16 23:50:00,892749,84157.4000000000,60129.2000000000,88717.2011965420,15.0000000000,0.0001690766,15,0,2026-06-28 02:00:00
437,1.1964407940,2025-04-17,2025-04-17 23:50:00,892901,84914.0000000000,60129.2000000000,88717.2011965420,15.0000000000,0.0001690766,15,0,2026-06-28 02:00:00
436,1.1937029432,2025-04-18,2025-04-18 23:50:00,893039,84447.8000000000,60129.2000000000,88717.2011965420,15.0000000000,0.0001690766,15,0,2026-06-28 02:00:00
435,1.1909650924,2025-04-19,2025-04-19 23:50:00,893176,85129.5000000000,60129.2000000000,88717.2011965420,15.0000000000,0.0001690766,15,0,2026-06-28 02:00:00
434,1.1882272416,2025-04-20,2025-04-20 23:50:00,893299,85068.5000000000,60129.2000000000,88717.2011965420,15.0000000000,0.0001690766,15,0,2026-06-28 02:00:00
433,1.1854893908,2025-04-21,2025-04-21 23:50:00,893427,87337.3000000000,60129.2000000000,88717.2011965420,15.0000000000,0.0001690766,15,0,2026-06-28 02:00:00
432,1.1827515400,2025-04-22,2025-04-22 23:50:00,893581,93620.2000000000,60129.2000000000,88717.2011965420,15.0000000000,0.0001690766,15,0,2026-06-28 02:00:00
431,1.1800136893,2025-04-23,2025-04-23 23:50:00,893695,93629.0000000000,60129.2000000000,88717.2011965420,15.0000000000,0.0001690766,15,0,2026-06-28 02:00:00
430,1.1772758385,2025-04-24,2025-04-24 23:50:00,893835,93913.7000000000,60129.2000000000,88717.2011965420,15.0000000000,0.0001690766,15,0,2026-06-28 02:00:00
429,1.1745379877,2025-04-25,2025-04-25 23:50:00,893979,94788.8000000000,60129.2000000000,88717.2011965420,15.0000000000,0.0001690766,15,0,2026-06-28 02:00:00
428,1.1718001369,2025-04-26,2025-04-26 23:50:00,894114,94663.5000000000,60129.2000000000,88717.2011965420,15.0000000000,0.0001690766,15,0,2026-06-28 02:00:00
427,1.1690622861,2025-04-27,2025-04-27 23:50:00,894247,93780.5000000000,60129.2000000000,88717.2011965420,15.0000000000,0.0001690766,15,0,2026-06-28 02:00:00
426,1.1663244353,2025-04-28,2025-04-28 23:50:00,894389,95039.7000000000,60129.2000000000,88717.2011965420,15.0000000000,0.0001690766,15,0,2026-06-28 02:00:00
425,1.1635865845,2025-04-29,2025-04-29 23:50:00,894536,94220.2000000000,60129.2000000000,88717.2011965420,15.0000000000,0.0001690766,15,0,2026-06-28 02:00:00
424,1.1608487337,2025-04-30,2025-04-30 23:50:00,894667,94227.3000000000,60129.2000000000,88717.2011965420,15.0000000000,0.0001690766,15,0,2026-06-28 02:00:00
423,1.1581108830,2025-05-01,2025-05-01 23:50:00,894803,96403.2000000000,60129.2000000000,88982.2246151129,14.0000000000,0.0001573348,14,0,2026-06-28 02:00:00
422,1.1553730322,2025-05-02,2025-05-02 23:50:00,894962,96853.8000000000,60129.2000000000,88982.2246151129,14.0000000000,0.0001573348,14,0,2026-06-28 02:00:00
421,1.1526351814,2025-05-03,2025-05-03 23:50:00,895123,95934.2000000000,60129.2000000000,88982.2246151129,14.0000000000,0.0001573348,14,0,2026-06-28 02:00:00
420,1.1498973306,2025-05-04,2025-05-04 23:50:00,895265,94265.3000000000,60129.2000000000,88982.2246151129,14.0000000000,0.0001573348,14,0,2026-06-28 02:00:00
419,1.1471594798,2025-05-05,2025-05-05 23:50:00,895438,94824.8000000000,60129.2000000000,88982.2246151129,14.0000000000,0.0001573348,14,0,2026-06-28 02:00:00
418,1.1444216290,2025-05-06,2025-05-06 23:50:00,895578,96840.0000000000,60129.2000000000,88982.2246151129,14.0000000000,0.0001573348,14,0,2026-06-28 02:00:00
417,1.1416837782,2025-05-07,2025-05-07 23:50:00,895727,97005.7000000000,60129.2000000000,88982.2246151129,14.0000000000,0.0001573348,14,0,2026-06-28 02:00:00
416,1.1389459274,2025-05-08,2025-05-08 23:50:00,895888,103112.0000000000,60129.2000000000,88982.2246151129,14.0000000000,0.0001573348,14,0,2026-06-28 02:00:00
415,1.1362080767,2025-05-09,2025-05-09 23:50:00,896024,102954.0000000000,60129.2000000000,88982.2246151129,14.0000000000,0.0001573348,14,0,2026-06-28 02:00:00
414,1.1334702259,2025-05-10,2025-05-10 23:50:00,896178,104561.0000000000,60129.2000000000,88982.2246151129,14.0000000000,0.0001573348,14,0,2026-06-28 02:00:00
413,1.1307323751,2025-05-11,2025-05-11 23:50:00,896326,103987.0000000000,60129.2000000000,88982.2246151129,14.0000000000,0.0001573348,14,0,2026-06-28 02:00:00
412,1.1279945243,2025-05-12,2025-05-12 23:50:00,896472,102949.0000000000,60129.2000000000,88982.2246151129,14.0000000000,0.0001573348,14,0,2026-06-28 02:00:00
411,1.1252566735,2025-05-13,2025-05-13 23:50:00,896601,104220.0000000000,60129.2000000000,88982.2246151129,14.0000000000,0.0001573348,14,0,2026-06-28 02:00:00
410,1.1225188227,2025-05-14,2025-05-14 23:50:00,896745,103597.0000000000,60129.2000000000,88982.2246151129,14.0000000000,0.0001573348,14,0,2026-06-28 02:00:00
409,1.1197809719,2025-05-15,2025-05-15 23:50:00,896889,103755.0000000000,60129.2000000000,88982.2246151129,14.0000000000,0.0001573348,14,0,2026-06-28 02:00:00
408,1.1170431211,2025-05-16,2025-05-16 23:50:00,897027,103545.0000000000,60129.2000000000,88982.2246151129,14.0000000000,0.0001573348,14,0,2026-06-28 02:00:00
407,1.1143052704,2025-05-17,2025-05-17 23:50:00,897170,103214.0000000000,60129.2000000000,88982.2246151129,14.0000000000,0.0001573348,14,0,2026-06-28 02:00:00
406,1.1115674196,2025-05-18,2025-05-18 23:50:00,897332,105884.0000000000,60129.2000000000,88982.2246151129,14.0000000000,0.0001573348,14,0,2026-06-28 02:00:00
405,1.1088295688,2025-05-19,2025-05-19 23:50:00,897474,105631.0000000000,60129.2000000000,88982.2246151129,14.0000000000,0.0001573348,14,0,2026-06-28 02:00:00
404,1.1060917180,2025-05-20,2025-05-20 23:50:00,897619,106892.0000000000,60129.2000000000,88982.2246151129,14.0000000000,0.0001573348,14,0,2026-06-28 02:00:00
403,1.1033538672,2025-05-21,2025-05-21 23:50:00,897765,109697.0000000000,60129.2000000000,88982.2246151129,14.0000000000,0.0001573348,14,0,2026-06-28 02:00:00
402,1.1006160164,2025-05-22,2025-05-22 23:50:00,897916,111518.0000000000,60129.2000000000,88982.2246151129,14.0000000000,0.0001573348,14,0,2026-06-28 02:00:00
401,1.0978781656,2025-05-23,2025-05-23 23:50:00,898070,107198.0000000000,60129.2000000000,88982.2246151129,14.0000000000,0.0001573348,14,0,2026-06-28 02:00:00
400,1.0951403149,2025-05-24,2025-05-24 23:50:00,898211,107847.0000000000,60129.2000000000,88982.2246151129,14.0000000000,0.0001573348,14,0,2026-06-28 02:00:00
399,1.0924024641,2025-05-25,2025-05-25 23:50:00,898362,108889.0000000000,60129.2000000000,88982.2246151129,14.0000000000,0.0001573348,14,0,2026-06-28 02:00:00
398,1.0896646133,2025-05-26,2025-05-26 23:50:00,898514,109394.0000000000,60129.2000000000,88982.2246151129,14.0000000000,0.0001573348,14,0,2026-06-28 02:00:00
397,1.0869267625,2025-05-27,2025-05-27 23:50:00,898656,109109.0000000000,60129.2000000000,88982.2246151129,14.0000000000,0.0001573348,14,0,2026-06-28 02:00:00
396,1.0841889117,2025-05-28,2025-05-28 23:50:00,898819,107842.0000000000,60129.2000000000,88982.2246151129,14.0000000000,0.0001573348,14,0,2026-06-28 02:00:00
395,1.0814510609,2025-05-29,2025-05-29 23:50:00,898978,105612.0000000000,60129.2000000000,88982.2246151129,14.0000000000,0.0001573348,14,0,2026-06-28 02:00:00
394,1.0787132101,2025-05-30,2025-05-30 23:50:00,899133,104038.0000000000,60129.2000000000,88982.2246151129,14.0000000000,0.0001573348,14,0,2026-06-28 02:00:00
393,1.0759753593,2025-05-31,2025-05-31 23:50:00,899295,104710.0000000000,60129.2000000000,88982.2246151129,14.0000000000,0.0001573348,14,0,2026-06-28 02:00:00
392,1.0732375086,2025-06-01,2025-06-01 23:50:00,899428,105750.0000000000,60129.2000000000,88458.4247407812,13.0000000000,0.0001469617,13,0,2026-06-28 02:00:00
391,1.0704996578,2025-06-02,2025-06-02 23:50:00,899562,105914.0000000000,60129.2000000000,88458.4247407812,13.0000000000,0.0001469617,13,0,2026-06-28 02:00:00
390,1.0677618070,2025-06-03,2025-06-03 23:50:00,899705,105432.0000000000,60129.2000000000,88458.4247407812,13.0000000000,0.0001469617,13,0,2026-06-28 02:00:00
389,1.0650239562,2025-06-04,2025-06-04 23:50:00,899830,104815.0000000000,60129.2000000000,88458.4247407812,13.0000000000,0.0001469617,13,0,2026-06-28 02:00:00
388,1.0622861054,2025-06-05,2025-06-05 23:50:00,899964,101660.0000000000,60129.2000000000,88458.4247407812,13.0000000000,0.0001469617,13,0,2026-06-28 02:00:00
387,1.0595482546,2025-06-06,2025-06-06 23:50:00,900098,104430.0000000000,60129.2000000000,88458.4247407812,13.0000000000,0.0001469617,13,0,2026-06-28 02:00:00
386,1.0568104038,2025-06-07,2025-06-07 23:50:00,900243,105683.0000000000,60129.2000000000,88458.4247407812,13.0000000000,0.0001469617,13,0,2026-06-28 02:00:00
385,1.0540725530,2025-06-08,2025-06-08 23:50:00,900395,105706.0000000000,60129.2000000000,88458.4247407812,13.0000000000,0.0001469617,13,0,2026-06-28 02:00:00
384,1.0513347023,2025-06-09,2025-06-09 23:50:00,900536,110227.0000000000,60129.2000000000,88458.4247407812,13.0000000000,0.0001469617,13,0,2026-06-28 02:00:00
383,1.0485968515,2025-06-10,2025-06-10 23:50:00,900703,110148.0000000000,60129.2000000000,88458.4247407812,13.0000000000,0.0001469617,13,0,2026-06-28 02:00:00
382,1.0458590007,2025-06-11,2025-06-11 23:50:00,900845,108642.0000000000,60129.2000000000,88458.4247407812,13.0000000000,0.0001469617,13,0,2026-06-28 02:00:00
381,1.0431211499,2025-06-12,2025-06-12 23:50:00,900994,106044.0000000000,60129.2000000000,88458.4247407812,13.0000000000,0.0001469617,13,0,2026-06-28 02:00:00
380,1.0403832991,2025-06-13,2025-06-13 23:50:00,901138,106104.0000000000,60129.2000000000,88458.4247407812,13.0000000000,0.0001469617,13,0,2026-06-28 02:00:00
379,1.0376454483,2025-06-14,2025-06-14 23:50:00,901289,105495.0000000000,60129.2000000000,88458.4247407812,13.0000000000,0.0001469617,13,0,2026-06-28 02:00:00
378,1.0349075975,2025-06-15,2025-06-15 23:50:00,901426,105573.0000000000,60129.2000000000,88458.4247407812,13.0000000000,0.0001469617,13,0,2026-06-28 02:00:00
377,1.0321697467,2025-06-16,2025-06-16 23:50:00,901571,107124.0000000000,60129.2000000000,88458.4247407812,13.0000000000,0.0001469617,13,0,2026-06-28 02:00:00
376,1.0294318960,2025-06-17,2025-06-17 23:50:00,901690,104710.0000000000,60129.2000000000,88458.4247407812,13.0000000000,0.0001469617,13,0,2026-06-28 02:00:00
375,1.0266940452,2025-06-18,2025-06-18 23:50:00,901830,104742.0000000000,60129.2000000000,88458.4247407812,13.0000000000,0.0001469617,13,0,2026-06-28 02:00:00
374,1.0239561944,2025-06-19,2025-06-19 23:50:00,901956,104715.0000000000,60129.2000000000,88458.4247407812,13.0000000000,0.0001469617,13,0,2026-06-28 02:00:00
373,1.0212183436,2025-06-20,2025-06-20 23:50:00,902108,103301.0000000000,60129.2000000000,88458.4247407812,13.0000000000,0.0001469617,13,0,2026-06-28 02:00:00
372,1.0184804928,2025-06-21,2025-06-21 23:50:00,902247,101451.0000000000,60129.2000000000,88458.4247407812,13.0000000000,0.0001469617,13,0,2026-06-28 02:00:00
371,1.0157426420,2025-06-22,2025-06-22 23:50:00,902356,100836.0000000000,60129.2000000000,88458.4247407812,13.0000000000,0.0001469617,13,0,2026-06-28 02:00:00
370,1.0130047912,2025-06-23,2025-06-23 23:50:00,902462,105467.5100000000,60129.2000000000,88458.4247407812,13.0000000000,0.0001469617,13,0,2026-06-28 02:00:00
369,1.0102669405,2025-06-24,2025-06-24 23:50:00,902578,105962.0000000000,60129.2000000000,88458.4247407812,13.0000000000,0.0001469617,13,0,2026-06-28 02:00:00
368,1.0075290897,2025-06-25,2025-06-25 23:50:00,902723,107244.0000000000,60129.2000000000,88458.4247407812,13.0000000000,0.0001469617,13,0,2026-06-28 02:00:00
367,1.0047912389,2025-06-26,2025-06-26 23:50:00,902879,106983.0000000000,60129.2000000000,88458.4247407812,13.0000000000,0.0001469617,13,0,2026-06-28 02:00:00
366,1.0020533881,2025-06-27,2025-06-27 23:50:00,902995,107071.0000000000,60129.2000000000,88458.4247407812,13.0000000000,0.0001469617,13,0,2026-06-28 02:00:00
365,0.9993155373,2025-06-28,2025-06-28 23:50:00,903140,107340.0000000000,60129.2000000000,88458.4247407812,13.0000000000,0.0001469617,13,0,2026-06-28 02:00:00
364,0.9965776865,2025-06-29,2025-06-29 23:50:00,903308,108389.0000000000,60129.2000000000,88458.4247407812,13.0000000000,0.0001469617,13,0,2026-06-28 02:00:00
363,0.9938398357,2025-06-30,2025-06-30 23:50:00,903452,107152.0000000000,60129.2000000000,88458.4247407812,13.0000000000,0.0001469617,13,0,2026-06-28 02:00:00
362,0.9911019849,2025-07-01,2025-07-01 23:50:00,903588,105590.0000000000,60129.2000000000,87269.2810519493,12.0000000000,0.0001375054,12,0,2026-06-28 02:00:00
361,0.9883641342,2025-07-02,2025-07-02 23:50:00,903740,108860.0000000000,60129.2000000000,87269.2810519493,12.0000000000,0.0001375054,12,0,2026-06-28 02:00:00
360,0.9856262834,2025-07-03,2025-07-03 23:50:00,903891,109604.0000000000,60129.2000000000,87269.2810519493,12.0000000000,0.0001375054,12,0,2026-06-28 02:00:00
359,0.9828884326,2025-07-04,2025-07-04 23:50:00,904051,108068.0000000000,60129.2000000000,87269.2810519493,12.0000000000,0.0001375054,12,0,2026-06-28 02:00:00
358,0.9801505818,2025-07-05,2025-07-05 23:50:00,904205,108239.0000000000,60129.2000000000,87269.2810519493,12.0000000000,0.0001375054,12,0,2026-06-28 02:00:00
357,0.9774127310,2025-07-06,2025-07-06 23:50:00,904366,109177.0000000000,60129.2000000000,87269.2810519493,12.0000000000,0.0001375054,12,0,2026-06-28 02:00:00
356,0.9746748802,2025-07-07,2025-07-07 23:50:00,904518,108264.0000000000,60129.2000000000,87269.2810519493,12.0000000000,0.0001375054,12,0,2026-06-28 02:00:00
355,0.9719370294,2025-07-08,2025-07-08 23:50:00,904660,108991.2900000000,60129.2000000000,87269.2810519493,12.0000000000,0.0001375054,12,0,2026-06-28 02:00:00
354,0.9691991786,2025-07-09,2025-07-09 23:50:00,904825,111403.3600000000,60129.2000000000,87269.2810519493,12.0000000000,0.0001375054,12,0,2026-06-28 02:00:00
353,0.9664613279,2025-07-10,2025-07-10 23:50:00,904995,115865.3900000000,60129.2000000000,87269.2810519493,12.0000000000,0.0001375054,12,0,2026-06-28 02:00:00
352,0.9637234771,2025-07-11,2025-07-11 23:50:00,905146,117589.0000000000,60129.2000000000,87269.2810519493,12.0000000000,0.0001375054,12,0,2026-06-28 02:00:00
351,0.9609856263,2025-07-12,2025-07-12 23:50:00,905293,117393.0000000000,60129.2000000000,87269.2810519493,12.0000000000,0.0001375054,12,0,2026-06-28 02:00:00
350,0.9582477755,2025-07-13,2025-07-13 23:50:00,905432,118910.0000000000,60129.2000000000,87269.2810519493,12.0000000000,0.0001375054,12,0,2026-06-28 02:00:00
349,0.9555099247,2025-07-14,2025-07-14 23:50:00,905577,119861.0000000000,60129.2000000000,87269.2810519493,12.0000000000,0.0001375054,12,0,2026-06-28 02:00:00
348,0.9527720739,2025-07-15,2025-07-15 23:50:00,905741,117725.0000000000,60129.2000000000,87269.2810519493,12.0000000000,0.0001375054,12,0,2026-06-28 02:00:00
347,0.9500342231,2025-07-16,2025-07-16 23:50:00,905871,118843.0000000000,60129.2000000000,87269.2810519493,12.0000000000,0.0001375054,12,0,2026-06-28 02:00:00
346,0.9472963723,2025-07-17,2025-07-17 23:50:00,906008,119497.0000000000,60129.2000000000,87269.2810519493,12.0000000000,0.0001375054,12,0,2026-06-28 02:00:00
345,0.9445585216,2025-07-18,2025-07-18 23:50:00,906152,117994.0000000000,60129.2000000000,87269.2810519493,12.0000000000,0.0001375054,12,0,2026-06-28 02:00:00
344,0.9418206708,2025-07-19,2025-07-19 23:50:00,906293,117903.0000000000,60129.2000000000,87269.2810519493,12.0000000000,0.0001375054,12,0,2026-06-28 02:00:00
343,0.9390828200,2025-07-20,2025-07-20 23:50:00,906442,117319.0000000000,60129.2000000000,87269.2810519493,12.0000000000,0.0001375054,12,0,2026-06-28 02:00:00
342,0.9363449692,2025-07-21,2025-07-21 23:50:00,906592,117457.0000000000,60129.2000000000,87269.2810519493,12.0000000000,0.0001375054,12,0,2026-06-28 02:00:00
341,0.9336071184,2025-07-22,2025-07-22 23:50:00,906743,120047.0000000000,60129.2000000000,87269.2810519493,12.0000000000,0.0001375054,12,0,2026-06-28 02:00:00
340,0.9308692676,2025-07-23,2025-07-23 23:50:00,906883,118598.0000000000,60129.2000000000,87269.2810519493,12.0000000000,0.0001375054,12,0,2026-06-28 02:00:00
339,0.9281314168,2025-07-24,2025-07-24 23:50:00,907027,118358.0000000000,60129.2000000000,87269.2810519493,12.0000000000,0.0001375054,12,0,2026-06-28 02:00:00
338,0.9253935661,2025-07-25,2025-07-25 23:50:00,907190,117576.0000000000,60129.2000000000,87269.2810519493,12.0000000000,0.0001375054,12,0,2026-06-28 02:00:00
337,0.9226557153,2025-07-26,2025-07-26 23:50:00,907343,117950.0000000000,60129.2000000000,87269.2810519493,12.0000000000,0.0001375054,12,0,2026-06-28 02:00:00
336,0.9199178645,2025-07-27,2025-07-27 23:50:00,907478,119412.0000000000,60129.2000000000,87269.2810519493,12.0000000000,0.0001375054,12,0,2026-06-28 02:00:00
335,0.9171800137,2025-07-28,2025-07-28 23:50:00,907625,118095.0000000000,60129.2000000000,87269.2810519493,12.0000000000,0.0001375054,12,0,2026-06-28 02:00:00
334,0.9144421629,2025-07-29,2025-07-29 23:50:00,907737,117809.0000000000,60129.2000000000,87269.2810519493,12.0000000000,0.0001375054,12,0,2026-06-28 02:00:00
333,0.9117043121,2025-07-30,2025-07-30 23:50:00,907874,117829.0000000000,60129.2000000000,87269.2810519493,12.0000000000,0.0001375054,12,0,2026-06-28 02:00:00
332,0.9089664613,2025-07-31,2025-07-31 23:50:00,908027,115762.0000000000,60129.2000000000,87269.2810519493,12.0000000000,0.0001375054,12,0,2026-06-28 02:00:00
331,0.9062286105,2025-08-01,2025-08-01 23:50:00,908177,113274.0000000000,60129.2000000000,85914.1179352955,11.0000000000,0.0001280348,11,0,2026-06-28 02:00:00
330,0.9034907598,2025-08-02,2025-08-02 23:50:00,908324,112686.0000000000,60129.2000000000,85914.1179352955,11.0000000000,0.0001280348,11,0,2026-06-28 02:00:00
329,0.9007529090,2025-08-03,2025-08-03 23:50:00,908478,114213.0000000000,60129.2000000000,85914.1179352955,11.0000000000,0.0001280348,11,0,2026-06-28 02:00:00
328,0.8980150582,2025-08-04,2025-08-04 23:50:00,908649,115152.0000000000,60129.2000000000,85914.1179352955,11.0000000000,0.0001280348,11,0,2026-06-28 02:00:00
327,0.8952772074,2025-08-05,2025-08-05 23:50:00,908787,114143.0000000000,60129.2000000000,85914.1179352955,11.0000000000,0.0001280348,11,0,2026-06-28 02:00:00
326,0.8925393566,2025-08-06,2025-08-06 23:50:00,908931,115019.0000000000,60129.2000000000,85914.1179352955,11.0000000000,0.0001280348,11,0,2026-06-28 02:00:00
325,0.8898015058,2025-08-07,2025-08-07 23:50:00,909093,117462.0000000000,60129.2000000000,85914.1179352955,11.0000000000,0.0001280348,11,0,2026-06-28 02:00:00
324,0.8870636550,2025-08-08,2025-08-08 23:50:00,909230,116709.0000000000,60129.2000000000,85914.1179352955,11.0000000000,0.0001280348,11,0,2026-06-28 02:00:00
323,0.8843258042,2025-08-09,2025-08-09 23:50:00,909343,116507.0000000000,60129.2000000000,85914.1179352955,11.0000000000,0.0001280348,11,0,2026-06-28 02:00:00
322,0.8815879535,2025-08-10,2025-08-10 23:50:00,909479,119284.0000000000,60129.2000000000,85914.1179352955,11.0000000000,0.0001280348,11,0,2026-06-28 02:00:00
321,0.8788501027,2025-08-11,2025-08-11 23:50:00,909628,118778.0000000000,60129.2000000000,85914.1179352955,11.0000000000,0.0001280348,11,0,2026-06-28 02:00:00
320,0.8761122519,2025-08-12,2025-08-12 23:50:00,909763,120219.0000000000,60129.2000000000,85914.1179352955,11.0000000000,0.0001280348,11,0,2026-06-28 02:00:00
319,0.8733744011,2025-08-13,2025-08-13 23:50:00,909919,123566.0000000000,60129.2000000000,85914.1179352955,11.0000000000,0.0001280348,11,0,2026-06-28 02:00:00
318,0.8706365503,2025-08-14,2025-08-14 23:50:00,910081,118568.0000000000,60129.2000000000,85914.1179352955,11.0000000000,0.0001280348,11,0,2026-06-28 02:00:00
317,0.8678986995,2025-08-15,2025-08-15 23:50:00,910214,117270.0000000000,60129.2000000000,85914.1179352955,11.0000000000,0.0001280348,11,0,2026-06-28 02:00:00
316,0.8651608487,2025-08-16,2025-08-16 23:50:00,910368,117486.0000000000,60129.2000000000,85914.1179352955,11.0000000000,0.0001280348,11,0,2026-06-28 02:00:00
315,0.8624229979,2025-08-17,2025-08-17 23:50:00,910517,117592.0000000000,60129.2000000000,85914.1179352955,11.0000000000,0.0001280348,11,0,2026-06-28 02:00:00
314,0.8596851472,2025-08-18,2025-08-18 23:50:00,910675,116200.0000000000,60129.2000000000,85914.1179352955,11.0000000000,0.0001280348,11,0,2026-06-28 02:00:00
313,0.8569472964,2025-08-19,2025-08-19 23:50:00,910809,112838.0000000000,60129.2000000000,85914.1179352955,11.0000000000,0.0001280348,11,0,2026-06-28 02:00:00
312,0.8542094456,2025-08-20,2025-08-20 23:50:00,910948,114271.0000000000,60129.2000000000,85914.1179352955,11.0000000000,0.0001280348,11,0,2026-06-28 02:00:00
311,0.8514715948,2025-08-21,2025-08-21 23:50:00,911098,112289.0000000000,60129.2000000000,85914.1179352955,11.0000000000,0.0001280348,11,0,2026-06-28 02:00:00
310,0.8487337440,2025-08-22,2025-08-22 23:50:00,911244,116860.0000000000,60129.2000000000,85914.1179352955,11.0000000000,0.0001280348,11,0,2026-06-28 02:00:00
309,0.8459958932,2025-08-23,2025-08-23 23:50:00,911394,115271.0000000000,60129.2000000000,85914.1179352955,11.0000000000,0.0001280348,11,0,2026-06-28 02:00:00
308,0.8432580424,2025-08-24,2025-08-24 23:50:00,911559,113540.0000000000,60129.2000000000,85914.1179352955,11.0000000000,0.0001280348,11,0,2026-06-28 02:00:00
307,0.8405201916,2025-08-25,2025-08-25 23:50:00,911701,110175.0000000000,60129.2000000000,85914.1179352955,11.0000000000,0.0001280348,11,0,2026-06-28 02:00:00
306,0.8377823409,2025-08-26,2025-08-26 23:50:00,911852,111787.0000000000,60129.2000000000,85914.1179352955,11.0000000000,0.0001280348,11,0,2026-06-28 02:00:00
305,0.8350444901,2025-08-27,2025-08-27 23:50:00,912001,111178.0000000000,60129.2000000000,85914.1179352955,11.0000000000,0.0001280348,11,0,2026-06-28 02:00:00
304,0.8323066393,2025-08-28,2025-08-28 23:50:00,912160,112508.0000000000,60129.2000000000,85914.1179352955,11.0000000000,0.0001280348,11,0,2026-06-28 02:00:00
303,0.8295687885,2025-08-29,2025-08-29 23:50:00,912325,108516.0000000000,60129.2000000000,85914.1179352955,11.0000000000,0.0001280348,11,0,2026-06-28 02:00:00
302,0.8268309377,2025-08-30,2025-08-30 23:50:00,912484,108780.0000000000,60129.2000000000,85914.1179352955,11.0000000000,0.0001280348,11,0,2026-06-28 02:00:00
301,0.8240930869,2025-08-31,2025-08-31 23:50:00,912616,108318.0000000000,60129.2000000000,85914.1179352955,11.0000000000,0.0001280348,11,0,2026-06-28 02:00:00
300,0.8213552361,2025-09-01,2025-09-01 23:50:00,912776,109194.0000000000,60129.2000000000,83887.9129759265,10.0000000000,0.0001192067,10,0,2026-06-28 02:00:00
299,0.8186173854,2025-09-02,2025-09-02 23:50:00,912940,111110.0000000000,60129.2000000000,83887.9129759265,10.0000000000,0.0001192067,10,0,2026-06-28 02:00:00
298,0.8158795346,2025-09-03,2025-09-03 23:50:00,913074,111743.0000000000,60129.2000000000,83887.9129759265,10.0000000000,0.0001192067,10,0,2026-06-28 02:00:00
297,0.8131416838,2025-09-04,2025-09-04 23:50:00,913216,110737.0000000000,60129.2000000000,83887.9129759265,10.0000000000,0.0001192067,10,0,2026-06-28 02:00:00
296,0.8104038330,2025-09-05,2025-09-05 23:50:00,913359,110654.0000000000,60129.2000000000,83887.9129759265,10.0000000000,0.0001192067,10,0,2026-06-28 02:00:00
295,0.8076659822,2025-09-06,2025-09-06 23:50:00,913499,110243.0000000000,60129.2000000000,83887.9129759265,10.0000000000,0.0001192067,10,0,2026-06-28 02:00:00
294,0.8049281314,2025-09-07,2025-09-07 23:50:00,913651,111291.0000000000,60129.2000000000,83887.9129759265,10.0000000000,0.0001192067,10,0,2026-06-28 02:00:00
293,0.8021902806,2025-09-08,2025-09-08 23:50:00,913814,112056.7600000000,60129.2000000000,83887.9129759265,10.0000000000,0.0001192067,10,0,2026-06-28 02:00:00
292,0.7994524298,2025-09-09,2025-09-09 23:50:00,913981,111522.0000000000,60129.2000000000,83887.9129759265,10.0000000000,0.0001192067,10,0,2026-06-28 02:00:00
291,0.7967145791,2025-09-10,2025-09-10 23:50:00,914149,113994.0000000000,60129.2000000000,83887.9129759265,10.0000000000,0.0001192067,10,0,2026-06-28 02:00:00
290,0.7939767283,2025-09-11,2025-09-11 23:50:00,914300,115473.0000000000,60129.2000000000,83887.9129759265,10.0000000000,0.0001192067,10,0,2026-06-28 02:00:00
289,0.7912388775,2025-09-12,2025-09-12 23:50:00,914421,116189.0000000000,60129.2000000000,83887.9129759265,10.0000000000,0.0001192067,10,0,2026-06-28 02:00:00
288,0.7885010267,2025-09-13,2025-09-13 23:50:00,914561,115951.0000000000,60129.2000000000,83887.9129759265,10.0000000000,0.0001192067,10,0,2026-06-28 02:00:00
287,0.7857631759,2025-09-14,2025-09-14 23:50:00,914714,115269.0000000000,60129.2000000000,83887.9129759265,10.0000000000,0.0001192067,10,0,2026-06-28 02:00:00
286,0.7830253251,2025-09-15,2025-09-15 23:50:00,914876,115354.0000000000,60129.2000000000,83887.9129759265,10.0000000000,0.0001192067,10,0,2026-06-28 02:00:00
285,0.7802874743,2025-09-16,2025-09-16 23:50:00,915038,116724.0000000000,60129.2000000000,83887.9129759265,10.0000000000,0.0001192067,10,0,2026-06-28 02:00:00
284,0.7775496235,2025-09-17,2025-09-17 23:50:00,915162,116529.8500000000,60129.2000000000,83887.9129759265,10.0000000000,0.0001192067,10,0,2026-06-28 02:00:00
283,0.7748117728,2025-09-18,2025-09-18 23:50:00,915323,117127.0000000000,60129.2000000000,83887.9129759265,10.0000000000,0.0001192067,10,0,2026-06-28 02:00:00
282,0.7720739220,2025-09-19,2025-09-19 23:50:00,915490,115620.0000000000,60129.2000000000,83887.9129759265,10.0000000000,0.0001192067,10,0,2026-06-28 02:00:00
281,0.7693360712,2025-09-20,2025-09-20 23:50:00,915643,115722.0000000000,60129.2000000000,83887.9129759265,10.0000000000,0.0001192067,10,0,2026-06-28 02:00:00
280,0.7665982204,2025-09-21,2025-09-21 23:50:00,915806,115309.0000000000,60129.2000000000,83887.9129759265,10.0000000000,0.0001192067,10,0,2026-06-28 02:00:00
279,0.7638603696,2025-09-22,2025-09-22 23:50:00,915956,112762.0000000000,60129.2000000000,83887.9129759265,10.0000000000,0.0001192067,10,0,2026-06-28 02:00:00
278,0.7611225188,2025-09-23,2025-09-23 23:50:00,916100,112098.0000000000,60129.2000000000,83887.9129759265,10.0000000000,0.0001192067,10,0,2026-06-28 02:00:00
277,0.7583846680,2025-09-24,2025-09-24 23:50:00,916249,113306.0000000000,60129.2000000000,83887.9129759265,10.0000000000,0.0001192067,10,0,2026-06-28 02:00:00
276,0.7556468172,2025-09-25,2025-09-25 23:50:00,916395,109028.0000000000,60129.2000000000,83887.9129759265,10.0000000000,0.0001192067,10,0,2026-06-28 02:00:00
275,0.7529089665,2025-09-26,2025-09-26 23:50:00,916527,109706.0000000000,60129.2000000000,83887.9129759265,10.0000000000,0.0001192067,10,0,2026-06-28 02:00:00
274,0.7501711157,2025-09-27,2025-09-27 23:50:00,916682,109660.0000000000,60129.2000000000,83887.9129759265,10.0000000000,0.0001192067,10,0,2026-06-28 02:00:00
273,0.7474332649,2025-09-28,2025-09-28 23:50:00,916846,112232.0000000000,60129.2000000000,83887.9129759265,10.0000000000,0.0001192067,10,0,2026-06-28 02:00:00
272,0.7446954141,2025-09-29,2025-09-29 23:50:00,916987,114322.0000000000,60129.2000000000,83887.9129759265,10.0000000000,0.0001192067,10,0,2026-06-28 02:00:00
271,0.7419575633,2025-09-30,2025-09-30 23:50:00,917147,113978.0000000000,60129.2000000000,83887.9129759265,10.0000000000,0.0001192067,10,0,2026-06-28 02:00:00
270,0.7392197125,2025-10-01,2025-10-01 23:50:00,917299,118416.0000000000,60129.2000000000,81781.9951832222,9.0000000000,0.0001100487,9,0,2026-06-28 02:00:00
269,0.7364818617,2025-10-02,2025-10-02 23:50:00,917434,120401.0000000000,60129.2000000000,81781.9951832222,9.0000000000,0.0001100487,9,0,2026-06-28 02:00:00
268,0.7337440110,2025-10-03,2025-10-03 23:50:00,917553,122324.0000000000,60129.2000000000,81781.9951832222,9.0000000000,0.0001100487,9,0,2026-06-28 02:00:00
267,0.7310061602,2025-10-04,2025-10-04 23:50:00,917686,122432.0000000000,60129.2000000000,81781.9951832222,9.0000000000,0.0001100487,9,0,2026-06-28 02:00:00
266,0.7282683094,2025-10-05,2025-10-05 23:50:00,917834,123546.0000000000,60129.2000000000,81781.9951832222,9.0000000000,0.0001100487,9,0,2026-06-28 02:00:00
265,0.7255304586,2025-10-06,2025-10-06 23:50:00,917958,124821.0000000000,60129.2000000000,81781.9951832222,9.0000000000,0.0001100487,9,0,2026-06-28 02:00:00
264,0.7227926078,2025-10-07,2025-10-07 23:50:00,918097,121471.0000000000,60129.2000000000,81781.9951832222,9.0000000000,0.0001100487,9,0,2026-06-28 02:00:00
263,0.7200547570,2025-10-08,2025-10-08 23:50:00,918243,123382.0000000000,60129.2000000000,81781.9951832222,9.0000000000,0.0001100487,9,0,2026-06-28 02:00:00
262,0.7173169062,2025-10-09,2025-10-09 23:50:00,918365,121591.0000000000,60129.2000000000,81781.9951832222,9.0000000000,0.0001100487,9,0,2026-06-28 02:00:00
261,0.7145790554,2025-10-10,2025-10-10 23:50:00,918496,113970.0000000000,60129.2000000000,81781.9951832222,9.0000000000,0.0001100487,9,0,2026-06-28 02:00:00
260,0.7118412047,2025-10-11,2025-10-11 23:50:00,918643,110931.0000000000,60129.2000000000,81781.9951832222,9.0000000000,0.0001100487,9,0,2026-06-28 02:00:00
259,0.7091033539,2025-10-12,2025-10-12 23:50:00,918789,115208.0000000000,60129.2000000000,81781.9951832222,9.0000000000,0.0001100487,9,0,2026-06-28 02:00:00
258,0.7063655031,2025-10-13,2025-10-13 23:50:00,918941,115168.0000000000,60129.2000000000,81781.9951832222,9.0000000000,0.0001100487,9,0,2026-06-28 02:00:00
257,0.7036276523,2025-10-14,2025-10-14 23:50:00,919110,113333.0000000000,60129.2000000000,81781.9951832222,9.0000000000,0.0001100487,9,0,2026-06-28 02:00:00
256,0.7008898015,2025-10-15,2025-10-15 23:50:00,919253,110818.0000000000,60129.2000000000,81781.9951832222,9.0000000000,0.0001100487,9,0,2026-06-28 02:00:00
255,0.6981519507,2025-10-16,2025-10-16 23:50:00,919406,108039.0000000000,60129.2000000000,81781.9951832222,9.0000000000,0.0001100487,9,0,2026-06-28 02:00:00
254,0.6954140999,2025-10-17,2025-10-17 23:50:00,919565,106621.0000000000,60129.2000000000,81781.9951832222,9.0000000000,0.0001100487,9,0,2026-06-28 02:00:00
253,0.6926762491,2025-10-18,2025-10-18 23:50:00,919731,107149.0000000000,60129.2000000000,81781.9951832222,9.0000000000,0.0001100487,9,0,2026-06-28 02:00:00
252,0.6899383984,2025-10-19,2025-10-19 23:50:00,919869,108547.0000000000,60129.2000000000,81781.9951832222,9.0000000000,0.0001100487,9,0,2026-06-28 02:00:00
251,0.6872005476,2025-10-20,2025-10-20 23:50:00,920018,110648.0000000000,60129.2000000000,81781.9951832222,9.0000000000,0.0001100487,9,0,2026-06-28 02:00:00
250,0.6844626968,2025-10-21,2025-10-21 23:50:00,920168,108534.0000000000,60129.2000000000,81781.9951832222,9.0000000000,0.0001100487,9,0,2026-06-28 02:00:00
249,0.6817248460,2025-10-22,2025-10-22 23:50:00,920322,107640.0000000000,60129.2000000000,81781.9951832222,9.0000000000,0.0001100487,9,0,2026-06-28 02:00:00
248,0.6789869952,2025-10-23,2025-10-23 23:50:00,920463,110064.0000000000,60129.2000000000,81781.9951832222,9.0000000000,0.0001100487,9,0,2026-06-28 02:00:00
247,0.6762491444,2025-10-24,2025-10-24 23:50:00,920639,111004.0000000000,60129.2000000000,81781.9951832222,9.0000000000,0.0001100487,9,0,2026-06-28 02:00:00
246,0.6735112936,2025-10-25,2025-10-25 23:50:00,920801,111585.0000000000,60129.2000000000,81781.9951832222,9.0000000000,0.0001100487,9,0,2026-06-28 02:00:00
245,0.6707734428,2025-10-26,2025-10-26 23:50:00,920950,114569.0000000000,60129.2000000000,81781.9951832222,9.0000000000,0.0001100487,9,0,2026-06-28 02:00:00
244,0.6680355921,2025-10-27,2025-10-27 23:50:00,921097,114162.0000000000,60129.2000000000,81781.9951832222,9.0000000000,0.0001100487,9,0,2026-06-28 02:00:00
243,0.6652977413,2025-10-28,2025-10-28 23:50:00,921259,113044.0000000000,60129.2000000000,81781.9951832222,9.0000000000,0.0001100487,9,0,2026-06-28 02:00:00
242,0.6625598905,2025-10-29,2025-10-29 23:50:00,921381,109965.0000000000,60129.2000000000,81781.9951832222,9.0000000000,0.0001100487,9,0,2026-06-28 02:00:00
241,0.6598220397,2025-10-30,2025-10-30 23:50:00,921541,108161.0000000000,60129.2000000000,81781.9951832222,9.0000000000,0.0001100487,9,0,2026-06-28 02:00:00
240,0.6570841889,2025-10-31,2025-10-31 23:50:00,921681,109604.0000000000,60129.2000000000,81781.9951832222,9.0000000000,0.0001100487,9,0,2026-06-28 02:00:00
239,0.6543463381,2025-11-01,2025-11-01 23:50:00,921819,110001.0000000000,60129.2000000000,78737.1601278018,8.0000000000,0.0001016039,8,0,2026-06-28 02:00:00
238,0.6516084873,2025-11-02,2025-11-02 23:50:00,921974,110369.0000000000,60129.2000000000,78737.1601278018,8.0000000000,0.0001016039,8,0,2026-06-28 02:00:00
237,0.6488706366,2025-11-03,2025-11-03 23:50:00,922116,106507.0000000000,60129.2000000000,78737.1601278018,8.0000000000,0.0001016039,8,0,2026-06-28 02:00:00
236,0.6461327858,2025-11-04,2025-11-04 23:50:00,922248,101523.0000000000,60129.2000000000,78737.1601278018,8.0000000000,0.0001016039,8,0,2026-06-28 02:00:00
235,0.6433949350,2025-11-05,2025-11-05 23:50:00,922385,103995.0000000000,60129.2000000000,78737.1601278018,8.0000000000,0.0001016039,8,0,2026-06-28 02:00:00
234,0.6406570842,2025-11-06,2025-11-06 23:50:00,922526,101239.0000000000,60129.2000000000,78737.1601278018,8.0000000000,0.0001016039,8,0,2026-06-28 02:00:00
233,0.6379192334,2025-11-07,2025-11-07 23:50:00,922667,103400.0000000000,60129.2000000000,78737.1601278018,8.0000000000,0.0001016039,8,0,2026-06-28 02:00:00
232,0.6351813826,2025-11-08,2025-11-08 23:50:00,922788,102341.0000000000,60129.2000000000,78737.1601278018,8.0000000000,0.0001016039,8,0,2026-06-28 02:00:00
231,0.6324435318,2025-11-09,2025-11-09 23:50:00,922929,104535.0000000000,60129.2000000000,78737.1601278018,8.0000000000,0.0001016039,8,0,2026-06-28 02:00:00
230,0.6297056810,2025-11-10,2025-11-10 23:50:00,923068,106173.0000000000,60129.2000000000,78737.1601278018,8.0000000000,0.0001016039,8,0,2026-06-28 02:00:00
229,0.6269678303,2025-11-11,2025-11-11 23:50:00,923220,102965.0000000000,60129.2000000000,78737.1601278018,8.0000000000,0.0001016039,8,0,2026-06-28 02:00:00
228,0.6242299795,2025-11-12,2025-11-12 23:50:00,923362,101572.0000000000,60129.2000000000,78737.1601278018,8.0000000000,0.0001016039,8,0,2026-06-28 02:00:00
227,0.6214921287,2025-11-13,2025-11-13 23:50:00,923513,100071.0000000000,60129.2000000000,78737.1601278018,8.0000000000,0.0001016039,8,0,2026-06-28 02:00:00
226,0.6187542779,2025-11-14,2025-11-14 23:50:00,923657,94778.2000000000,60129.2000000000,78737.1601278018,8.0000000000,0.0001016039,8,0,2026-06-28 02:00:00
225,0.6160164271,2025-11-15,2025-11-15 23:50:00,923799,95542.0000000000,60129.2000000000,78737.1601278018,8.0000000000,0.0001016039,8,0,2026-06-28 02:00:00
224,0.6132785763,2025-11-16,2025-11-16 23:50:00,923956,94324.2000000000,60129.2000000000,78737.1601278018,8.0000000000,0.0001016039,8,0,2026-06-28 02:00:00
223,0.6105407255,2025-11-17,2025-11-17 23:50:00,924081,91946.0000000000,60129.2000000000,78737.1601278018,8.0000000000,0.0001016039,8,0,2026-06-28 02:00:00
222,0.6078028747,2025-11-18,2025-11-18 23:50:00,924216,92747.0000000000,60129.2000000000,78737.1601278018,8.0000000000,0.0001016039,8,0,2026-06-28 02:00:00
221,0.6050650240,2025-11-19,2025-11-19 23:50:00,924352,91231.0000000000,60129.2000000000,78737.1601278018,8.0000000000,0.0001016039,8,0,2026-06-28 02:00:00
220,0.6023271732,2025-11-20,2025-11-20 23:50:00,924483,86804.2000000000,60129.2000000000,78737.1601278018,8.0000000000,0.0001016039,8,0,2026-06-28 02:00:00
219,0.5995893224,2025-11-21,2025-11-21 23:50:00,924635,85139.8000000000,60129.2000000000,78737.1601278018,8.0000000000,0.0001016039,8,0,2026-06-28 02:00:00
218,0.5968514716,2025-11-22,2025-11-22 23:50:00,924777,84757.2000000000,60129.2000000000,78737.1601278018,8.0000000000,0.0001016039,8,0,2026-06-28 02:00:00
217,0.5941136208,2025-11-23,2025-11-23 23:50:00,924919,86808.2000000000,60129.2000000000,78737.1601278018,8.0000000000,0.0001016039,8,0,2026-06-28 02:00:00
216,0.5913757700,2025-11-24,2025-11-24 23:50:00,925062,88307.2000000000,60129.2000000000,78737.1601278018,8.0000000000,0.0001016039,8,0,2026-06-28 02:00:00
215,0.5886379192,2025-11-25,2025-11-25 23:50:00,925178,87421.8000000000,60129.2000000000,78737.1601278018,8.0000000000,0.0001016039,8,0,2026-06-28 02:00:00
214,0.5859000684,2025-11-26,2025-11-26 23:50:00,925342,90524.5000000000,60129.2000000000,78737.1601278018,8.0000000000,0.0001016039,8,0,2026-06-28 02:00:00
213,0.5831622177,2025-11-27,2025-11-27 23:50:00,925485,91295.4000000000,60129.2000000000,78737.1601278018,8.0000000000,0.0001016039,8,0,2026-06-28 02:00:00
212,0.5804243669,2025-11-28,2025-11-28 23:50:00,925635,90960.7000000000,60129.2000000000,78737.1601278018,8.0000000000,0.0001016039,8,0,2026-06-28 02:00:00
211,0.5776865161,2025-11-29,2025-11-29 23:50:00,925772,90817.8000000000,60129.2000000000,78737.1601278018,8.0000000000,0.0001016039,8,0,2026-06-28 02:00:00
210,0.5749486653,2025-11-30,2025-11-30 23:50:00,925938,90654.2000000000,60129.2000000000,78737.1601278018,8.0000000000,0.0001016039,8,0,2026-06-28 02:00:00
209,0.5722108145,2025-12-01,2025-12-01 23:50:00,926070,86437.5000000000,60129.2000000000,75665.0079368899,7.0000000000,0.0000925130,7,0,2026-06-28 02:00:00
208,0.5694729637,2025-12-02,2025-12-02 23:50:00,926198,91441.0000000000,60129.2000000000,75665.0079368899,7.0000000000,0.0000925130,7,0,2026-06-28 02:00:00
207,0.5667351129,2025-12-03,2025-12-03 23:50:00,926330,93596.5000000000,60129.2000000000,75665.0079368899,7.0000000000,0.0000925130,7,0,2026-06-28 02:00:00
206,0.5639972621,2025-12-04,2025-12-04 23:50:00,926462,92155.2000000000,60129.2000000000,75665.0079368899,7.0000000000,0.0000925130,7,0,2026-06-28 02:00:00
205,0.5612594114,2025-12-05,2025-12-05 23:50:00,926580,89310.4800000000,60129.2000000000,75665.0079368899,7.0000000000,0.0000925130,7,0,2026-06-28 02:00:00
204,0.5585215606,2025-12-06,2025-12-06 23:50:00,926745,89223.4000000000,60129.2000000000,75665.0079368899,7.0000000000,0.0000925130,7,0,2026-06-28 02:00:00
203,0.5557837098,2025-12-07,2025-12-07 23:50:00,926904,90100.0000000000,60129.2000000000,75665.0079368899,7.0000000000,0.0000925130,7,0,2026-06-28 02:00:00
202,0.5530458590,2025-12-08,2025-12-08 23:50:00,927053,90612.0000000000,60129.2000000000,75665.0079368899,7.0000000000,0.0000925130,7,0,2026-06-28 02:00:00
201,0.5503080082,2025-12-09,2025-12-09 23:50:00,927182,92856.8000000000,60129.2000000000,75665.0079368899,7.0000000000,0.0000925130,7,0,2026-06-28 02:00:00
200,0.5475701574,2025-12-10,2025-12-10 23:50:00,927336,91993.8000000000,60129.2000000000,75665.0079368899,7.0000000000,0.0000925130,7,0,2026-06-28 02:00:00
199,0.5448323066,2025-12-11,2025-12-11 23:50:00,927496,92653.3000000000,60129.2000000000,75665.0079368899,7.0000000000,0.0000925130,7,0,2026-06-28 02:00:00
198,0.5420944559,2025-12-12,2025-12-12 23:50:00,927641,90335.0000000000,60129.2000000000,75665.0079368899,7.0000000000,0.0000925130,7,0,2026-06-28 02:00:00
197,0.5393566051,2025-12-13,2025-12-13 23:50:00,927783,90268.4000000000,60129.2000000000,75665.0079368899,7.0000000000,0.0000925130,7,0,2026-06-28 02:00:00
196,0.5366187543,2025-12-14,2025-12-14 23:50:00,927911,88156.3000000000,60129.2000000000,75665.0079368899,7.0000000000,0.0000925130,7,0,2026-06-28 02:00:00
195,0.5338809035,2025-12-15,2025-12-15 23:50:00,928045,86397.7000000000,60129.2000000000,75665.0079368899,7.0000000000,0.0000925130,7,0,2026-06-28 02:00:00
194,0.5311430527,2025-12-16,2025-12-16 23:50:00,928194,87759.3000000000,60129.2000000000,75665.0079368899,7.0000000000,0.0000925130,7,0,2026-06-28 02:00:00
193,0.5284052019,2025-12-17,2025-12-17 23:50:00,928332,86117.0000000000,60129.2000000000,75665.0079368899,7.0000000000,0.0000925130,7,0,2026-06-28 02:00:00
192,0.5256673511,2025-12-18,2025-12-18 23:50:00,928476,85360.6000000000,60129.2000000000,75665.0079368899,7.0000000000,0.0000925130,7,0,2026-06-28 02:00:00
191,0.5229295003,2025-12-19,2025-12-19 23:50:00,928621,88167.0000000000,60129.2000000000,75665.0079368899,7.0000000000,0.0000925130,7,0,2026-06-28 02:00:00
190,0.5201916496,2025-12-20,2025-12-20 23:50:00,928767,88298.4000000000,60129.2000000000,75665.0079368899,7.0000000000,0.0000925130,7,0,2026-06-28 02:00:00
189,0.5174537988,2025-12-21,2025-12-21 23:50:00,928906,88507.0000000000,60129.2000000000,75665.0079368899,7.0000000000,0.0000925130,7,0,2026-06-28 02:00:00
188,0.5147159480,2025-12-22,2025-12-22 23:50:00,929045,88410.5000000000,60129.2000000000,75665.0079368899,7.0000000000,0.0000925130,7,0,2026-06-28 02:00:00
187,0.5119780972,2025-12-23,2025-12-23 23:50:00,929189,87433.7000000000,60129.2000000000,75665.0079368899,7.0000000000,0.0000925130,7,0,2026-06-28 02:00:00
186,0.5092402464,2025-12-24,2025-12-24 23:50:00,929347,87613.8000000000,60129.2000000000,75665.0079368899,7.0000000000,0.0000925130,7,0,2026-06-28 02:00:00
185,0.5065023956,2025-12-25,2025-12-25 23:50:00,929485,87065.0000000000,60129.2000000000,75665.0079368899,7.0000000000,0.0000925130,7,0,2026-06-28 02:00:00
184,0.5037645448,2025-12-26,2025-12-26 23:50:00,929643,87283.7000000000,60129.2000000000,75665.0079368899,7.0000000000,0.0000925130,7,0,2026-06-28 02:00:00
183,0.5010266940,2025-12-27,2025-12-27 23:50:00,929777,87765.8000000000,60129.2000000000,75665.0079368899,7.0000000000,0.0000925130,7,0,2026-06-28 02:00:00
182,0.4982888433,2025-12-28,2025-12-28 23:50:00,929934,87794.6000000000,60129.2000000000,75665.0079368899,7.0000000000,0.0000925130,7,0,2026-06-28 02:00:00
181,0.4955509925,2025-12-29,2025-12-29 23:50:00,930086,87111.0000000000,60129.2000000000,75665.0079368899,7.0000000000,0.0000925130,7,0,2026-06-28 02:00:00
180,0.4928131417,2025-12-30,2025-12-30 23:50:00,930205,88437.0000000000,60129.2000000000,75665.0079368899,7.0000000000,0.0000925130,7,0,2026-06-28 02:00:00
179,0.4900752909,2025-12-31,2025-12-31 23:50:00,930337,87546.0000000000,60129.2000000000,75665.0079368899,7.0000000000,0.0000925130,7,0,2026-06-28 02:00:00
178,0.4873374401,2026-01-01,2026-01-01 23:50:00,930490,88687.8000000000,60129.2000000000,74125.3317773396,6.0000000000,0.0000809440,6,0,2026-06-28 02:00:00
177,0.4845995893,2026-01-02,2026-01-02 23:50:00,930635,89893.8000000000,60129.2000000000,74125.3317773396,6.0000000000,0.0000809440,6,0,2026-06-28 02:00:00
176,0.4818617385,2026-01-03,2026-01-03 23:50:00,930788,90589.2000000000,60129.2000000000,74125.3317773396,6.0000000000,0.0000809440,6,0,2026-06-28 02:00:00
175,0.4791238877,2026-01-04,2026-01-04 23:50:00,930933,91297.3000000000,60129.2000000000,74125.3317773396,6.0000000000,0.0000809440,6,0,2026-06-28 02:00:00
174,0.4763860370,2026-01-05,2026-01-05 23:50:00,931067,93952.0000000000,60129.2000000000,74125.3317773396,6.0000000000,0.0000809440,6,0,2026-06-28 02:00:00
173,0.4736481862,2026-01-06,2026-01-06 23:50:00,931197,93594.8000000000,60129.2000000000,74125.3317773396,6.0000000000,0.0000809440,6,0,2026-06-28 02:00:00
172,0.4709103354,2026-01-07,2026-01-07 23:50:00,931342,91244.9600000000,60129.2000000000,74125.3317773396,6.0000000000,0.0000809440,6,0,2026-06-28 02:00:00
171,0.4681724846,2026-01-08,2026-01-08 23:50:00,931475,91064.2000000000,60129.2000000000,74125.3317773396,6.0000000000,0.0000809440,6,0,2026-06-28 02:00:00
170,0.4654346338,2026-01-09,2026-01-09 23:50:00,931618,90549.3000000000,60129.2000000000,74125.3317773396,6.0000000000,0.0000809440,6,0,2026-06-28 02:00:00
169,0.4626967830,2026-01-10,2026-01-10 23:50:00,931780,90423.0000000000,60129.2000000000,74125.3317773396,6.0000000000,0.0000809440,6,0,2026-06-28 02:00:00
168,0.4599589322,2026-01-11,2026-01-11 23:50:00,931900,90750.0000000000,60129.2000000000,74125.3317773396,6.0000000000,0.0000809440,6,0,2026-06-28 02:00:00
167,0.4572210815,2026-01-12,2026-01-12 23:50:00,932044,91124.8000000000,60129.2000000000,74125.3317773396,6.0000000000,0.0000809440,6,0,2026-06-28 02:00:00
166,0.4544832307,2026-01-13,2026-01-13 23:50:00,932179,95074.6000000000,60129.2000000000,74125.3317773396,6.0000000000,0.0000809440,6,0,2026-06-28 02:00:00
165,0.4517453799,2026-01-14,2026-01-14 23:50:00,932302,97044.2000000000,60129.2000000000,74125.3317773396,6.0000000000,0.0000809440,6,0,2026-06-28 02:00:00
164,0.4490075291,2026-01-15,2026-01-15 23:50:00,932442,95570.0000000000,60129.2000000000,74125.3317773396,6.0000000000,0.0000809440,6,0,2026-06-28 02:00:00
163,0.4462696783,2026-01-16,2026-01-16 23:50:00,932572,95492.8000000000,60129.2000000000,74125.3317773396,6.0000000000,0.0000809440,6,0,2026-06-28 02:00:00
162,0.4435318275,2026-01-17,2026-01-17 23:50:00,932720,95099.5000000000,60129.2000000000,74125.3317773396,6.0000000000,0.0000809440,6,0,2026-06-28 02:00:00
161,0.4407939767,2026-01-18,2026-01-18 23:50:00,932861,93837.4000000000,60129.2000000000,74125.3317773396,6.0000000000,0.0000809440,6,0,2026-06-28 02:00:00
160,0.4380561259,2026-01-19,2026-01-19 23:50:00,933008,92610.7000000000,60129.2000000000,74125.3317773396,6.0000000000,0.0000809440,6,0,2026-06-28 02:00:00
159,0.4353182752,2026-01-20,2026-01-20 23:50:00,933144,88285.2000000000,60129.2000000000,74125.3317773396,6.0000000000,0.0000809440,6,0,2026-06-28 02:00:00
158,0.4325804244,2026-01-21,2026-01-21 23:50:00,933280,89357.5000000000,60129.2000000000,74125.3317773396,6.0000000000,0.0000809440,6,0,2026-06-28 02:00:00
157,0.4298425736,2026-01-22,2026-01-22 23:50:00,933440,89441.2000000000,60129.2000000000,74125.3317773396,6.0000000000,0.0000809440,6,0,2026-06-28 02:00:00
156,0.4271047228,2026-01-23,2026-01-23 23:50:00,933579,89416.6000000000,60129.2000000000,74125.3317773396,6.0000000000,0.0000809440,6,0,2026-06-28 02:00:00
155,0.4243668720,2026-01-24,2026-01-24 23:50:00,933680,89187.3000000000,60129.2000000000,74125.3317773396,6.0000000000,0.0000809440,6,0,2026-06-28 02:00:00
154,0.4216290212,2026-01-25,2026-01-25 23:50:00,933788,86586.0000000000,60129.2000000000,74125.3317773396,6.0000000000,0.0000809440,6,0,2026-06-28 02:00:00
153,0.4188911704,2026-01-26,2026-01-26 23:50:00,933912,88423.0000000000,60129.2000000000,74125.3317773396,6.0000000000,0.0000809440,6,0,2026-06-28 02:00:00
152,0.4161533196,2026-01-27,2026-01-27 23:50:00,934033,89334.5000000000,60129.2000000000,74125.3317773396,6.0000000000,0.0000809440,6,0,2026-06-28 02:00:00
151,0.4134154689,2026-01-28,2026-01-28 23:50:00,934143,89170.4000000000,60129.2000000000,74125.3317773396,6.0000000000,0.0000809440,6,0,2026-06-28 02:00:00
150,0.4106776181,2026-01-29,2026-01-29 23:50:00,934272,84561.0000000000,60129.2000000000,74125.3317773396,6.0000000000,0.0000809440,6,0,2026-06-28 02:00:00
149,0.4079397673,2026-01-30,2026-01-30 23:50:00,934402,84129.5000000000,60129.2000000000,74125.3317773396,6.0000000000,0.0000809440,6,0,2026-06-28 02:00:00
148,0.4052019165,2026-01-31,2026-01-31 23:50:00,934538,78680.0000000000,60129.2000000000,74125.3317773396,6.0000000000,0.0000809440,6,0,2026-06-28 02:00:00
147,0.4024640657,2026-02-01,2026-02-01 23:50:00,934660,76918.2000000000,60129.2000000000,71768.4664321462,5.0000000000,0.0000696685,5,0,2026-06-28 02:00:00
146,0.3997262149,2026-02-02,2026-02-02 23:50:00,934778,78775.2000000000,60129.2000000000,71768.4664321462,5.0000000000,0.0000696685,5,0,2026-06-28 02:00:00
145,0.3969883641,2026-02-03,2026-02-03 23:50:00,934907,75560.8000000000,60129.2000000000,71768.4664321462,5.0000000000,0.0000696685,5,0,2026-06-28 02:00:00
144,0.3942505133,2026-02-04,2026-02-04 23:50:00,935051,73301.8000000000,60129.2000000000,71768.4664321462,5.0000000000,0.0000696685,5,0,2026-06-28 02:00:00
143,0.3915126626,2026-02-05,2026-02-05 23:50:00,935179,63329.0000000000,60129.2000000000,71768.4664321462,5.0000000000,0.0000696685,5,0,2026-06-28 02:00:00
142,0.3887748118,2026-02-06,2026-02-06 23:50:00,935324,70640.0000000000,60129.2000000000,71768.4664321462,5.0000000000,0.0000696685,5,0,2026-06-28 02:00:00
141,0.3860369610,2026-02-07,2026-02-07 23:50:00,935490,69316.8000000000,60129.2000000000,71768.4664321462,5.0000000000,0.0000696685,5,0,2026-06-28 02:00:00
140,0.3832991102,2026-02-08,2026-02-08 23:50:00,935657,70537.0000000000,60129.2000000000,71768.4664321462,5.0000000000,0.0000696685,5,0,2026-06-28 02:00:00
139,0.3805612594,2026-02-09,2026-02-09 23:50:00,935823,70186.6000000000,60129.2000000000,71768.4664321462,5.0000000000,0.0000696685,5,0,2026-06-28 02:00:00
138,0.3778234086,2026-02-10,2026-02-10 23:50:00,935966,68775.7000000000,60129.2000000000,71768.4664321462,5.0000000000,0.0000696685,5,0,2026-06-28 02:00:00
137,0.3750855578,2026-02-11,2026-02-11 23:50:00,936124,66915.0000000000,60129.2000000000,71768.4664321462,5.0000000000,0.0000696685,5,0,2026-06-28 02:00:00
136,0.3723477070,2026-02-12,2026-02-12 23:50:00,936297,66170.8000000000,60129.2000000000,71768.4664321462,5.0000000000,0.0000696685,5,0,2026-06-28 02:00:00
135,0.3696098563,2026-02-13,2026-02-13 23:50:00,936451,68876.3000000000,60129.2000000000,71768.4664321462,5.0000000000,0.0000696685,5,0,2026-06-28 02:00:00
134,0.3668720055,2026-02-14,2026-02-14 23:50:00,936617,69814.2000000000,60129.2000000000,71768.4664321462,5.0000000000,0.0000696685,5,0,2026-06-28 02:00:00
133,0.3641341547,2026-02-15,2026-02-15 23:50:00,936815,68653.2000000000,60129.2000000000,71768.4664321462,5.0000000000,0.0000696685,5,0,2026-06-28 02:00:00
132,0.3613963039,2026-02-16,2026-02-16 23:50:00,936989,68836.4000000000,60129.2000000000,71768.4664321462,5.0000000000,0.0000696685,5,0,2026-06-28 02:00:00
131,0.3586584531,2026-02-17,2026-02-17 23:50:00,937153,67488.4000000000,60129.2000000000,71768.4664321462,5.0000000000,0.0000696685,5,0,2026-06-28 02:00:00
130,0.3559206023,2026-02-18,2026-02-18 23:50:00,937307,66436.5000000000,60129.2000000000,71768.4664321462,5.0000000000,0.0000696685,5,0,2026-06-28 02:00:00
129,0.3531827515,2026-02-19,2026-02-19 23:50:00,937465,66947.8000000000,60129.2000000000,71768.4664321462,5.0000000000,0.0000696685,5,0,2026-06-28 02:00:00
128,0.3504449008,2026-02-20,2026-02-20 23:50:00,937604,67952.7000000000,60129.2000000000,71768.4664321462,5.0000000000,0.0000696685,5,0,2026-06-28 02:00:00
127,0.3477070500,2026-02-21,2026-02-21 23:50:00,937723,67987.5000000000,60129.2000000000,71768.4664321462,5.0000000000,0.0000696685,5,0,2026-06-28 02:00:00
126,0.3449691992,2026-02-22,2026-02-22 23:50:00,937884,67536.2000000000,60129.2000000000,71768.4664321462,5.0000000000,0.0000696685,5,0,2026-06-28 02:00:00
125,0.3422313484,2026-02-23,2026-02-23 23:50:00,938035,64594.0472222222,60129.2000000000,71768.4664321462,5.0000000000,0.0000696685,5,0,2026-06-28 02:00:00
124,0.3394934976,2026-02-24,2026-02-24 23:50:00,938199,64081.6552500000,60129.2000000000,71768.4664321462,5.0000000000,0.0000696685,5,0,2026-06-28 02:00:00
123,0.3367556468,2026-02-25,2026-02-25 23:50:00,938355,67742.7000000000,60129.2000000000,71768.4664321462,5.0000000000,0.0000696685,5,0,2026-06-28 02:00:00
122,0.3340177960,2026-02-26,2026-02-26 23:50:00,938495,67497.7000000000,60129.2000000000,71768.4664321462,5.0000000000,0.0000696685,5,0,2026-06-28 02:00:00
121,0.3312799452,2026-02-27,2026-02-27 23:50:00,938637,65871.4000000000,60129.2000000000,71768.4664321462,5.0000000000,0.0000696685,5,0,2026-06-28 02:00:00
120,0.3285420945,2026-02-28,2026-02-28 23:50:00,938780,67028.2000000000,60129.2000000000,71768.4664321462,5.0000000000,0.0000696685,5,0,2026-06-28 02:00:00
119,0.3258042437,2026-03-01,2026-03-01 23:50:00,938928,65798.0000000000,60129.2000000000,70587.0026913993,4.0000000000,0.0000566677,4,0,2026-06-28 02:00:00
118,0.3230663929,2026-03-02,2026-03-02 23:50:00,939064,68919.4000000000,60129.2000000000,70587.0026913993,4.0000000000,0.0000566677,4,0,2026-06-28 02:00:00
117,0.3203285421,2026-03-03,2026-03-03 23:50:00,939199,68425.4000000000,60129.2000000000,70587.0026913993,4.0000000000,0.0000566677,4,0,2026-06-28 02:00:00
116,0.3175906913,2026-03-04,2026-03-04 23:50:00,939329,72742.0000000000,60129.2000000000,70587.0026913993,4.0000000000,0.0000566677,4,0,2026-06-28 02:00:00
115,0.3148528405,2026-03-05,2026-03-05 23:50:00,939495,70882.2000000000,60129.2000000000,70587.0026913993,4.0000000000,0.0000566677,4,0,2026-06-28 02:00:00
114,0.3121149897,2026-03-06,2026-03-06 23:50:00,939641,68214.2000000000,60129.2000000000,70587.0026913993,4.0000000000,0.0000566677,4,0,2026-06-28 02:00:00
113,0.3093771389,2026-03-07,2026-03-07 23:50:00,939771,67280.8000000000,60129.2000000000,70587.0026913993,4.0000000000,0.0000566677,4,0,2026-06-28 02:00:00
112,0.3066392882,2026-03-08,2026-03-08 23:50:00,939906,66120.7000000000,60129.2000000000,70587.0026913993,4.0000000000,0.0000566677,4,0,2026-06-28 02:00:00
111,0.3039014374,2026-03-09,2026-03-09 23:50:00,940044,68543.8000000000,60129.2000000000,70587.0026913993,4.0000000000,0.0000566677,4,0,2026-06-28 02:00:00
110,0.3011635866,2026-03-10,2026-03-10 23:50:00,940183,69891.4900000000,60129.2000000000,70587.0026913993,4.0000000000,0.0000566677,4,0,2026-06-28 02:00:00
109,0.2984257358,2026-03-11,2026-03-11 23:50:00,940321,70211.8000000000,60129.2000000000,70587.0026913993,4.0000000000,0.0000566677,4,0,2026-06-28 02:00:00
108,0.2956878850,2026-03-12,2026-03-12 23:50:00,940451,70579.4000000000,60129.2000000000,70587.0026913993,4.0000000000,0.0000566677,4,0,2026-06-28 02:00:00
107,0.2929500342,2026-03-13,2026-03-13 23:50:00,940571,70956.5000000000,60129.2000000000,70587.0026913993,4.0000000000,0.0000566677,4,0,2026-06-28 02:00:00
106,0.2902121834,2026-03-14,2026-03-14 23:50:00,940699,71165.8000000000,60129.2000000000,70587.0026913993,4.0000000000,0.0000566677,4,0,2026-06-28 02:00:00
105,0.2874743326,2026-03-15,2026-03-15 23:50:00,940825,72694.7000000000,60129.2000000000,70587.0026913993,4.0000000000,0.0000566677,4,0,2026-06-28 02:00:00
104,0.2847364819,2026-03-16,2026-03-16 23:50:00,940950,74838.2000000000,60129.2000000000,70587.0026913993,4.0000000000,0.0000566677,4,0,2026-06-28 02:00:00
103,0.2819986311,2026-03-17,2026-03-17 23:50:00,941074,74055.3000000000,60129.2000000000,70587.0026913993,4.0000000000,0.0000566677,4,0,2026-06-28 02:00:00
102,0.2792607803,2026-03-18,2026-03-18 23:50:00,941214,71330.8000000000,60129.2000000000,70587.0026913993,4.0000000000,0.0000566677,4,0,2026-06-28 02:00:00
101,0.2765229295,2026-03-19,2026-03-19 23:50:00,941347,69858.8000000000,60129.2000000000,70587.0026913993,4.0000000000,0.0000566677,4,0,2026-06-28 02:00:00
100,0.2737850787,2026-03-20,2026-03-20 23:50:00,941484,70514.0000000000,60129.2000000000,70587.0026913993,4.0000000000,0.0000566677,4,0,2026-06-28 02:00:00
99,0.2710472279,2026-03-21,2026-03-21 23:50:00,941622,69647.7000000000,60129.2000000000,70587.0026913993,4.0000000000,0.0000566677,4,0,2026-06-28 02:00:00
98,0.2683093771,2026-03-22,2026-03-22 23:50:00,941784,67997.8000000000,60129.2000000000,70587.0026913993,4.0000000000,0.0000566677,4,0,2026-06-28 02:00:00
97,0.2655715264,2026-03-23,2026-03-23 23:50:00,941941,70753.5000000000,60129.2000000000,70587.0026913993,4.0000000000,0.0000566677,4,0,2026-06-28 02:00:00
96,0.2628336756,2026-03-24,2026-03-24 23:50:00,942069,70609.2000000000,60129.2000000000,70587.0026913993,4.0000000000,0.0000566677,4,0,2026-06-28 02:00:00
95,0.2600958248,2026-03-25,2026-03-25 23:50:00,942221,71211.8000000000,60129.2000000000,70587.0026913993,4.0000000000,0.0000566677,4,0,2026-06-28 02:00:00
94,0.2573579740,2026-03-26,2026-03-26 23:50:00,942385,68725.8000000000,60129.2000000000,70587.0026913993,4.0000000000,0.0000566677,4,0,2026-06-28 02:00:00
93,0.2546201232,2026-03-27,2026-03-27 23:50:00,942539,66312.5000000000,60129.2000000000,70587.0026913993,4.0000000000,0.0000566677,4,0,2026-06-28 02:00:00
92,0.2518822724,2026-03-28,2026-03-28 23:50:00,942711,66318.7000000000,60129.2000000000,70587.0026913993,4.0000000000,0.0000566677,4,0,2026-06-28 02:00:00
91,0.2491444216,2026-03-29,2026-03-29 23:50:00,942856,66008.2000000000,60129.2000000000,70587.0026913993,4.0000000000,0.0000566677,4,0,2026-06-28 02:00:00
90,0.2464065708,2026-03-30,2026-03-30 23:50:00,942992,66681.3000000000,60129.2000000000,70587.0026913993,4.0000000000,0.0000566677,4,0,2026-06-28 02:00:00
89,0.2436687201,2026-03-31,2026-03-31 23:50:00,943129,68174.8000000000,60129.2000000000,70587.0026913993,4.0000000000,0.0000566677,4,0,2026-06-28 02:00:00
88,0.2409308693,2026-04-01,2026-04-01 23:50:00,943291,68141.7000000000,60129.2000000000,72342.1043273412,3.0000000000,0.0000414696,3,0,2026-06-28 02:00:00
87,0.2381930185,2026-04-02,2026-04-02 23:50:00,943436,66875.5000000000,60129.2000000000,72342.1043273412,3.0000000000,0.0000414696,3,0,2026-06-28 02:00:00
86,0.2354551677,2026-04-03,2026-04-03 23:50:00,943567,66906.3000000000,60129.2000000000,72342.1043273412,3.0000000000,0.0000414696,3,0,2026-06-28 02:00:00
85,0.2327173169,2026-04-04,2026-04-04 23:50:00,943685,67276.8000000000,60129.2000000000,72342.1043273412,3.0000000000,0.0000414696,3,0,2026-06-28 02:00:00
84,0.2299794661,2026-04-05,2026-04-05 23:50:00,943847,68939.0000000000,60129.2000000000,72342.1043273412,3.0000000000,0.0000414696,3,0,2026-06-28 02:00:00
83,0.2272416153,2026-04-06,2026-04-06 23:50:00,943974,68797.5000000000,60129.2000000000,72342.1043273412,3.0000000000,0.0000414696,3,0,2026-06-28 02:00:00
82,0.2245037645,2026-04-07,2026-04-07 23:50:00,944111,72171.8000000000,60129.2000000000,72342.1043273412,3.0000000000,0.0000414696,3,0,2026-06-28 02:00:00
81,0.2217659138,2026-04-08,2026-04-08 23:50:00,944259,71121.5000000000,60129.2000000000,72342.1043273412,3.0000000000,0.0000414696,3,0,2026-06-28 02:00:00
80,0.2190280630,2026-04-09,2026-04-09 23:50:00,944403,71776.0000000000,60129.2000000000,72342.1043273412,3.0000000000,0.0000414696,3,0,2026-06-28 02:00:00
79,0.2162902122,2026-04-10,2026-04-10 23:50:00,944530,72966.7000000000,60129.2000000000,72342.1043273412,3.0000000000,0.0000414696,3,0,2026-06-28 02:00:00
78,0.2135523614,2026-04-11,2026-04-11 23:50:00,944650,73124.7000000000,60129.2000000000,72342.1043273412,3.0000000000,0.0000414696,3,0,2026-06-28 02:00:00
77,0.2108145106,2026-04-12,2026-04-12 23:50:00,944807,70621.2000000000,60129.2000000000,72342.1043273412,3.0000000000,0.0000414696,3,0,2026-06-28 02:00:00
76,0.2080766598,2026-04-13,2026-04-13 23:50:00,944955,74546.3000000000,60129.2000000000,72342.1043273412,3.0000000000,0.0000414696,3,0,2026-06-28 02:00:00
75,0.2053388090,2026-04-14,2026-04-14 23:50:00,945117,74232.2000000000,60129.2000000000,72342.1043273412,3.0000000000,0.0000414696,3,0,2026-06-28 02:00:00
74,0.2026009582,2026-04-15,2026-04-15 23:50:00,945245,74761.8000000000,60129.2000000000,72342.1043273412,3.0000000000,0.0000414696,3,0,2026-06-28 02:00:00
73,0.1998631075,2026-04-16,2026-04-16 23:50:00,945397,75093.2000000000,60129.2000000000,72342.1043273412,3.0000000000,0.0000414696,3,0,2026-06-28 02:00:00
72,0.1971252567,2026-04-17,2026-04-17 23:50:00,945537,77154.4000000000,60129.2000000000,72342.1043273412,3.0000000000,0.0000414696,3,0,2026-06-28 02:00:00
71,0.1943874059,2026-04-18,2026-04-18 23:50:00,945690,75781.7000000000,60129.2000000000,72342.1043273412,3.0000000000,0.0000414696,3,0,2026-06-28 02:00:00
70,0.1916495551,2026-04-19,2026-04-19 23:50:00,945848,73927.3000000000,60129.2000000000,72342.1043273412,3.0000000000,0.0000414696,3,0,2026-06-28 02:00:00
69,0.1889117043,2026-04-20,2026-04-20 23:50:00,945978,75894.5000000000,60129.2000000000,72342.1043273412,3.0000000000,0.0000414696,3,0,2026-06-28 02:00:00
68,0.1861738535,2026-04-21,2026-04-21 23:50:00,946112,76353.0000000000,60129.2000000000,72342.1043273412,3.0000000000,0.0000414696,3,0,2026-06-28 02:00:00
67,0.1834360027,2026-04-22,2026-04-22 23:50:00,946242,78303.4000000000,60129.2000000000,72342.1043273412,3.0000000000,0.0000414696,3,0,2026-06-28 02:00:00
66,0.1806981520,2026-04-23,2026-04-23 23:50:00,946365,78280.0000000000,60129.2000000000,72342.1043273412,3.0000000000,0.0000414696,3,0,2026-06-28 02:00:00
65,0.1779603012,2026-04-24,2026-04-24 23:50:00,946513,77447.2000000000,60129.2000000000,72342.1043273412,3.0000000000,0.0000414696,3,0,2026-06-28 02:00:00
64,0.1752224504,2026-04-25,2026-04-25 23:50:00,946655,77622.2000000000,60129.2000000000,72342.1043273412,3.0000000000,0.0000414696,3,0,2026-06-28 02:00:00
63,0.1724845996,2026-04-26,2026-04-26 23:50:00,946804,78753.5000000000,60129.2000000000,72342.1043273412,3.0000000000,0.0000414696,3,0,2026-06-28 02:00:00
62,0.1697467488,2026-04-27,2026-04-27 23:50:00,946942,77325.5000000000,60129.2000000000,72342.1043273412,3.0000000000,0.0000414696,3,0,2026-06-28 02:00:00
61,0.1670088980,2026-04-28,2026-04-28 23:50:00,947081,76315.2000000000,60129.2000000000,72342.1043273412,3.0000000000,0.0000414696,3,0,2026-06-28 02:00:00
60,0.1642710472,2026-04-29,2026-04-29 23:50:00,947208,75787.0000000000,60129.2000000000,72342.1043273412,3.0000000000,0.0000414696,3,0,2026-06-28 02:00:00
59,0.1615331964,2026-04-30,2026-04-30 23:50:00,947347,76305.3000000000,60129.2000000000,72342.1043273412,3.0000000000,0.0000414696,3,0,2026-06-28 02:00:00
58,0.1587953457,2026-05-01,2026-05-01 23:50:00,947506,78138.8000000000,60129.2000000000,74642.6736513336,2.0000000000,0.0000267943,2,0,2026-06-28 02:00:00
57,0.1560574949,2026-05-02,2026-05-02 23:50:00,947640,78674.3000000000,60129.2000000000,74642.6736513336,2.0000000000,0.0000267943,2,0,2026-06-28 02:00:00
56,0.1533196441,2026-05-03,2026-05-03 23:50:00,947794,78560.8000000000,60129.2000000000,74642.6736513336,2.0000000000,0.0000267943,2,0,2026-06-28 02:00:00
55,0.1505817933,2026-05-04,2026-05-04 23:50:00,947943,79777.7000000000,60129.2000000000,74642.6736513336,2.0000000000,0.0000267943,2,0,2026-06-28 02:00:00
54,0.1478439425,2026-05-05,2026-05-05 23:50:00,948093,80926.4000000000,60129.2000000000,74642.6736513336,2.0000000000,0.0000267943,2,0,2026-06-28 02:00:00
53,0.1451060917,2026-05-06,2026-05-06 23:50:00,948234,81347.5000000000,60129.2000000000,74642.6736513336,2.0000000000,0.0000267943,2,0,2026-06-28 02:00:00
52,0.1423682409,2026-05-07,2026-05-07 23:50:00,948375,80020.2000000000,60129.2000000000,74642.6736513336,2.0000000000,0.0000267943,2,0,2026-06-28 02:00:00
51,0.1396303901,2026-05-08,2026-05-08 23:50:00,948523,80168.3000000000,60129.2000000000,74642.6736513336,2.0000000000,0.0000267943,2,0,2026-06-28 02:00:00
50,0.1368925394,2026-05-09,2026-05-09 23:50:00,948689,80667.0000000000,60129.2000000000,74642.6736513336,2.0000000000,0.0000267943,2,0,2026-06-28 02:00:00
49,0.1341546886,2026-05-10,2026-05-10 23:50:00,948844,82314.7000000000,60129.2000000000,74642.6736513336,2.0000000000,0.0000267943,2,0,2026-06-28 02:00:00
48,0.1314168378,2026-05-11,2026-05-11 23:50:00,949009,81739.5000000000,60129.2000000000,74642.6736513336,2.0000000000,0.0000267943,2,0,2026-06-28 02:00:00
47,0.1286789870,2026-05-12,2026-05-12 23:50:00,949142,80457.8000000000,60129.2000000000,74642.6736513336,2.0000000000,0.0000267943,2,0,2026-06-28 02:00:00
46,0.1259411362,2026-05-13,2026-05-13 23:50:00,949282,79264.5000000000,60129.2000000000,74642.6736513336,2.0000000000,0.0000267943,2,0,2026-06-28 02:00:00
45,0.1232032854,2026-05-14,2026-05-14 23:50:00,949432,81078.6000000000,60129.2000000000,74642.6736513336,2.0000000000,0.0000267943,2,0,2026-06-28 02:00:00
44,0.1204654346,2026-05-15,2026-05-15 23:50:00,949577,79078.8000000000,60129.2000000000,74642.6736513336,2.0000000000,0.0000267943,2,0,2026-06-28 02:00:00
43,0.1177275838,2026-05-16,2026-05-16 23:50:00,949729,78173.0000000000,60129.2000000000,74642.6736513336,2.0000000000,0.0000267943,2,0,2026-06-28 02:00:00
42,0.1149897331,2026-05-17,2026-05-17 23:50:00,949869,77204.8000000000,60129.2000000000,74642.6736513336,2.0000000000,0.0000267943,2,0,2026-06-28 02:00:00
41,0.1122518823,2026-05-18,2026-05-18 23:50:00,950008,76970.8000000000,60129.2000000000,74642.6736513336,2.0000000000,0.0000267943,2,0,2026-06-28 02:00:00
40,0.1095140315,2026-05-19,2026-05-19 23:50:00,950150,76819.7000000000,60129.2000000000,74642.6736513336,2.0000000000,0.0000267943,2,0,2026-06-28 02:00:00
39,0.1067761807,2026-05-20,2026-05-20 23:50:00,950303,77458.0000000000,60129.2000000000,74642.6736513336,2.0000000000,0.0000267943,2,0,2026-06-28 02:00:00
38,0.1040383299,2026-05-21,2026-05-21 23:50:00,950428,77637.3000000000,60129.2000000000,74642.6736513336,2.0000000000,0.0000267943,2,0,2026-06-28 02:00:00
37,0.1013004791,2026-05-22,2026-05-22 23:50:00,950585,75407.2000000000,60129.2000000000,74642.6736513336,2.0000000000,0.0000267943,2,0,2026-06-28 02:00:00
36,0.0985626283,2026-05-23,2026-05-23 23:50:00,950748,76633.0000000000,60129.2000000000,74642.6736513336,2.0000000000,0.0000267943,2,0,2026-06-28 02:00:00
35,0.0958247775,2026-05-24,2026-05-24 23:50:00,950879,77070.0000000000,60129.2000000000,74642.6736513336,2.0000000000,0.0000267943,2,0,2026-06-28 02:00:00
34,0.0930869268,2026-05-25,2026-05-25 23:50:00,951046,77259.7000000000,60129.2000000000,74642.6736513336,2.0000000000,0.0000267943,2,0,2026-06-28 02:00:00
33,0.0903490760,2026-05-26,2026-05-26 23:50:00,951184,75834.2000000000,60129.2000000000,74642.6736513336,2.0000000000,0.0000267943,2,0,2026-06-28 02:00:00
32,0.0876112252,2026-05-27,2026-05-27 23:50:00,951323,74363.6000000000,60129.2000000000,74642.6736513336,2.0000000000,0.0000267943,2,0,2026-06-28 02:00:00
31,0.0848733744,2026-05-28,2026-05-28 23:50:00,951486,73447.5000000000,60129.2000000000,74642.6736513336,2.0000000000,0.0000267943,2,0,2026-06-28 02:00:00
30,0.0821355236,2026-05-29,2026-05-29 23:50:00,951626,73329.2000000000,60129.2000000000,74642.6736513336,2.0000000000,0.0000267943,2,0,2026-06-28 02:00:00
29,0.0793976728,2026-05-30,2026-05-30 23:50:00,951768,73731.5000000000,60129.2000000000,74642.6736513336,2.0000000000,0.0000267943,2,0,2026-06-28 02:00:00
28,0.0766598220,2026-05-31,2026-05-31 23:50:00,951913,73550.7000000000,60129.2000000000,74642.6736513336,2.0000000000,0.0000267943,2,0,2026-06-28 02:00:00
27,0.0739219713,2026-06-01,2026-06-01 23:50:00,952044,71446.0000000000,60129.2000000000,71446.0000000000,1.0000000000,0.0000139966,1,0,2026-06-28 02:00:00
26,0.0711841205,2026-06-02,2026-06-02 23:50:00,952157,66680.6000000000,60129.2000000000,71446.0000000000,1.0000000000,0.0000139966,1,0,2026-06-28 02:00:00
25,0.0684462697,2026-06-03,2026-06-03 23:50:00,952266,64205.0000000000,60129.2000000000,71446.0000000000,1.0000000000,0.0000139966,1,0,2026-06-28 02:00:00
24,0.0657084189,2026-06-04,2026-06-04 23:50:00,952408,63674.5000000000,60129.2000000000,71446.0000000000,1.0000000000,0.0000139966,1,0,2026-06-28 02:00:00
23,0.0629705681,2026-06-05,2026-06-05 23:50:00,952543,60826.8000000000,60129.2000000000,71446.0000000000,1.0000000000,0.0000139966,1,0,2026-06-28 02:00:00
22,0.0602327173,2026-06-06,2026-06-06 23:50:00,952663,60829.7000000000,60129.2000000000,71446.0000000000,1.0000000000,0.0000139966,1,0,2026-06-28 02:00:00
21,0.0574948665,2026-06-07,2026-06-07 23:50:00,952781,63245.8000000000,60129.2000000000,71446.0000000000,1.0000000000,0.0000139966,1,0,2026-06-28 02:00:00
20,0.0547570157,2026-06-08,2026-06-08 23:50:00,952909,63009.2000000000,60129.2000000000,71446.0000000000,1.0000000000,0.0000139966,1,0,2026-06-28 02:00:00
19,0.0520191650,2026-06-09,2026-06-09 23:50:00,953033,61575.6000000000,60129.2000000000,71446.0000000000,1.0000000000,0.0000139966,1,0,2026-06-28 02:00:00
18,0.0492813142,2026-06-10,2026-06-10 23:50:00,953159,61440.0000000000,60129.2000000000,71446.0000000000,1.0000000000,0.0000139966,1,0,2026-06-28 02:00:00
17,0.0465434634,2026-06-11,2026-06-11 23:50:00,953293,63541.5000000000,60129.2000000000,71446.0000000000,1.0000000000,0.0000139966,1,0,2026-06-28 02:00:00
16,0.0438056126,2026-06-12,2026-06-12 23:50:00,953438,63517.1400000000,60129.2000000000,71446.0000000000,1.0000000000,0.0000139966,1,0,2026-06-28 02:00:00
15,0.0410677618,2026-06-13,2026-06-13 23:50:00,953563,64386.8000000000,60129.2000000000,71446.0000000000,1.0000000000,0.0000139966,1,0,2026-06-28 02:00:00
14,0.0383299110,2026-06-14,2026-06-14 23:50:00,953711,65624.4000000000,60129.2000000000,71446.0000000000,1.0000000000,0.0000139966,1,0,2026-06-28 02:00:00
13,0.0355920602,2026-06-15,2026-06-15 23:50:00,953859,66235.6000000000,60129.2000000000,71446.0000000000,1.0000000000,0.0000139966,1,0,2026-06-28 02:00:00
12,0.0328542094,2026-06-16,2026-06-16 23:50:00,954022,65621.4000000000,60129.2000000000,71446.0000000000,1.0000000000,0.0000139966,1,0,2026-06-28 02:00:00
11,0.0301163587,2026-06-17,2026-06-17 23:50:00,954154,64410.0000000000,60129.2000000000,71446.0000000000,1.0000000000,0.0000139966,1,0,2026-06-28 02:00:00
10,0.0273785079,2026-06-18,2026-06-18 23:50:00,954319,62832.8000000000,60129.2000000000,71446.0000000000,1.0000000000,0.0000139966,1,0,2026-06-28 02:00:00
9,0.0246406571,2026-06-19,2026-06-19 23:50:00,954469,63269.2000000000,60129.2000000000,71446.0000000000,1.0000000000,0.0000139966,1,0,2026-06-28 02:00:00
8,0.0219028063,2026-06-20,2026-06-20 23:50:00,954626,64225.2000000000,60129.2000000000,71446.0000000000,1.0000000000,0.0000139966,1,0,2026-06-28 02:00:00
7,0.0191649555,2026-06-21,2026-06-21 23:50:00,954759,63275.8000000000,60129.2000000000,71446.0000000000,1.0000000000,0.0000139966,1,0,2026-06-28 02:00:00
6,0.0164271047,2026-06-22,2026-06-22 23:50:00,954915,63900.0000000000,60129.2000000000,71446.0000000000,1.0000000000,0.0000139966,1,0,2026-06-28 02:00:00
5,0.0136892539,2026-06-23,2026-06-23 23:50:00,955089,62655.2000000000,60129.2000000000,71446.0000000000,1.0000000000,0.0000139966,1,0,2026-06-28 02:00:00
4,0.0109514031,2026-06-24,2026-06-24 23:50:00,955244,60905.4000000000,60129.2000000000,71446.0000000000,1.0000000000,0.0000139966,1,0,2026-06-28 02:00:00
3,0.0082135524,2026-06-25,2026-06-25 23:50:00,955413,59802.2000000000,60129.2000000000,71446.0000000000,1.0000000000,0.0000139966,1,0,2026-06-28 02:00:00
2,0.0054757016,2026-06-26,2026-06-26 23:50:00,955569,59995.4000000000,60129.2000000000,71446.0000000000,1.0000000000,0.0000139966,1,0,2026-06-28 02:00:00
1,0.0027378508,2026-06-27,2026-06-27 23:50:00,955734,59968.8000000000,60129.2000000000,71446.0000000000,1.0000000000,0.0000139966,1,0,2026-06-28 02:00:00
