date,timestamp,price,daily_high,block_height,epoch,epoch_height,subsidy,supply,market_cap,eod_utc
1/3/09,2009-01-03 23:59:59,0.0,0.0,0,1,0,50.0,50.0,0.0,True
1/4/09,2009-01-04 00:00:00,0.0,0.0,0,1,0,50.0,50.0,0.0,True
1/5/09,2009-01-05 00:00:00,0.0,0.0,0,1,0,50.0,50.0,0.0,True
1/6/09,2009-01-06 00:00:00,0.0,0.0,0,1,0,50.0,50.0,0.0,True
1/7/09,2009-01-07 00:00:00,0.0,0.0,0,1,0,50.0,50.0,0.0,True
1/8/09,2009-01-08 00:00:00,0.0,0.0,0,1,0,50.0,50.0,0.0,True
1/9/09,2009-01-09 00:00:00,0.0,0.0,0,1,0,50.0,50.0,0.0,True
1/10/09,2009-01-10 00:00:00,0.0,0.0,14,1,14,50.0,750.0,0.0,True
1/11/09,2009-01-11 00:00:00,0.0,0.0,75,1,75,50.0,3800.0,0.0,True
1/12/09,2009-01-12 00:00:00,0.0,0.0,168,1,168,50.0,8450.0,0.0,True
1/13/09,2009-01-13 00:00:00,0.0,0.0,262,1,262,50.0,13150.0,0.0,True
1/14/09,2009-01-14 00:00:00,0.0,0.0,385,1,385,50.0,19300.0,0.0,True
1/15/09,2009-01-15 00:00:00,0.0,0.0,514,1,514,50.0,25750.0,0.0,True
1/16/09,2009-01-16 00:00:00,0.0,0.0,640,1,640,50.0,32050.0,0.0,True
1/17/09,2009-01-17 00:00:00,0.0,0.0,748,1,748,50.0,37450.0,0.0,True
1/18/09,2009-01-18 00:00:00,0.0,0.0,857,1,857,50.0,42900.0,0.0,True
1/19/09,2009-01-19 00:00:00,0.0,0.0,964,1,964,50.0,48250.0,0.0,True
1/20/09,2009-01-20 00:00:00,0.0,0.0,1079,1,1079,50.0,54000.0,0.0,True
1/21/09,2009-01-21 00:00:00,0.0,0.0,1193,1,1193,50.0,59700.0,0.0,True
1/22/09,2009-01-22 00:00:00,0.0,0.0,1295,1,1295,50.0,64800.0,0.0,True
1/23/09,2009-01-23 00:00:00,0.0,0.0,1386,1,1386,50.0,69350.0,0.0,True
1/24/09,2009-01-24 00:00:00,0.0,0.0,1470,1,1470,50.0,73550.0,0.0,True
1/25/09,2009-01-25 00:00:00,0.0,0.0,1671,1,1671,50.0,83600.0,0.0,True
1/26/09,2009-01-26 00:00:00,0.0,0.0,1862,1,1862,50.0,93150.0,0.0,True
1/27/09,2009-01-27 00:00:00,0.0,0.0,1958,1,1958,50.0,97950.0,0.0,True
1/28/09,2009-01-28 00:00:00,0.0,0.0,2055,1,2055,50.0,102800.0,0.0,True
1/29/09,2009-01-29 00:00:00,0.0,0.0,2167,1,2167,50.0,108400.0,0.0,True
1/30/09,2009-01-30 00:00:00,0.0,0.0,2288,1,2288,50.0,114450.0,0.0,True
1/31/09,2009-01-31 00:00:00,0.0,0.0,2405,1,2405,50.0,120300.0,0.0,True
2/1/09,2009-02-01 00:00:00,0.0,0.0,2543,1,2543,50.0,127200.0,0.0,True
2/2/09,2009-02-02 00:00:00,0.0,0.0,2656,1,2656,50.0,132850.0,0.0,True
2/3/09,2009-02-03 00:00:00,0.0,0.0,2784,1,2784,50.0,139250.0,0.0,True
2/4/09,2009-02-04 00:00:00,0.0,0.0,2923,1,2923,50.0,146200.0,0.0,True
2/5/09,2009-02-05 00:00:00,0.0,0.0,3042,1,3042,50.0,152150.0,0.0,True
2/6/09,2009-02-06 00:00:00,0.0,0.0,3168,1,3168,50.0,158450.0,0.0,True
2/7/09,2009-02-07 00:00:00,0.0,0.0,3290,1,3290,50.0,164550.0,0.0,True
2/8/09,2009-02-08 00:00:00,0.0,0.0,3419,1,3419,50.0,171000.0,0.0,True
2/9/09,2009-02-09 00:00:00,0.0,0.0,3551,1,3551,50.0,177600.0,0.0,True
2/10/09,2009-02-10 00:00:00,0.0,0.0,3685,1,3685,50.0,184300.0,0.0,True
2/11/09,2009-02-11 00:00:00,0.0,0.0,3805,1,3805,50.0,190300.0,0.0,True
2/12/09,2009-02-12 00:00:00,0.0,0.0,3938,1,3938,50.0,196950.0,0.0,True
2/13/09,2009-02-13 00:00:00,0.0,0.0,4057,1,4057,50.0,202900.0,0.0,True
2/14/09,2009-02-14 00:00:00,0.0,0.0,4181,1,4181,50.0,209100.0,0.0,True
2/15/09,2009-02-15 00:00:00,0.0,0.0,4317,1,4317,50.0,215900.0,0.0,True
2/16/09,2009-02-16 00:00:00,0.0,0.0,4445,1,4445,50.0,222300.0,0.0,True
2/17/09,2009-02-17 00:00:00,0.0,0.0,4567,1,4567,50.0,228400.0,0.0,True
2/18/09,2009-02-18 00:00:00,0.0,0.0,4684,1,4684,50.0,234250.0,0.0,True
2/19/09,2009-02-19 00:00:00,0.0,0.0,4802,1,4802,50.0,240150.0,0.0,True
2/20/09,2009-02-20 00:00:00,0.0,0.0,4926,1,4926,50.0,246350.0,0.0,True
2/21/09,2009-02-21 00:00:00,0.0,0.0,5048,1,5048,50.0,252450.0,0.0,True
2/22/09,2009-02-22 00:00:00,0.0,0.0,5162,1,5162,50.0,258150.0,0.0,True
2/23/09,2009-02-23 00:00:00,0.0,0.0,5283,1,5283,50.0,264200.0,0.0,True
2/24/09,2009-02-24 00:00:00,0.0,0.0,5391,1,5391,50.0,269600.0,0.0,True
2/25/09,2009-02-25 00:00:00,0.0,0.0,5497,1,5497,50.0,274900.0,0.0,True
2/26/09,2009-02-26 00:00:00,0.0,0.0,5602,1,5602,50.0,280150.0,0.0,True
2/27/09,2009-02-27 00:00:00,0.0,0.0,5709,1,5709,50.0,285500.0,0.0,True
2/28/09,2009-02-28 00:00:00,0.0,0.0,5824,1,5824,50.0,291250.0,0.0,True
3/1/09,2009-03-01 00:00:00,0.0,0.0,5923,1,5923,50.0,296200.0,0.0,True
3/2/09,2009-03-02 00:00:00,0.0,0.0,6028,1,6028,50.0,301450.0,0.0,True
3/3/09,2009-03-03 00:00:00,0.0,0.0,6136,1,6136,50.0,306850.0,0.0,True
3/4/09,2009-03-04 00:00:00,0.0,0.0,6241,1,6241,50.0,312100.0,0.0,True
3/5/09,2009-03-05 00:00:00,0.0,0.0,6345,1,6345,50.0,317300.0,0.0,True
3/6/09,2009-03-06 00:00:00,0.0,0.0,6457,1,6457,50.0,322900.0,0.0,True
3/7/09,2009-03-07 00:00:00,0.0,0.0,6574,1,6574,50.0,328750.0,0.0,True
3/8/09,2009-03-08 00:00:00,0.0,0.0,6683,1,6683,50.0,334200.0,0.0,True
3/9/09,2009-03-09 00:00:00,0.0,0.0,6798,1,6798,50.0,339950.0,0.0,True
3/10/09,2009-03-10 00:00:00,0.0,0.0,6906,1,6906,50.0,345350.0,0.0,True
3/11/09,2009-03-11 00:00:00,0.0,0.0,7013,1,7013,50.0,350700.0,0.0,True
3/12/09,2009-03-12 00:00:00,0.0,0.0,7127,1,7127,50.0,356400.0,0.0,True
3/13/09,2009-03-13 00:00:00,0.0,0.0,7245,1,7245,50.0,362300.0,0.0,True
3/14/09,2009-03-14 00:00:00,0.0,0.0,7358,1,7358,50.0,367950.0,0.0,True
3/15/09,2009-03-15 00:00:00,0.0,0.0,7468,1,7468,50.0,373450.0,0.0,True
3/16/09,2009-03-16 00:00:00,0.0,0.0,7591,1,7591,50.0,379600.0,0.0,True
3/17/09,2009-03-17 00:00:00,0.0,0.0,7712,1,7712,50.0,385650.0,0.0,True
3/18/09,2009-03-18 00:00:00,0.0,0.0,7826,1,7826,50.0,391350.0,0.0,True
3/19/09,2009-03-19 00:00:00,0.0,0.0,7940,1,7940,50.0,397050.0,0.0,True
3/20/09,2009-03-20 00:00:00,0.0,0.0,8062,1,8062,50.0,403150.0,0.0,True
3/21/09,2009-03-21 00:00:00,0.0,0.0,8180,1,8180,50.0,409050.0,0.0,True
3/22/09,2009-03-22 00:00:00,0.0,0.0,8230,1,8230,50.0,411550.0,0.0,True
3/23/09,2009-03-23 00:00:00,0.0,0.0,8349,1,8349,50.0,417500.0,0.0,True
3/24/09,2009-03-24 00:00:00,0.0,0.0,8479,1,8479,50.0,424000.0,0.0,True
3/25/09,2009-03-25 00:00:00,0.0,0.0,8584,1,8584,50.0,429250.0,0.0,True
3/26/09,2009-03-26 00:00:00,0.0,0.0,8701,1,8701,50.0,435100.0,0.0,True
3/27/09,2009-03-27 00:00:00,0.0,0.0,8818,1,8818,50.0,440950.0,0.0,True
3/28/09,2009-03-28 00:00:00,0.0,0.0,8924,1,8924,50.0,446250.0,0.0,True
3/29/09,2009-03-29 00:00:00,0.0,0.0,9043,1,9043,50.0,452200.0,0.0,True
3/30/09,2009-03-30 00:00:00,0.0,0.0,9159,1,9159,50.0,458000.0,0.0,True
3/31/09,2009-03-31 00:00:00,0.0,0.0,9279,1,9279,50.0,464000.0,0.0,True
4/1/09,2009-04-01 00:00:00,0.0,0.0,9389,1,9389,50.0,469500.0,0.0,True
4/2/09,2009-04-02 00:00:00,0.0,0.0,9503,1,9503,50.0,475200.0,0.0,True
4/3/09,2009-04-03 00:00:00,0.0,0.0,9618,1,9618,50.0,480950.0,0.0,True
4/4/09,2009-04-04 00:00:00,0.0,0.0,9734,1,9734,50.0,486750.0,0.0,True
4/5/09,2009-04-05 00:00:00,0.0,0.0,9847,1,9847,50.0,492400.0,0.0,True
4/6/09,2009-04-06 00:00:00,0.0,0.0,9977,1,9977,50.0,498900.0,0.0,True
4/7/09,2009-04-07 00:00:00,0.0,0.0,10086,1,10086,50.0,504350.0,0.0,True
4/8/09,2009-04-08 00:00:00,0.0,0.0,10186,1,10186,50.0,509350.0,0.0,True
4/9/09,2009-04-09 00:00:00,0.0,0.0,10291,1,10291,50.0,514600.0,0.0,True
4/10/09,2009-04-10 00:00:00,0.0,0.0,10390,1,10390,50.0,519550.0,0.0,True
4/11/09,2009-04-11 00:00:00,0.0,0.0,10498,1,10498,50.0,524950.0,0.0,True
4/12/09,2009-04-12 00:00:00,0.0,0.0,10618,1,10618,50.0,530950.0,0.0,True
4/13/09,2009-04-13 00:00:00,0.0,0.0,10736,1,10736,50.0,536850.0,0.0,True
4/14/09,2009-04-14 00:00:00,0.0,0.0,10851,1,10851,50.0,542600.0,0.0,True
4/15/09,2009-04-15 00:00:00,0.0,0.0,10975,1,10975,50.0,548800.0,0.0,True
4/16/09,2009-04-16 00:00:00,0.0,0.0,11088,1,11088,50.0,554450.0,0.0,True
4/17/09,2009-04-17 00:00:00,0.0,0.0,11211,1,11211,50.0,560600.0,0.0,True
4/18/09,2009-04-18 00:00:00,0.0,0.0,11323,1,11323,50.0,566200.0,0.0,True
4/19/09,2009-04-19 00:00:00,0.0,0.0,11449,1,11449,50.0,572500.0,0.0,True
4/20/09,2009-04-20 00:00:00,0.0,0.0,11568,1,11568,50.0,578450.0,0.0,True
4/21/09,2009-04-21 00:00:00,0.0,0.0,11687,1,11687,50.0,584400.0,0.0,True
4/22/09,2009-04-22 00:00:00,0.0,0.0,11810,1,11810,50.0,590550.0,0.0,True
4/23/09,2009-04-23 00:00:00,0.0,0.0,11931,1,11931,50.0,596600.0,0.0,True
4/24/09,2009-04-24 00:00:00,0.0,0.0,12006,1,12006,50.0,600350.0,0.0,True
4/25/09,2009-04-25 00:00:00,0.0,0.0,12121,1,12121,50.0,606100.0,0.0,True
4/26/09,2009-04-26 00:00:00,0.0,0.0,12239,1,12239,50.0,612000.0,0.0,True
4/27/09,2009-04-27 00:00:00,0.0,0.0,12351,1,12351,50.0,617600.0,0.0,True
4/28/09,2009-04-28 00:00:00,0.0,0.0,12455,1,12455,50.0,622800.0,0.0,True
4/29/09,2009-04-29 00:00:00,0.0,0.0,12572,1,12572,50.0,628650.0,0.0,True
4/30/09,2009-04-30 00:00:00,0.0,0.0,12700,1,12700,50.0,635050.0,0.0,True
5/1/09,2009-05-01 00:00:00,0.0,0.0,12831,1,12831,50.0,641600.0,0.0,True
5/2/09,2009-05-02 00:00:00,0.0,0.0,12952,1,12952,50.0,647650.0,0.0,True
5/3/09,2009-05-03 00:00:00,0.0,0.0,13078,1,13078,50.0,653950.0,0.0,True
5/4/09,2009-05-04 00:00:00,0.0,0.0,13184,1,13184,50.0,659250.0,0.0,True
5/5/09,2009-05-05 00:00:00,0.0,0.0,13312,1,13312,50.0,665650.0,0.0,True
5/6/09,2009-05-06 00:00:00,0.0,0.0,13447,1,13447,50.0,672400.0,0.0,True
5/7/09,2009-05-07 00:00:00,0.0,0.0,13582,1,13582,50.0,679150.0,0.0,True
5/8/09,2009-05-08 00:00:00,0.0,0.0,13704,1,13704,50.0,685250.0,0.0,True
5/9/09,2009-05-09 00:00:00,0.0,0.0,13811,1,13811,50.0,690600.0,0.0,True
5/10/09,2009-05-10 00:00:00,0.0,0.0,13889,1,13889,50.0,694500.0,0.0,True
5/11/09,2009-05-11 00:00:00,0.0,0.0,13974,1,13974,50.0,698750.0,0.0,True
5/12/09,2009-05-12 00:00:00,0.0,0.0,14094,1,14094,50.0,704750.0,0.0,True
5/13/09,2009-05-13 00:00:00,0.0,0.0,14224,1,14224,50.0,711250.0,0.0,True
5/14/09,2009-05-14 00:00:00,0.0,0.0,14335,1,14335,50.0,716800.0,0.0,True
5/15/09,2009-05-15 00:00:00,0.0,0.0,14474,1,14474,50.0,723750.0,0.0,True
5/16/09,2009-05-16 00:00:00,0.0,0.0,14610,1,14610,50.0,730550.0,0.0,True
5/17/09,2009-05-17 00:00:00,0.0,0.0,14729,1,14729,50.0,736500.0,0.0,True
5/18/09,2009-05-18 00:00:00,0.0,0.0,14856,1,14856,50.0,742850.0,0.0,True
5/19/09,2009-05-19 00:00:00,0.0,0.0,14974,1,14974,50.0,748750.0,0.0,True
5/20/09,2009-05-20 00:00:00,0.0,0.0,15060,1,15060,50.0,753050.0,0.0,True
5/21/09,2009-05-21 00:00:00,0.0,0.0,15180,1,15180,50.0,759050.0,0.0,True
5/22/09,2009-05-22 00:00:00,0.0,0.0,15262,1,15262,50.0,763150.0,0.0,True
5/23/09,2009-05-23 00:00:00,0.0,0.0,15323,1,15323,50.0,766200.0,0.0,True
5/24/09,2009-05-24 00:00:00,0.0,0.0,15355,1,15355,50.0,767800.0,0.0,True
5/25/09,2009-05-25 00:00:00,0.0,0.0,15455,1,15455,50.0,772800.0,0.0,True
5/26/09,2009-05-26 00:00:00,0.0,0.0,15564,1,15564,50.0,778250.0,0.0,True
5/27/09,2009-05-27 00:00:00,0.0,0.0,15689,1,15689,50.0,784500.0,0.0,True
5/28/09,2009-05-28 00:00:00,0.0,0.0,15808,1,15808,50.0,790450.0,0.0,True
5/29/09,2009-05-29 00:00:00,0.0,0.0,15903,1,15903,50.0,795200.0,0.0,True
5/30/09,2009-05-30 00:00:00,0.0,0.0,16009,1,16009,50.0,800500.0,0.0,True
5/31/09,2009-05-31 00:00:00,0.0,0.0,16118,1,16118,50.0,805950.0,0.0,True
6/1/09,2009-06-01 00:00:00,0.0,0.0,16214,1,16214,50.0,810750.0,0.0,True
6/2/09,2009-06-02 00:00:00,0.0,0.0,16285,1,16285,50.0,814300.0,0.0,True
6/3/09,2009-06-03 00:00:00,0.0,0.0,16396,1,16396,50.0,819850.0,0.0,True
6/4/09,2009-06-04 00:00:00,0.0,0.0,16467,1,16467,50.0,823400.0,0.0,True
6/5/09,2009-06-05 00:00:00,0.0,0.0,16533,1,16533,50.0,826700.0,0.0,True
6/6/09,2009-06-06 00:00:00,0.0,0.0,16563,1,16563,50.0,828200.0,0.0,True
6/7/09,2009-06-07 00:00:00,0.0,0.0,16591,1,16591,50.0,829600.0,0.0,True
6/8/09,2009-06-08 00:00:00,0.0,0.0,16607,1,16607,50.0,830400.0,0.0,True
6/9/09,2009-06-09 00:00:00,0.0,0.0,16689,1,16689,50.0,834500.0,0.0,True
6/10/09,2009-06-10 00:00:00,0.0,0.0,16780,1,16780,50.0,839050.0,0.0,True
6/11/09,2009-06-11 00:00:00,0.0,0.0,16862,1,16862,50.0,843150.0,0.0,True
6/12/09,2009-06-12 00:00:00,0.0,0.0,16951,1,16951,50.0,847600.0,0.0,True
6/13/09,2009-06-13 00:00:00,0.0,0.0,17037,1,17037,50.0,851900.0,0.0,True
6/14/09,2009-06-14 00:00:00,0.0,0.0,17115,1,17115,50.0,855800.0,0.0,True
6/15/09,2009-06-15 00:00:00,0.0,0.0,17187,1,17187,50.0,859400.0,0.0,True
6/16/09,2009-06-16 00:00:00,0.0,0.0,17271,1,17271,50.0,863600.0,0.0,True
6/17/09,2009-06-17 00:00:00,0.0,0.0,17342,1,17342,50.0,867150.0,0.0,True
6/18/09,2009-06-18 00:00:00,0.0,0.0,17421,1,17421,50.0,871100.0,0.0,True
6/19/09,2009-06-19 00:00:00,0.0,0.0,17501,1,17501,50.0,875100.0,0.0,True
6/20/09,2009-06-20 00:00:00,0.0,0.0,17588,1,17588,50.0,879450.0,0.0,True
6/21/09,2009-06-21 00:00:00,0.0,0.0,17666,1,17666,50.0,883350.0,0.0,True
6/22/09,2009-06-22 00:00:00,0.0,0.0,17747,1,17747,50.0,887400.0,0.0,True
6/23/09,2009-06-23 00:00:00,0.0,0.0,17823,1,17823,50.0,891200.0,0.0,True
6/24/09,2009-06-24 00:00:00,0.0,0.0,17899,1,17899,50.0,895000.0,0.0,True
6/25/09,2009-06-25 00:00:00,0.0,0.0,17994,1,17994,50.0,899750.0,0.0,True
6/26/09,2009-06-26 00:00:00,0.0,0.0,18062,1,18062,50.0,903150.0,0.0,True
6/27/09,2009-06-27 00:00:00,0.0,0.0,18152,1,18152,50.0,907650.0,0.0,True
6/28/09,2009-06-28 00:00:00,0.0,0.0,18236,1,18236,50.0,911850.0,0.0,True
6/29/09,2009-06-29 00:00:00,0.0,0.0,18282,1,18282,50.0,914150.0,0.0,True
6/30/09,2009-06-30 00:00:00,0.0,0.0,18365,1,18365,50.0,918300.0,0.0,True
7/1/09,2009-07-01 00:00:00,0.0,0.0,18450,1,18450,50.0,922550.0,0.0,True
7/2/09,2009-07-02 00:00:00,0.0,0.0,18524,1,18524,50.0,926250.0,0.0,True
7/3/09,2009-07-03 00:00:00,0.0,0.0,18607,1,18607,50.0,930400.0,0.0,True
7/4/09,2009-07-04 00:00:00,0.0,0.0,18689,1,18689,50.0,934500.0,0.0,True
7/5/09,2009-07-05 00:00:00,0.0,0.0,18778,1,18778,50.0,938950.0,0.0,True
7/6/09,2009-07-06 00:00:00,0.0,0.0,18857,1,18857,50.0,942900.0,0.0,True
7/7/09,2009-07-07 00:00:00,0.0,0.0,18941,1,18941,50.0,947100.0,0.0,True
7/8/09,2009-07-08 00:00:00,0.0,0.0,19010,1,19010,50.0,950550.0,0.0,True
7/9/09,2009-07-09 00:00:00,0.0,0.0,19084,1,19084,50.0,954250.0,0.0,True
7/10/09,2009-07-10 00:00:00,0.0,0.0,19170,1,19170,50.0,958550.0,0.0,True
7/11/09,2009-07-11 00:00:00,0.0,0.0,19251,1,19251,50.0,962600.0,0.0,True
7/12/09,2009-07-12 00:00:00,0.0,0.0,19334,1,19334,50.0,966750.0,0.0,True
7/13/09,2009-07-13 00:00:00,0.0,0.0,19411,1,19411,50.0,970600.0,0.0,True
7/14/09,2009-07-14 00:00:00,0.0,0.0,19489,1,19489,50.0,974500.0,0.0,True
7/15/09,2009-07-15 00:00:00,0.0,0.0,19558,1,19558,50.0,977950.0,0.0,True
7/16/09,2009-07-16 00:00:00,0.0,0.0,19603,1,19603,50.0,980200.0,0.0,True
7/17/09,2009-07-17 00:00:00,0.0,0.0,19674,1,19674,50.0,983750.0,0.0,True
7/18/09,2009-07-18 00:00:00,0.0,0.0,19721,1,19721,50.0,986100.0,0.0,True
7/19/09,2009-07-19 00:00:00,0.0,0.0,19725,1,19725,50.0,986300.0,0.0,True
7/20/09,2009-07-20 00:00:00,0.0,0.0,19795,1,19795,50.0,989800.0,0.0,True
7/21/09,2009-07-21 00:00:00,0.0,0.0,19865,1,19865,50.0,993300.0,0.0,True
7/22/09,2009-07-22 00:00:00,0.0,0.0,19947,1,19947,50.0,997400.0,0.0,True
7/23/09,2009-07-23 00:00:00,0.0,0.0,20007,1,20007,50.0,1000400.0,0.0,True
7/24/09,2009-07-24 00:00:00,0.0,0.0,20083,1,20083,50.0,1004200.0,0.0,True
7/25/09,2009-07-25 00:00:00,0.0,0.0,20156,1,20156,50.0,1007850.0,0.0,True
7/26/09,2009-07-26 00:00:00,0.0,0.0,20188,1,20188,50.0,1009450.0,0.0,True
7/27/09,2009-07-27 00:00:00,0.0,0.0,20209,1,20209,50.0,1010500.0,0.0,True
7/28/09,2009-07-28 00:00:00,0.0,0.0,20283,1,20283,50.0,1014200.0,0.0,True
7/29/09,2009-07-29 00:00:00,0.0,0.0,20324,1,20324,50.0,1016250.0,0.0,True
7/30/09,2009-07-30 00:00:00,0.0,0.0,20343,1,20343,50.0,1017200.0,0.0,True
7/31/09,2009-07-31 00:00:00,0.0,0.0,20358,1,20358,50.0,1017950.0,0.0,True
8/1/09,2009-08-01 00:00:00,0.0,0.0,20375,1,20375,50.0,1018800.0,0.0,True
8/2/09,2009-08-02 00:00:00,0.0,0.0,20403,1,20403,50.0,1020200.0,0.0,True
8/3/09,2009-08-03 00:00:00,0.0,0.0,20426,1,20426,50.0,1021350.0,0.0,True
8/4/09,2009-08-04 00:00:00,0.0,0.0,20438,1,20438,50.0,1021950.0,0.0,True
8/5/09,2009-08-05 00:00:00,0.0,0.0,20519,1,20519,50.0,1026000.0,0.0,True
8/6/09,2009-08-06 00:00:00,0.0,0.0,20606,1,20606,50.0,1030350.0,0.0,True
8/7/09,2009-08-07 00:00:00,0.0,0.0,20696,1,20696,50.0,1034850.0,0.0,True
8/8/09,2009-08-08 00:00:00,0.0,0.0,20776,1,20776,50.0,1038850.0,0.0,True
8/9/09,2009-08-09 00:00:00,0.0,0.0,20856,1,20856,50.0,1042850.0,0.0,True
8/10/09,2009-08-10 00:00:00,0.0,0.0,20957,1,20957,50.0,1047900.0,0.0,True
8/11/09,2009-08-11 00:00:00,0.0,0.0,21032,1,21032,50.0,1051650.0,0.0,True
8/12/09,2009-08-12 00:00:00,0.0,0.0,21102,1,21102,50.0,1055150.0,0.0,True
8/13/09,2009-08-13 00:00:00,0.0,0.0,21165,1,21165,50.0,1058300.0,0.0,True
8/14/09,2009-08-14 00:00:00,0.0,0.0,21250,1,21250,50.0,1062550.0,0.0,True
8/15/09,2009-08-15 00:00:00,0.0,0.0,21313,1,21313,50.0,1065700.0,0.0,True
8/16/09,2009-08-16 00:00:00,0.0,0.0,21339,1,21339,50.0,1067000.0,0.0,True
8/17/09,2009-08-17 00:00:00,0.0,0.0,21358,1,21358,50.0,1067950.0,0.0,True
8/18/09,2009-08-18 00:00:00,0.0,0.0,21375,1,21375,50.0,1068800.0,0.0,True
8/19/09,2009-08-19 00:00:00,0.0,0.0,21385,1,21385,50.0,1069300.0,0.0,True
8/20/09,2009-08-20 00:00:00,0.0,0.0,21403,1,21403,50.0,1070200.0,0.0,True
8/21/09,2009-08-21 00:00:00,0.0,0.0,21425,1,21425,50.0,1071300.0,0.0,True
8/22/09,2009-08-22 00:00:00,0.0,0.0,21439,1,21439,50.0,1072000.0,0.0,True
8/23/09,2009-08-23 00:00:00,0.0,0.0,21446,1,21446,50.0,1072350.0,0.0,True
8/24/09,2009-08-24 00:00:00,0.0,0.0,21461,1,21461,50.0,1073100.0,0.0,True
8/25/09,2009-08-25 00:00:00,0.0,0.0,21476,1,21476,50.0,1073850.0,0.0,True
8/26/09,2009-08-26 00:00:00,0.0,0.0,21526,1,21526,50.0,1076350.0,0.0,True
8/27/09,2009-08-27 00:00:00,0.0,0.0,21574,1,21574,50.0,1078750.0,0.0,True
8/28/09,2009-08-28 00:00:00,0.0,0.0,21603,1,21603,50.0,1080200.0,0.0,True
8/29/09,2009-08-29 00:00:00,0.0,0.0,21678,1,21678,50.0,1083950.0,0.0,True
8/30/09,2009-08-30 00:00:00,0.0,0.0,21756,1,21756,50.0,1087850.0,0.0,True
8/31/09,2009-08-31 00:00:00,0.0,0.0,21853,1,21853,50.0,1092700.0,0.0,True
9/1/09,2009-09-01 00:00:00,0.0,0.0,21939,1,21939,50.0,1097000.0,0.0,True
9/2/09,2009-09-02 00:00:00,0.0,0.0,22017,1,22017,50.0,1100900.0,0.0,True
9/3/09,2009-09-03 00:00:00,0.0,0.0,22083,1,22083,50.0,1104200.0,0.0,True
9/4/09,2009-09-04 00:00:00,0.0,0.0,22144,1,22144,50.0,1107250.0,0.0,True
9/5/09,2009-09-05 00:00:00,0.0,0.0,22208,1,22208,50.0,1110450.0,0.0,True
9/6/09,2009-09-06 00:00:00,0.0,0.0,22284,1,22284,50.0,1114250.0,0.0,True
9/7/09,2009-09-07 00:00:00,0.0,0.0,22352,1,22352,50.0,1117650.0,0.0,True
9/8/09,2009-09-08 00:00:00,0.0,0.0,22430,1,22430,50.0,1121550.0,0.0,True
9/9/09,2009-09-09 00:00:00,0.0,0.0,22499,1,22499,50.0,1125000.0,0.0,True
9/10/09,2009-09-10 00:00:00,0.0,0.0,22553,1,22553,50.0,1127700.0,0.0,True
9/11/09,2009-09-11 00:00:00,0.0,0.0,22620,1,22620,50.0,1131050.0,0.0,True
9/12/09,2009-09-12 00:00:00,0.0,0.0,22687,1,22687,50.0,1134400.0,0.0,True
9/13/09,2009-09-13 00:00:00,0.0,0.0,22756,1,22756,50.0,1137850.0,0.0,True
9/14/09,2009-09-14 00:00:00,0.0,0.0,22831,1,22831,50.0,1141600.0,0.0,True
9/15/09,2009-09-15 00:00:00,0.0,0.0,22905,1,22905,50.0,1145300.0,0.0,True
9/16/09,2009-09-16 00:00:00,0.0,0.0,22949,1,22949,50.0,1147500.0,0.0,True
9/17/09,2009-09-17 00:00:00,0.0,0.0,23021,1,23021,50.0,1151100.0,0.0,True
9/18/09,2009-09-18 00:00:00,0.0,0.0,23105,1,23105,50.0,1155300.0,0.0,True
9/19/09,2009-09-19 00:00:00,0.0,0.0,23183,1,23183,50.0,1159200.0,0.0,True
9/20/09,2009-09-20 00:00:00,0.0,0.0,23257,1,23257,50.0,1162900.0,0.0,True
9/21/09,2009-09-21 00:00:00,0.0,0.0,23335,1,23335,50.0,1166800.0,0.0,True
9/22/09,2009-09-22 00:00:00,0.0,0.0,23404,1,23404,50.0,1170250.0,0.0,True
9/23/09,2009-09-23 00:00:00,0.0,0.0,23429,1,23429,50.0,1171500.0,0.0,True
9/24/09,2009-09-24 00:00:00,0.0,0.0,23465,1,23465,50.0,1173300.0,0.0,True
9/25/09,2009-09-25 00:00:00,0.0,0.0,23562,1,23562,50.0,1178150.0,0.0,True
9/26/09,2009-09-26 00:00:00,0.0,0.0,23653,1,23653,50.0,1182700.0,0.0,True
9/27/09,2009-09-27 00:00:00,0.0,0.0,23753,1,23753,50.0,1187700.0,0.0,True
9/28/09,2009-09-28 00:00:00,0.0,0.0,23840,1,23840,50.0,1192050.0,0.0,True
9/29/09,2009-09-29 00:00:00,0.0,0.0,23925,1,23925,50.0,1196300.0,0.0,True
9/30/09,2009-09-30 00:00:00,0.0,0.0,24013,1,24013,50.0,1200700.0,0.0,True
10/1/09,2009-10-01 00:00:00,0.0,0.0,24098,1,24098,50.0,1204950.0,0.0,True
10/2/09,2009-10-02 00:00:00,0.0,0.0,24180,1,24180,50.0,1209050.0,0.0,True
10/3/09,2009-10-03 00:00:00,0.0,0.0,24252,1,24252,50.0,1212650.0,0.0,True
10/4/09,2009-10-04 00:00:00,0.0,0.0,24310,1,24310,50.0,1215550.0,0.0,True
10/5/09,2009-10-05 00:00:00,0.0,0.0,24363,1,24363,50.0,1218200.0,0.0,True
10/6/09,2009-10-06 00:00:00,0.00076392,0.00076392,24418,1,24418,50.0,1220950.0,932.708124,True
10/7/09,2009-10-07 00:00:00,0.000885,0.000885,24461,1,24461,50.0,1223100.0,1082.4435,True
10/8/09,2009-10-08 00:00:00,0.00105,0.00105,24521,1,24521,50.0,1226100.0,1287.405,True
10/9/09,2009-10-09 00:00:00,0.001084,0.001084,24591,1,24591,50.0,1229600.0,1332.8863999999999,True
10/10/09,2009-10-10 00:00:00,0.0012,0.0012,24671,1,24671,50.0,1233600.0,1480.32,True
10/11/09,2009-10-11 00:00:00,0.00112,0.00112,24747,1,24747,50.0,1237400.0,1385.888,True
10/12/09,2009-10-12 00:00:00,0.001153,0.001153,24821,1,24821,50.0,1241100.0,1430.9883,True
10/13/09,2009-10-13 00:00:00,0.001102,0.001102,24879,1,24879,50.0,1244000.0,1370.888,True
10/14/09,2009-10-14 00:00:00,0.001129,0.001129,24936,1,24936,50.0,1246850.0,1407.69365,True
10/15/09,2009-10-15 00:00:00,0.001136,0.001136,25005,1,25005,50.0,1250300.0,1420.3408000000002,True
10/16/09,2009-10-16 00:00:00,0.00117,0.00117,25076,1,25076,50.0,1253850.0,1467.0045,True
10/17/09,2009-10-17 00:00:00,0.001245,0.001245,25136,1,25136,50.0,1256850.0,1564.77825,True
10/18/09,2009-10-18 00:00:00,0.001241,0.001241,25193,1,25193,50.0,1259700.0,1563.2876999999999,True
10/19/09,2009-10-19 00:00:00,0.001225,0.001225,25267,1,25267,50.0,1263400.0,1547.665,True
10/20/09,2009-10-20 00:00:00,0.001248,0.001248,25379,1,25379,50.0,1269000.0,1583.712,True
10/21/09,2009-10-21 00:00:00,0.001233,0.001233,25474,1,25474,50.0,1273750.0,1570.5337499999998,True
10/22/09,2009-10-22 00:00:00,0.001211,0.001211,25554,1,25554,50.0,1277750.0,1547.35525,True
10/23/09,2009-10-23 00:00:00,0.00122,0.00122,25644,1,25644,50.0,1282250.0,1564.345,True
10/24/09,2009-10-24 00:00:00,0.001257,0.001257,25733,1,25733,50.0,1286700.0,1617.3819,True
10/25/09,2009-10-25 00:00:00,0.001273,0.001273,25795,1,25795,50.0,1289800.0,1641.9154,True
10/26/09,2009-10-26 00:00:00,0.001288,0.001288,25871,1,25871,50.0,1293600.0,1666.1568000000002,True
10/27/09,2009-10-27 00:00:00,0.001266,0.001266,25942,1,25942,50.0,1297150.0,1642.1919,True
10/28/09,2009-10-28 00:00:00,0.001263,0.001263,26006,1,26006,50.0,1300350.0,1642.34205,True
10/29/09,2009-10-29 00:00:00,0.001285,0.001285,26072,1,26072,50.0,1303650.0,1675.1902499999999,True
10/30/09,2009-10-30 00:00:00,0.001266,0.001266,26118,1,26118,50.0,1305950.0,1653.3327,True
10/31/09,2009-10-31 00:00:00,0.001256,0.001256,26178,1,26178,50.0,1308950.0,1644.0412,True
11/1/09,2009-11-01 00:00:00,0.001247,0.001247,26224,1,26224,50.0,1311250.0,1635.12875,True
11/2/09,2009-11-02 00:00:00,0.001219,0.001219,26249,1,26249,50.0,1312500.0,1599.9375,True
11/3/09,2009-11-03 00:00:00,0.001256,0.001256,26282,1,26282,50.0,1314150.0,1650.5724,True
11/4/09,2009-11-04 00:00:00,0.001273,0.001273,26344,1,26344,50.0,1317250.0,1676.85925,True
11/5/09,2009-11-05 00:00:00,0.001306,0.001306,26407,1,26407,50.0,1320400.0,1724.4424000000001,True
11/6/09,2009-11-06 00:00:00,0.001306,0.001306,26464,1,26464,50.0,1323250.0,1728.1645,True
11/7/09,2009-11-07 00:00:00,0.001286,0.001286,26526,1,26526,50.0,1326350.0,1705.6861000000001,True
11/8/09,2009-11-08 00:00:00,0.00128,0.00128,26595,1,26595,50.0,1329800.0,1702.1440000000002,True
11/9/09,2009-11-09 00:00:00,0.00126,0.00126,26668,1,26668,50.0,1333450.0,1680.1470000000002,True
11/10/09,2009-11-10 00:00:00,0.00126,0.00126,26732,1,26732,50.0,1336650.0,1684.179,True
11/11/09,2009-11-11 00:00:00,0.001236,0.001236,26810,1,26810,50.0,1340550.0,1656.9198,True
11/12/09,2009-11-12 00:00:00,0.001299,0.001299,26874,1,26874,50.0,1343750.0,1745.53125,True
11/13/09,2009-11-13 00:00:00,0.001341,0.001341,26940,1,26940,50.0,1347050.0,1806.3940499999999,True
11/14/09,2009-11-14 00:00:00,0.001355,0.001355,27020,1,27020,50.0,1351050.0,1830.6727500000002,True
11/15/09,2009-11-15 00:00:00,0.001286,0.001286,27099,1,27099,50.0,1355000.0,1742.53,True
11/16/09,2009-11-16 00:00:00,0.001236,0.001236,27195,1,27195,50.0,1359800.0,1680.7127999999998,True
11/17/09,2009-11-17 00:00:00,0.001189,0.001189,27292,1,27292,50.0,1364650.0,1622.5688499999999,True
11/18/09,2009-11-18 00:00:00,0.001178,0.001178,27384,1,27384,50.0,1369250.0,1612.9765,True
11/19/09,2009-11-19 00:00:00,0.001106,0.001106,27463,1,27463,50.0,1373200.0,1518.7592,True
11/20/09,2009-11-20 00:00:00,0.001073,0.001073,27533,1,27533,50.0,1376700.0,1477.1991,True
11/21/09,2009-11-21 00:00:00,0.001077,0.001077,27619,1,27619,50.0,1381000.0,1487.337,True
11/22/09,2009-11-22 00:00:00,0.001064,0.001064,27692,1,27692,50.0,1384650.0,1473.2676000000001,True
11/23/09,2009-11-23 00:00:00,0.001059,0.001059,27798,1,27798,50.0,1389950.0,1471.95705,True
11/24/09,2009-11-24 00:00:00,0.001,0.001,27894,1,27894,50.0,1394750.0,1394.75,True
11/25/09,2009-11-25 00:00:00,0.000927,0.000927,27987,1,27987,50.0,1399400.0,1297.2438,True
11/26/09,2009-11-26 00:00:00,0.0009,0.0009,28077,1,28077,50.0,1403900.0,1263.51,True
11/27/09,2009-11-27 00:00:00,0.000897,0.000897,28161,1,28161,50.0,1408100.0,1263.0657,True
11/28/09,2009-11-28 00:00:00,0.00086,0.00086,28235,1,28235,50.0,1411800.0,1214.148,True
11/29/09,2009-11-29 00:00:00,0.000849,0.000849,28306,1,28306,50.0,1415350.0,1201.6321500000001,True
11/30/09,2009-11-30 00:00:00,0.000829,0.000829,28366,1,28366,50.0,1418350.0,1175.81215,True
12/1/09,2009-12-01 00:00:00,0.000824,0.000824,28441,1,28441,50.0,1422100.0,1171.8104,True
12/2/09,2009-12-02 00:00:00,0.000811,0.000811,28514,1,28514,50.0,1425750.0,1156.28325,True
12/3/09,2009-12-03 00:00:00,0.000795,0.000795,28608,1,28608,50.0,1430450.0,1137.20775,True
12/4/09,2009-12-04 00:00:00,0.000771,0.000771,28696,1,28696,50.0,1434850.0,1106.26935,True
12/5/09,2009-12-05 00:00:00,0.000746,0.000746,28732,1,28732,50.0,1436650.0,1071.7409,True
12/6/09,2009-12-06 00:00:00,0.000748,0.000748,28796,1,28796,50.0,1439850.0,1077.0077999999999,True
12/7/09,2009-12-07 00:00:00,0.000733,0.000733,28899,1,28899,50.0,1445000.0,1059.185,True
12/8/09,2009-12-08 00:00:00,0.000718,0.000718,29011,1,29011,50.0,1450600.0,1041.5308,True
12/9/09,2009-12-09 00:00:00,0.0007,0.0007,29116,1,29116,50.0,1455850.0,1019.095,True
12/10/09,2009-12-10 00:00:00,0.000687,0.000687,29212,1,29212,50.0,1460650.0,1003.46655,True
12/11/09,2009-12-11 00:00:00,0.00067,0.00067,29316,1,29316,50.0,1465850.0,982.1195,True
12/12/09,2009-12-12 00:00:00,0.000665,0.000665,29428,1,29428,50.0,1471450.0,978.5142500000001,True
12/13/09,2009-12-13 00:00:00,0.00064,0.00064,29538,1,29538,50.0,1476950.0,945.248,True
12/14/09,2009-12-14 00:00:00,0.000618,0.000618,29652,1,29652,50.0,1482650.0,916.2777,True
12/15/09,2009-12-15 00:00:00,0.000615,0.000615,29754,1,29754,50.0,1487750.0,914.96625,True
12/16/09,2009-12-16 00:00:00,0.000615,0.000615,29864,1,29864,50.0,1493250.0,918.34875,True
12/17/09,2009-12-17 00:00:00,0.000622,0.000622,30000,1,30000,50.0,1500050.0,933.0311,True
12/18/09,2009-12-18 00:00:00,0.000613,0.000613,30169,1,30169,50.0,1508500.0,924.7105,True
12/19/09,2009-12-19 00:00:00,0.000616,0.000616,30394,1,30394,50.0,1519750.0,936.166,True
12/20/09,2009-12-20 00:00:00,0.00063,0.00063,30592,1,30592,50.0,1529650.0,963.6795000000001,True
12/21/09,2009-12-21 00:00:00,0.000627,0.000627,30767,1,30767,50.0,1538400.0,964.5767999999999,True
12/22/09,2009-12-22 00:00:00,0.000627,0.000627,30942,1,30942,50.0,1547150.0,970.06305,True
12/23/09,2009-12-23 00:00:00,0.000633,0.000633,31104,1,31104,50.0,1555250.0,984.47325,True
12/24/09,2009-12-24 00:00:00,0.000633,0.000633,31258,1,31258,50.0,1562950.0,989.34735,True
12/25/09,2009-12-25 00:00:00,0.000633,0.000633,31412,1,31412,50.0,1570650.0,994.22145,True
12/26/09,2009-12-26 00:00:00,0.000633,0.000633,31561,1,31561,50.0,1578100.0,998.9372999999999,True
12/27/09,2009-12-27 00:00:00,0.000633,0.000633,31735,1,31735,50.0,1586800.0,1004.4444,True
12/28/09,2009-12-28 00:00:00,0.000633,0.000633,31902,1,31902,50.0,1595150.0,1009.72995,True
12/29/09,2009-12-29 00:00:00,0.000633,0.000633,32039,1,32039,50.0,1602000.0,1014.066,True
12/30/09,2009-12-30 00:00:00,0.000633,0.000633,32210,1,32210,50.0,1610550.0,1019.47815,True
12/31/09,2009-12-31 00:00:00,0.000643,0.000643,32351,1,32351,50.0,1617600.0,1040.1168,True
1/1/10,2010-01-01 00:00:00,0.000689,0.000689,32489,1,32489,50.0,1624500.0,1119.2805,True
1/2/10,2010-01-02 00:00:00,0.000718,0.000718,32622,1,32622,50.0,1631150.0,1171.1657,True
1/3/10,2010-01-03 00:00:00,0.000718,0.000718,32747,1,32747,50.0,1637400.0,1175.6532,True
1/4/10,2010-01-04 00:00:00,0.000718,0.000718,32933,1,32933,50.0,1646700.0,1182.3306,True
1/5/10,2010-01-05 00:00:00,0.000718,0.000718,33114,1,33114,50.0,1655750.0,1188.8285,True
1/6/10,2010-01-06 00:00:00,0.000718,0.000718,33312,1,33312,50.0,1665650.0,1195.9367,True
1/7/10,2010-01-07 00:00:00,0.000718,0.000718,33475,1,33475,50.0,1673800.0,1201.7884,True
1/8/10,2010-01-08 00:00:00,0.000718,0.000718,33629,1,33629,50.0,1681500.0,1207.317,True
1/9/10,2010-01-09 00:00:00,0.000718,0.000718,33782,1,33782,50.0,1689150.0,1212.8097,True
1/10/10,2010-01-10 00:00:00,0.000718,0.000718,33933,1,33933,50.0,1696700.0,1218.2306,True
1/11/10,2010-01-11 00:00:00,0.000718,0.000718,34123,1,34123,50.0,1706200.0,1225.0516,True
1/12/10,2010-01-12 00:00:00,0.000718,0.000718,34282,1,34282,50.0,1714150.0,1230.7597,True
1/13/10,2010-01-13 00:00:00,0.000718,0.000718,34441,1,34441,50.0,1722100.0,1236.4678,True
1/14/10,2010-01-14 00:00:00,0.000718,0.000718,34605,1,34605,50.0,1730300.0,1242.3554,True
1/15/10,2010-01-15 00:00:00,0.000718,0.000718,34748,1,34748,50.0,1737450.0,1247.4891,True
1/16/10,2010-01-16 00:00:00,0.000718,0.000718,34889,1,34889,50.0,1744500.0,1252.551,True
1/17/10,2010-01-17 00:00:00,0.002831,0.002831,35014,1,35014,50.0,1750750.0,4956.373250000001,True
1/18/10,2010-01-18 00:00:00,0.0028,0.0028,35145,1,35145,50.0,1757300.0,4920.44,True
1/19/10,2010-01-19 00:00:00,0.002946,0.002946,35270,1,35270,50.0,1763550.0,5195.418299999999,True
1/20/10,2010-01-20 00:00:00,0.002736,0.002736,35394,1,35394,50.0,1769750.0,4842.036,True
1/21/10,2010-01-21 00:00:00,0.002919,0.002919,35552,1,35552,50.0,1777650.0,5188.96035,True
1/22/10,2010-01-22 00:00:00,0.002893,0.002893,35727,1,35727,50.0,1786400.0,5168.055200000001,True
1/23/10,2010-01-23 00:00:00,0.003048,0.003048,35860,1,35860,50.0,1793050.0,5465.2164,True
1/24/10,2010-01-24 00:00:00,0.003211,0.003211,36020,1,36020,50.0,1801050.0,5783.17155,True
1/25/10,2010-01-25 00:00:00,0.003252,0.003252,36174,1,36174,50.0,1808750.0,5882.055,True
1/26/10,2010-01-26 00:00:00,0.003254,0.003254,36385,1,36385,50.0,1819300.0,5920.0022,True
1/27/10,2010-01-27 00:00:00,0.003366,0.003366,36580,1,36580,50.0,1829050.0,6156.5823,True
1/28/10,2010-01-28 00:00:00,0.003185,0.003185,36744,1,36744,50.0,1837250.0,5851.64125,True
1/29/10,2010-01-29 00:00:00,0.003281,0.003281,36921,1,36921,50.0,1846100.0,6057.0541,True
1/30/10,2010-01-30 00:00:00,0.003259,0.003259,37118,1,37118,50.0,1855950.0,6048.541050000001,True
1/31/10,2010-01-31 00:00:00,0.003241,0.003241,37328,1,37328,50.0,1866450.0,6049.16445,True
2/1/10,2010-02-01 00:00:00,0.003298,0.003298,37493,1,37493,50.0,1874700.0,6182.7606000000005,True
2/2/10,2010-02-02 00:00:00,0.003297,0.003297,37677,1,37677,50.0,1883900.0,6211.2183,True
2/3/10,2010-02-03 00:00:00,0.003364,0.003364,37822,1,37822,50.0,1891150.0,6361.8286,True
2/4/10,2010-02-04 00:00:00,0.003496,0.003496,38092,1,38092,50.0,1904650.0,6658.6564,True
2/5/10,2010-02-05 00:00:00,0.00357,0.00357,38321,1,38321,50.0,1916100.0,6840.477,True
2/6/10,2010-02-06 00:00:00,0.003658,0.003658,38544,1,38544,50.0,1927250.0,7049.880499999999,True
2/7/10,2010-02-07 00:00:00,0.003672,0.003672,38736,1,38736,50.0,1936850.0,7112.1132,True
2/8/10,2010-02-08 00:00:00,0.003735,0.003735,38953,1,38953,50.0,1947700.0,7274.6595,True
2/9/10,2010-02-09 00:00:00,0.003795,0.003795,39153,1,39153,50.0,1957700.0,7429.471500000001,True
2/10/10,2010-02-10 00:00:00,0.003803,0.003803,39360,1,39360,50.0,1968050.0,7484.4941499999995,True
2/11/10,2010-02-11 00:00:00,0.003857,0.003857,39528,1,39528,50.0,1976450.0,7623.16765,True
2/12/10,2010-02-12 00:00:00,0.003847,0.003847,39697,1,39697,50.0,1984900.0,7635.9103000000005,True
2/13/10,2010-02-13 00:00:00,0.003911,0.003911,39880,1,39880,50.0,1994050.0,7798.729550000001,True
2/14/10,2010-02-14 00:00:00,0.004005,0.004005,40112,1,40112,50.0,2005650.0,8032.62825,True
2/15/10,2010-02-15 00:00:00,0.004052,0.004052,40320,1,40320,50.0,2016050.0,8169.0346,True
2/16/10,2010-02-16 00:00:00,0.004147,0.004147,40496,1,40496,50.0,2024850.0,8397.05295,True
2/17/10,2010-02-17 00:00:00,0.004203,0.004203,40691,1,40691,50.0,2034600.0,8551.4238,True
2/18/10,2010-02-18 00:00:00,0.004261,0.004261,40930,1,40930,50.0,2046550.0,8720.34955,True
2/19/10,2010-02-19 00:00:00,0.004307,0.004307,41138,1,41138,50.0,2056950.0,8859.28365,True
2/20/10,2010-02-20 00:00:00,0.004415,0.004415,41330,1,41330,50.0,2066550.0,9123.818249999998,True
2/21/10,2010-02-21 00:00:00,0.004559,0.004559,41538,1,41538,50.0,2076950.0,9468.81505,True
2/22/10,2010-02-22 00:00:00,0.004662,0.004662,41761,1,41761,50.0,2088100.0,9734.7222,True
2/23/10,2010-02-23 00:00:00,0.004706,0.004706,42021,1,42021,50.0,2101100.0,9887.776600000001,True
2/24/10,2010-02-24 00:00:00,0.00485,0.00485,42271,1,42271,50.0,2113600.0,10250.960000000001,True
2/25/10,2010-02-25 00:00:00,0.004975,0.004975,42442,1,42442,50.0,2122150.0,10557.69625,True
2/26/10,2010-02-26 00:00:00,0.005029,0.005029,42596,1,42596,50.0,2129850.0,10711.01565,True
2/27/10,2010-02-27 00:00:00,0.005104,0.005104,42768,1,42768,50.0,2138450.0,10914.6488,True
2/28/10,2010-02-28 00:00:00,0.005168,0.005168,42940,1,42940,50.0,2147050.0,11095.9544,True
3/1/10,2010-03-01 00:00:00,0.005298,0.005298,43096,1,43096,50.0,2154850.0,11416.3953,True
3/2/10,2010-03-02 00:00:00,0.005397,0.005397,43291,1,43291,50.0,2164600.0,11682.3462,True
3/3/10,2010-03-03 00:00:00,0.005472,0.005472,43479,1,43479,50.0,2174000.0,11896.128,True
3/4/10,2010-03-04 00:00:00,0.005472,0.005472,43631,1,43631,50.0,2181600.0,11937.7152,True
3/5/10,2010-03-05 00:00:00,0.005472,0.005472,43816,1,43816,50.0,2190850.0,11988.3312,True
3/6/10,2010-03-06 00:00:00,0.005472,0.005472,43987,1,43987,50.0,2199400.0,12035.1168,True
3/7/10,2010-03-07 00:00:00,0.005472,0.005472,44164,1,44164,50.0,2208250.0,12083.544,True
3/8/10,2010-03-08 00:00:00,0.005472,0.005472,44343,1,44343,50.0,2217200.0,12132.5184,True
3/9/10,2010-03-09 00:00:00,0.005472,0.005472,44468,1,44468,50.0,2223450.0,12166.718400000002,True
3/10/10,2010-03-10 00:00:00,0.005472,0.005472,44614,1,44614,50.0,2230750.0,12206.664,True
3/11/10,2010-03-11 00:00:00,0.005472,0.005472,44776,1,44776,50.0,2238850.0,12250.987200000001,True
3/12/10,2010-03-12 00:00:00,0.005472,0.005472,44909,1,44909,50.0,2245500.0,12287.376,True
3/13/10,2010-03-13 00:00:00,0.005472,0.005472,45030,1,45030,50.0,2251550.0,12320.481600000001,True
3/14/10,2010-03-14 00:00:00,0.005472,0.005472,45183,1,45183,50.0,2259200.0,12362.342400000001,True
3/15/10,2010-03-15 00:00:00,0.005472,0.005472,45308,1,45308,50.0,2265450.0,12396.5424,True
3/16/10,2010-03-16 00:00:00,0.005472,0.005472,45443,1,45443,50.0,2272200.0,12433.4784,True
3/17/10,2010-03-17 00:00:00,0.005472,0.005472,45569,1,45569,50.0,2278500.0,12467.952000000001,True
3/18/10,2010-03-18 00:00:00,0.005472,0.005472,45705,1,45705,50.0,2285300.0,12505.161600000001,True
3/19/10,2010-03-19 00:00:00,0.005472,0.005472,45845,1,45845,50.0,2292300.0,12543.465600000001,True
3/20/10,2010-03-20 00:00:00,0.005472,0.005472,45998,1,45998,50.0,2299950.0,12585.3264,True
3/21/10,2010-03-21 00:00:00,0.005472,0.005472,46190,1,46190,50.0,2309550.0,12637.857600000001,True
3/22/10,2010-03-22 00:00:00,0.005472,0.005472,46373,1,46373,50.0,2318700.0,12687.9264,True
3/23/10,2010-03-23 00:00:00,0.005472,0.005472,46552,1,46552,50.0,2327650.0,12736.900800000001,True
3/24/10,2010-03-24 00:00:00,0.005472,0.005472,46759,1,46759,50.0,2338000.0,12793.536,True
3/25/10,2010-03-25 00:00:00,0.005472,0.005472,46930,1,46930,50.0,2346550.0,12840.321600000001,True
3/26/10,2010-03-26 00:00:00,0.005472,0.005472,47117,1,47117,50.0,2355900.0,12891.4848,True
3/27/10,2010-03-27 00:00:00,0.005472,0.005472,47314,1,47314,50.0,2365750.0,12945.384,True
3/28/10,2010-03-28 00:00:00,0.005472,0.005472,47492,1,47492,50.0,2374650.0,12994.0848,True
3/29/10,2010-03-29 00:00:00,0.005472,0.005472,47678,1,47678,50.0,2383950.0,13044.974400000001,True
3/30/10,2010-03-30 00:00:00,0.005472,0.005472,47873,1,47873,50.0,2393700.0,13098.3264,True
3/31/10,2010-03-31 00:00:00,0.005472,0.005472,48088,1,48088,50.0,2404450.0,13157.1504,True
4/1/10,2010-04-01 00:00:00,0.005472,0.005472,48297,1,48297,50.0,2414900.0,13214.3328,True
4/2/10,2010-04-02 00:00:00,0.005472,0.005472,48465,1,48465,50.0,2423300.0,13260.2976,True
4/3/10,2010-04-03 00:00:00,0.005472,0.005472,48621,1,48621,50.0,2431100.0,13302.979200000002,True
4/4/10,2010-04-04 00:00:00,0.005472,0.005472,48782,1,48782,50.0,2439150.0,13347.0288,True
4/5/10,2010-04-05 00:00:00,0.005472,0.005472,48953,1,48953,50.0,2447700.0,13393.814400000001,True
4/6/10,2010-04-06 00:00:00,0.005472,0.005472,49106,1,49106,50.0,2455350.0,13435.675200000001,True
4/7/10,2010-04-07 00:00:00,0.005472,0.005472,49265,1,49265,50.0,2463300.0,13479.1776,True
4/8/10,2010-04-08 00:00:00,0.005472,0.005472,49458,1,49458,50.0,2472950.0,13531.9824,True
4/9/10,2010-04-09 00:00:00,0.005472,0.005472,49641,1,49641,50.0,2482100.0,13582.0512,True
4/10/10,2010-04-10 00:00:00,0.005472,0.005472,49830,1,49830,50.0,2491550.0,13633.761600000002,True
4/11/10,2010-04-11 00:00:00,0.005472,0.005472,50090,1,50090,50.0,2504550.0,13704.8976,True
4/12/10,2010-04-12 00:00:00,0.005472,0.005472,50313,1,50313,50.0,2515700.0,13765.9104,True
4/13/10,2010-04-13 00:00:00,0.005472,0.005472,50516,1,50516,50.0,2525850.0,13821.451200000001,True
4/14/10,2010-04-14 00:00:00,0.005472,0.005472,50705,1,50705,50.0,2535300.0,13873.161600000001,True
4/15/10,2010-04-15 00:00:00,0.005472,0.005472,50885,1,50885,50.0,2544300.0,13922.4096,True
4/16/10,2010-04-16 00:00:00,0.005472,0.005472,51101,1,51101,50.0,2555100.0,13981.5072,True
4/17/10,2010-04-17 00:00:00,0.005472,0.005472,51303,1,51303,50.0,2565200.0,14036.7744,True
4/18/10,2010-04-18 00:00:00,0.005472,0.005472,51524,1,51524,50.0,2576250.0,14097.240000000002,True
4/19/10,2010-04-19 00:00:00,0.005472,0.005472,51769,1,51769,50.0,2588500.0,14164.272,True
4/20/10,2010-04-20 00:00:00,0.005472,0.005472,52001,1,52001,50.0,2600100.0,14227.747200000002,True
4/21/10,2010-04-21 00:00:00,0.005472,0.005472,52206,1,52206,50.0,2610350.0,14283.835200000001,True
4/22/10,2010-04-22 00:00:00,0.005472,0.005472,52425,1,52425,50.0,2621300.0,14343.7536,True
4/23/10,2010-04-23 00:00:00,0.005472,0.005472,52584,1,52584,50.0,2629250.0,14387.256000000001,True
4/24/10,2010-04-24 00:00:00,0.005472,0.005472,52734,1,52734,50.0,2636750.0,14428.296,True
4/25/10,2010-04-25 00:00:00,0.005472,0.005472,52902,1,52902,50.0,2645150.0,14474.2608,True
4/26/10,2010-04-26 00:00:00,0.003,0.003,53060,1,53060,50.0,2653050.0,7959.150000000001,True
4/27/10,2010-04-27 00:00:00,0.003,0.003,53224,1,53224,50.0,2661250.0,7983.75,True
4/28/10,2010-04-28 00:00:00,0.003,0.003,53404,1,53404,50.0,2670250.0,8010.75,True
4/29/10,2010-04-29 00:00:00,0.003,0.003,53584,1,53584,50.0,2679250.0,8037.75,True
4/30/10,2010-04-30 00:00:00,0.003,0.003,53731,1,53731,50.0,2686600.0,8059.8,True
5/1/10,2010-05-01 00:00:00,0.003,0.003,53875,1,53875,50.0,2693800.0,8081.400000000001,True
5/2/10,2010-05-02 00:00:00,0.003,0.003,54058,1,54058,50.0,2702950.0,8108.85,True
5/3/10,2010-05-03 00:00:00,0.003,0.003,54213,1,54213,50.0,2710700.0,8132.1,True
5/4/10,2010-05-04 00:00:00,0.003,0.003,54372,1,54372,50.0,2718650.0,8155.95,True
5/5/10,2010-05-05 00:00:00,0.003,0.003,54508,1,54508,50.0,2725450.0,8176.35,True
5/6/10,2010-05-06 00:00:00,0.003284,0.003284,54645,1,54645,50.0,2732300.0,8972.8732,True
5/7/10,2010-05-07 00:00:00,0.004014,0.004014,54794,1,54794,50.0,2739750.0,10997.3565,True
5/8/10,2010-05-08 00:00:00,0.004206,0.004206,54926,1,54926,50.0,2746350.0,11551.148099999999,True
5/9/10,2010-05-09 00:00:00,0.003499,0.003499,55080,1,55080,50.0,2754050.0,9636.42095,True
5/10/10,2010-05-10 00:00:00,0.003499,0.003499,55223,1,55223,50.0,2761200.0,9661.4388,True
5/11/10,2010-05-11 00:00:00,0.0039,0.0039,55351,1,55351,50.0,2767600.0,10793.64,True
5/12/10,2010-05-12 00:00:00,0.004043,0.004043,55462,1,55462,50.0,2773150.0,11211.845449999999,True
5/13/10,2010-05-13 00:00:00,0.004376,0.004376,55589,1,55589,50.0,2779500.0,12163.091999999999,True
5/14/10,2010-05-14 00:00:00,0.004376,0.004376,55717,1,55717,50.0,2785900.0,12191.098399999999,True
5/15/10,2010-05-15 00:00:00,0.004,0.004,55840,1,55840,50.0,2792050.0,11168.2,True
5/16/10,2010-05-16 00:00:00,0.004,0.004,55931,1,55931,50.0,2796600.0,11186.4,True
5/17/10,2010-05-17 00:00:00,0.004,0.004,56044,1,56044,50.0,2802250.0,11209.0,True
5/18/10,2010-05-18 00:00:00,0.004,0.004,56187,1,56187,50.0,2809400.0,11237.6,True
5/19/10,2010-05-19 00:00:00,0.004647,0.004647,56355,1,56355,50.0,2817800.0,13094.3166,True
5/20/10,2010-05-20 00:00:00,0.004571,0.004571,56519,1,56519,50.0,2826000.0,12917.646,True
5/21/10,2010-05-21 00:00:00,0.0045,0.0045,56722,1,56722,50.0,2836150.0,12762.675,True
5/22/10,2010-05-22 00:00:00,0.0045,0.0045,56898,1,56898,50.0,2844950.0,12802.275,True
5/23/10,2010-05-23 00:00:00,0.004473,0.004473,57093,1,57093,50.0,2854700.0,12769.073100000001,True
5/24/10,2010-05-24 00:00:00,0.0047,0.0047,57304,1,57304,50.0,2865250.0,13466.675000000001,True
5/25/10,2010-05-25 00:00:00,0.0047,0.0047,57492,1,57492,50.0,2874650.0,13510.855000000001,True
5/26/10,2010-05-26 00:00:00,0.004845,0.004845,57702,1,57702,50.0,2885150.0,13978.55175,True
5/27/10,2010-05-27 00:00:00,0.004598,0.004598,57925,1,57925,50.0,2896300.0,13317.187399999999,True
5/28/10,2010-05-28 00:00:00,0.004598,0.004598,58117,1,58117,50.0,2905900.0,13361.328199999998,True
5/29/10,2010-05-29 00:00:00,0.004547,0.004547,58340,1,58340,50.0,2917050.0,13263.82635,True
5/30/10,2010-05-30 00:00:00,0.004485,0.004485,58524,1,58524,50.0,2926250.0,13124.23125,True
5/31/10,2010-05-31 00:00:00,0.004485,0.004485,58673,1,58673,50.0,2933700.0,13157.6445,True
6/1/10,2010-06-01 00:00:00,0.004485,0.004485,58815,1,58815,50.0,2940800.0,13189.488000000001,True
6/2/10,2010-06-02 00:00:00,0.004485,0.004485,58950,1,58950,50.0,2947550.0,13219.761750000001,True
6/3/10,2010-06-03 00:00:00,0.004485,0.004485,59097,1,59097,50.0,2954900.0,13252.7265,True
6/4/10,2010-06-04 00:00:00,0.004485,0.004485,59249,1,59249,50.0,2962500.0,13286.8125,True
6/5/10,2010-06-05 00:00:00,0.004485,0.004485,59374,1,59374,50.0,2968750.0,13314.84375,True
6/6/10,2010-06-06 00:00:00,0.004485,0.004485,59519,1,59519,50.0,2976000.0,13347.36,True
6/7/10,2010-06-07 00:00:00,0.004485,0.004485,59667,1,59667,50.0,2983400.0,13380.549,True
6/8/10,2010-06-08 00:00:00,0.004518,0.004518,59824,1,59824,50.0,2991250.0,13514.4675,True
6/9/10,2010-06-09 00:00:00,0.004518,0.004518,59984,1,59984,50.0,2999250.0,13550.6115,True
6/10/10,2010-06-10 00:00:00,0.004563,0.004563,60152,1,60152,50.0,3007650.0,13723.90695,True
6/11/10,2010-06-11 00:00:00,0.005,0.005,60312,1,60312,50.0,3015650.0,15078.25,True
6/12/10,2010-06-12 00:00:00,0.005,0.005,60480,1,60480,50.0,3024050.0,15120.25,True
6/13/10,2010-06-13 00:00:00,0.005,0.005,60615,1,60615,50.0,3030800.0,15154.0,True
6/14/10,2010-06-14 00:00:00,0.005,0.005,60788,1,60788,50.0,3039450.0,15197.25,True
6/15/10,2010-06-15 00:00:00,0.005,0.005,60948,1,60948,50.0,3047450.0,15237.25,True
6/16/10,2010-06-16 00:00:00,0.005,0.005,61132,1,61132,50.0,3056650.0,15283.25,True
6/17/10,2010-06-17 00:00:00,0.005,0.005,61274,1,61274,50.0,3063750.0,15318.75,True
6/18/10,2010-06-18 00:00:00,0.005,0.005,61420,1,61420,50.0,3071050.0,15355.25,True
6/19/10,2010-06-19 00:00:00,0.004975,0.004975,61570,1,61570,50.0,3078550.0,15315.786250000001,True
6/20/10,2010-06-20 00:00:00,0.004975,0.004975,61720,1,61720,50.0,3086050.0,15353.098750000001,True
6/21/10,2010-06-21 00:00:00,0.004975,0.004975,61905,1,61905,50.0,3095300.0,15399.1175,True
6/22/10,2010-06-22 00:00:00,0.004975,0.004975,62059,1,62059,50.0,3103000.0,15437.425000000001,True
6/23/10,2010-06-23 00:00:00,0.004975,0.004975,62215,1,62215,50.0,3110800.0,15476.230000000001,True
6/24/10,2010-06-24 00:00:00,0.004967,0.004967,62402,1,62402,50.0,3120150.0,15497.78505,True
6/25/10,2010-06-25 00:00:00,0.005181,0.005181,62571,1,62571,50.0,3128600.0,16209.2766,True
6/26/10,2010-06-26 00:00:00,0.005181,0.005181,62721,1,62721,50.0,3136100.0,16248.1341,True
6/27/10,2010-06-27 00:00:00,0.0044,0.0044,62880,1,62880,50.0,3144050.0,13833.820000000002,True
6/28/10,2010-06-28 00:00:00,0.0044,0.0044,63058,1,63058,50.0,3152950.0,13872.980000000001,True
6/29/10,2010-06-29 00:00:00,0.005328,0.005328,63210,1,63210,50.0,3160550.0,16839.4104,True
6/30/10,2010-06-30 00:00:00,0.005328,0.005328,63379,1,63379,50.0,3169000.0,16884.432,True
7/1/10,2010-07-01 00:00:00,0.0054,0.0054,63561,1,63561,50.0,3178100.0,17161.74,True
7/2/10,2010-07-02 00:00:00,0.006032,0.006032,63773,1,63773,50.0,3188700.0,19234.2384,True
7/3/10,2010-07-03 00:00:00,0.0055,0.0055,63939,1,63939,50.0,3197000.0,17583.5,True
7/4/10,2010-07-04 00:00:00,0.006409,0.006409,64151,1,64151,50.0,3207600.0,20557.5084,True
7/5/10,2010-07-05 00:00:00,0.006777,0.006777,64317,1,64317,50.0,3215900.0,21794.1543,True
7/6/10,2010-07-06 00:00:00,0.007153,0.007153,64499,1,64499,50.0,3225000.0,23068.425,True
7/7/10,2010-07-07 00:00:00,0.00575,0.00575,64665,1,64665,50.0,3233300.0,18591.475,True
7/8/10,2010-07-08 00:00:00,0.007893,0.007893,64821,1,64821,50.0,3241100.0,25582.002300000004,True
7/9/10,2010-07-09 00:00:00,0.00625,0.00625,64972,1,64972,50.0,3248650.0,20304.0625,True
7/10/10,2010-07-10 00:00:00,0.00625,0.00625,65171,1,65171,50.0,3258600.0,20366.25,True
7/11/10,2010-07-11 00:00:00,0.008099,0.008099,65369,1,65369,50.0,3268500.0,26471.5815,True
7/12/10,2010-07-12 00:00:00,0.007886,0.007886,65548,1,65548,50.0,3277450.0,25845.9707,True
7/13/10,2010-07-13 00:00:00,0.011933,0.011933,66207,1,66207,50.0,3310400.0,39503.0032,True
7/14/10,2010-07-14 00:00:00,0.016075,0.016075,66899,1,66899,50.0,3345000.0,53770.875,True
7/15/10,2010-07-15 00:00:00,0.019472,0.019472,67477,1,67477,50.0,3373900.0,65696.5808,True
7/16/10,2010-07-16 00:00:00,0.030863,0.030863,68103,1,68103,50.0,3405200.0,105094.6876,True
7/17/10,2010-07-17 23:50:00,0.049510000000000005,0.060535,68779,1,68779,50.0,3439000.0,170264.89,True
7/18/10,2010-07-18 23:50:00,0.08584000000000001,0.08585000000000001,68951,1,68951,50.0,3447600.0,295941.98400000005,True
7/19/10,2010-07-19 23:50:00,0.08080000000000001,0.09307000000000001,69125,1,69125,50.0,3456300.0,279269.04000000004,True
7/20/10,2010-07-20 23:50:00,0.074733333333333,0.08181000000000001,69302,1,69302,50.0,3465150.0,258962.20999999883,True
7/21/10,2010-07-21 23:50:00,0.07921,0.07921,69508,1,69508,50.0,3475450.0,275290.3945,True
7/22/10,2010-07-22 23:50:00,0.055944999999999995,0.08080000000000001,69689,1,69689,50.0,3484500.0,194940.35249999998,True
7/23/10,2010-07-23 23:50:00,0.062283333333333,0.06767000000000001,69882,1,69882,50.0,3494150.0,217627.3091666655,True
7/24/10,2010-07-24 23:50:00,0.054540000000000005,0.062283333333333,70070,1,70070,50.0,3503550.0,191083.61700000003,True
7/25/10,2010-07-25 23:50:00,0.0505,0.059410000000000004,70302,1,70302,50.0,3515150.0,177515.075,True
7/26/10,2010-07-26 23:50:00,0.056,0.056,70545,1,70545,50.0,3527300.0,197528.80000000002,True
7/27/10,2010-07-27 23:50:00,0.059844444444444006,0.059844444444444006,70711,1,70711,50.0,3535600.0,211586.01777777623,True
7/28/10,2010-07-28 23:50:00,0.0589,0.061,70870,1,70870,50.0,3543550.0,208715.095,True
7/29/10,2010-07-29 23:50:00,0.06920000000000001,0.0699,71048,1,71048,50.0,3552450.0,245829.54000000004,True
7/30/10,2010-07-30 23:50:00,0.064283333333333,0.0698,71232,1,71232,50.0,3561650.0,228954.73416666547,True
7/31/10,2010-07-31 23:50:00,0.06785000000000001,0.06888999999999901,71435,1,71435,50.0,3571800.0,242346.63000000003,True
8/1/10,2010-08-01 23:50:00,0.0611,0.06785000000000001,71675,1,71675,50.0,3583800.0,218970.18,True
8/2/10,2010-08-02 23:50:00,0.06,0.06330000000000001,71916,1,71916,50.0,3595850.0,215751.0,True
8/3/10,2010-08-03 23:50:00,0.06,0.065,72142,1,72142,50.0,3607150.0,216429.0,True
8/4/10,2010-08-04 23:50:00,0.05795,0.0623,72385,1,72385,50.0,3619300.0,209738.435,True
8/5/10,2010-08-05 23:50:00,0.061,0.061,72604,1,72604,50.0,3630250.0,221445.25,True
8/6/10,2010-08-06 23:50:00,0.0621,0.062400000000000004,72751,1,72751,50.0,3637600.0,225894.96000000002,True
8/7/10,2010-08-07 23:50:00,0.059000000000000004,0.062200000000000005,72902,1,72902,50.0,3645150.0,215063.85,True
8/8/10,2010-08-08 23:50:00,0.0609,0.0609,73104,1,73104,50.0,3655250.0,222604.725,True
8/9/10,2010-08-09 23:50:00,0.07100000000000001,0.07350000000000001,73294,1,73294,50.0,3664750.0,260197.25000000003,True
8/10/10,2010-08-10 23:50:00,0.07,0.07100000000000001,73486,1,73486,50.0,3674350.0,257204.50000000003,True
8/11/10,2010-08-11 23:50:00,0.067,0.07541,73716,1,73716,50.0,3685850.0,246951.95,True
8/12/10,2010-08-12 23:50:00,0.07,0.07,73934,1,73934,50.0,3696750.0,258772.50000000003,True
8/13/10,2010-08-13 23:50:00,0.0645,0.07,74149,1,74149,50.0,3707500.0,239133.75,True
8/14/10,2010-08-14 23:50:00,0.067,0.06905800000000001,74432,1,74432,50.0,3721650.0,249350.55000000002,True
8/15/10,2010-08-15 23:50:00,0.06529,0.067,74637,1,74637,50.0,3731900.0,243655.751,True
8/16/10,2010-08-16 23:50:00,0.0655,0.0679,74785,1,74785,50.0,3739300.0,244924.15000000002,True
8/17/10,2010-08-17 23:50:00,0.07,0.07690000000000001,74916,1,74916,50.0,3745850.0,262209.5,True
8/18/10,2010-08-18 23:50:00,0.068,0.0733,75046,1,75046,50.0,3752350.0,255159.80000000002,True
8/19/10,2010-08-19 23:50:00,0.06670000000000001,0.068,75184,1,75184,50.0,3759250.0,250741.97500000003,True
8/20/10,2010-08-20 23:50:00,0.0655,0.06670000000000001,75377,1,75377,50.0,3768900.0,246862.95,True
8/21/10,2010-08-21 23:50:00,0.0664,0.0665,75547,1,75547,50.0,3777400.0,250819.36000000002,True
8/22/10,2010-08-22 23:50:00,0.066,0.0664,75758,1,75758,50.0,3787950.0,250004.7,True
8/23/10,2010-08-23 23:50:00,0.06491000000000001,0.066889999999999,75974,1,75974,50.0,3798750.0,246576.86250000005,True
8/24/10,2010-08-24 23:50:00,0.065,0.0665,76189,1,76189,50.0,3809500.0,247617.5,True
8/25/10,2010-08-25 23:50:00,0.0648,0.06644499999999999,76405,1,76405,50.0,3820300.0,247555.43999999997,True
8/26/10,2010-08-26 23:50:00,0.064,0.0658,76594,1,76594,50.0,3829750.0,245104.0,True
8/27/10,2010-08-27 23:50:00,0.065,0.065,76786,1,76786,50.0,3839350.0,249557.75,True
8/28/10,2010-08-28 23:50:00,0.0646,0.065,76956,1,76956,50.0,3847850.0,248571.11000000002,True
8/29/10,2010-08-29 23:50:00,0.064,0.06470000000000001,77118,1,77118,50.0,3855950.0,246780.80000000002,True
8/30/10,2010-08-30 23:50:00,0.06497,0.065,77267,1,77267,50.0,3863400.0,251005.098,True
8/31/10,2010-08-31 23:50:00,0.06,0.06497,77450,1,77450,50.0,3872550.0,232353.0,True
9/1/10,2010-09-01 23:50:00,0.06230000000000001,0.06230000000000001,77609,1,77609,50.0,3880500.0,241755.15000000002,True
9/2/10,2010-09-02 23:50:00,0.0631,0.0631,77764,1,77764,50.0,3888250.0,245348.575,True
9/3/10,2010-09-03 23:50:00,0.06085000000000001,0.0631,77929,1,77929,50.0,3896500.0,237102.02500000002,True
9/4/10,2010-09-04 23:50:00,0.062380000000000005,0.062380000000000005,78106,1,78106,50.0,3905350.0,243615.733,True
9/5/10,2010-09-05 23:50:00,0.0616,0.06343333333333301,78275,1,78275,50.0,3913800.0,241090.08000000002,True
9/6/10,2010-09-06 23:50:00,0.0616,0.0627,78433,1,78433,50.0,3921700.0,241576.72,True
9/7/10,2010-09-07 23:50:00,0.061505,0.062,78593,1,78593,50.0,3929700.0,241696.1985,True
9/8/10,2010-09-08 23:50:00,0.061494999999999994,0.061505,78757,1,78757,50.0,3937900.0,242161.16049999997,True
9/9/10,2010-09-09 23:50:00,0.061110000000000005,0.062400000000000004,78892,1,78892,50.0,3944650.0,241057.5615,True
9/10/10,2010-09-10 23:50:00,0.0618,0.0618,79068,1,79068,50.0,3953450.0,244323.21,True
9/11/10,2010-09-11 23:50:00,0.06366000000000001,0.064366666666666,79225,1,79225,50.0,3961300.0,252176.35800000004,True
9/12/10,2010-09-12 23:50:00,0.061500000000000006,0.06366000000000001,79405,1,79405,50.0,3970300.0,244173.45,True
9/13/10,2010-09-13 23:50:00,0.06217999999999901,0.064,79575,1,79575,50.0,3978800.0,247401.78399999606,True
9/14/10,2010-09-14 23:50:00,0.06199,0.17500000000000002,79780,1,79780,50.0,3989050.0,247281.20950000003,True
9/15/10,2010-09-15 23:50:00,0.0604,0.0625,79949,1,79949,50.0,3997500.0,241449.0,True
9/16/10,2010-09-16 23:50:00,0.0618,0.0618,80167,1,80167,50.0,4008400.0,247719.12,True
9/17/10,2010-09-17 23:50:00,0.05938,0.0618,80376,1,80376,50.0,4018850.0,238639.313,True
9/18/10,2010-09-18 23:50:00,0.061,0.061,80613,1,80613,50.0,4030700.0,245872.69999999998,True
9/19/10,2010-09-19 23:50:00,0.0627,0.0627,80821,1,80821,50.0,4041100.0,253376.97000000003,True
9/20/10,2010-09-20 23:50:00,0.0621,0.063349999999999,81024,1,81024,50.0,4051250.0,251582.625,True
9/21/10,2010-09-21 23:50:00,0.06265000000000001,0.06330000000000001,81194,1,81194,50.0,4059750.0,254343.33750000005,True
9/22/10,2010-09-22 23:50:00,0.062037999999999996,0.06265000000000001,81371,1,81371,50.0,4068600.0,252407.8068,True
9/23/10,2010-09-23 23:50:00,0.062310000000000004,0.0629,81605,1,81605,50.0,4080300.0,254243.49300000002,True
9/24/10,2010-09-24 23:50:00,0.062200000000000005,0.062380000000000005,81834,1,81834,50.0,4091750.0,254506.85000000003,True
9/25/10,2010-09-25 23:50:00,0.062020000000000006,0.062360000000000006,82038,1,82038,50.0,4101950.0,254402.939,True
9/26/10,2010-09-26 23:50:00,0.06219,0.06224777777777701,82245,1,82245,50.0,4112300.0,255743.937,True
9/27/10,2010-09-27 23:50:00,0.062200000000000005,0.062279999999999,82475,1,82475,50.0,4123800.0,256500.36000000002,True
9/28/10,2010-09-28 23:50:00,0.061904999999999,0.062354999999999,82686,1,82686,50.0,4134350.0,255936.9367499959,True
9/29/10,2010-09-29 23:50:00,0.06183,0.062,82850,1,82850,50.0,4142550.0,256133.8665,True
9/30/10,2010-09-30 23:50:00,0.061900000000000004,0.061900000000000004,82994,1,82994,50.0,4149750.0,256869.52500000002,True
10/1/10,2010-10-01 23:50:00,0.061970000000000004,0.062,83151,1,83151,50.0,4157600.0,257646.472,True
10/2/10,2010-10-02 23:50:00,0.0614,0.061970000000000004,83251,1,83251,50.0,4162600.0,255583.64,True
10/3/10,2010-10-03 23:50:00,0.061110000000000005,0.0614,83372,1,83372,50.0,4168650.0,254746.20150000002,True
10/4/10,2010-10-04 23:50:00,0.061290000000000004,0.06191000000000001,83525,1,83525,50.0,4176300.0,255965.42700000003,True
10/5/10,2010-10-05 23:50:00,0.0614,0.062921666666666,83652,1,83652,50.0,4182650.0,256814.71000000002,True
10/6/10,2010-10-06 23:50:00,0.062976666666666,0.063490666666666,83820,1,83820,50.0,4191050.0,263938.35883333057,True
10/7/10,2010-10-07 23:50:00,0.067,0.067,83982,1,83982,50.0,4199150.0,281343.05,True
10/8/10,2010-10-08 23:50:00,0.084925,0.08799000000000001,84137,1,84137,50.0,4206900.0,357270.9825,True
10/9/10,2010-10-09 23:50:00,0.09380000000000001,0.11,84294,1,84294,50.0,4214750.0,395343.55000000005,True
10/10/10,2010-10-10 23:50:00,0.0965,0.1301,84470,1,84470,50.0,4223550.0,407572.575,True
10/11/10,2010-10-11 23:50:00,0.095,0.1015,84631,1,84631,50.0,4231600.0,402002.0,True
10/12/10,2010-10-12 23:50:00,0.0949,0.09795000000000001,84787,1,84787,50.0,4239400.0,402319.06,True
10/13/10,2010-10-13 23:50:00,0.105,0.105,84961,1,84961,50.0,4248100.0,446050.5,True
10/14/10,2010-10-14 23:50:00,0.10200000000000001,0.105,85165,1,85165,50.0,4258300.0,434346.60000000003,True
10/15/10,2010-10-15 23:50:00,0.105,0.11699999999999901,85344,1,85344,50.0,4267250.0,448061.25,True
10/16/10,2010-10-16 23:50:00,0.101,0.105,85603,1,85603,50.0,4280200.0,432300.2,True
10/17/10,2010-10-17 23:50:00,0.10200000000000001,0.10450000000000001,85872,1,85872,50.0,4293650.0,437952.30000000005,True
10/18/10,2010-10-18 23:50:00,0.1024,0.10300000000000001,86119,1,86119,50.0,4306000.0,440934.4,True
10/19/10,2010-10-19 23:50:00,0.09715000000000001,0.1024,86378,1,86378,50.0,4318950.0,419585.99250000005,True
10/20/10,2010-10-20 23:50:00,0.099,0.10250000000000001,86639,1,86639,50.0,4332000.0,428868.0,True
10/21/10,2010-10-21 23:50:00,0.107,0.107,86828,1,86828,50.0,4341450.0,464535.14999999997,True
10/22/10,2010-10-22 23:50:00,0.106,0.109,86981,1,86981,50.0,4349100.0,461004.6,True
10/23/10,2010-10-23 23:50:00,0.10499499999999999,0.109,87156,1,87156,50.0,4357850.0,457552.46074999997,True
10/24/10,2010-10-24 23:50:00,0.11501000000000001,0.19,87360,1,87360,50.0,4368050.0,502369.4305000001,True
10/25/10,2010-10-25 23:50:00,0.132,0.186666666666666,87562,1,87562,50.0,4378150.0,577915.8,True
10/26/10,2010-10-26 23:50:00,0.15030000000000002,0.179,87805,1,87805,50.0,4390300.0,659862.0900000001,True
10/27/10,2010-10-27 23:50:00,0.1877,0.19,88019,1,88019,50.0,4401000.0,826067.7000000001,True
10/28/10,2010-10-28 23:50:00,0.1731,0.19001,88237,1,88237,50.0,4411900.0,763699.89,True
10/29/10,2010-10-29 23:50:00,0.19,0.19,88460,1,88460,50.0,4423050.0,840379.5,True
10/30/10,2010-10-30 23:50:00,0.19890000000000002,0.19890000000000002,88712,1,88712,50.0,4435650.0,882250.7850000001,True
10/31/10,2010-10-31 23:50:00,0.1925,0.19890000000000002,88892,1,88892,50.0,4444650.0,855595.125,True
11/1/10,2010-11-01 23:50:00,0.1955,0.1955,89069,1,89069,50.0,4453500.0,870659.25,True
11/2/10,2010-11-02 23:50:00,0.1938,0.1955,89243,1,89243,50.0,4462200.0,864774.36,True
11/3/10,2010-11-03 23:50:00,0.19310000000000002,0.2369,89435,1,89435,50.0,4471800.0,863504.5800000001,True
11/4/10,2010-11-04 23:50:00,0.23,0.23601000000000003,89636,1,89636,50.0,4481850.0,1030825.5,True
11/5/10,2010-11-05 23:50:00,0.2639,0.2639,89854,1,89854,50.0,4492750.0,1185636.725,True
11/6/10,2010-11-06 23:50:00,0.38,0.49,90070,1,90070,50.0,4503550.0,1711349.0,True
11/7/10,2010-11-07 23:50:00,0.34,0.4399,90314,1,90314,50.0,4515750.0,1535355.0,True
11/8/10,2010-11-08 23:50:00,0.243,0.36810000000000004,90586,1,90586,50.0,4529350.0,1100632.05,True
11/9/10,2010-11-09 23:50:00,0.21,0.322999999999999,90806,1,90806,50.0,4540350.0,953473.5,True
11/10/10,2010-11-10 23:50:00,0.23620000000000002,0.23620000000000002,91008,1,91008,50.0,4550450.0,1074816.29,True
11/11/10,2010-11-11 23:50:00,0.22310000000000002,0.24,91226,1,91226,50.0,4561350.0,1017637.185,True
11/12/10,2010-11-12 23:50:00,0.2682,0.28300000000000003,91397,1,91397,50.0,4569900.0,1225647.18,True
11/13/10,2010-11-13 23:50:00,0.276,0.299936666666666,91619,1,91619,50.0,4581000.0,1264356.0,True
11/14/10,2010-11-14 23:50:00,0.27904,0.299,91875,1,91875,50.0,4593800.0,1281853.952,True
11/15/10,2010-11-15 23:50:00,0.2682,0.2828,92075,1,92075,50.0,4603800.0,1234739.16,True
11/16/10,2010-11-16 23:50:00,0.225,0.275,92272,1,92272,50.0,4613650.0,1038071.25,True
11/17/10,2010-11-17 23:50:00,0.247366666666666,0.28800000000000003,92518,1,92518,50.0,4625950.0,1144305.8316666638,True
11/18/10,2010-11-18 23:50:00,0.26780000000000004,0.281,92776,1,92776,50.0,4638850.0,1242284.0300000003,True
11/19/10,2010-11-19 23:50:00,0.2752,0.28,92927,1,92927,50.0,4646400.0,1278689.28,True
11/20/10,2010-11-20 23:50:00,0.283955,0.29,93042,1,93042,50.0,4652150.0,1321001.25325,True
11/21/10,2010-11-21 23:50:00,0.27675,0.283955,93182,1,93182,50.0,4659150.0,1289419.7625,True
11/22/10,2010-11-22 23:50:00,0.2843,0.2843,93345,1,93345,50.0,4667300.0,1326913.39,True
11/23/10,2010-11-23 23:50:00,0.28295000000000003,0.28449,93486,1,93486,50.0,4674350.0,1322607.3325000003,True
11/24/10,2010-11-24 23:50:00,0.28299,0.28299,93662,1,93662,50.0,4683150.0,1325284.6185,True
11/25/10,2010-11-25 23:50:00,0.28,0.28299,93844,1,93844,50.0,4692250.0,1313830.0000000002,True
11/26/10,2010-11-26 23:50:00,0.2844,0.2864,94037,1,94037,50.0,4701900.0,1337220.3599999999,True
11/27/10,2010-11-27 23:50:00,0.28300000000000003,0.2844,94216,1,94216,50.0,4710850.0,1333170.55,True
11/28/10,2010-11-28 23:50:00,0.271081967213114,0.28461000000000003,94387,1,94387,50.0,4719400.0,1279344.2360655703,True
11/29/10,2010-11-29 23:50:00,0.23305,0.279,94595,1,94595,50.0,4729800.0,1102279.8900000001,True
11/30/10,2010-11-30 23:50:00,0.2082,0.22990000000000002,94800,1,94800,50.0,4740050.0,986878.41,True
12/1/10,2010-12-01 23:50:00,0.2275,0.22790000000000002,94986,1,94986,50.0,4749350.0,1080477.125,True
12/2/10,2010-12-02 23:50:00,0.255,0.255,95174,1,95174,50.0,4758750.0,1213481.25,True
12/3/10,2010-12-03 23:50:00,0.25105,0.25520000000000004,95365,1,95365,50.0,4768300.0,1197081.715,True
12/4/10,2010-12-04 23:50:00,0.20600000000000002,0.25880749999999997,95594,1,95594,50.0,4779750.0,984628.5000000001,True
12/5/10,2010-12-05 23:50:00,0.195,0.234,95832,1,95832,50.0,4791650.0,934371.75,True
12/6/10,2010-12-06 23:50:00,0.20400000000000001,0.225,96075,1,96075,50.0,4803800.0,979975.2000000001,True
12/7/10,2010-12-07 23:50:00,0.2366,0.245,96312,1,96312,50.0,4815650.0,1139382.79,True
12/8/10,2010-12-08 23:50:00,0.2388,0.24,96551,1,96551,50.0,4827600.0,1152830.8800000001,True
12/9/10,2010-12-09 23:50:00,0.192105,0.2388,96775,1,96775,50.0,4838800.0,929557.674,True
12/10/10,2010-12-10 23:50:00,0.20385,0.20385,96922,1,96922,50.0,4846150.0,987887.6775,True
12/11/10,2010-12-11 23:50:00,0.228,0.228,97096,1,97096,50.0,4854850.0,1106905.8,True
12/12/10,2010-12-12 23:50:00,0.22,0.228,97266,1,97266,50.0,4863350.0,1069937.0,True
12/13/10,2010-12-13 23:50:00,0.22990000000000002,0.22990000000000002,97408,1,97408,50.0,4870450.0,1119716.455,True
12/14/10,2010-12-14 23:50:00,0.24669000000000002,0.24669000000000002,97580,1,97580,50.0,4879050.0,1203612.8445000001,True
12/15/10,2010-12-15 23:50:00,0.24,0.24669000000000002,97776,1,97776,50.0,4888850.0,1173324.0,True
12/16/10,2010-12-16 23:50:00,0.24996000000000002,0.255,97948,1,97948,50.0,4897450.0,1224166.6020000002,True
12/17/10,2010-12-17 23:50:00,0.24,0.24996000000000002,98112,1,98112,50.0,4905650.0,1177356.0,True
12/18/10,2010-12-18 23:50:00,0.241,0.24881000000000003,98275,1,98275,50.0,4913800.0,1184225.8,True
12/19/10,2010-12-19 23:50:00,0.2401,0.2499,98458,1,98458,50.0,4922950.0,1182000.295,True
12/20/10,2010-12-20 23:50:00,0.267,0.27111,98618,1,98618,50.0,4930950.0,1316563.6500000001,True
12/21/10,2010-12-21 23:50:00,0.24,0.267,98815,1,98815,50.0,4940800.0,1185792.0,True
12/22/10,2010-12-22 23:50:00,0.25,0.25,98972,1,98972,50.0,4948650.0,1237162.5,True
12/23/10,2010-12-23 23:50:00,0.24875250000000002,0.25,99116,1,99116,50.0,4955850.0,1232780.077125,True
12/24/10,2010-12-24 23:50:00,0.248,0.25,99265,1,99265,50.0,4963300.0,1230898.4,True
12/25/10,2010-12-25 23:50:00,0.2499,0.25,99433,1,99433,50.0,4971700.0,1242427.83,True
12/26/10,2010-12-26 23:50:00,0.265,0.265,99576,1,99576,50.0,4978850.0,1319395.25,True
12/27/10,2010-12-27 23:50:00,0.265,0.27,99742,1,99742,50.0,4987150.0,1321594.75,True
12/28/10,2010-12-28 23:50:00,0.281,0.281,99912,1,99912,50.0,4995650.0,1403777.6500000001,True
12/29/10,2010-12-29 23:50:00,0.2998,0.301,100077,1,100077,50.0,5003900.0,1500169.22,True
12/30/10,2010-12-30 23:50:00,0.30000000000000004,0.30000000000000004,100246,1,100246,50.0,5012350.0,1503705.0000000002,True
12/31/10,2010-12-31 23:50:00,0.30000000000000004,0.30000000000000004,100408,1,100408,50.0,5020450.0,1506135.0000000002,True
1/1/11,2011-01-01 23:50:00,0.30000000000000004,0.30000000000000004,100588,1,100588,50.0,5029450.0,1508835.0000000002,True
1/2/11,2011-01-02 23:50:00,0.29997,0.30000000000000004,100763,1,100763,50.0,5038200.0,1511308.854,True
1/3/11,2011-01-03 23:50:00,0.295,0.29997,100921,1,100921,50.0,5046100.0,1488599.5,True
1/4/11,2011-01-04 23:50:00,0.29895000000000005,0.29895000000000005,101059,1,101059,50.0,5053000.0,1510594.3500000003,True
1/5/11,2011-01-05 23:50:00,0.29892,0.299,101216,1,101216,50.0,5060850.0,1512789.2820000001,True
1/6/11,2011-01-06 23:50:00,0.298,0.299,101355,1,101355,50.0,5067800.0,1510204.4,True
1/7/11,2011-01-07 23:50:00,0.32,0.321,101518,1,101518,50.0,5075950.0,1624304.0,True
1/8/11,2011-01-08 23:50:00,0.3229,0.3229,101688,1,101688,50.0,5084450.0,1641768.905,True
1/9/11,2011-01-09 23:50:00,0.322999999999999,0.322999999999999,101853,1,101853,50.0,5092700.0,1644942.099999995,True
1/10/11,2011-01-10 23:50:00,0.32659000000000005,0.329,102016,1,102016,50.0,5100850.0,1665886.6015000003,True
1/11/11,2011-01-11 23:50:00,0.32659000000000005,0.32659000000000005,102186,1,102186,50.0,5109350.0,1668662.6165000002,True
1/12/11,2011-01-12 23:50:00,0.31880000000000003,0.3557,102355,1,102355,50.0,5117800.0,1631554.6400000001,True
1/13/11,2011-01-13 23:50:00,0.3176,0.405,102542,1,102542,50.0,5127150.0,1628382.8399999999,True
1/14/11,2011-01-14 23:50:00,0.4,0.40058000000000005,102723,1,102723,50.0,5136200.0,2054480.0,True
1/15/11,2011-01-15 23:50:00,0.386,0.4,102881,1,102881,50.0,5144100.0,1985622.6,True
1/16/11,2011-01-16 23:50:00,0.38679,0.4,103053,1,103053,50.0,5152700.0,1993012.833,True
1/17/11,2011-01-17 23:50:00,0.34950000000000003,0.38679,103235,1,103235,50.0,5161800.0,1804049.1,True
1/18/11,2011-01-18 23:50:00,0.31299000000000005,0.34950000000000003,103377,1,103377,50.0,5168900.0,1617814.0110000002,True
1/19/11,2011-01-19 23:50:00,0.31299000000000005,0.31299000000000005,103546,1,103546,50.0,5177350.0,1620458.7765000002,True
1/20/11,2011-01-20 23:50:00,0.39,0.39,103730,1,103730,50.0,5186550.0,2022754.5,True
1/21/11,2011-01-21 23:50:00,0.419905,0.4299,103905,1,103905,50.0,5195300.0,2181532.4465,True
1/22/11,2011-01-22 23:50:00,0.44399000000000005,0.444,104070,1,104070,50.0,5203550.0,2310324.1645000004,True
1/23/11,2011-01-23 23:50:00,0.4424,0.44430000000000003,104240,1,104240,50.0,5212050.0,2305810.92,True
1/24/11,2011-01-24 23:50:00,0.4199,0.4319,104427,1,104427,50.0,5221400.0,2192465.86,True
1/25/11,2011-01-25 23:50:00,0.41000000000000003,0.425,104582,1,104582,50.0,5229150.0,2143951.5,True
1/26/11,2011-01-26 23:50:00,0.41367000000000004,0.42,104764,1,104764,50.0,5238250.0,2166906.8775000004,True
1/27/11,2011-01-27 23:50:00,0.4212,0.445,104924,1,104924,50.0,5246250.0,2209720.5,True
1/28/11,2011-01-28 23:50:00,0.446,0.446,105083,1,105083,50.0,5254200.0,2343373.2,True
1/29/11,2011-01-29 23:50:00,0.439,0.446,105242,1,105242,50.0,5262150.0,2310083.85,True
1/30/11,2011-01-30 23:50:00,0.47985000000000005,0.48,105398,1,105398,50.0,5269950.0,2528785.5075000003,True
1/31/11,2011-01-31 23:50:00,0.5501,0.8166666666666661,105570,1,105570,50.0,5278550.0,2903730.355,True
2/1/11,2011-02-01 23:50:00,0.7077300000000001,0.8442000000000001,105733,1,105733,50.0,5286700.0,3741556.1910000006,True
2/2/11,2011-02-02 23:50:00,0.716,0.7600100000000001,105892,1,105892,50.0,5294650.0,3790969.4,True
2/3/11,2011-02-03 23:50:00,0.6963900000000001,0.746,106051,1,106051,50.0,5302600.0,3692677.6140000005,True
2/4/11,2011-02-04 23:50:00,0.810999999999999,0.8501000000000001,106245,1,106245,50.0,5312300.0,4308275.299999995,True
2/5/11,2011-02-05 23:50:00,0.9073500000000001,0.9167000000000001,106424,1,106424,50.0,5321250.0,4828236.187500001,True
2/6/11,2011-02-06 23:50:00,0.8968,0.92,106602,1,106602,50.0,5330150.0,4780078.5200000005,True
2/7/11,2011-02-07 23:50:00,0.89,0.9,106804,1,106804,50.0,5340250.0,4752822.5,True
2/8/11,2011-02-08 23:50:00,0.918,0.918,106973,1,106973,50.0,5348700.0,4910106.600000001,True
2/9/11,2011-02-09 23:50:00,1.084495,1.09,107164,1,107164,50.0,5358250.0,5810995.33375,True
2/10/11,2011-02-10 23:50:00,0.9751549999999991,1.1,107350,1,107350,50.0,5367550.0,5234193.220249996,True
2/11/11,2011-02-11 23:50:00,1.070004999999999,1.0899,107536,1,107536,50.0,5376850.0,5753256.3842499945,True
2/12/11,2011-02-12 23:50:00,1.0799,1.08,107732,1,107732,50.0,5386650.0,5817043.335000001,True
2/13/11,2011-02-13 23:50:00,1.05,1.08,107929,1,107929,50.0,5396500.0,5666325.0,True
2/14/11,2011-02-14 23:50:00,1.075336666666666,1.08,108126,1,108126,50.0,5406350.0,5813646.38783333,True
2/15/11,2011-02-15 23:50:00,1.05,1.08,108349,1,108349,50.0,5417500.0,5688375.0,True
2/16/11,2011-02-16 23:50:00,1.028624,1.05019,108580,1,108580,50.0,5429050.0,5584451.1272,True
2/17/11,2011-02-17 23:50:00,1.04,1.05019,108812,1,108812,50.0,5440650.0,5658276.0,True
2/18/11,2011-02-18 23:50:00,0.8989,1.04019,109025,1,109025,50.0,5451300.0,4900173.57,True
2/19/11,2011-02-19 23:50:00,0.94898,0.98,109186,1,109186,50.0,5459350.0,5180813.963,True
2/20/11,2011-02-20 23:50:00,0.85,0.94898,109385,1,109385,50.0,5469300.0,4648905.0,True
2/21/11,2011-02-21 23:50:00,0.8345,0.8796,109579,1,109579,50.0,5479000.0,4572225.5,True
2/22/11,2011-02-22 23:50:00,0.8702300000000001,0.93,109791,1,109791,50.0,5489600.0,4777214.608,True
2/23/11,2011-02-23 23:50:00,0.9,0.9391200000000001,110032,1,110032,50.0,5501650.0,4951485.0,True
2/24/11,2011-02-24 23:50:00,0.9937149999999999,1.0,110240,1,110240,50.0,5512050.0,5477406.765749999,True
2/25/11,2011-02-25 23:50:00,0.9111,0.9997900000000001,110463,1,110463,50.0,5523200.0,5032187.5200000005,True
2/26/11,2011-02-26 23:50:00,0.9580000000000001,0.97,110739,1,110739,50.0,5537000.0,5304446.0,True
2/27/11,2011-02-27 23:50:00,0.89,0.9580000000000001,110986,1,110986,50.0,5549350.0,4938921.5,True
2/28/11,2011-02-28 23:50:00,0.8701000000000001,0.92,111136,1,111136,50.0,5556850.0,4835015.1850000005,True
3/1/11,2011-03-01 23:50:00,0.92022,0.9696,111265,1,111265,50.0,5563300.0,5119459.926,True
3/2/11,2011-03-02 23:50:00,0.9399000000000001,0.9400000000000001,111430,1,111430,50.0,5571550.0,5236699.845000001,True
3/3/11,2011-03-03 23:50:00,0.9390900000000001,0.9399000000000001,111618,1,111618,50.0,5580950.0,5241014.3355,True
3/4/11,2011-03-04 23:50:00,0.9012,0.9390900000000001,111840,1,111840,50.0,5592050.0,5039555.46,True
3/5/11,2011-03-05 23:50:00,0.9103,0.9189,112118,1,112118,50.0,5605950.0,5103096.285,True
3/6/11,2011-03-06 23:50:00,0.886629999999999,0.9103,112392,1,112392,50.0,5619650.0,4982550.279499995,True
3/7/11,2011-03-07 23:50:00,0.88502,0.9083366666666661,112602,1,112602,50.0,5630150.0,4982795.353,True
3/8/11,2011-03-08 23:50:00,0.869989999999999,0.88502,112789,1,112789,50.0,5639500.0,4906308.604999995,True
3/9/11,2011-03-09 23:50:00,0.8644900000000001,0.87,112949,1,112949,50.0,5647500.0,4882207.275,True
3/10/11,2011-03-10 23:50:00,0.9329000000000001,0.9329000000000001,113059,1,113059,50.0,5653000.0,5273683.7,True
3/11/11,2011-03-11 23:50:00,0.88,0.9329000000000001,113189,1,113189,50.0,5659500.0,4980360.0,True
3/12/11,2011-03-12 23:50:00,0.918,0.9197000000000001,113328,1,113328,50.0,5666450.0,5201801.100000001,True
3/13/11,2011-03-13 23:50:00,0.8924900000000001,0.918,113447,1,113447,50.0,5672400.0,5062560.276000001,True
3/14/11,2011-03-14 23:50:00,0.8949,0.9,113559,1,113559,50.0,5678000.0,5081242.2,True
3/15/11,2011-03-15 23:50:00,0.8711200000000001,0.8949,113669,1,113669,50.0,5683500.0,4951010.5200000005,True
3/16/11,2011-03-16 23:50:00,0.859989999999999,0.88,113806,1,113806,50.0,5690350.0,4893644.096499994,True
3/17/11,2011-03-17 23:50:00,0.82542,0.88,113946,1,113946,50.0,5697350.0,4702706.637,True
3/18/11,2011-03-18 23:50:00,0.8164800000000001,0.85062,114067,1,114067,50.0,5703400.0,4656712.032000001,True
3/19/11,2011-03-19 23:50:00,0.765,0.8164800000000001,114183,1,114183,50.0,5709200.0,4367538.0,True
3/20/11,2011-03-20 23:50:00,0.7410800000000001,0.79,114319,1,114319,50.0,5716000.0,4236013.28,True
3/21/11,2011-03-21 23:50:00,0.75897,0.772405,114468,1,114468,50.0,5723450.0,4343926.8465,True
3/22/11,2011-03-22 23:50:00,0.8090100000000001,0.81,114586,1,114586,50.0,5729350.0,4635101.443500001,True
3/23/11,2011-03-23 23:50:00,0.8497100000000001,0.8498500000000001,114743,1,114743,50.0,5737200.0,4874956.212,True
3/24/11,2011-03-24 23:50:00,0.8668799999999991,0.8989266666666661,114895,1,114895,50.0,5744800.0,4980052.223999995,True
3/25/11,2011-03-25 23:50:00,0.8837700000000001,0.8899900000000001,115069,1,115069,50.0,5753500.0,5084770.695,True
3/26/11,2011-03-26 23:50:00,0.8552000000000001,0.9024500000000001,115203,1,115203,50.0,5760200.0,4926123.04,True
3/27/11,2011-03-27 23:50:00,0.827539999999999,0.87211,115350,1,115350,50.0,5767550.0,4772878.326999995,True
3/28/11,2011-03-28 23:50:00,0.79898,0.8430000000000001,115516,1,115516,50.0,5775850.0,4614788.633,True
3/29/11,2011-03-29 23:50:00,0.7925000000000001,0.79966,115679,1,115679,50.0,5784000.0,4583820.000000001,True
3/30/11,2011-03-30 23:50:00,0.7897000000000001,0.795,115835,1,115835,50.0,5791800.0,4573784.46,True
3/31/11,2011-03-31 23:50:00,0.78461,0.80098,116038,1,116038,50.0,5801950.0,4552267.9895,True
4/1/11,2011-04-01 23:50:00,0.7741100000000001,0.7969700000000001,116214,1,116214,50.0,5810750.0,4498159.6825,True
4/2/11,2011-04-02 23:50:00,0.7819900000000001,0.797999999999999,116391,1,116391,50.0,5819600.0,4550869.004000001,True
4/3/11,2011-04-03 23:50:00,0.779,0.7921,116567,1,116567,50.0,5828400.0,4540323.600000001,True
4/4/11,2011-04-04 23:50:00,0.68,0.78495,116746,1,116746,50.0,5837350.0,3969398.0000000005,True
4/5/11,2011-04-05 23:50:00,0.71,0.7478,116941,1,116941,50.0,5847100.0,4151441.0,True
4/6/11,2011-04-06 23:50:00,0.74,0.75,117088,1,117088,50.0,5854450.0,4332293.0,True
4/7/11,2011-04-07 23:50:00,0.7538,0.784905,117233,1,117233,50.0,5861700.0,4418549.46,True
4/8/11,2011-04-08 23:50:00,0.749989999999999,0.799,117402,1,117402,50.0,5870150.0,4402553.798499994,True
4/9/11,2011-04-09 23:50:00,0.7465839999999999,0.7676000000000001,117557,1,117557,50.0,5877900.0,4388346.093599999,True
4/10/11,2011-04-10 23:50:00,0.7369,0.7589,117730,1,117730,50.0,5886550.0,4337798.695,True
4/11/11,2011-04-11 23:50:00,0.77,0.798489999999999,117892,1,117892,50.0,5894650.0,4538880.5,True
4/12/11,2011-04-12 23:50:00,0.86,0.899,118056,1,118056,50.0,5902850.0,5076451.0,True
4/13/11,2011-04-13 23:50:00,0.93115,1.0,118251,1,118251,50.0,5912600.0,5505517.49,True
4/14/11,2011-04-14 23:50:00,0.9993600000000001,1.0,118408,1,118408,50.0,5920450.0,5916660.9120000005,True
4/15/11,2011-04-15 23:50:00,0.9869040000000001,1.08999,118545,1,118545,50.0,5927300.0,5849676.0792000005,True
4/16/11,2011-04-16 23:50:00,1.0499,1.095,118719,1,118719,50.0,5936000.0,6232206.4,True
4/17/11,2011-04-17 23:50:00,1.13057,1.13057,118898,1,118898,50.0,5944950.0,6721182.1215,True
4/18/11,2011-04-18 23:50:00,1.16199,1.1997,119048,1,119048,50.0,5952450.0,6916687.3755,True
4/19/11,2011-04-19 23:50:00,1.1965000000000001,1.1979,119200,1,119200,50.0,5960050.0,7131199.825000001,True
4/20/11,2011-04-20 23:50:00,1.1421000000000001,1.1974,119346,1,119346,50.0,5967350.0,6815310.4350000005,True
4/21/11,2011-04-21 23:50:00,1.208,1.21,119492,1,119492,50.0,5974650.0,7217377.2,True
4/22/11,2011-04-22 23:50:00,1.40901,1.41,119667,1,119667,50.0,5983400.0,8430670.434,True
4/23/11,2011-04-23 23:50:00,1.665325,1.95,119838,1,119838,50.0,5991950.0,9978544.13375,True
4/24/11,2011-04-24 23:50:00,1.63011,1.87395,120003,1,120003,50.0,6000200.0,9780986.022,True
4/25/11,2011-04-25 23:50:00,1.57623,1.685421999999999,120195,1,120195,50.0,6009800.0,9472827.054,True
4/26/11,2011-04-26 23:50:00,1.7949,1.7949,120389,1,120389,50.0,6019500.0,10804400.549999999,True
4/27/11,2011-04-27 23:50:00,1.9000000000000001,1.949884999999999,120572,1,120572,50.0,6028650.0,11454435.0,True
4/28/11,2011-04-28 23:50:00,2.21059,2.59143,120736,1,120736,50.0,6036850.0,13345000.2415,True
4/29/11,2011-04-29 23:50:00,2.88,2.9125,120937,1,120937,50.0,6046900.0,17415072.0,True
4/30/11,2011-04-30 23:50:00,3.5,4.005604,121124,1,121124,50.0,6056250.0,21196875.0,True
5/1/11,2011-05-01 23:50:00,3.03311,3.7999,121304,1,121304,50.0,6065250.0,18396570.427500002,True
5/2/11,2011-05-02 23:50:00,3.2,3.494905,121501,1,121501,50.0,6075100.0,19440320.0,True
5/3/11,2011-05-03 23:50:00,3.3975,3.45825,121696,1,121696,50.0,6084850.0,20673277.875,True
5/4/11,2011-05-04 23:50:00,3.40609,3.535,121894,1,121894,50.0,6094750.0,20759267.0275,True
5/5/11,2011-05-05 23:50:00,3.333,3.4498,122111,1,122111,50.0,6105600.0,20349964.8,True
5/6/11,2011-05-06 23:50:00,3.452,3.596644444444444,122330,1,122330,50.0,6116550.0,21114330.6,True
5/7/11,2011-05-07 23:50:00,3.641,3.7,122544,1,122544,50.0,6127250.0,22309317.25,True
5/8/11,2011-05-08 23:50:00,3.86585,3.9,122763,1,122763,50.0,6138200.0,23729360.47,True
5/9/11,2011-05-09 23:50:00,3.8,3.8999,123004,1,123004,50.0,6150250.0,23370950.0,True
5/10/11,2011-05-10 23:50:00,5.805,5.948076666666667,123185,1,123185,50.0,6159300.0,35754736.5,True
5/11/11,2011-05-11 23:50:00,5.5,5.89991,123375,1,123375,50.0,6168800.0,33928400.0,True
5/12/11,2011-05-12 23:50:00,6.363463333333333,6.458628636363636,123545,1,123545,50.0,6177300.0,39309022.048999995,True
5/13/11,2011-05-13 23:50:00,8.193999999999999,8.413960000000001,123752,1,123752,50.0,6187650.0,50701604.099999994,True
5/14/11,2011-05-14 23:50:00,7.026584285714287,8.849523333333334,123994,1,123994,50.0,6199750.0,43563065.92535715,True
5/15/11,2011-05-15 23:50:00,6.988455,7.565719,124214,1,124214,50.0,6210750.0,43403546.89125,True
5/16/11,2011-05-16 23:50:00,8.0,8.426316666666667,124463,1,124463,50.0,6223200.0,49785600.0,True
5/17/11,2011-05-17 23:50:00,7.20995,8.270231428571426,124718,1,124718,50.0,6235950.0,44960887.7025,True
5/18/11,2011-05-18 23:50:00,6.8849912500000015,7.4473825,125008,1,125008,50.0,6250450.0,43034293.55856251,True
5/19/11,2011-05-19 23:50:00,6.88955,7.3,125176,1,125176,50.0,6258850.0,43120660.0175,True
5/20/11,2011-05-20 23:50:00,5.5903616666666665,7.074682941176469,125398,1,125398,50.0,6269950.0,35051288.131916665,True
5/21/11,2011-05-21 23:50:00,6.132744285714287,6.431588888888888,125617,1,125617,50.0,6280900.0,38519153.584142864,True
5/22/11,2011-05-22 23:50:00,6.736269999999999,6.7401,125867,1,125867,50.0,6293400.0,42394041.61799999,True
5/23/11,2011-05-23 23:50:00,7.106383999999999,7.390017142857142,126156,1,126156,50.0,6307850.0,44826004.314399995,True
5/24/11,2011-05-24 23:50:00,7.42,7.4866344444444435,126454,1,126454,50.0,6322750.0,46914805.0,True
5/25/11,2011-05-25 23:50:00,8.409413571428571,8.703583571428577,126761,1,126761,50.0,6338100.0,53299704.15707143,True
5/26/11,2011-05-26 23:50:00,8.77355,8.866682222222222,127058,1,127058,50.0,6352950.0,55737924.472500004,True
5/27/11,2011-05-27 23:50:00,8.5002,8.805601999999997,127225,1,127225,50.0,6361300.0,54072322.26,True
5/28/11,2011-05-28 23:50:00,8.3001,8.69899,127379,1,127379,50.0,6369000.0,52863336.900000006,True
5/29/11,2011-05-29 23:50:00,8.4299,8.489922857142858,127561,1,127561,50.0,6378100.0,53766745.19,True
5/30/11,2011-05-30 23:50:00,8.800025000000002,8.974317777777777,127715,1,127715,50.0,6385800.0,56195199.64500001,True
5/31/11,2011-05-31 23:50:00,8.715455,9.451111111111112,127862,1,127862,50.0,6393150.0,55719211.133250006,True
6/1/11,2011-06-01 23:50:00,9.607497500000001,9.686029166666668,128051,1,128051,50.0,6402600.0,61512963.49350001,True
6/2/11,2011-06-02 23:50:00,10.643019999999998,10.783233333333332,128241,1,128241,50.0,6412100.0,68244108.54199998,True
6/3/11,2011-06-03 23:50:00,14.317785714285714,14.421999999999995,128444,1,128444,50.0,6422250.0,91952399.30357143,True
6/4/11,2011-06-04 23:50:00,18.64759333333334,18.64759333333334,128666,1,128666,50.0,6433350.0,119966494.57100004,True
6/5/11,2011-06-05 23:50:00,16.675,18.93489545454545,128873,1,128873,50.0,6443700.0,107448697.5,True
6/6/11,2011-06-06 23:50:00,18.37141428571429,19.229666666666667,129109,1,129109,50.0,6455500.0,118596664.9214286,True
6/7/11,2011-06-07 23:50:00,23.396988372093016,23.98695263157895,129276,1,129276,50.0,6463850.0,151234623.28895345,True
6/8/11,2011-06-08 23:50:00,29.64085384615385,31.88444444444444,129465,1,129465,50.0,6473300.0,191874139.2023077,True
6/9/11,2011-06-09 23:50:00,28.9407,31.49985500000001,129686,1,129686,50.0,6484350.0,187661628.045,True
6/10/11,2011-06-10 23:50:00,23.86174117647059,29.34941,129909,1,129909,50.0,6495500.0,154993939.81176472,True
6/11/11,2011-06-11 23:50:00,14.651199999999998,23.97416666666667,130162,1,130162,50.0,6508150.0,95352207.27999999,True
6/12/11,2011-06-12 23:50:00,18.71959,23.80877428571429,130392,1,130392,50.0,6519650.0,122045174.9435,True
6/13/11,2011-06-13 23:50:00,19.409272222222214,24.21390869565216,130621,1,130621,50.0,6531100.0,126763897.8105555,True
6/14/11,2011-06-14 23:50:00,19.32056428571429,20.385675862068968,130867,1,130867,50.0,6543400.0,126422180.34714289,True
6/15/11,2011-06-15 23:50:00,19.49,19.940158823529405,131146,1,131146,50.0,6557350.0,127802751.49999999,True
6/16/11,2011-06-16 23:50:00,17.363817999999995,19.84390909090909,131327,1,131327,50.0,6566400.0,114017774.51519996,True
6/17/11,2011-06-17 23:50:00,15.834064285714286,17.76104444444444,131513,1,131513,50.0,6575700.0,104120056.52357143,True
6/18/11,2011-06-18 23:50:00,16.876666666666665,16.8971375,131711,1,131711,50.0,6585600.0,111142975.99999999,True
6/19/11,2011-06-19 23:50:00,17.405467272497287,18.484259574468087,131932,1,131932,50.0,6596650.0,114817775.68311922,True
6/20/11,2011-06-20 23:50:00,17.4795582704942,17.60023455086677,132166,1,132166,50.0,6608350.0,115511038.89682034,True
6/21/11,2011-06-21 23:50:00,17.850482972780885,18.18623811659334,132419,1,132419,50.0,6621000.0,118188047.76278223,True
6/22/11,2011-06-22 23:50:00,17.906287114865226,17.915129692931533,132680,1,132680,50.0,6634050.0,118791204.03437164,True
6/23/11,2011-06-23 23:50:00,18.16839759701135,18.5048821061371,132920,1,132920,50.0,6646050.0,120748078.84961727,True
6/24/11,2011-06-24 23:50:00,18.585396059959713,18.6314477446375,133135,1,133135,50.0,6656800.0,123719264.49193981,True
6/25/11,2011-06-25 23:50:00,17.943275642315022,18.6286393757385,133280,1,133280,50.0,6664050.0,119574886.04416943,True
6/26/11,2011-06-26 23:50:00,16.366438571428574,18.184227332122127,133429,1,133429,50.0,6671500.0,109188694.92928573,True
6/27/11,2011-06-27 23:50:00,16.750066666666665,17.793436470588233,133598,1,133598,50.0,6679950.0,111889607.83,True
6/28/11,2011-06-28 23:50:00,16.943002500000002,17.175,133757,1,133757,50.0,6687900.0,113313106.41975002,True
6/29/11,2011-06-29 23:50:00,16.899833333333333,17.047261538461534,133928,1,133928,50.0,6696450.0,113168888.925,True
6/30/11,2011-06-30 23:50:00,16.153598125000002,16.992343750000003,134121,1,134121,50.0,6706100.0,108327644.38606252,True
7/1/11,2011-07-01 23:50:00,15.363328181818185,16.700256399999994,134292,1,134292,50.0,6714650.0,103159371.57604547,True
7/2/11,2011-07-02 23:50:00,15.4,15.787220000000001,134462,1,134462,50.0,6723150.0,103536510.0,True
7/3/11,2011-07-03 23:50:00,15.440396666666668,15.648951666666667,134626,1,134626,50.0,6731350.0,103934714.10216668,True
7/4/11,2011-07-04 23:50:00,13.820056,15.487106666666667,134798,1,134798,50.0,6739950.0,93146486.4372,True
7/5/11,2011-07-05 23:50:00,12.886805625000001,14.204615833333335,134936,1,134936,50.0,6746850.0,86945344.53103125,True
7/6/11,2011-07-06 23:50:00,14.767071111111115,16.378641428571427,135091,1,135091,50.0,6754600.0,99745658.52711113,True
7/7/11,2011-07-07 23:50:00,14.770078461538462,15.623833090909086,135225,1,135225,50.0,6761300.0,99864931.502,True
7/8/11,2011-07-08 23:50:00,14.313770000000002,15.095248000000002,135390,1,135390,50.0,6769550.0,96897781.70350002,True
7/9/11,2011-07-09 23:50:00,14.3775,14.587943333333332,135537,1,135537,50.0,6776900.0,97434879.75,True
7/10/11,2011-07-10 23:50:00,14.74739,15.648228260869562,135676,1,135676,50.0,6783850.0,100044081.6515,True
7/11/11,2011-07-11 23:50:00,14.210998421052633,15.1078347368421,135832,1,135832,50.0,6791650.0,96516127.42634211,True
7/12/11,2011-07-12 23:50:00,14.01648166666667,14.608791250000005,135973,1,135973,50.0,6798700.0,95293853.90716669,True
7/13/11,2011-07-13 23:50:00,13.954294285714285,14.122569444444446,136163,1,136163,50.0,6808200.0,95003626.35599999,True
7/14/11,2011-07-14 23:50:00,13.997809,14.033323333333335,136309,1,136309,50.0,6815500.0,95402067.2395,True
7/15/11,2011-07-15 23:50:00,13.81,14.087585,136471,1,136471,50.0,6823600.0,94233916.0,True
7/16/11,2011-07-16 23:50:00,13.719048571428573,13.7999,136625,1,136625,50.0,6831300.0,93718936.50600001,True
7/17/11,2011-07-17 23:50:00,13.167918750000005,13.731242499999999,136796,1,136796,50.0,6839850.0,90066589.06218754,True
7/18/11,2011-07-18 23:50:00,13.423071481481482,13.832436944444444,136968,1,136968,50.0,6848450.0,91927233.88735186,True
7/19/11,2011-07-19 23:50:00,13.84199375,14.627571010101015,137107,1,137107,50.0,6855400.0,94892403.95375,True
7/20/11,2011-07-20 23:50:00,13.693134848484846,13.947273999999995,137257,1,137257,50.0,6862900.0,93974615.15166664,True
7/21/11,2011-07-21 23:50:00,13.612104,13.740167999999999,137410,1,137410,50.0,6870550.0,93522641.1372,True
7/22/11,2011-07-22 23:50:00,13.69542,13.769037000000004,137562,1,137562,50.0,6878150.0,94199153.073,True
7/23/11,2011-07-23 23:50:00,13.68,13.718934,137708,1,137708,50.0,6885450.0,94192956.0,True
7/24/11,2011-07-24 23:50:00,13.98001,14.012300000000002,137874,1,137874,50.0,6893750.0,96374693.9375,True
7/25/11,2011-07-25 23:50:00,14.0026,14.405845584415589,138039,1,138039,50.0,6902000.0,96645945.19999999,True
7/26/11,2011-07-26 23:50:00,13.881170000000001,14.038446000000002,138214,1,138214,50.0,6910750.0,95929295.5775,True
7/27/11,2011-07-27 23:50:00,13.9076,14.085714285714285,138387,1,138387,50.0,6919400.0,96232247.44,True
7/28/11,2011-07-28 23:50:00,13.481906666666667,13.904979999999998,138542,1,138542,50.0,6927150.0,93391189.766,True
7/29/11,2011-07-29 23:50:00,13.514396363636365,13.669702666666668,138708,1,138708,50.0,6935450.0,93728420.26018183,True
7/30/11,2011-07-30 23:50:00,13.53281315789474,13.599955833333333,138859,1,138859,50.0,6943000.0,93958321.75526318,True
7/31/11,2011-07-31 23:50:00,13.379893333333333,14.8999,139033,1,139033,50.0,6951700.0,93013004.48533334,True
8/1/11,2011-08-01 23:50:00,13.095602000000005,13.54,139200,1,139200,50.0,6960050.0,91146044.70010003,True
8/2/11,2011-08-02 23:50:00,12.060019,13.099969999999999,139354,1,139354,50.0,6967750.0,84031197.38725,True
8/3/11,2011-08-03 23:50:00,9.26005,12.0096456,139509,1,139509,50.0,6975500.0,64593478.775,True
8/4/11,2011-08-04 23:50:00,10.743663333333332,11.086422222222224,139639,1,139639,50.0,6982000.0,75012257.39333333,True
8/5/11,2011-08-05 23:50:00,9.7726675,10.948,139780,1,139780,50.0,6989050.0,68301661.790875,True
8/6/11,2011-08-06 23:50:00,6.511275454545455,9.884455652173907,139901,1,139901,50.0,6995100.0,45547022.932090916,True
8/7/11,2011-08-07 23:50:00,8.166288292682923,8.926713250000002,140026,1,140026,50.0,7001350.0,57175042.53797558,True
8/8/11,2011-08-08 23:50:00,7.8298549999999985,8.051086000000002,140163,1,140163,50.0,7008200.0,54873189.81099999,True
8/9/11,2011-08-09 23:50:00,9.74886068965517,11.409299745222937,140310,1,140310,50.0,7015550.0,68393619.61131033,True
8/10/11,2011-08-10 23:50:00,10.01468625,10.400002857142855,140461,1,140461,50.0,7023100.0,70334143.002375,True
8/11/11,2011-08-11 23:50:00,9.45624,10.296990499999994,140597,1,140597,50.0,7029900.0,66476421.576,True
8/12/11,2011-08-12 23:50:00,9.460339999999999,9.71990375,140726,1,140726,50.0,7036350.0,66566263.35899999,True
8/13/11,2011-08-13 23:50:00,10.123339655172405,10.123339655172405,140860,1,140860,50.0,7043050.0,71299187.358362,True
8/14/11,2011-08-14 23:50:00,10.744264615384619,11.182393749999996,140992,1,140992,50.0,7049650.0,75743305.04584618,True
8/15/11,2011-08-15 23:50:00,11.138136,11.531436734693875,141121,1,141121,50.0,7056100.0,78591801.4296,True
8/16/11,2011-08-16 23:50:00,10.958955,11.31992142857143,141266,1,141266,50.0,7063350.0,77406934.79924999,True
8/17/11,2011-08-17 23:50:00,10.993066666666667,11.095001111111115,141401,1,141401,50.0,7070100.0,77722080.64,True
8/18/11,2011-08-18 23:50:00,10.847017692307693,11.026683333333335,141548,1,141548,50.0,7077450.0,76769225.36642309,True
8/19/11,2011-08-19 23:50:00,11.65,11.715109565217393,141679,1,141679,50.0,7084000.0,82528600.0,True
8/20/11,2011-08-20 23:50:00,11.450997999999998,11.656322727272727,141828,1,141828,50.0,7091450.0,81204179.76709999,True
8/21/11,2011-08-21 23:50:00,11.323212000000002,11.4992,141987,1,141987,50.0,7099400.0,80388011.27280001,True
8/22/11,2011-08-22 23:50:00,10.940764736842107,11.41934982608696,142159,1,142159,50.0,7108000.0,77766955.74947369,True
8/23/11,2011-08-23 23:50:00,10.927407,11.190862222222226,142314,1,142314,50.0,7115750.0,77756696.36025001,True
8/24/11,2011-08-24 23:50:00,10.8506,11.066546666666666,142448,1,142448,50.0,7122450.0,77282855.97,True
8/25/11,2011-08-25 23:50:00,9.684139710144926,10.876112,142584,1,142584,50.0,7129250.0,69040653.02855071,True
8/26/11,2011-08-26 23:50:00,8.179189444444445,9.812717272727275,142731,1,142731,50.0,7136600.0,58371603.38922223,True
8/27/11,2011-08-27 23:50:00,8.5902,9.09696518987341,142853,1,142853,50.0,7142700.0,61357221.54,True
8/28/11,2011-08-28 23:50:00,9.078464285714286,9.470205609756096,142969,1,142969,50.0,7148500.0,64897401.946428575,True
8/29/11,2011-08-29 23:50:00,8.96809375,9.252313000000001,143106,1,143106,50.0,7155350.0,64169849.614062496,True
8/30/11,2011-08-30 23:50:00,8.795466000000001,9.0,143251,1,143251,50.0,7162600.0,62998404.77160001,True
8/31/11,2011-08-31 23:50:00,8.22353625,8.78838,143408,1,143408,50.0,7170450.0,58966455.50381251,True
9/1/11,2011-09-01 23:50:00,8.228883750000001,8.37,143535,1,143535,50.0,7176800.0,59057052.89700001,True
9/2/11,2011-09-02 23:50:00,8.62278,8.62278,143692,1,143692,50.0,7184650.0,61951656.32700001,True
9/3/11,2011-09-03 23:50:00,8.479,8.75,143837,1,143837,50.0,7191900.0,60980120.099999994,True
9/4/11,2011-09-04 23:50:00,8.17871357142857,8.5,143971,1,143971,50.0,7198600.0,58875287.51528571,True
9/5/11,2011-09-05 23:50:00,7.629207142857145,8.1,144128,1,144128,50.0,7206450.0,54979499.81464287,True
9/6/11,2011-09-06 23:50:00,6.864676666666665,7.639191999999999,144278,1,144278,50.0,7213950.0,49521434.239499986,True
9/7/11,2011-09-07 23:50:00,7.186077777777778,7.391202222222222,144414,1,144414,50.0,7220750.0,51888871.11388889,True
9/8/11,2011-09-08 23:50:00,6.533122,7.154934999999999,144542,1,144542,50.0,7227150.0,47215852.6623,True
9/9/11,2011-09-09 23:50:00,5.05558,6.506196086956522,144697,1,144697,50.0,7234900.0,36576615.742,True
9/10/11,2011-09-10 23:50:00,4.764342000000001,5.365683384615385,144831,1,144831,50.0,7241600.0,34501459.027200006,True
9/11/11,2011-09-11 23:50:00,5.914224166666667,7.014375919999997,144956,1,144956,50.0,7247850.0,42865409.626375005,True
9/12/11,2011-09-12 23:50:00,6.061434285714286,6.411242499999998,145086,1,145086,50.0,7254350.0,43971765.81057143,True
9/13/11,2011-09-13 23:50:00,5.8,6.074840000000001,145230,1,145230,50.0,7261550.0,42116990.0,True
9/14/11,2011-09-14 23:50:00,5.619543333333333,5.846416666666666,145377,1,145377,50.0,7268900.0,40847898.53566666,True
9/15/11,2011-09-15 23:50:00,4.805915714285715,5.6,145532,1,145532,50.0,7276650.0,34970966.582357146,True
9/16/11,2011-09-16 23:50:00,4.811,4.983363636363637,145651,1,145651,50.0,7282600.0,35036588.6,True
9/17/11,2011-09-17 23:50:00,4.7647,4.90592,145785,1,145785,50.0,7289300.0,34731327.71,True
9/18/11,2011-09-18 23:50:00,5.238233333333333,5.456285671641789,145943,1,145943,50.0,7297200.0,38224436.279999994,True
9/19/11,2011-09-19 23:50:00,5.462770769230769,5.5987245833333334,146070,1,146070,50.0,7303550.0,39897619.45161538,True
9/20/11,2011-09-20 23:50:00,6.114797272727272,6.661117999999999,146209,1,146209,50.0,7310500.0,44702225.462272726,True
9/21/11,2011-09-21 23:50:00,5.6609356250000005,6.1517775000000015,146356,1,146356,50.0,7317850.0,41425877.763406254,True
9/22/11,2011-09-22 23:50:00,5.473564,5.815415333333332,146505,1,146505,50.0,7325300.0,40095498.3692,True
9/23/11,2011-09-23 23:50:00,5.557576363636364,5.681685238095238,146637,1,146637,50.0,7331900.0,40747594.14054546,True
9/24/11,2011-09-24 23:50:00,5.471526666666667,5.74,146765,1,146765,50.0,7338300.0,40151704.138,True
9/25/11,2011-09-25 23:50:00,5.331829999999999,5.489,146904,1,146904,50.0,7345250.0,39163624.3075,True
9/26/11,2011-09-26 23:50:00,4.86916,5.595,147037,1,147037,50.0,7351900.0,35797577.404,True
9/27/11,2011-09-27 23:50:00,4.709366666666667,5.128708571428572,147170,1,147170,50.0,7358550.0,34654110.085,True
9/28/11,2011-09-28 23:50:00,4.7093475,4.94895,147314,1,147314,50.0,7365750.0,34687876.348124996,True
9/29/11,2011-09-29 23:50:00,4.7846224999999984,4.796749999999998,147441,1,147441,50.0,7372100.0,35272715.53224999,True
9/30/11,2011-09-30 23:50:00,5.149056666666667,5.254366896551724,147565,1,147565,50.0,7378300.0,37991284.803666666,True
10/1/11,2011-10-01 23:50:00,5.0181025,5.16035911764706,147708,1,147708,50.0,7385450.0,37060945.108625,True
10/2/11,2011-10-02 23:50:00,5.02701,5.095115,147829,1,147829,50.0,7391500.0,37157144.415,True
10/3/11,2011-10-03 23:50:00,5.02401,5.02618,147974,1,147974,50.0,7398750.0,37171393.9875,True
10/4/11,2011-10-04 23:50:00,4.96,5.020843571428571,148085,1,148085,50.0,7404300.0,36725328.0,True
10/5/11,2011-10-05 23:50:00,4.8799366666666675,4.964361111111111,148229,1,148229,50.0,7411500.0,36167650.605000004,True
10/6/11,2011-10-06 23:50:00,4.734425,4.898903333333333,148359,1,148359,50.0,7418000.0,35119964.65,True
10/7/11,2011-10-07 23:50:00,4.2728,4.768661428571429,148496,1,148496,50.0,7424850.0,31724899.080000002,True
10/8/11,2011-10-08 23:50:00,4.00587,4.43515,148614,1,148614,50.0,7430750.0,29766618.502499998,True
10/9/11,2011-10-09 23:50:00,4.10288,4.347861764705882,148743,1,148743,50.0,7437200.0,30513939.136,True
10/10/11,2011-10-10 23:50:00,4.086946666666667,4.1949,148866,1,148866,50.0,7443350.0,30420574.471333336,True
10/11/11,2011-10-11 23:50:00,3.959153333333333,4.17,148958,1,148958,50.0,7447950.0,29487576.069,True
10/12/11,2011-10-12 23:50:00,4.15,4.1970127272727265,149079,1,149079,50.0,7454000.0,30934100.000000004,True
10/13/11,2011-10-13 23:50:00,4.04615,4.193987272727273,149175,1,149175,50.0,7458800.0,30179423.62,True
10/14/11,2011-10-14 23:50:00,3.98794,4.0860475,149314,1,149314,50.0,7465750.0,29772963.055,True
10/15/11,2011-10-15 23:50:00,3.848035,4.08,149449,1,149449,50.0,7472500.0,28754441.537499998,True
10/16/11,2011-10-16 23:50:00,3.572374444444444,3.8855205263157893,149567,1,149567,50.0,7478400.0,26715645.04533333,True
10/17/11,2011-10-17 23:50:00,2.554464,3.713821250000001,149686,1,149686,50.0,7484350.0,19118502.6384,True
10/18/11,2011-10-18 23:50:00,2.409323333333333,2.872716296296297,149806,1,149806,50.0,7490350.0,18046675.02983333,True
10/19/11,2011-10-19 23:50:00,2.262255714285714,2.490330454545454,149938,1,149938,50.0,7496950.0,16960017.97721428,True
10/20/11,2011-10-20 23:50:00,2.348005,2.379988571428572,150054,1,150054,50.0,7502750.0,17616494.51375,True
10/21/11,2011-10-21 23:50:00,2.562545,2.7000844,150174,1,150174,50.0,7508750.0,19241509.76875,True
10/22/11,2011-10-22 23:50:00,3.138733333333333,3.274616,150273,1,150273,50.0,7513700.0,23583500.646666665,True
10/23/11,2011-10-23 23:50:00,3.16469030083056,3.199963333333333,150380,1,150380,50.0,7519050.0,23795464.60646002,True
10/24/11,2011-10-24 23:50:00,2.538475833333333,3.169455,150507,1,150507,50.0,7525400.0,19103046.036166664,True
10/25/11,2011-10-25 23:50:00,2.773611666666667,2.991972716049383,150636,1,150636,50.0,7531850.0,20890427.031583335,True
10/26/11,2011-10-26 23:50:00,2.773009999999999,2.838217555555555,150754,1,150754,50.0,7537750.0,20902256.12749999,True
10/27/11,2011-10-27 23:50:00,3.040114210526316,3.060018,150854,1,150854,50.0,7542750.0,22930821.46144737,True
10/28/11,2011-10-28 23:50:00,3.185198,3.375308,150958,1,150958,50.0,7547950.0,24041715.2441,True
10/29/11,2011-10-29 23:50:00,3.56826,3.740070714285713,151072,1,151072,50.0,7553650.0,26953387.149,True
10/30/11,2011-10-30 23:50:00,3.2624975,3.6451575,151181,1,151181,50.0,7559100.0,24661544.85225,True
10/31/11,2011-10-31 23:50:00,3.243748333333333,3.301144999999999,151313,1,151313,50.0,7565700.0,24541226.765499998,True
11/1/11,2011-11-01 23:50:00,3.163761999999999,3.330003181818182,151464,1,151464,50.0,7573250.0,23959960.56649999,True
11/2/11,2011-11-02 23:50:00,3.253693333333333,3.298858333333333,151617,1,151617,50.0,7580900.0,24665923.790666666,True
11/3/11,2011-11-03 23:50:00,3.1555,3.260066,151742,1,151742,50.0,7587150.0,23941251.825,True
11/4/11,2011-11-04 23:50:00,3.05545,3.247505,151890,1,151890,50.0,7594550.0,23204767.7975,True
11/5/11,2011-11-05 23:50:00,2.972505,3.146316000000001,152032,1,152032,50.0,7601650.0,22595942.633249998,True
11/6/11,2011-11-06 23:50:00,2.959772,2.9999000000000002,152180,1,152180,50.0,7609050.0,22521053.1366,True
11/7/11,2011-11-07 23:50:00,3.006116666666666,3.028975999999999,152311,1,152311,50.0,7615600.0,22893382.086666662,True
11/8/11,2011-11-08 23:50:00,3.045683333333333,3.179611428571428,152460,1,152460,50.0,7623050.0,23217396.334166665,True
11/9/11,2011-11-09 23:50:00,2.948212857142856,3.158613333333333,152621,1,152621,50.0,7631100.0,22498107.13414285,True
11/10/11,2011-11-10 23:50:00,2.847718846153846,3.046666666666667,152762,1,152762,50.0,7638150.0,21751303.704749998,True
11/11/11,2011-11-11 23:50:00,3.073526923076923,3.3,152881,1,152881,50.0,7644100.0,23494347.152692307,True
11/12/11,2011-11-12 23:50:00,3.03099,3.10986,153024,1,153024,50.0,7651250.0,23190862.2375,True
11/13/11,2011-11-13 23:50:00,2.99599,3.08427,153169,1,153169,50.0,7658500.0,22944789.415,True
11/14/11,2011-11-14 23:50:00,2.142239487179486,2.99572,153311,1,153311,50.0,7665600.0,16421551.01292307,True
11/15/11,2011-11-15 23:50:00,2.324486197288458,2.490383030303029,153477,1,153477,50.0,7673900.0,17837874.629371896,True
11/16/11,2011-11-16 23:50:00,2.567874444444445,2.571498989158609,153612,1,153612,50.0,7680650.0,19722944.851722226,True
11/17/11,2011-11-17 23:50:00,2.25,2.5775,153751,1,153751,50.0,7687600.0,17297100.0,True
11/18/11,2011-11-18 23:50:00,2.051027142857143,2.38905,153884,1,153884,50.0,7694250.0,15781115.593928572,True
11/19/11,2011-11-19 23:50:00,2.1994325,2.2813866666666662,154007,1,154007,50.0,7700400.0,16936510.023,True
11/20/11,2011-11-20 23:50:00,2.19987,2.409056666666667,154148,1,154148,50.0,7707450.0,16955388.0315,True
11/21/11,2011-11-21 23:50:00,2.28936,2.4725025,154267,1,154267,50.0,7713400.0,17658749.424,True
11/22/11,2011-11-22 23:50:00,2.326955,2.397343333333333,154408,1,154408,50.0,7720450.0,17965139.72975,True
11/23/11,2011-11-23 23:50:00,2.332055,2.37996,154542,1,154542,50.0,7727150.0,18020138.79325,True
11/24/11,2011-11-24 23:50:00,2.427627826086956,2.516797818181821,154655,1,154655,50.0,7732800.0,18772360.453565214,True
11/25/11,2011-11-25 23:50:00,2.493312857142857,2.5642075,154790,1,154790,50.0,7739550.0,19297119.5235,True
11/26/11,2011-11-26 23:50:00,2.47003,2.547086666666666,154908,1,154908,50.0,7745450.0,19131493.8635,True
11/27/11,2011-11-27 23:50:00,2.476975454545454,2.49,155024,1,155024,50.0,7751250.0,19199655.99204545,True
11/28/11,2011-11-28 23:50:00,2.547295294117646,2.547295294117646,155151,1,155151,50.0,7757600.0,19760897.97364705,True
11/29/11,2011-11-29 23:50:00,2.750195,2.940756411357517,155289,1,155289,50.0,7764500.0,21353889.0775,True
11/30/11,2011-11-30 23:50:00,2.944309999999999,3.06401115942029,155447,1,155447,50.0,7772400.0,22884355.043999992,True
12/1/11,2011-12-01 23:50:00,3.068399583333333,3.1340511111111122,155633,1,155633,50.0,7781700.0,23877365.037624996,True
12/2/11,2011-12-02 23:50:00,3.110931538461538,3.125041666666666,155779,1,155779,50.0,7789000.0,24231045.75307692,True
12/3/11,2011-12-03 23:50:00,2.7837090243902423,3.11238,155930,1,155930,50.0,7796550.0,21703326.594109744,True
12/4/11,2011-12-04 23:50:00,2.8280966666666663,2.8541253846153842,156066,1,156066,50.0,7803350.0,22068628.12383333,True
12/5/11,2011-12-05 23:50:00,2.85107,2.9289325,156223,1,156223,50.0,7811200.0,22270277.984,True
12/6/11,2011-12-06 23:50:00,3.03351,3.04778,156395,1,156395,50.0,7819800.0,23721441.498,True
12/7/11,2011-12-07 23:50:00,2.973728571428571,3.123333333333333,156533,1,156533,50.0,7826700.0,23274481.409999996,True
12/8/11,2011-12-08 23:50:00,2.988714000000001,3.0696775,156697,1,156697,50.0,7834900.0,23416275.31860001,True
12/9/11,2011-12-09 23:50:00,2.962285,3.029438571428571,156843,1,156843,50.0,7842200.0,23230831.427,True
12/10/11,2011-12-10 23:50:00,3.05437625,3.094995,156989,1,156989,50.0,7849500.0,23975326.374374997,True
12/11/11,2011-12-11 23:50:00,3.25089125,3.351495,157140,1,157140,50.0,7857050.0,25542415.0958125,True
12/12/11,2011-12-12 23:50:00,3.145873,3.28421,157267,1,157267,50.0,7863400.0,24737257.7482,True
12/13/11,2011-12-13 23:50:00,3.2499000000000002,3.59,157400,1,157400,50.0,7870050.0,25576875.495,True
12/14/11,2011-12-14 23:50:00,3.147667777777777,3.248028333333333,157553,1,157553,50.0,7877700.0,24796382.452999994,True
12/15/11,2011-12-15 23:50:00,3.2019916666666672,3.39,157665,1,157665,50.0,7883300.0,25242260.905833337,True
12/16/11,2011-12-16 23:50:00,3.206595,3.366666666666666,157783,1,157783,50.0,7889200.0,25297469.274,True
12/17/11,2011-12-17 23:50:00,3.200023333333332,3.299155,157932,1,157932,50.0,7896650.0,25269464.255166654,True
12/18/11,2011-12-18 23:50:00,3.192505,3.31125,158077,1,158077,50.0,7903900.0,25233240.269500002,True
12/19/11,2011-12-19 23:50:00,3.523875,3.608217901552293,158235,1,158235,50.0,7911800.0,27880194.224999998,True
12/20/11,2011-12-20 23:50:00,3.981072424242424,4.384673440860213,158368,1,158368,50.0,7918450.0,31523922.937742423,True
12/21/11,2011-12-21 23:50:00,3.8821,4.03,158517,1,158517,50.0,7925900.0,30769136.39,True
12/22/11,2011-12-22 23:50:00,3.908236249999999,3.9673849999999993,158667,1,158667,50.0,7933400.0,31005601.46574999,True
12/23/11,2011-12-23 23:50:00,3.94678,4.01816,158808,1,158808,50.0,7940450.0,31339209.251,True
12/24/11,2011-12-24 23:50:00,3.94,4.215,158954,1,158954,50.0,7947750.0,31314135.0,True
12/25/11,2011-12-25 23:50:00,4.225,4.340889523809524,159125,1,159125,50.0,7956300.0,33615367.5,True
12/26/11,2011-12-26 23:50:00,4.011599411764705,4.232955,159305,1,159305,50.0,7965300.0,31953592.79452941,True
12/27/11,2011-12-27 23:50:00,4.107745,4.15935,159449,1,159449,50.0,7972500.0,32748997.012500003,True
12/28/11,2011-12-28 23:50:00,4.183901479291041,4.247413863636364,159603,1,159603,50.0,7980200.0,33388370.585038368,True
12/29/11,2011-12-29 23:50:00,4.166566666666666,4.301711904761904,159742,1,159742,50.0,7987150.0,33278992.951666664,True
12/30/11,2011-12-30 23:50:00,4.247842857142857,4.7117,159882,1,159882,50.0,7994150.0,33957892.97642857,True
12/31/11,2011-12-31 23:50:00,4.721629090909091,4.8683074999999985,160035,1,160035,50.0,8001800.0,37781531.65963636,True
1/1/12,2012-01-01 23:50:00,5.27839909090909,5.46102894736842,160187,1,160187,50.0,8009400.0,42276809.67872727,True
1/2/12,2012-01-02 23:50:00,5.21678,5.45547,160340,1,160340,50.0,8017050.0,41823186.099,True
1/3/12,2012-01-03 23:50:00,4.883427777777778,5.273714285714285,160499,1,160499,50.0,8025000.0,39189507.91666667,True
1/4/12,2012-01-04 23:50:00,5.58749,5.606091304347826,160647,1,160647,50.0,8032400.0,44880954.676,True
1/5/12,2012-01-05 23:50:00,6.982924814814817,7.090528461538456,160794,1,160794,50.0,8039750.0,56140969.77990743,True
1/6/12,2012-01-06 23:50:00,6.696863333333334,7.190459696969698,160965,1,160965,50.0,8048300.0,53898365.16566667,True
1/7/12,2012-01-07 23:50:00,6.811656666666668,6.973416615384616,161150,1,161150,50.0,8057550.0,54885264.17450001,True
1/8/12,2012-01-08 23:50:00,7.13009076923077,7.173031967213116,161312,1,161312,50.0,8065650.0,57508816.61284616,True
1/9/12,2012-01-09 23:50:00,6.316294999999997,7.119582500000001,161477,1,161477,50.0,8073900.0,50997134.200499974,True
1/10/12,2012-01-10 23:50:00,6.449687599999999,6.577115000000001,161616,1,161616,50.0,8080850.0,52118958.042459995,True
1/11/12,2012-01-11 23:50:00,6.899966666666668,7.049297000000001,161770,1,161770,50.0,8088550.0,55810725.381666675,True
1/12/12,2012-01-12 23:50:00,6.797846666666668,6.942108888888888,161926,1,161926,50.0,8096350.0,55037745.85966668,True
1/13/12,2012-01-13 23:50:00,6.413502074303406,6.8999125,162066,1,162066,50.0,8103350.0,51970852.03380651,True
1/14/12,2012-01-14 23:50:00,6.750014999999999,6.872631304347827,162214,1,162214,50.0,8110750.0,54747684.161249995,True
1/15/12,2012-01-15 23:50:00,7.027560909090909,7.054700400000003,162354,1,162354,50.0,8117750.0,57047982.56977272,True
1/16/12,2012-01-16 23:50:00,6.648461904761903,7.165949230769232,162528,1,162528,50.0,8126450.0,54028393.24595237,True
1/17/12,2012-01-17 23:50:00,5.56730760869565,6.920059999999998,162687,1,162687,50.0,8134400.0,45286707.01217389,True
1/18/12,2012-01-18 23:50:00,5.9170500000000015,6.547890008840863,162814,1,162814,50.0,8140750.0,48169224.78750001,True
1/19/12,2012-01-19 23:50:00,6.354317142857146,6.354317142857146,162964,1,162964,50.0,8148250.0,51776564.65928574,True
1/20/12,2012-01-20 23:50:00,6.37286,6.601763,163109,1,163109,50.0,8155500.0,51973859.730000004,True
1/21/12,2012-01-21 23:50:00,6.165864,6.5479342857142875,163273,1,163273,50.0,8163700.0,50336263.9368,True
1/22/12,2012-01-22 23:50:00,6.306594,6.459473703703704,163409,1,163409,50.0,8170500.0,51528026.276999995,True
1/23/12,2012-01-23 23:50:00,6.343111578947367,6.41715,163580,1,163580,50.0,8179050.0,51880626.75978946,True
1/24/12,2012-01-24 23:50:00,6.267583333333333,6.412045,163719,1,163719,50.0,8186000.0,51306437.166666664,True
1/25/12,2012-01-25 23:50:00,5.795209444444442,6.668211428571429,163867,1,163867,50.0,8193400.0,47482469.06211109,True
1/26/12,2012-01-26 23:50:00,5.335037058823528,5.89544,164005,1,164005,50.0,8200300.0,43748904.39347058,True
1/27/12,2012-01-27 23:50:00,5.288307142857144,5.526628953770119,164145,1,164145,50.0,8207300.0,43402723.213571444,True
1/28/12,2012-01-28 23:50:00,5.630534444444443,5.726421379310343,164291,1,164291,50.0,8214600.0,46252588.24733332,True
1/29/12,2012-01-29 23:50:00,5.38777,5.8544279999999995,164456,1,164456,50.0,8222850.0,44302824.5445,True
1/30/12,2012-01-30 23:50:00,5.490466666666666,5.58,164629,1,164629,50.0,8231500.0,45194776.36666667,True
1/31/12,2012-01-31 23:50:00,5.495631428571428,5.785887956314068,164779,1,164779,50.0,8239000.0,45278507.33999999,True
2/1/12,2012-02-01 23:50:00,6.07439125,6.121685428571428,164920,1,164920,50.0,8246050.0,50089733.967062496,True
2/2/12,2012-02-02 23:50:00,6.100066666666666,6.135826666666666,165080,1,165080,50.0,8254050.0,50350255.269999996,True
2/3/12,2012-02-03 23:50:00,5.95465,6.196553333333332,165238,1,165238,50.0,8261950.0,49197020.5675,True
2/4/12,2012-02-04 23:50:00,5.872845,6.0856,165394,1,165394,50.0,8269750.0,48566959.93875,True
2/5/12,2012-02-05 23:50:00,5.684396666666667,5.9,165537,1,165537,50.0,8276900.0,47049182.770333335,True
2/6/12,2012-02-06 23:50:00,5.48982,5.7121466666666665,165683,1,165683,50.0,8284200.0,45478766.844,True
2/7/12,2012-02-07 23:50:00,5.633037777777778,5.737884782608697,165819,1,165819,50.0,8291000.0,46703516.215555556,True
2/8/12,2012-02-08 23:50:00,5.59998,5.838168888888888,165965,1,165965,50.0,8298300.0,46470314.034,True
2/9/12,2012-02-09 23:50:00,5.839615431034474,5.883793200000001,166108,1,166108,50.0,8305450.0,48500633.98168527,True
2/10/12,2012-02-10 23:50:00,5.9169264,5.9596662500000015,166247,1,166247,50.0,8312400.0,49183859.007360004,True
2/11/12,2012-02-11 23:50:00,5.6005,5.978546250000001,166397,1,166397,50.0,8319900.0,46595599.95,True
2/12/12,2012-02-12 23:50:00,5.51468,5.7534100000000015,166555,1,166555,50.0,8327800.0,45925152.104,True
2/13/12,2012-02-13 23:50:00,5.2851921875,5.6383351162790705,166693,1,166693,50.0,8334700.0,44050491.32515625,True
2/14/12,2012-02-14 23:50:00,4.433381818181816,5.392643484976132,166828,1,166828,50.0,8341450.0,36980832.76727271,True
2/15/12,2012-02-15 23:50:00,4.271745454545455,5.19975,166965,1,166965,50.0,8348300.0,35661812.57818182,True
2/16/12,2012-02-16 23:50:00,4.26945,4.396948749999999,167103,1,167103,50.0,8355200.0,35672108.64,True
2/17/12,2012-02-17 23:50:00,4.39621,4.681860535714286,167253,1,167253,50.0,8362700.0,36764185.367,True
2/18/12,2012-02-18 23:50:00,4.2372890909090914,4.485530588235294,167426,1,167426,50.0,8371350.0,35471830.03118182,True
2/19/12,2012-02-19 23:50:00,4.3784025,4.49123418604651,167584,1,167584,50.0,8379250.0,36687729.148125,True
2/20/12,2012-02-20 23:50:00,4.372990000000001,4.451405999999999,167723,1,167723,50.0,8386200.0,36672768.738000005,True
2/21/12,2012-02-21 23:50:00,4.30254,4.52,167850,1,167850,50.0,8392550.0,36109282.077,True
2/22/12,2012-02-22 23:50:00,4.446645833333334,4.546690714285715,168010,1,168010,50.0,8400550.0,37354270.65520834,True
2/23/12,2012-02-23 23:50:00,5.019525199999999,5.111530833333333,168177,1,168177,50.0,8408900.0,42208685.45427999,True
2/24/12,2012-02-24 23:50:00,5.02920125,5.087203124999998,168325,1,168325,50.0,8416300.0,42327266.480375,True
2/25/12,2012-02-25 23:50:00,4.7802454545454545,5.0699,168492,1,168492,50.0,8424650.0,40271894.86863636,True
2/26/12,2012-02-26 23:50:00,4.9259825,5.036380454545456,168640,1,168640,50.0,8432050.0,41536130.739125,True
2/27/12,2012-02-27 23:50:00,4.959988,5.030485833333333,168796,1,168796,50.0,8439850.0,41861554.7218,True
2/28/12,2012-02-28 23:50:00,4.862755,5.007471643949079,168955,1,168955,50.0,8447800.0,41079581.689,True
2/29/12,2012-02-29 23:50:00,4.860007083333335,4.9322,169133,1,169133,50.0,8456700.0,41099621.901625015,True
3/1/12,2012-03-01 23:50:00,4.92133,5.04,169285,1,169285,50.0,8464300.0,41655613.519,True
3/2/12,2012-03-02 23:50:00,4.71674142857143,4.9497300000000015,169419,1,169419,50.0,8471000.0,39955516.64142858,True
3/3/12,2012-03-03 23:50:00,4.617961428571427,4.791834,169533,1,169533,50.0,8476700.0,39145073.64157142,True
3/4/12,2012-03-04 23:50:00,4.825593333333333,4.895711818181816,169667,1,169667,50.0,8483400.0,40937438.484,True
3/5/12,2012-03-05 23:50:00,4.978101428571429,4.9977550000000015,169815,1,169815,50.0,8490800.0,42268063.609714285,True
3/6/12,2012-03-06 23:50:00,4.9941958333333325,5.01219,169950,1,169950,50.0,8497550.0,42438428.80354166,True
3/7/12,2012-03-07 23:50:00,4.922407499999999,5.02250125,170105,1,170105,50.0,8505300.0,41866552.50974999,True
3/8/12,2012-03-08 23:50:00,4.93016,5.0,170260,1,170260,50.0,8513050.0,41970698.588,True
3/9/12,2012-03-09 23:50:00,4.862108,4.96475,170426,1,170426,50.0,8521350.0,41431724.0058,True
3/10/12,2012-03-10 23:50:00,4.46,4.906418571428572,170594,1,170594,50.0,8529750.0,38042685.0,True
3/11/12,2012-03-11 23:50:00,4.882311538461538,4.977753870967742,170726,1,170726,50.0,8536350.0,41677120.10134615,True
3/12/12,2012-03-12 23:50:00,4.903366666666667,4.9495000000000005,170895,1,170895,50.0,8544800.0,41898287.49333333,True
3/13/12,2012-03-13 23:50:00,5.274977999999999,5.323739310344829,171049,1,171049,50.0,8552500.0,45114249.34499999,True
3/14/12,2012-03-14 23:50:00,5.386665000000002,5.438031111111113,171191,1,171191,50.0,8559600.0,46107697.73400001,True
3/15/12,2012-03-15 23:50:00,5.197815,5.40482,171312,1,171312,50.0,8565650.0,44522664.05475,True
3/16/12,2012-03-16 23:50:00,5.34374,5.41,171466,1,171466,50.0,8573350.0,45813753.329,True
3/17/12,2012-03-17 23:50:00,5.180602500000001,5.41,171635,1,171635,50.0,8581800.0,44458894.53450001,True
3/18/12,2012-03-18 23:50:00,5.279683333333334,5.387466666666668,171796,1,171796,50.0,8589850.0,45351687.880833335,True
3/19/12,2012-03-19 23:50:00,4.6945440000000005,5.299446666666665,171939,1,171939,50.0,8597000.0,40358994.76800001,True
3/20/12,2012-03-20 23:50:00,4.837455833333331,4.920941999999998,172099,1,172099,50.0,8605000.0,41626307.44583331,True
3/21/12,2012-03-21 23:50:00,4.80403,4.858186666666667,172255,1,172255,50.0,8612800.0,41376149.584,True
3/22/12,2012-03-22 23:50:00,4.7301400000000005,4.90616,172412,1,172412,50.0,8620650.0,40776881.391,True
3/23/12,2012-03-23 23:50:00,4.675243333333333,4.768736666666666,172541,1,172541,50.0,8627100.0,40333791.761,True
3/24/12,2012-03-24 23:50:00,4.666959999999999,4.715815,172724,1,172724,50.0,8636250.0,40305033.29999999,True
3/25/12,2012-03-25 23:50:00,4.550009999999998,4.68151,172880,1,172880,50.0,8644050.0,39330513.94049998,True
3/26/12,2012-03-26 23:50:00,4.621338333333333,4.715831666666666,173033,1,173033,50.0,8651700.0,39982432.8585,True
3/27/12,2012-03-27 23:50:00,4.810291537920626,4.830125384615385,173188,1,173188,50.0,8659450.0,41654479.058046766,True
3/28/12,2012-03-28 23:50:00,4.8102475,4.855769333333334,173335,1,173335,50.0,8666800.0,41689453.033,True
3/29/12,2012-03-29 23:50:00,4.756541363636363,4.80727,173478,1,173478,50.0,8673950.0,41258001.96111363,True
3/30/12,2012-03-30 23:50:00,4.8591425,4.869415,173633,1,173633,50.0,8681700.0,42185617.44225,True
3/31/12,2012-03-31 23:50:00,4.8943925,4.921861428571427,173803,1,173803,50.0,8690200.0,42533249.7035,True
4/1/12,2012-04-01 23:50:00,4.8207049999999985,4.91857,173944,1,173944,50.0,8697250.0,41926876.56124999,True
4/2/12,2012-04-02 23:50:00,4.980836000000001,5.01021417812738,174061,1,174061,50.0,8703100.0,43348713.79160001,True
4/3/12,2012-04-03 23:50:00,4.952,4.96930653846154,174195,1,174195,50.0,8709800.0,43130929.6,True
4/4/12,2012-04-04 23:50:00,4.920066666666667,5.01,174331,1,174331,50.0,8716600.0,42886253.10666667,True
4/5/12,2012-04-05 23:50:00,4.919,4.946553333333334,174449,1,174449,50.0,8722500.0,42905977.5,True
4/6/12,2012-04-06 23:50:00,4.9333922222222215,4.977314666666666,174583,1,174583,50.0,8729200.0,43064567.38622221,True
4/7/12,2012-04-07 23:50:00,4.6816784615384615,4.9499375,174713,1,174713,50.0,8735700.0,40897738.53646154,True
4/8/12,2012-04-08 23:50:00,4.794499999999998,4.794499999999998,174864,1,174864,50.0,8743250.0,41919512.124999985,True
4/9/12,2012-04-09 23:50:00,4.850681428571427,4.850681428571427,175010,1,175010,50.0,8750550.0,42446130.3747857,True
4/10/12,2012-04-10 23:50:00,4.833646666666667,4.872100312499998,175153,1,175153,50.0,8757700.0,42331627.41266666,True
4/11/12,2012-04-11 23:50:00,4.928101666666668,4.965269250000002,175298,1,175298,50.0,8764950.0,43194564.70325001,True
4/12/12,2012-04-12 23:50:00,4.90060875,4.932708333333332,175424,1,175424,50.0,8771250.0,42984464.4984375,True
4/13/12,2012-04-13 23:50:00,4.936494705882354,4.936494705882354,175548,1,175548,50.0,8777450.0,43329835.45614707,True
4/14/12,2012-04-14 23:50:00,4.9638100000000005,5.001943750000001,175687,1,175687,50.0,8784400.0,43604092.564,True
4/15/12,2012-04-15 23:50:00,4.968925833333332,4.968925833333332,175793,1,175793,50.0,8789700.0,43675367.39724999,True
4/16/12,2012-04-16 23:50:00,4.94573,4.971388571428571,175943,1,175943,50.0,8797200.0,43508575.956,True
4/17/12,2012-04-17 23:50:00,4.974027142857142,4.983235,176078,1,176078,50.0,8803950.0,43791086.264357135,True
4/18/12,2012-04-18 23:50:00,5.1133,5.168615,176209,1,176209,50.0,8810500.0,45050729.65,True
4/19/12,2012-04-19 23:50:00,5.105957500000001,5.18731,176365,1,176365,50.0,8818300.0,45025865.022250004,True
4/20/12,2012-04-20 23:50:00,5.367622000000001,5.423318090941448,176519,1,176519,50.0,8826000.0,47374631.77200001,True
4/21/12,2012-04-21 23:50:00,5.2347825,5.418145789473685,176673,1,176673,50.0,8833700.0,46242498.17025,True
4/22/12,2012-04-22 23:50:00,5.203516666666666,5.284502857142857,176813,1,176813,50.0,8840700.0,46002729.794999994,True
4/23/12,2012-04-23 23:50:00,4.9993401395352315,5.2046675,176949,1,176949,50.0,8847500.0,44231661.88453796,True
4/24/12,2012-04-24 23:50:00,5.09822,5.174277142857143,177087,1,177087,50.0,8854400.0,45141679.168000005,True
4/25/12,2012-04-25 23:50:00,5.131819999999998,5.179786666666667,177213,1,177213,50.0,8860700.0,45471517.47399998,True
4/26/12,2012-04-26 23:50:00,5.097655,5.17015,177368,1,177368,50.0,8868450.0,45208298.484749995,True
4/27/12,2012-04-27 23:50:00,5.104490196078428,5.336309090909092,177502,1,177502,50.0,8875150.0,45303116.163725466,True
4/28/12,2012-04-28 23:50:00,4.9793,5.107831428571429,177656,1,177656,50.0,8882850.0,44230375.005,True
4/29/12,2012-04-29 23:50:00,4.88741,4.99581,177834,1,177834,50.0,8891750.0,43457627.8675,True
4/30/12,2012-04-30 23:50:00,4.936656000000001,4.995863333333331,178013,1,178013,50.0,8900700.0,43939694.05920001,True
5/1/12,2012-05-01 23:50:00,4.99750857142857,5.00489,178180,1,178180,50.0,8909050.0,44523053.738285705,True
5/2/12,2012-05-02 23:50:00,5.03139375,5.163539090909091,178333,1,178333,50.0,8916700.0,44863428.650625005,True
5/3/12,2012-05-03 23:50:00,5.100782499999999,5.1515,178491,1,178491,50.0,8924600.0,45522443.49949999,True
5/4/12,2012-05-04 23:50:00,5.067505000000001,5.154388474842769,178652,1,178652,50.0,8932650.0,45266248.53825001,True
5/5/12,2012-05-05 23:50:00,5.0766175,5.10056,178819,1,178819,50.0,8941000.0,45390037.0675,True
5/6/12,2012-05-06 23:50:00,5.04991,5.127999999999999,178982,1,178982,50.0,8949150.0,45192402.0765,True
5/7/12,2012-05-07 23:50:00,5.073795,5.0883559009562,179153,1,179153,50.0,8957700.0,45449533.471499994,True
5/8/12,2012-05-08 23:50:00,5.04494,5.099993333333333,179327,1,179327,50.0,8966400.0,45234950.016,True
5/9/12,2012-05-09 23:50:00,4.98185,5.1345825,179493,1,179493,50.0,8974700.0,44710609.195,True
5/10/12,2012-05-10 23:50:00,4.863997236842108,5.081092,179624,1,179624,50.0,8981250.0,43684775.18338818,True
5/11/12,2012-05-11 23:50:00,4.953752,4.991666666666666,179765,1,179765,50.0,8988300.0,44525809.1016,True
5/12/12,2012-05-12 23:50:00,4.94619,5.029555000000001,179895,1,179895,50.0,8994800.0,44489989.812,True
5/13/12,2012-05-13 23:50:00,4.92996,4.99877,180033,1,180033,50.0,9001700.0,44378020.932000004,True
5/14/12,2012-05-14 23:50:00,5.007936428571427,5.032500000000001,180170,1,180170,50.0,9008550.0,45114245.71360713,True
5/15/12,2012-05-15 23:50:00,5.03501,5.0391,180304,1,180304,50.0,9015250.0,45391873.902499996,True
5/16/12,2012-05-16 23:50:00,5.052466666666667,5.112305,180422,1,180422,50.0,9021150.0,45579059.67,True
5/17/12,2012-05-17 23:50:00,5.088458333333333,5.099926666666667,180539,1,180539,50.0,9027000.0,45933513.37499999,True
5/18/12,2012-05-18 23:50:00,5.11801,5.123836666666667,180685,1,180685,50.0,9034300.0,46237637.743,True
5/19/12,2012-05-19 23:50:00,5.109649999999998,5.1399,180835,1,180835,50.0,9041800.0,46200433.369999975,True
5/20/12,2012-05-20 23:50:00,5.09002,5.146101111111111,180973,1,180973,50.0,9048700.0,46058063.974,True
5/21/12,2012-05-21 23:50:00,5.089795,5.118248333333333,181098,1,181098,50.0,9054950.0,46087839.235249996,True
5/22/12,2012-05-22 23:50:00,5.0830275,5.104488333333331,181214,1,181214,50.0,9060750.0,46056041.420625,True
5/23/12,2012-05-23 23:50:00,5.1323725000000024,5.148928333333333,181343,1,181343,50.0,9067200.0,46536247.93200002,True
5/24/12,2012-05-24 23:50:00,5.11904,5.1476,181468,1,181468,50.0,9073450.0,46447353.488,True
5/25/12,2012-05-25 23:50:00,5.135513333333333,5.148650000000001,181590,1,181590,50.0,9079550.0,46628150.085666664,True
5/26/12,2012-05-26 23:50:00,5.103236666666667,5.142494999999999,181731,1,181731,50.0,9086600.0,46371070.29533333,True
5/27/12,2012-05-27 23:50:00,5.104480000000001,5.174308000000001,181890,1,181890,50.0,9094550.0,46422948.58400001,True
5/28/12,2012-05-28 23:50:00,5.1358,5.149608571428573,182033,1,182033,50.0,9101700.0,46744510.86,True
5/29/12,2012-05-29 23:50:00,5.14997,5.149981428571428,182159,1,182159,50.0,9108000.0,46905926.76,True
5/30/12,2012-05-30 23:50:00,5.134995,5.16162,182289,1,182289,50.0,9114500.0,46802911.9275,True
5/31/12,2012-05-31 23:50:00,5.191893846153846,5.191893846153846,182428,1,182428,50.0,9121450.0,47357600.122999996,True
6/1/12,2012-06-01 23:50:00,5.257021428571427,5.279926666666666,182577,1,182577,50.0,9128900.0,47990822.9192857,True
6/2/12,2012-06-02 23:50:00,5.24898,5.2633,182738,1,182738,50.0,9136950.0,47959667.811000004,True
6/3/12,2012-06-03 23:50:00,5.207307777777777,5.25,182892,1,182892,50.0,9144650.0,47619007.07005555,True
6/4/12,2012-06-04 23:50:00,5.259519999999999,5.273585,183048,1,183048,50.0,9152450.0,48137493.82399999,True
6/5/12,2012-06-05 23:50:00,5.405879049485343,5.475262857142856,183193,1,183193,50.0,9159700.0,49516230.32957089,True
6/6/12,2012-06-06 23:50:00,5.461776666666666,5.484933333333332,183347,1,183347,50.0,9167400.0,50070291.414,True
6/7/12,2012-06-07 23:50:00,5.591628,5.591628,183486,1,183486,50.0,9174350.0,51299552.3418,True
6/8/12,2012-06-08 23:50:00,5.631736666666666,5.64969,183626,1,183626,50.0,9181350.0,51706945.44449999,True
6/9/12,2012-06-09 23:50:00,5.55997,5.641673333333332,183797,1,183797,50.0,9189900.0,51095568.302999996,True
6/10/12,2012-06-10 23:50:00,5.46525,5.577000000000001,183963,1,183963,50.0,9198200.0,50270462.550000004,True
6/11/12,2012-06-11 23:50:00,5.5815833333333345,5.632426052095775,184104,1,184104,50.0,9205250.0,51379869.97916668,True
6/12/12,2012-06-12 23:50:00,5.7100133333333325,5.822814285714286,184261,1,184261,50.0,9213100.0,52606923.84133332,True
6/13/12,2012-06-13 23:50:00,5.920347499999999,5.944306666666668,184411,1,184411,50.0,9220600.0,54589156.15849999,True
6/14/12,2012-06-14 23:50:00,5.964776315789472,5.9660800000000025,184567,1,184567,50.0,9228400.0,55045341.75263157,True
6/15/12,2012-06-15 23:50:00,6.532364516129032,6.532364516129032,184725,1,184725,50.0,9236300.0,60334878.38032258,True
6/16/12,2012-06-16 23:50:00,6.43582,6.576453333333332,184881,1,184881,50.0,9244100.0,59493363.662,True
6/17/12,2012-06-17 23:50:00,6.17805125,6.486298461538462,185046,1,185046,50.0,9252350.0,57161492.4829375,True
6/18/12,2012-06-18 23:50:00,6.294876808510639,6.355772692307693,185220,1,185220,50.0,9261050.0,58297168.86745746,True
6/19/12,2012-06-19 23:50:00,6.498756666666666,6.505498888888888,185368,1,185368,50.0,9268450.0,60233401.22716666,True
6/20/12,2012-06-20 23:50:00,6.671715000000002,6.698520833333332,185513,1,185513,50.0,9275700.0,61884826.82550001,True
6/21/12,2012-06-21 23:50:00,6.661514285714285,6.784437222222223,185647,1,185647,50.0,9282400.0,61834840.20571428,True
6/22/12,2012-06-22 23:50:00,6.5253525,6.699991428571429,185786,1,185786,50.0,9289350.0,60616283.245875,True
6/23/12,2012-06-23 23:50:00,6.439432000000003,6.598188888888887,185949,1,185949,50.0,9297500.0,59870619.020000026,True
6/24/12,2012-06-24 23:50:00,6.3500216666666685,6.462011875,186080,1,186080,50.0,9304050.0,59080919.08775002,True
6/25/12,2012-06-25 23:50:00,6.308441428571429,6.389850666666666,186236,1,186236,50.0,9311850.0,58743260.316642866,True
6/26/12,2012-06-26 23:50:00,6.4195,6.44578714285714,186385,1,186385,50.0,9319300.0,59825246.35,True
6/27/12,2012-06-27 23:50:00,6.622337272727273,6.645940999999999,186547,1,186547,50.0,9327400.0,61769188.67763636,True
6/28/12,2012-06-28 23:50:00,6.605946666666667,6.6665077777777775,186685,1,186685,50.0,9334300.0,61661887.97066667,True
6/29/12,2012-06-29 23:50:00,6.6512055555555545,6.6699,186831,1,186831,50.0,9341600.0,62132901.81777777,True
6/30/12,2012-06-30 23:50:00,6.689967499999999,6.693641666666667,186962,1,186962,50.0,9348150.0,62538819.68512499,True
7/1/12,2012-07-01 23:50:00,6.628989999999999,6.6937375,187105,1,187105,50.0,9355300.0,62016190.14699999,True
7/2/12,2012-07-02 23:50:00,6.760060909090908,6.990333333333332,187256,1,187256,50.0,9362850.0,63293436.28268181,True
7/3/12,2012-07-03 23:50:00,6.449972,6.7470758965607445,187415,1,187415,50.0,9370800.0,60441397.6176,True
7/4/12,2012-07-04 23:50:00,6.5101,6.55,187565,1,187565,50.0,9378300.0,61053670.830000006,True
7/5/12,2012-07-05 23:50:00,6.658883333333333,6.714,187710,1,187710,50.0,9385550.0,62497282.46916666,True
7/6/12,2012-07-06 23:50:00,6.62874,6.7079475,187866,1,187866,50.0,9393350.0,62266074.87899999,True
7/7/12,2012-07-07 23:50:00,6.7784274999999985,6.854674705882353,188032,1,188032,50.0,9401650.0,63728402.90537499,True
7/8/12,2012-07-08 23:50:00,6.79898,6.844461,188183,1,188183,50.0,9409200.0,63972962.616000004,True
7/9/12,2012-07-09 23:50:00,6.9465625,7.065164285714286,188346,1,188346,50.0,9417350.0,65418210.359375,True
7/10/12,2012-07-10 23:50:00,7.199859999999998,7.245505,188497,1,188497,50.0,9424900.0,67857960.51399998,True
7/11/12,2012-07-11 23:50:00,7.167266666666667,7.254666666666667,188631,1,188631,50.0,9431600.0,67598792.29333334,True
7/12/12,2012-07-12 23:50:00,7.6887392307692295,7.6887392307692295,188778,1,188778,50.0,9438950.0,72573625.16226922,True
7/13/12,2012-07-13 23:50:00,7.646275,7.7843981251094885,188944,1,188944,50.0,9447250.0,72236271.49375,True
7/14/12,2012-07-14 23:50:00,7.5446979999999995,7.66487,189106,1,189106,50.0,9455350.0,71337760.23429999,True
7/15/12,2012-07-15 23:50:00,7.621010000000001,7.635456666666667,189246,1,189246,50.0,9462350.0,72112663.97350001,True
7/16/12,2012-07-16 23:50:00,8.478222222222222,8.496281935483871,189396,1,189396,50.0,9469850.0,80287492.7111111,True
7/17/12,2012-07-17 23:50:00,8.747044166666667,9.195187060755336,189566,1,189566,50.0,9478350.0,82907546.077125,True
7/18/12,2012-07-18 23:50:00,9.087988571428571,9.301751000000003,189722,1,189722,50.0,9486150.0,86210022.78685714,True
7/19/12,2012-07-19 23:50:00,8.858418333333333,9.197614444444444,189858,1,189858,50.0,9492950.0,84092522.31741667,True
7/20/12,2012-07-20 23:50:00,8.538545,8.856525384615383,190005,1,190005,50.0,9500300.0,81118739.06349999,True
7/21/12,2012-07-21 23:50:00,8.84553,9.132467361027254,190146,1,190146,50.0,9507350.0,84097549.6455,True
7/22/12,2012-07-22 23:50:00,8.433048,8.92014,190302,1,190302,50.0,9515150.0,80241716.67719999,True
7/23/12,2012-07-23 23:50:00,8.444405714285713,8.907377142857143,190443,1,190443,50.0,9522200.0,80409320.09257142,True
7/24/12,2012-07-24 23:50:00,8.562244999999999,8.774859999999999,190603,1,190603,50.0,9530200.0,81599907.299,True
7/25/12,2012-07-25 23:50:00,8.801195,8.801195,190763,1,190763,50.0,9538200.0,83947558.149,True
7/26/12,2012-07-26 23:50:00,8.890338181818182,8.890338181818182,190933,1,190933,50.0,9546700.0,84873391.52036363,True
7/27/12,2012-07-27 23:50:00,8.9,8.938709999999997,191111,1,191111,50.0,9555600.0,85044840.0,True
7/28/12,2012-07-28 23:50:00,8.853267500000001,8.954285714285717,191263,1,191263,50.0,9563200.0,84665567.75600001,True
7/29/12,2012-07-29 23:50:00,8.709648888888887,8.88793,191428,1,191428,50.0,9571450.0,83363968.85755554,True
7/30/12,2012-07-30 23:50:00,9.085184444444444,9.097324444444443,191604,1,191604,50.0,9580250.0,87038338.27388889,True
7/31/12,2012-07-31 23:50:00,9.321236874999997,9.3750275,191734,1,191734,50.0,9586750.0,89360367.61140622,True
8/1/12,2012-08-01 23:50:00,9.504267500000001,9.618174,191869,1,191869,50.0,9593500.0,91179190.26125,True
8/2/12,2012-08-02 23:50:00,10.573568846153846,10.717011707317072,192035,1,192035,50.0,9601800.0,101525293.34699999,True
8/3/12,2012-08-03 23:50:00,10.8454475,11.091279999999998,192196,1,192196,50.0,9609850.0,104223123.657875,True
8/4/12,2012-08-04 23:50:00,10.904964000000005,11.1894875,192353,1,192353,50.0,9617700.0,104880672.26280005,True
8/5/12,2012-08-05 23:50:00,10.844743333333335,10.962739,192491,1,192491,50.0,9624600.0,104376316.68600002,True
8/6/12,2012-08-06 23:50:00,10.841448,11.033135714285716,192632,1,192632,50.0,9631650.0,104421032.6292,True
8/7/12,2012-08-07 23:50:00,10.951328521408579,10.951328521408579,192796,1,192796,50.0,9639850.0,105569164.24710049,True
8/8/12,2012-08-08 23:50:00,11.06151,11.101674615384615,192961,1,192961,50.0,9648100.0,106722554.631,True
8/9/12,2012-08-09 23:50:00,11.127167857142858,11.865714736842106,193132,1,193132,50.0,9656650.0,107451165.48767859,True
8/10/12,2012-08-10 23:50:00,11.362767142857145,11.538630740740745,193288,1,193288,50.0,9664450.0,109814894.91378573,True
8/11/12,2012-08-11 23:50:00,11.51378333333333,11.569883333333333,193454,1,193454,50.0,9672750.0,111369947.73749998,True
8/12/12,2012-08-12 23:50:00,11.62340818181818,11.757375,193614,1,193614,50.0,9680750.0,112523308.75613634,True
8/13/12,2012-08-13 23:50:00,12.02189375,12.031147857142859,193775,1,193775,50.0,9688800.0,116477724.165,True
8/14/12,2012-08-14 23:50:00,12.185993999999999,12.294592307692305,193932,1,193932,50.0,9696650.0,118163318.72009999,True
8/15/12,2012-08-15 23:50:00,13.24609681818182,13.24609681818182,194098,1,194098,50.0,9704950.0,128552707.31561366,True
8/16/12,2012-08-16 23:50:00,13.476283333333335,13.476283333333335,194253,1,194253,50.0,9712700.0,130891097.13166668,True
8/17/12,2012-08-17 23:50:00,11.679850689655176,15.254353311008384,194390,1,194390,50.0,9719550.0,113522892.77063796,True
8/18/12,2012-08-18 23:50:00,11.40391125,12.763878235294118,194541,1,194541,50.0,9727100.0,110926985.119875,True
8/19/12,2012-08-19 23:50:00,7.920336249999999,11.676446666666667,194722,1,194722,50.0,9736150.0,77113581.7804375,True
8/20/12,2012-08-20 23:50:00,10.073154202864243,10.304557083333334,194897,1,194897,50.0,9744900.0,98161880.39149177,True
8/21/12,2012-08-21 23:50:00,9.906821111111112,10.2358375,195070,1,195070,50.0,9753550.0,96626675.0482778,True
8/22/12,2012-08-22 23:50:00,9.763395,10.339937066977203,195225,1,195225,50.0,9761300.0,95303427.6135,True
8/23/12,2012-08-23 23:50:00,10.0999925,10.178237500000002,195391,1,195391,50.0,9769600.0,98672886.72800002,True
8/24/12,2012-08-24 23:50:00,10.613777777777775,10.613777777777775,195539,1,195539,50.0,9777000.0,103770905.33333331,True
8/25/12,2012-08-25 23:50:00,10.555836666666666,10.609798,195677,1,195677,50.0,9783900.0,103277250.36299999,True
8/26/12,2012-08-26 23:50:00,10.556,10.618708,195857,1,195857,50.0,9792900.0,103373852.39999999,True
8/27/12,2012-08-27 23:50:00,10.928728333333332,12.030413018869867,196002,1,196002,50.0,9800150.0,107103176.97591665,True
8/28/12,2012-08-28 23:50:00,10.868043333333333,11.155392142857142,196153,1,196153,50.0,9807700.0,106590508.60033333,True
8/29/12,2012-08-29 23:50:00,10.866303333333335,11.083404285714288,196320,1,196320,50.0,9816050.0,106664176.83516668,True
8/30/12,2012-08-30 23:50:00,10.772274000000001,10.921972857142858,196475,1,196475,50.0,9823800.0,105824665.32120001,True
8/31/12,2012-08-31 23:50:00,10.12176,10.803238000000002,196614,1,196614,50.0,9830750.0,99504492.12,True
9/1/12,2012-09-01 23:50:00,9.97696,10.22942857142857,196776,1,196776,50.0,9838850.0,98161812.896,True
9/2/12,2012-09-02 23:50:00,10.206460000000002,10.344983333333333,196939,1,196939,50.0,9847000.0,100503011.62000002,True
9/3/12,2012-09-03 23:50:00,10.528666666666666,10.535996,197097,1,197097,50.0,9854900.0,103758957.13333333,True
9/4/12,2012-09-04 23:50:00,10.36613,10.522305384615382,197249,1,197249,50.0,9862500.0,102235957.125,True
9/5/12,2012-09-05 23:50:00,10.976521111111113,11.086687255670311,197430,1,197430,50.0,9871550.0,108355276.97438891,True
9/6/12,2012-09-06 23:50:00,11.18497,11.262614999999998,197600,1,197600,50.0,9880050.0,110508062.8485,True
9/7/12,2012-09-07 23:50:00,11.003323333333334,11.194634285714288,197768,1,197768,50.0,9888450.0,108805812.6155,True
9/8/12,2012-09-08 23:50:00,11.038995,11.1299,197914,1,197914,50.0,9895750.0,109239134.77125,True
9/9/12,2012-09-09 23:50:00,11.073326666666668,11.13986,198072,1,198072,50.0,9903650.0,109666351.64233334,True
9/10/12,2012-09-10 23:50:00,11.127033333333333,11.1779525,198221,1,198221,50.0,9911100.0,110281140.07,True
9/11/12,2012-09-11 23:50:00,11.2258135,11.319991428571427,198367,1,198367,50.0,9918400.0,111342108.6184,True
9/12/12,2012-09-12 23:50:00,11.3389225,11.376,198521,1,198521,50.0,9926100.0,112551278.62725,True
9/13/12,2012-09-13 23:50:00,11.373003333333335,11.398952500000002,198653,1,198653,50.0,9932700.0,112964630.20900002,True
9/14/12,2012-09-14 23:50:00,11.7316,11.761,198814,1,198814,50.0,9940750.0,116620902.7,True
9/15/12,2012-09-15 23:50:00,11.682625,11.788495,198958,1,198958,50.0,9947950.0,116218169.36874999,True
9/16/12,2012-09-16 23:50:00,11.863090555555553,11.970664999999999,199120,1,199120,50.0,9956050.0,118109522.72563887,True
9/17/12,2012-09-17 23:50:00,11.897081666666665,11.945543636363634,199288,1,199288,50.0,9964450.0,118547875.41341665,True
9/18/12,2012-09-18 23:50:00,12.294733333333333,12.30069403846154,199454,1,199454,50.0,9972750.0,122612301.85,True
9/19/12,2012-09-19 23:50:00,12.521989999999999,12.606245,199594,1,199594,50.0,9979750.0,124966329.70249999,True
9/20/12,2012-09-20 23:50:00,12.337124285714285,12.658589999999998,199746,1,199746,50.0,9987350.0,123215178.23492856,True
9/21/12,2012-09-21 23:50:00,12.344472857142858,12.499953333333332,199916,1,199916,50.0,9995850.0,123393499.00907144,True
9/22/12,2012-09-22 23:50:00,12.2159,12.360100769230769,200074,1,200074,50.0,10003750.0,122204809.625,True
9/23/12,2012-09-23 23:50:00,12.0983275,12.233967857142858,200232,1,200232,50.0,10011650.0,121124220.515375,True
9/24/12,2012-09-24 23:50:00,12.09198,12.265926666666667,200384,1,200384,50.0,10019250.0,121152570.615,True
9/25/12,2012-09-25 23:50:00,12.134418,12.1964,200524,1,200524,50.0,10026250.0,121662708.4725,True
9/26/12,2012-09-26 23:50:00,12.33285857142857,12.39955421052632,200662,1,200662,50.0,10033150.0,123737419.97592856,True
9/27/12,2012-09-27 23:50:00,12.317598333333335,12.37999,200824,1,200824,50.0,10041250.0,123684084.26458335,True
9/28/12,2012-09-28 23:50:00,12.28,12.429,200983,1,200983,50.0,10049200.0,123404176.0,True
9/29/12,2012-09-29 23:50:00,12.363095,12.47398,201149,1,201149,50.0,10057500.0,124341827.96249999,True
9/30/12,2012-09-30 23:50:00,12.37475,12.44,201310,1,201310,50.0,10065550.0,124558664.86250001,True
10/1/12,2012-10-01 23:50:00,12.047820654016881,12.4351,201441,1,201441,50.0,10072100.0,121346854.40932342,True
10/2/12,2012-10-02 23:50:00,12.693781666666665,12.818909090909093,201587,1,201587,50.0,10079400.0,127945702.93099998,True
10/3/12,2012-10-03 23:50:00,12.9395,12.979356,201720,1,201720,50.0,10086050.0,130508443.97500001,True
10/4/12,2012-10-04 23:50:00,12.766666666666666,13.061453333333334,201849,1,201849,50.0,10092500.0,128847583.33333333,True
10/5/12,2012-10-05 23:50:00,12.7,12.912333333333335,201986,1,201986,50.0,10099350.0,128261745.0,True
10/6/12,2012-10-06 23:50:00,12.505,12.81491,202140,1,202140,50.0,10107050.0,126388660.25000001,True
10/7/12,2012-10-07 23:50:00,11.815475,12.6,202265,1,202265,50.0,10113300.0,119493443.3175,True
10/8/12,2012-10-08 23:50:00,11.754278333333332,11.960002500000002,202445,1,202445,50.0,10122300.0,118980331.57349998,True
10/9/12,2012-10-09 23:50:00,11.883887142857144,12.253304210526315,202583,1,202583,50.0,10129200.0,120374269.64742859,True
10/10/12,2012-10-10 23:50:00,12.094166666666665,12.189,202736,1,202736,50.0,10136850.0,122596753.37499999,True
10/11/12,2012-10-11 23:50:00,12.03,12.151000000000002,202874,1,202874,50.0,10143750.0,122029312.5,True
10/12/12,2012-10-12 23:50:00,11.923916666666674,12.140785714285714,203020,1,203020,50.0,10151050.0,121040274.27916674,True
10/13/12,2012-10-13 23:50:00,11.865472857142858,12.0995,203169,1,203169,50.0,10158500.0,120535406.01928572,True
10/14/12,2012-10-14 23:50:00,11.728699230769232,12.023578,203298,1,203298,50.0,10164950.0,119221641.2458077,True
10/15/12,2012-10-15 23:50:00,11.801467777777773,11.8853825,203465,1,203465,50.0,10173300.0,120059872.14366663,True
10/16/12,2012-10-16 23:50:00,11.81490142857143,11.988184444444444,203622,1,203622,50.0,10181150.0,120289283.67950001,True
10/17/12,2012-10-17 23:50:00,11.923778333333333,11.94404857142857,203763,1,203763,50.0,10188200.0,121481838.41566667,True
10/18/12,2012-10-18 23:50:00,11.916797777777774,11.95985,203920,1,203920,50.0,10196050.0,121504265.98211107,True
10/19/12,2012-10-19 23:50:00,11.765486629213502,11.93975,204057,1,204057,50.0,10202900.0,120042083.52920243,True
10/20/12,2012-10-20 23:50:00,11.70436789473684,11.795042631578946,204214,1,204214,50.0,10210750.0,119510374.4811842,True
10/21/12,2012-10-21 23:50:00,11.660545,11.745549090909094,204372,1,204372,50.0,10218650.0,119155028.16425,True
10/22/12,2012-10-22 23:50:00,11.732331666666667,11.74425,204530,1,204530,50.0,10226550.0,119981276.40575,True
10/23/12,2012-10-23 23:50:00,11.7110025,11.821688533019099,204660,1,204660,50.0,10233050.0,119839274.132625,True
10/24/12,2012-10-24 23:50:00,11.64999,11.765996666666664,204824,1,204824,50.0,10241250.0,119310460.0875,True
10/25/12,2012-10-25 23:50:00,10.754429,11.67737,204966,1,204966,50.0,10248350.0,110215152.44215,True
10/26/12,2012-10-26 23:50:00,10.17753181818182,10.948888,205132,1,205132,50.0,10256650.0,104387381.72295456,True
10/27/12,2012-10-27 23:50:00,10.321827857142855,10.730780175438596,205306,1,205306,50.0,10265350.0,105957175.59332141,True
10/28/12,2012-10-28 23:50:00,10.68099,10.750997142857145,205473,1,205473,50.0,10273700.0,109733286.963,True
10/29/12,2012-10-29 23:50:00,10.59333,10.8650125,205631,1,205631,50.0,10281600.0,108916381.728,True
10/30/12,2012-10-30 23:50:00,10.846225,10.872336521739127,205775,1,205775,50.0,10288800.0,111594639.78,True
10/31/12,2012-10-31 23:50:00,11.038845714285717,11.180571666666667,205917,1,205917,50.0,10295900.0,113654851.58971432,True
11/1/12,2012-11-01 23:50:00,10.588944699114066,11.219762142857144,206054,1,206054,50.0,10302750.0,109095249.99879745,True
11/2/12,2012-11-02 23:50:00,10.415661304347829,10.804993333333336,206198,1,206198,50.0,10309950.0,107384947.2647609,True
11/3/12,2012-11-03 23:50:00,10.6425,10.955085999999998,206343,1,206343,50.0,10317200.0,109800801.0,True
11/4/12,2012-11-04 23:50:00,10.823336666666668,10.825,206501,1,206501,50.0,10325100.0,111752033.41700001,True
11/5/12,2012-11-05 23:50:00,10.705152857142858,10.846533333333335,206659,1,206659,50.0,10333000.0,110616344.47285715,True
11/6/12,2012-11-06 23:50:00,10.831798999999998,10.885232499999999,206795,1,206795,50.0,10339800.0,111998635.30019999,True
11/7/12,2012-11-07 23:50:00,10.875523333333335,11.058453287671236,206949,1,206949,50.0,10347500.0,112534477.69166669,True
11/8/12,2012-11-08 23:50:00,10.855767777777777,11.06708,207106,1,207106,50.0,10355350.0,112415274.8576111,True
11/9/12,2012-11-09 23:50:00,10.815263157894735,10.983995,207258,1,207258,50.0,10362950.0,112078031.34210525,True
11/10/12,2012-11-10 23:50:00,10.875083999999998,10.95237,207402,1,207402,50.0,10370150.0,112776252.34259997,True
11/11/12,2012-11-11 23:50:00,10.53394,10.939,207549,1,207549,50.0,10377500.0,109315962.35,True
11/12/12,2012-11-12 23:50:00,10.9172,11.09573,207681,1,207681,50.0,10384100.0,113365296.52,True
11/13/12,2012-11-13 23:50:00,10.881670588235293,11.113966666666665,207820,1,207820,50.0,10391050.0,113071983.16588235,True
11/14/12,2012-11-14 23:50:00,10.94934,11.018891666666667,207964,1,207964,50.0,10398250.0,113853974.655,True
11/15/12,2012-11-15 23:50:00,11.120750384615386,11.157579314548896,208098,1,208098,50.0,10404950.0,115710851.71440385,True
11/16/12,2012-11-16 23:50:00,11.744632,11.744632,208243,1,208243,50.0,10412200.0,122287457.3104,True
11/17/12,2012-11-17 23:50:00,11.788836999999996,11.788836999999996,208386,1,208386,50.0,10419350.0,122832018.79594995,True
11/18/12,2012-11-18 23:50:00,11.606691818181815,11.816098461538465,208531,1,208531,50.0,10426600.0,121018332.91145451,True
11/19/12,2012-11-19 23:50:00,11.76062,11.79668,208679,1,208679,50.0,10434000.0,122710309.08,True
11/20/12,2012-11-20 23:50:00,11.66508,11.77018875,208824,1,208824,50.0,10441250.0,121798016.55,True
11/21/12,2012-11-21 23:50:00,11.697982666666665,11.76985,208977,1,208977,50.0,10448900.0,122231051.08573331,True
11/22/12,2012-11-22 23:50:00,12.32543923076923,12.361770800000002,209120,1,209120,50.0,10456050.0,128875408.86888461,True
11/23/12,2012-11-23 23:50:00,12.33623153846154,12.36925181818182,209284,1,209284,50.0,10464250.0,129089410.87634617,True
11/24/12,2012-11-24 23:50:00,12.370765,12.902763333333333,209432,1,209432,50.0,10471650.0,129542321.31225,True
11/25/12,2012-11-25 23:50:00,12.50539,12.566404,209581,1,209581,50.0,10479100.0,131045232.349,True
11/26/12,2012-11-26 23:50:00,12.221585,12.604301428571429,209738,1,209738,50.0,10486950.0,128167150.81574999,True
11/27/12,2012-11-27 23:50:00,12.187300000000002,12.29943222222222,209886,1,209886,50.0,10494350.0,127897791.75500003,True
11/28/12,2012-11-28 23:50:00,12.296015833333335,12.34897,210058,2,58,25.0,10501475.0,129126302.87335418,True
11/29/12,2012-11-29 23:50:00,12.45,12.561313333333333,210222,2,222,25.0,10505575.0,130794408.74999999,True
11/30/12,2012-11-30 23:50:00,12.55498,12.606593,210349,2,349,25.0,10508750.0,131937146.075,True
12/1/12,2012-12-01 23:50:00,12.578930297707243,12.653336666666668,210516,2,516,25.0,10512925.0,132241350.80002393,True
12/2/12,2012-12-02 23:50:00,12.4360175,12.669631111111109,210658,2,658,25.0,10516475.0,130783067.1383125,True
12/3/12,2012-12-03 23:50:00,12.654310844398156,12.661876170212764,210805,2,805,25.0,10520150.0,133125248.22969526,True
12/4/12,2012-12-04 23:50:00,13.41,13.41,210916,2,916,25.0,10522925.0,141112424.25,True
12/5/12,2012-12-05 23:50:00,13.201336666666664,13.401557999999998,211038,2,1038,25.0,10525975.0,138956939.71991664,True
12/6/12,2012-12-06 23:50:00,13.357560006819973,13.66739181818182,211174,2,1174,25.0,10529375.0,140646758.39681005,True
12/7/12,2012-12-07 23:50:00,13.455864444444439,13.514153333333333,211305,2,1305,25.0,10532650.0,141725910.6407777,True
12/8/12,2012-12-08 23:50:00,13.5414715,13.5414715,211442,2,1442,25.0,10536075.0,142673959.3343625,True
12/9/12,2012-12-09 23:50:00,13.348245714285715,13.525,211570,2,1570,25.0,10539275.0,140680832.35042858,True
12/10/12,2012-12-10 23:50:00,13.461103846153845,13.49081,211712,2,1712,25.0,10542825.0,141918062.1568269,True
12/11/12,2012-12-11 23:50:00,13.605317586206901,13.605317586206901,211857,2,1857,25.0,10546450.0,143487801.65705177,True
12/12/12,2012-12-12 23:50:00,13.646908214285714,13.72919923076923,211987,2,1987,25.0,10549700.0,143970787.58825,True
12/13/12,2012-12-13 23:50:00,13.728511052631578,13.754838333333332,212115,2,2115,25.0,10552900.0,144875604.2873158,True
12/14/12,2012-12-14 23:50:00,13.604542499999999,13.883071906907544,212223,2,2223,25.0,10555600.0,143604108.813,True
12/15/12,2012-12-15 23:50:00,13.510539047619051,13.616864,212339,2,2339,25.0,10558500.0,142651026.53428575,True
12/16/12,2012-12-16 23:50:00,13.395528571428573,13.598119999999998,212451,2,2451,25.0,10561300.0,141474195.90142858,True
12/17/12,2012-12-17 23:50:00,13.23335,13.474522000000002,212583,2,2583,25.0,10564600.0,139805049.41,True
12/18/12,2012-12-18 23:50:00,13.25036589147287,13.361566875,212709,2,2709,25.0,10567750.0,140026554.14961243,True
12/19/12,2012-12-19 23:50:00,13.530313333333332,13.545486190476188,212850,2,2850,25.0,10571275.0,143032663.08283332,True
12/20/12,2012-12-20 23:50:00,13.555235,13.637457999999999,212958,2,2958,25.0,10573975.0,143332716.009125,True
12/21/12,2012-12-21 23:50:00,13.323996,13.584979,213084,2,3084,25.0,10577125.0,140929571.19149998,True
12/22/12,2012-12-22 23:50:00,13.402473333333335,13.54981,213236,2,3236,25.0,10580925.0,141810565.1545,True
12/23/12,2012-12-23 23:50:00,13.335932000000001,13.406094285714286,213358,2,3358,25.0,10583975.0,141147170.88970003,True
12/24/12,2012-12-24 23:50:00,13.1285,13.429524545454544,213491,2,3491,25.0,10587300.0,138995368.05,True
12/25/12,2012-12-25 23:50:00,13.37277,13.42997,213615,2,3615,25.0,10590400.0,141622983.408,True
12/26/12,2012-12-26 23:50:00,13.456875000000002,13.456875000000002,213769,2,3769,25.0,10594250.0,142565497.96875003,True
12/27/12,2012-12-27 23:50:00,13.342924545454547,13.466543333333332,213925,2,3925,25.0,10598150.0,141410315.77140912,True
12/28/12,2012-12-28 23:50:00,13.420328571428572,13.494719259259266,214091,2,4091,25.0,10602300.0,142286349.61285713,True
12/29/12,2012-12-29 23:50:00,13.34399,13.57325076923077,214235,2,4235,25.0,10605900.0,141525023.541,True
12/30/12,2012-12-30 23:50:00,13.45713,13.544048333333334,214403,2,4403,25.0,10610100.0,142781495.01299998,True
12/31/12,2012-12-31 23:50:00,13.512004999999998,13.559995,214561,2,4561,25.0,10614050.0,143417096.67025,True
1/1/13,2013-01-01 23:50:00,13.220000000000002,13.24,214723,2,4723,25.0,10618100.0,140371282.00000003,True
1/2/13,2013-01-02 23:50:00,13.034,13.220000000000002,214875,2,4875,25.0,10621900.0,138445844.6,True
1/3/13,2013-01-03 23:50:00,13.190000000000001,13.26,215039,2,5039,25.0,10626000.0,140156940.0,True
1/4/13,2013-01-04 23:50:00,13.174000000000001,13.24,215192,2,5192,25.0,10629825.0,140037314.55,True
1/5/13,2013-01-05 23:50:00,13.15,13.190000000000001,215331,2,5331,25.0,10633300.0,139827895.0,True
1/6/13,2013-01-06 23:50:00,13.15,13.15,215478,2,5478,25.0,10636975.0,139876221.25,True
1/7/13,2013-01-07 23:50:00,13.2,13.2,215644,2,5644,25.0,10641125.0,140462850.0,True
1/8/13,2013-01-08 23:50:00,13.5,13.5,215778,2,5778,25.0,10644475.0,143700412.5,True
1/9/13,2013-01-09 23:50:00,13.580000000000002,13.650000000000002,215906,2,5906,25.0,10647675.0,144595426.50000003,True
1/10/13,2013-01-10 23:50:00,14.000000000000004,14.190000000000001,216055,2,6055,25.0,10651400.0,149119600.00000003,True
1/11/13,2013-01-11 23:50:00,14.0,14.09,216171,2,6171,25.0,10654300.0,149160200.0,True
1/12/13,2013-01-12 23:50:00,13.89,14.070000000000002,216295,2,6295,25.0,10657400.0,148031286.0,True
1/13/13,2013-01-13 23:50:00,13.64,14.029999999999998,216428,2,6428,25.0,10660725.0,145412289.0,True
1/14/13,2013-01-14 23:50:00,14.046000000000001,14.099999999999998,216584,2,6584,25.0,10664625.0,149795322.75,True
1/15/13,2013-01-15 23:50:00,14.214000000000002,14.320000000000002,216704,2,6704,25.0,10667625.0,151629621.75000003,True
1/16/13,2013-01-16 23:50:00,14.530000000000001,14.64,216837,2,6837,25.0,10670950.0,155048903.5,True
1/17/13,2013-01-17 23:50:00,15.34,15.462,216948,2,6948,25.0,10673725.0,163734941.5,True
1/18/13,2013-01-18 23:50:00,15.566000000000003,15.7,217069,2,7069,25.0,10676750.0,166194290.50000003,True
1/19/13,2013-01-19 23:50:00,15.38,15.65,217223,2,7223,25.0,10680600.0,164267628.0,True
1/20/13,2013-01-20 23:50:00,15.5,15.690000000000001,217352,2,7352,25.0,10683825.0,165599287.5,True
1/21/13,2013-01-21 23:50:00,16.588,16.971197131000004,217482,2,7482,25.0,10687075.0,177277200.10000002,True
1/22/13,2013-01-22 23:50:00,17.35,17.5583620424,217627,2,7627,25.0,10690700.0,185483645.00000003,True
1/23/13,2013-01-23 23:50:00,17.5,17.586,217755,2,7755,25.0,10693900.0,187143250.0,True
1/24/13,2013-01-24 23:50:00,17.29,19.192,217910,2,7910,25.0,10697775.0,184964529.75,True
1/25/13,2013-01-25 23:50:00,17.49,17.6676861974,218046,2,8046,25.0,10701175.0,187163550.74999997,True
1/26/13,2013-01-26 23:50:00,17.411405772,17.411405772,218204,2,8204,25.0,10705125.0,186391275.2149815,True
1/27/13,2013-01-27 23:50:00,17.6,17.6,218355,2,8355,25.0,10708900.0,188476640.00000003,True
1/28/13,2013-01-28 23:50:00,18.67,18.74,218499,2,8499,25.0,10712500.0,200002375.00000003,True
1/29/13,2013-01-29 23:50:00,19.35,19.7,218658,2,8658,25.0,10716475.0,207363791.25000003,True
1/30/13,2013-01-30 23:50:00,19.45,19.47,218812,2,8812,25.0,10720325.0,208510321.25,True
1/31/13,2013-01-31 23:50:00,20.46,21.0,219004,2,9004,25.0,10725125.0,219436057.5,True
2/1/13,2013-02-01 23:50:00,20.363142521,20.88,219150,2,9150,25.0,10728775.0,218471574.4007418,True
2/2/13,2013-02-02 23:50:00,19.821209783,20.53,219305,2,9305,25.0,10732650.0,212734107.17751494,True
2/3/13,2013-02-03 23:50:00,20.296,20.59,219490,2,9490,25.0,10737275.0,217923733.4,True
2/4/13,2013-02-04 23:50:00,20.3,20.695731104400004,219655,2,9655,25.0,10741400.0,218050420.0,True
2/5/13,2013-02-05 23:50:00,20.512,20.64,219822,2,9822,25.0,10745575.0,220413234.4,True
2/6/13,2013-02-06 23:50:00,20.91,20.99,219968,2,9968,25.0,10749225.0,224766294.75,True
2/7/13,2013-02-07 23:50:00,21.71,21.925321412,220123,2,10123,25.0,10753100.0,233449801.0,True
2/8/13,2013-02-08 23:50:00,22.400970678,22.615454545,220274,2,10274,25.0,10756875.0,240964441.46191126,True
2/9/13,2013-02-09 23:50:00,23.133565506,23.5,220415,2,10415,25.0,10760400.0,248926418.2707624,True
2/10/13,2013-02-10 23:50:00,23.660000000000004,23.7013427404,220577,2,10577,25.0,10764450.0,254686887.00000003,True
2/11/13,2013-02-11 23:50:00,23.94,23.94,220735,2,10735,25.0,10768400.0,257795496.0,True
2/12/13,2013-02-12 23:50:00,25.466,25.85,220876,2,10876,25.0,10771925.0,274317842.05,True
2/13/13,2013-02-13 23:50:00,25.089999999999996,25.97,221046,2,11046,25.0,10776175.0,270374230.74999994,True
2/14/13,2013-02-14 23:50:00,27.4,27.5,221196,2,11196,25.0,10779925.0,295369945.0,True
2/15/13,2013-02-15 23:50:00,27.0,27.45,221376,2,11376,25.0,10784425.0,291179475.0,True
2/16/13,2013-02-16 23:50:00,27.5,27.57,221565,2,11565,25.0,10789150.0,296701625.0,True
2/17/13,2013-02-17 23:50:00,26.98,27.5,221754,2,11754,25.0,10793875.0,291218747.5,True
2/18/13,2013-02-18 23:50:00,26.920000000000005,27.0,221914,2,11914,25.0,10797875.0,290678795.00000006,True
2/19/13,2013-02-19 23:50:00,29.389999999999997,29.491999999999997,222072,2,12072,25.0,10801825.0,317465636.74999994,True
2/20/13,2013-02-20 23:50:00,30.031999999999993,30.055140350400002,222266,2,12266,25.0,10806675.0,324546063.5999999,True
2/21/13,2013-02-21 23:50:00,30.0,30.140000000000004,222442,2,12442,25.0,10811075.0,324332250.0,True
2/22/13,2013-02-22 23:50:00,30.4,31.48,222612,2,12612,25.0,10815325.0,328785880.0,True
2/23/13,2013-02-23 23:50:00,29.54,30.440000000000005,222776,2,12776,25.0,10819425.0,319605814.5,True
2/24/13,2013-02-24 23:50:00,29.78,30.369999999999997,222932,2,12932,25.0,10823325.0,322318618.5,True
2/25/13,2013-02-25 23:50:00,30.43,30.49,223137,2,13137,25.0,10828450.0,329509733.5,True
2/26/13,2013-02-26 23:50:00,31.1,31.5,223301,2,13301,25.0,10832550.0,336892305.0,True
2/27/13,2013-02-27 23:50:00,31.393769999999996,31.761421636,223492,2,13492,25.0,10837325.0,340224488.46524996,True
2/28/13,2013-02-28 23:50:00,33.49101492460001,34.2060197864,223663,2,13663,25.0,10841600.0,363096187.40654343,True
3/1/13,2013-03-01 23:50:00,34.552,34.7189934236,223815,2,13815,25.0,10845400.0,374730260.8,True
3/2/13,2013-03-02 23:50:00,34.16,34.65,223961,2,13961,25.0,10849050.0,370603547.99999994,True
3/3/13,2013-03-03 23:50:00,34.33,34.34,224121,2,14121,25.0,10853050.0,372585206.5,True
3/4/13,2013-03-04 23:50:00,36.548158722,36.92,224298,2,14298,25.0,10857475.0,396820719.62014693,True
3/5/13,2013-03-05 23:50:00,40.949999999999996,40.999639927,224439,2,14439,25.0,10861000.0,444757949.99999994,True
3/6/13,2013-03-06 23:50:00,42.4250868578,49.072,224593,2,14593,25.0,10864850.0,460942204.9469683,True
3/7/13,2013-03-07 23:50:00,41.6804369272,44.75,224754,2,14754,25.0,10868875.0,453019458.9071209,True
3/8/13,2013-03-08 23:50:00,43.76,44.349999999999994,224915,2,14915,25.0,10872900.0,475798104.0,True
3/9/13,2013-03-09 23:50:00,46.0,46.0,225082,2,15082,25.0,10877075.0,500345450.0,True
3/10/13,2013-03-10 23:50:00,45.29,47.0,225265,2,15265,25.0,10881650.0,492829928.5,True
3/11/13,2013-03-11 23:50:00,48.25,48.36400000000001,225431,2,15431,25.0,10885800.0,525239850.0,True
3/12/13,2013-03-12 23:50:00,44.84,48.25,225564,2,15564,25.0,10889125.0,488268365.00000006,True
3/13/13,2013-03-13 23:50:00,46.99,47.004,225720,2,15720,25.0,10893025.0,511863244.75,True
3/14/13,2013-03-14 23:50:00,46.95,47.968,225902,2,15902,25.0,10897575.0,511641146.25000006,True
3/15/13,2013-03-15 23:50:00,47.056,47.29,226072,2,16072,25.0,10901825.0,512996277.2,True
3/16/13,2013-03-16 23:50:00,46.735095501,47.0,226247,2,16247,25.0,10906200.0,509702298.55300623,True
3/17/13,2013-03-17 23:50:00,47.08816512040001,47.2,226457,2,16457,25.0,10911450.0,513800159.30298865,True
3/18/13,2013-03-18 23:50:00,50.4324924394,50.4324924394,226646,2,16646,25.0,10916175.0,550529913.1546673,True
3/19/13,2013-03-19 23:50:00,59.40999999999999,59.7576652676,226817,2,16817,25.0,10920450.0,648783934.4999999,True
3/20/13,2013-03-20 23:50:00,64.45797156040001,67.7574837332,227028,2,17028,25.0,10925725.0,704250071.3267515,True
3/21/13,2013-03-21 23:50:00,72.23,76.89407701900001,227247,2,17247,25.0,10931200.0,789560576.0,True
3/22/13,2013-03-22 23:50:00,69.9,74.29,227475,2,17475,25.0,10936900.0,764489310.0000001,True
3/23/13,2013-03-23 23:50:00,63.9,70.4,227691,2,17691,25.0,10942300.0,699212970.0,True
3/24/13,2013-03-24 23:50:00,70.388,71.0,227881,2,17881,25.0,10947050.0,770540955.4000001,True
3/25/13,2013-03-25 23:50:00,75.11,77.560297238,228025,2,18025,25.0,10950650.0,822503321.5,True
3/26/13,2013-03-26 23:50:00,79.81,81.8030108698,228175,2,18175,25.0,10954400.0,874270664.0,True
3/27/13,2013-03-27 23:50:00,89.3,89.49,228307,2,18307,25.0,10957700.0,978522610.0,True
3/28/13,2013-03-28 23:50:00,88.976531972,96.64794594600001,228490,2,18490,25.0,10962275.0,975385212.0233563,True
3/29/13,2013-03-29 23:50:00,90.0,93.922,228662,2,18662,25.0,10966575.0,986991750.0,True
3/30/13,2013-03-30 23:50:00,92.2521875764,93.96637894559998,228838,2,18838,25.0,10970975.0,1012096443.5959951,True
3/31/13,2013-03-31 23:50:00,96.1491459096,96.1491459096,229006,2,19006,25.0,10975175.0,1055253702.4583942,True
4/1/13,2013-04-01 23:50:00,104.70599999999999,105.787411568,229205,2,19205,25.0,10980150.0,1149687585.8999999,True
4/2/13,2013-04-02 23:50:00,115.803181554,115.803181554,229385,2,19385,25.0,10984650.0,1272057418.2571461,True
4/3/13,2013-04-03 23:50:00,132.54567795,145.960197152,229560,2,19560,25.0,10989025.0,1456547768.6344988,True
4/4/13,2013-04-04 23:50:00,134.94032495599998,141.70068080599998,229714,2,19714,25.0,10992875.0,1483382124.7006884,True
4/5/13,2013-04-05 23:50:00,141.78941638999999,143.724,229872,2,19872,25.0,10996825.0,1559233398.8929615,True
4/6/13,2013-04-06 23:50:00,141.0,143.794,230036,2,20036,25.0,11000925.0,1551130425.0,True
4/7/13,2013-04-07 23:50:00,164.96912500000002,164.96912500000002,230198,2,20198,25.0,11004975.0,1815481096.3968751,True
4/8/13,2013-04-08 23:50:00,185.21723709000003,197.31030176000002,230355,2,20355,25.0,11008900.0,2039038041.4001012,True
4/9/13,2013-04-09 23:50:00,229.47235258199998,235.05696209,230531,2,20531,25.0,11013300.0,2527247860.6913404,True
4/10/13,2013-04-10 23:50:00,160.082621718,258.70199642,230722,2,20722,25.0,11018075.0,1763802332.285553,True
4/11/13,2013-04-11 23:50:00,81.2033201272,178.944914796,230880,2,20880,25.0,11022025.0,895025024.5250016,True
4/12/13,2013-04-12 23:50:00,108.311396838,108.311396838,231055,2,21055,25.0,11026400.0,1194284786.0945232,True
4/13/13,2013-04-13 23:50:00,92.8058935256,116.96130975599999,231222,2,21222,25.0,11030575.0,1023702368.9761451,True
4/14/13,2013-04-14 23:50:00,91.11,99.92147802379999,231375,2,21375,25.0,11034400.0,1005344184.0,True
4/15/13,2013-04-15 23:50:00,74.0,99.24996383780001,231536,2,21536,25.0,11038425.0,816843450.0,True
4/16/13,2013-04-16 23:50:00,67.9798189258,80.0434460608,231715,2,21715,25.0,11042900.0,750694342.4157169,True
4/17/13,2013-04-17 23:50:00,89.88799999999999,94.5583052062,231886,2,21886,25.0,11047175.0,993008466.3999999,True
4/18/13,2013-04-18 23:50:00,109.05463468,110.10978672399999,232034,2,22034,25.0,11050875.0,1205149136.019345,True
4/19/13,2013-04-19 23:50:00,117.86900352799998,135.75935092400002,232169,2,22169,25.0,11054250.0,1302953432.2493937,True
4/20/13,2013-04-20 23:50:00,126.363163676,129.154279886,232322,2,22322,25.0,11058075.0,1397333341.1664836,True
4/21/13,2013-04-21 23:50:00,117.612451752,128.98,232500,2,22500,25.0,11062525.0,1301090687.8177938,True
4/22/13,2013-04-22 23:50:00,123.944,124.817674016,232654,2,22654,25.0,11066375.0,1371610783.0,True
4/23/13,2013-04-23 23:50:00,137.034,138.229230098,232822,2,22822,25.0,11070575.0,1517045174.55,True
4/24/13,2013-04-24 23:50:00,149.4,160.610767292,232983,2,22983,25.0,11074600.0,1654545240.0,True
4/25/13,2013-04-25 23:50:00,141.892,159.46865310200002,233155,2,23155,25.0,11078900.0,1572007278.8,True
4/26/13,2013-04-26 23:50:00,137.32,142.16461171,233326,2,23326,25.0,11083175.0,1521941591.0,True
4/27/13,2013-04-27 23:50:00,128.749986266,138.06759422,233474,2,23474,25.0,11086875.0,1427435003.982859,True
4/28/13,2013-04-28 23:50:00,135.288855642,136.771129798,233651,2,23651,25.0,11091300.0,1500529284.5821145,True
4/29/13,2013-04-29 23:50:00,143.29557655399998,145.74110683600003,233825,2,23825,25.0,11095650.0,1589957563.9913898,True
4/30/13,2013-04-30 23:50:00,139.584,144.976477324,233972,2,23972,25.0,11099325.0,1549288180.8,True
5/1/13,2013-05-01 23:50:00,116.75,139.868,234123,2,24123,25.0,11103100.0,1296286925.0,True
5/2/13,2013-05-02 23:50:00,106.435208518,126.120456726,234258,2,24258,25.0,11106475.0,1182119982.524954,True
5/3/13,2013-05-03 23:50:00,97.959073549,106.452200154,234395,2,24395,25.0,11109900.0,1088315511.2220352,True
5/4/13,2013-05-04 23:50:00,112.830658892,115.07161917200001,234555,2,24555,25.0,11113900.0,1253988659.859799,True
5/5/13,2013-05-05 23:50:00,116.829559784,118.58515651799999,234720,2,24720,25.0,11118025.0,1298913966.4175065,True
5/6/13,2013-05-06 23:50:00,112.5799,123.80076158600002,234885,2,24885,25.0,11122150.0,1252130534.7849998,True
5/7/13,2013-05-07 23:50:00,110.939616114,112.760806122,235054,2,25054,25.0,11126375.0,1234355771.2404068,True
5/8/13,2013-05-08 23:50:00,113.50619419,115.19600356400001,235219,2,25219,25.0,11130500.0,1263380694.4317951,True
5/9/13,2013-05-09 23:50:00,111.644,113.53928862000001,235380,2,25380,25.0,11134525.0,1243102909.1000001,True
5/10/13,2013-05-10 23:50:00,117.882657834,119.42456993599998,235552,2,25552,25.0,11138825.0,1313074296.147805,True
5/11/13,2013-05-11 23:50:00,115.39099999999999,118.478,235737,2,25737,25.0,11143450.0,1285853838.9499998,True
5/12/13,2013-05-12 23:50:00,114.5,117.648,235905,2,25905,25.0,11147650.0,1276405925.0,True
5/13/13,2013-05-13 23:50:00,115.928315862,117.45049676000001,236075,2,26075,25.0,11151900.0,1292820985.6614377,True
5/14/13,2013-05-14 23:50:00,107.06204360199999,117.678567084,236230,2,26230,25.0,11155775.0,1194360069.4641013,True
5/15/13,2013-05-15 23:50:00,108.59263393400002,112.97396646600001,236373,2,26373,25.0,11159350.0,1211823209.491383,True
5/16/13,2013-05-16 23:50:00,113.320324916,113.320324916,236520,2,26520,25.0,11163025.0,1264997620.045431,True
5/17/13,2013-05-17 23:50:00,117.45716305199998,118.070394734,236682,2,26682,25.0,11167075.0,1311652949.0889127,True
5/18/13,2013-05-18 23:50:00,118.4838,118.4838,236829,2,26829,25.0,11170750.0,1323552908.8500001,True
5/19/13,2013-05-19 23:50:00,116.38,118.97257911000001,236987,2,26987,25.0,11174700.0,1300511586.0,True
5/20/13,2013-05-20 23:50:00,117.599041804,118.900117568,237116,2,27116,25.0,11177925.0,1314513269.3569767,True
5/21/13,2013-05-21 23:50:00,117.348,118.46967216,237267,2,27267,25.0,11181700.0,1312150131.6,True
5/22/13,2013-05-22 23:50:00,119.07552183600001,119.46000000000001,237423,2,27423,25.0,11185600.0,1331931157.0487616,True
5/23/13,2013-05-23 23:50:00,123.83527744400001,123.89088621399999,237597,2,27597,25.0,11189950.0,1385710562.834488,True
5/24/13,2013-05-24 23:50:00,128.66391794400002,129.89623043800003,237766,2,27766,25.0,11194175.0,1440286413.6507764,True
5/25/13,2013-05-25 23:50:00,128.88057261,129.73,237931,2,27931,25.0,11198300.0,1443243316.258563,True
5/26/13,2013-05-26 23:50:00,130.002080756,130.28799367399998,238092,2,28092,25.0,11202325.0,1456325559.3049576,True
5/27/13,2013-05-27 23:50:00,126.247715494,130.56599999999997,238271,2,28271,25.0,11206800.0,1414832897.9981592,True
5/28/13,2013-05-28 23:50:00,125.8736908,126.999441538,238428,2,28428,25.0,11210725.0,1411135332.2938302,True
5/29/13,2013-05-29 23:50:00,130.25148722199998,130.39399999999998,238595,2,28595,25.0,11214900.0,1460757404.0460076,True
5/30/13,2013-05-30 23:50:00,126.96199999999999,130.5006961,238776,2,28776,25.0,11219425.0,1424440636.85,True
5/31/13,2013-05-31 23:50:00,127.88138951199998,128.583836388,238950,2,28950,25.0,11223775.0,1435311942.5700476,True
6/1/13,2013-06-01 23:50:00,128.737533108,128.834,239159,2,29159,25.0,11229000.0,1445593759.269732,True
6/2/13,2013-06-02 23:50:00,122.34617757000001,128.8,239361,2,29361,25.0,11234050.0,1374443076.1302586,True
6/3/13,2013-06-03 23:50:00,123.15253922,123.25426726999999,239575,2,29575,25.0,11239400.0,1384160649.309268,True
6/4/13,2013-06-04 23:50:00,120.321727896,123.50401851199999,239788,2,29788,25.0,11244725.0,1352984741.7153485,True
6/5/13,2013-06-05 23:50:00,121.19039534999999,121.99600000000001,239972,2,29972,25.0,11249325.0,1363310144.1706386,True
6/6/13,2013-06-06 23:50:00,118.81145690400001,121.13755458400001,240152,2,30152,25.0,11253825.0,1337083343.992658,True
6/7/13,2013-06-07 23:50:00,110.31002074400001,118.62601466600002,240312,2,30312,25.0,11257825.0,1241850909.282322,True
6/8/13,2013-06-08 23:50:00,109.12055701599999,112.025813026,240493,2,30493,25.0,11262350.0,1228953905.3091476,True
6/9/13,2013-06-09 23:50:00,99.6530898088,109.300917888,240655,2,30655,25.0,11266400.0,1122731571.0218644,True
6/10/13,2013-06-10 23:50:00,104.314550266,106.861998184,240826,2,30826,25.0,11270675.0,1175695393.8192496,True
6/11/13,2013-06-11 23:50:00,107.362,107.985883664,241007,2,31007,25.0,11275200.0,1210528022.3999999,True
6/12/13,2013-06-12 23:50:00,106.01216110199998,110.042909844,241211,2,31211,25.0,11280300.0,1195848980.8788903,True
6/13/13,2013-06-13 23:50:00,102.075927028,108.43000000000002,241396,2,31396,25.0,11284925.0,1151919180.8164527,True
6/14/13,2013-06-14 23:50:00,99.22391874860003,102.07011457200001,241577,2,31577,25.0,11289450.0,1120183469.5163827,True
6/15/13,2013-06-15 23:50:00,99.701081323,102.97259038999998,241750,2,31750,25.0,11293775.0,1126001579.7186644,True
6/16/13,2013-06-16 23:50:00,98.9963649952,100.95090909,241933,2,31933,25.0,11298350.0,1118495580.443518,True
6/17/13,2013-06-17 23:50:00,100.0,100.88381220800001,242079,2,32079,25.0,11302000.0,1130200000.0,True
6/18/13,2013-06-18 23:50:00,104.21250556,107.96155630399998,242217,2,32217,25.0,11305450.0,1178169270.9833019,True
6/19/13,2013-06-19 23:50:00,105.2384867,106.979349472,242356,2,32356,25.0,11308925.0,1190134153.2037973,True
6/20/13,2013-06-20 23:50:00,102.995886484,107.538485674,242510,2,32510,25.0,11312775.0,1165169289.719033,True
6/21/13,2013-06-21 23:50:00,101.578550412,103.652473128,242678,2,32678,25.0,11316975.0,1149561915.5488436,True
6/22/13,2013-06-22 23:50:00,100.0,101.978934948,242855,2,32855,25.0,11321400.0,1132140000.0,True
6/23/13,2013-06-23 23:50:00,100.41,101.37,243019,2,33019,25.0,11325500.0,1137193455.0,True
6/24/13,2013-06-24 23:50:00,99.1983071558,102.0,243169,2,33169,25.0,11329250.0,1123842421.3448472,True
6/25/13,2013-06-25 23:50:00,97.8348793632,100.99752418,243325,2,33325,25.0,11333150.0,1108777363.0550501,True
6/26/13,2013-06-26 23:50:00,98.5186222374,99.34489778219998,243500,2,33500,25.0,11337525.0,1116957342.5820785,True
6/27/13,2013-06-27 23:50:00,96.83983022980001,98.7328958238,243666,2,33666,25.0,11341675.0,1098325881.521567,True
6/28/13,2013-06-28 23:50:00,89.8270149586,96.32214499240001,243836,2,33836,25.0,11345925.0,1019170574.6941538,True
6/29/13,2013-06-29 23:50:00,88.98,91.35805856260001,244005,2,34005,25.0,11350150.0,1009936347.0,True
6/30/13,2013-06-30 23:50:00,89.48303703719998,90.1379881392,244158,2,34158,25.0,11353975.0,1015988165.4444426,True
7/1/13,2013-07-01 23:50:00,83.866379937,90.15836759999999,244315,2,34315,25.0,11357900.0,952545956.6864524,True
7/2/13,2013-07-02 23:50:00,87.92027565880001,88.2781977732,244469,2,34469,25.0,11361750.0,998928191.9663709,True
7/3/13,2013-07-03 23:50:00,77.8700280454,89.37622239880001,244651,2,34651,25.0,11366300.0,885094099.7724301,True
7/4/13,2013-07-04 23:50:00,79.2388480802,81.3498647912,244817,2,34817,25.0,11370450.0,900981360.1535101,True
7/5/13,2013-07-05 23:50:00,67.0842065048,79.1075623094,245003,2,35003,25.0,11375100.0,763089557.4127504,True
7/6/13,2013-07-06 23:50:00,66.1934263416,72.6652998262,245190,2,35190,25.0,11379775.0,753266298.2464812,True
7/7/13,2013-07-07 23:50:00,73.7175890654,73.7175890654,245377,2,35377,25.0,11384450.0,839234206.8355931,True
7/8/13,2013-07-08 23:50:00,74.14869562359999,76.8185614108,245567,2,35567,25.0,11389200.0,844494324.196305,True
7/9/13,2013-07-09 23:50:00,75.0001833866,75.8478312952,245753,2,35753,25.0,11393850.0,854540839.4794124,True
7/10/13,2013-07-10 23:50:00,86.0265657156,86.0265657156,245949,2,35949,25.0,11398750.0,980595315.9506955,True
7/11/13,2013-07-11 23:50:00,87.6346673952,87.68031499439999,246122,2,36122,25.0,11403075.0,999304684.9075202,True
7/12/13,2013-07-12 23:50:00,90.17199152959999,99.111572615,246277,2,36277,25.0,11406950.0,1028587398.7785707,True
7/13/13,2013-07-13 23:50:00,91.6386140104,91.72838514840001,246433,2,36433,25.0,11410850.0,1045674478.6805729,True
7/14/13,2013-07-14 23:50:00,90.042,92.73823903719999,246604,2,36604,25.0,11415125.0,1027840685.25,True
7/15/13,2013-07-15 23:50:00,93.77187021220001,94.742390475,246767,2,36767,25.0,11419200.0,1070799740.3271544,True
7/16/13,2013-07-16 23:50:00,91.5859280438,93.7898460264,246933,2,36933,25.0,11423350.0,1046218111.1191427,True
7/17/13,2013-07-17 23:50:00,91.072269566,92.303622104,247118,2,37118,25.0,11427975.0,1040771619.7935089,True
7/18/13,2013-07-18 23:50:00,85.16284213280001,90.95040247400001,247277,2,37277,25.0,11431950.0,973577353.1200631,True
7/19/13,2013-07-19 23:50:00,86.4897668956,86.7998205822,247450,2,37450,25.0,11436275.0,989120758.9039779,True
7/20/13,2013-07-20 23:50:00,84.936084413,87.05600000000001,247635,2,37635,25.0,11440900.0,971745248.1606917,True
7/21/13,2013-07-21 23:50:00,85.85354587460002,86.05281258400001,247833,2,37833,25.0,11445850.0,982666808.0487906,True
7/22/13,2013-07-22 23:50:00,85.60135641320001,87.00009520639999,247999,2,37999,25.0,11450000.0,980135530.9311401,True
7/23/13,2013-07-23 23:50:00,86.88681211480001,88.30844031720001,248140,2,38140,25.0,11453525.0,995160274.7271647,True
7/24/13,2013-07-24 23:50:00,88.331511862,88.331511862,248297,2,38297,25.0,11457450.0,1012053880.5832719,True
7/25/13,2013-07-25 23:50:00,90.12030622519998,90.5477197292,248444,2,38444,25.0,11461125.0,1032880094.6852951,True
7/26/13,2013-07-26 23:50:00,89.98675950980001,91.6728831912,248611,2,38611,25.0,11465300.0,1031725193.80771,True
7/27/13,2013-07-27 23:50:00,88.16,90.14859598540001,248789,2,38789,25.0,11469750.0,1011173160.0,True
7/28/13,2013-07-28 23:50:00,92.51399999999998,93.71080188259998,248959,2,38959,25.0,11474000.0,1061505635.9999998,True
7/29/13,2013-07-29 23:50:00,93.39,93.5,249136,2,39136,25.0,11478425.0,1071970110.75,True
7/30/13,2013-07-30 23:50:00,96.7757675278,96.8584117172,249334,2,39334,25.0,11483375.0,1111312429.4345503,True
7/31/13,2013-07-31 23:50:00,98.232,100.958163172,249524,2,39524,25.0,11488125.0,1128501495.0,True
8/1/13,2013-08-01 23:50:00,96.578561074,98.370406348,249700,2,39700,25.0,11492525.0,1109931527.606972,True
8/2/13,2013-08-02 23:50:00,95.83013763459999,98.5878127532,249893,2,39893,25.0,11497350.0,1101792632.9331682,True
8/3/13,2013-08-03 23:50:00,95.55000000000001,96.99920408340002,250063,2,40063,25.0,11501600.0,1098977880.0000002,True
8/4/13,2013-08-04 23:50:00,96.38,96.5608433006,250242,2,40242,25.0,11506075.0,1108955508.5,True
8/5/13,2013-08-05 23:50:00,97.80096671999999,98.75313402719999,250429,2,40429,25.0,11510750.0,1125762477.6722398,True
8/6/13,2013-08-06 23:50:00,97.688,98.957594405,250619,2,40619,25.0,11515500.0,1124926164.0,True
8/7/13,2013-08-07 23:50:00,97.06288436099999,98.28357908999999,250806,2,40806,25.0,11520175.0,1118181413.843483,True
8/8/13,2013-08-08 23:50:00,94.2685705668,97.11177223360002,251009,2,41009,25.0,11525250.0,1086468842.9250116,True
8/9/13,2013-08-09 23:50:00,92.292406246,95.432128787,251206,2,41206,25.0,11530175.0,1064147595.187473,True
8/10/13,2013-08-10 23:50:00,93.51,94.12766330640002,251416,2,41416,25.0,11535425.0,1078677591.75,True
8/11/13,2013-08-11 23:50:00,94.144,94.554831842,251631,2,41631,25.0,11540800.0,1086497075.2,True
8/12/13,2013-08-12 23:50:00,95.3870275228,96.0310288352,251849,2,41849,25.0,11546250.0,1101362466.5351295,True
8/13/13,2013-08-13 23:50:00,97.82929394779998,97.93637746339999,252030,2,42030,25.0,11550775.0,1130004162.7998993,True
8/14/13,2013-08-14 23:50:00,99.1806789844,100.97409202200001,252199,2,42199,25.0,11555000.0,1146032745.664742,True
8/15/13,2013-08-15 23:50:00,98.10729879179999,99.82447756120001,252369,2,42369,25.0,11559250.0,1134046793.559114,True
8/16/13,2013-08-16 23:50:00,98.25,98.97897948880001,252536,2,42536,25.0,11563425.0,1136106506.25,True
8/17/13,2013-08-17 23:50:00,99.76486319799999,99.76486319799999,252728,2,42728,25.0,11568225.0,1154102384.5686834,True
8/18/13,2013-08-18 23:50:00,99.3,99.98,252920,2,42920,25.0,11573025.0,1149201382.5,True
8/19/13,2013-08-19 23:50:00,102.85,104.891747208,253099,2,43099,25.0,11577500.0,1190745875.0,True
8/20/13,2013-08-20 23:50:00,104.803518056,104.803518056,253288,2,43288,25.0,11582225.0,1213857926.9161546,True
8/21/13,2013-08-21 23:50:00,110.43000000000002,113.75075798200001,253485,2,43485,25.0,11587150.0,1279568974.5000002,True
8/22/13,2013-08-22 23:50:00,109.543050212,112.97056042199999,253700,2,43700,25.0,11592525.0,1269880548.1588652,True
8/23/13,2013-08-23 23:50:00,107.70232008800001,109.878,253894,2,43894,25.0,11597375.0,1249064194.4305692,True
8/24/13,2013-08-24 23:50:00,109.050068334,110.091892164,254078,2,44078,25.0,11601975.0,1265196166.5593598,True
8/25/13,2013-08-25 23:50:00,113.173148148,113.173148148,254230,2,44230,25.0,11605775.0,1313462093.4473546,True
8/26/13,2013-08-26 23:50:00,111.826038408,113.28014029800002,254397,2,44397,25.0,11609950.0,1298294714.6149597,True
8/27/13,2013-08-27 23:50:00,117.70984706999998,118.90462502199998,254565,2,44565,25.0,11614150.0,1367099820.3480403,True
8/28/13,2013-08-28 23:50:00,117.94199999999998,119.456330664,254743,2,44743,25.0,11618600.0,1370320921.1999998,True
8/29/13,2013-08-29 23:50:00,118.54657146,119.61876517,254933,2,44933,25.0,11623350.0,1377908291.379591,True
8/30/13,2013-08-30 23:50:00,124.85496511599999,126.03724858999999,255138,2,45138,25.0,11628475.0,1451872840.477278,True
8/31/13,2013-08-31 23:50:00,128.36893722000002,134.383859656,255361,2,45361,25.0,11634050.0,1493450634.0643413,True
9/1/13,2013-09-01 23:50:00,130.66799999999998,131.93362055799997,255578,2,45578,25.0,11639475.0,1520906919.2999997,True
9/2/13,2013-09-02 23:50:00,130.07072,131.92,255795,2,45795,25.0,11644900.0,1514660527.3279998,True
9/3/13,2013-09-03 23:50:00,129.179367224,130.885466034,255990,2,45990,25.0,11649775.0,1504910562.8019745,True
9/4/13,2013-09-04 23:50:00,122.179969596,129.92949292,256153,2,46153,25.0,11653850.0,1423867038.6763446,True
9/5/13,2013-09-05 23:50:00,122.619851268,127.097368426,256331,2,46331,25.0,11658300.0,1429539012.0377245,True
9/6/13,2013-09-06 23:50:00,117.215590382,124.16987239800001,256517,2,46517,25.0,11662950.0,1367079569.845747,True
9/7/13,2013-09-07 23:50:00,119.922,120.891485752,256663,2,46663,25.0,11666600.0,1399082005.2,True
9/8/13,2013-09-08 23:50:00,118.34,120.832084872,256817,2,46817,25.0,11670450.0,1381081053.0,True
9/9/13,2013-09-09 23:50:00,121.243895666,123.669840082,257022,2,47022,25.0,11675575.0,1415592197.140558,True
9/10/13,2013-09-10 23:50:00,122.066102166,124.009464894,257213,2,47213,25.0,11680350.0,1425774796.434638,True
9/11/13,2013-09-11 23:50:00,127.30356871400002,127.57666628600002,257412,2,47412,25.0,11685325.0,1487583574.0829222,True
9/12/13,2013-09-12 23:50:00,126.657381216,128.34809383,257627,2,47627,25.0,11690700.0,1480713446.5818913,True
9/13/13,2013-09-13 23:50:00,127.578944306,128.755842074,257829,2,47829,25.0,11695750.0,1492131437.8668995,True
9/14/13,2013-09-14 23:50:00,124.48999999999998,127.98999999999998,258049,2,48049,25.0,11701250.0,1456688612.4999998,True
9/15/13,2013-09-15 23:50:00,125.341818674,126.03298546799999,258229,2,48229,25.0,11705750.0,1467219993.9431756,True
9/16/13,2013-09-16 23:50:00,126.144560294,126.68656823,258383,2,48383,25.0,11709600.0,1477102343.2186224,True
9/17/13,2013-09-17 23:50:00,126.89807517,127.553620378,258562,2,48562,25.0,11714075.0,1486493569.8970177,True
9/18/13,2013-09-18 23:50:00,127.050300348,127.98743046,258725,2,48725,25.0,11718150.0,1488794477.022916,True
9/19/13,2013-09-19 23:50:00,124.15599999999999,127.6,258916,2,48916,25.0,11722925.0,1455471476.3,True
9/20/13,2013-09-20 23:50:00,122.981812394,125.569271676,259117,2,49117,25.0,11727950.0,1442324546.6662123,True
9/21/13,2013-09-21 23:50:00,123.404,124.048150186,259306,2,49306,25.0,11732675.0,1447859025.7,True
9/22/13,2013-09-22 23:50:00,123.15527895400001,123.35999999999999,259510,2,49510,25.0,11737775.0,1445568954.4242876,True
9/23/13,2013-09-23 23:50:00,122.64674409,123.847100864,259719,2,49719,25.0,11743000.0,1440240715.84887,True
9/24/13,2013-09-24 23:50:00,123.772,123.97,259930,2,49930,25.0,11748275.0,1454107493.3,True
9/25/13,2013-09-25 23:50:00,123.29541168800002,124.98999999999998,260137,2,50137,25.0,11753450.0,1449146456.5043237,True
9/26/13,2013-09-26 23:50:00,124.84045830800001,124.90000000000002,260299,2,50299,25.0,11757500.0,1467811688.5563102,True
9/27/13,2013-09-27 23:50:00,126.858838722,126.858838722,260477,2,50477,25.0,11761950.0,1492107318.1062279,True
9/28/13,2013-09-28 23:50:00,126.76026403200001,126.97199999999998,260655,2,50655,25.0,11766400.0,1491511970.706125,True
9/29/13,2013-09-29 23:50:00,127.01000000000002,128.609532462,260822,2,50822,25.0,11770575.0,1494980730.7500002,True
9/30/13,2013-09-30 23:50:00,126.25,127.49142296799998,260987,2,50987,25.0,11774700.0,1486555875.0,True
10/1/13,2013-10-01 23:50:00,127.49537500000001,127.922082372,261174,2,51174,25.0,11779375.0,1501815832.890625,True
10/2/13,2013-10-02 23:50:00,103.71981338600001,127.78,261364,2,51364,25.0,11784125.0,1222247245.9172974,True
10/3/13,2013-10-03 23:50:00,117.57163172,118.58971289000002,261564,2,51564,25.0,11789125.0,1386066662.801045,True
10/4/13,2013-10-04 23:50:00,121.94000000000001,122.894413088,261743,2,51743,25.0,11793600.0,1438111584.0000002,True
10/5/13,2013-10-05 23:50:00,121.25,122.18400000000001,261962,2,51962,25.0,11799075.0,1430637843.75,True
10/6/13,2013-10-06 23:50:00,122.48999999999998,122.48999999999998,262148,2,52148,25.0,11803725.0,1445838275.2499998,True
10/7/13,2013-10-07 23:50:00,123.58300197999999,124.19842572799999,262302,2,52302,25.0,11807575.0,1459215564.6039984,True
10/8/13,2013-10-08 23:50:00,124.35379779999998,125.02345786000001,262463,2,52463,25.0,11811600.0,1468817318.0944798,True
10/9/13,2013-10-09 23:50:00,125.9,127.541009838,262641,2,52641,25.0,11816050.0,1487640695.0,True
10/10/13,2013-10-10 23:50:00,126.8,126.8,262837,2,52837,25.0,11820950.0,1498896460.0,True
10/11/13,2013-10-11 23:50:00,127.4028133,127.405205952,263022,2,53022,25.0,11825575.0,1506611523.8901474,True
10/12/13,2013-10-12 23:50:00,127.66401765200001,128.0,263235,2,53235,25.0,11830900.0,1510380226.4390469,True
10/13/13,2013-10-13 23:50:00,132.546798864,132.830700282,263456,2,53456,25.0,11836425.0,1568880243.7438214,True
10/14/13,2013-10-14 23:50:00,135.36291349799998,138.06234922,263704,2,53704,25.0,11842625.0,1603052223.464252,True
10/15/13,2013-10-15 23:50:00,144.037009566,144.037009566,263966,2,53966,25.0,11849175.0,1706719732.824208,True
10/16/13,2013-10-16 23:50:00,137.725951932,146.970463978,264175,2,54175,25.0,11854400.0,1632658524.5827007,True
10/17/13,2013-10-17 23:50:00,143.925082672,144.734075336,264344,2,54344,25.0,11858625.0,1706753583.501246,True
10/18/13,2013-10-18 23:50:00,152.89,152.89,264535,2,54535,25.0,11863400.0,1813795225.9999998,True
10/19/13,2013-10-19 23:50:00,166.0,170.548588608,264759,2,54759,25.0,11869000.0,1970254000.0,True
10/20/13,2013-10-20 23:50:00,166.577402846,166.577402846,264956,2,54956,25.0,11873925.0,1977927588.0881908,True
10/21/13,2013-10-21 23:50:00,180.04214545399998,180.990222462,265168,2,55168,25.0,11879225.0,2138761155.330793,True
10/22/13,2013-10-22 23:50:00,189.671875,195.9227517,265413,2,55413,25.0,11885350.0,2254316619.53125,True
10/23/13,2013-10-23 23:50:00,203.67647213,203.801423198,265635,2,55635,25.0,11890900.0,2421896562.4506173,True
10/24/13,2013-10-24 23:50:00,194.20567046800002,205.13590866599998,265849,2,55849,25.0,11896250.0,2310319207.3049455,True
10/25/13,2013-10-25 23:50:00,187.41013911199997,193.48912381,266083,2,56083,25.0,11902100.0,2230574216.7249346,True
10/26/13,2013-10-26 23:50:00,179.56,189.08186177399998,266266,2,56266,25.0,11906675.0,2137962563.0,True
10/27/13,2013-10-27 23:50:00,194.21404057,194.76609816800004,266445,2,56445,25.0,11911150.0,2313312569.3353558,True
10/28/13,2013-10-28 23:50:00,196.15785163200002,197.42472827600005,266619,2,56619,25.0,11915500.0,2337318881.121096,True
10/29/13,2013-10-29 23:50:00,204.71721574,204.770320922,266781,2,56781,25.0,11919550.0,2440137088.873717,True
10/30/13,2013-10-30 23:50:00,198.241483734,205.94388464,266975,2,56975,25.0,11924400.0,2363910748.6377096,True
10/31/13,2013-10-31 23:50:00,203.188263428,203.74413576400002,267186,2,57186,25.0,11929675.0,2423969946.510426,True
11/1/13,2013-11-01 23:50:00,202.66000000000003,203.464852414,267393,2,57393,25.0,11934850.0,2418716701.0000005,True
11/2/13,2013-11-02 23:50:00,204.78066666799998,204.998,267597,2,57597,25.0,11939950.0,2445070920.9825864,True
11/3/13,2013-11-03 23:50:00,209.97676905199995,209.97676905199995,267787,2,57787,25.0,11944700.0,2508109513.295424,True
11/4/13,2013-11-04 23:50:00,227.66147456,229.50558596599998,267983,2,57983,25.0,11949600.0,2720463556.402176,True
11/5/13,2013-11-05 23:50:00,242.853461094,249.73730922199996,268158,2,58158,25.0,11953975.0,2903064202.5811486,True
11/6/13,2013-11-06 23:50:00,263.374069342,264.047233806,268321,2,58321,25.0,11958050.0,3149440289.895103,True
11/7/13,2013-11-07 23:50:00,290.83761704799997,296.76083575399997,268464,2,58464,25.0,11961625.0,3478890511.021783,True
11/8/13,2013-11-08 23:50:00,334.186408682,334.186408682,268599,2,58599,25.0,11965000.0,3998540379.88013,True
11/9/13,2013-11-09 23:50:00,334.87924823,361.538459858,268745,2,58745,25.0,11968650.0,4008052514.327989,True
11/10/13,2013-11-10 23:50:00,325.439078968,335.42843136799996,268916,2,58916,25.0,11972925.0,3896457684.5529413,True
11/11/13,2013-11-11 23:50:00,343.79950985600004,347.88441095800005,269104,2,59104,25.0,11977625.0,4117901604.2389727,True
11/12/13,2013-11-12 23:50:00,354.930332458,356.331559016,269304,2,59304,25.0,11982625.0,4252997074.9695425,True
11/13/13,2013-11-13 23:50:00,394.190255216,399.84564538999996,269473,2,59473,25.0,11986850.0,4725099460.735909,True
11/14/13,2013-11-14 23:50:00,415.85714820000004,421.809754918,269657,2,59657,25.0,11991450.0,4986730199.78289,True
11/15/13,2013-11-15 23:50:00,413.605101372,431.09606148599994,269822,2,59822,25.0,11995575.0,4961431013.890429,True
11/16/13,2013-11-16 23:50:00,436.62648168000004,445.50941685600003,270016,2,60016,25.0,12000425.0,5239703346.414715,True
11/17/13,2013-11-17 23:50:00,474.85068540400005,479.97240142,270203,2,60203,25.0,12005100.0,5700629963.343561,True
11/18/13,2013-11-18 23:50:00,667.042706084,667.042706084,270359,2,60359,25.0,12009000.0,8010515857.362756,True
11/19/13,2013-11-19 23:50:00,540.536009962,725.592048472,270520,2,60520,25.0,12013025.0,6493472601.073755,True
11/20/13,2013-11-20 23:50:00,598.564391,615.02347841,270682,2,60682,25.0,12017075.0,7192993178.976325,True
11/21/13,2013-11-21 23:50:00,719.821885452,727.601291976,270833,2,60833,25.0,12020850.0,8652870911.735674,True
11/22/13,2013-11-22 23:50:00,796.079284704,799.142438512,271003,2,61003,25.0,12025100.0,9572933006.49407,True
11/23/13,2013-11-23 23:50:00,829.5318394279999,873.5742137159999,271176,2,61176,25.0,12029425.0,9978791047.511168,True
11/24/13,2013-11-24 23:50:00,804.06619701,841.109833798,271343,2,61343,25.0,12033600.0,9675810988.339537,True
11/25/13,2013-11-25 23:50:00,813.3048949680001,837.3609343759999,271515,2,61515,25.0,12037900.0,9790482995.135288,True
11/26/13,2013-11-26 23:50:00,916.060529778,916.664166702,271675,2,61675,25.0,12041900.0,11031109293.533699,True
11/27/13,2013-11-27 23:50:00,964.312489128,967.559267196,271846,2,61846,25.0,12046175.0,11616276998.721485,True
11/28/13,2013-11-28 23:50:00,1012.81292734,1046.99880838,272030,2,62030,25.0,12050775.0,12205180704.465689,True
11/29/13,2013-11-29 23:50:00,1133.75527568,1138.32634288,272202,2,62202,25.0,12055075.0,13667504879.968077,True
11/30/13,2013-11-30 23:50:00,1118.0154046600003,1162.6416863,272379,2,62379,25.0,12059500.0,13482706772.497274,True
12/1/13,2013-12-01 23:50:00,953.1359506659999,1121.3320785399999,272572,2,62572,25.0,12064325.0,11498941878.018589,True
12/2/13,2013-12-02 23:50:00,1041.96372376,1047.56334376,272731,2,62731,25.0,12068300.0,12574730807.452808,True
12/3/13,2013-12-03 23:50:00,1054.16594214,1085.1927207,272931,2,62931,25.0,12073300.0,12727261669.238861,True
12/4/13,2013-12-04 23:50:00,1134.39085984,1150.91549076,273102,2,63102,25.0,12077575.0,13700690689.03209,True
12/5/13,2013-12-05 23:50:00,1026.00829634,1138.42,273274,2,63274,25.0,12081875.0,12396103985.342838,True
12/6/13,2013-12-06 23:50:00,811.3518261880001,1027.5543814799998,273481,2,63481,25.0,12087050.0,9806850090.725666,True
12/7/13,2013-12-07 23:50:00,693.824481394,835.5067195279998,273676,2,63676,25.0,12091925.0,8389673592.180143,True
12/8/13,2013-12-08 23:50:00,786.5764829899999,789.163334508,273870,2,63870,25.0,12096775.0,9515038735.021357,True
12/9/13,2013-12-09 23:50:00,897.73743765,898.2590932599999,274045,2,64045,25.0,12101150.0,10863655393.618298,True
12/10/13,2013-12-10 23:50:00,979.69510658,987.958598034,274240,2,64240,25.0,12106025.0,11860213452.635145,True
12/11/13,2013-12-11 23:50:00,877.395064578,984.5195698740001,274403,2,64403,25.0,12110100.0,10625341971.546038,True
12/12/13,2013-12-12 23:50:00,873.043849604,891.2978700219999,274568,2,64568,25.0,12114225.0,10576249628.969017,True
12/13/13,2013-12-13 23:50:00,885.3134358740001,920.0090347559999,274740,2,64740,25.0,12118525.0,10728693005.474968,True
12/14/13,2013-12-14 23:50:00,852.01974842,882.8492295399999,274939,2,64939,25.0,12123500.0,10329461419.96987,True
12/15/13,2013-12-15 23:50:00,861.894691022,869.4555445040002,275115,2,65115,25.0,12127900.0,10452972623.245714,True
12/16/13,2013-12-16 23:50:00,690.700953712,863.3773848179999,275317,2,65317,25.0,12132950.0,8380240136.340011,True
12/17/13,2013-12-17 23:50:00,675.8618964919999,745.564628074,275521,2,65521,25.0,12138050.0,8203645492.71472,True
12/18/13,2013-12-18 23:50:00,520.8357772840001,676.562971524,275719,2,65719,25.0,12143000.0,6324508843.559613,True
12/19/13,2013-12-19 23:50:00,684.727403898,690.0992743039999,275944,2,65944,25.0,12148625.0,8318496457.180341,True
12/20/13,2013-12-20 23:50:00,607.9770523139999,718.80606365,276122,2,66122,25.0,12153075.0,7388790715.050964,True
12/21/13,2013-12-21 23:50:00,597.4978388019999,646.8398855060001,276285,2,66285,25.0,12157150.0,7263870850.991734,True
12/22/13,2013-12-22 23:50:00,613.3973363260001,663.168934794,276453,2,66453,25.0,12161350.0,7459739696.128201,True
12/23/13,2013-12-23 23:50:00,657.355982328,661.877328236,276623,2,66623,25.0,12165600.0,7997129938.609516,True
12/24/13,2013-12-24 23:50:00,652.445016424,666.4460728320001,276794,2,66794,25.0,12169875.0,7940174294.253027,True
12/25/13,2013-12-25 23:50:00,679.4395154160001,679.957741186,276954,2,66954,25.0,12173875.0,8271411730.734958,True
12/26/13,2013-12-26 23:50:00,747.7618741939999,762.0598928720001,277136,2,67136,25.0,12178425.0,9106561902.731064,True
12/27/13,2013-12-27 23:50:00,723.730979262,761.284559598,277320,2,67320,25.0,12183025.0,8817232613.623428,True
12/28/13,2013-12-28 23:50:00,714.999117648,734.161478202,277470,2,67470,25.0,12186775.0,8713533371.974705,True
12/29/13,2013-12-29 23:50:00,728.090297256,729.589763104,277636,2,67636,25.0,12190925.0,8876094207.075602,True
12/30/13,2013-12-30 23:50:00,735.9660303120002,739.905454316,277809,2,67809,25.0,12195250.0,8975289731.16242,True
12/31/13,2013-12-31 23:50:00,731.9532930060001,736.9709560200001,277995,2,67995,25.0,12199900.0,8929756979.3439,True
1/1/14,2014-01-01 23:50:00,753.405480556,753.405480556,278197,2,68197,25.0,12204950.0,9195276219.911953,True
1/2/14,2014-01-02 23:50:00,784.280603894,798.2436427300001,278331,2,68331,25.0,12208300.0,9574732896.519121,True
1/3/14,2014-01-03 23:50:00,807.915916232,816.864470154,278493,2,68493,25.0,12212350.0,9866551939.595865,True
1/4/14,2014-01-04 23:50:00,828.7459845879999,828.7459845879999,278634,2,68634,25.0,12215875.0,10123857354.478933,True
1/5/14,2014-01-05 23:50:00,904.7600750739999,933.1198898659999,278827,2,68827,25.0,12220700.0,11056801449.456831,True
1/6/14,2014-01-06 23:50:00,917.382725522,992.010758382,279014,2,69014,25.0,12225375.0,11215347838.02852,True
1/7/14,2014-01-07 23:50:00,789.593524042,941.5973600340001,279192,2,69192,25.0,12229825.0,9656590620.166952,True
1/8/14,2014-01-08 23:50:00,822.864923038,846.3530251660001,279385,2,69385,25.0,12234650.0,10067464330.646868,True
1/9/14,2014-01-09 23:50:00,825.8665006040001,844.7333391100001,279591,2,69591,25.0,12239800.0,10108440794.09284,True
1/10/14,2014-01-10 23:50:00,854.445450584,858.6030641519999,279779,2,69779,25.0,12244500.0,10462257319.675789,True
1/11/14,2014-01-11 23:50:00,893.6831232820001,906.1289698759999,279989,2,69989,25.0,12249750.0,10947394839.423681,True
1/12/14,2014-01-12 23:50:00,843.286613774,902.1312939739998,280193,2,70193,25.0,12254850.0,10334350958.808304,True
1/13/14,2014-01-13 23:50:00,822.530427934,843.4415755160001,280364,2,70364,25.0,12259125.0,10083503332.346397,True
1/14/14,2014-01-14 23:50:00,815.996819406,835.569245834,280526,2,70526,25.0,12263175.0,10006711795.819174,True
1/15/14,2014-01-15 23:50:00,840.1151583520001,848.86299475,280710,2,70710,25.0,12267775.0,10306343736.751707,True
1/16/14,2014-01-16 23:50:00,814.4962523859999,847.4831204580001,280894,2,70894,25.0,12272375.0,9995803445.375635,True
1/17/14,2014-01-17 23:50:00,794.5266687980001,818.887922492,281046,2,71046,25.0,12276175.0,9753748428.33129,True
1/18/14,2014-01-18 23:50:00,811.37762176,815.960237154,281221,2,71221,25.0,12280550.0,9964163452.904768,True
1/19/14,2014-01-19 23:50:00,841.4564324119999,841.4564324119999,281389,2,71389,25.0,12284750.0,10337081908.073317,True
1/20/14,2014-01-20 23:50:00,826.696425026,844.42515927,281586,2,71586,25.0,12289675.0,10159830387.231407,True
1/21/14,2014-01-21 23:50:00,824.875769878,833.821904742,281751,2,71751,25.0,12293800.0,10140857739.726156,True
1/22/14,2014-01-22 23:50:00,818.534270204,824.147941736,281943,2,71943,25.0,12298600.0,10066825575.530914,True
1/23/14,2014-01-23 23:50:00,810.869203164,822.9976800000001,282120,2,72120,25.0,12303025.0,9976144078.256771,True
1/24/14,2014-01-24 23:50:00,779.3849452420001,809.233862198,282310,2,72310,25.0,12307775.0,9592494544.425858,True
1/25/14,2014-01-25 23:50:00,805.652675222,816.48402698,282475,2,72475,25.0,12311900.0,9919115172.06574,True
1/26/14,2014-01-26 23:50:00,814.847146534,831.98114621,282626,2,72626,25.0,12315675.0,10035392631.39012,True
1/27/14,2014-01-27 23:50:00,746.678657078,822.597016814,282801,2,72801,25.0,12320050.0,9199118389.133814,True
1/28/14,2014-01-28 23:50:00,785.9504199859999,810.724223518,282953,2,72953,25.0,12323850.0,9685935083.344465,True
1/29/14,2014-01-29 23:50:00,794.098192396,804.5652399560001,283106,2,73106,25.0,12327675.0,9789384433.945358,True
1/30/14,2014-01-30 23:50:00,799.5229998400001,809.398222184,283283,2,73283,25.0,12332100.0,9859797586.326866,True
1/31/14,2014-01-31 23:50:00,802.998525562,808.890884554,283465,2,73465,25.0,12336650.0,9906311760.374449,True
2/1/14,2014-02-01 23:50:00,813.159890274,825.783272108,283656,2,73656,25.0,12341425.0,10035551798.8248,True
2/2/14,2014-02-02 23:50:00,814.932732602,824.734313406,283841,2,73841,25.0,12346050.0,10061200263.340921,True
2/3/14,2014-02-03 23:50:00,808.5,814.99,284023,2,74023,25.0,12350600.0,9985460100.0,True
2/4/14,2014-02-04 23:50:00,801.39173376,811.6554764059999,284194,2,74194,25.0,12354875.0,9901094696.638079,True
2/5/14,2014-02-05 23:50:00,780.917515036,806.900018742,284360,2,74360,25.0,12359025.0,9651379091.267801,True
2/6/14,2014-02-06 23:50:00,762.981093598,794.7865371519999,284543,2,74543,25.0,12363600.0,9433193048.808233,True
2/7/14,2014-02-07 23:50:00,708.3660443880001,762.9350615340002,284698,2,74698,25.0,12367475.0,8760699344.817482,True
2/8/14,2014-02-08 23:50:00,679.578138862,721.3780746279999,284880,2,74880,25.0,12372025.0,8407757723.454135,True
2/9/14,2014-02-09 23:50:00,687.314088924,724.480135904,285020,2,75020,25.0,12375525.0,8505872690.331184,True
2/10/14,2014-02-10 23:50:00,688.4182184199999,702.8443287460001,285175,2,75175,25.0,12379400.0,8522204493.108547,True
2/11/14,2014-02-11 23:50:00,675.110840662,714.6646698960001,285340,2,75340,25.0,12383525.0,8360251973.108893,True
2/12/14,2014-02-12 23:50:00,652.543163334,683.4743409380001,285516,2,75516,25.0,12387925.0,8083655766.644342,True
2/13/14,2014-02-13 23:50:00,605.83889448,659.407133664,285695,2,75695,25.0,12392400.0,7507797915.953952,True
2/14/14,2014-02-14 23:50:00,670.0066271759999,704.5447892580002,285887,2,75887,25.0,12397200.0,8306206158.426307,True
2/15/14,2014-02-15 23:50:00,655.269274756,670.610044198,286071,2,76071,25.0,12401800.0,8126518491.668961,True
2/16/14,2014-02-16 23:50:00,620.641121662,668.997483386,286268,2,76268,25.0,12406725.0,7700123720.151978,True
2/17/14,2014-02-17 23:50:00,632.4809440480001,661.1693622159999,286423,2,76423,25.0,12410600.0,7849468004.20211,True
2/18/14,2014-02-18 23:50:00,629.1273936299999,649.779516686,286587,2,76587,25.0,12414700.0,7810427853.6983595,True
2/19/14,2014-02-19 23:50:00,624.838114922,635.8688232480001,286787,2,76787,25.0,12419700.0,7760301935.896764,True
2/20/14,2014-02-20 23:50:00,562.5895875420001,630.42335244,286963,2,76963,25.0,12424100.0,6989669294.580564,True
2/21/14,2014-02-21 23:50:00,581.290525096,587.177681538,287116,2,77116,25.0,12427925.0,7224235049.103706,True
2/22/14,2014-02-22 23:50:00,611.552214376,614.110857464,287295,2,77295,25.0,12432400.0,7603061750.0081835,True
2/23/14,2014-02-23 23:50:00,608.198850544,644.73751523,287461,2,77461,25.0,12436550.0,7563895414.732984,True
2/24/14,2014-02-24 23:50:00,536.8594994299999,609.473733156,287654,2,77654,25.0,12441375.0,6679270354.720915,True
2/25/14,2014-02-25 23:50:00,536.2111523420001,538.8019240860001,287816,2,77816,25.0,12445425.0,6673375680.635937,True
2/26/14,2014-02-26 23:50:00,585.5174387139999,607.661647632,287998,2,77998,25.0,12449975.0,7289677474.053331,True
2/27/14,2014-02-27 23:50:00,583.057392048,598.801086342,288188,2,78188,25.0,12454725.0,7261819477.175027,True
2/28/14,2014-02-28 23:50:00,551.4270378320001,588.3639457740001,288368,2,78368,25.0,12459225.0,6870353535.432402,True
3/1/14,2014-03-01 23:50:00,566.7533114280001,575.483961518,288511,2,78511,25.0,12462800.0,7063333169.66488,True
3/2/14,2014-03-02 23:50:00,563.2946821140001,570.536677432,288653,2,78653,25.0,12466350.0,7022228660.371865,True
3/3/14,2014-03-03 23:50:00,676.820067156,700.381461494,288797,2,78797,25.0,12469950.0,8439912396.431963,True
3/4/14,2014-03-04 23:50:00,673.387906086,698.3208707240001,288947,2,78947,25.0,12473700.0,8399638724.144938,True
3/5/14,2014-03-05 23:50:00,670.1076203939999,678.596890334,289106,2,79106,25.0,12477675.0,8361385102.299703,True
3/6/14,2014-03-06 23:50:00,669.219942962,674.333896218,289278,2,79278,25.0,12481975.0,8353186597.55311,True
3/7/14,2014-03-07 23:50:00,632.308556588,669.443804528,289444,2,79444,25.0,12486125.0,7895083676.127341,True
3/8/14,2014-03-08 23:50:00,620.6247192339999,637.6722727939999,289611,2,79611,25.0,12490300.0,7751788930.64843,True
3/9/14,2014-03-09 23:50:00,638.418612898,647.8221102200001,289792,2,79792,25.0,12494825.0,7976928844.903253,True
3/10/14,2014-03-10 23:50:00,629.382,645.68799864,289940,2,79940,25.0,12498525.0,7866346661.549999,True
3/11/14,2014-03-11 23:50:00,635.03872797,638.70285338,290109,2,80109,25.0,12502750.0,7939730456.126917,True
3/12/14,2014-03-12 23:50:00,633.854888054,652.618486608,290290,2,80290,25.0,12507275.0,7927797394.985592,True
3/13/14,2014-03-13 23:50:00,641.6025862160001,648.76899942,290452,2,80452,25.0,12511325.0,8027298476.988897,True
3/14/14,2014-03-14 23:50:00,629.8350340720001,644.098442126,290584,2,80584,25.0,12514625.0,7882149263.273304,True
3/15/14,2014-03-15 23:50:00,637.415090218,639.8207474799999,290751,2,80751,25.0,12518800.0,7979672031.421099,True
3/16/14,2014-03-16 23:50:00,634.8101052919999,637.5155288059999,290922,2,80922,25.0,12523075.0,7949774559.329612,True
3/17/14,2014-03-17 23:50:00,622.84479101,634.856,291083,2,81083,25.0,12527100.0,7802438981.46137,True
3/18/14,2014-03-18 23:50:00,614.438939238,623.840735556,291229,2,81229,25.0,12530750.0,7699380737.856568,True
3/19/14,2014-03-19 23:50:00,611.19495134,620.9851802139999,291388,2,81388,25.0,12534725.0,7661160636.435282,True
3/20/14,2014-03-20 23:50:00,586.953250296,610.26,291565,2,81565,25.0,12539150.0,7359894848.449088,True
3/21/14,2014-03-21 23:50:00,570.012095636,606.2037885540001,291751,2,81751,25.0,12543800.0,7150117725.238857,True
3/22/14,2014-03-22 23:50:00,564.545464148,571.6457800780001,291922,2,81922,25.0,12548075.0,7083958825.038915,True
3/23/14,2014-03-23 23:50:00,559.690294744,568.6423220180001,292136,2,82136,25.0,12553425.0,7026030138.296698,True
3/24/14,2014-03-24 23:50:00,584.911571278,589.537045476,292322,2,82322,25.0,12558075.0,7345363380.47697,True
3/25/14,2014-03-25 23:50:00,583.845073968,586.027563316,292479,2,82479,25.0,12562000.0,7334261819.186015,True
3/26/14,2014-03-26 23:50:00,579.087233466,590.0236645,292640,2,82640,25.0,12566025.0,7276824652.914593,True
3/27/14,2014-03-27 23:50:00,472.14433733800007,580.550727272,292808,2,82808,25.0,12570225.0,5934960552.814562,True
3/28/14,2014-03-28 23:50:00,501.09610014200007,523.553442424,292985,2,82985,25.0,12574650.0,6301108075.650601,True
3/29/14,2014-03-29 23:50:00,491.9478371900001,507.17240867199996,293158,2,83158,25.0,12578975.0,6188199545.317081,True
3/30/14,2014-03-30 23:50:00,458.77462072399993,490.472980656,293301,2,83301,25.0,12582550.0,5772554603.990766,True
3/31/14,2014-03-31 23:50:00,457.02355456799995,483.214619744,293481,2,83481,25.0,12587050.0,5752578332.525144,True
4/1/14,2014-04-01 23:50:00,479.31229068600004,502.414111444,293651,2,83651,25.0,12591300.0,6035164845.714632,True
4/2/14,2014-04-02 23:50:00,439.626726544,492.51446776399996,293848,2,83848,25.0,12596225.0,5537637163.561696,True
4/3/14,2014-04-03 23:50:00,449.53955801,456.66556583199997,294053,2,84053,25.0,12601350.0,5664805309.329313,True
4/4/14,2014-04-04 23:50:00,451.900550232,457.219597226,294249,2,84249,25.0,12606250.0,5696771311.36215,True
4/5/14,2014-04-05 23:50:00,463.62556298400006,463.62556298400006,294417,2,84417,25.0,12610450.0,5846526980.731584,True
4/6/14,2014-04-06 23:50:00,457.883594364,464.93999999999994,294570,2,84570,25.0,12614275.0,5775869577.295946,True
4/7/14,2014-04-07 23:50:00,448.95518037,461.915063894,294721,2,84721,25.0,12618050.0,5664938913.667679,True
4/8/14,2014-04-08 23:50:00,453.33637541999997,458.71653437,294855,2,84855,25.0,12621400.0,5721739728.725987,True
4/9/14,2014-04-09 23:50:00,443.06191353799994,456.94555087399993,295015,2,85015,25.0,12625400.0,5593833883.182665,True
4/10/14,2014-04-10 23:50:00,363.851086082,441.9999999999999,295171,2,85171,25.0,12629300.0,4595184521.455402,True
4/11/14,2014-04-11 23:50:00,423.4131448,429.65881437199994,295339,2,85339,25.0,12633500.0,5349189964.8308,True
4/12/14,2014-04-12 23:50:00,423.368963092,439.19413808,295502,2,85502,25.0,12637575.0,5350357023.747382,True
4/13/14,2014-04-13 23:50:00,416.86460415399995,427.74639038799995,295688,2,85688,25.0,12642225.0,5270096120.250802,True
4/14/14,2014-04-14 23:50:00,459.09800582400004,473.61896831399997,295880,2,85880,25.0,12647025.0,5806223957.106274,True
4/15/14,2014-04-15 23:50:00,522.29491627,522.96018809,296063,2,86063,25.0,12651600.0,6607866362.681533,True
4/16/14,2014-04-16 23:50:00,527.687720992,546.786017148,296221,2,86221,25.0,12655550.0,6678178337.400306,True
4/17/14,2014-04-17 23:50:00,498.366678046,533.3854130220001,296391,2,86391,25.0,12659800.0,6309222470.726751,True
4/18/14,2014-04-18 23:50:00,482.26565610000006,501.63446308000005,296546,2,86546,25.0,12663675.0,6107255532.512168,True
4/19/14,2014-04-19 23:50:00,504.842390182,505.57649687800006,296710,2,86710,25.0,12667775.0,6395229809.287785,True
4/20/14,2014-04-20 23:50:00,500.39539342999996,514.791951104,296888,2,86888,25.0,12672225.0,6341123014.508481,True
4/21/14,2014-04-21 23:50:00,497.251879218,513.652567866,297060,2,87060,25.0,12676525.0,6303425878.203958,True
4/22/14,2014-04-22 23:50:00,489.99280993799994,504.18621036599995,297213,2,87213,25.0,12680350.0,6213280327.497317,True
4/23/14,2014-04-23 23:50:00,492.0000000000001,495.2,297379,2,87379,25.0,12684500.0,6240774000.000002,True
4/24/14,2014-04-24 23:50:00,502.220952572,503.90979503799997,297530,2,87530,25.0,12688275.0,6372317556.995493,True
4/25/14,2014-04-25 23:50:00,466.88685158400006,501.773607938,297712,2,87712,25.0,12692825.0,5926113101.956685,True
4/26/14,2014-04-26 23:50:00,461.04532600000005,468.89388156800004,297872,2,87872,25.0,12696825.0,5853811821.28995,True
4/27/14,2014-04-27 23:50:00,434.374768044,461.439746388,298051,2,88051,25.0,12701300.0,5517124241.357257,True
4/28/14,2014-04-28 23:50:00,442.82037402,450.85159095999995,298203,2,88203,25.0,12705100.0,5626077133.961502,True
4/29/14,2014-04-29 23:50:00,448.0,453.338199522,298373,2,88373,25.0,12709350.0,5693788800.0,True
4/30/14,2014-04-30 23:50:00,448.89941997000005,451.2428811799999,298510,2,88510,25.0,12712775.0,5706757323.709118,True
5/1/14,2014-05-01 23:50:00,460.70126204400003,464.872351892,298688,2,88688,25.0,12717225.0,5858841607.197508,True
5/2/14,2014-05-02 23:50:00,454.35562384599996,462.491603938,298849,2,88849,25.0,12721250.0,5779971479.850927,True
5/3/14,2014-05-03 23:50:00,439.87207680600005,454.09799999999996,298991,2,88991,25.0,12724800.0,5597284202.9409895,True
5/4/14,2014-05-04 23:50:00,437.933060358,441.81798608199995,299142,2,89142,25.0,12728575.0,5574263803.746329,True
5/5/14,2014-05-05 23:50:00,433.0,442.357374342,299267,2,89267,25.0,12731700.0,5512826100.0,True
5/6/14,2014-05-06 23:50:00,428.01000000000005,433.310253954,299460,2,89460,25.0,12736525.0,5451360065.250001,True
5/7/14,2014-05-07 23:50:00,440.92028681400006,451.47113523199994,299619,2,89619,25.0,12740500.0,5617544914.153768,True
5/8/14,2014-05-08 23:50:00,439.0813533279999,448.95728211799997,299785,2,89785,25.0,12744650.0,5595938169.691694,True
5/9/14,2014-05-09 23:50:00,451.468934602,456.555571592,299956,2,89956,25.0,12748925.0,5755743587.070803,True
5/10/14,2014-05-10 23:50:00,456.543988148,458.260307828,300132,2,90132,25.0,12753325.0,5822453857.647592,True
5/11/14,2014-05-11 23:50:00,439.14571257999995,457.85035877,300288,2,90288,25.0,12757225.0,5602280663.16839,True
5/12/14,2014-05-12 23:50:00,442.46349,443.356472382,300451,2,90451,25.0,12761300.0,5646409334.936999,True
5/13/14,2014-05-13 23:50:00,439.10721898599996,442.63507751,300612,2,90612,25.0,12765325.0,5605346360.20246,True
5/14/14,2014-05-14 23:50:00,445.75451883200003,449.257811392,300762,2,90762,25.0,12769075.0,5691872882.554721,True
5/15/14,2014-05-15 23:50:00,446.33672478999995,451.887377992,300934,2,90934,25.0,12773375.0,5701226362.014465,True
5/16/14,2014-05-16 23:50:00,447.269647738,452.0035090519999,301112,2,91112,25.0,12777825.0,5715133286.60781,True
5/17/14,2014-05-17 23:50:00,450.0057898,451.37991083,301287,2,91287,25.0,12782200.0,5752064006.38156,True
5/18/14,2014-05-18 23:50:00,446.898,451.41,301455,2,91455,25.0,12786400.0,5714216587.200001,True
5/19/14,2014-05-19 23:50:00,448.17908049199997,450.0,301628,2,91628,25.0,12790725.0,5732535369.326036,True
5/20/14,2014-05-20 23:50:00,489.19391193599995,496.746291164,301805,2,91805,25.0,12795150.0,6259309482.30791,True
5/21/14,2014-05-21 23:50:00,493.694430672,498.572189074,301980,2,91980,25.0,12799525.0,6319054207.747031,True
5/22/14,2014-05-22 23:50:00,529.49782271,529.49782271,302152,2,92152,25.0,12803825.0,6779597459.859866,True
5/23/14,2014-05-23 23:50:00,523.491528154,546.619101242,302317,2,92317,25.0,12807950.0,6704853318.020024,True
5/24/14,2014-05-24 23:50:00,528.214489126,528.591661966,302472,2,92472,25.0,12811825.0,6767391597.146715,True
5/25/14,2014-05-25 23:50:00,573.07334608,583.7917739100001,302632,2,92632,25.0,12815825.0,7344407715.525716,True
5/26/14,2014-05-26 23:50:00,583.558250216,590.83799376,302787,2,92787,25.0,12819700.0,7481041700.294056,True
5/27/14,2014-05-27 23:50:00,573.185524618,593.424321314,302925,2,92925,25.0,12823150.0,7350043960.005307,True
5/28/14,2014-05-28 23:50:00,580.266611644,582.2339070060001,303094,2,93094,25.0,12827375.0,7443297427.536955,True
5/29/14,2014-05-29 23:50:00,570.35,581.7380530620001,303236,2,93236,25.0,12830925.0,7318118073.75,True
5/30/14,2014-05-30 23:50:00,621.18,626.292907924,303403,2,93403,25.0,12835100.0,7972907417.999999,True
5/31/14,2014-05-31 23:50:00,627.3743539159999,628.450005546,303550,2,93550,25.0,12838775.0,8054718170.697891,True
6/1/14,2014-06-01 23:50:00,629.8553311400001,680.851486954,303725,2,93725,25.0,12843150.0,8089326496.1306925,True
6/2/14,2014-06-02 23:50:00,662.0855888839999,673.579505956,303917,2,93917,25.0,12847950.0,8506442541.702187,True
6/3/14,2014-06-03 23:50:00,669.938043516,679.2614513599999,304095,2,94095,25.0,12852400.0,8610311710.485039,True
6/4/14,2014-06-04 23:50:00,642.357380702,672.9026971259999,304276,2,94276,25.0,12856925.0,8258740666.882061,True
6/5/14,2014-06-05 23:50:00,661.48,667.1978702120001,304430,2,94430,25.0,12860775.0,8507145447.0,True
6/6/14,2014-06-06 23:50:00,649.0938278240001,661.899157036,304568,2,94568,25.0,12864225.0,8350089047.239198,True
6/7/14,2014-06-07 23:50:00,657.122319458,657.122319458,304724,2,94724,25.0,12868125.0,8455932147.075476,True
6/8/14,2014-06-08 23:50:00,657.9504511279999,660.2814189200001,304859,2,94859,25.0,12871500.0,8468809231.694051,True
6/9/14,2014-06-09 23:50:00,648.3175507240001,658.3925460739999,305013,2,95013,25.0,12875350.0,8347315376.714254,True
6/10/14,2014-06-10 23:50:00,648.549935972,657.099242474,305182,2,95182,25.0,12879575.0,8353047541.596571,True
6/11/14,2014-06-11 23:50:00,622.5026906339999,651.478232,305327,2,95327,25.0,12883200.0,8019826663.975947,True
6/12/14,2014-06-12 23:50:00,571.006454714,629.996438766,305499,2,95499,25.0,12887500.0,7358845685.126676,True
6/13/14,2014-06-13 23:50:00,591.983880914,610.874571434,305663,2,95663,25.0,12891600.0,7631619399.190923,True
6/14/14,2014-06-14 23:50:00,568.1956108239999,592.2302257540001,305839,2,95839,25.0,12896000.0,7327450597.186303,True
6/15/14,2014-06-15 23:50:00,590.40657709,590.40657709,306032,2,96032,25.0,12900825.0,7616731929.8871,True
6/16/14,2014-06-16 23:50:00,586.980456142,609.096021656,306220,2,96220,25.0,12905525.0,7575290951.251985,True
6/17/14,2014-06-17 23:50:00,606.443230048,608.250972174,306403,2,96403,25.0,12910100.0,7829242744.242685,True
6/18/14,2014-06-18 23:50:00,607.0,615.4901727099999,306561,2,96561,25.0,12914050.0,7838828350.0,True
6/19/14,2014-06-19 23:50:00,593.11789317,609.4217152939999,306726,2,96726,25.0,12918175.0,7662000739.601365,True
6/20/14,2014-06-20 23:50:00,588.950932812,597.804257044,306915,2,96915,25.0,12922900.0,7610954009.636195,True
6/21/14,2014-06-21 23:50:00,589.036790108,594.142522956,307100,2,97100,25.0,12927525.0,7614787830.040922,True
6/22/14,2014-06-22 23:50:00,600.0404249320001,604.5528050679999,307281,2,97281,25.0,12932050.0,7759752777.241872,True
6/23/14,2014-06-23 23:50:00,588.193980926,601.0,307457,2,97457,25.0,12936450.0,7609142024.550153,True
6/24/14,2014-06-24 23:50:00,573.3281355759999,588.241884328,307641,2,97641,25.0,12941050.0,7419468068.895794,True
6/25/14,2014-06-25 23:50:00,560.4947890579999,577.9788527200001,307831,2,97831,25.0,12945800.0,7256053440.187056,True
6/26/14,2014-06-26 23:50:00,579.622750878,579.770338962,308003,2,98003,25.0,12950100.0,7506172586.145188,True
6/27/14,2014-06-27 23:50:00,599.929629306,599.929629306,308194,2,98194,25.0,12954875.0,7772013356.455567,True
6/28/14,2014-06-28 23:50:00,590.5955207659999,603.6973131300001,308380,2,98380,25.0,12959525.0,7653837416.254995,True
6/29/14,2014-06-29 23:50:00,599.89,601.1373876260001,308538,2,98538,25.0,12963475.0,7776659017.75,True
6/30/14,2014-06-30 23:50:00,638.68650652,646.4998483659999,308671,2,98671,25.0,12966800.0,8281720192.743536,True
7/1/14,2014-07-01 23:50:00,639.157792748,658.203095624,308804,2,98804,25.0,12970125.0,8289956466.665654,True
7/2/14,2014-07-02 23:50:00,650.071232986,656.784018618,308941,2,98941,25.0,12973550.0,8433731644.705521,True
7/3/14,2014-07-03 23:50:00,646.6670635520001,652.25974364,309079,2,99079,25.0,12977000.0,8391798483.714305,True
7/4/14,2014-07-04 23:50:00,627.258726514,649.9945791580001,309246,2,99246,25.0,12981175.0,8142555299.155375,True
7/5/14,2014-07-05 23:50:00,630.747663504,632.8361093,309397,2,99397,25.0,12984950.0,8190226873.216265,True
7/6/14,2014-07-06 23:50:00,631.4238304700001,637.59940112,309539,2,99539,25.0,12988500.0,8201248422.059596,True
7/7/14,2014-07-07 23:50:00,622.774120722,635.852833808,309690,2,99690,25.0,12992275.0,8091252639.303423,True
7/8/14,2014-07-08 23:50:00,624.2982841780001,626.22,309840,2,99840,25.0,12996025.0,8113396108.634394,True
7/9/14,2014-07-09 23:50:00,621.8734082320001,626.583131912,310005,2,100005,25.0,13000150.0,8084447588.027236,True
7/10/14,2014-07-10 23:50:00,616.775924134,623.819217,310153,2,100153,25.0,13003850.0,8020461601.049915,True
7/11/14,2014-07-11 23:50:00,634.129679252,634.7203175279999,310307,2,100307,25.0,13007700.0,8248568628.80624,True
7/12/14,2014-07-12 23:50:00,636.46644725,639.427707952,310466,2,100466,25.0,13011675.0,8281494560.021644,True
7/13/14,2014-07-13 23:50:00,630.5449909639999,638.326275902,310627,2,100627,25.0,13015700.0,8206984438.890134,True
7/14/14,2014-07-14 23:50:00,619.701223542,631.893335174,310763,2,100763,25.0,13019100.0,8067952199.415652,True
7/15/14,2014-07-15 23:50:00,623.5592835140001,624.94,310921,2,100921,25.0,13023050.0,8120643727.166999,True
7/16/14,2014-07-16 23:50:00,615.9106732139999,624.49,311065,2,101065,25.0,13026650.0,8023252771.223151,True
7/17/14,2014-07-17 23:50:00,623.7643585440001,628.688185908,311237,2,101237,25.0,13030950.0,8128242167.968938,True
7/18/14,2014-07-18 23:50:00,631.42881345,632.281170302,311407,2,101407,25.0,13035200.0,8230800869.08344,True
7/19/14,2014-07-19 23:50:00,629.726,631.8279043140001,311585,2,101585,25.0,13039650.0,8211406635.9,True
7/20/14,2014-07-20 23:50:00,625.846605424,629.938,311740,2,101740,25.0,13043525.0,8163245844.01308,True
7/21/14,2014-07-21 23:50:00,621.830136434,627.0069327819999,311897,2,101897,25.0,13047450.0,8113297613.615793,True
7/22/14,2014-07-22 23:50:00,619.567647252,624.797737164,312039,2,102039,25.0,13051000.0,8085977364.285852,True
7/23/14,2014-07-23 23:50:00,619.926984708,622.9789442139999,312184,2,102184,25.0,13054625.0,8092914312.743674,True
7/24/14,2014-07-24 23:50:00,603.820880232,621.9553541880001,312327,2,102327,25.0,13058200.0,7884813818.245502,True
7/25/14,2014-07-25 23:50:00,602.8812411219999,608.874000712,312490,2,102490,25.0,13062275.0,7875000563.876871,True
7/26/14,2014-07-26 23:50:00,595.95700884,602.9486866679999,312625,2,102625,25.0,13065650.0,7786565692.550345,True
7/27/14,2014-07-27 23:50:00,591.9597686699999,602.488909126,312778,2,102778,25.0,13069475.0,7736603397.638347,True
7/28/14,2014-07-28 23:50:00,589.3779206380001,594.7500000000001,312927,2,102927,25.0,13073200.0,7705055432.0847025,True
7/29/14,2014-07-29 23:50:00,585.1045461199999,591.25984989,313077,2,103077,25.0,13076950.0,7651382894.383933,True
7/30/14,2014-07-30 23:50:00,563.3470577280001,585.909739612,313248,2,103248,25.0,13081225.0,7369269615.227958,True
7/31/14,2014-07-31 23:50:00,582.037732788,588.9192623360001,313397,2,103397,25.0,13084950.0,7615934631.6443405,True
8/1/14,2014-08-01 23:50:00,598.2,606.11513839,313559,2,103559,25.0,13089000.0,7829839800.000001,True
8/2/14,2014-08-02 23:50:00,589.306,597.97239549,313723,2,103723,25.0,13093100.0,7715842388.6,True
8/3/14,2014-08-03 23:50:00,586.489508506,590.453749162,313877,2,103877,25.0,13096950.0,7681223768.427656,True
8/4/14,2014-08-04 23:50:00,588.479331236,595.149284764,314004,2,104004,25.0,13100125.0,7709152799.108005,True
8/5/14,2014-08-05 23:50:00,580.340990122,589.0,314140,2,104140,25.0,13103525.0,7604512672.58838,True
8/6/14,2014-08-06 23:50:00,582.416533308,586.1907341,314302,2,104302,25.0,13107575.0,7634068391.574608,True
8/7/14,2014-08-07 23:50:00,584.81249954,591.525158694,314464,2,104464,25.0,13111625.0,7667842189.281152,True
8/8/14,2014-08-08 23:50:00,588.78812401,594.9991319200001,314620,2,104620,25.0,13115525.0,7722265360.156256,True
8/9/14,2014-08-09 23:50:00,589.242055856,590.590772226,314804,2,104804,25.0,13120125.0,7730929428.087702,True
8/10/14,2014-08-10 23:50:00,590.785817632,596.983632,314980,2,104980,25.0,13124525.0,7753783233.156625,True
8/11/14,2014-08-11 23:50:00,573.9565111500001,590.982,315162,2,105162,25.0,13129075.0,7535518081.626687,True
8/12/14,2014-08-12 23:50:00,567.831212848,574.068,315336,2,105336,25.0,13133425.0,7457568646.598244,True
8/13/14,2014-08-13 23:50:00,549.790349374,571.726504792,315479,2,105479,25.0,13137000.0,7222595819.726238,True
8/14/14,2014-08-14 23:50:00,507.38701780400004,549.23696565,315662,2,105662,25.0,13141575.0,6667864548.4976015,True
8/15/14,2014-08-15 23:50:00,501.237741262,519.8131620259999,315826,2,105826,25.0,13145675.0,6589108444.364342,True
8/16/14,2014-08-16 23:50:00,522.748127092,528.2065772960001,315985,2,105985,25.0,13149650.0,6873954909.415318,True
8/17/14,2014-08-17 23:50:00,498.22564087800004,523.308784704,316154,2,106154,25.0,13153875.0,6553597801.904102,True
8/18/14,2014-08-18 23:50:00,473.215708716,509.014642722,316350,2,106350,25.0,13158775.0,6226939037.459383,True
8/19/14,2014-08-19 23:50:00,491.00693467,493.416956808,316537,2,106537,25.0,13163450.0,6463345234.181811,True
8/20/14,2014-08-20 23:50:00,518.0240521100001,524.6457725439999,316706,2,106706,25.0,13167675.0,6821172360.367545,True
8/21/14,2014-08-21 23:50:00,520.3913133,533.6132805300001,316870,2,106870,25.0,13171775.0,6854477290.742107,True
8/22/14,2014-08-22 23:50:00,514.794876152,524.207538596,317028,2,107028,25.0,13175725.0,6782795719.5878105,True
8/23/14,2014-08-23 23:50:00,496.190259712,514.362248656,317190,2,107190,25.0,13179775.0,6539675980.1957245,True
8/24/14,2014-08-24 23:50:00,507.644099696,513.7346731159998,317337,2,107337,25.0,13183450.0,6692500606.137232,True
8/25/14,2014-08-25 23:50:00,503.1851232,508.30846592,317473,2,107473,25.0,13186850.0,6635426741.869921,True
8/26/14,2014-08-26 23:50:00,513.621734654,515.1915376320001,317648,2,107648,25.0,13191225.0,6775299866.71121,True
8/27/14,2014-08-27 23:50:00,511.792230472,522.667532384,317815,2,107815,25.0,13195400.0,6753303197.970229,True
8/28/14,2014-08-28 23:50:00,506.53819895799995,514.97992418,317990,2,107990,25.0,13199775.0,6686190255.150834,True
8/29/14,2014-08-29 23:50:00,509.04553304800004,513.548475134,318159,2,108159,25.0,13204000.0,6721437218.365792,True
8/30/14,2014-08-30 23:50:00,501.001790512,508.916,318340,2,108340,25.0,13208525.0,6617494675.022515,True
8/31/14,2014-08-31 23:50:00,478.87886742800004,504.623152072,318530,2,108530,25.0,13213275.0,6327558167.014708,True
9/1/14,2014-09-01 23:50:00,475.34660947400005,486.2879140659999,318665,2,108665,25.0,13216650.0,6282489766.104543,True
9/2/14,2014-09-02 23:50:00,473.803368534,484.0084044679999,318810,2,108810,25.0,13220275.0,6263810827.9458275,True
9/3/14,2014-09-03 23:50:00,474.54419272800004,477.982171912,318980,2,108980,25.0,13224525.0,6275621540.336255,True
9/4/14,2014-09-04 23:50:00,488.60745904,493.43985259,319138,2,109138,25.0,13228475.0,6463531556.724164,True
9/5/14,2014-09-05 23:50:00,477.642145722,489.65390061,319285,2,109285,25.0,13232150.0,6320232518.515363,True
9/6/14,2014-09-06 23:50:00,479.74170882,484.87,319462,2,109462,25.0,13236575.0,6350137109.424091,True
9/7/14,2014-09-07 23:50:00,476.11974577,482.80163831600004,319616,2,109616,25.0,13240425.0,6304027784.886752,True
9/8/14,2014-09-08 23:50:00,468.030480732,477.245877618,319762,2,109762,25.0,13244075.0,6198630789.100663,True
9/9/14,2014-09-09 23:50:00,473.375732486,475.373411134,319907,2,109907,25.0,13247700.0,6271139691.254783,True
9/10/14,2014-09-10 23:50:00,477.60737498399993,488.172739366,320065,2,110065,25.0,13251650.0,6329085770.706722,True
9/11/14,2014-09-11 23:50:00,477.41388296800005,480.0,320236,2,110236,25.0,13255925.0,6328562626.582586,True
9/12/14,2014-09-12 23:50:00,474.19739259,477.87785182000005,320389,2,110389,25.0,13259750.0,6287738876.395252,True
9/13/14,2014-09-13 23:50:00,477.127472342,480.00588251400006,320571,2,110571,25.0,13264300.0,6328761931.38599,True
9/14/14,2014-09-14 23:50:00,474.606315074,481.0131620439999,320727,2,110727,25.0,13268200.0,6297171509.664847,True
9/15/14,2014-09-15 23:50:00,469.57152418,479.48999999999995,320885,2,110885,25.0,13272150.0,6232223704.645587,True
9/16/14,2014-09-16 23:50:00,463.2017233959999,473.493143676,321056,2,111056,25.0,13276425.0,6149662940.537738,True
9/17/14,2014-09-17 23:50:00,452.3290782179999,465.56965835,321244,2,111244,25.0,13281125.0,6007439028.948034,True
9/18/14,2014-09-18 23:50:00,425.668635086,451.15,321422,2,111422,25.0,13285575.0,5655252576.5826845,True
9/19/14,2014-09-19 23:50:00,395.737689734,428.70743711000006,321593,2,111593,25.0,13289850.0,5259294535.9114,True
9/20/14,2014-09-20 23:50:00,410.71515540999997,428.43253356599996,321770,2,111770,25.0,13294275.0,5460160222.688277,True
9/21/14,2014-09-21 23:50:00,400.465411766,412.59,321933,2,111933,25.0,13298350.0,5325529208.558386,True
9/22/14,2014-09-22 23:50:00,399.134149668,409.075668412,322098,2,112098,25.0,13302475.0,5309472047.604829,True
9/23/14,2014-09-23 23:50:00,439.4156581540001,449.01334152399994,322250,2,112250,25.0,13306275.0,5846985586.703117,True
9/24/14,2014-09-24 23:50:00,423.56804793000003,441.20382646199994,322405,2,112405,25.0,13310150.0,5637754253.15549,True
9/25/14,2014-09-25 23:50:00,409.347515356,423.610998714,322579,2,112579,25.0,13314500.0,5450257493.207461,True
9/26/14,2014-09-26 23:50:00,404.57418751600005,413.851811872,322713,2,112713,25.0,13317850.0,5388058343.209961,True
9/27/14,2014-09-27 23:50:00,400.686514188,407.77114538000006,322846,2,112846,25.0,13321175.0,5337615175.63833,True
9/28/14,2014-09-28 23:50:00,375.303150224,403.590075144,322977,2,112977,25.0,13324450.0,5000708060.002176,True
9/29/14,2014-09-29 23:50:00,373.990622608,385.502336392,323115,2,113115,25.0,13327900.0,4984509619.057163,True
9/30/14,2014-09-30 23:50:00,390.18710973000003,395.141426202,323268,2,113268,25.0,13331725.0,5201867245.465184,True
10/1/14,2014-10-01 23:50:00,383.94373517800005,392.942058334,323423,2,113423,25.0,13335600.0,5120120074.839738,True
10/2/14,2014-10-02 23:50:00,375.4928339,385.60674507600004,323559,2,113559,25.0,13339000.0,5008698911.3921,True
10/3/14,2014-10-03 23:50:00,357.362980336,377.6,323707,2,113707,25.0,13342700.0,4768187037.729148,True
10/4/14,2014-10-04 23:50:00,326.642468598,364.659281556,323861,2,113861,25.0,13346550.0,4359550039.266637,True
10/5/14,2014-10-05 23:50:00,323.055049424,338.34484819,324028,2,114028,25.0,13350725.0,4313019124.721232,True
10/6/14,2014-10-06 23:50:00,328.049174812,343.226263078,324190,2,114190,25.0,13354775.0,4381022918.549927,True
10/7/14,2014-10-07 23:50:00,334.404218494,336.51622482400006,324324,2,114324,25.0,13358125.0,4467013351.170164,True
10/8/14,2014-10-08 23:50:00,355.992247346,358.03165755,324469,2,114469,25.0,13361750.0,4756679410.975415,True
10/9/14,2014-10-09 23:50:00,364.556226584,387.03850396400003,324616,2,114616,25.0,13365425.0,4872448904.691458,True
10/10/14,2014-10-10 23:50:00,360.938671886,376.396253742,324771,2,114771,25.0,13369300.0,4825497386.0455,True
10/11/14,2014-10-11 23:50:00,362.43268194600006,366.453290984,324916,2,114916,25.0,13372925.0,4846785073.212713,True
10/12/14,2014-10-12 23:50:00,379.54423350800005,382.446852736,325063,2,115063,25.0,13376600.0,5077011393.943113,True
10/13/14,2014-10-13 23:50:00,392.32550615599996,400.46063941,325219,2,115219,25.0,13380500.0,5249511435.1203575,True
10/14/14,2014-10-14 23:50:00,402.42857203799997,413.833952822,325351,2,115351,25.0,13383800.0,5386023522.442184,True
10/15/14,2014-10-15 23:50:00,394.09448195199997,403.762553996,325501,2,115501,25.0,13387550.0,5275959581.856497,True
10/16/14,2014-10-16 23:50:00,383.085283296,398.84736026400003,325650,2,115650,25.0,13391275.0,5130000377.069642,True
10/17/14,2014-10-17 23:50:00,383.06091965599995,384.503078044,325790,2,115790,25.0,13394775.0,5131014830.0851965,True
10/18/14,2014-10-18 23:50:00,390.75379734,395.97029234400003,325956,2,115956,25.0,13398925.0,5235680824.02386,True
10/19/14,2014-10-19 23:50:00,388.575872572,393.85362446600004,326089,2,116089,25.0,13402250.0,5207790988.178086,True
10/20/14,2014-10-20 23:50:00,381.35682622,389.448206958,326225,2,116225,25.0,13405650.0,5112336137.416143,True
10/21/14,2014-10-21 23:50:00,385.846074676,393.5048197,326377,2,116377,25.0,13409450.0,5173983646.064088,True
10/22/14,2014-10-22 23:50:00,382.43631932,388.07031170399995,326537,2,116537,25.0,13413450.0,5129790447.3828535,True
10/23/14,2014-10-23 23:50:00,356.566155236,384.340669566,326686,2,116686,25.0,13417175.0,4784110503.878578,True
10/24/14,2014-10-24 23:50:00,358.1904358080001,362.92010913,326848,2,116848,25.0,13421225.0,4807354431.827226,True
10/25/14,2014-10-25 23:50:00,348.157435614,358.93900821200003,327003,2,117003,25.0,13425100.0,4674048388.861511,True
10/26/14,2014-10-26 23:50:00,355.021491172,360.704868118,327128,2,117128,25.0,13428225.0,4767308463.29313,True
10/27/14,2014-10-27 23:50:00,350.983183486,357.4053571820001,327286,2,117286,25.0,13432175.0,4714467542.641062,True
10/28/14,2014-10-28 23:50:00,355.774005564,357.210437166,327424,2,117424,25.0,13435625.0,4780046123.505817,True
10/29/14,2014-10-29 23:50:00,335.093284832,355.45405042799996,327580,2,117580,25.0,13439525.0,4503494578.831785,True
10/30/14,2014-10-30 23:50:00,346.12152948600004,350.50584394200007,327747,2,117747,25.0,13443700.0,4653154005.950939,True
10/31/14,2014-10-31 23:50:00,337.813393346,347.613140762,327935,2,117935,25.0,13448400.0,4543049639.074347,True
11/1/14,2014-11-01 23:50:00,324.573484356,339.384156,328097,2,118097,25.0,13452450.0,4366308569.624872,True
11/2/14,2014-11-02 23:50:00,324.36579329,328.697416818,328251,2,118251,25.0,13456300.0,4364763424.248227,True
11/3/14,2014-11-03 23:50:00,325.965872218,333.57390286399993,328419,2,118419,25.0,13460500.0,4387663622.990389,True
11/4/14,2014-11-04 23:50:00,330.07754074400003,331.467607256,328583,2,118583,25.0,13464600.0,4444362055.101663,True
11/5/14,2014-11-05 23:50:00,338.002215156,343.8130346,328721,2,118721,25.0,13468050.0,4552230733.831765,True
11/6/14,2014-11-06 23:50:00,349.912207048,352.51024983599996,328874,2,118874,25.0,13471875.0,4713973514.324776,True
11/7/14,2014-11-07 23:50:00,342.135011436,351.918395666,329024,2,119024,25.0,13475625.0,4610483113.482247,True
11/8/14,2014-11-08 23:50:00,345.74628679,346.823877146,329178,2,119178,25.0,13479475.0,4660478429.128635,True
11/9/14,2014-11-09 23:50:00,365.563844488,365.86490152,329328,2,119328,25.0,13483225.0,4928979567.096713,True
11/10/14,2014-11-10 23:50:00,365.87042619199997,376.00311353399997,329475,2,119475,25.0,13486900.0,4934457851.008884,True
11/11/14,2014-11-11 23:50:00,369.81496743400004,371.14221666800006,329604,2,119604,25.0,13490125.0,4988850137.55559,True
11/12/14,2014-11-12 23:50:00,424.36606007599994,430.56932384000004,329750,2,119750,25.0,13493775.0,5726300132.302026,True
11/13/14,2014-11-13 23:50:00,420.47480877199996,453.045207096,329896,2,119896,25.0,13497425.0,5675327195.789412,True
11/14/14,2014-11-14 23:50:00,399.50063883800004,417.78934021599997,330049,2,120049,25.0,13501250.0,5393758000.111548,True
11/15/14,2014-11-15 23:50:00,376.62900497399994,405.682747846,330188,2,120188,25.0,13504725.0,5086271139.197501,True
11/16/14,2014-11-16 23:50:00,389.797810122,393.35653552599996,330338,2,120338,25.0,13508475.0,5265573973.087784,True
11/17/14,2014-11-17 23:50:00,388.358,412.652797294,330484,2,120484,25.0,13512125.0,5247541840.75,True
11/18/14,2014-11-18 23:50:00,375.089345896,393.33778040000004,330637,2,120637,25.0,13515950.0,5069688844.663041,True
11/19/14,2014-11-19 23:50:00,378.896020706,385.810094676,330779,2,120779,25.0,13519500.0,5122484751.934767,True
11/20/14,2014-11-20 23:50:00,356.462709068,381.75884613999995,330917,2,120917,25.0,13522950.0,4820427391.59111,True
11/21/14,2014-11-21 23:50:00,350.462287766,357.82952217,331044,2,121044,25.0,13526125.0,4740396712.108887,True
11/22/14,2014-11-22 23:50:00,353.31120368,365.31867236000005,331198,2,121198,25.0,13529975.0,4780291753.010308,True
11/23/14,2014-11-23 23:50:00,367.699086678,372.82965835600004,331339,2,121339,25.0,13533500.0,4976255589.556713,True
11/24/14,2014-11-24 23:50:00,375.8525662779999,389.59129839400003,331487,2,121487,25.0,13537200.0,5087991360.21854,True
11/25/14,2014-11-25 23:50:00,376.590034426,394.26029230000006,331618,2,121618,25.0,13540475.0,5099207946.394392,True
11/26/14,2014-11-26 23:50:00,367.557562668,378.086440074,331754,2,121754,25.0,13543875.0,4978153684.080058,True
11/27/14,2014-11-27 23:50:00,369.65427477400004,374.867218476,331895,2,121895,25.0,13547400.0,5007854322.073288,True
11/28/14,2014-11-28 23:50:00,376.849520466,380.729621354,332044,2,122044,25.0,13551125.0,5106734958.024824,True
11/29/14,2014-11-29 23:50:00,375.88472041,386.194228892,332202,2,122202,25.0,13555075.0,5095145576.51158,True
11/30/14,2014-11-30 23:50:00,376.68151586399995,381.648058322,332360,2,122360,25.0,13559025.0,5107434090.637872,True
12/1/14,2014-12-01 23:50:00,376.62900668896464,381.2496963199455,332492,2,122492,25.0,13562325.0,5107964993.142912,True
12/2/14,2014-12-02 23:50:00,379.06941206171257,381.9506749342953,332640,2,122640,25.0,13566025.0,5142465120.764494,True
12/3/14,2014-12-03 23:50:00,375.55602754682644,381.6769721555264,332758,2,122758,25.0,13568975.0,5095910348.882199,True
12/4/14,2014-12-04 23:50:00,369.19470388,378.98816374,332904,2,122904,25.0,13572625.0,5010941267.749286,True
12/5/14,2014-12-05 23:50:00,376.0,377.79444589,333059,2,123059,25.0,13576500.0,5104764000.0,True
12/6/14,2014-12-06 23:50:00,375.01795153800003,376.577031712,333197,2,123197,25.0,13579950.0,5092725030.988463,True
12/7/14,2014-12-07 23:50:00,377.14578302999996,377.489865974,333322,2,123322,25.0,13583075.0,5122799456.830216,True
12/8/14,2014-12-08 23:50:00,361.6342622220001,377.1,333482,2,123482,25.0,13587075.0,4913551843.379982,True
12/9/14,2014-12-09 23:50:00,351.90854790399993,363.63373676599997,333626,2,123626,25.0,13590675.0,4782674704.285194,True
12/10/14,2014-12-10 23:50:00,346.959745012,352.81827897000005,333770,2,123770,25.0,13594275.0,4716666187.623006,True
12/11/14,2014-12-11 23:50:00,348.921944692,363.59588271800004,333919,2,123919,25.0,13598000.0,4744640603.921816,True
12/12/14,2014-12-12 23:50:00,352.869712602,357.39678920600005,334056,2,124056,25.0,13601425.0,4799530930.727657,True
12/13/14,2014-12-13 23:50:00,350.961507326,353.56516536800007,334205,2,124205,25.0,13605150.0,4774883951.396329,True
12/14/14,2014-12-14 23:50:00,357.141899984,359.066532898,334347,2,124347,25.0,13608700.0,4860236974.312261,True
12/15/14,2014-12-15 23:50:00,348.08186068599997,356.786383464,334488,2,124488,25.0,13612225.0,4738168606.076486,True
12/16/14,2014-12-16 23:50:00,328.90113902,348.712954242,334630,2,124630,25.0,13615775.0,4478243906.14004,True
12/17/14,2014-12-17 23:50:00,321.598493206,334.835337566,334759,2,124759,25.0,13619000.0,4379849878.972514,True
12/18/14,2014-12-18 23:50:00,312.28177588799997,324.776248644,334887,2,124887,25.0,13622200.0,4253964807.501513,True
12/19/14,2014-12-19 23:50:00,318.544134062,318.83605072399996,335022,2,125022,25.0,13625575.0,4340346989.471836,True
12/20/14,2014-12-20 23:50:00,331.49050168199994,332.410550868,335156,2,125156,25.0,13628925.0,4517859185.636351,True
12/21/14,2014-12-21 23:50:00,320.556787554,331.32082494,335291,2,125291,25.0,13632300.0,4369926294.972394,True
12/22/14,2014-12-22 23:50:00,331.997882986,333.57179043400004,335452,2,125452,25.0,13636325.0,4527231031.709066,True
12/23/14,2014-12-23 23:50:00,336.522172414,338.86231734200004,335604,2,125604,25.0,13640125.0,4590204496.998512,True
12/24/14,2014-12-24 23:50:00,322.522,336.38491144000005,335758,2,125758,25.0,13643975.0,4400482104.95,True
12/25/14,2014-12-25 23:50:00,319.693281002,323.345900536,335914,2,125914,25.0,13647875.0,4363133937.455171,True
12/26/14,2014-12-26 23:50:00,329.31228121600003,330.867870234,336066,2,126066,25.0,13651675.0,4495664236.669437,True
12/27/14,2014-12-27 23:50:00,316.209387338,328.992014832,336220,2,126220,25.0,13655525.0,4318005194.028743,True
12/28/14,2014-12-28 23:50:00,317.59399999999994,318.61226004599996,336388,2,126388,25.0,13659725.0,4338246701.65,True
12/29/14,2014-12-29 23:50:00,312.45850041200003,320.139016148,336553,2,126553,25.0,13663850.0,4269386080.8545065,True
12/30/14,2014-12-30 23:50:00,311.43002015,315.72007213,336707,2,126707,25.0,13667700.0,4256532086.4041553,True
12/31/14,2014-12-31 23:50:00,320.992712128,320.992712128,336858,2,126858,25.0,13671475.0,4388443839.040149,True
1/1/15,2015-01-01 23:50:00,314.025456318,320.56672342800005,337022,2,127022,25.0,13675575.0,4294478679.786033,True
1/2/15,2015-01-02 23:50:00,315.687160984,316.63141575,337188,2,127188,25.0,13679725.0,4318513548.291849,True
1/3/15,2015-01-03 23:50:00,283.00653515,316.496072134,337352,2,127352,25.0,13683825.0,3872611900.8489485,True
1/4/15,2015-01-04 23:50:00,263.80788251599995,288.253557776,337522,2,127522,25.0,13688075.0,3611022081.4701962,True
1/5/15,2015-01-05 23:50:00,276.8,278.805301104,337680,2,127680,25.0,13692025.0,3789952520.0,True
1/6/15,2015-01-06 23:50:00,276.8,276.8,337836,2,127836,25.0,13695925.0,3791032040.0,True
1/7/15,2015-01-07 23:50:00,276.8,276.8,337978,2,127978,25.0,13699475.0,3792014680.0,True
1/8/15,2015-01-08 23:50:00,284.2775,326.860666666,338125,2,128125,25.0,13703150.0,3895497224.1249995,True
1/9/15,2015-01-09 23:50:00,293.956460672,295.70230569999995,338265,2,128265,25.0,13706650.0,4029158321.6698685,True
1/10/15,2015-01-10 23:50:00,275.178914552,294.359115652,338412,2,128412,25.0,13710325.0,3772792351.655149,True
1/11/15,2015-01-11 23:50:00,265.104599912,280.331739414,338567,2,128567,25.0,13714200.0,3635697504.1131506,True
1/12/15,2015-01-12 23:50:00,267.0091753,272.265949,338707,2,128707,25.0,13717700.0,3662751764.0128098,True
1/13/15,2015-01-13 23:50:00,226.23151002694604,267.736622648,338834,2,128834,25.0,13720875.0,3104094270.140973,True
1/14/15,2015-01-14 23:50:00,172.2093361644184,223.9925827588122,338981,2,128981,25.0,13724550.0,2363495644.655369,True
1/15/15,2015-01-15 23:50:00,210.22205401982146,228.65655965348031,339132,2,129132,25.0,13728325.0,2885996679.7516656,True
1/16/15,2015-01-16 23:50:00,207.400753385583,222.17477659775992,339271,2,129271,25.0,13731800.0,2847985665.3401484,True
1/17/15,2015-01-17 23:50:00,199.71335481,211.80530974936855,339408,2,129408,25.0,13735225.0,2743107863.8201823,True
1/18/15,2015-01-18 23:50:00,211.933325656,219.40326627,339562,2,129562,25.0,13739075.0,2911767856.187208,True
1/19/15,2015-01-19 23:50:00,216.21354573944032,218.3392084957858,339705,2,129705,25.0,13742650.0,2971347084.3561196,True
1/20/15,2015-01-20 23:50:00,211.21436810323002,216.3979083544205,339823,2,129823,25.0,13745600.0,2903268218.1997585,True
1/21/15,2015-01-21 23:50:00,227.3673392702163,228.29903662666885,339972,2,129972,25.0,13749325.0,3126147442.0114665,True
1/22/15,2015-01-22 23:50:00,233.0832877620321,237.4464508899201,340108,2,130108,25.0,13752725.0,3205530358.6870933,True
1/23/15,2015-01-23 23:50:00,233.64693715257727,236.06685166760127,340230,2,130230,25.0,13755775.0,3213994696.9099936,True
1/24/15,2015-01-24 23:50:00,249.34753805699575,249.7606596734976,340358,2,130358,25.0,13758975.0,3430766542.437753,True
1/25/15,2015-01-25 23:50:00,254.56624312740095,255.8067826794092,340483,2,130483,25.0,13762100.0,3503366094.543605,True
1/26/15,2015-01-26 23:50:00,274.3673394383924,306.5647751283482,340609,2,130609,25.0,13765250.0,3776735019.2043304,True
1/27/15,2015-01-27 23:50:00,263.8566599952122,276.35616823787393,340757,2,130757,25.0,13768950.0,3633029158.6410775,True
1/28/15,2015-01-28 23:50:00,235.52673814242775,265.59010369971554,340923,2,130923,25.0,13773100.0,3243933317.109472,True
1/29/15,2015-01-29 23:50:00,235.37804606435822,241.35538024441522,341086,2,131086,25.0,13777175.0,3242844531.7867246,True
1/30/15,2015-01-30 23:50:00,228.47145635184606,244.48915989163024,341224,2,131224,25.0,13780625.0,3148479463.1886587,True
1/31/15,2015-01-31 23:50:00,218.1833214083741,234.59422923589372,341390,2,131390,25.0,13784775.0,3007607994.3671203,True
2/1/15,2015-02-01 23:50:00,227.6223232278307,231.9201291830098,341544,2,131544,25.0,13788625.0,3138598856.617347,True
2/2/15,2015-02-02 23:50:00,237.9709054988361,239.08957434549924,341704,2,131704,25.0,13792625.0,3282243460.455884,True
2/3/15,2015-02-03 23:50:00,227.6791825345782,243.54701704044678,341832,2,131832,25.0,13795825.0,3141022158.390097,True
2/4/15,2015-02-04 23:50:00,227.08019879655745,229.9384938513296,341990,2,131990,25.0,13799775.0,3133655650.3477635,True
2/5/15,2015-02-05 23:50:00,216.85577466626742,228.70738485317816,342150,2,132150,25.0,13803775.0,2993428320.943856,True
2/6/15,2015-02-06 23:50:00,222.78397787291473,224.91669192353802,342323,2,132323,25.0,13808100.0,3076223444.866994,True
2/7/15,2015-02-07 23:50:00,229.00185702084914,230.42672258945404,342484,2,132484,25.0,13812125.0,3163002274.404096,True
2/8/15,2015-02-08 23:50:00,223.96367191496202,230.1514145155132,342618,2,132618,25.0,13815475.0,3094164510.24936,True
2/9/15,2015-02-09 23:50:00,221.00423895534863,224.88412137547098,342777,2,132777,25.0,13819450.0,3054157030.0314927,True
2/10/15,2015-02-10 23:50:00,220.600396870975,221.93563146197894,342923,2,132923,25.0,13823100.0,3049381345.9871745,True
2/11/15,2015-02-11 23:50:00,219.72851613123763,223.423287097828,343080,2,133080,25.0,13827025.0,3038191685.759526,True
2/12/15,2015-02-12 23:50:00,222.82890337317286,223.5737942221042,343200,2,133200,25.0,13830025.0,3081729304.373565,True
2/13/15,2015-02-13 23:50:00,236.80501885043395,241.9532351025943,343345,2,133345,25.0,13833650.0,3275877749.0203056,True
2/14/15,2015-02-14 23:50:00,257.0310272347365,258.93231532969776,343506,2,133506,25.0,13837675.0,3556711819.790432,True
2/15/15,2015-02-15 23:50:00,235.04578132021575,266.8182081991578,343645,2,133645,25.0,13841150.0,3253303916.120304,True
2/16/15,2015-02-16 23:50:00,234.52568993572527,240.67193479390863,343803,2,133803,25.0,13845100.0,3247031629.72911,True
2/17/15,2015-02-17 23:50:00,244.70220039160876,246.7008497903248,343952,2,133952,25.0,13848825.0,3388837950.338321,True
2/18/15,2015-02-18 23:50:00,237.4602610895538,245.6111949925417,344118,2,134118,25.0,13852975.0,3289531060.3670616,True
2/19/15,2015-02-19 23:50:00,241.46005745043004,243.87138227001282,344284,2,134284,25.0,13857125.0,3345942198.5977902,True
2/20/15,2015-02-20 23:50:00,245.34212468697484,247.98415982859905,344442,2,134442,25.0,13861075.0,3400705590.94551,True
2/21/15,2015-02-21 23:50:00,245.57855416287262,247.32613798513003,344584,2,134584,25.0,13864625.0,3404854561.510418,True
2/22/15,2015-02-22 23:50:00,236.45729496468238,247.18170260093967,344736,2,134736,25.0,13868425.0,3279290260.920575,True
2/23/15,2015-02-23 23:50:00,239.22513276094452,240.37997073247053,344878,2,134878,25.0,13871975.0,3318525061.031503,True
2/24/15,2015-02-24 23:50:00,239.84104232259955,240.67629093124492,345007,2,135007,25.0,13875200.0,3327842430.434533,True
2/25/15,2015-02-25 23:50:00,238.1139375509444,240.63529340662677,345165,2,135165,25.0,13879150.0,3304819056.36019,True
2/26/15,2015-02-26 23:50:00,237.0798280600164,238.46544379656362,345313,2,135313,25.0,13882850.0,3291343690.982999,True
2/27/15,2015-02-27 23:50:00,253.82688189441114,257.6133233909905,345468,2,135468,25.0,13886725.0,3524824106.475167,True
2/28/15,2015-02-28 23:50:00,253.69150938477878,255.75943017296103,345609,2,135609,25.0,13890250.0,3523838488.2319236,True
3/1/15,2015-03-01 23:50:00,258.7270505768632,259.6682699406673,345749,2,135749,25.0,13893750.0,3594688958.952293,True
3/2/15,2015-03-02 23:50:00,276.09280051627326,277.3372662815386,345907,2,135907,25.0,13897700.0,3837054913.7350106,True
3/3/15,2015-03-03 23:50:00,282.47608809215455,286.89221489209933,346065,2,136065,25.0,13901650.0,3926883710.0263004,True
3/4/15,2015-03-04 23:50:00,272.0490118612828,286.49020825165087,346206,2,136206,25.0,13905175.0,3782889118.508213,True
3/5/15,2015-03-05 23:50:00,275.79883665960716,279.0368586578141,346336,2,136336,25.0,13908425.0,3835927434.767397,True
3/6/15,2015-03-06 23:50:00,273.04917469043914,278.9766487919901,346484,2,136484,25.0,13912125.0,3798694249.4402256,True
3/7/15,2015-03-07 23:50:00,276.87809766906935,278.1744535857866,346626,2,136626,25.0,13915675.0,3852945621.7810264,True
3/8/15,2015-03-08 23:50:00,275.2790516535126,277.85813462303884,346781,2,136781,25.0,13919550.0,3831760523.4436517,True
3/9/15,2015-03-09 23:50:00,288.21420611712483,291.18669362481353,346923,2,136923,25.0,13923100.0,4012835213.1893406,True
3/10/15,2015-03-10 23:50:00,292.4491012592292,297.569729047405,347075,2,137075,25.0,13926900.0,4072909388.3271594,True
3/11/15,2015-03-11 23:50:00,296.5324948519402,297.0566006922088,347232,2,137232,25.0,13930825.0,4130942292.59578,True
3/12/15,2015-03-12 23:50:00,295.8481806574898,298.38680113699826,347361,2,137361,25.0,13934050.0,4122363341.690496,True
3/13/15,2015-03-13 23:50:00,285.6382567507711,295.68842628705505,347507,2,137507,25.0,13937700.0,3981140331.1152225,True
3/14/15,2015-03-14 23:50:00,283.2459863615356,287.7994971439442,347639,2,137639,25.0,13941000.0,3948732295.8661675,True
3/15/15,2015-03-15 23:50:00,287.2991907259144,288.37067439183863,347783,2,137783,25.0,13944600.0,4006272294.996586,True
3/16/15,2015-03-16 23:50:00,291.34814111759096,294.2761362421716,347920,2,137920,25.0,13948025.0,4063731156.011687,True
3/17/15,2015-03-17 23:50:00,286.2368092015699,292.86329509671594,348049,2,138049,25.0,13951250.0,3993361284.3734016,True
3/18/15,2015-03-18 23:50:00,258.19452903790227,286.2767805490354,348201,2,138201,25.0,13955050.0,3603117562.450378,True
3/19/15,2015-03-19 23:50:00,262.2621084126871,265.2441770497947,348338,2,138338,25.0,13958475.0,3660779083.7257824,True
3/20/15,2015-03-20 23:50:00,263.0544217347894,266.223073354861,348474,2,138474,25.0,13961875.0,3672732954.4584126,True
3/21/15,2015-03-21 23:50:00,261.3618035693705,262.7286184552787,348626,2,138626,25.0,13965675.0,3650094006.0636687,True
3/22/15,2015-03-22 23:50:00,268.2085121177197,270.515829825816,348767,2,138767,25.0,13969200.0,3746658347.4748497,True
3/23/15,2015-03-23 23:50:00,266.23292063440385,271.1784342243266,348912,2,138912,25.0,13972825.0,3720026009.263414,True
3/24/15,2015-03-24 23:50:00,245.67390713063523,267.64414161728484,349086,2,139086,25.0,13977175.0,3433827192.8986363,True
3/25/15,2015-03-25 23:50:00,246.89425507312757,248.71182274444473,349247,2,139247,25.0,13981200.0,3451877959.028411,True
3/26/15,2015-03-26 23:50:00,249.57019468149684,254.32731372934632,349395,2,139395,25.0,13984900.0,3490214215.6012654,True
3/27/15,2015-03-27 23:50:00,247.87280676889836,250.6754251890051,349566,2,139566,25.0,13989175.0,3467536071.631304,True
3/28/15,2015-03-28 23:50:00,253.40005072568178,254.15375134370393,349716,2,139716,25.0,13992925.0,3545807904.8006606,True
3/29/15,2015-03-29 23:50:00,243.3137110161505,253.76793997632436,349869,2,139869,25.0,13996750.0,3405601184.6653047,True
3/30/15,2015-03-30 23:50:00,248.42738942036203,249.18229614912352,350009,2,140009,25.0,14000250.0,3478045558.732424,True
3/31/15,2015-03-31 23:50:00,244.57664205222832,249.4682283529484,350160,2,140160,25.0,14004025.0,3425057409.715457,True
4/1/15,2015-04-01 23:50:00,247.63303657656542,247.63303657656542,350291,2,140291,25.0,14007300.0,3468670233.238925,True
4/2/15,2015-04-02 23:50:00,253.95538646766772,254.9144971739819,350456,2,140456,25.0,14011425.0,3558276850.8377414,True
4/3/15,2015-04-03 23:50:00,254.88683613841857,256.654510653109,350604,2,140604,25.0,14015125.0,3572270869.3344536,True
4/4/15,2015-04-04 23:50:00,253.99292625441475,256.00722306714573,350756,2,140756,25.0,14018925.0,3560707783.691171,True
4/5/15,2015-04-05 23:50:00,261.2126187518514,261.29313786442236,350905,2,140905,25.0,14022650.0,3662893128.3406487,True
4/6/15,2015-04-06 23:50:00,256.42207301291876,262.8724926708719,351030,2,141030,25.0,14025775.0,3596518301.1127706,True
4/7/15,2015-04-07 23:50:00,253.9894885279104,257.3928789937374,351182,2,141182,25.0,14029575.0,3563364578.5139585,True
4/8/15,2015-04-08 23:50:00,245.8480735401531,255.21278027955017,351309,2,141309,25.0,14032750.0,3449924553.9705834,True
4/9/15,2015-04-09 23:50:00,244.61592088577717,247.16129224873862,351441,2,141441,25.0,14036050.0,3433441296.3488126,True
4/10/15,2015-04-10 23:50:00,236.51085470525223,244.37560559268118,351593,2,141593,25.0,14039850.0,3320576923.4335356,True
4/11/15,2015-04-11 23:50:00,236.77240091579887,239.52799811010678,351733,2,141733,25.0,14043350.0,3325077696.400884,True
4/12/15,2015-04-12 23:50:00,236.47709775061168,238.35244476615463,351861,2,141861,25.0,14046550.0,3321687377.4088545,True
4/13/15,2015-04-13 23:50:00,224.97651532966492,237.81424538219864,352018,2,142018,25.0,14050475.0,3161026904.226574,True
4/14/15,2015-04-14 23:50:00,219.38748621905415,225.6553414886876,352166,2,142166,25.0,14054175.0,3083310124.132675,True
4/15/15,2015-04-15 23:50:00,223.8348000035629,223.8348000035629,352288,2,142288,25.0,14057225.0,3146496146.4800844,True
4/16/15,2015-04-16 23:50:00,227.870378726502,230.0846051179496,352425,2,142425,25.0,14060650.0,3204005640.6407905,True
4/17/15,2015-04-17 23:50:00,223.0841719013738,229.21885080040929,352550,2,142550,25.0,14063775.0,3137405599.6822433,True
4/18/15,2015-04-18 23:50:00,223.5865237125548,224.1495042363669,352698,2,142698,25.0,14067475.0,3145297832.663272,True
4/19/15,2015-04-19 23:50:00,223.56744726495444,226.7439884507875,352843,2,142843,25.0,14071100.0,3145839907.2099004,True
4/20/15,2015-04-20 23:50:00,225.2184300872037,226.18817809499222,352996,2,142996,25.0,14074925.0,3169932512.0951357,True
4/21/15,2015-04-21 23:50:00,235.52102469647576,235.52102469647576,353151,2,143151,25.0,14078800.0,3315853402.496743,True
4/22/15,2015-04-22 23:50:00,233.7009634608557,238.14166018178747,353302,2,143302,25.0,14082575.0,3291111345.50976,True
4/23/15,2015-04-23 23:50:00,236.16353681713173,236.16353681713173,353432,2,143432,25.0,14085825.0,3326558250.9871745,True
4/24/15,2015-04-24 23:50:00,231.02053372487694,236.750128468161,353555,2,143555,25.0,14088900.0,3254825197.596419,True
4/25/15,2015-04-25 23:50:00,226.58547994375857,232.97918170112388,353719,2,143719,25.0,14093000.0,3193269168.8473897,True
4/26/15,2015-04-26 23:50:00,221.05379960481326,227.3086351811093,353864,2,143864,25.0,14096625.0,3116112517.854201,True
4/27/15,2015-04-27 23:50:00,227.44977115968467,229.54051456870351,353999,2,143999,25.0,14100000.0,3207041773.351554,True
4/28/15,2015-04-28 23:50:00,225.3984377539342,228.67756359726587,354154,2,144154,25.0,14103875.0,3178991391.2767687,True
4/29/15,2015-04-29 23:50:00,225.6405442418366,226.82010448297964,354281,2,144281,25.0,14107050.0,3183122439.646801,True
4/30/15,2015-04-30 23:50:00,236.70311574991769,239.0841681756295,354415,2,144415,25.0,14110400.0,3339975644.4776387,True
5/1/15,2015-05-01 23:50:00,232.7740205181823,238.7071242231384,354562,2,144562,25.0,14114075.0,3285389983.645164,True
5/2/15,2015-05-02 23:50:00,234.4547062686378,236.5144644996667,354709,2,144709,25.0,14117750.0,3309972929.4240613,True
5/3/15,2015-05-03 23:50:00,239.8453986375642,242.3025623162229,354850,2,144850,25.0,14121275.0,3386922831.6456695,True
5/4/15,2015-05-04 23:50:00,239.2673350149646,242.64209370147995,354978,2,144978,25.0,14124475.0,3379525491.735492,True
5/5/15,2015-05-05 23:50:00,236.2114911026119,239.43664423336094,355131,2,145131,25.0,14128300.0,3337266809.7450314,True
5/6/15,2015-05-06 23:50:00,229.65578168538187,236.9299900882138,355292,2,145292,25.0,14132325.0,3245570144.906864,True
5/7/15,2015-05-07 23:50:00,237.41283096784377,238.74930414103747,355435,2,145435,25.0,14135900.0,3356044037.2783427,True
5/8/15,2015-05-08 23:50:00,244.33760132386223,246.2599520244126,355581,2,145581,25.0,14139550.0,3454823730.798816,True
5/9/15,2015-05-09 23:50:00,242.61964510761345,246.72055067379634,355713,2,145713,25.0,14142850.0,3431333247.8102107,True
5/10/15,2015-05-10 23:50:00,240.84372690869867,244.43628502558687,355843,2,145843,25.0,14146100.0,3406999445.223142,True
5/11/15,2015-05-11 23:50:00,241.6363056849018,244.71510848295785,355998,2,145998,25.0,14149975.0,3419147684.533718,True
5/12/15,2015-05-12 23:50:00,241.3522020526193,242.95839318725356,356150,2,146150,25.0,14153775.0,3416044763.6073117,True
5/13/15,2015-05-13 23:50:00,236.34631682189985,244.01753083776777,356312,2,146312,25.0,14157825.0,3346149792.9590144,True
5/14/15,2015-05-14 23:50:00,237.2065240952482,239.7014005608497,356465,2,146465,25.0,14161650.0,3359235771.9534717,True
5/15/15,2015-05-15 23:50:00,237.88739720451107,238.74344724287533,356612,2,146612,25.0,14165325.0,3369752294.8059907,True
5/16/15,2015-05-16 23:50:00,236.39271552739993,237.84400660545015,356745,2,146745,25.0,14168650.0,3349365648.857295,True
5/17/15,2015-05-17 23:50:00,236.67925526699733,237.72598048498634,356915,2,146915,25.0,14172900.0,3354431416.9736266,True
5/18/15,2015-05-18 23:50:00,233.59070718131207,237.2238462560345,357061,2,147061,25.0,14176550.0,3311510339.8912296,True
5/19/15,2015-05-19 23:50:00,231.94833933961522,234.31937010227725,357190,2,147190,25.0,14179775.0,3288975263.4593925,True
5/20/15,2015-05-20 23:50:00,234.39819597114405,234.8920450349239,357336,2,147336,25.0,14183425.0,3324569232.6920238,True
5/21/15,2015-05-21 23:50:00,235.60389444679782,236.56297169388466,357491,2,147491,25.0,14187300.0,3342583131.685055,True
5/22/15,2015-05-22 23:50:00,239.8753072751549,241.09365172391176,357628,2,147628,25.0,14190725.0,3404004519.8322225,True
5/23/15,2015-05-23 23:50:00,238.7335530263541,240.46734116263642,357741,2,147741,25.0,14193550.0,3388476621.557208,True
5/24/15,2015-05-24 23:50:00,240.2080085180499,241.8009556910083,357886,2,147886,25.0,14197175.0,3410275133.332245,True
5/25/15,2015-05-25 23:50:00,236.59160604779555,240.91861709647463,358028,2,148028,25.0,14200725.0,3359772334.7930813,True
5/26/15,2015-05-26 23:50:00,236.25099422574218,237.7193005569655,358172,2,148172,25.0,14204325.0,3355785903.5555654,True
5/27/15,2015-05-27 23:50:00,237.03972228175166,238.21168730839153,358310,2,148310,25.0,14207775.0,3367807040.2416143,True
5/28/15,2015-05-28 23:50:00,237.16309622469356,237.86782715023315,358442,2,148442,25.0,14211075.0,3370342547.681337,True
5/29/15,2015-05-29 23:50:00,236.45937825027846,237.5889693018034,358596,2,148596,25.0,14214925.0,3361252327.3743396,True
5/30/15,2015-05-30 23:50:00,233.42921780934725,236.78033079718762,358732,2,148732,25.0,14218325.0,3318972483.3090873,True
5/31/15,2015-05-31 23:50:00,229.87046265828167,233.6258564950329,358879,2,148879,25.0,14222000.0,3269217719.9260817,True
6/1/15,2015-06-01 23:50:00,223.56821041088014,231.06117741472636,359012,2,149012,25.0,14225325.0,3180330452.7631536,True
6/2/15,2015-06-02 23:50:00,225.49709536567593,226.40115227255964,359162,2,149162,25.0,14229075.0,3208615082.2403555,True
6/3/15,2015-06-03 23:50:00,225.56818189200266,226.96101534015625,359302,2,149302,25.0,14232575.0,3210416066.3915696,True
6/4/15,2015-06-04 23:50:00,223.93542023042738,225.9268076737022,359445,2,149445,25.0,14236150.0,3187978232.713399,True
6/5/15,2015-06-05 23:50:00,224.59609382064255,226.0376003972327,359583,2,149583,25.0,14239600.0,3198158537.568422,True
6/6/15,2015-06-06 23:50:00,225.06047468964124,225.44375405603955,359760,2,149760,25.0,14244025.0,3205767027.991117,True
6/7/15,2015-06-07 23:50:00,223.50816929894273,225.9616359101313,359908,2,149908,25.0,14247725.0,3184482931.424779,True
6/8/15,2015-06-08 23:50:00,228.7738683609431,229.7810764456778,360065,2,150065,25.0,14251650.0,3260405101.026235,True
6/9/15,2015-06-09 23:50:00,229.00326077961145,231.0369896797766,360214,2,150214,25.0,14255375.0,3264527358.6361537,True
6/10/15,2015-06-10 23:50:00,228.5646397876235,230.1108866197516,360384,2,150384,25.0,14259625.0,3259246051.631591,True
6/11/15,2015-06-11 23:50:00,229.32148022612697,229.9264070677052,360522,2,150522,25.0,14263075.0,3270829471.576266,True
6/12/15,2015-06-12 23:50:00,229.3949082185111,231.01106757331326,360663,2,150663,25.0,14266600.0,3272685397.5902104,True
6/13/15,2015-06-13 23:50:00,232.99016074834827,233.2297293931988,360822,2,150822,25.0,14270575.0,3324903563.22136,True
6/14/15,2015-06-14 23:50:00,232.2732607782773,234.63028734923324,360971,2,150971,25.0,14274300.0,3315538206.3273635,True
6/15/15,2015-06-15 23:50:00,236.5940075448309,237.80932169720367,361114,2,151114,25.0,14277875.0,3378059665.4741526,True
6/16/15,2015-06-16 23:50:00,250.88443111466125,251.07543114432443,361233,2,151233,25.0,14280850.0,3582842928.0838103,True
6/17/15,2015-06-17 23:50:00,248.91023822223178,256.83195609287094,361387,2,151387,25.0,14284700.0,3555608079.9331145,True
6/18/15,2015-06-18 23:50:00,248.9536229545178,252.26510434521893,361547,2,151547,25.0,14288700.0,3557223632.310219,True
6/19/15,2015-06-19 23:50:00,244.4347548506766,250.67921924040053,361691,2,151691,25.0,14292300.0,3493534846.752325,True
6/20/15,2015-06-20 23:50:00,246.03594777095446,246.34553473606715,361828,2,151828,25.0,14295725.0,3517262249.447928,True
6/21/15,2015-06-21 23:50:00,244.2264603457139,245.79996835343331,361951,2,151951,25.0,14298800.0,3492145311.1912937,True
6/22/15,2015-06-22 23:50:00,246.9779718291997,248.00520726127974,362104,2,152104,25.0,14302625.0,3532433314.333607,True
6/23/15,2015-06-23 23:50:00,244.36086832501388,247.7306072570058,362244,2,152244,25.0,14306125.0,3495857127.366189,True
6/24/15,2015-06-24 23:50:00,240.1896323677801,244.44988401114475,362397,2,152397,25.0,14309950.0,3437101629.701315,True
6/25/15,2015-06-25 23:50:00,242.4657489591529,242.92116615682056,362551,2,152551,25.0,14313800.0,3470606237.451523,True
6/26/15,2015-06-26 23:50:00,242.94756980246657,242.98275857986454,362706,2,152706,25.0,14317675.0,3478444346.4715304,True
6/27/15,2015-06-27 23:50:00,251.49174712609874,251.588240355877,362835,2,152835,25.0,14320900.0,3601588161.4181476,True
6/28/15,2015-06-28 23:50:00,248.8923275300042,251.23852044614054,362976,2,152976,25.0,14324425.0,3565239478.7789803,True
6/29/15,2015-06-29 23:50:00,256.91585700923576,257.03692812686796,363115,2,153115,25.0,14327900.0,3681064707.642629,True
6/30/15,2015-06-30 23:50:00,263.2627227196955,268.6099603507006,363262,2,153262,25.0,14331575.0,3772969455.36152,True
7/1/15,2015-07-01 23:50:00,258.33938010023616,265.18524319433965,363395,2,153395,25.0,14334900.0,3703269179.7988753,True
7/2/15,2015-07-02 23:50:00,254.7397570388532,261.6432505985357,363550,2,153550,25.0,14338775.0,3652656059.7347827,True
7/3/15,2015-07-03 23:50:00,256.2885206258173,256.8755201516572,363710,2,153710,25.0,14342775.0,3675888586.4189563,True
7/4/15,2015-07-04 23:50:00,260.35848089066934,261.07549695702386,363864,2,153864,25.0,14346625.0,3735265490.908099,True
7/5/15,2015-07-05 23:50:00,271.63960764862867,274.3541930010359,364005,2,154005,25.0,14350150.0,3898069115.698969,True
7/6/15,2015-07-06 23:50:00,269.0768488345606,277.51968335371384,364184,2,154184,25.0,14354625.0,3862497261.2018046,True
7/7/15,2015-07-07 23:50:00,265.8951663337417,271.6335620592653,364320,2,154320,25.0,14358025.0,3817729445.599022,True
7/8/15,2015-07-08 23:50:00,270.6944467211694,273.31242179791604,364481,2,154481,25.0,14362050.0,3887727178.531771,True
7/9/15,2015-07-09 23:50:00,269.4970385701621,271.8062455483863,364612,2,154612,25.0,14365325.0,3871412545.5979137,True
7/10/15,2015-07-10 23:50:00,285.98871451527094,294.09666163754406,364769,2,154769,25.0,14369250.0,4109443336.048557,True
7/11/15,2015-07-11 23:50:00,292.3726314342531,298.0913368617349,364917,2,154917,25.0,14372950.0,4202257212.972948,True
7/12/15,2015-07-12 23:50:00,312.0321590438759,315.9545830496907,365052,2,155052,25.0,14376325.0,4485875728.866449,True
7/13/15,2015-07-13 23:50:00,292.8213347492119,311.5951723055406,365200,2,155200,25.0,14380025.0,4210778114.2270365,True
7/14/15,2015-07-14 23:50:00,287.35782996192245,296.39870420519236,365344,2,155344,25.0,14383625.0,4133247266.986057,True
7/15/15,2015-07-15 23:50:00,285.53537250271336,293.71692861094255,365496,2,155496,25.0,14387425.0,4108118756.729851,True
7/16/15,2015-07-16 23:50:00,278.4261692588851,292.1714453754712,365631,2,155631,25.0,14390800.0,4006775316.570764,True
7/17/15,2015-07-17 23:50:00,279.9105836013045,280.3450791831381,365778,2,155778,25.0,14394475.0,4029165897.8843875,True
7/18/15,2015-07-18 23:50:00,276.9949239987578,282.5785313752971,365926,2,155926,25.0,14398175.0,3988221389.845815,True
7/19/15,2015-07-19 23:50:00,275.3879562178301,278.2329490905277,366078,2,156078,25.0,14401975.0,3966130460.7502837,True
7/20/15,2015-07-20 23:50:00,279.74386880723625,279.74386880723625,366234,2,156234,25.0,14405875.0,4029955206.0534444,True
7/21/15,2015-07-21 23:50:00,276.97419614546396,281.09431401348195,366362,2,156362,25.0,14409075.0,3990941965.3247013,True
7/22/15,2015-07-22 23:50:00,277.86794799515405,277.86794799515405,366515,2,156515,25.0,14412900.0,4004882947.6593556,True
7/23/15,2015-07-23 23:50:00,277.25297528994145,279.04232396127827,366653,2,156653,25.0,14416350.0,3996975930.3211474,True
7/24/15,2015-07-24 23:50:00,289.1761070018832,290.3255581884888,366823,2,156823,25.0,14420600.0,4170092968.631357,True
7/25/15,2015-07-25 23:50:00,289.16803970564604,291.7065504777719,366976,2,156976,25.0,14424425.0,4171082701.1311135,True
7/26/15,2015-07-26 23:50:00,293.1260382264218,293.88304075590656,367122,2,157122,25.0,14428075.0,4229244463.983681,True
7/27/15,2015-07-27 23:50:00,294.2216879969626,297.1021824969183,367269,2,157269,25.0,14431750.0,4246133845.750165,True
7/28/15,2015-07-28 23:50:00,295.18419440658045,297.666382908936,367407,2,157407,25.0,14435200.0,4261042883.09787,True
7/29/15,2015-07-29 23:50:00,290.17602216358387,295.7376386583613,367559,2,157559,25.0,14439000.0,4189851584.0199876,True
7/30/15,2015-07-30 23:50:00,288.1899783743672,290.38759617666636,367694,2,157694,25.0,14442375.0,4162147738.924501,True
7/31/15,2015-07-31 23:50:00,284.8233479578995,289.77664362377993,367844,2,157844,25.0,14446125.0,4114593687.518311,True
8/1/15,2015-08-01 23:50:00,281.53847313579416,285.29303600396526,367999,2,157999,25.0,14450000.0,4068230936.812226,True
8/2/15,2015-08-02 23:50:00,282.28631492499073,282.6565841019976,368150,2,158150,25.0,14453775.0,4080102881.504958,True
8/3/15,2015-08-03 23:50:00,280.8324962243669,285.2684563814485,368308,2,158308,25.0,14457725.0,4060199001.475435,True
8/4/15,2015-08-04 23:50:00,285.17892466424576,286.27840624112093,368443,2,158443,25.0,14461100.0,4124000947.4621243,True
8/5/15,2015-08-05 23:50:00,281.77046029724886,286.02646274369465,368576,2,158576,25.0,14464425.0,4075647690.185034,True
8/6/15,2015-08-06 23:50:00,278.3535861876579,282.2504419598279,368719,2,158719,25.0,14468000.0,4027219684.9630346,True
8/7/15,2015-08-07 23:50:00,279.4942602464934,280.97070316726797,368857,2,158857,25.0,14471450.0,4044687212.444117,True
8/8/15,2015-08-08 23:50:00,262.05419732600524,280.0828841845832,369018,2,159018,25.0,14475475.0,3793358982.037656,True
8/9/15,2015-08-09 23:50:00,267.51328940994455,267.9731832403397,369159,2,159159,25.0,14479000.0,3873324917.366587,True
8/10/15,2015-08-10 23:50:00,264.79175529822226,268.3983315403599,369325,2,159325,25.0,14483150.0,3835018710.7474475,True
8/11/15,2015-08-11 23:50:00,271.7186639460532,271.7186639460532,369489,2,159489,25.0,14487250.0,3936456214.252459,True
8/12/15,2015-08-12 23:50:00,267.34646970647646,271.9736543131771,369615,2,159615,25.0,14490400.0,3873957284.6347265,True
8/13/15,2015-08-13 23:50:00,264.50015113146185,267.2595305671244,369761,2,159761,25.0,14494050.0,3833678415.5069647,True
8/14/15,2015-08-14 23:50:00,265.984485481529,267.6170587796904,369902,2,159902,25.0,14497575.0,3856130027.104878,True
8/15/15,2015-08-15 23:50:00,262.3268821607181,267.0505181536523,370040,2,160040,25.0,14501025.0,3804008676.384628,True
8/16/15,2015-08-16 23:50:00,258.48440125819116,262.6570829776066,370178,2,160178,25.0,14504475.0,3749180535.939402,True
8/17/15,2015-08-17 23:50:00,256.64789609100364,259.9232592565257,370324,2,160324,25.0,14508125.0,3723479757.475292,True
8/18/15,2015-08-18 23:50:00,222.30928824760167,257.575744489273,370466,2,160466,25.0,14511675.0,3226080140.530515,True
8/19/15,2015-08-19 23:50:00,227.40809004507705,237.47682196165496,370623,2,160623,25.0,14515600.0,3300964871.85832,True
8/20/15,2015-08-20 23:50:00,235.53136721991592,236.72273523258164,370772,2,160772,25.0,14519325.0,3419756468.360306,True
8/21/15,2015-08-21 23:50:00,233.03390533616795,236.73969434479528,370938,2,160938,25.0,14523475.0,3384462098.3022017,True
8/22/15,2015-08-22 23:50:00,231.08649547071286,234.96273976365063,371094,2,161094,25.0,14527375.0,3357080177.1388474,True
8/23/15,2015-08-23 23:50:00,228.8419084678968,233.07022348186138,371229,2,161229,25.0,14530750.0,3325244561.469891,True
8/24/15,2015-08-24 23:50:00,211.04029812016228,228.9489467718789,371384,2,161384,25.0,14534625.0,3067391593.0647635,True
8/25/15,2015-08-25 23:50:00,223.11452108192162,227.9717859236937,371520,2,161520,25.0,14538025.0,3243644485.3520036,True
8/26/15,2015-08-26 23:50:00,226.1075134092342,231.1712295550429,371681,2,161681,25.0,14542050.0,3288066765.372754,True
8/27/15,2015-08-27 23:50:00,225.56237052087312,228.94298130106213,371816,2,161816,25.0,14545425.0,3280900543.233571,True
8/28/15,2015-08-28 23:50:00,231.52008387831285,235.16008679793202,371971,2,161971,25.0,14549300.0,3368455156.370737,True
8/29/15,2015-08-29 23:50:00,230.1742717846294,233.2022033295438,372132,2,162132,25.0,14553325.0,3349800983.920042,True
8/30/15,2015-08-30 23:50:00,228.8670732204802,232.7749106998554,372281,2,162281,25.0,14557050.0,3331629428.224191,True
8/31/15,2015-08-31 23:50:00,230.59809103226553,232.55117595178976,372439,2,162439,25.0,14561000.0,3357738803.520818,True
9/1/15,2015-09-01 23:50:00,228.0608584854554,232.56086566351672,372594,2,162594,25.0,14564875.0,3321677896.2333474,True
9/2/15,2015-09-02 23:50:00,229.3621245778932,230.91054085528907,372754,2,162754,25.0,14568875.0,3341548122.709754,True
9/3/15,2015-09-03 23:50:00,227.23996193137782,230.3293979401073,372898,2,162898,25.0,14572475.0,3311448664.245955,True
9/4/15,2015-09-04 23:50:00,231.25430337632557,231.62808054266867,373055,2,163055,25.0,14576400.0,3370855227.734672,True
9/5/15,2015-09-05 23:50:00,236.0671291026174,236.68303922123522,373203,2,163203,25.0,14580100.0,3441882349.029072,True
9/6/15,2015-09-06 23:50:00,240.68976830398393,243.9295426445653,373347,2,163347,25.0,14583700.0,3510147374.0148106,True
9/7/15,2015-09-07 23:50:00,241.02145890795947,242.61745315612515,373499,2,163499,25.0,14587500.0,3515900531.8198586,True
9/8/15,2015-09-08 23:50:00,244.23028202966935,246.09060136330837,373633,2,163633,25.0,14590850.0,3563527410.552601,True
9/9/15,2015-09-09 23:50:00,238.64699669387738,244.28698750899972,373784,2,163784,25.0,14594625.0,3482963424.12338,True
9/10/15,2015-09-10 23:50:00,238.65631371778696,241.3347035634828,373953,2,163953,25.0,14598850.0,3484107725.518914,True
9/11/15,2015-09-11 23:50:00,240.72803507045546,241.24841242261064,374110,2,164110,25.0,14602775.0,3515297332.32597,True
9/12/15,2015-09-12 23:50:00,235.38640084032153,240.86969381173586,374248,2,164248,25.0,14606225.0,3438106732.6139255,True
9/13/15,2015-09-13 23:50:00,230.2314716349509,236.14374116661642,374397,2,164397,25.0,14609950.0,3363670289.013051,True
9/14/15,2015-09-14 23:50:00,230.66681987336318,232.82519239292,374551,2,164551,25.0,14613800.0,3370918772.2653546,True
9/15/15,2015-09-15 23:50:00,230.18311924399845,232.168972438073,374711,2,164711,25.0,14617800.0,3364770800.4849205,True
9/16/15,2015-09-16 23:50:00,229.2495574632945,231.5969539474157,374853,2,164853,25.0,14621350.0,3351938017.015941,True
9/17/15,2015-09-17 23:50:00,232.7716151933546,234.69737555215323,374996,2,164996,25.0,14624925.0,3404267414.331671,True
9/18/15,2015-09-18 23:50:00,233.45600185429976,234.80462571710314,375144,2,165144,25.0,14628625.0,3415140305.125856,True
9/19/15,2015-09-19 23:50:00,231.72953491596854,233.7870659466213,375268,2,165268,25.0,14631725.0,3390602829.2683496,True
9/20/15,2015-09-20 23:50:00,230.68535720681675,232.75563290131922,375396,2,165396,25.0,14634925.0,3376062901.3199725,True
9/21/15,2015-09-21 23:50:00,226.6662632336626,232.42931601134242,375529,2,165529,25.0,14638250.0,3317997427.7801614,True
9/22/15,2015-09-22 23:50:00,230.61068690263542,231.89903147793902,375684,2,165684,25.0,14642125.0,3376630503.9642506,True
9/23/15,2015-09-23 23:50:00,229.82978513470525,232.09176756043735,375844,2,165844,25.0,14646125.0,3366115761.806035,True
9/24/15,2015-09-24 23:50:00,234.4753888262895,235.71714069258695,375982,2,165982,25.0,14649575.0,3434964794.26489,True
9/25/15,2015-09-25 23:50:00,235.2908548005521,237.19889345790662,376147,2,166147,25.0,14653700.0,3447881598.9908504,True
9/26/15,2015-09-26 23:50:00,234.5934120623101,235.97838228882688,376295,2,166295,25.0,14657400.0,3438529477.9621043,True
9/27/15,2015-09-27 23:50:00,233.18068434946878,234.82091634718307,376443,2,166443,25.0,14661100.0,3418685331.3159966,True
9/28/15,2015-09-28 23:50:00,239.47488643573993,239.88548651950265,376585,2,166585,25.0,14664650.0,3511815393.3698735,True
9/29/15,2015-09-29 23:50:00,237.09198320316509,240.72372138618374,376759,2,166759,25.0,14669000.0,3477902301.6072288,True
9/30/15,2015-09-30 23:50:00,236.85368796707021,238.32757977872103,376906,2,166906,25.0,14672675.0,3475277186.0922318,True
10/1/15,2015-10-01 23:50:00,237.82075625088078,239.59074898886314,377056,2,167056,25.0,14676425.0,3490358492.559333,True
10/2/15,2015-10-02 23:50:00,238.17530073042212,239.2305226582141,377193,2,167193,25.0,14679850.0,3496377688.4274874,True
10/3/15,2015-10-03 23:50:00,239.56040132076637,240.34267591202357,377339,2,167339,25.0,14683500.0,3517585152.7934732,True
10/4/15,2015-10-04 23:50:00,239.33481153938868,240.10273742755984,377493,2,167493,25.0,14687350.0,3515194144.2630405,True
10/5/15,2015-10-05 23:50:00,240.78453591961664,240.8529164006312,377645,2,167645,25.0,14691150.0,3537401734.875476,True
10/6/15,2015-10-06 23:50:00,246.77201716769088,247.83036240370296,377788,2,167788,25.0,14694725.0,3626246929.9744964,True
10/7/15,2015-10-07 23:50:00,243.30663642926592,247.72219927631357,377921,2,167921,25.0,14698050.0,3576133107.569172,True
10/8/15,2015-10-08 23:50:00,242.9524075126918,245.30796869223735,378058,2,168058,25.0,14701475.0,3571758745.2376504,True
10/9/15,2015-10-09 23:50:00,244.4255139081272,244.74270583828803,378188,2,168188,25.0,14704725.0,3594209965.0026855,True
10/10/15,2015-10-10 23:50:00,245.9098072068554,246.0378602238232,378348,2,168348,25.0,14708725.0,3617019729.008654,True
10/11/15,2015-10-11 23:50:00,248.94019306744676,248.94019306744676,378494,2,168494,25.0,14712375.0,3662501472.980677,True
10/12/15,2015-10-12 23:50:00,246.20617221314052,248.6670685112697,378634,2,168634,25.0,14715875.0,3623139254.5170493,True
10/13/15,2015-10-13 23:50:00,250.0391563717686,250.90394439821898,378772,2,168772,25.0,14719325.0,3680407605.3618827,True
10/14/15,2015-10-14 23:50:00,253.12203079360424,255.3038656514554,378922,2,168922,25.0,14723075.0,3726734643.5265446,True
10/15/15,2015-10-15 23:50:00,254.63318166842015,256.4306693825419,379091,2,169091,25.0,14727300.0,3750059256.385324,True
10/16/15,2015-10-16 23:50:00,262.78453429548875,267.1956846937063,379233,2,169233,25.0,14730850.0,3871039557.0267005,True
10/17/15,2015-10-17 23:50:00,272.5708393360872,273.74457553670203,379370,2,169370,25.0,14734275.0,4016133703.758726,True
10/18/15,2015-10-18 23:50:00,264.1076345503976,272.7427115884842,379515,2,169515,25.0,14737900.0,3892391907.240305,True
10/19/15,2015-10-19 23:50:00,264.3202634396505,266.6378046877174,379681,2,169681,25.0,14742050.0,3896622539.6404996,True
10/20/15,2015-10-20 23:50:00,270.7099906978552,272.5445817102906,379809,2,169809,25.0,14745250.0,3991686490.337549,True
10/21/15,2015-10-21 23:50:00,268.24522907122025,272.12520160045165,379952,2,169952,25.0,14748825.0,3956301940.65634,True
10/22/15,2015-10-22 23:50:00,275.55908332825675,279.69760362978957,380099,2,170099,25.0,14752500.0,4065185376.8001075,True
10/23/15,2015-10-23 23:50:00,278.69805077486205,280.7191183184279,380248,2,170248,25.0,14756225.0,4112531144.295289,True
10/24/15,2015-10-24 23:50:00,283.6091613210242,284.1225021012675,380395,2,170395,25.0,14759900.0,4186042860.182185,True
10/25/15,2015-10-25 23:50:00,284.26263600676805,295.5915087762317,380550,2,170550,25.0,14763775.0,4196789598.910822,True
10/26/15,2015-10-26 23:50:00,286.86547456086225,286.9671889146514,380713,2,170713,25.0,14767850.0,4236386298.4936295,True
10/27/15,2015-10-27 23:50:00,295.20093312413206,298.7424425759771,380860,2,170860,25.0,14771525.0,4360567963.666445,True
10/28/15,2015-10-28 23:50:00,304.80745035505936,308.2940588965151,381000,2,171000,25.0,14775025.0,4503537699.1822605,True
10/29/15,2015-10-29 23:50:00,315.21087607896385,319.4148965303954,381151,2,171151,25.0,14778800.0,4658438495.395791,True
10/30/15,2015-10-30 23:50:00,328.9191848346569,334.1301044823543,381320,2,171320,25.0,14783025.0,4862420532.390354,True
10/31/15,2015-10-31 23:50:00,312.10899213735587,334.1475347321011,381469,2,171469,25.0,14786750.0,4615077639.487047,True
11/1/15,2015-11-01 23:50:00,328.4881524558023,331.0296251156655,381619,2,171619,25.0,14790500.0,4858504018.897544,True
11/2/15,2015-11-02 23:50:00,362.95298972072004,368.41665457730386,381774,2,171774,25.0,14794375.0,5369662637.299478,True
11/3/15,2015-11-03 23:50:00,403.60760015527967,419.56200769278576,381929,2,171929,25.0,14798250.0,5972686168.997868,True
11/4/15,2015-11-04 23:50:00,408.40316317328046,498.5853342365543,382085,2,172085,25.0,14802150.0,6045244881.765373,True
11/5/15,2015-11-05 23:50:00,385.71264935145183,446.43797693414297,382229,2,172229,25.0,14805750.0,5710765058.135258,True
11/6/15,2015-11-06 23:50:00,374.44139240597144,395.4424742477564,382372,2,172372,25.0,14809325.0,5545224273.592563,True
11/7/15,2015-11-07 23:50:00,385.76265790586126,391.15503957513823,382526,2,172526,25.0,14813175.0,5714369760.024656,True
11/8/15,2015-11-08 23:50:00,372.86695374186934,389.69643226159246,382667,2,172667,25.0,14816700.0,5524657793.507155,True
11/9/15,2015-11-09 23:50:00,378.95059536527606,385.69549748263023,382816,2,172816,25.0,14820425.0,5616208877.3164215,True
11/10/15,2015-11-10 23:50:00,335.79636717053035,381.3015855080775,382961,2,172961,25.0,14824050.0,4977862136.7543,True
11/11/15,2015-11-11 23:50:00,310.2309524422893,339.7797379238218,383130,2,173130,25.0,14828275.0,4600189876.326188,True
11/12/15,2015-11-12 23:50:00,338.6393034805578,342.26662101581235,383291,2,173291,25.0,14832300.0,5022799741.014678,True
11/13/15,2015-11-13 23:50:00,337.0562129246183,341.2296390928951,383451,2,173451,25.0,14836300.0,5000667091.813515,True
11/14/15,2015-11-14 23:50:00,333.439122539814,340.016478678123,383593,2,173593,25.0,14839850.0,4948186562.622458,True
11/15/15,2015-11-15 23:50:00,320.3207315551851,335.9543704776163,383749,2,173749,25.0,14843750.0,4754760859.022279,True
11/16/15,2015-11-16 23:50:00,331.7085679802535,332.37374192690584,383926,2,173926,25.0,14848175.0,4925266866.370201,True
11/17/15,2015-11-17 23:50:00,336.27064502172516,340.2017359937342,384074,2,174074,25.0,14851875.0,4994249586.032034,True
11/18/15,2015-11-18 23:50:00,334.72243230786967,337.42694372189186,384227,2,174227,25.0,14855700.0,4972536037.63602,True
11/19/15,2015-11-19 23:50:00,326.57191468523297,336.05293995875655,384361,2,174361,25.0,14859050.0,4852548408.903611,True
11/20/15,2015-11-20 23:50:00,321.82747201497375,326.76283831346774,384530,2,174530,25.0,14863275.0,4783410219.1133585,True
11/21/15,2015-11-21 23:50:00,326.3387576784565,327.99114272221266,384704,2,174704,25.0,14867625.0,4851882272.129162,True
11/22/15,2015-11-22 23:50:00,323.80777196175893,326.74914347426215,384876,2,174876,25.0,14871925.0,4815644899.032382,True
11/23/15,2015-11-23 23:50:00,323.11211587743236,325.5071089494983,385040,2,175040,25.0,14876025.0,4806623913.595581,True
11/24/15,2015-11-24 23:50:00,320.2786544058803,323.12429071417944,385194,2,175194,25.0,14879875.0,4765706342.727697,True
11/25/15,2015-11-25 23:50:00,328.95709929189985,330.08207315487823,385343,2,175343,25.0,14883600.0,4896065883.020921,True
11/26/15,2015-11-26 23:50:00,352.9815835414223,367.86441349715335,385519,2,175519,25.0,14888000.0,5255189815.764695,True
11/27/15,2015-11-27 23:50:00,357.7679405226297,363.7404363126934,385653,2,175653,25.0,14891350.0,5327647621.101662,True
11/28/15,2015-11-28 23:50:00,356.5316287061623,359.1912338547615,385806,2,175806,25.0,14895175.0,5310601002.613311,True
11/29/15,2015-11-29 23:50:00,371.56062339708836,372.523195970761,385956,2,175956,25.0,14898925.0,5535853860.946465,True
11/30/15,2015-11-30 23:50:00,376.9796965739912,382.10581904152394,386116,2,176116,25.0,14902925.0,5618100144.564948,True
12/1/15,2015-12-01 23:50:00,362.9135153696589,378.70069042877924,386284,2,176284,25.0,14907125.0,5409997137.804927,True
12/2/15,2015-12-02 23:50:00,359.36565308034005,362.5831382748638,386446,2,176446,25.0,14911175.0,5358564142.07024,True
12/3/15,2015-12-03 23:50:00,361.4880907867144,369.3861117153126,386588,2,176588,25.0,14914725.0,5391495464.858879,True
12/4/15,2015-12-04 23:50:00,363.6694300330024,363.74654929833,386740,2,176740,25.0,14918525.0,5425411483.683097,True
12/5/15,2015-12-05 23:50:00,387.8975263902973,387.8975263902973,386916,2,176916,25.0,14922925.0,5788565694.007927,True
12/6/15,2015-12-06 23:50:00,387.6737772689671,399.1224500051786,387074,2,177074,25.0,14926875.0,5786758014.071713,True
12/7/15,2015-12-07 23:50:00,394.81581788008197,397.8834596153359,387221,2,177221,25.0,14930550.0,5894817309.649458,True
12/8/15,2015-12-08 23:50:00,416.94368780430784,416.94368780430784,387395,2,177395,25.0,14934900.0,6227012282.988557,True
12/9/15,2015-12-09 23:50:00,417.5696303375327,421.7802872515057,387562,2,177562,25.0,14939075.0,6238104025.334677,True
12/10/15,2015-12-10 23:50:00,415.39939616850705,419.30658430381163,387778,2,177778,25.0,14944475.0,6207925891.055349,True
12/11/15,2015-12-11 23:50:00,453.1305854150825,453.1305854150825,387937,2,177937,25.0,14948450.0,6773599899.54809,True
12/12/15,2015-12-12 23:50:00,436.75298646387876,467.6537375995561,388103,2,178103,25.0,14952600.0,6530592705.399794,True
12/13/15,2015-12-13 23:50:00,433.3545154611923,442.86480265784667,388244,2,178244,25.0,14956125.0,6481304302.552025,True
12/14/15,2015-12-14 23:50:00,443.8590702689776,447.33327698904895,388438,2,178438,25.0,14960975.0,6640564453.817417,True
12/15/15,2015-12-15 23:50:00,463.9822589592027,463.9822589592027,388622,2,178622,25.0,14965575.0,6943761295.123369,True
12/16/15,2015-12-16 23:50:00,454.06528884560765,463.7608246704027,388785,2,178785,25.0,14969650.0,6797198451.16765,True
12/17/15,2015-12-17 23:50:00,455.8338169637597,457.7546855706917,388941,2,178941,25.0,14973550.0,6825450449.9977045,True
12/18/15,2015-12-18 23:50:00,463.12910763070374,465.3867009401855,389109,2,179109,25.0,14977750.0,6936631991.815773,True
12/19/15,2015-12-19 23:50:00,461.44159724790654,465.46602101447127,389264,2,179264,25.0,14981625.0,6913144969.369168,True
12/20/15,2015-12-20 23:50:00,442.29881918198953,461.5911311721484,389432,2,179432,25.0,14985825.0,6628212701.967938,True
12/21/15,2015-12-21 23:50:00,437.2047325783519,445.1585543948948,389581,2,179581,25.0,14989550.0,6553502199.219835,True
12/22/15,2015-12-22 23:50:00,434.6732117942569,442.5077683816004,389729,2,179729,25.0,14993250.0,6517164132.7342415,True
12/23/15,2015-12-23 23:50:00,442.41482089884613,444.9686657829672,389887,2,179887,25.0,14997200.0,6634983551.984175,True
12/24/15,2015-12-24 23:50:00,455.74013016062173,459.0554628834594,390026,2,180026,25.0,15000675.0,6836409576.997185,True
12/25/15,2015-12-25 23:50:00,455.85591512491953,458.6643891572802,390188,2,180188,25.0,15004725.0,6839992646.072759,True
12/26/15,2015-12-26 23:50:00,418.47369385302943,457.71506173602165,390358,2,180358,25.0,15008975.0,6280861209.197772,True
12/27/15,2015-12-27 23:50:00,422.2507205514291,426.47721797608955,390563,2,180563,25.0,15014100.0,6339714543.431211,True
12/28/15,2015-12-28 23:50:00,421.6523204183636,429.60578777882745,390714,2,180714,25.0,15017875.0,6332321841.502933,True
12/29/15,2015-12-29 23:50:00,432.94242916990527,432.94242916990527,390873,2,180873,25.0,15021850.0,6503596229.625941,True
12/30/15,2015-12-30 23:50:00,426.97325638352305,434.8418958123499,391039,2,181039,25.0,15026000.0,6415700150.4188175,True
12/31/15,2015-12-31 23:50:00,430.21143265315385,433.185624682466,391181,2,181181,25.0,15029550.0,6465884237.632209,True
1/1/16,2016-01-01 23:50:00,434.8839824640039,436.2723029857278,391315,2,181315,25.0,15032900.0,6537567419.983125,True
1/2/16,2016-01-02 23:50:00,434.92242033909116,436.29446441997226,391459,2,181459,25.0,15036500.0,6539710973.428744,True
1/3/16,2016-01-03 23:50:00,430.9997978270536,435.21807946760543,391605,2,181605,25.0,15040150.0,6482301609.28856,True
1/4/16,2016-01-04 23:50:00,433.90199131687206,435.45165411579563,391786,2,181786,25.0,15044675.0,6527914441.215162,True
1/5/16,2016-01-05 23:50:00,433.16659869576245,435.4955001216079,391943,2,181943,25.0,15048600.0,6518550877.133051,True
1/6/16,2016-01-06 23:50:00,429.9253492492494,433.18297553643254,392084,2,182084,25.0,15052125.0,6471290097.568358,True
1/7/16,2016-01-07 23:50:00,458.7099236879629,459.5620750687525,392232,2,182232,25.0,15055825.0,6906256336.809324,True
1/8/16,2016-01-08 23:50:00,454.05328330860004,463.85786193066224,392404,2,182404,25.0,15060125.0,6838099203.2879305,True
1/9/16,2016-01-09 23:50:00,449.69718279879146,454.853251114561,392556,2,182556,25.0,15063925.0,6774204634.392284,True
1/10/16,2016-01-10 23:50:00,448.95363526897563,450.4823097898655,392729,2,182729,25.0,15068250.0,6764945614.641742,True
1/11/16,2016-01-11 23:50:00,448.69524978182716,452.10179490117844,392899,2,182899,25.0,15072500.0,6762959152.33659,True
1/12/16,2016-01-12 23:50:00,435.48555090765376,448.64947884813836,393070,2,183070,25.0,15076775.0,6565717666.785742,True
1/13/16,2016-01-13 23:50:00,432.6577823362845,436.52059083924706,393218,2,183218,25.0,15080475.0,6524684870.077781,True
1/14/16,2016-01-14 23:50:00,430.0250259843386,434.7249487146549,393351,2,183351,25.0,15083800.0,6486411486.942566,True
1/15/16,2016-01-15 23:50:00,362.4305504507852,429.93081684085854,393473,2,183473,25.0,15086850.0,5467935350.068428,True
1/16/16,2016-01-16 23:50:00,388.1881730585918,390.8104174425682,393615,2,183615,25.0,15090400.0,5857914806.723374,True
1/17/16,2016-01-17 23:50:00,379.148748639874,390.5212074244624,393764,2,183764,25.0,15094125.0,5722918605.563838,True
1/18/16,2016-01-18 23:50:00,384.928918248786,386.7237822359565,393939,2,183939,25.0,15098500.0,5811849272.179295,True
1/19/16,2016-01-19 23:50:00,376.7663108392438,385.7706411440439,394071,2,184071,25.0,15101800.0,5689849473.032091,True
1/20/16,2016-01-20 23:50:00,419.22525017175093,421.58701385872956,394225,2,184225,25.0,15105650.0,6332669900.256909,True
1/21/16,2016-01-21 23:50:00,409.26809902414743,422.90111195719874,394361,2,184361,25.0,15109050.0,6183652171.560795,True
1/22/16,2016-01-22 23:50:00,383.29492881453876,410.89517792821,394537,2,184537,25.0,15113450.0,5792908741.892091,True
1/23/16,2016-01-23 23:50:00,386.9158595464536,394.78747278724467,394717,2,184717,25.0,15117950.0,5849374618.830308,True
1/24/16,2016-01-24 23:50:00,402.8010750231029,405.76210497600584,394885,2,184885,25.0,15122150.0,6091218276.660616,True
1/25/16,2016-01-25 23:50:00,391.1212623042642,401.5152715351836,395050,2,185050,25.0,15126275.0,5916207771.961433,True
1/26/16,2016-01-26 23:50:00,391.6668140869515,396.93200421444766,395209,2,185209,25.0,15130250.0,5926016813.839098,True
1/27/16,2016-01-27 23:50:00,394.4466804448489,396.6729304828722,395363,2,185363,25.0,15134100.0,5969595506.520388,True
1/28/16,2016-01-28 23:50:00,379.75057770315664,394.9536757400132,395510,2,185510,25.0,15137775.0,5748578801.390402,True
1/29/16,2016-01-29 23:50:00,378.6405195412309,383.90832478999306,395678,2,185678,25.0,15141975.0,5733365280.88033,True
1/30/16,2016-01-30 23:50:00,377.3488875787101,381.06544954244305,395865,2,185865,25.0,15146650.0,5715571528.044069,True
1/31/16,2016-01-31 23:50:00,367.9508595508954,381.64168420193903,396047,2,186047,25.0,15151200.0,5574897063.227527,True
2/1/16,2016-02-01 23:50:00,371.37052319412066,377.7371121120144,396209,2,186209,25.0,15155250.0,5628213121.637697,True
2/2/16,2016-02-02 23:50:00,372.96226926144027,374.43626290282174,396387,2,186387,25.0,15159700.0,5653996113.322656,True
2/3/16,2016-02-03 23:50:00,368.53490319794935,373.63192633530645,396567,2,186567,25.0,15164200.0,5588536979.074344,True
2/4/16,2016-02-04 23:50:00,388.09502866803325,390.69713704180356,396736,2,186736,25.0,15168425.0,5886790335.223912,True
2/5/16,2016-02-05 23:50:00,383.9341258581022,389.1494899148232,396923,2,186923,25.0,15173100.0,5825470885.05757,True
2/6/16,2016-02-06 23:50:00,375.22738704758757,384.15561857554496,397121,2,187121,25.0,15178050.0,5695220041.977636,True
2/7/16,2016-02-07 23:50:00,376.42862922366214,379.73779902182406,397299,2,187299,25.0,15182500.0,5715127663.188251,True
2/8/16,2016-02-08 23:50:00,371.21694243336185,379.0508593584616,397448,2,187448,25.0,15186225.0,5637384011.605081,True
2/9/16,2016-02-09 23:50:00,372.7623707800957,375.5878138548923,397624,2,187624,25.0,15190625.0,5662493388.631392,True
2/10/16,2016-02-10 23:50:00,378.95173421310903,383.0624754576742,397788,2,187788,25.0,15194725.0,5758067389.641283,True
2/11/16,2016-02-11 23:50:00,378.14838162107424,379.5423519627626,397979,2,187979,25.0,15199500.0,5747666326.449518,True
2/12/16,2016-02-12 23:50:00,382.39209701651856,382.76047465093416,398150,2,188150,25.0,15203775.0,5813803404.81732,True
2/13/16,2016-02-13 23:50:00,390.65036662988143,390.65036662988143,398306,2,188306,25.0,15207675.0,5940883814.338082,True
2/14/16,2016-02-14 23:50:00,406.5740594276338,406.5740594276338,398470,2,188470,25.0,15211775.0,6184713112.849794,True
2/15/16,2016-02-15 23:50:00,398.8081586422428,409.21643804010426,398624,2,188624,25.0,15215625.0,6068115388.840876,True
2/16/16,2016-02-16 23:50:00,407.238241647739,407.238241647739,398763,2,188763,25.0,15219100.0,6197799523.461104,True
2/17/16,2016-02-17 23:50:00,414.8979246844353,420.37343828994034,398916,2,188916,25.0,15222925.0,6315959990.126807,True
2/18/16,2016-02-18 23:50:00,421.16569563372616,424.11515686808644,399087,2,189087,25.0,15227200.0,6413174280.553875,True
2/19/16,2016-02-19 23:50:00,420.44353590336175,421.97115456487234,399231,2,189231,25.0,15230800.0,6403691406.636922,True
2/20/16,2016-02-20 23:50:00,434.6179274199626,443.0243658596969,399381,2,189381,25.0,15234550.0,6621208546.175791,True
2/21/16,2016-02-21 23:50:00,438.47243072984276,448.04374239815644,399509,2,189509,25.0,15237750.0,6681333281.353662,True
2/22/16,2016-02-22 23:50:00,437.4889589178774,439.30995460652923,399636,2,189636,25.0,15240925.0,6667736411.195451,True
2/23/16,2016-02-23 23:50:00,419.61022318481594,440.51096053324954,399772,2,189772,25.0,15244325.0,6396674615.551869,True
2/24/16,2016-02-24 23:50:00,423.851263269437,424.92714352211533,399890,2,189890,25.0,15247275.0,6462576770.166506,True
2/25/16,2016-02-25 23:50:00,423.5093989250703,426.2255859039856,400046,2,190046,25.0,15251175.0,6459015957.151059,True
2/26/16,2016-02-26 23:50:00,430.6719637219394,430.6719637219394,400186,2,190186,25.0,15254675.0,6569760838.189976,True
2/27/16,2016-02-27 23:50:00,432.1432341275273,434.6884658194211,400330,2,190330,25.0,15258275.0,6593760305.707197,True
2/28/16,2016-02-28 23:50:00,431.5065287388273,434.9012198093882,400465,2,190465,25.0,15261650.0,6585501614.326923,True
2/29/16,2016-02-29 23:50:00,436.42224928942983,441.5016596395518,400600,2,190600,25.0,15265025.0,6661996545.959378,True
3/1/16,2016-03-01 23:50:00,433.2277035606563,437.32784120036183,400741,2,190741,25.0,15268550.0,6614758853.201059,True
3/2/16,2016-03-02 23:50:00,420.12615262177826,434.78376371136767,400896,2,190896,25.0,15272425.0,6416345156.454662,True
3/3/16,2016-03-03 23:50:00,419.31158198959054,423.58328910169575,401033,2,191033,25.0,15275850.0,6405340829.735686,True
3/4/16,2016-03-04 23:50:00,407.2361243772178,422.83821577556256,401188,2,191188,25.0,15279725.0,6222455990.549684,True
3/5/16,2016-03-05 23:50:00,398.50243239160943,408.0483447789612,401337,2,191337,25.0,15283450.0,6090492000.335544,True
3/6/16,2016-03-06 23:50:00,404.6277893211019,410.08491398876174,401485,2,191485,25.0,15287150.0,6185605709.520082,True
3/7/16,2016-03-07 23:50:00,412.8005827105356,415.67132434904596,401619,2,191619,25.0,15290500.0,6311927309.935445,True
3/8/16,2016-03-08 23:50:00,411.4093473295935,415.4092146859065,401773,2,191773,25.0,15294350.0,6292238551.330369,True
3/9/16,2016-03-09 23:50:00,412.59964953173085,413.5809443722882,401940,2,191940,25.0,15298525.0,6312166053.352423,True
3/10/16,2016-03-10 23:50:00,415.96573582904114,416.41528816236007,402095,2,192095,25.0,15302400.0,6365274075.950319,True
3/11/16,2016-03-11 23:50:00,419.64531649745595,421.5243006719744,402256,2,192256,25.0,15306425.0,6423269563.569572,True
3/12/16,2016-03-12 23:50:00,410.139940852359,420.9707957038436,402400,2,192400,25.0,15310025.0,6279252747.948138,True
3/13/16,2016-03-13 23:50:00,412.61530446772593,416.451936868193,402531,2,192531,25.0,15313300.0,6318501941.905627,True
3/14/16,2016-03-14 23:50:00,415.05435298344673,415.3352170016475,402685,2,192685,25.0,15317150.0,6357449782.800401,True
3/15/16,2016-03-15 23:50:00,415.4742785335744,416.6670920749294,402844,2,192844,25.0,15321125.0,6365533355.69771,True
3/16/16,2016-03-16 23:50:00,416.2381856412929,416.2381856412929,402998,2,192998,25.0,15324975.0,6378839788.998173,True
3/17/16,2016-03-17 23:50:00,418.5086720041087,419.24226854764646,403138,2,193138,25.0,15328475.0,6415099716.09818,True
3/18/16,2016-03-18 23:50:00,409.2494736684257,418.4331765994987,403274,2,193274,25.0,15331875.0,6274561774.100095,True
3/19/16,2016-03-19 23:50:00,409.6114015305549,410.56345963811026,403411,2,193411,25.0,15335300.0,6281513725.891519,True
3/20/16,2016-03-20 23:50:00,411.66829833103867,414.5378769663888,403556,2,193556,25.0,15338925.0,6314549152.9774275,True
3/21/16,2016-03-21 23:50:00,411.7585748667672,411.7585748667672,403696,2,193696,25.0,15342425.0,6317375053.000261,True
3/22/16,2016-03-22 23:50:00,416.54761875463345,417.0776833204465,403843,2,193843,25.0,15346100.0,6392381412.170481,True
3/23/16,2016-03-23 23:50:00,417.53883195340177,418.8162764579039,403992,2,193992,25.0,15349825.0,6409148001.189125,True
3/24/16,2016-03-24 23:50:00,412.68391467188684,417.6040713990575,404139,2,194139,25.0,15353500.0,6336142483.914815,True
3/25/16,2016-03-25 23:50:00,416.3595573150922,416.66020023003574,404282,2,194282,25.0,15357075.0,6394064948.65467,True
3/26/16,2016-03-26 23:50:00,416.92298328256874,417.5888481972136,404439,2,194439,25.0,15361000.0,6404353946.203538,True
3/27/16,2016-03-27 23:50:00,425.01140597187987,426.5897963994968,404580,2,194580,25.0,15364525.0,6530098372.340097,True
3/28/16,2016-03-28 23:50:00,422.6782895074445,424.8262192150037,404749,2,194749,25.0,15368750.0,6496036961.8675375,True
3/29/16,2016-03-29 23:50:00,416.1195712728422,424.39005383162873,404904,2,194904,25.0,15372625.0,6396850124.338176,True
3/30/16,2016-03-30 23:50:00,413.08440509498695,415.26901923883725,405054,2,195054,25.0,15376375.0,6351740719.39243,True
3/31/16,2016-03-31 23:50:00,415.55633232669516,417.2272182697917,405178,2,195178,25.0,15379475.0,6391038224.1101,True
4/1/16,2016-04-01 23:50:00,417.1655761916554,417.1740620036806,405330,2,195330,25.0,15383275.0,6417372779.089688,True
4/2/16,2016-04-02 23:50:00,419.7207145718917,420.30517748041814,405469,2,195469,25.0,15386750.0,6458137704.9390545,True
4/3/16,2016-04-03 23:50:00,419.82532399189205,420.22285548059017,405611,2,195611,25.0,15390300.0,6461237683.832417,True
4/4/16,2016-04-04 23:50:00,419.362325459036,420.4400843399038,405777,2,195777,25.0,15394450.0,6455852351.162857,True
4/5/16,2016-04-05 23:50:00,422.2472808455297,422.99236065632283,405931,2,195931,25.0,15398300.0,6501890304.64372,True
4/6/16,2016-04-06 23:50:00,421.31238406636857,422.84365474454387,406088,2,196088,25.0,15402225.0,6489148134.676623,True
4/7/16,2016-04-07 23:50:00,421.15249323824656,422.3507381883495,406229,2,196229,25.0,15405750.0,6488170022.705117,True
4/8/16,2016-04-08 23:50:00,418.70082480212614,424.1009414286276,406373,2,196373,25.0,15409350.0,6451907554.664642,True
4/9/16,2016-04-09 23:50:00,419.1189017501917,419.1189017501917,406535,2,196535,25.0,15413400.0,6460047280.236404,True
4/10/16,2016-04-10 23:50:00,422.06377504107894,423.42675680150734,406706,2,196706,25.0,15417675.0,6507242112.856466,True
4/11/16,2016-04-11 23:50:00,423.44435415721694,423.49913944437765,406860,2,196860,25.0,15421525.0,6530157693.744375,True
4/12/16,2016-04-12 23:50:00,426.77208468908714,427.83035047634,407007,2,197007,25.0,15425200.0,6583044760.746107,True
4/13/16,2016-04-13 23:50:00,424.9491271718547,429.00361659478233,407172,2,197172,25.0,15429325.0,6556678191.600877,True
4/14/16,2016-04-14 23:50:00,425.73829926128775,426.9050281990491,407335,2,197335,25.0,15433400.0,6570589467.819159,True
4/15/16,2016-04-15 23:50:00,430.41062868258484,430.8285986141109,407476,2,197476,25.0,15436925.0,6644216594.175911,True
4/16/16,2016-04-16 23:50:00,433.2765036183376,434.30897672918474,407614,2,197614,25.0,15440375.0,6689951694.555989,True
4/17/16,2016-04-17 23:50:00,428.91892249032605,433.86230680747093,407771,2,197771,25.0,15444300.0,6624352514.617343,True
4/18/16,2016-04-18 23:50:00,429.62552571146455,432.3129122068053,407906,2,197906,25.0,15447675.0,6636715492.894848,True
4/19/16,2016-04-19 23:50:00,436.6868552636164,437.04677790338366,408055,2,198055,25.0,15451400.0,6747423275.420242,True
4/20/16,2016-04-20 23:50:00,442.45631725659206,443.9794738823233,408221,2,198221,25.0,15455550.0,6838405734.175121,True
4/21/16,2016-04-21 23:50:00,451.6680756279053,452.59726391649764,408372,2,198372,25.0,15459325.0,6982483573.256367,True
4/22/16,2016-04-22 23:50:00,448.09023328498296,452.29281054701823,408514,2,198514,25.0,15462875.0,6928763266.006531,True
4/23/16,2016-04-23 23:50:00,455.48689847015464,455.48689847015464,408658,2,198658,25.0,15466475.0,7044776728.016185,True
4/24/16,2016-04-24 23:50:00,462.25317862898964,464.0671849803292,408790,2,198790,25.0,15469775.0,7150952666.425279,True
4/25/16,2016-04-25 23:50:00,464.57983400980066,470.9750437082324,408918,2,198918,25.0,15472975.0,7188432157.137795,True
4/26/16,2016-04-26 23:50:00,469.6017137637834,471.1638255448669,409067,2,199067,25.0,15476700.0,7267884843.407947,True
4/27/16,2016-04-27 23:50:00,444.59813801158623,470.6740159438724,409198,2,199198,25.0,15479975.0,6882368061.465904,True
4/28/16,2016-04-28 23:50:00,451.7265497426921,451.7265497426921,409333,2,199333,25.0,15483350.0,6994240273.958511,True
4/29/16,2016-04-29 23:50:00,457.444408673028,458.17740510065795,409489,2,199489,25.0,15487250.0,7084555918.221354,True
4/30/16,2016-04-30 23:50:00,453.35807263852155,458.8912518081869,409637,2,199637,25.0,15490950.0,7022947235.339705,True
5/1/16,2016-05-01 23:50:00,454.3377402582147,456.68316221296993,409792,2,199792,25.0,15494825.0,7039883776.196491,True
5/2/16,2016-05-02 23:50:00,445.729278648282,457.07547603802095,409948,2,199948,25.0,15498725.0,6908235514.218094,True
5/3/16,2016-05-03 23:50:00,451.501854947788,452.6422073837187,410099,2,200099,25.0,15502500.0,6999407506.328083,True
5/4/16,2016-05-04 23:50:00,448.00193740466904,452.4107843780877,410264,2,200264,25.0,15506625.0,6946998042.607676,True
5/5/16,2016-05-05 23:50:00,449.2282265593353,450.5369032876782,410421,2,200421,25.0,15510550.0,6967776869.459899,True
5/6/16,2016-05-06 23:50:00,460.9599712723831,462.9163582355579,410584,2,200584,25.0,15514625.0,7151621094.301797,True
5/7/16,2016-05-07 23:50:00,461.138059959326,462.61823181262514,410732,2,200732,25.0,15518325.0,7156090284.318307,True
5/8/16,2016-05-08 23:50:00,461.5625344457377,462.9629424821448,410900,2,200900,25.0,15522525.0,7164615979.997325,True
5/9/16,2016-05-09 23:50:00,463.8478179625745,464.47829387369467,411072,2,201072,25.0,15526825.0,7202083896.13675,True
5/10/16,2016-05-10 23:50:00,452.38923924080063,464.0206957898851,411227,2,201227,25.0,15530700.0,7025921557.877103,True
5/11/16,2016-05-11 23:50:00,454.46139296844393,457.7575618506201,411362,2,201362,25.0,15534075.0,7059637362.97628,True
5/12/16,2016-05-12 23:50:00,455.53856203692703,456.0474471240244,411503,2,201503,25.0,15537600.0,7077975961.504957,True
5/13/16,2016-05-13 23:50:00,457.60834697826897,457.74494428991,411654,2,201654,25.0,15541375.0,7111862923.519395,True
5/14/16,2016-05-14 23:50:00,458.44491586756294,459.276980428591,411798,2,201798,25.0,15544975.0,7126514756.038369,True
5/15/16,2016-05-15 23:50:00,460.9721197500823,462.36539808156385,411937,2,201937,25.0,15548450.0,7167401955.328167,True
5/16/16,2016-05-16 23:50:00,454.6210663380606,461.1305060964003,412078,2,202078,25.0,15551975.0,7070255458.16286,True
5/17/16,2016-05-17 23:50:00,453.84373845479075,456.99708877667706,412220,2,202220,25.0,15555525.0,7059777619.626959,True
5/18/16,2016-05-18 23:50:00,454.9559643049547,457.3511400371882,412373,2,202373,25.0,15559350.0,7078819083.208297,True
5/19/16,2016-05-19 23:50:00,438.5470537052079,456.0690261670987,412493,2,202493,25.0,15562350.0,6824822741.229241,True
5/20/16,2016-05-20 23:50:00,445.21445461964197,445.21445461964197,412642,2,202642,25.0,15566075.0,6930241591.693443,True
5/21/16,2016-05-21 23:50:00,445.7950017281727,446.22076975268817,412782,2,202782,25.0,15569575.0,6940838714.031914,True
5/22/16,2016-05-22 23:50:00,441.11737178700224,445.9675348016823,412966,2,202966,25.0,15574175.0,6870039143.750835,True
5/23/16,2016-05-23 23:50:00,445.09554932369775,445.09554932369775,413145,2,203145,25.0,15578650.0,6933987779.471624,True
5/24/16,2016-05-24 23:50:00,445.74600732461613,447.0305863745854,413294,2,203294,25.0,15582375.0,6945781440.884915,True
5/25/16,2016-05-25 23:50:00,451.3402890773279,451.3402890773279,413432,2,203432,25.0,15585825.0,7034510761.008644,True
5/26/16,2016-05-26 23:50:00,454.08349108848006,454.8689733198864,413564,2,203564,25.0,15589125.0,7078764303.014702,True
5/27/16,2016-05-27 23:50:00,470.6678659296852,476.64769399699645,413705,2,203705,25.0,15592650.0,7338959299.688506,True
5/28/16,2016-05-28 23:50:00,523.4010670292037,533.6525954942157,413838,2,203838,25.0,15595975.0,8162949956.360785,True
5/29/16,2016-05-29 23:50:00,522.4012688892889,541.5494857295442,413985,2,203985,25.0,15599650.0,8149276954.228795,True
5/30/16,2016-05-30 23:50:00,531.7697241514386,537.173408427807,414129,2,204129,25.0,15603250.0,8297335948.365934,True
5/31/16,2016-05-31 23:50:00,531.5451114534147,546.970460199709,414256,2,204256,25.0,15606425.0,8295518916.014358,True
6/1/16,2016-06-01 23:50:00,534.929231166291,541.4367215770887,414398,2,204398,25.0,15609975.0,8350231925.2750225,True
6/2/16,2016-06-02 23:50:00,538.0219157804956,540.7093676471434,414538,2,204538,25.0,15613475.0,8400391731.490874,True
6/3/16,2016-06-03 23:50:00,570.0249109843392,576.9274638785485,414677,2,204677,25.0,15616950.0,8902050533.596876,True
6/4/16,2016-06-04 23:50:00,574.1044870799856,590.3659270601963,414798,2,204798,25.0,15619975.0,8967497735.577198,True
6/5/16,2016-06-05 23:50:00,574.6507220672327,583.0369002088661,414968,2,204968,25.0,15624225.0,8978472177.990908,True
6/6/16,2016-06-06 23:50:00,585.2448605161708,586.6959290796261,415136,2,205136,25.0,15628425.0,9146455409.212437,True
6/7/16,2016-06-07 23:50:00,578.1194883937324,590.7205617697649,415278,2,205278,25.0,15631975.0,9037149389.583614,True
6/8/16,2016-06-08 23:50:00,583.0049348368627,583.8677639645213,415423,2,205423,25.0,15635600.0,9115631959.13525,True
6/9/16,2016-06-09 23:50:00,577.0760450769253,582.5451763762201,415588,2,205588,25.0,15639725.0,9025310649.090715,True
6/10/16,2016-06-10 23:50:00,579.8212995235086,580.3275900037147,415730,2,205730,25.0,15643275.0,9070304039.303614,True
6/11/16,2016-06-11 23:50:00,607.17430380675,607.17430380675,415888,2,205888,25.0,15647225.0,9500592945.882574,True
6/12/16,2016-06-12 23:50:00,671.0887766935982,680.1970436378394,416033,2,206033,25.0,15650850.0,10503109780.715002,True
6/13/16,2016-06-13 23:50:00,705.2537025153345,720.2683763211442,416194,2,206194,25.0,15654875.0,11040658556.164747,True
6/14/16,2016-06-14 23:50:00,685.1158454197318,705.9464186344967,416326,2,206326,25.0,15658175.0,10727663802.85511,True
6/15/16,2016-06-15 23:50:00,697.4923346649625,697.4923346649625,416479,2,206479,25.0,15662000.0,10924124945.522644,True
6/16/16,2016-06-16 23:50:00,768.6542678135833,773.7708883527307,416628,2,206628,25.0,15665725.0,12041526379.643946,True
6/17/16,2016-06-17 23:50:00,752.9334092068809,777.5688598816687,416776,2,206776,25.0,15669425.0,11798033585.561531,True
6/18/16,2016-06-18 23:50:00,757.3416662071204,780.654385546416,416934,2,206934,25.0,15673375.0,11870099937.589025,True
6/19/16,2016-06-19 23:50:00,767.4518264835016,767.5646892828629,417111,2,207111,25.0,15677800.0,12031956245.24304,True
6/20/16,2016-06-20 23:50:00,715.3350485677917,766.4172250882075,417274,2,207274,25.0,15681875.0,11217794814.759037,True
6/21/16,2016-06-21 23:50:00,667.217531653078,719.6805456389582,417425,2,207425,25.0,15685650.0,10465740675.374104,True
6/22/16,2016-06-22 23:50:00,597.5623930748819,678.5882297805825,417553,2,207553,25.0,15688850.0,9375066750.592861,True
6/23/16,2016-06-23 23:50:00,627.9657566291881,631.4387765727064,417692,2,207692,25.0,15692325.0,9854242741.896126,True
6/24/16,2016-06-24 23:50:00,667.5468611638372,685.5565740712707,417821,2,207821,25.0,15695550.0,10477515136.740065,True
6/25/16,2016-06-25 23:50:00,665.7125861193371,694.2570549830065,417984,2,207984,25.0,15699625.0,10451437959.853798,True
6/26/16,2016-06-26 23:50:00,633.8908753967772,673.0780799150666,418131,2,208131,25.0,15703300.0,9954178583.618212,True
6/27/16,2016-06-27 23:50:00,657.042473154401,657.042473154401,418276,2,208276,25.0,15706925.0,10320116847.65069,True
6/28/16,2016-06-28 23:50:00,647.9137512329382,661.4175913689517,418425,2,208425,25.0,15710650.0,10179146175.80776,True
6/29/16,2016-06-29 23:50:00,637.0942855303231,645.8450572049156,418572,2,208572,25.0,15714325.0,10011506658.466293,True
6/30/16,2016-06-30 23:50:00,672.6324199351302,672.6324199351302,418721,2,208721,25.0,15718050.0,10572470008.161373,True
7/1/16,2016-07-01 23:50:00,677.7523138559045,687.441107119406,418877,2,208877,25.0,15721950.0,10655587990.826838,True
7/2/16,2016-07-02 23:50:00,703.0031427888437,703.0031427888437,419025,2,209025,25.0,15725650.0,11055181372.397379,True
7/3/16,2016-07-03 23:50:00,661.439850366025,704.0898244376605,419180,2,209180,25.0,15729525.0,10404134662.32865,True
7/4/16,2016-07-04 23:50:00,681.3720236261811,682.703227911052,419330,2,209330,25.0,15733275.0,10720213425.017204,True
7/5/16,2016-07-05 23:50:00,669.5220391628915,681.8372599840465,419474,2,209474,25.0,15736875.0,10536184640.051527,True
7/6/16,2016-07-06 23:50:00,677.0219670928782,680.4660728632279,419616,2,209616,25.0,15740425.0,10656613496.377916,True
7/7/16,2016-07-07 23:50:00,640.7836172202872,680.9506432692054,419752,2,209752,25.0,15743825.0,10088385132.383188,True
7/8/16,2016-07-08 23:50:00,665.8419667000638,666.0681690267015,419897,2,209897,25.0,15747450.0,10485313078.51092,True
7/9/16,2016-07-09 23:50:00,657.3184540890006,664.1838792887324,420045,3,45,12.5,15750575.0,10353143610.012861,True
7/10/16,2016-07-10 23:50:00,651.3047799816928,654.311569351545,420202,3,202,12.5,15752537.5,10259702970.590866,True
7/11/16,2016-07-11 23:50:00,651.1524242489038,660.6562870904938,420345,3,345,12.5,15754325.0,10258466916.155111,True
7/12/16,2016-07-12 23:50:00,665.2699931763912,674.8113090559132,420488,3,488,12.5,15756112.5,10482068855.361452,True
7/13/16,2016-07-13 23:50:00,655.2105758522562,670.3716771110863,420616,3,616,12.5,15757712.5,10324619881.239296,True
7/14/16,2016-07-14 23:50:00,660.2911244612783,663.8790848048905,420756,3,756,12.5,15759462.5,10405833215.030348,True
7/15/16,2016-07-15 23:50:00,666.4306437343722,669.4843096101005,420893,3,893,12.5,15761175.0,10503730001.260094,True
7/16/16,2016-07-16 23:50:00,663.3188356448769,669.4160776316858,421050,3,1050,12.5,15763137.5,10455986012.610096,True
7/17/16,2016-07-17 23:50:00,679.8341644292315,680.9758165165666,421200,3,1200,12.5,15765012.5,10717594100.153889,True
7/18/16,2016-07-18 23:50:00,675.0654188097517,684.0327260205702,421347,3,1347,12.5,15766850.0,10643655198.560534,True
7/19/16,2016-07-19 23:50:00,674.0658044287677,676.2702530326782,421475,3,1475,12.5,15768450.0,10628972933.844803,True
7/20/16,2016-07-20 23:50:00,667.3264934261225,674.9116498751048,421626,3,1626,12.5,15770337.5,10523964024.021482,True
7/21/16,2016-07-21 23:50:00,667.2942051820498,667.4868539955502,421759,3,1759,12.5,15772000.0,10524564204.13129,True
7/22/16,2016-07-22 23:50:00,653.2611166392969,669.1935430955199,421888,3,1888,12.5,15773612.5,10304287715.185572,True
7/23/16,2016-07-23 23:50:00,657.7541150361819,661.6144506734797,422018,3,2018,12.5,15775237.5,10376227381.298092,True
7/24/16,2016-07-24 23:50:00,660.8986520111177,664.8485493005853,422143,3,2143,12.5,15776800.0,10426865853.049002,True
7/25/16,2016-07-25 23:50:00,656.727918956488,662.9774155359861,422273,3,2273,12.5,15778425.0,10362132214.661024,True
7/26/16,2016-07-26 23:50:00,654.174462619276,657.9420658047336,422402,3,2402,12.5,15780037.5,10322897551.674524,True
7/27/16,2016-07-27 23:50:00,656.6374550331486,658.6118120161885,422530,3,2530,12.5,15781637.5,10362814284.255703,True
7/28/16,2016-07-28 23:50:00,654.8738329724555,659.6400508459569,422663,3,2663,12.5,15783300.0,10336070167.954157,True
7/29/16,2016-07-29 23:50:00,657.202841742762,658.6144519423217,422812,3,2812,12.5,15785162.5,10374053652.37128,True
7/30/16,2016-07-30 23:50:00,655.0710646480535,658.6691699463067,422932,3,2932,12.5,15786662.5,10341385811.114502,True
7/31/16,2016-07-31 23:50:00,626.6782449704231,656.73746540764,423087,3,3087,12.5,15788600.0,9894372138.540022,True
8/1/16,2016-08-01 23:50:00,603.0714699772217,627.0489033372014,423239,3,3239,12.5,15790500.0,9522800046.67532,True
8/2/16,2016-08-02 23:50:00,541.1173090967804,612.2522169325943,423393,3,3393,12.5,15792425.0,8545554520.112723,True
8/3/16,2016-08-03 23:50:00,570.498084933119,573.4290773083416,423559,3,3559,12.5,15794500.0,9010732002.476149,True
8/4/16,2016-08-04 23:50:00,584.2871190374406,595.1996084736177,423713,3,3713,12.5,15796425.0,9229647654.341002,True
8/5/16,2016-08-05 23:50:00,578.7203581679671,591.1569145010908,423882,3,3882,12.5,15798537.5,9142935280.53006,True
8/6/16,2016-08-06 23:50:00,590.6386563792255,590.6386563792255,424047,3,4047,12.5,15800600.0,9332445153.98559,True
8/7/16,2016-08-07 23:50:00,594.2242426379976,598.3721942573578,424196,3,4196,12.5,15802462.5,9390206310.877857,True
8/8/16,2016-08-08 23:50:00,591.594596271462,594.4992918968617,424343,3,4343,12.5,15804300.0,9349738477.853067,True
8/9/16,2016-08-09 23:50:00,585.9862966427914,591.6922276548581,424466,3,4466,12.5,15805837.5,9262004181.962757,True
8/10/16,2016-08-10 23:50:00,593.309228099764,600.8796441940957,424619,3,4619,12.5,15807750.0,9378883950.494045,True
8/11/16,2016-08-11 23:50:00,586.8243344160251,598.2492600395402,424766,3,4766,12.5,15809587.5,9277450662.07941,True
8/12/16,2016-08-12 23:50:00,587.6670928265272,590.0625882899753,424916,3,4916,12.5,15811462.5,9291876200.710653,True
8/13/16,2016-08-13 23:50:00,585.6063890254981,589.3893371662832,425081,3,5081,12.5,15813525.0,9260501273.014439,True
8/14/16,2016-08-14 23:50:00,572.7941323513933,585.6483982320846,425242,3,5242,12.5,15815537.5,9059047079.983423,True
8/15/16,2016-08-15 23:50:00,567.4857481002539,573.9107354211444,425390,3,5390,12.5,15817387.5,8976141978.429104,True
8/16/16,2016-08-16 23:50:00,578.4633278459701,581.0476325776833,425524,3,5524,12.5,15819062.5,9150747537.15339,True
8/17/16,2016-08-17 23:50:00,573.999199368756,581.3018487664967,425646,3,5646,12.5,15820587.5,9081004558.543348,True
8/18/16,2016-08-18 23:50:00,573.6346051922998,575.8011936613979,425801,3,5801,12.5,15822525.0,9076347881.520292,True
8/19/16,2016-08-19 23:50:00,573.6856113314623,576.2515905974777,425956,3,5956,12.5,15824462.5,9078266443.3043,True
8/20/16,2016-08-20 23:50:00,580.6772171224967,583.3948928021698,426110,3,6110,12.5,15826387.5,9190022650.602268,True
8/21/16,2016-08-21 23:50:00,580.2640710660802,583.4165682036385,426270,3,6270,12.5,15828387.5,9184644569.161455,True
8/22/16,2016-08-22 23:50:00,584.5310006792232,585.8007556599938,426432,3,6432,12.5,15830412.5,9253366859.789885,True
8/23/16,2016-08-23 23:50:00,582.1403915731989,585.7898785865493,426579,3,6579,12.5,15832250.0,9216592214.48478,True
8/24/16,2016-08-24 23:50:00,578.8355713317429,582.3557877338424,426731,3,6731,12.5,15834150.0,9165369261.802517,True
8/25/16,2016-08-25 23:50:00,575.7225958239035,578.6014519058155,426859,3,6859,12.5,15835750.0,9116999096.81838,True
8/26/16,2016-08-26 23:50:00,578.7497338081189,579.1636164219524,426992,3,6992,12.5,15837412.5,9165898268.584375,True
8/27/16,2016-08-27 23:50:00,569.4518502062841,579.301256850288,427135,3,7135,12.5,15839200.0,9019661745.787374,True
8/28/16,2016-08-28 23:50:00,575.0956449603555,575.0956449603555,427289,3,7289,12.5,15841125.0,9110161998.772612,True
8/29/16,2016-08-29 23:50:00,572.9005311004324,577.0739119499378,427437,3,7437,12.5,15842975.0,9076448791.710873,True
8/30/16,2016-08-30 23:50:00,575.264045416163,576.4834871103046,427600,3,7600,12.5,15845012.5,9115065990.41967,True
8/31/16,2016-08-31 23:50:00,571.1965360376626,575.5856506120906,427735,3,7735,12.5,15846700.0,9051580147.628027,True
9/1/16,2016-09-01 23:50:00,572.5561672481705,573.1401783510692,427873,3,7873,12.5,15848425.0,9074113474.920086,True
9/2/16,2016-09-02 23:50:00,575.0009111070633,576.4626341331074,428029,3,8029,12.5,15850375.0,9113980066.388618,True
9/3/16,2016-09-03 23:50:00,598.6908473034971,599.6039453612104,428155,3,8155,12.5,15851950.0,9490417376.91267,True
9/4/16,2016-09-04 23:50:00,611.4227799559515,613.8492817657242,428333,3,8333,12.5,15854175.0,9693603752.408146,True
9/5/16,2016-09-05 23:50:00,606.1033693815909,609.3837504527473,428473,3,8473,12.5,15855925.0,9610329567.161802,True
9/6/16,2016-09-06 23:50:00,610.3828471588885,612.4426781605396,428610,3,8610,12.5,15857637.5,9679229926.463558,True
9/7/16,2016-09-07 23:50:00,615.0585387829371,616.6834369645469,428761,3,8761,12.5,15859525.0,9754536272.291462,True
9/8/16,2016-09-08 23:50:00,627.3697008597358,630.1975954530337,428906,3,8906,12.5,15861337.5,9950922562.61031,True
9/9/16,2016-09-09 23:50:00,622.2820047345849,627.9170376982781,429047,3,9047,12.5,15863100.0,9871321669.305195,True
9/10/16,2016-09-10 23:50:00,623.2641908171909,625.5072651506048,429201,3,9201,12.5,15865025.0,9888101968.919504,True
9/11/16,2016-09-11 23:50:00,606.3234045793001,629.1894874934612,429367,3,9367,12.5,15867100.0,9620594092.800213,True
9/12/16,2016-09-12 23:50:00,607.3223156688099,608.6844340741852,429530,3,9530,12.5,15869137.5,9637681334.166748,True
9/13/16,2016-09-13 23:50:00,608.2890249240006,609.5897227483833,429695,3,9695,12.5,15871200.0,9654276772.373798,True
9/14/16,2016-09-14 23:50:00,608.7350306744854,611.019145961002,429850,3,9850,12.5,15873137.5,9662534842.962824,True
9/15/16,2016-09-15 23:50:00,605.2743670751692,609.2865738613343,430003,3,10003,12.5,15875050.0,9608760841.036665,True
9/16/16,2016-09-16 23:50:00,607.7392757581945,608.007600099347,430143,3,10143,12.5,15876800.0,9648954933.357702,True
9/17/16,2016-09-17 23:50:00,606.886534070155,608.5169805660631,430306,3,10306,12.5,15878837.5,9636652655.438204,True
9/18/16,2016-09-18 23:50:00,610.9444636865104,611.5809695990899,430452,3,10452,12.5,15880662.5,9702202834.048977,True
9/19/16,2016-09-19 23:50:00,608.5191535319566,611.7660488999829,430585,3,10585,12.5,15882325.0,9664698965.119432,True
9/20/16,2016-09-20 23:50:00,606.7807663856313,609.6726973138209,430732,3,10732,12.5,15884162.5,9638204295.143906,True
9/21/16,2016-09-21 23:50:00,596.5872229886088,600.9171429109099,430900,3,10900,12.5,15886262.5,9477541228.543074,True
9/22/16,2016-09-22 23:50:00,595.3638256212346,598.2044199592222,431041,3,11041,12.5,15888025.0,9459155345.565815,True
9/23/16,2016-09-23 23:50:00,601.5785021720683,602.78933566456,431179,3,11179,12.5,15889750.0,9558932004.888622,True
9/24/16,2016-09-24 23:50:00,601.0346316912924,605.3187079088368,431345,3,11345,12.5,15891825.0,9551537185.777472,True
9/25/16,2016-09-25 23:50:00,600.5018579499821,603.5933186237883,431529,3,11529,12.5,15894125.0,9544451592.98926,True
9/26/16,2016-09-26 23:50:00,606.2001855573536,607.2074440720592,431683,3,11683,12.5,15896050.0,9636188459.628971,True
9/27/16,2016-09-27 23:50:00,604.6179169458967,607.3551467935788,431849,3,11849,12.5,15898125.0,9612291220.845484,True
9/28/16,2016-09-28 23:50:00,604.9065178321194,605.6781288492251,431998,3,11998,12.5,15899987.5,9618006072.199226,True
9/29/16,2016-09-29 23:50:00,605.8710149342171,606.7328583666695,432140,3,12140,12.5,15901762.5,9634416985.117874,True
9/30/16,2016-09-30 23:50:00,608.9129588326075,608.9129588326075,432283,3,12283,12.5,15903550.0,9683877686.442314,True
10/1/16,2016-10-01 23:50:00,615.4437866654439,616.521860598891,432439,3,12439,12.5,15905500.0,9788941148.807219,True
10/2/16,2016-10-02 23:50:00,611.1847244226493,615.5661639122754,432581,3,12581,12.5,15907275.0,9722283487.190298,True
10/3/16,2016-10-03 23:50:00,612.7803428472209,614.6604715764788,432732,3,12732,12.5,15909162.5,9748822051.162151,True
10/4/16,2016-10-04 23:50:00,608.7535531170712,612.8585389005309,432889,3,12889,12.5,15911125.0,9685953877.839859,True
10/5/16,2016-10-05 23:50:00,611.7243118951259,613.6683898078563,433056,3,13056,12.5,15913212.5,9734498966.603416,True
10/6/16,2016-10-06 23:50:00,611.3559903041948,612.8786592731925,433214,3,13214,12.5,15915187.5,9729845214.939444,True
10/7/16,2016-10-07 23:50:00,617.7007337644986,618.4163856921302,433361,3,13361,12.5,15917025.0,9831958021.847868,True
10/8/16,2016-10-08 23:50:00,619.0011133410942,619.3864642126423,433529,3,13529,12.5,15919125.0,9853956098.416046,True
10/9/16,2016-10-09 23:50:00,615.6507746403641,619.1350322910573,433688,3,13688,12.5,15921112.5,9801845243.761385,True
10/10/16,2016-10-10 23:50:00,617.885270112388,618.9742468339597,433814,3,13814,12.5,15922687.5,9838394066.852644,True
10/11/16,2016-10-11 23:50:00,642.0432135326828,643.4295549289984,433952,3,13952,12.5,15924412.5,10224160975.120024,True
10/12/16,2016-10-12 23:50:00,635.7951243678986,642.6475268397887,434096,3,14096,12.5,15926212.5,10125808257.147081,True
10/13/16,2016-10-13 23:50:00,635.3288217408204,638.3188179909752,434225,3,14225,12.5,15927825.0,10119406290.143984,True
10/14/16,2016-10-14 23:50:00,638.0457908025508,639.6738021689009,434360,3,14360,12.5,15929512.5,10163758400.161617,True
10/15/16,2016-10-15 23:50:00,636.7173591554766,640.8659262324807,434502,3,14502,12.5,15931287.5,10143727304.946655,True
10/16/16,2016-10-16 23:50:00,640.4330294524818,642.792536602901,434632,3,14632,12.5,15932912.5,10203963420.376316,True
10/17/16,2016-10-17 23:50:00,638.2363785568257,642.9657551659681,434757,3,14757,12.5,15934475.0,10169961618.204275,True
10/18/16,2016-10-18 23:50:00,635.2516741913081,639.6130005963929,434912,3,14912,12.5,15936412.5,10123632721.22829,True
10/19/16,2016-10-19 23:50:00,628.6662997535108,637.1872139475424,435038,3,15038,12.5,15937987.5,10019675627.142708,True
10/20/16,2016-10-20 23:50:00,628.7118242328036,629.9903641026672,435171,3,15171,12.5,15939650.0,10021446429.132408,True
10/21/16,2016-10-21 23:50:00,630.4802818461595,632.7562002794239,435335,3,15335,12.5,15941700.0,10050927509.106922,True
10/22/16,2016-10-22 23:50:00,652.4767975854163,656.1634107552134,435484,3,15484,12.5,15943562.5,10402804602.102934,True
10/23/16,2016-10-23 23:50:00,650.3057909224307,654.9066039517595,435629,3,15629,12.5,15945375.0,10369369700.929752,True
10/24/16,2016-10-24 23:50:00,648.7729777619805,651.3030277826614,435771,3,15771,12.5,15947150.0,10346079992.316969,True
10/25/16,2016-10-25 23:50:00,652.6148720913783,657.3924264352524,435911,3,15911,12.5,15948900.0,10408489333.498182,True
10/26/16,2016-10-26 23:50:00,674.1736532731238,676.8201531313232,436047,3,16047,12.5,15950600.0,10753474273.898289,True
10/27/16,2016-10-27 23:50:00,687.4780503021145,689.464699922778,436211,3,16211,12.5,15952650.0,10967096719.152027,True
10/28/16,2016-10-28 23:50:00,688.4962938599248,689.4471865031167,436363,3,16363,12.5,15954550.0,10984648545.202864,True
10/29/16,2016-10-29 23:50:00,714.0132049999412,722.1251349651291,436510,3,16510,12.5,15956387.5,11393071379.095999,True
10/30/16,2016-10-30 23:50:00,697.5440979156243,713.8326100974502,436679,3,16679,12.5,15958500.0,11131757486.58649,True
10/31/16,2016-10-31 23:50:00,697.0695553784091,707.6464726000502,436827,3,16827,12.5,15960350.0,11125474078.18379,True
11/1/16,2016-11-01 23:50:00,729.7826819595628,735.8313036046588,436971,3,16971,12.5,15962150.0,11648900636.840834,True
11/2/16,2016-11-02 23:50:00,742.1366006752444,742.1366006752444,437104,3,17104,12.5,15963812.5,11847329542.566975,True
11/3/16,2016-11-03 23:50:00,687.9545124061295,745.0901218149295,437259,3,17259,12.5,15965750.0,10983709756.448162,True
11/4/16,2016-11-04 23:50:00,704.0639814357988,706.8033953566859,437375,3,17375,12.5,15967200.0,11241930404.381687,True
11/5/16,2016-11-05 23:50:00,705.4952687890394,707.8627870457623,437521,3,17521,12.5,15969025.0,11266071584.673891,True
11/6/16,2016-11-06 23:50:00,716.3226858760313,718.8497535942843,437675,3,17675,12.5,15970950.0,11440353799.991802,True
11/7/16,2016-11-07 23:50:00,703.0813011748169,712.8248142411321,437820,3,17820,12.5,15972762.5,11230150641.856321,True
11/8/16,2016-11-08 23:50:00,710.8930104497259,714.4729571473465,437989,3,17989,12.5,15974875.0,11356426980.308065,True
11/9/16,2016-11-09 23:50:00,721.2385791964598,741.7431889574957,438137,3,18137,12.5,15976725.0,11523030439.212559,True
11/10/16,2016-11-10 23:50:00,713.3071442331326,722.9726073724247,438303,3,18303,12.5,15978800.0,11397792196.272379,True
11/11/16,2016-11-11 23:50:00,716.6398744331848,718.9203781593968,438468,3,18468,12.5,15980862.5,11452523295.333992,True
11/12/16,2016-11-12 23:50:00,704.1206813292735,716.9361431012891,438636,3,18636,12.5,15982962.5,11253934445.160227,True
11/13/16,2016-11-13 23:50:00,702.3881415369592,704.4407601635471,438778,3,18778,12.5,15984737.5,11227490065.581139,True
11/14/16,2016-11-14 23:50:00,704.8674758914456,707.4600955245439,438949,3,18949,12.5,15986875.0,11268628228.642054,True
11/15/16,2016-11-15 23:50:00,712.2453422595772,715.67496738285,439105,3,19105,12.5,15988825.0,11387966134.453485,True
11/16/16,2016-11-16 23:50:00,737.3415145062261,740.8968470237938,439277,3,19277,12.5,15990975.0,11790809724.931198,True
11/17/16,2016-11-17 23:50:00,730.3281411168742,749.6812265080863,439435,3,19435,12.5,15992950.0,11680101444.475113,True
11/18/16,2016-11-18 23:50:00,748.4639181660784,750.4428165099569,439583,3,19583,12.5,15994800.0,11971530678.282791,True
11/19/16,2016-11-19 23:50:00,750.7693031371174,754.7509684788071,439724,3,19724,12.5,15996562.5,12009728080.714344,True
11/20/16,2016-11-20 23:50:00,729.8329977409578,753.2048478914155,439854,3,19854,12.5,15998187.5,11676005141.546919,True
11/21/16,2016-11-21 23:50:00,736.549441363089,738.2413331329076,439993,3,19993,12.5,15999925.0,11784735820.601322,True
11/22/16,2016-11-22 23:50:00,748.0008385885615,749.3658474216991,440126,3,20126,12.5,16001587.5,11969200868.748243,True
11/23/16,2016-11-23 23:50:00,741.6163279205991,748.4226192276761,440274,3,20274,12.5,16003437.5,11868410552.856813,True
11/24/16,2016-11-24 23:50:00,737.6106062205533,743.5024585467554,440435,3,20435,12.5,16005450.0,11805789677.332756,True
11/25/16,2016-11-25 23:50:00,739.7574413834575,739.7574413834575,440586,3,20586,12.5,16007337.5,11841547032.361471,True
11/26/16,2016-11-26 23:50:00,732.8834415193076,739.7556247023924,440739,3,20739,12.5,16009250.0,11732914236.142975,True
11/27/16,2016-11-27 23:50:00,728.8590062573011,736.2892654961595,440885,3,20885,12.5,16011075.0,11669816213.611116,True
11/28/16,2016-11-28 23:50:00,729.9131589550252,734.375004834788,441046,3,21046,12.5,16013087.5,11688163281.748228,True
11/29/16,2016-11-29 23:50:00,732.0910705749118,733.7386676807811,441196,3,21196,12.5,16014962.5,11724411041.842066,True
11/30/16,2016-11-30 23:50:00,742.370297121118,744.8551436717757,441339,3,21339,12.5,16016750.0,11890359456.414667,True
12/1/16,2016-12-01 23:50:00,753.1630525910048,754.5963944219072,441486,3,21486,12.5,16018587.5,12064608259.696112,True
12/2/16,2016-12-02 23:50:00,769.78817671816,775.7645401333006,441628,3,21628,12.5,16020362.5,12332285639.238983,True
12/3/16,2016-12-03 23:50:00,766.6808823682435,770.8813843062487,441799,3,21799,12.5,16022500.0,12284144437.745182,True
12/4/16,2016-12-04 23:50:00,765.0191934692918,768.3435219165734,441949,3,21949,12.5,16024375.0,12258954438.349483,True
12/5/16,2016-12-05 23:50:00,751.8443230070479,766.2742116819769,442101,3,22101,12.5,16026275.0,12049263877.699778,True
12/6/16,2016-12-06 23:50:00,759.5092488244851,760.1375207576333,442251,3,22251,12.5,16028150.0,12173528166.546171,True
12/7/16,2016-12-07 23:50:00,765.0274254944902,768.9407032046026,442423,3,22423,12.5,16030300.0,12263619138.904327,True
12/8/16,2016-12-08 23:50:00,767.1251344839858,772.4873832040655,442582,3,22582,12.5,16032287.5,12298770704.523424,True
12/9/16,2016-12-09 23:50:00,772.45075208349,772.9444507758667,442717,3,22717,12.5,16033975.0,12385456047.637877,True
12/10/16,2016-12-10 23:50:00,775.4348079091958,776.5136969331774,442847,3,22847,12.5,16035600.0,12434562405.7087,True
12/11/16,2016-12-11 23:50:00,769.3897794425235,775.3349921200204,443034,3,23034,12.5,16037937.5,12339425195.837976,True
12/12/16,2016-12-12 23:50:00,778.2982728836786,780.6236035209091,443190,3,23190,12.5,16039887.5,12483816738.498505,True
12/13/16,2016-12-13 23:50:00,777.1148524611921,789.3238802308053,443370,3,23370,12.5,16042137.5,12466583316.474657,True
12/14/16,2016-12-14 23:50:00,777.5387069475062,780.727906513592,443509,3,23509,12.5,16043875.0,12474733821.92742,True
12/15/16,2016-12-15 23:50:00,776.1219368298958,779.8932251595919,443635,3,23635,12.5,16045450.0,12453225731.307253,True
12/16/16,2016-12-16 23:50:00,780.9259172614201,784.594232742141,443769,3,23769,12.5,16047125.0,12531615810.033665,True
12/17/16,2016-12-17 23:50:00,788.9255361334598,791.5445488302892,443913,3,23913,12.5,16048925.0,12661406759.990686,True
12/18/16,2016-12-18 23:50:00,790.4343388020021,791.6118270058139,444051,3,24051,12.5,16050650.0,12686984920.092356,True
12/19/16,2016-12-19 23:50:00,790.9863472149785,794.9359967484168,444205,3,24205,12.5,16052575.0,12697367662.644484,True
12/20/16,2016-12-20 23:50:00,799.2034682736746,799.9145632755697,444342,3,24342,12.5,16054287.5,12830642250.6627,True
12/21/16,2016-12-21 23:50:00,833.3000276324859,833.3000276324859,444502,3,24502,12.5,16056287.5,13379704817.425138,True
12/22/16,2016-12-22 23:50:00,857.6320329591081,873.6058783740252,444660,3,24660,12.5,16058262.5,13772080313.66601,True
12/23/16,2016-12-23 23:50:00,916.2689181350572,916.9307747259443,444812,3,24812,12.5,16060162.5,14715427718.948215,True
12/24/16,2016-12-24 23:50:00,892.4642177832177,917.3630699290841,444949,3,24949,12.5,16061875.0,14334648708.006819,True
12/25/16,2016-12-25 23:50:00,894.8863982560963,896.4134577262306,445113,3,25113,12.5,16063925.0,14375387985.106062,True
12/26/16,2016-12-26 23:50:00,901.3421392502881,905.987287685014,445256,3,25256,12.5,16065712.5,14480703673.330095,True
12/27/16,2016-12-27 23:50:00,927.8784235549241,935.7163426230751,445411,3,25411,12.5,16067650.0,14908825752.232277,True
12/28/16,2016-12-28 23:50:00,978.6706323804319,980.6531650769557,445577,3,25577,12.5,16069725.0,15726967927.929636,True
12/29/16,2016-12-29 23:50:00,970.5916246961866,987.215777263627,445725,3,25725,12.5,16071575.0,15598936090.676615,True
12/30/16,2016-12-30 23:50:00,960.9125488129987,968.3481829093382,445882,3,25882,12.5,16073537.5,15445263887.566315,True
12/31/16,2016-12-31 23:50:00,967.7422560147834,970.3818227762677,446032,3,26032,12.5,16075412.5,15556855959.118248,True
1/1/17,2017-01-01 23:50:00,995.9339491996291,1002.0202181645429,446187,3,26187,12.5,16077350.0,16011978678.164656,True
1/2/17,2017-01-02 23:50:00,1014.3551444208006,1031.5353209509155,446345,3,26345,12.5,16079325.0,16310146032.56399,True
1/3/17,2017-01-03 23:50:00,1024.4356274214406,1035.4245817705562,446510,3,26510,12.5,16081387.5,16474346293.369812,True
1/4/17,2017-01-04 23:50:00,1120.5665806362429,1138.3190769805976,446664,3,26664,12.5,16083312.5,18022422493.429142,True
1/5/17,2017-01-05 23:50:00,1002.9225429218841,1165.815725821442,446803,3,26803,12.5,16085050.0,16132059249.025652,True
1/6/17,2017-01-06 23:50:00,893.5322212419582,1027.9441630588622,446963,3,26963,12.5,16087050.0,14374297519.730442,True
1/7/17,2017-01-07 23:50:00,906.0237000544815,906.0237000544815,447103,3,27103,12.5,16088800.0,14576834105.436543,True
1/8/17,2017-01-08 23:50:00,920.0144439293053,949.25139337221,447269,3,27269,12.5,16090875.0,14803837415.46096,True
1/9/17,2017-01-09 23:50:00,901.6846047662914,918.03543663589,447405,3,27405,12.5,16092575.0,14510427128.546902,True
1/10/17,2017-01-10 23:50:00,905.3372890525112,914.3913495359296,447565,3,27565,12.5,16094575.0,14571018898.95232,True
1/11/17,2017-01-11 23:50:00,788.6627243239802,921.98568220856,447717,3,27717,12.5,16096475.0,12694689825.51284,True
1/12/17,2017-01-12 23:50:00,810.6206346707453,836.0107585615884,447890,3,27890,12.5,16098637.5,13049887747.58426,True
1/13/17,2017-01-13 23:50:00,826.8820727986597,830.9163236456154,448040,3,28040,12.5,16100512.5,13313225149.12073,True
1/14/17,2017-01-14 23:50:00,824.4725280214013,844.197377654189,448211,3,28211,12.5,16102650.0,13276192553.343819,True
1/15/17,2017-01-15 23:50:00,828.2438456915527,831.2995175812077,448379,3,28379,12.5,16104750.0,13338660073.901033,True
1/16/17,2017-01-16 23:50:00,832.2975703857504,838.9690631170866,448547,3,28547,12.5,16106850.0,13405692121.567724,True
1/17/17,2017-01-17 23:50:00,905.9891266982038,907.1959840277932,448703,3,28703,12.5,16108800.0,14594397644.156025,True
1/18/17,2017-01-18 23:50:00,887.4321969838854,914.7016642334249,448856,3,28856,12.5,16110712.5,14297164988.850746,True
1/19/17,2017-01-19 23:50:00,902.51327038944,909.2063697544869,449029,3,29029,12.5,16112875.0,14542083511.626247,True
1/20/17,2017-01-20 23:50:00,895.0778348690013,902.9956524488473,449219,3,29219,12.5,16115250.0,14424403078.372673,True
1/21/17,2017-01-21 23:50:00,923.9705284416652,928.124003844235,449398,3,29398,12.5,16117487.5,14892083442.526934,True
1/22/17,2017-01-22 23:50:00,926.2267163651608,944.5392446475323,449575,3,29575,12.5,16119700.0,14930496799.791483,True
1/23/17,2017-01-23 23:50:00,918.1218197310366,928.412192554656,449713,3,29713,12.5,16121425.0,14801432057.657427,True
1/24/17,2017-01-24 23:50:00,886.5455413735126,922.056488179195,449861,3,29861,12.5,16123275.0,14294017563.589022,True
1/25/17,2017-01-25 23:50:00,897.3617133683149,903.2093047326183,450011,3,30011,12.5,16125150.0,14470092232.321083,True
1/26/17,2017-01-26 23:50:00,916.8285986586582,919.726325745309,450164,3,30164,12.5,16127062.5,14785752112.355597,True
1/27/17,2017-01-27 23:50:00,921.5422094299513,923.345309331354,450336,3,30336,12.5,16129212.5,14863750123.615189,True
1/28/17,2017-01-28 23:50:00,924.7673237596504,925.0211785864738,450488,3,30488,12.5,16131112.5,14917525735.890842,True
1/29/17,2017-01-29 23:50:00,915.1648754787748,926.4736966282862,450653,3,30653,12.5,16133175.0,14764515089.952282,True
1/30/17,2017-01-30 23:50:00,922.0738109942619,923.3014287423684,450798,3,30798,12.5,16134987.5,14877649414.469778,True
1/31/17,2017-01-31 23:50:00,968.8802576054234,969.8606817669743,450941,3,30941,12.5,16136775.0,15634602718.920755,True
2/1/17,2017-02-01 23:50:00,987.7523632206257,989.9832499643899,451134,3,31134,12.5,16139187.5,15941520593.585783,True
2/2/17,2017-02-02 23:50:00,1008.04242305061,1009.7064087172827,451292,3,31292,12.5,16141162.5,16270976557.353642,True
2/3/17,2017-02-03 23:50:00,1017.4797248413867,1022.1076126770574,451441,3,31441,12.5,16143025.0,16425200635.107626,True
2/4/17,2017-02-04 23:50:00,1034.9539111460294,1040.035329071638,451584,3,31584,12.5,16144812.5,16709136841.594305,True
2/5/17,2017-02-05 23:50:00,1015.6507467246023,1034.7126635065367,451743,3,31743,12.5,16146800.0,16399509477.212809,True
2/6/17,2017-02-06 23:50:00,1023.1524015508714,1029.1261182570713,451869,3,31869,12.5,16148375.0,16522248662.394054,True
2/7/17,2017-02-07 23:50:00,1053.850386120103,1056.522778872464,452021,3,32021,12.5,16150275.0,17019973544.695845,True
2/8/17,2017-02-08 23:50:00,1053.705061673372,1069.448927951436,452167,3,32167,12.5,16152100.0,17019549526.654472,True
2/9/17,2017-02-09 23:50:00,988.412932065044,1075.0445697474245,452335,3,32335,12.5,16154200.0,15967020187.165133,True
2/10/17,2017-02-10 23:50:00,999.5649259922793,1007.6270103704871,452483,3,32483,12.5,16156050.0,16149020922.577564,True
2/11/17,2017-02-11 23:50:00,1017.4108314000738,1021.1035497146116,452622,3,32622,12.5,16157787.5,16439108013.96072,True
2/12/17,2017-02-12 23:50:00,1007.6745400361308,1017.4395720584404,452761,3,32761,12.5,16159525.0,16283541921.577356,True
2/13/17,2017-02-13 23:50:00,1002.2742943586869,1018.6217947710605,452925,3,32925,12.5,16161575.0,16198331178.849995,True
2/14/17,2017-02-14 23:50:00,1013.0606096747724,1017.8842411545629,453094,3,33094,12.5,16163687.5,16374795113.342499,True
2/15/17,2017-02-15 23:50:00,1013.7192202029706,1014.9080704518119,453233,3,33233,12.5,16165425.0,16387202025.249607,True
2/16/17,2017-02-16 23:50:00,1035.5864430165802,1040.6403984141914,453383,3,33383,12.5,16167300.0,16742636700.181957,True
2/17/17,2017-02-17 23:50:00,1054.5323358232317,1063.2953617529715,453533,3,33533,12.5,16169175.0,17050917881.084602,True
2/18/17,2017-02-18 23:50:00,1061.9505209874096,1071.8608505899194,453683,3,33683,12.5,16171050.0,17172854972.41345,True
2/19/17,2017-02-19 23:50:00,1057.2512244091406,1065.2723373776826,453818,3,33818,12.5,16172737.5,17098646523.922623,True
2/20/17,2017-02-20 23:50:00,1086.269644280841,1089.1070385616351,453968,3,33968,12.5,16174612.5,17569990566.755444,True
2/21/17,2017-02-21 23:50:00,1126.8589354029832,1129.5971747770675,454105,3,34105,12.5,16176325.0,18228436368.232662,True
2/22/17,2017-02-22 23:50:00,1129.850403173692,1140.9183708415846,454243,3,34243,12.5,16178050.0,18278776315.064148,True
2/23/17,2017-02-23 23:50:00,1176.852176320272,1193.774861743443,454394,3,34394,12.5,16179937.5,19041394659.600983,True
2/24/17,2017-02-24 23:50:00,1185.0389520725385,1217.2103652969859,454556,3,34556,12.5,16181962.5,19176255883.477116,True
2/25/17,2017-02-25 23:50:00,1155.3930852455971,1188.4218301569163,454721,3,34721,12.5,16184025.0,18698910576.441875,True
2/26/17,2017-02-26 23:50:00,1183.806290863436,1183.9824875233462,454902,3,34902,12.5,16186287.5,19161428968.2242,True
2/27/17,2017-02-27 23:50:00,1194.828374751376,1196.2287907027717,455045,3,35045,12.5,16188075.0,19341971342.603382,True
2/28/17,2017-02-28 23:50:00,1195.8369020168036,1209.4880386734021,455198,3,35198,12.5,16189987.5,19360584495.690777,True
3/1/17,2017-03-01 23:50:00,1228.561442118559,1230.0355299840498,455343,3,35343,12.5,16191800.0,19892621158.49528,True
3/2/17,2017-03-02 23:50:00,1265.8578469159381,1285.7373574334117,455500,3,35500,12.5,16193762.5,20499001331.71806,True
3/3/17,2017-03-03 23:50:00,1291.5770036360645,1294.4602010148033,455650,3,35650,12.5,16195637.5,20917912954.225883,True
3/4/17,2017-03-04 23:50:00,1267.3528520011428,1292.1313615848362,455780,3,35780,12.5,16197262.5,20527646823.98616,True
3/5/17,2017-03-05 23:50:00,1277.5105061242275,1277.5105061242275,455930,3,35930,12.5,16199137.5,20694568346.400955,True
3/6/17,2017-03-06 23:50:00,1283.6842084600808,1286.4426876614486,456072,3,36072,12.5,16200912.5,20796855538.893528,True
3/7/17,2017-03-07 23:50:00,1236.2938477594744,1287.4178947319472,456224,3,36224,12.5,16202812.5,20031437410.150307,True
3/8/17,2017-03-08 23:50:00,1150.0236036838078,1245.7415202479383,456367,3,36367,12.5,16204600.0,18635672488.25463,True
3/9/17,2017-03-09 23:50:00,1195.1541699691657,1209.3114428721378,456515,3,36515,12.5,16206450.0,19369206297.896786,True
3/10/17,2017-03-10 23:50:00,1112.0866738418888,1299.8294975277036,456669,3,36669,12.5,16208375.0,18025117842.132023,True
3/11/17,2017-03-11 23:50:00,1185.3058442200527,1209.0572812303478,456818,3,36818,12.5,16210237.5,19214089244.945057,True
3/12/17,2017-03-12 23:50:00,1235.7711375341892,1241.8259772188624,456972,3,36972,12.5,16212162.5,20034522494.514126,True
3/13/17,2017-03-13 23:50:00,1244.5663616591323,1247.6311565247204,457119,3,37119,12.5,16214000.0,20179398987.94117,True
3/14/17,2017-03-14 23:50:00,1247.7630042828844,1260.0857207551135,457275,3,37275,12.5,16215950.0,20233662489.30104,True
3/15/17,2017-03-15 23:50:00,1262.42062405524,1262.4921627024225,457418,3,37418,12.5,16217737.5,20473606295.51407,True
3/16/17,2017-03-16 23:50:00,1176.9608841733427,1271.941725118377,457570,3,37570,12.5,16219637.5,19089878892.971107,True
3/17/17,2017-03-17 23:50:00,1075.7232574298555,1168.2109241326782,457724,3,37724,12.5,16221562.5,17449912053.10199,True
3/18/17,2017-03-18 23:50:00,968.1089976755732,1094.5363493319207,457881,3,37881,12.5,16223525.0,15706140526.514603,True
3/19/17,2017-03-19 23:50:00,1018.30455866016,1059.1961132308495,458045,3,38045,12.5,16225575.0,16522576989.382324,True
3/20/17,2017-03-20 23:50:00,1043.6578375929496,1050.1980595732284,458181,3,38181,12.5,16227275.0,16935722736.52613,True
3/21/17,2017-03-21 23:50:00,1113.668596508832,1117.1424923036336,458324,3,38324,12.5,16229062.5,18073797257.029118,True
3/22/17,2017-03-22 23:50:00,1037.2465846063203,1110.1966052285597,458483,3,38483,12.5,16231050.0,16835601177.074415,True
3/23/17,2017-03-23 23:50:00,1027.283029473309,1052.844172091066,458631,3,38631,12.5,16232900.0,16675782689.137278,True
3/24/17,2017-03-24 23:50:00,933.169753947826,1029.4294147501448,458807,3,38807,12.5,16235100.0,15150104272.31835,True
3/25/17,2017-03-25 23:50:00,961.3879462046255,970.5102900634314,458941,3,38941,12.5,16236775.0,15609839770.236607,True
3/26/17,2017-03-26 23:50:00,969.017312400438,999.3574361214733,459105,3,39105,12.5,16238825.0,15735702558.041042,True
3/27/17,2017-03-27 23:50:00,1041.3102894200542,1042.6434842289473,459238,3,39238,12.5,16240487.5,16911386738.947773,True
3/28/17,2017-03-28 23:50:00,1045.4750146764602,1066.6087552838005,459393,3,39393,12.5,16242425.0,16981049515.256304,True
3/29/17,2017-03-29 23:50:00,1040.4428183683583,1055.1801963547841,459530,3,39530,12.5,16244137.5,16901096202.463139,True
3/30/17,2017-03-30 23:50:00,1037.7534053277454,1051.2736843811642,459696,3,39696,12.5,16246212.5,16859562345.553185,True
3/31/17,2017-03-31 23:50:00,1082.7250423311148,1087.2591561936595,459830,3,39830,12.5,16247887.5,17591994681.22869,True
4/1/17,2017-04-01 23:50:00,1090.4005316487487,1107.665909497306,459961,3,39961,12.5,16249525.0,17718490699.039635,True
4/2/17,2017-04-02 23:50:00,1099.0261334054558,1108.5337317176163,460120,3,40120,12.5,16251512.5,17860836944.865433,True
4/3/17,2017-04-03 23:50:00,1151.1597494764221,1165.6974989466755,460297,3,40297,12.5,16253725.0,18710633999.05866,True
4/4/17,2017-04-04 23:50:00,1143.029203242978,1162.8700410490935,460420,3,40420,12.5,16255262.5,18580239743.88046,True
4/5/17,2017-04-05 23:50:00,1133.0626233945623,1144.686133319014,460582,3,40582,12.5,16257287.5,18420524824.029625,True
4/6/17,2017-04-06 23:50:00,1193.153771532398,1201.1474579418716,460730,3,40730,12.5,16259137.5,19399651229.988846,True
4/7/17,2017-04-07 23:50:00,1193.3132640711735,1199.916729860755,460892,3,40892,12.5,16261162.5,19404660900.466763,True
4/8/17,2017-04-08 23:50:00,1183.8935053048067,1196.817694653181,461030,3,41030,12.5,16262887.5,19253526888.752724,True
4/9/17,2017-04-09 23:50:00,1209.336901236837,1215.2622487487683,461187,3,41187,12.5,16264850.0,19669683298.08197,True
4/10/17,2017-04-10 23:50:00,1209.8499838383714,1218.6681061289014,461333,3,41333,12.5,16266675.0,19680236485.85404,True
4/11/17,2017-04-11 23:50:00,1221.5398742759503,1229.6769266583658,461502,3,41502,12.5,16268787.5,19872972637.37215,True
4/12/17,2017-04-12 23:50:00,1214.4567978728028,1226.1280035604552,461645,3,41645,12.5,16270575.0,19759910414.04928,True
4/13/17,2017-04-13 23:50:00,1174.836850815525,1218.8674303457756,461772,3,41772,12.5,16272162.5,19117136147.45848,True
4/14/17,2017-04-14 23:50:00,1172.6691908069777,1194.2539984464906,461910,3,41910,12.5,16273887.5,19083886485.90879,True
4/15/17,2017-04-15 23:50:00,1177.7152670936362,1189.8873499437734,462061,3,42061,12.5,16275775.0,19168228701.280926,True
4/16/17,2017-04-16 23:50:00,1164.9733826018726,1188.9598116453167,462207,3,42207,12.5,16277600.0,18962970732.64024,True
4/17/17,2017-04-17 23:50:00,1189.5375772549985,1194.1432910915833,462345,3,42345,12.5,16279325.0,19364868819.84673,True
4/18/17,2017-04-18 23:50:00,1201.7158482752238,1208.0699536508005,462489,3,42489,12.5,16281125.0,19565285940.249954,True
4/19/17,2017-04-19 23:50:00,1210.4839232125657,1212.2184538955182,462634,3,42634,12.5,16282937.5,19710234066.425007,True
4/20/17,2017-04-20 23:50:00,1235.6649373071261,1240.9523680832906,462772,3,42772,12.5,16284662.5,20122386467.130207,True
4/21/17,2017-04-21 23:50:00,1249.0561225723527,1254.8232213087217,462938,3,42938,12.5,16286737.5,20343049191.103733,True
4/22/17,2017-04-22 23:50:00,1241.8951760429159,1250.747612112204,463083,3,43083,12.5,16288550.0,20228671669.733837,True
4/23/17,2017-04-23 23:50:00,1250.3472418374583,1253.4582663227868,463236,3,43236,12.5,16290462.5,20368734855.131546,True
4/24/17,2017-04-24 23:50:00,1256.5417001686506,1259.5334743358048,463360,3,43360,12.5,16292012.5,20471593085.918907,True
4/25/17,2017-04-25 23:50:00,1278.6417664638177,1283.7476629530524,463508,3,43508,12.5,16293862.5,20834013129.51856,True
4/26/17,2017-04-26 23:50:00,1294.6780496550286,1319.2680116822696,463660,3,43660,12.5,16295762.5,21097766011.141552,True
4/27/17,2017-04-27 23:50:00,1346.6851056143641,1356.191033226134,463808,3,43808,12.5,16297612.5,21947752010.824482,True
4/28/17,2017-04-28 23:50:00,1350.4576499293476,1372.3493630491946,463943,3,43943,12.5,16299300.0,22011514373.493416,True
4/29/17,2017-04-29 23:50:00,1354.4069470017698,1364.3591775339544,464118,3,44118,12.5,16301487.5,22078847916.462513,True
4/30/17,2017-04-30 23:50:00,1383.0539029623956,1383.8371797476204,464267,3,44267,12.5,16303350.0,22548411848.861973,True
5/1/17,2017-05-01 23:50:00,1425.2481458294692,1461.2291183875918,464419,3,44419,12.5,16305250.0,23239027329.785954,True
5/2/17,2017-05-02 23:50:00,1465.5810426561522,1486.717081161271,464577,3,44577,12.5,16307225.0,23899559818.328472,True
5/3/17,2017-05-03 23:50:00,1526.4207056110508,1526.4207056110508,464707,3,44707,12.5,16308850.0,24894166324.70479,True
5/4/17,2017-05-04 23:50:00,1554.006848920395,1649.2311242446478,464876,3,44876,12.5,16310962.5,25347347437.483727,True
5/5/17,2017-05-05 23:50:00,1526.2278035910022,1618.1472687537275,465004,3,45004,12.5,16312562.5,24896686435.31595,True
5/6/17,2017-05-06 23:50:00,1584.9514134546134,1587.2701171865506,465174,3,45174,12.5,16314687.5,25857987013.195312,True
5/7/17,2017-05-07 23:50:00,1597.2058531775517,1608.9070040807883,465339,3,45339,12.5,16316750.0,26061208604.834816,True
5/8/17,2017-05-08 23:50:00,1701.8770462876066,1701.8770462876066,465521,3,45521,12.5,16319025.0,27772974065.29361,True
5/9/17,2017-05-09 23:50:00,1719.596103326025,1777.4103235376,465675,3,45675,12.5,16320950.0,28065442022.578888,True
5/10/17,2017-05-10 23:50:00,1791.2692326528577,1794.9023209735606,465824,3,45824,12.5,16322812.5,29238551821.611473,True
5/11/17,2017-05-11 23:50:00,1834.8367578988764,1883.6446278581468,465958,3,45958,12.5,16324487.5,29952769718.860733,True
5/12/17,2017-05-12 23:50:00,1694.4671103687208,1836.6272877653014,466112,3,46112,12.5,16326412.5,27664569011.562763,True
5/13/17,2017-05-13 23:50:00,1787.7256658652173,1787.7256658652173,466269,3,46269,12.5,16328375.0,29190655069.371967,True
5/14/17,2017-05-14 23:50:00,1796.7730922386913,1822.070450658413,466435,3,46435,12.5,16330450.0,29342113144.149338,True
5/15/17,2017-05-15 23:50:00,1724.769487350055,1799.6754837860274,466602,3,46602,12.5,16332537.5,28169862331.00055,True
5/16/17,2017-05-16 23:50:00,1738.6013027843976,1768.13800914554,466737,3,46737,12.5,16334225.0,28398704864.973476,True
5/17/17,2017-05-17 23:50:00,1803.9774846922924,1836.0756883186011,466891,3,46891,12.5,16336150.0,29470046786.555992,True
5/18/17,2017-05-18 23:50:00,1891.2189190792064,1892.3704216333476,467034,3,47034,12.5,16337937.5,30898616498.73363,True
5/19/17,2017-05-19 23:50:00,1966.1600061196114,1975.1257596487249,467196,3,47196,12.5,16339962.5,32126980768.99422,True
5/20/17,2017-05-20 23:50:00,2052.975727529383,2052.975727529383,467361,3,47361,12.5,16342025.0,33549780663.678368,True
5/21/17,2017-05-21 23:50:00,2052.5502115695963,2091.954659886319,467510,3,47510,12.5,16343887.5,33546649745.99468,True
5/22/17,2017-05-22 23:50:00,2114.3483953568734,2269.7438686808346,467656,3,47656,12.5,16345712.5,34560530995.33979,True
5/23/17,2017-05-23 23:50:00,2268.056017841441,2270.296102304328,467822,3,47822,12.5,16347787.5,37077697817.76809,True
5/24/17,2017-05-24 23:50:00,2431.179175212533,2475.6730304919556,467978,3,47978,12.5,16349737.5,39749141330.19142,True
5/25/17,2017-05-25 23:50:00,2331.3462280804974,2776.8098897369737,468140,3,48140,12.5,16351762.5,38121619826.843124,True
5/26/17,2017-05-26 23:50:00,2272.1649053409087,2635.855887097431,468294,3,48294,12.5,16353687.5,37158274810.4123,True
5/27/17,2017-05-27 23:50:00,2078.632375146129,2343.9210308317456,468457,3,48457,12.5,16355725.0,33997539503.986923,True
5/28/17,2017-05-28 23:50:00,2225.4645712728297,2325.023183311546,468625,3,48625,12.5,16357825.0,36403760000.58098,True
5/29/17,2017-05-29 23:50:00,2286.2068610012675,2351.3030199721043,468776,3,48776,12.5,16359712.5,37401686961.5082,True
5/30/17,2017-05-30 23:50:00,2185.1005053471913,2328.402741898338,468956,3,48956,12.5,16361962.5,35752532527.221794,True
5/31/17,2017-05-31 23:50:00,2298.2209745872156,2335.8239155638744,469120,3,49120,12.5,16364012.5,37608116755.90738,True
6/1/17,2017-06-01 23:50:00,2417.941273911206,2465.04838824613,469290,3,49290,12.5,16366137.5,39572359355.75596,True
6/2/17,2017-06-02 23:50:00,2479.5616565385294,2482.382771719186,469437,3,49437,12.5,16367975.0,40585403205.18124,True
6/3/17,2017-06-03 23:50:00,2543.8723274892395,2594.0533869667966,469629,3,49629,12.5,16370375.0,41644143953.12166,True
6/4/17,2017-06-04 23:50:00,2521.845867583053,2562.0054087835265,469789,3,49789,12.5,16372375.0,41288606236.27009,True
6/5/17,2017-06-05 23:50:00,2695.0334189788464,2695.0334189788464,469954,3,49954,12.5,16374437.5,44129656279.48043,True
6/6/17,2017-06-06 23:50:00,2873.7969374932436,2932.3584553606743,470104,3,50104,12.5,16376312.5,47062196709.93233,True
6/7/17,2017-06-07 23:50:00,2701.4140898844944,2884.869287399578,470267,3,50267,12.5,16378350.0,44244705459.05971,True
6/8/17,2017-06-08 23:50:00,2803.297016793037,2804.413029239192,470434,3,50434,12.5,16380437.5,45919231577.51479,True
6/9/17,2017-06-09 23:50:00,2810.2941602110886,2859.1989331180257,470583,3,50583,12.5,16382300.0,46039082020.82612,True
6/10/17,2017-06-10 23:50:00,2919.9279707867463,2923.5830346897665,470726,3,50726,12.5,16384087.5,47840355367.0675,True
6/11/17,2017-06-11 23:50:00,2991.4426584000157,2991.4426584000157,470873,3,50873,12.5,16385925.0,49017555042.34328,True
6/12/17,2017-06-12 23:50:00,2656.1781794939084,2996.9245387395576,471020,3,51020,12.5,16387762.5,43528817163.22854,True
6/13/17,2017-06-13 23:50:00,2707.2075876857843,2778.665523846642,471160,3,51160,12.5,16389512.5,44369812598.47101,True
6/14/17,2017-06-14 23:50:00,2443.774072635811,2804.5045253107837,471300,3,51300,12.5,16391262.5,40056542315.26765,True
6/15/17,2017-06-15 23:50:00,2415.092620939786,2508.8643500341773,471453,3,51453,12.5,16393175.0,39591035976.274574,True
6/16/17,2017-06-16 23:50:00,2485.221578415977,2517.012080229674,471601,3,51601,12.5,16395025.0,40745269908.6694,True
6/17/17,2017-06-17 23:50:00,2644.3694299811514,2677.3138589057735,471747,3,51747,12.5,16396850.0,43359328887.98644,True
6/18/17,2017-06-18 23:50:00,2512.428822086344,2665.4063458232936,471889,3,51889,12.5,16398625.0,41200378092.58568,True
6/19/17,2017-06-19 23:50:00,2595.047554549299,2595.047554549299,472041,3,52041,12.5,16400525.0,42560142294.574646,True
6/20/17,2017-06-20 23:50:00,2734.934233111323,2770.1604697745192,472180,3,52180,12.5,16402262.5,44859109211.72811,True
6/21/17,2017-06-21 23:50:00,2653.536153083557,2778.218603713755,472318,3,52318,12.5,16403987.5,43528573885.98076,True
6/22/17,2017-06-22 23:50:00,2693.67774038443,2727.123566184988,472458,3,52458,12.5,16405737.5,44191769918.3401,True
6/23/17,2017-06-23 23:50:00,2687.6564249824446,2736.5079231250443,472620,3,52620,12.5,16407762.5,44098428302.71102,True
6/24/17,2017-06-24 23:50:00,2568.5925241151367,2720.3082355187257,472764,3,52764,12.5,16409562.5,42149479561.50009,True
6/25/17,2017-06-25 23:50:00,2501.1788695912824,2628.7384652864284,472886,3,52886,12.5,16411087.5,41047065282.013626,True
6/26/17,2017-06-26 23:50:00,2419.8281336489827,2554.301281146629,473028,3,53028,12.5,16412862.5,39716306431.21237,True
6/27/17,2017-06-27 23:50:00,2565.9955752033557,2565.9955752033557,473160,3,53160,12.5,16414512.5,42119566444.12017,True
6/28/17,2017-06-28 23:50:00,2554.2217718277343,2596.1604121343066,473317,3,53317,12.5,16416475.0,41931317861.6657,True
6/29/17,2017-06-29 23:50:00,2537.407710301787,2590.5907964294624,473436,3,53436,12.5,16417962.5,41659064634.9456,True
6/30/17,2017-06-30 23:50:00,2460.92328207561,2555.043667649422,473590,3,53590,12.5,16419887.5,40408083437.81229,True
7/1/17,2017-07-01 23:50:00,2420.539465015463,2511.2119276547483,473756,3,53756,12.5,16421962.5,39750008324.254,True
7/2/17,2017-07-02 23:50:00,2508.7110635949434,2528.4758585891295,473944,3,53944,12.5,16424312.5,41203854480.69073,True
7/3/17,2017-07-03 23:50:00,2543.52055702578,2587.6756330649714,474113,3,54113,12.5,16426425.0,41780949665.9422,True
7/4/17,2017-07-04 23:50:00,2603.975513520515,2633.6451331516146,474267,3,54267,12.5,16428350.0,42779021127.544754,True
7/5/17,2017-07-05 23:50:00,2611.9076336687876,2626.431534049746,474415,3,54415,12.5,16430200.0,42914164802.70492,True
7/6/17,2017-07-06 23:50:00,2601.1915674691945,2619.4847579501507,474558,3,54558,12.5,16431987.5,42742747321.75921,True
7/7/17,2017-07-07 23:50:00,2500.606800254712,2605.8527126899917,474706,3,54706,12.5,16433837.5,41094565806.7809,True
7/8/17,2017-07-08 23:50:00,2559.2909885063527,2559.591472589512,474871,3,54871,12.5,16435900.0,42064250757.99156,True
7/9/17,2017-07-09 23:50:00,2505.719367383316,2576.5860776419386,475008,3,55008,12.5,16437612.5,41188043994.79208,True
7/10/17,2017-07-10 23:50:00,2337.692689997486,2523.4647478098623,475205,3,55205,12.5,16440075.0,38431843150.51042,True
7/11/17,2017-07-11 23:50:00,2308.5349031275077,2397.5605343579587,475379,3,55379,12.5,16442250.0,37957508010.948265,True
7/12/17,2017-07-12 23:50:00,2386.6789346825703,2409.605736216802,475556,3,55556,12.5,16444462.5,39247652240.927475,True
7/13/17,2017-07-13 23:50:00,2338.834599532397,2419.322346803238,475712,3,55712,12.5,16446412.5,38465438593.182106,True
7/14/17,2017-07-14 23:50:00,2218.068399573709,2348.283641636456,475850,3,55850,12.5,16448137.5,36483094020.59331,True
7/15/17,2017-07-15 23:50:00,1970.0224148275825,2221.1538501525947,475979,3,55979,12.5,16449750.0,32406376218.310024,True
7/16/17,2017-07-16 23:50:00,1914.3158613562398,2040.7543150501338,476142,3,56142,12.5,16451787.5,31493917758.91232,True
7/17/17,2017-07-17 23:50:00,2226.8543703791893,2226.8543703791893,476289,3,56289,12.5,16453625.0,36639826739.83029,True
7/18/17,2017-07-18 23:50:00,2304.677177796126,2390.202371162119,476452,3,56452,12.5,16455662.5,37924989809.26555,True
7/19/17,2017-07-19 23:50:00,2262.4342019699784,2394.588370970582,476603,3,56603,12.5,16457550.0,37234124000.63102,True
7/20/17,2017-07-20 23:50:00,2836.4441013378264,2882.1305922273023,476765,3,56765,12.5,16459575.0,46686664419.27756,True
7/21/17,2017-07-21 23:50:00,2667.799092515772,2811.5947700519096,476919,3,56919,12.5,16461500.0,43915974761.44838,True
7/22/17,2017-07-22 23:50:00,2828.288843932448,2868.7096535918763,477078,3,57078,12.5,16463487.5,46563498028.471306,True
7/23/17,2017-07-23 23:50:00,2756.3507669668084,2851.6860929198456,477252,3,57252,12.5,16465662.5,45385141460.491615,True
7/24/17,2017-07-24 23:50:00,2761.003292649645,2793.9204080543227,477429,3,57429,12.5,16467875.0,45467857097.94277,True
7/25/17,2017-07-25 23:50:00,2562.1887893065186,2778.553244554055,477578,3,57578,12.5,16469737.5,42198576785.32117,True
7/26/17,2017-07-26 23:50:00,2524.004210431266,2594.96714636354,477724,3,57724,12.5,16471562.5,41574293102.38175,True
7/27/17,2017-07-27 23:50:00,2662.327736099671,2675.3892416844983,477879,3,57879,12.5,16473500.0,43857855960.637924,True
7/28/17,2017-07-28 23:50:00,2784.9319075270673,2814.404937371616,478027,3,58027,12.5,16475350.0,45882727902.67607,True
7/29/17,2017-07-29 23:50:00,2699.3367794540422,2787.282505768498,478184,3,58184,12.5,16477312.5,44477815657.80783,True
7/30/17,2017-07-30 23:50:00,2733.69805187003,2755.4895447148306,478333,3,58333,12.5,16479175.0,45049088593.92531,True
7/31/17,2017-07-31 23:50:00,2861.355117283544,2887.5723420037043,478476,3,58476,12.5,16480962.5,47157886387.133194,True
8/1/17,2017-08-01 23:50:00,2731.1154904956556,2916.7242982886914,478627,3,58627,12.5,16482850.0,45016566962.51632,True
8/2/17,2017-08-02 23:50:00,2700.952019059181,2757.46697967643,478778,3,58778,12.5,16484737.5,44524485034.2856,True
8/3/17,2017-08-03 23:50:00,2787.864126953994,2800.2227730541526,478917,3,58917,12.5,16486475.0,45962052232.42385,True
8/4/17,2017-08-04 23:50:00,2855.544813686132,2875.4664665066402,479096,3,59096,12.5,16488712.5,47084257463.736694,True
8/5/17,2017-08-05 23:50:00,3246.889857691748,3328.4989570977004,479272,3,59272,12.5,16490912.5,53544176540.33207,True
8/6/17,2017-08-06 23:50:00,3219.1355141814147,3279.7506562366384,479413,3,59413,12.5,16492675.0,53092155816.35197,True
8/7/17,2017-08-07 23:50:00,3394.12505196622,3410.2837440942326,479566,3,59566,12.5,16494587.5,55984692655.59886,True
8/8/17,2017-08-08 23:50:00,3418.0657164880467,3484.4725681972645,479727,3,59727,12.5,16496600.0,56386462898.616714,True
8/9/17,2017-08-09 23:50:00,3341.931735918988,3424.4147351105253,479867,3,59867,12.5,16498350.0,55136359455.299034,True
8/10/17,2017-08-10 23:50:00,3432.180554601751,3445.231424611028,480000,3,60000,12.5,16500012.5,56631022053.18582,True
8/11/17,2017-08-11 23:50:00,3651.952159554108,3709.485218065206,480145,3,60145,12.5,16501825.0,60263875445.33397,True
8/12/17,2017-08-12 23:50:00,3873.840277659997,3915.2820799690553,480278,3,60278,12.5,16503487.5,63931874599.35829,True
8/13/17,2017-08-13 23:50:00,4055.4301082172656,4184.348521208352,480428,3,60428,12.5,16505362.5,66936344029.5402,True
8/14/17,2017-08-14 23:50:00,4321.740878001602,4321.740878001602,480557,3,60557,12.5,16506975.0,71338868629.6505,True
8/15/17,2017-08-15 23:50:00,4158.369049307629,4406.684743795432,480709,3,60709,12.5,16508875.0,68649994838.88849,True
8/16/17,2017-08-16 23:50:00,4371.898571692489,4371.898571692489,480839,3,60839,12.5,16510500.0,72182231367.92883,True
8/17/17,2017-08-17 23:50:00,4278.874565142088,4466.9003263206305,481018,3,61018,12.5,16512737.5,70655932489.61795,True
8/18/17,2017-08-18 23:50:00,4103.308186665855,4349.271826079334,481167,3,61167,12.5,16514600.0,67764493379.511925,True
8/19/17,2017-08-19 23:50:00,4136.02849752025,4182.310616079998,481319,3,61319,12.5,16516500.0,68312714679.29321,True
8/20/17,2017-08-20 23:50:00,4047.5907074206807,4143.718505810623,481450,3,61450,12.5,16518137.5,66858659848.89707,True
8/21/17,2017-08-21 23:50:00,3993.496766113566,4089.4109976210166,481565,3,61565,12.5,16519575.0,65970869340.07051,True
8/22/17,2017-08-22 23:50:00,4089.192688098602,4125.225188632991,481651,3,61651,12.5,16520650.0,67556121182.63617,True
8/23/17,2017-08-23 23:50:00,4128.20943627659,4245.078872191336,481810,3,61810,12.5,16522637.5,68208908039.67745,True
8/24/17,2017-08-24 23:50:00,4309.743233598728,4339.639355773668,481913,3,61913,12.5,16523925.0,71213873961.24286,True
8/25/17,2017-08-25 23:50:00,4357.504580234239,4448.892094727062,482015,3,62015,12.5,16525200.0,72008634689.28685,True
8/26/17,2017-08-26 23:50:00,4339.185326260464,4370.683324105257,482120,3,62120,12.5,16526512.5,71711600534.26013,True
8/27/17,2017-08-27 23:50:00,4343.614657649543,4386.471041495783,482273,3,62273,12.5,16528425.0,71793109097.86115,True
8/28/17,2017-08-28 23:50:00,4384.648048638078,4391.55005085662,482404,3,62404,12.5,16530062.5,72478506284.49046,True
8/29/17,2017-08-29 23:50:00,4591.973064787884,4626.612278894767,482551,3,62551,12.5,16531900.0,75914039509.76682,True
8/30/17,2017-08-30 23:50:00,4578.258041005562,4636.373736084612,482721,3,62721,12.5,16534025.0,75697032906.43698,True
8/31/17,2017-08-31 23:50:00,4739.821909609959,4766.838403765212,482884,3,62884,12.5,16536062.5,78377991336.17964,True
9/1/17,2017-09-01 23:50:00,4930.913963429657,4930.913963429657,483056,3,63056,12.5,16538212.5,81548502946.4169,True
9/2/17,2017-09-02 23:50:00,4635.549367004165,4974.248297624271,483222,3,63222,12.5,16540287.5,76673319250.69191,True
9/3/17,2017-09-03 23:50:00,4624.004128836177,4721.420178474762,483376,3,63376,12.5,16542212.5,76491258900.08542,True
9/4/17,2017-09-04 23:50:00,4340.747305561161,4607.429271404357,483550,3,63550,12.5,16544387.5,71815005462.78474,True
9/5/17,2017-09-05 23:50:00,4426.660414562876,4490.3964236008105,483747,3,63747,12.5,16546850.0,73247285880.70973,True
9/6/17,2017-09-06 23:50:00,4610.80660274099,4652.556513148421,483908,3,63908,12.5,16548862.5,76303604482.85275,True
9/7/17,2017-09-07 23:50:00,4621.992816471082,4663.131555748516,484085,3,64085,12.5,16551075.0,76498949754.87411,True
9/8/17,2017-09-08 23:50:00,4341.4884613413,4677.216094263034,484260,3,64260,12.5,16553262.5,71865798141.30363,True
9/9/17,2017-09-09 23:50:00,4330.583758430806,4410.811744588316,484428,3,64428,12.5,16555362.5,71694383957.43442,True
9/10/17,2017-09-10 23:50:00,4250.088037251141,4327.349028743458,484567,3,64567,12.5,16557100.0,70369132641.57086,True
9/11/17,2017-09-11 23:50:00,4207.513611707119,4355.378177732307,484739,3,64739,12.5,16559250.0,69673269774.6611,True
9/12/17,2017-09-12 23:50:00,4157.663177008433,4372.557238868928,484929,3,64929,12.5,16561625.0,68857658413.92229,True
9/13/17,2017-09-13 23:50:00,3867.7915092908415,4160.954528354379,485119,3,65119,12.5,16564000.0,64066098559.8935,True
9/14/17,2017-09-14 23:50:00,3240.896288121997,3918.314453714229,485294,3,65294,12.5,16566187.5,53689295577.08302,True
9/15/17,2017-09-15 23:50:00,3710.985860887212,3815.1171931925587,485472,3,65472,12.5,16568412.5,61485144524.84694,True
9/16/17,2017-09-16 23:50:00,3711.866164171358,3962.0520296713576,485641,3,65641,12.5,16570525.0,61507571070.05559,True
9/17/17,2017-09-17 23:50:00,3703.312456189187,3820.7616671249516,485817,3,65817,12.5,16572725.0,61373978925.49794,True
9/18/17,2017-09-18 23:50:00,4094.554920867202,4116.280777830095,485946,3,65946,12.5,16574337.5,67864535170.7388,True
9/19/17,2017-09-19 23:50:00,3911.100032919042,4120.81230414874,486102,3,66102,12.5,16576287.5,64831518586.92551,True
9/20/17,2017-09-20 23:50:00,3869.9896605976755,4031.8999816461737,486219,3,66219,12.5,16577750.0,64155721095.973114,True
9/21/17,2017-09-21 23:50:00,3617.6710605707135,3903.4683291320785,486394,3,66394,12.5,16579937.5,59980760079.821144,True
9/22/17,2017-09-22 23:50:00,3615.9131536078676,3752.244644308607,486533,3,66533,12.5,16581675.0,59957896741.35074,True
9/23/17,2017-09-23 23:50:00,3782.0205495431524,3802.152023235992,486698,3,66698,12.5,16583737.5,62720036013.229385,True
9/24/17,2017-09-24 23:50:00,3668.2651341463556,3779.4347672681843,486844,3,66844,12.5,16585562.5,60840240648.95527,True
9/25/17,2017-09-25 23:50:00,3918.890667419078,3956.8082781096614,486970,3,66970,12.5,16587137.5,65003178347.947014,True
9/26/17,2017-09-26 23:50:00,3886.1024756670427,3957.006327601614,487106,3,67106,12.5,16588837.5,64465922477.18828,True
9/27/17,2017-09-27 23:50:00,4199.9683304292685,4222.604159397001,487255,3,67255,12.5,16590700.0,69680414579.65286,True
9/28/17,2017-09-28 23:50:00,4187.576245896319,4268.497661957243,487432,3,67432,12.5,16592912.5,69484086235.2361,True
9/29/17,2017-09-29 23:50:00,4156.659983678401,4215.155960168516,487601,3,67601,12.5,16595025.0,68979876345.64265,True
9/30/17,2017-09-30 23:50:00,4335.467009689982,4348.76438114236,487739,3,67739,12.5,16596750.0,71954662093.0722,True
10/1/17,2017-10-01 23:50:00,4382.812284253591,4386.462757709622,487869,3,67869,12.5,16598375.0,72747561848.6477,True
10/2/17,2017-10-02 23:50:00,4391.750560395145,4457.333299327694,488017,3,68017,12.5,16600225.0,72904047446.4355,True
10/3/17,2017-10-03 23:50:00,4311.3560516755,4418.049126755436,488202,3,68202,12.5,16602537.5,71579450523.79442,True
10/4/17,2017-10-04 23:50:00,4215.182333536646,4339.867682172514,488334,3,68334,12.5,16604187.5,69989677812.73001,True
10/5/17,2017-10-05 23:50:00,4317.528621996602,4358.205565404316,488460,3,68460,12.5,16605762.5,71695854883.82785,True
10/6/17,2017-10-06 23:50:00,4362.980772637618,4411.607867492792,488618,3,68618,12.5,16607737.5,72459239389.51276,True
10/7/17,2017-10-07 23:50:00,4427.349482966946,4451.914056574114,488776,3,68776,12.5,16609712.5,73537002049.10463,True
10/8/17,2017-10-08 23:50:00,4599.584772520529,4607.504634171774,488960,3,68960,12.5,16612012.5,76408359735.92068,True
10/9/17,2017-10-09 23:50:00,4770.758812461939,4851.799690079052,489118,3,69118,12.5,16613987.5,79261327275.75749,True
10/10/17,2017-10-10 23:50:00,4742.204586062306,4918.351804302655,489281,3,69281,12.5,16616025.0,78796589957.12592,True
10/11/17,2017-10-11 23:50:00,4817.076001241959,4865.83884062381,489420,3,69420,12.5,16617762.5,80049024933.08858,True
10/12/17,2017-10-12 23:50:00,5421.25647434388,5421.25647434388,489572,3,69572,12.5,16619662.5,90099452929.53519,True
10/13/17,2017-10-13 23:50:00,5622.401537310861,5777.661824729699,489708,3,69708,12.5,16621362.5,93451974072.2011,True
10/14/17,2017-10-14 23:50:00,5806.274837910411,5812.622558967477,489849,3,69849,12.5,16623125.0,96518432414.93951,True
10/15/17,2017-10-15 23:50:00,5690.443312043671,5838.168374896639,490043,3,70043,12.5,16625550.0,94606749806.54765,True
10/16/17,2017-10-16 23:50:00,5751.401295318684,5782.4057050916035,490217,3,70217,12.5,16627725.0,95632719103.20287,True
10/17/17,2017-10-17 23:50:00,5593.760390967677,5766.301608451633,490382,3,70382,12.5,16629787.5,93023046627.7094,True
10/18/17,2017-10-18 23:50:00,5574.307180341964,5601.864091608808,490534,3,70534,12.5,16631687.5,92710135052.45369,True
10/19/17,2017-10-19 23:50:00,5700.819182972686,5738.428166880768,490710,3,70710,12.5,16633887.5,94826784947.40958,True
10/20/17,2017-10-20 23:50:00,5997.446764076106,6035.279287835492,490890,3,70890,12.5,16636137.5,99774349016.10016,True
10/21/17,2017-10-21 23:50:00,6015.723555007538,6182.391840092343,491041,3,71041,12.5,16638025.0,100089758901.3043,True
10/22/17,2017-10-22 23:50:00,5998.832263653103,6070.078129705719,491225,3,71225,12.5,16640325.0,99822518487.67332,True
10/23/17,2017-10-23 23:50:00,5889.672058049323,6045.381057780784,491396,3,71396,12.5,16642462.5,98018646363.38368,True
10/24/17,2017-10-24 23:50:00,5518.766212981871,5862.187616177838,491562,3,71562,12.5,16644537.5,91857311185.70973,True
10/25/17,2017-10-25 23:50:00,5744.7936868947845,5755.170783350426,491747,3,71747,12.5,16646850.0,95632718786.68445,True
10/26/17,2017-10-26 23:50:00,5890.7143073772,5980.137595126643,491929,3,71929,12.5,16649125.0,98075238842.81143,True
10/27/17,2017-10-27 23:50:00,5778.700983300991,5980.151523199289,492032,3,72032,12.5,16650412.5,96217755086.11711,True
10/28/17,2017-10-28 23:50:00,5752.944303324972,5887.981749121459,492117,3,72117,12.5,16651475.0,95795008243.20819,True
10/29/17,2017-10-29 23:50:00,6150.617275448098,6242.235063374342,492272,3,72272,12.5,16653412.5,102428766617.6633,True
10/30/17,2017-10-30 23:50:00,6122.688025941843,6211.826915070636,492419,3,72419,12.5,16655250.0,101974899744.06789,True
10/31/17,2017-10-31 23:50:00,6441.3050298221515,6441.3050298221515,492555,3,72555,12.5,16656950.0,107292495816.4961,True
11/1/17,2017-11-01 23:50:00,6764.760700771038,6764.760700771038,492713,3,72713,12.5,16658925.0,112693641157.09216,True
11/2/17,2017-11-02 23:50:00,7032.252143929542,7320.084703249908,492863,3,72863,12.5,16660800.0,117162946519.58131,True
11/3/17,2017-11-03 23:50:00,7188.6736621927175,7457.667073058195,492982,3,72982,12.5,16662287.5,119779747303.13293,True
11/4/17,2017-11-04 23:50:00,7391.499520881289,7506.843985111076,493112,3,73112,12.5,16663912.5,123171301259.75772,True
11/5/17,2017-11-05 23:50:00,7390.662345444837,7624.038296487668,493251,3,73251,12.5,16665650.0,123170191917.36275,True
11/6/17,2017-11-06 23:50:00,6960.162148204395,7418.646838293525,493386,3,73386,12.5,16667337.5,116007371578.84767,True
11/7/17,2017-11-07 23:50:00,7123.997698968637,7221.702624804142,493542,3,73542,12.5,16669287.5,118751965793.44667,True
11/8/17,2017-11-08 23:50:00,7469.009869665808,7800.537796429244,493685,3,73685,12.5,16671075.0,124516423712.9389,True
11/9/17,2017-11-09 23:50:00,7135.421301008343,7459.445404785465,493838,3,73838,12.5,16672987.5,118968790158.94585,True
11/10/17,2017-11-10 23:50:00,6591.128675365988,7323.7575767827275,493959,3,73959,12.5,16674500.0,109903775097.39017,True
11/11/17,2017-11-11 23:50:00,6361.587331249312,6855.800553769496,494039,3,74039,12.5,16675500.0,106082649542.24791,True
11/12/17,2017-11-12 23:50:00,5909.6447898411725,6453.275709219115,494119,3,74119,12.5,16676500.0,98552191337.78632,True
11/13/17,2017-11-13 23:50:00,6525.636966247708,6788.1980345252,494258,3,74258,12.5,16678237.5,108836123161.85876,True
11/14/17,2017-11-14 23:50:00,6595.548438738197,6742.668176335535,494387,3,74387,12.5,16679850.0,110012758625.88731,True
11/15/17,2017-11-15 23:50:00,7282.068738937433,7332.044583337591,494538,3,74538,12.5,16681737.5,121477559159.9103,True
11/16/17,2017-11-16 23:50:00,7845.321979964913,7955.411031612815,494691,3,74691,12.5,16683650.0,130888606051.04163,True
11/17/17,2017-11-17 23:50:00,7691.5208803062105,7981.241683085008,494857,3,74857,12.5,16685725.0,128338602240.54735,True
11/18/17,2017-11-18 23:50:00,7780.4865522991895,7836.485188984538,494994,3,74994,12.5,16687437.5,129836383061.0832,True
11/19/17,2017-11-19 23:50:00,8033.553355586507,8083.750002063824,495154,3,75154,12.5,16689437.5,134075486630.97629,True
11/20/17,2017-11-20 23:50:00,8255.867353185347,8287.649595045126,495328,3,75328,12.5,16691612.5,137803738710.77045,True
11/21/17,2017-11-21 23:50:00,8096.860431860465,8356.35137433623,495502,3,75502,12.5,16693787.5,135167267466.63683,True
11/22/17,2017-11-22 23:50:00,8244.969536672328,8305.776104632178,495647,3,75647,12.5,16695600.0,137654713396.46652,True
11/23/17,2017-11-23 23:50:00,8035.893848871559,8265.209094177208,495807,3,75807,12.5,16697600.0,134180141130.91776,True
11/24/17,2017-11-24 23:50:00,8215.457903088754,8303.40437576747,495956,3,75956,12.5,16699462.5,137193731172.95929,True
11/25/17,2017-11-25 23:50:00,8771.863206570288,8771.863206570288,496111,3,76111,12.5,16701400.0,146502396158.213,True
11/26/17,2017-11-26 23:50:00,9349.11993048534,9519.371431494923,496263,3,76263,12.5,16703300.0,156161154934.87576,True
11/27/17,2017-11-27 23:50:00,9754.449718834221,9754.449718834221,496434,3,76434,12.5,16705437.5,162952350124.87766,True
11/28/17,2017-11-28 23:50:00,9926.71193188782,9982.422434886506,496590,3,76590,12.5,16707387.5,165849422846.9234,True
11/29/17,2017-11-29 23:50:00,9863.795713366324,11335.04268312766,496762,3,76762,12.5,16709537.5,164819464364.83383,True
11/30/17,2017-11-30 23:50:00,9953.823255504512,10769.060149176607,496931,3,76931,12.5,16711650.0,166344810407.852,True
12/1/17,2017-12-01 23:50:00,10862.869692666738,10908.053247184944,497111,3,77111,12.5,16713900.0,181560917756.2626,True
12/2/17,2017-12-02 23:50:00,10923.741230126276,11169.06124401924,497274,3,77274,12.5,16715937.5,182600575668.96393,True
12/3/17,2017-12-03 23:50:00,11285.973817230233,11844.62100271981,497449,3,77449,12.5,16718125.0,188680321023.1822,True
12/4/17,2017-12-04 23:50:00,11625.190674511652,11625.190674511652,497631,3,77631,12.5,16720400.0,194377838154.1046,True
12/5/17,2017-12-05 23:50:00,11703.703117553547,11844.233064974742,497809,3,77809,12.5,16722625.0,195716638346.17886,True
12/6/17,2017-12-06 23:50:00,13919.978430502113,14135.62750851602,497996,3,77996,12.5,16724962.5,232811117250.9567,True
12/7/17,2017-12-07 23:50:00,17144.110561770518,18209.493833164866,498147,3,78147,12.5,16726850.0,286766965750.1512,True
12/8/17,2017-12-08 23:50:00,16241.254172496809,17491.33235117145,498305,3,78305,12.5,16728825.0,271697098832.21893,True
12/9/17,2017-12-09 23:50:00,15065.911139302367,16320.34527699239,498479,3,78479,12.5,16731000.0,252067759271.6679,True
12/10/17,2017-12-10 23:50:00,15049.90218056812,15751.446318324044,498643,3,78643,12.5,16733050.0,251830765682.5554,True
12/11/17,2017-12-11 23:50:00,16779.839139930325,17327.589144032554,498812,3,78812,12.5,16735162.5,280813334730.59424,True
12/12/17,2017-12-12 23:50:00,17220.05994923002,17864.766691189307,498971,3,78971,12.5,16737150.0,288214726379.25525,True
12/13/17,2017-12-13 23:50:00,16525.094735035294,17701.963993991456,499156,3,79156,12.5,16739462.5,276621203626.07074,True
12/14/17,2017-12-14 23:50:00,16607.882713268962,17000.099629928303,499342,3,79342,12.5,16741787.5,278045643210.4724,True
12/15/17,2017-12-15 23:50:00,17644.19185482736,17902.74354350473,499510,3,79510,12.5,16743887.5,295432363445.6456,True
12/16/17,2017-12-16 23:50:00,19587.6137328711,19629.686243448745,499682,3,79682,12.5,16746037.5,328014914106.17444,True
12/17/17,2017-12-17 23:50:00,19179.66898447647,19803.571807481894,499867,3,79867,12.5,16748350.0,321227809036.1565,True
12/18/17,2017-12-18 23:50:00,19007.00933176908,19282.9773656085,500048,3,80048,12.5,16750612.5,318379048100.34784,True
12/19/17,2017-12-19 23:50:00,17737.660318944538,19043.97735015337,500189,3,80189,12.5,16752375.0,297147937285.5785,True
12/20/17,2017-12-20 23:50:00,16456.22842405836,17868.835845579455,500325,3,80325,12.5,16754075.0,275708885233.8056,True
12/21/17,2017-12-21 23:50:00,15651.946610393392,17306.98578094571,500456,3,80456,12.5,16755712.5,262259517469.1012,True
12/22/17,2017-12-22 23:50:00,14140.99019347346,15845.31109404738,500611,3,80611,12.5,16757650.0,236969764315.66055,True
12/23/17,2017-12-23 23:50:00,14800.695957569356,16008.790598712712,500749,3,80749,12.5,16759375.0,248050413813.88892,True
12/24/17,2017-12-24 23:50:00,14170.877791779882,14864.886816975762,500903,3,80903,12.5,16761300.0,237522333931.36014,True
12/25/17,2017-12-25 23:50:00,14073.40367072084,14621.282279719822,501037,3,81037,12.5,16762975.0,235912113897.20166,True
12/26/17,2017-12-26 23:50:00,15761.316969772965,16096.082049592336,501180,3,81180,12.5,16764762.5,264234735685.46344,True
12/27/17,2017-12-27 23:50:00,15382.496060505311,16476.200730851404,501336,3,81336,12.5,16766712.5,257913888978.87515,True
12/28/17,2017-12-28 23:50:00,14456.968874713091,15415.921252627722,501485,3,81485,12.5,16768575.0,242422766848.29208,True
12/29/17,2017-12-29 23:50:00,14487.223318256161,15060.878029259762,501650,3,81650,12.5,16770637.5,242959970652.0212,True
12/30/17,2017-12-30 23:50:00,12743.816886264398,14438.669800967842,501794,3,81794,12.5,16772437.5,213744872236.3142,True
12/31/17,2017-12-31 23:50:00,13896.633097402057,14228.137980716408,501960,3,81960,12.5,16774512.5,233109245600.28452,True
1/1/18,2018-01-01 23:50:00,13436.40113496533,13871.913269535964,502115,3,82115,12.5,16776450.0,225415111820.68912,True
1/2/18,2018-01-02 23:50:00,14732.453355796319,15138.195615467575,502285,3,82285,12.5,16778575.0,247189573564.23022,True
1/3/18,2018-01-03 23:50:00,15068.48685294771,15369.756291733172,502443,3,82443,12.5,16780550.0,252857497060.2317,True
1/4/18,2018-01-04 23:50:00,15150.044393442426,15370.749365536973,502609,3,82609,12.5,16782625.0,254257513788.49667,True
1/5/18,2018-01-05 23:50:00,16929.993584218795,17106.84544892314,502754,3,82754,12.5,16784437.5,284160419189.7214,True
1/6/18,2018-01-06 23:50:00,17094.07580827809,17132.75509945526,502922,3,82922,12.5,16786537.5,286950344583.5029,True
1/7/18,2018-01-07 23:50:00,16162.813277912608,17055.03769332902,503084,3,83084,12.5,16788562.5,271350400892.0657,True
1/8/18,2018-01-08 23:50:00,14998.250127031477,16256.383440596803,503250,3,83250,12.5,16790637.5,251830181017.31448,True
1/9/18,2018-01-09 23:50:00,14415.466029217563,15345.763916502987,503414,3,83414,12.5,16792687.5,242074416195.51642,True
1/10/18,2018-01-10 23:50:00,14850.283684647908,14850.283684647908,503580,3,83580,12.5,16794762.5,249406987541.2865,True
1/11/18,2018-01-11 23:50:00,13310.776623875214,14842.277158561305,503773,3,83773,12.5,16797175.0,223583444337.14114,True
1/12/18,2018-01-12 23:50:00,13797.82227939588,14054.84367350375,503950,3,83950,12.5,16799387.5,231794963127.70465,True
1/13/18,2018-01-13 23:50:00,14218.51800899828,14502.962214265839,504100,3,84100,12.5,16801262.5,238889053430.15747,True
1/14/18,2018-01-14 23:50:00,13655.242181049141,14337.779405113673,504256,3,84256,12.5,16803212.5,229451936107.1322,True
1/15/18,2018-01-15 23:50:00,13574.797735438284,14283.876337160875,504406,3,84406,12.5,16805087.5,228125663738.84222,True
1/16/18,2018-01-16 23:50:00,11467.380978284651,13531.239315547555,504564,3,84564,12.5,16807062.5,192732988813.34128,True
1/17/18,2018-01-17 23:50:00,11136.808735058174,11941.709802740332,504731,3,84731,12.5,16809150.0,187200288548.9031,True
1/18/18,2018-01-18 23:50:00,11289.210911409156,12044.589595584586,504905,3,84905,12.5,16811325.0,189786593625.24554,True
1/19/18,2018-01-19 23:50:00,11511.09835473365,11985.104066722128,505067,3,85067,12.5,16813350.0,193540125522.561,True
1/20/18,2018-01-20 23:50:00,12763.779462390647,12946.273013123591,505247,3,85247,12.5,16815600.0,214630609927.77615,True
1/21/18,2018-01-21 23:50:00,11455.526396495743,12722.164606888095,505434,3,85434,12.5,16817937.5,192658326965.86563,True
1/22/18,2018-01-22 23:50:00,10781.268881360418,11859.222273922043,505602,3,85602,12.5,16820037.5,181341346882.06528,True
1/23/18,2018-01-23 23:50:00,10801.083131750655,11312.622788215347,505777,3,85777,12.5,16822225.0,181698250686.01416,True
1/24/18,2018-01-24 23:50:00,11354.22909940514,11380.315534386133,505954,3,85954,12.5,16824437.5,191028517843.62308,True
1/25/18,2018-01-25 23:50:00,11137.878602459845,11639.070773860876,506113,3,86113,12.5,16826425.0,187410678963.3954,True
1/26/18,2018-01-26 23:50:00,11091.21651042783,11558.975972617925,506266,3,86266,12.5,16828337.5,186646734723.0518,True
1/27/18,2018-01-27 23:50:00,11333.397874991158,11573.555227519828,506425,3,86425,12.5,16830325.0,190744769590.41058,True
1/28/18,2018-01-28 23:50:00,11597.080164861141,11781.261532452554,506581,3,86581,12.5,16832275.0,195205242531.98807,True
1/29/18,2018-01-29 23:50:00,11149.431210526249,11688.399156459485,506729,3,86729,12.5,16834125.0,187690918676.90018,True
1/30/18,2018-01-30 23:50:00,9937.726381160634,11159.25446390248,506896,3,86896,12.5,16836212.5,167313673120.07642,True
1/31/18,2018-01-31 23:50:00,10087.724198669412,10289.256387289814,507015,3,87015,12.5,16837700.0,169854073739.93594,True
2/1/18,2018-02-01 23:50:00,9014.026207241357,10145.849220924696,507174,3,87174,12.5,16839687.5,151793384446.7547,True
2/2/18,2018-02-02 23:50:00,8799.121910617683,9068.699702873655,507340,3,87340,12.5,16841762.5,148192721427.16925,True
2/3/18,2018-02-03 23:50:00,9208.45991916458,9439.565084250833,507501,3,87501,12.5,16843775.0,155105226974.92636,True
2/4/18,2018-02-04 23:50:00,8176.460615758353,9325.188923286127,507676,3,87676,12.5,16845962.5,137740348915.7921,True
2/5/18,2018-02-05 23:50:00,6891.934414416884,8322.877625328503,507864,3,87864,12.5,16848312.5,116117464743.60016,True
2/6/18,2018-02-06 23:50:00,7714.392057232828,8000.871493557633,508034,3,88034,12.5,16850437.5,129990881210.8982,True
2/7/18,2018-02-07 23:50:00,7575.611196702045,8597.638368779571,508173,3,88173,12.5,16852175.0,127665525618.78229,True
2/8/18,2018-02-08 23:50:00,8222.753649455703,8593.26729310192,508306,3,88306,12.5,16853837.5,138584953810.45837,True
2/9/18,2018-02-09 23:50:00,8677.910527452475,8694.570647674424,508440,3,88440,12.5,16855512.5,146270629369.35678,True
2/10/18,2018-02-10 23:50:00,8537.393208068006,9065.190683901686,508583,3,88583,12.5,16857300.0,143917398526.3648,True
2/11/18,2018-02-11 23:50:00,8073.293649217709,8486.437601120462,508735,3,88735,12.5,16859200.0,136109272290.89119,True
2/12/18,2018-02-12 23:50:00,8883.2563239916,8951.53517315083,508899,3,88899,12.5,16861250.0,149782805692.90335,True
2/13/18,2018-02-13 23:50:00,8519.186103813143,8904.710598489028,509065,3,89065,12.5,16863325.0,143661804004.08478,True
2/14/18,2018-02-14 23:50:00,9483.45790621643,9487.84640356176,509239,3,89239,12.5,16865500.0,159943259317.2932,True
2/15/18,2018-02-15 23:50:00,10063.90199802283,10216.505912550692,509372,3,89372,12.5,16867162.5,169749470384.72574,True
2/16/18,2018-02-16 23:50:00,10236.5,10255.461972545729,509532,3,89532,12.5,16869162.5,172681181931.25,True
2/17/18,2018-02-17 23:50:00,11101.7,11131.6,509679,3,89679,12.5,16871000.0,187296780700.0,True
2/18/18,2018-02-18 23:50:00,10593.2,11335.0,509843,3,89843,12.5,16873050.0,178739593260.0,True
2/19/18,2018-02-19 23:50:00,11230.0,11273.8,510003,3,90003,12.5,16875050.0,189506811500.0,True
2/20/18,2018-02-20 23:50:00,11403.7,11957.4,510146,3,90146,12.5,16876837.5,192458391798.75,True
2/21/18,2018-02-21 23:50:00,10690.4,11393.0,510314,3,90314,12.5,16878937.5,180442593450.0,True
2/22/18,2018-02-22 23:50:00,10005.0,11036.5,510464,3,90464,12.5,16880812.5,168892529062.5,True
2/23/18,2018-02-23 23:50:00,10301.1,10478.9,510612,3,90612,12.5,16882662.5,173909994678.75,True
2/24/18,2018-02-24 23:50:00,9813.07,10597.2,510754,3,90754,12.5,16884437.5,165688167098.125,True
2/25/18,2018-02-25 23:50:00,9664.73,9918.91,510926,3,90926,12.5,16886587.5,163204308808.875,True
2/26/18,2018-02-26 23:50:00,10366.7,10464.7,511069,3,91069,12.5,16888375.0,175076717112.5,True
2/27/18,2018-02-27 23:50:00,10725.6,10877.1,511228,3,91228,12.5,16890362.5,181159272030.0,True
2/28/18,2018-02-28 23:50:00,10397.9,11089.8,511383,3,91383,12.5,16892300.0,175644446170.0,True
3/1/18,2018-03-01 23:50:00,10951.0,11052.3,511548,3,91548,12.5,16894362.5,185010163737.5,True
3/2/18,2018-03-02 23:50:00,11086.4,11189.0,511703,3,91703,12.5,16896300.0,187319140320.0,True
3/3/18,2018-03-03 23:50:00,11489.7,11528.2,511885,3,91885,12.5,16898575.0,194159557177.5,True
3/4/18,2018-03-04 23:50:00,11512.6,11512.6,512031,3,92031,12.5,16900400.0,194567545040.0,True
3/5/18,2018-03-05 23:50:00,11573.3,11704.1,512180,3,92180,12.5,16902262.5,195614954591.25,True
3/6/18,2018-03-06 23:50:00,10779.9,11446.6,512335,3,92335,12.5,16904200.0,182225585580.0,True
3/7/18,2018-03-07 23:50:00,9965.57,10927.4,512494,3,92494,12.5,16906187.5,168479794964.375,True
3/8/18,2018-03-08 23:50:00,9395.01,10147.4,512654,3,92654,12.5,16908187.5,158852590644.375,True
3/9/18,2018-03-09 23:50:00,9337.55,9466.35,512803,3,92803,12.5,16910050.0,157898437377.5,True
3/10/18,2018-03-10 23:50:00,8866.0,9531.01,512943,3,92943,12.5,16911800.0,149940018800.0,True
3/11/18,2018-03-11 23:50:00,9578.63,9711.89,513094,3,93094,12.5,16913687.5,162009954498.125,True
3/12/18,2018-03-12 23:50:00,9205.12,9937.5,513257,3,93257,12.5,16915725.0,155711278512.0,True
3/13/18,2018-03-13 23:50:00,9194.85,9470.38,513415,3,93415,12.5,16917700.0,155555713845.0,True
3/14/18,2018-03-14 23:50:00,8269.81,9355.85,513558,3,93558,12.5,16919487.5,139920946922.375,True
3/15/18,2018-03-15 23:50:00,8300.86,8428.35,513701,3,93701,12.5,16921275.0,140461134796.5,True
3/16/18,2018-03-16 23:50:00,8338.35,8574.16,513859,3,93859,12.5,16923250.0,141111981637.5,True
3/17/18,2018-03-17 23:50:00,7916.88,8346.5,514005,3,94005,12.5,16925075.0,133993787766.0,True
3/18/18,2018-03-18 23:50:00,8223.68,8238.48,514156,3,94156,12.5,16926962.5,139201922972.0,True
3/19/18,2018-03-19 23:50:00,8630.65,8658.03,514314,3,94314,12.5,16928937.5,146107734434.375,True
3/20/18,2018-03-20 23:50:00,8913.47,9051.02,514440,3,94440,12.5,16930512.5,150909615253.375,True
3/21/18,2018-03-21 23:50:00,8929.28,9177.37,514591,3,94591,12.5,16932400.0,151194140672.0,True
3/22/18,2018-03-22 23:50:00,8721.57,9096.09,514734,3,94734,12.5,16934187.5,147692701674.375,True
3/23/18,2018-03-23 23:50:00,8820.54,8820.54,514868,3,94868,12.5,16935862.5,149383452615.75,True
3/24/18,2018-03-24 23:50:00,8682.62,8995.58,515024,3,95024,12.5,16937812.5,147064589568.75,True
3/25/18,2018-03-25 23:50:00,8494.44,8682.01,515160,3,95160,12.5,16939512.5,143891672560.5,True
3/26/18,2018-03-26 23:50:00,8210.22,8520.75,515308,3,95308,12.5,16941362.5,139092313224.75,True
3/27/18,2018-03-27 23:50:00,7840.16,8230.89,515460,3,95460,12.5,16943262.5,132837888922.0,True
3/28/18,2018-03-28 23:50:00,7980.12,8122.89,515597,3,95597,12.5,16944975.0,135222933897.0,True
3/29/18,2018-03-29 23:50:00,7162.96,7990.49,515749,3,95749,12.5,16946875.0,121389787750.0,True
3/30/18,2018-03-30 23:50:00,6895.3,7276.66,515911,3,95911,12.5,16948900.0,116867750170.0,True
3/31/18,2018-03-31 23:50:00,6978.18,7200.57,516039,3,96039,12.5,16950500.0,118283640090.0,True
4/1/18,2018-04-01 23:50:00,6844.23,7060.95,516200,3,96200,12.5,16952512.5,116026894627.875,True
4/2/18,2018-04-02 23:50:00,7075.72,7135.47,516357,3,96357,12.5,16954475.0,119965117847.0,True
4/3/18,2018-04-03 23:50:00,7458.04,7529.83,516517,3,96517,12.5,16956475.0,126462068809.0,True
4/4/18,2018-04-04 23:50:00,6852.8,7469.88,516666,3,96666,12.5,16958337.5,116212095220.0,True
4/5/18,2018-04-05 23:50:00,6811.29,6929.58,516822,3,96822,12.5,16960287.5,115521436645.875,True
4/6/18,2018-04-06 23:50:00,6629.87,6857.49,516959,3,96959,12.5,16962000.0,112455854940.0,True
4/7/18,2018-04-07 23:50:00,6903.16,7049.77,517140,3,97140,12.5,16964262.5,117107018319.5,True
4/8/18,2018-04-08 23:50:00,7023.38,7111.56,517302,3,97302,12.5,16966287.5,119160684301.75,True
4/9/18,2018-04-09 23:50:00,6763.45,7177.48,517447,3,97447,12.5,16968100.0,114762895945.0,True
4/10/18,2018-04-10 23:50:00,6839.1,6871.53,517612,3,97612,12.5,16970162.5,116060638353.75,True
4/11/18,2018-04-11 23:50:00,6939.18,6950.45,517772,3,97772,12.5,16972162.5,117772890576.75,True
4/12/18,2018-04-12 23:50:00,7926.600582959641,7945.522354948805,517928,3,97928,12.5,16974112.5,134547010037.72252,True
4/13/18,2018-04-13 23:50:00,7858.320396825395,8204.446148409896,518093,3,98093,12.5,16976175.0,133404222262.57735,True
4/14/18,2018-04-14 23:50:00,7994.162746478875,8148.074608695659,518230,3,98230,12.5,16977887.5,135723995766.40936,True
4/15/18,2018-04-15 23:50:00,8355.635478723412,8372.083076923087,518389,3,98389,12.5,16979875.0,141877645974.2887,True
4/16/18,2018-04-16 23:50:00,8052.68,8371.15,518531,3,98531,12.5,16981650.0,136747793322.0,True
4/17/18,2018-04-17 23:50:00,7906.81,8285.96,518696,3,98696,12.5,16983712.5,134286987832.125,True
4/18/18,2018-04-18 23:50:00,8162.99,8195.82,518854,3,98854,12.5,16985687.5,138653997205.625,True
4/19/18,2018-04-19 23:50:00,8282.55,8298.69,519033,3,99033,12.5,16987925.0,140703338208.75,True
4/20/18,2018-04-20 23:50:00,8836.46,8877.34,519169,3,99169,12.5,16989625.0,150128141727.5,True
4/21/18,2018-04-21 23:50:00,8883.36,8997.57,519330,3,99330,12.5,16991637.5,150942832902.0,True
4/22/18,2018-04-22 23:50:00,8802.53,8990.55,519489,3,99489,12.5,16993625.0,149586893871.25,True
4/23/18,2018-04-23 23:50:00,8930.91,8958.55,519642,3,99642,12.5,16995537.5,151785615814.125,True
4/24/18,2018-04-24 23:50:00,9732.61,9732.61,519802,3,99802,12.5,16997537.5,165430403447.875,True
4/25/18,2018-04-25 23:50:00,8826.28,9742.56,519925,3,99925,12.5,16999075.0,150038595691.0,True
4/26/18,2018-04-26 23:50:00,9280.92,9280.92,520066,3,100066,12.5,17000837.5,157783412770.5,True
4/27/18,2018-04-27 23:50:00,9011.78,9372.43,520207,3,100207,12.5,17002600.0,153223690628.0,True
4/28/18,2018-04-28 23:50:00,9343.42,9405.97,520334,3,100334,12.5,17004187.5,158877265571.25,True
4/29/18,2018-04-29 23:50:00,9415.09,9531.49,520493,3,100493,12.5,17006175.0,160114668180.75,True
4/30/18,2018-04-30 23:50:00,9247.19,9466.89,520649,3,100649,12.5,17008125.0,157277363418.75,True
5/1/18,2018-05-01 23:50:00,9105.53,9251.47,520803,3,100803,12.5,17010050.0,154885520576.5,True
5/2/18,2018-05-02 23:50:00,9233.72,9250.5,520946,3,100946,12.5,17011837.5,157082544160.5,True
5/3/18,2018-05-03 23:50:00,9755.31,9777.85,521097,3,101097,12.5,17013725.0,165974161629.75,True
5/4/18,2018-05-04 23:50:00,9715.82,9779.2,521236,3,101236,12.5,17015462.5,165319170866.75,True
5/5/18,2018-05-05 23:50:00,9843.13,9964.5,521395,3,101395,12.5,17017450.0,167504972618.5,True
5/6/18,2018-05-06 23:50:00,9646.74,9940.14,521533,3,101533,12.5,17019175.0,164179556239.5,True
5/7/18,2018-05-07 23:50:00,9369.84,9662.84,521681,3,101681,12.5,17021025.0,159484280886.0,True
5/8/18,2018-05-08 23:50:00,9249.75,9461.41,521823,3,101823,12.5,17022800.0,157456644300.0,True
5/9/18,2018-05-09 23:50:00,9324.28,9369.74,521980,3,101980,12.5,17024762.5,158743652483.5,True
5/10/18,2018-05-10 23:50:00,9040.52,9396.04,522136,3,102136,12.5,17026712.5,153930334890.5,True
5/11/18,2018-05-11 23:50:00,8462.5,9052.96,522262,3,102262,12.5,17028287.5,144101882968.75,True
5/12/18,2018-05-12 23:50:00,8499.34,8664.86,522429,3,102429,12.5,17030375.0,144746947452.5,True
5/13/18,2018-05-13 23:50:00,8723.64,8761.92,522575,3,102575,12.5,17032200.0,148582781208.0,True
5/14/18,2018-05-14 23:50:00,8719.89,8868.14,522707,3,102707,12.5,17033850.0,148533298276.5,True
5/15/18,2018-05-15 23:50:00,8515.22,8834.48,522853,3,102853,12.5,17035675.0,145062520473.5,True
5/16/18,2018-05-16 23:50:00,8358.62,8508.43,523034,3,103034,12.5,17037937.5,142413645146.25,True
5/17/18,2018-05-17 23:50:00,8085.7,8435.36,523166,3,103166,12.5,17039587.5,137776992648.75,True
5/18/18,2018-05-18 23:50:00,8251.45,8274.12,523314,3,103314,12.5,17041437.5,140616569459.375,True
5/19/18,2018-05-19 23:50:00,8241.68,8372.06,523466,3,103466,12.5,17043337.5,140465733807.0,True
5/20/18,2018-05-20 23:50:00,8515.58,8562.41,523611,3,103611,12.5,17045150.0,145149338437.0,True
5/21/18,2018-05-21 23:50:00,8409.37,8557.52,523767,3,103767,12.5,17047100.0,143355371327.0,True
5/22/18,2018-05-22 23:50:00,8049.56,8423.25,523920,3,103920,12.5,17049012.5,137237049059.5,True
5/23/18,2018-05-23 23:50:00,7566.26,8054.66,524082,3,104082,12.5,17051037.5,129012582994.75,True
5/24/18,2018-05-24 23:50:00,7593.13,7736.71,524224,3,104224,12.5,17052812.5,129484222178.125,True
5/25/18,2018-05-25 23:50:00,7453.44,7659.14,524401,3,104401,12.5,17055025.0,127118605536.0,True
5/26/18,2018-05-26 23:50:00,7358.47,7581.34,524561,3,104561,12.5,17057025.0,125513606751.75,True
5/27/18,2018-05-27 23:50:00,7364.09,7381.74,524726,3,104726,12.5,17059087.5,125624655667.875,True
5/28/18,2018-05-28 23:50:00,7134.68,7416.93,524883,3,104883,12.5,17061050.0,121725132214.0,True
5/29/18,2018-05-29 23:50:00,7467.58,7524.54,525019,3,105019,12.5,17062750.0,127417450645.0,True
5/30/18,2018-05-30 23:50:00,7406.19,7571.52,525196,3,105196,12.5,17064962.5,126386354617.875,True
5/31/18,2018-05-31 23:50:00,7491.64,7608.9,525362,3,105362,12.5,17067037.5,127860100816.5,True
6/1/18,2018-06-01 23:50:00,7539.14,7600.39,525530,3,105530,12.5,17069137.5,128686617291.75,True
6/2/18,2018-06-02 23:50:00,7646.74,7682.25,525682,3,105682,12.5,17071037.5,130537785292.75,True
6/3/18,2018-06-03 23:50:00,7720.25,7754.74,525846,3,105846,12.5,17073087.5,131808503771.875,True
6/4/18,2018-06-04 23:50:00,7499.48,7749.56,526028,3,106028,12.5,17075362.5,128056339561.5,True
6/5/18,2018-06-05 23:50:00,7625.55,7643.23,526204,3,106204,12.5,17077562.5,130225806721.875,True
6/6/18,2018-06-06 23:50:00,7656.09,7672.04,526350,3,106350,12.5,17079387.5,130761327844.875,True
6/7/18,2018-06-07 23:50:00,7676.55,7741.27,526493,3,106493,12.5,17081175.0,131124493946.25,True
6/8/18,2018-06-08 23:50:00,7631.9,7698.19,526639,3,106639,12.5,17083000.0,130375747700.0,True
6/9/18,2018-06-09 23:50:00,7565.0,7683.26,526783,3,106783,12.5,17084800.0,129246512000.0,True
6/10/18,2018-06-10 23:50:00,6784.03,7499.55,526908,3,106908,12.5,17086362.5,115914395790.875,True
6/11/18,2018-06-11 23:50:00,6901.13,6901.13,527050,3,107050,12.5,17088137.5,117927458345.375,True
6/12/18,2018-06-12 23:50:00,6566.2,6905.82,527194,3,107194,12.5,17089937.5,112215947612.5,True
6/13/18,2018-06-13 23:50:00,6342.43,6631.66,527338,3,107338,12.5,17091737.5,108403148672.125,True
6/14/18,2018-06-14 23:50:00,6681.42,6703.75,527491,3,107491,12.5,17093650.0,114209854983.0,True
6/15/18,2018-06-15 23:50:00,6460.85,6678.23,527644,3,107644,12.5,17095562.5,110451864978.125,True
6/16/18,2018-06-16 23:50:00,6538.65,6592.49,527808,3,107808,12.5,17097612.5,111795303973.125,True
6/17/18,2018-06-17 23:50:00,6503.94,6589.11,527967,3,107967,12.5,17099600.0,111214772424.0,True
6/18/18,2018-06-18 23:50:00,6733.38,6781.14,528129,3,108129,12.5,17101625.0,115151739742.5,True
6/19/18,2018-06-19 23:50:00,6759.1,6822.5,528284,3,108284,12.5,17103562.5,115604689293.75,True
6/20/18,2018-06-20 23:50:00,6776.84,6821.56,528441,3,108441,12.5,17105525.0,115921406041.0,True
6/21/18,2018-06-21 23:50:00,6737.58,6809.09,528610,3,108610,12.5,17107637.5,115264076267.25,True
6/22/18,2018-06-22 23:50:00,6083.68,6747.08,528760,3,108760,12.5,17109512.5,104088799006.0,True
6/23/18,2018-06-23 23:50:00,6166.8,6222.63,528920,3,108920,12.5,17111512.5,105523275285.0,True
6/24/18,2018-06-24 23:50:00,6168.79,6223.78,529093,3,109093,12.5,17113675.0,105570667203.25,True
6/25/18,2018-06-25 23:50:00,6260.63,6327.37,529248,3,109248,12.5,17115612.5,107154517085.875,True
6/26/18,2018-06-26 23:50:00,6096.19,6287.37,529395,3,109395,12.5,17117450.0,104351227515.5,True
6/27/18,2018-06-27 23:50:00,6154.48,6180.0,529516,3,109516,12.5,17118962.5,105358312327.0,True
6/28/18,2018-06-28 23:50:00,5903.44,6170.41,529674,3,109674,12.5,17120937.5,101072427275.0,True
6/29/18,2018-06-29 23:50:00,6220.76,6263.38,529824,3,109824,12.5,17122812.5,106516907087.5,True
6/30/18,2018-06-30 23:50:00,6396.98,6464.17,529965,3,109965,12.5,17124575.0,109545563783.5,True
7/1/18,2018-07-01 23:50:00,6388.12,6440.84,530111,3,110111,12.5,17126400.0,109405498368.0,True
7/2/18,2018-07-02 23:50:00,6614.92,6675.32,530254,3,110254,12.5,17128187.5,113301590057.5,True
7/3/18,2018-07-03 23:50:00,6533.56,6666.29,530370,3,110370,12.5,17129637.5,111917514384.5,True
7/4/18,2018-07-04 23:50:00,6609.7,6771.92,530504,3,110504,12.5,17131312.5,113232836231.25,True
7/5/18,2018-07-05 23:50:00,6643.34,6740.71,530641,3,110641,12.5,17133025.0,113820510303.5,True
7/6/18,2018-07-06 23:50:00,6674.68,6713.76,530801,3,110801,12.5,17135025.0,114370808667.0,True
7/7/18,2018-07-07 23:50:00,6859.53,6864.6,530956,3,110956,12.5,17136962.5,117551508377.625,True
7/8/18,2018-07-08 23:50:00,6762.01,6884.09,531114,3,111114,12.5,17138937.5,115893666764.375,True
7/9/18,2018-07-09 23:50:00,6746.22,6840.58,531251,3,111251,12.5,17140650.0,115634595843.0,True
7/10/18,2018-07-10 23:50:00,6328.33,6759.66,531398,3,111398,12.5,17142487.5,108483317920.875,True
7/11/18,2018-07-11 23:50:00,6393.59,6444.86,531532,3,111532,12.5,17144162.5,109612745918.375,True
7/12/18,2018-07-12 23:50:00,6228.81,6395.68,531676,3,111676,12.5,17145962.5,106798942679.625,True
7/13/18,2018-07-13 23:50:00,6236.49,6303.85,531819,3,111819,12.5,17147750.0,106941771397.5,True
7/14/18,2018-07-14 23:50:00,6275.18,6296.73,531951,3,111951,12.5,17149400.0,107615571892.0,True
7/15/18,2018-07-15 23:50:00,6359.64,6403.46,532085,3,112085,12.5,17151075.0,109074662613.0,True
7/16/18,2018-07-16 23:50:00,6742.49,6742.49,532205,3,112205,12.5,17152575.0,115651065411.75,True
7/17/18,2018-07-17 23:50:00,7318.74,7387.24,532363,3,112363,12.5,17154550.0,125549691267.0,True
7/18/18,2018-07-18 23:50:00,7370.78,7535.79,532537,3,112537,12.5,17156725.0,126458445495.5,True
7/19/18,2018-07-19 23:50:00,7466.86,7500.82,532708,3,112708,12.5,17158862.5,128122824046.75,True
7/20/18,2018-07-20 23:50:00,7354.94,7587.32,532862,3,112862,12.5,17160787.5,126216562415.25,True
7/21/18,2018-07-21 23:50:00,7418.71,7437.95,532999,3,112999,12.5,17162500.0,127323610375.0,True
7/22/18,2018-07-22 23:50:00,7418.49,7537.95,533182,3,113182,12.5,17164787.5,127336804420.875,True
7/23/18,2018-07-23 23:50:00,7713.31,7766.51,533347,3,113347,12.5,17166850.0,132413235773.5,True
7/24/18,2018-07-24 23:50:00,8424.27,8424.27,533507,3,113507,12.5,17168850.0,144635027989.5,True
7/25/18,2018-07-25 23:50:00,8181.39,8380.76,533684,3,113684,12.5,17171062.5,140483159026.875,True
7/26/18,2018-07-26 23:50:00,7951.58,8290.33,533847,3,113847,12.5,17173100.0,136553278498.0,True
7/27/18,2018-07-27 23:50:00,8167.81,8257.4,534015,3,114015,12.5,17175200.0,140283770312.0,True
7/28/18,2018-07-28 23:50:00,8188.85,8222.85,534160,3,114160,12.5,17177012.5,140659978810.625,True
7/29/18,2018-07-29 23:50:00,8221.44,8271.5,534330,3,114330,12.5,17179137.5,141237248208.0,True
7/30/18,2018-07-30 23:50:00,8183.56562256,8228.56,534465,3,114465,12.5,17180825.0,140600408837.2194,True
7/31/18,2018-07-31 23:50:00,7774.87303565,8181.52878177,534611,3,114611,12.5,17182650.0,133592922166.01147,True
8/1/18,2018-08-01 23:50:00,7624.90741594,7761.67894768,534761,3,114761,12.5,17184525.0,131030412111.90633,True
8/2/18,2018-08-02 23:50:00,7567.15160233,7711.68224188,534913,3,114913,12.5,17186425.0,130052283477.07437,True
8/3/18,2018-08-03 23:50:00,7436.26183554,8427.0246092,535081,3,115081,12.5,17188525.0,127818372466.72517,True
8/4/18,2018-08-04 23:50:00,7032.21316739,7495.57598538,535257,3,115257,12.5,17190725.0,120888842701.98047,True
8/5/18,2018-08-05 23:50:00,7064.02626634,7097.09236311,535414,3,115414,12.5,17192687.5,121449596088.97539,True
8/6/18,2018-08-06 23:50:00,6951.2803658,7166.66029543,535546,3,115546,12.5,17194337.5,119522660666.68866,True
8/7/18,2018-08-07 23:50:00,6753.71764839,7146.56285076,535698,3,115698,12.5,17196237.5,116138532689.65593,True
8/8/18,2018-08-08 23:50:00,6305.80304475,6740.72399314,535855,3,115855,12.5,17198200.0,108448461924.21944,True
8/9/18,2018-08-09 23:50:00,6568.02168724,6624.5010748,536004,3,116004,12.5,17200062.5,112970383521.88345,True
8/10/18,2018-08-10 23:50:00,6184.71178367,6589.50761742,536179,3,116179,12.5,17202250.0,106390958280.63725,True
8/11/18,2018-08-11 23:50:00,6289.74605164,6455.74409639,536351,3,116351,12.5,17204400.0,108211306970.8352,True
8/12/18,2018-08-12 23:50:00,6335.06058091,6407.22437006,536506,3,116506,12.5,17206337.5,109003190438.08351,True
8/13/18,2018-08-13 23:50:00,6297.96664043,6529.03397981,536654,3,116654,12.5,17208187.5,108376590817.26451,True
8/14/18,2018-08-14 23:50:00,6199.71276805,6285.22059007,536791,3,116791,12.5,17209900.0,106696436766.8637,True
8/15/18,2018-08-15 23:50:00,6293.27724365,6588.35446043,536953,3,116953,12.5,17211925.0,108319415921.91052,True
8/16/18,2018-08-16 23:50:00,6324.7423257,6482.60896654,537108,3,117108,12.5,17213862.5,108873244742.53001,True
8/17/18,2018-08-17 23:50:00,6580.62933687,6582.49788536,537262,3,117262,12.5,17215787.5,113290716279.81984,True
8/18/18,2018-08-18 23:50:00,6423.68691813,6613.81309675,537423,3,117423,12.5,17217800.0,110601756618.97871,True
8/19/18,2018-08-19 23:50:00,6506.06881185,6533.90572748,537566,3,117566,12.5,17219587.5,112031821186.67212,True
8/20/18,2018-08-20 23:50:00,6305.19259562,6534.20262653,537718,3,117718,12.5,17221487.5,108584795470.5624,True
8/21/18,2018-08-21 23:50:00,6496.258447,6496.258447,537866,3,117866,12.5,17223337.5,111887251719.90686,True
8/22/18,2018-08-22 23:50:00,6376.83461362,6799.49600804,538025,3,118025,12.5,17225325.0,109843048690.85393,True
8/23/18,2018-08-23 23:50:00,6534.87662447,6548.52250111,538173,3,118173,12.5,17227175.0,112577463213.15398,True
8/24/18,2018-08-24 23:50:00,6717.68298629,6717.68298629,538321,3,118321,12.5,17229025.0,115739128112.86507,True
8/25/18,2018-08-25 23:50:00,6769.94985511,6785.94532442,538455,3,118455,12.5,17230700.0,116650974968.44386,True
8/26/18,2018-08-26 23:50:00,6715.64805358,6773.82977322,538627,3,118627,12.5,17232850.0,115729755560.13611,True
8/27/18,2018-08-27 23:50:00,6881.56612007,6881.56612007,538812,3,118812,12.5,17235162.5,118604910333.90096,True
8/28/18,2018-08-28 23:50:00,7096.27708292,7114.7613982,538966,3,118966,12.5,17237087.5,122319149002.53679,True
8/29/18,2018-08-29 23:50:00,7046.07682983,7111.30880587,539104,3,119104,12.5,17238812.5,121465997330.03378,True
8/30/18,2018-08-30 23:50:00,6981.57685708,7067.81901788,539258,3,119258,12.5,17240737.5,120367533928.9913,True
8/31/18,2018-08-31 23:50:00,7036.75531489,7065.60261415,539412,3,119412,12.5,17242662.5,121332396989.72949,True
9/1/18,2018-09-01 23:50:00,7193.41650052,7239.201426,539566,3,119566,12.5,17244587.5,124047500267.16093,True
9/2/18,2018-09-02 23:50:00,7269.10081969,7305.44476406,539709,3,119709,12.5,17246375.0,125365638649.18112,True
9/3/18,2018-09-03 23:50:00,7264.79922436,7313.30815741,539853,3,119853,12.5,17248175.0,125304528361.62555,True
9/4/18,2018-09-04 23:50:00,7362.7119946,7384.1862583,539980,3,119980,12.5,17249762.5,127005033262.75128,True
9/5/18,2018-09-05 23:50:00,6818.83022958,7387.70173377,540109,3,120109,12.5,17251375.0,117634197351.82068,True
9/6/18,2018-09-06 23:50:00,6538.48023324,6745.59576961,540261,3,120261,12.5,17253275.0,112810197546.15387,True
9/7/18,2018-09-07 23:50:00,6463.22559639,6560.91395094,540413,3,120413,12.5,17255175.0,111524088730.18881,True
9/8/18,2018-09-08 23:50:00,6223.43011665,6530.58306932,540564,3,120564,12.5,17257062.5,107398122487.41135,True
9/9/18,2018-09-09 23:50:00,6303.80648503,6442.54916578,540726,3,120726,12.5,17259087.5,108797947708.20021,True
9/10/18,2018-09-10 23:50:00,6329.69690852,6376.6881587,540862,3,120862,12.5,17260787.5,109255553277.37065,True
9/11/18,2018-09-11 23:50:00,6324.59015192,6394.61212395,541001,3,121001,12.5,17262525.0,109178395612.2728,True
9/12/18,2018-09-12 23:50:00,6360.69694706,6360.69694706,541170,3,121170,12.5,17264637.5,109815127038.34758,True
9/13/18,2018-09-13 23:50:00,6521.23827161,6533.890473,541317,3,121317,12.5,17266475.0,112598797585.79727,True
9/14/18,2018-09-14 23:50:00,6512.70548453,6593.26384036,541451,3,121451,12.5,17268150.0,112462375212.68672,True
9/15/18,2018-09-15 23:50:00,6544.13620369,6556.16678324,541590,3,121590,12.5,17269887.5,113016496022.40338,True
9/16/18,2018-09-16 23:50:00,6514.52997091,6544.21086985,541730,3,121730,12.5,17271637.5,112516600140.44307,True
9/17/18,2018-09-17 23:50:00,6281.19609296,6538.49010854,541864,3,121864,12.5,17273312.5,108497062987.47713,True
9/18/18,2018-09-18 23:50:00,6369.18712761,6386.84926527,542005,3,122005,12.5,17275075.0,110028185318.49731,True
9/19/18,2018-09-19 23:50:00,6394.89073566,6448.14779765,542160,3,122160,12.5,17277012.5,110484607176.13202,True
9/20/18,2018-09-20 23:50:00,6523.44829872,6523.44829872,542316,3,122316,12.5,17278962.5,112718418524.27168,True
9/21/18,2018-09-21 23:50:00,6734.95239431,6794.32518496,542460,3,122460,12.5,17280762.5,116385112774.87747,True
9/22/18,2018-09-22 23:50:00,6722.22113413,6831.5178838,542614,3,122614,12.5,17282687.5,116178047167.06438,True
9/23/18,2018-09-23 23:50:00,6707.26095584,6763.21620582,542765,3,122765,12.5,17284575.0,115932155035.78816,True
9/24/18,2018-09-24 23:50:00,6595.41332528,6710.80269364,542914,3,122914,12.5,17286437.5,114011200234.11989,True
9/25/18,2018-09-25 23:50:00,6444.41067269,6601.89226127,543082,3,123082,12.5,17288537.5,111414435580.2013,True
9/26/18,2018-09-26 23:50:00,6498.32602721,6570.00922456,543221,3,123221,12.5,17290275.0,112357844050.11838,True
9/27/18,2018-09-27 23:50:00,6680.71461176,6714.19236759,543365,3,123365,12.5,17292075.0,115523418120.1498,True
9/28/18,2018-09-28 23:50:00,6642.0772968,6779.30112815,543519,3,123519,12.5,17294000.0,114868084770.8592,True
9/29/18,2018-09-29 23:50:00,6601.9553879,6636.826691,543671,3,123671,12.5,17295900.0,114186760193.5796,True
9/30/18,2018-09-30 23:50:00,6627.99449465,6640.72707957,543834,3,123834,12.5,17297937.5,114650634518.79979,True
10/1/18,2018-10-01 23:50:00,6587.61149413,6653.29595261,543992,3,123992,12.5,17299912.5,113965102432.44327,True
10/2/18,2018-10-02 23:50:00,6556.09866089,6611.83560423,544127,3,124127,12.5,17301600.0,113430996591.25443,True
10/3/18,2018-10-03 23:50:00,6502.59044747,6571.46061733,544270,3,124270,12.5,17303387.5,112516842266.37181,True
10/4/18,2018-10-04 23:50:00,6576.20339269,6602.15153229,544420,3,124420,12.5,17305262.5,113802925963.89104,True
10/5/18,2018-10-05 23:50:00,6622.48483682,6622.48483682,544552,3,124552,12.5,17306912.5,114614765603.42052,True
10/6/18,2018-10-06 23:50:00,6589.05284411,6628.54385888,544677,3,124677,12.5,17308475.0,114046456425.95682,True
10/7/18,2018-10-07 23:50:00,6602.94525849,6638.92800075,544821,3,124821,12.5,17310275.0,114298798234.40799,True
10/8/18,2018-10-08 23:50:00,6652.22623715,6677.31065986,544954,3,124954,12.5,17311937.5,115162924853.40099,True
10/9/18,2018-10-09 23:50:00,6640.64745929,6660.07196484,545084,3,125084,12.5,17313562.5,114973264826.88362,True
10/10/18,2018-10-10 23:50:00,6585.17755768,6639.97312309,545229,3,125229,12.5,17315375.0,114024818852.81332,True
10/11/18,2018-10-11 23:50:00,6249.09003203,6584.18016754,545388,3,125388,12.5,17317362.5,108217757379.80011,True
10/12/18,2018-10-12 23:50:00,6273.19669603,6329.09651259,545520,3,125520,12.5,17319012.5,108645571993.50226,True
10/13/18,2018-10-13 23:50:00,6289.0009018,6306.49588941,545659,3,125659,12.5,17320750.0,108930212369.85236,True
10/14/18,2018-10-14 23:50:00,6292.23246896,6349.32744745,545773,3,125773,12.5,17322175.0,108995151968.00719,True
10/15/18,2018-10-15 23:50:00,6605.26103468,6971.28112047,545938,3,125938,12.5,17324237.5,114431110914.29205,True
10/16/18,2018-10-16 23:50:00,6600.67720695,6680.16535203,546073,3,126073,12.5,17325925.0,114362838236.82518,True
10/17/18,2018-10-17 23:50:00,6546.16332001,6600.15625445,546209,3,126209,12.5,17327625.0,113429463197.88828,True
10/18/18,2018-10-18 23:50:00,6474.64724903,6567.05764035,546348,3,126348,12.5,17329362.5,112201509238.06865,True
10/19/18,2018-10-19 23:50:00,6466.010535,6493.73421255,546491,3,126491,12.5,17331150.0,112063398483.66525,True
10/20/18,2018-10-20 23:50:00,6489.46975308,6497.71529391,546632,3,126632,12.5,17332912.5,112481411401.53226,True
10/21/18,2018-10-21 23:50:00,6482.34812955,6554.89012139,546770,3,126770,12.5,17334637.5,112369154974.55228,True
10/22/18,2018-10-22 23:50:00,6491.98212347,6542.50909727,546926,3,126926,12.5,17336587.5,112548816131.97346,True
10/23/18,2018-10-23 23:50:00,6475.72971532,6500.58805283,547081,3,127081,12.5,17338525.0,112279601562.3187,True
10/24/18,2018-10-24 23:50:00,6495.42836241,6521.95892077,547192,3,127192,12.5,17339912.5,112630159454.20769,True
10/25/18,2018-10-25 23:50:00,6481.17082835,6502.78824161,547331,3,127331,12.5,17341650.0,112394196095.45578,True
10/26/18,2018-10-26 23:50:00,6477.84565348,6494.63447506,547473,3,127473,12.5,17343425.0,112348030252.70636,True
10/27/18,2018-10-27 23:50:00,6480.28670898,6498.98141171,547609,3,127609,12.5,17345125.0,112401383003.09673,True
10/28/18,2018-10-28 23:50:00,6486.38627137,6503.24196113,547747,3,127747,12.5,17346850.0,112518369691.51468,True
10/29/18,2018-10-29 23:50:00,6332.78870464,6496.66256393,547896,3,127896,12.5,17348712.5,109865730560.04678,True
10/30/18,2018-10-30 23:50:00,6334.7409058,6357.15871974,548049,3,128049,12.5,17350625.0,109911713928.69614,True
10/31/18,2018-10-31 23:50:00,6317.75009974,6344.14401771,548212,3,128212,12.5,17352662.5,109629785240.12956,True
11/1/18,2018-11-01 23:50:00,6375.52621667,6518.42482196,548367,3,128367,12.5,17354600.0,110644707279.82118,True
11/2/18,2018-11-02 23:50:00,6390.638615,6396.83277414,548510,3,128510,12.5,17356387.5,110918400174.4033,True
11/3/18,2018-11-03 23:50:00,6361.25774213,6400.07032535,548670,3,128670,12.5,17358387.5,110421176875.26762,True
11/4/18,2018-11-04 23:50:00,6376.12939278,6385.33782986,548794,3,128794,12.5,17359937.5,110689207750.57375,True
11/5/18,2018-11-05 23:50:00,6427.46426537,6482.28321044,548938,3,128938,12.5,17361737.5,111591947365.98428,True
11/6/18,2018-11-06 23:50:00,6455.27908945,6458.65938325,549066,3,129066,12.5,17363337.5,112085189486.81305,True
11/7/18,2018-11-07 23:50:00,6520.93366356,6550.95394122,549196,3,129196,12.5,17364962.5,113235768532.70702,True
11/8/18,2018-11-08 23:50:00,6457.20299168,6532.68994112,549316,3,129316,12.5,17366462.5,112138773609.89853,True
11/9/18,2018-11-09 23:50:00,6387.24987785,6456.55921281,549443,3,129443,12.5,17368050.0,110934075240.99269,True
11/10/18,2018-11-10 23:50:00,6407.74044747,6436.65083122,549575,3,129575,12.5,17369700.0,111300529250.41965,True
11/11/18,2018-11-11 23:50:00,6408.83301083,6429.30460372,549721,3,129721,12.5,17371525.0,111331202868.4586,True
11/12/18,2018-11-12 23:50:00,6373.10496784,6433.71702733,549860,3,129860,12.5,17373262.5,110721625546.33838,True
11/13/18,2018-11-13 23:50:00,6357.23195512,6393.76425068,549979,3,129979,12.5,17374750.0,110455315912.22122,True
11/14/18,2018-11-14 23:50:00,5722.33950975,6369.50696578,550114,3,130114,12.5,17376437.5,99433874844.9515,True
11/15/18,2018-11-15 23:50:00,5645.59292107,5774.90431715,550241,3,130241,12.5,17378025.0,98109254922.17747,True
11/16/18,2018-11-16 23:50:00,5574.75499615,5663.96385358,550367,3,130367,12.5,17379600.0,96887011931.08853,True
11/17/18,2018-11-17 23:50:00,5554.80989136,5576.12674328,550512,3,130512,12.5,17381412.5,96550442080.80833,True
11/18/18,2018-11-18 23:50:00,5622.02160278,5646.60066459,550634,3,130634,12.5,17382937.5,97727250144.77457,True
11/19/18,2018-11-19 23:50:00,4875.14239003,5618.8594497,550762,3,130762,12.5,17384537.5,84752095697.31616,True
11/20/18,2018-11-20 23:50:00,4415.07400339,4953.55170901,550894,3,130894,12.5,17386187.5,76761304449.31418,True
11/21/18,2018-11-21 23:50:00,4602.16771504,4672.96880531,550999,3,130999,12.5,17387500.0,80020191145.258,True
11/22/18,2018-11-22 23:50:00,4368.73234691,4626.9907727,551121,3,131121,12.5,17389025.0,75967995998.72667,True
11/23/18,2018-11-23 23:50:00,4346.01843265,4395.84731693,551247,3,131247,12.5,17390600.0,75579868154.8431,True
11/24/18,2018-11-24 23:50:00,3883.35938868,4409.13591852,551389,3,131389,12.5,17392375.0,67540842747.69331,True
11/25/18,2018-11-25 23:50:00,4015.13130391,4120.87639889,551516,3,131516,12.5,17393962.5,69839043332.78665,True
11/26/18,2018-11-26 23:50:00,3775.08662841,4108.57505641,551627,3,131627,12.5,17395350.0,65668953181.51189,True
11/27/18,2018-11-27 23:50:00,3813.57141959,3853.34351315,551757,3,131757,12.5,17396975.0,66344606647.32174,True
11/28/18,2018-11-28 23:50:00,4260.82825547,4378.58361532,551876,3,131876,12.5,17398462.5,74131860621.73521,True
11/29/18,2018-11-29 23:50:00,4274.74204089,4414.34460065,551982,3,131982,12.5,17399787.5,74379603128.8023,True
11/30/18,2018-11-30 23:50:00,4016.44911794,4322.82656789,552082,3,132082,12.5,17401037.5,69890381718.11586,True
12/1/18,2018-12-01 23:50:00,4215.68477834,4306.2814005,552207,3,132207,12.5,17402600.0,73363875923.53969,True
12/2/18,2018-12-02 23:50:00,4138.38283552,4301.9388565,552320,3,132320,12.5,17404012.5,72024466599.17552,True
12/3/18,2018-12-03 23:50:00,3892.75933911,4154.38617096,552435,3,132435,12.5,17405450.0,67755228038.91215,True
12/4/18,2018-12-04 23:50:00,3996.74820738,4019.09869212,552572,3,132572,12.5,17407162.5,69572045517.44736,True
12/5/18,2018-12-05 23:50:00,3753.99482663,3996.74820738,552702,3,132702,12.5,17408787.5,65352498212.90101,True
12/6/18,2018-12-06 23:50:00,3521.10172384,3874.96603127,552836,3,132836,12.5,17410462.5,61304009521.60168,True
12/7/18,2018-12-07 23:50:00,3419.93720035,3508.0045026,552952,3,132952,12.5,17411912.5,59547647287.98917,True
12/8/18,2018-12-08 23:50:00,3476.11471452,3506.04339159,553078,3,133078,12.5,17413487.5,60531280129.860085,True
12/9/18,2018-12-09 23:50:00,3616.21025798,3685.30559965,553205,3,133205,12.5,17415075.0,62976572858.49104,True
12/10/18,2018-12-10 23:50:00,3505.47968254,3647.33258231,553329,3,133329,12.5,17416625.0,61053625075.91823,True
12/11/18,2018-12-11 23:50:00,3423.51948812,3511.66598694,553455,3,133455,12.5,17418200.0,59631547147.97179,True
12/12/18,2018-12-12 23:50:00,3481.23667359,3528.75239349,553575,3,133575,12.5,17419700.0,60642098482.93572,True
12/13/18,2018-12-13 23:50:00,3312.00352486,3488.47958155,553706,3,133706,12.5,17421337.5,57699531207.7757,True
12/14/18,2018-12-14 23:50:00,3242.19413359,3330.08146759,553853,3,133853,12.5,17423175.0,56489315773.51195,True
12/15/18,2018-12-15 23:50:00,3237.05708474,3274.51022774,554002,3,134002,12.5,17425037.5,56405841091.235176,True
12/16/18,2018-12-16 23:50:00,3255.22013802,3302.21867544,554115,3,134115,12.5,17426450.0,56726930974.19863,True
12/17/18,2018-12-17 23:50:00,3545.35139009,3597.2928444,554275,3,134275,12.5,17428450.0,61789979434.61407,True
12/18/18,2018-12-18 23:50:00,3695.4306338,3699.43898859,554405,3,134405,12.5,17430075.0,64411633104.43153,True
12/19/18,2018-12-19 23:50:00,3747.42985778,3946.95497666,554553,3,134553,12.5,17431925.0,65324916223.58163,True
12/20/18,2018-12-20 23:50:00,4132.2252904,4194.03065526,554688,3,134688,12.5,17433612.5,72039614475.53357,True
12/21/18,2018-12-21 23:50:00,3894.39321098,4199.53328128,554828,3,134828,12.5,17435362.5,67900157350.97528,True
12/22/18,2018-12-22 23:50:00,4012.16458122,4012.16458122,555001,3,135001,12.5,17437525.0,69962220189.13828,True
12/23/18,2018-12-23 23:50:00,3998.52858546,4083.97597255,555179,3,135179,12.5,17439750.0,69733338898.27603,True
12/24/18,2018-12-24 23:50:00,4080.47896096,4265.66230518,555332,3,135332,12.5,17441662.5,71170336875.415,True
12/25/18,2018-12-25 23:50:00,3815.49060966,4088.26451605,555490,3,135490,12.5,17443637.5,66556035079.563034,True
12/26/18,2018-12-26 23:50:00,3855.93115879,3893.35973112,555646,3,135646,12.5,17445587.5,67268984424.64734,True
12/27/18,2018-12-27 23:50:00,3659.30990152,3870.86598022,555822,3,135822,12.5,17447787.5,63846861558.36689,True
12/28/18,2018-12-28 23:50:00,3926.3291364,3956.05826859,555989,3,135989,12.5,17449875.0,68513952639.03796,True
12/29/18,2018-12-29 23:50:00,3827.77729964,3962.30309449,556127,3,136127,12.5,17451600.0,66800838322.39742,True
12/30/18,2018-12-30 23:50:00,3867.27236149,3901.81909107,556302,3,136302,12.5,17453787.5,67498550002.06965,True
12/31/18,2018-12-31 23:50:00,3741.29679518,3868.57667807,556456,3,136456,12.5,17455712.5,65307001233.833466,True
1/1/19,2019-01-01 23:50:00,3840.95924899,3848.80871678,556607,3,136607,12.5,17457600.0,67053930185.16782,True
1/2/19,2019-01-02 23:50:00,3943.28984335,3947.93550634,556756,3,136756,12.5,17459462.5,68847721146.6002,True
1/3/19,2019-01-03 23:50:00,3836.55804793,3934.74459403,556912,3,136912,12.5,17461412.5,66991722655.1005,True
1/4/19,2019-01-04 23:50:00,3858.23828002,3866.0184931,557059,3,137059,12.5,17463250.0,67377379643.559265,True
1/5/19,2019-01-05 23:50:00,3841.06117029,3903.80359502,557225,3,137225,12.5,17465325.0,67085381683.99519,True
1/6/19,2019-01-06 23:50:00,4076.20331956,4093.55268744,557366,3,137366,12.5,17467087.5,71199400050.54498,True
1/7/19,2019-01-07 23:50:00,4024.46206645,4091.21558979,557504,3,137504,12.5,17468812.5,70302573252.17758,True
1/8/19,2019-01-08 23:50:00,4033.55475363,4111.63648545,557675,3,137675,12.5,17470950.0,70470033422.93205,True
1/9/19,2019-01-09 23:50:00,4035.71294082,4067.6606372,557839,3,137839,12.5,17473000.0,70516012214.94786,True
1/10/19,2019-01-10 23:50:00,3679.79347408,4064.70655197,557993,3,137993,12.5,17474925.0,64304114975.037445,True
1/11/19,2019-01-11 23:50:00,3686.21992857,3710.22878119,558142,3,138142,12.5,17476787.5,64423282369.883064,True
1/12/19,2019-01-12 23:50:00,3660.89928219,3699.34415128,558281,3,138281,12.5,17478525.0,63987119626.239975,True
1/13/19,2019-01-13 23:50:00,3552.00916983,3676.86471307,558418,3,138418,12.5,17480237.5,62089963890.80623,True
1/14/19,2019-01-14 23:50:00,3706.05222041,3727.42343442,558568,3,138568,12.5,17482112.5,64789621848.08241,True
1/15/19,2019-01-15 23:50:00,3629.3994895,3720.15341533,558700,3,138700,12.5,17483762.5,63455558692.039246,True
1/16/19,2019-01-16 23:50:00,3656.46477524,3684.64031239,558833,3,138833,12.5,17485425.0,63934840592.600876,True
1/17/19,2019-01-17 23:50:00,3679.8126213,3680.68262016,558960,3,138960,12.5,17487012.5,64348929306.330864,True
1/18/19,2019-01-18 23:50:00,3653.6664613,3682.18871858,559097,3,139097,12.5,17488725.0,63897967983.39884,True
1/19/19,2019-01-19 23:50:00,3729.0822985,3758.62630665,559229,3,139229,12.5,17490375.0,65223047806.62694,True
1/20/19,2019-01-20 23:50:00,3602.94669388,3742.51521075,559386,3,139386,12.5,17492337.5,63023959563.85815,True
1/21/19,2019-01-21 23:50:00,3577.02585978,3609.0617849,559536,3,139536,12.5,17494212.5,62577250508.98652,True
1/22/19,2019-01-22 23:50:00,3605.04565371,3622.6047046,559667,3,139667,12.5,17495850.0,63073338000.462105,True
1/23/19,2019-01-23 23:50:00,3585.12306636,3623.06775216,559814,3,139814,12.5,17497687.5,62731363064.20904,True
1/24/19,2019-01-24 23:50:00,3605.01000288,3616.08741447,559976,3,139976,12.5,17499712.5,63086638610.02417,True
1/25/19,2019-01-25 23:50:00,3602.06803677,3612.92766233,560112,3,140112,12.5,17501412.5,63041278564.57694,True
1/26/19,2019-01-26 23:50:00,3601.75215591,3655.21899363,560262,3,140262,12.5,17503287.5,63042503488.63756,True
1/27/19,2019-01-27 23:50:00,3586.69221638,3612.63095152,560398,3,140398,12.5,17504987.5,62785002414.07919,True
1/28/19,2019-01-28 23:50:00,3472.33980503,3586.75087826,560545,3,140545,12.5,17506825.0,60789645307.194336,True
1/29/19,2019-01-29 23:50:00,3447.03376969,3476.06536415,560691,3,140691,12.5,17508650.0,60352907811.68282,True
1/30/19,2019-01-30 23:50:00,3485.3190571,3494.92723364,560827,3,140827,12.5,17510350.0,61029156551.49098,True
1/31/19,2019-01-31 23:50:00,3457.19185903,3505.9248455,560983,3,140983,12.5,17512300.0,60543380992.891075,True
2/1/19,2019-02-01 23:50:00,3488.65467674,3501.98110478,561140,3,141140,12.5,17514262.5,61101213780.27701,True
2/2/19,2019-02-02 23:50:00,3526.76852089,3526.76852089,561284,3,141284,12.5,17516062.5,61775097834.9418,True
2/3/19,2019-02-03 23:50:00,3461.49672071,3520.14270577,561423,3,141423,12.5,17517800.0,60637807254.053635,True
2/4/19,2019-02-04 23:50:00,3456.78537352,3475.92922207,561570,3,141570,12.5,17519637.5,60561626659.3725,True
2/5/19,2019-02-05 23:50:00,3460.72479577,3473.66805205,561714,3,141714,12.5,17521437.5,60636873213.784325,True
2/6/19,2019-02-06 23:50:00,3412.83264537,3472.19827101,561879,3,141879,12.5,17523500.0,59804772861.1412,True
2/7/19,2019-02-07 23:50:00,3400.6012536,3427.60092557,562054,3,142054,12.5,17525687.5,59597874882.70185,True
2/8/19,2019-02-08 23:50:00,3661.6593387,3691.24966902,562217,3,142217,12.5,17527725.0,64180557932.41545,True
2/9/19,2019-02-09 23:50:00,3671.81055872,3681.89123823,562367,3,142367,12.5,17529600.0,64365370370.13811,True
2/10/19,2019-02-10 23:50:00,3684.24956988,3692.7682917,562507,3,142507,12.5,17531350.0,64589868696.91573,True
2/11/19,2019-02-11 23:50:00,3648.09335231,3696.26034651,562650,3,142650,12.5,17533137.5,63962522358.88717,True
2/12/19,2019-02-12 23:50:00,3653.99110555,3668.78847548,562780,3,142780,12.5,17534762.5,64071866212.93169,True
2/13/19,2019-02-13 23:50:00,3631.34329385,3666.49021011,562933,3,142933,12.5,17536675.0,63681687157.67695,True
2/14/19,2019-02-14 23:50:00,3616.36968624,3651.18916666,563075,3,143075,12.5,17538450.0,63425518923.63593,True
2/15/19,2019-02-15 23:50:00,3623.22451873,3645.90499755,563201,3,143201,12.5,17540025.0,63551448639.13717,True
2/16/19,2019-02-16 23:50:00,3631.0060736,3652.38012107,563351,3,143351,12.5,17541900.0,63694745442.48384,True
2/17/19,2019-02-17 23:50:00,3677.11835448,3680.4396099,563510,3,143510,12.5,17543887.5,64510950735.18224,True
2/18/19,2019-02-18 23:50:00,3915.15393,3934.18626798,563664,3,143664,12.5,17545812.5,68694556764.41812,True
2/19/19,2019-02-19 23:50:00,3946.15354458,4012.35796818,563820,3,143820,12.5,17547762.5,69246165188.823,True
2/20/19,2019-02-20 23:50:00,3996.90234514,3999.30892369,563949,3,143949,12.5,17549375.0,70143138093.24129,True
2/21/19,2019-02-21 23:50:00,3952.2103642,4009.72389708,564070,3,144070,12.5,17550887.5,69364799478.40823,True
2/22/19,2019-02-22 23:50:00,4002.2913313,4007.84990644,564231,3,144231,12.5,17552900.0,70251819509.17577,True
2/23/19,2019-02-23 23:50:00,4145.9880905,4164.82347021,564376,3,144376,12.5,17554712.5,72781628957.15147,True
2/24/19,2019-02-24 23:50:00,3814.93757504,4208.99921058,564513,3,144513,12.5,17556425.0,66976665415.87163,True
2/25/19,2019-02-25 23:50:00,3884.93555836,3914.82976984,564656,3,144656,12.5,17558212.5,68212524082.49103,True
2/26/19,2019-02-26 23:50:00,3857.56107734,3889.47939978,564816,3,144816,12.5,17560212.5,67739592249.819336,True
2/27/19,2019-02-27 23:50:00,3851.0235527,3887.79927147,564956,3,144956,12.5,17561962.5,67631531219.13417,True
2/28/19,2019-02-28 23:50:00,3855.67378101,3905.96763977,565107,3,145107,12.5,17563850.0,67720475938.59248,True
3/1/19,2019-03-01 23:50:00,3861.87069318,3906.18945398,565270,3,145270,12.5,17565887.5,67837186135.9469,True
3/2/19,2019-03-02 23:50:00,3867.57418178,3876.5951277,565402,3,145402,12.5,17567537.5,67943754472.451965,True
3/3/19,2019-03-03 23:50:00,3845.59431118,3874.44909088,565547,3,145547,12.5,17569350.0,67564592411.13033,True
3/4/19,2019-03-04 23:50:00,3761.00685915,3866.49878191,565684,3,145684,12.5,17571062.5,66084886585.053345,True
3/5/19,2019-03-05 23:50:00,3894.06747372,3903.59224645,565832,3,145832,12.5,17572912.5,68430106984.77761,True
3/6/19,2019-03-06 23:50:00,3905.40722269,3909.36755859,565960,3,145960,12.5,17574512.5,68635628052.755684,True
3/7/19,2019-03-07 23:50:00,3911.06208338,3938.55935733,566103,3,146103,12.5,17576300.0,68742000496.1119,True
3/8/19,2019-03-08 23:50:00,3898.25616475,3949.89129343,566247,3,146247,12.5,17578100.0,68523936689.59198,True
3/9/19,2019-03-09 23:50:00,3960.96525724,3988.72867614,566388,3,146388,12.5,17579862.5,69633224589.55634,True
3/10/19,2019-03-10 23:50:00,3953.83492806,3964.45648768,566524,3,146524,12.5,17581562.5,69514595902.36989,True
3/11/19,2019-03-11 23:50:00,3906.12986299,3965.85770787,566666,3,146666,12.5,17583337.5,68682799699.78194,True
3/12/19,2019-03-12 23:50:00,3911.29620526,3924.6504577,566809,3,146809,12.5,17585125.0,68780632681.52277,True
3/13/19,2019-03-13 23:50:00,3906.54189115,3924.24811616,566944,3,146944,12.5,17586812.5,68703619763.05046,True
3/14/19,2019-03-14 23:50:00,3913.51736755,3937.76615871,567098,3,147098,12.5,17588737.5,68833829679.52797,True
3/15/19,2019-03-15 23:50:00,3958.66898443,3968.30116294,567251,3,147251,12.5,17590650.0,69635560570.96358,True
3/16/19,2019-03-16 23:50:00,4048.90849948,4078.22044851,567415,3,147415,12.5,17592700.0,71231232558.8018,True
3/17/19,2019-03-17 23:50:00,4028.84888287,4053.65936541,567560,3,147560,12.5,17594512.5,70885632030.26726,True
3/18/19,2019-03-18 23:50:00,4034.67408291,4068.63445645,567722,3,147722,12.5,17596537.5,70996293800.20392,True
3/19/19,2019-03-19 23:50:00,4070.48878613,4080.12432984,567896,3,147896,12.5,17598712.5,71635361881.57585,True
3/20/19,2019-03-20 23:50:00,4086.37824344,4089.21751367,568054,3,148054,12.5,17600687.5,71923066469.58636,True
3/21/19,2019-03-21 23:50:00,4031.48944687,4094.16537537,568199,3,148199,12.5,17602500.0,70964292988.52917,True
3/22/19,2019-03-22 23:50:00,4023.91043451,4052.58345662,568360,3,148360,12.5,17604512.5,70838981543.21173,True
3/23/19,2019-03-23 23:50:00,4036.5766927,4049.46630259,568505,3,148505,12.5,17606325.0,71069281139.10133,True
3/24/19,2019-03-24 23:50:00,4018.86969869,4039.07966151,568654,3,148654,12.5,17608187.5,70765011192.60202,True
3/25/19,2019-03-25 23:50:00,3963.78397879,4036.40995734,568803,3,148803,12.5,17610050.0,69802434055.69084,True
3/26/19,2019-03-26 23:50:00,3985.08080287,3985.08080287,568937,3,148937,12.5,17611725.0,70184147202.92564,True
3/27/19,2019-03-27 23:50:00,4086.67786266,4086.67786266,569087,3,149087,12.5,17613600.0,71981109201.74817,True
3/28/19,2019-03-28 23:50:00,4069.10714977,4091.46949201,569232,3,149232,12.5,17615412.5,71679000949.89783,True
3/29/19,2019-03-29 23:50:00,4098.37454059,4112.76517898,569379,3,149379,12.5,17617250.0,72202088875.20918,True
3/30/19,2019-03-30 23:50:00,4096.91963725,4275.14267389,569518,3,149518,12.5,17618987.5,72183575877.21228,True
3/31/19,2019-03-31 23:50:00,4104.234233128829,4114.398019323669,569658,3,149658,12.5,17620737.5,72319634060.4769,True
4/1/19,2019-04-01 23:50:00,4157.46569937,4164.95332383,569793,3,149793,12.5,17622425.0,73264627477.22037,True
4/2/19,2019-04-02 23:50:00,4886.74969679,4902.06297099,569951,3,149951,12.5,17624400.0,86126031356.10567,True
4/3/19,2019-04-03 23:50:00,4971.30774104,5300.50937204,570093,3,150093,12.5,17626175.0,87625140222.42572,True
4/4/19,2019-04-04 23:50:00,4922.79878778,5060.3638888,570233,3,150233,12.5,17627925.0,86778727821.07675,True
4/5/19,2019-04-05 23:50:00,5036.79302365,5050.37932888,570390,3,150390,12.5,17629887.5,88798094367.73433,True
4/6/19,2019-04-06 23:50:00,5062.79376134,5200.70062812,570528,3,150528,12.5,17631612.5,89265217767.36436,True
4/7/19,2019-04-07 23:50:00,5198.89699014,5235.1864351,570671,3,150671,12.5,17633400.0,91674230185.93466,True
4/8/19,2019-04-08 23:50:00,5289.91798137,5316.7714829,570818,3,150818,12.5,17635237.5,93288959956.98053,True
4/9/19,2019-04-09 23:50:00,5204.95837847,5275.8127558,570951,3,150951,12.5,17636900.0,91799330425.23753,True
4/10/19,2019-04-10 23:50:00,5325.08155529,5416.6265142,571099,3,151099,12.5,17638750.0,93927782283.37149,True
4/11/19,2019-04-11 23:50:00,5064.48767243,5346.67548594,571256,3,151256,12.5,17640712.5,89341170989.1318,True
4/12/19,2019-04-12 23:50:00,5088.84997329,5102.39650934,571406,3,151406,12.5,17642587.5,89780480928.1415,True
4/13/19,2019-04-13 23:50:00,5096.58656276,5122.71356766,571541,3,151541,12.5,17644275.0,89925574874.6422,True
4/14/19,2019-04-14 23:50:00,5167.32198286,5183.95305168,571664,3,151664,12.5,17645812.5,91181594836.67578,True
4/15/19,2019-04-15 23:50:00,5066.18715458,5196.28645035,571806,3,151806,12.5,17647587.5,89405981101.82658,True
4/16/19,2019-04-16 23:50:00,5237.59520905,5237.74285927,571954,3,151954,12.5,17649437.5,92440609292.42741,True
4/17/19,2019-04-17 23:50:00,5251.66380021,5273.0670238,572089,3,152089,12.5,17651125.0,92697774195.48174,True
4/18/19,2019-04-18 23:50:00,5299.16459453,5318.48056708,572240,3,152240,12.5,17653012.5,93546218826.79552,True
4/19/19,2019-04-19 23:50:00,5305.45513705,5329.7007129,572392,3,152392,12.5,17654912.5,93667346217.29326,True
4/20/19,2019-04-20 23:50:00,5337.37851834,5357.37276354,572524,3,152524,12.5,17656562.5,94239757395.2276,True
4/21/19,2019-04-21 23:50:00,5314.5314532,5357.88973807,572685,3,152685,12.5,17658575.0,93847052256.1912,True
4/22/19,2019-04-22 23:50:00,5399.71139699,5421.54208889,572820,3,152820,12.5,17660262.5,95360320695.08511,True
4/23/19,2019-04-23 23:50:00,5571.97722679,5631.96101599,572935,3,152935,12.5,17661700.0,98410590186.39694,True
4/24/19,2019-04-24 23:50:00,5464.86664182,5639.38835358,573099,3,153099,12.5,17663750.0,96530038144.44803,True
4/25/19,2019-04-25 23:50:00,5210.59362141,5541.70354071,573241,3,153241,12.5,17665525.0,92047871883.85889,True
4/26/19,2019-04-26 23:50:00,5280.61484521,5378.49449687,573392,3,153392,12.5,17667412.5,93294800723.94872,True
4/27/19,2019-04-27 23:50:00,5266.45814395,5308.98011681,573530,3,153530,12.5,17669137.5,93053773083.44734,True
4/28/19,2019-04-28 23:50:00,5285.13900822,5325.71660604,573691,3,153691,12.5,17671150.0,93394484185.10684,True
4/29/19,2019-04-29 23:50:00,5248.20427091,5309.15002383,573855,3,153855,12.5,17673200.0,92752563720.6466,True
4/30/19,2019-04-30 23:50:00,5350.03250117,5361.01948802,573995,3,153995,12.5,17674950.0,94561556956.55469,True
5/1/19,2019-05-01 23:50:00,5401.02963619,5412.79691988,574167,3,154167,12.5,17677100.0,95474540981.89426,True
5/2/19,2019-05-02 23:50:00,5505.28367176,5519.91471336,574351,3,154351,12.5,17679400.0,97330112146.51375,True
5/3/19,2019-05-03 23:50:00,5768.28940693,5864.90226901,574499,3,154499,12.5,17681250.0,101990567076.28107,True
5/4/19,2019-05-04 23:50:00,5829.93903031,5877.65851274,574632,3,154632,12.5,17682912.5,103090301753.30658,True
5/5/19,2019-05-05 23:50:00,5790.99875859,5828.43394308,574764,3,154764,12.5,17684562.5,102411279483.70726,True
5/6/19,2019-05-06 23:50:00,5750.26065528,5799.5167969,574914,3,154914,12.5,17686437.5,101701625688.31876,True
5/7/19,2019-05-07 23:50:00,5843.49506628,5985.19505225,575042,3,155042,12.5,17688037.5,103359959863.42563,True
5/8/19,2019-05-08 23:50:00,5983.76061268,5988.61297939,575192,3,155192,12.5,17689912.5,105852201659.2556,True
5/9/19,2019-05-09 23:50:00,6174.13234808,6180.72171212,575344,3,155344,12.5,17691812.5,109231591852.41609,True
5/10/19,2019-05-10 23:50:00,6379.29211794,6432.95467609,575468,3,155468,12.5,17693362.5,112871127936.10518,True
5/11/19,2019-05-11 23:50:00,7212.29317912,7324.37506688,575598,3,155598,12.5,17694987.5,127621437650.86366,True
5/12/19,2019-05-12 23:50:00,6972.37152291,7500.80113121,575756,3,155756,12.5,17696962.5,123389797377.00616,True
5/13/19,2019-05-13 23:50:00,7807.13438133,8046.54440782,575924,3,155924,12.5,17699062.5,138178959361.0585,True
5/14/19,2019-05-14 23:50:00,7994.41615632,8233.66002369,576076,3,156076,12.5,17700962.5,141508860592.41446,True
5/15/19,2019-05-15 23:50:00,8205.16749484,8205.16749484,576223,3,156223,12.5,17702800.0,145254439127.65353,True
5/16/19,2019-05-16 23:50:00,7883.39290525,8315.19207622,576371,3,156371,12.5,17704650.0,139572712199.93442,True
5/17/19,2019-05-17 23:50:00,7332.33362812,7923.23858029,576520,3,156520,12.5,17706512.5,129830057040.47713,True
5/18/19,2019-05-18 23:50:00,7272.8703646,7440.0157385,576674,3,156674,12.5,17708437.5,128791170297.12132,True
5/19/19,2019-05-19 23:50:00,8197.08154991,8245.25691177,576838,3,156838,12.5,17710487.5,145174310326.16168,True
5/20/19,2019-05-20 23:50:00,7977.28172834,8126.60487476,576999,3,156999,12.5,17712500.0,141297602613.22226,True
5/21/19,2019-05-21 23:50:00,7964.08716828,8051.84621995,577151,3,157151,12.5,17714400.0,141079025733.77924,True
5/22/19,2019-05-22 23:50:00,7684.84214611,7997.37966132,577319,3,157319,12.5,17716500.0,136148505881.55782,True
5/23/19,2019-05-23 23:50:00,7881.84672105,7943.79138993,577475,3,157475,12.5,17718450.0,139654107034.58838,True
5/24/19,2019-05-24 23:50:00,7987.37156583,8140.71991773,577628,3,157628,12.5,17720362.5,141539119568.7002,True
5/25/19,2019-05-25 23:50:00,8052.54385907,8108.45896278,577769,3,157769,12.5,17722125.0,142708188838.42093,True
5/26/19,2019-05-26 23:50:00,8674.07240318,8681.87849893,577935,3,157935,12.5,17724200.0,153740994088.44296,True
5/27/19,2019-05-27 23:50:00,8802.75819975,8891.88349695,578102,3,158102,12.5,17726287.5,156040222641.75092,True
5/28/19,2019-05-28 23:50:00,8719.9617362,8796.02363677,578264,3,158264,12.5,17728312.5,154590206647.39618,True
5/29/19,2019-05-29 23:50:00,8658.62021569,8749.76851277,578439,3,158439,12.5,17730500.0,153521665734.29153,True
5/30/19,2019-05-30 23:50:00,8313.21305379,8993.01257355,578599,3,158599,12.5,17732500.0,147414050476.33118,True
5/31/19,2019-05-31 23:50:00,8584.03749936,8584.03749936,578716,3,158716,12.5,17733962.5,152228999112.24402,True
6/1/19,2019-06-01 23:50:00,8567.49579932,8621.06239545,578868,3,158868,12.5,17735862.5,151951927466.0671,True
6/2/19,2019-06-02 23:50:00,8744.99858488,8803.73944633,578998,3,158998,12.5,17737487.5,155114303086.8267,True
6/3/19,2019-06-03 23:50:00,8214.54501611,8734.42492278,579118,3,159118,12.5,17738987.5,145717711358.9626,True
6/4/19,2019-06-04 23:50:00,7694.79046347,8120.09950458,579271,3,159271,12.5,17740900.0,136512508133.37492,True
6/5/19,2019-06-05 23:50:00,7820.49742937,7897.75079092,579432,3,159432,12.5,17742912.5,138758401595.78683,True
6/6/19,2019-06-06 23:50:00,7823.96826187,7931.28679692,579588,3,159588,12.5,17744862.5,138835241011.24713,True
6/7/19,2019-06-07 23:50:00,8042.62455272,8123.30740232,579747,3,159747,12.5,17746850.0,142731251543.43893,True
6/8/19,2019-06-08 23:50:00,7941.75919036,8067.4296087,579869,3,159869,12.5,17748375.0,140953320270.20566,True
6/9/19,2019-06-09 23:50:00,7686.70517038,7967.34286405,580017,3,160017,12.5,17750225.0,136440746282.90833,True
6/10/19,2019-06-10 23:50:00,7994.91667422,8013.17361031,580174,3,160174,12.5,17752187.5,141927259847.62985,True
6/11/19,2019-06-11 23:50:00,7923.19557195,8020.39260619,580318,3,160318,12.5,17753987.5,140668315144.45566,True
6/12/19,2019-06-12 23:50:00,8139.61233897,8190.93001558,580449,3,160449,12.5,17755625.0,144523904336.1242,True
6/13/19,2019-06-13 23:50:00,8226.39499438,8306.94199168,580596,3,160596,12.5,17757462.5,146079900622.89056,True
6/14/19,2019-06-14 23:50:00,8690.3978563,8704.50956439,580769,3,160769,12.5,17759625.0,154338207028.6919,True
6/15/19,2019-06-15 23:50:00,8839.69426128,8856.9998461,580913,3,160913,12.5,17761425.0,157005566644.65512,True
6/16/19,2019-06-16 23:50:00,8993.51985508,9335.86694232,581043,3,161043,12.5,17763050.0,159752342861.77878,True
6/17/19,2019-06-17 23:50:00,9323.18877291,9393.19152834,581176,3,161176,12.5,17764712.5,165623768133.97394,True
6/18/19,2019-06-18 23:50:00,9070.351716,9348.37442796,581341,3,161341,12.5,17766775.0,161150898109.0359,True
6/19/19,2019-06-19 23:50:00,9276.77182364,9283.08697136,581517,3,161517,12.5,17768975.0,164838726614.96356,True
6/20/19,2019-06-20 23:50:00,9527.85336616,9581.51885427,581659,3,161659,12.5,17770750.0,169317100206.6878,True
6/21/19,2019-06-21 23:50:00,10118.5985274,10118.5985274,581793,3,161793,12.5,17772425.0,179832033433.32693,True
6/22/19,2019-06-22 23:50:00,10694.29348,11144.2634477,581936,3,161936,12.5,17774212.5,190082644850.8845,True
6/23/19,2019-06-23 23:50:00,10842.5148341,11211.8250971,582115,3,162115,12.5,17776450.0,192741422822.63696,True
6/24/19,2019-06-24 23:50:00,11006.9875879,11057.3667189,582292,3,162292,12.5,17778662.5,195689517466.96317,True
6/25/19,2019-06-25 23:50:00,11784.6041669,11784.6041669,582437,3,162437,12.5,17780475.0,209535859774.46127,True
6/26/19,2019-06-26 23:50:00,13003.3251831,13796.4890807,582605,3,162605,12.5,17782575.0,231232605317.86447,True
6/27/19,2019-06-27 23:50:00,11151.3707985,13289.4532541,582747,3,162747,12.5,17784350.0,198319881260.30347,True
6/28/19,2019-06-28 23:50:00,12392.3293102,12433.3237081,582909,3,162909,12.5,17786375.0,220414616234.70853,True
6/29/19,2019-06-29 23:50:00,11958.9651413,12389.0985212,583084,3,163084,12.5,17788562.5,212732798851.33636,True
6/30/19,2019-06-30 23:50:00,10817.5692473,12154.4380432,583235,3,163235,12.5,17790450.0,192449424815.6283,True
7/1/19,2019-07-01 23:50:00,10590.7580719,11206.4398606,583378,3,163378,12.5,17792237.5,188433282920.28687,True
7/2/19,2019-07-02 23:50:00,10810.4966905,10912.1886159,583532,3,163532,12.5,17794162.5,192363734816.4692,True
7/3/19,2019-07-03 23:50:00,11953.3879742,11953.3879742,583708,3,163708,12.5,17796362.5,212726825492.00388,True
7/4/19,2019-07-04 23:50:00,11212.6101976,11993.841439,583875,3,163875,12.5,17798450.0,199567081971.47372,True
7/5/19,2019-07-05 23:50:00,10984.1057812,11379.4828034,584059,3,164059,12.5,17800750.0,195525320984.6959,True
7/6/19,2019-07-06 23:50:00,11209.2110757,11605.0549147,584242,3,164242,12.5,17803037.5,199558005126.10242,True
7/7/19,2019-07-07 23:50:00,11451.3503881,11538.7378548,584396,3,164396,12.5,17804962.5,203890864234.48093,True
7/8/19,2019-07-08 23:50:00,12285.7323738,12339.1233071,584574,3,164574,12.5,17807187.5,218774339955.0767,True
7/9/19,2019-07-09 23:50:00,12560.6272457,12742.997343,584726,3,164726,12.5,17809087.5,223693309673.5553,True
7/10/19,2019-07-10 23:50:00,12152.5890505,13115.9797168,584855,3,164855,12.5,17810700.0,216446117801.74036,True
7/11/19,2019-07-11 23:50:00,11345.7367321,12067.4093483,584986,3,164986,12.5,17812337.5,202094091858.3123,True
7/12/19,2019-07-12 23:50:00,11816.4282932,11894.0245083,585149,3,165149,12.5,17814375.0,210502284775.67477,True
7/13/19,2019-07-13 23:50:00,11373.0446962,11841.9572004,585291,3,165291,12.5,17816150.0,202623870264.20364,True
7/14/19,2019-07-14 23:50:00,10258.343575,11446.9989729,585435,3,165435,12.5,17817950.0,182782652902.17126,True
7/15/19,2019-07-15 23:50:00,10902.4940933,11033.6841627,585581,3,165581,12.5,17819775.0,194279991681.435,True
7/16/19,2019-07-16 23:50:00,9493.31755974,10991.7888063,585743,3,165743,12.5,17821800.0,169188006886.17435,True
7/17/19,2019-07-17 23:50:00,9694.45068639,9957.70561585,585877,3,165877,12.5,17823475.0,172788799447.605,True
7/18/19,2019-07-18 23:50:00,10663.3319664,10720.3062517,585998,3,165998,12.5,17824987.5,190073759009.43042,True
7/19/19,2019-07-19 23:50:00,10533.9668428,10715.8369185,586115,3,166115,12.5,17826450.0,187783233224.83206,True
7/20/19,2019-07-20 23:50:00,10770.4048064,11027.4518975,586292,3,166292,12.5,17828662.5,192021912281.68344,True
7/21/19,2019-07-21 23:50:00,10598.6005555,10826.8218342,586441,3,166441,12.5,17830525.0,188978612169.85663,True
7/22/19,2019-07-22 23:50:00,10339.5348432,10645.003855,586599,3,166599,12.5,17832500.0,184379755091.36398,True
7/23/19,2019-07-23 23:50:00,9900.10969969,10333.9270335,586740,3,166740,12.5,17834262.5,176561155163.06763,True
7/24/19,2019-07-24 23:50:00,9821.99302633,9900.58745142,586881,3,166881,12.5,17836025.0,175185313167.44754,True
7/25/19,2019-07-25 23:50:00,9912.80914244,10151.0985387,587031,3,167031,12.5,17837900.0,176823698201.93048,True
7/26/19,2019-07-26 23:50:00,9872.51472048,9900.93439594,587197,3,167197,12.5,17839975.0,176125415800.49518,True
7/27/19,2019-07-27 23:50:00,9457.60326361,10156.3205411,587349,3,167349,12.5,17841875.0,168741375228.9217,True
7/28/19,2019-07-28 23:50:00,9555.36758424,9574.96566056,587524,3,167524,12.5,17844062.5,170506576383.6526,True
7/29/19,2019-07-29 23:50:00,9521.49191299,9680.25329798,587693,3,167693,12.5,17846175.0,169922210940.30432,True
7/30/19,2019-07-30 23:50:00,9604.74200395,9695.20267607,587833,3,167833,12.5,17847925.0,171424714930.8493,True
7/31/19,2019-07-31 23:50:00,10085.6277491,10085.6277491,588004,3,168004,12.5,17850062.5,180029085673.1693,True
8/1/19,2019-08-01 23:50:00,10399.6694229,10441.3250371,588146,3,168146,12.5,17851837.5,185653208591.3296,True
8/2/19,2019-08-02 23:50:00,10518.1746772,10654.4353677,588316,3,168316,12.5,17853962.5,187791096255.1784,True
8/3/19,2019-08-03 23:50:00,10821.7265103,10915.8810228,588488,3,168488,12.5,17856112.5,193233966012.14923,True
8/4/19,2019-08-04 23:50:00,10970.1842157,10993.1865053,588655,3,168655,12.5,17858200.0,195907743760.81372,True
8/5/19,2019-08-05 23:50:00,11805.6537253,11895.0919275,588798,3,168798,12.5,17859987.5,210848827963.18643,True
8/6/19,2019-08-06 23:50:00,11478.1693461,12266.962672,588961,3,168961,12.5,17862025.0,205023347814.27185,True
8/7/19,2019-08-07 23:50:00,11941.9683406,12033.1002116,589114,3,169114,12.5,17863937.5,213330576063.45712,True
8/8/19,2019-08-08 23:50:00,11966.407405,11966.407405,589254,3,169254,12.5,17865687.5,213788095195.41592,True
8/9/19,2019-08-09 23:50:00,11862.93676,11958.2347733,589401,3,169401,12.5,17867525.0,211961319132.719,True
8/10/19,2019-08-10 23:50:00,11354.0242177,11911.6257742,589554,3,169554,12.5,17869437.5,202890026131.67654,True
8/11/19,2019-08-11 23:50:00,11523.5793784,11523.5793784,589705,3,169705,12.5,17871325.0,205941632234.6844,True
8/12/19,2019-08-12 23:50:00,11382.6159562,11501.6122652,589839,3,169839,12.5,17873000.0,203441494985.1626,True
8/13/19,2019-08-13 23:50:00,10895.8304358,11412.1566508,589997,3,169997,12.5,17874975.0,194762696644.16412,True
8/14/19,2019-08-14 23:50:00,10038.4217089,10871.5455917,590148,3,170148,12.5,17876862.5,179455484607.02032,True
8/15/19,2019-08-15 23:50:00,10311.545429,10427.0448045,590301,3,170301,12.5,17878775.0,184357800627.36948,True
8/16/19,2019-08-16 23:50:00,10374.3393471,10514.4173067,590452,3,170452,12.5,17880662.5,185500060525.96545,True
8/17/19,2019-08-17 23:50:00,10231.7438454,10446.9791859,590581,3,170581,12.5,17882275.0,182966857173.0003,True
8/18/19,2019-08-18 23:50:00,10345.8103795,10486.3576452,590707,3,170707,12.5,17883850.0,185022920955.42108,True
8/19/19,2019-08-19 23:50:00,10916.0538702,10916.0538702,590870,3,170870,12.5,17885887.5,195243311466.3368,True
8/20/19,2019-08-20 23:50:00,10763.2326304,10923.3419569,591022,3,171022,12.5,17887787.5,192530418105.66122,True
8/21/19,2019-08-21 23:50:00,10138.049355,10794.0432202,591159,3,171159,12.5,17889500.0,181364633936.2725,True
8/22/19,2019-08-22 23:50:00,10131.0561021,10218.1865525,591298,3,171298,12.5,17891237.5,181257130848.49533,True
8/23/19,2019-08-23 23:50:00,10407.965329,10434.944628,591452,3,171452,12.5,17893162.5,186231414926.16296,True
8/24/19,2019-08-24 23:50:00,10159.9605385,10416.3479942,591608,3,171608,12.5,17895112.5,181813636832.01807,True
8/25/19,2019-08-25 23:50:00,10138.517665,10286.1897322,591768,3,171768,12.5,17897112.5,181450191233.7423,True
8/26/19,2019-08-26 23:50:00,10372.8263035,10502.6182539,591905,3,171905,12.5,17898825.0,185661402761.74338,True
8/27/19,2019-08-27 23:50:00,10185.4998997,10368.3036484,592039,3,172039,12.5,17900500.0,182325540954.57986,True
8/28/19,2019-08-28 23:50:00,9756.78570735,10264.8612169,592190,3,172190,12.5,17902387.5,174669758487.44128,True
8/29/19,2019-08-29 23:50:00,9510.20054413,9738.65227882,592355,3,172355,12.5,17904450.0,170274910132.3484,True
8/30/19,2019-08-30 23:50:00,9598.17364826,9648.12725383,592515,3,172515,12.5,17906450.0,171869216523.88528,True
8/31/19,2019-08-31 23:50:00,9630.59319616,9670.47585635,592679,3,172679,12.5,17908500.0,172469478253.43137,True
9/1/19,2019-09-01 23:50:00,9757.97031807,9792.10569453,592823,3,172823,12.5,17910300.0,174768175787.72913,True
9/2/19,2019-09-02 23:50:00,10346.7607927,10390.0685686,592974,3,172974,12.5,17912187.5,185333119336.49106,True
9/3/19,2019-09-03 23:50:00,10623.5401172,10731.4103123,593137,3,173137,12.5,17914225.0,190312487956.04718,True
9/4/19,2019-09-04 23:50:00,10594.4933536,10753.3435434,593272,3,173272,12.5,17915912.5,189810015904.92917,True
9/5/19,2019-09-05 23:50:00,10575.533284,10623.7370693,593439,3,173439,12.5,17918000.0,189492405382.71198,True
9/6/19,2019-09-06 23:50:00,10353.3025592,10898.7621803,593595,3,173595,12.5,17919950.0,185530664195.73602,True
9/7/19,2019-09-07 23:50:00,10517.254784,10556.5916433,593746,3,173746,12.5,17921837.5,188488531184.94562,True
9/8/19,2019-09-08 23:50:00,10441.275979,10585.0662642,593924,3,173924,12.5,17924062.5,187150083227.3447,True
9/9/19,2019-09-09 23:50:00,10334.9741628,10446.3268278,594070,3,174070,12.5,17925887.5,185263584157.75946,True
9/10/19,2019-09-10 23:50:00,10115.9757913,10389.4804024,594251,3,174251,12.5,17928150.0,181360731382.79507,True
9/11/19,2019-09-11 23:50:00,10178.3718893,10211.7209942,594435,3,174435,12.5,17930450.0,182502788242.4992,True
9/12/19,2019-09-12 23:50:00,10410.1268031,10442.2538742,594593,3,174593,12.5,17932425.0,186678818137.0805,True
9/13/19,2019-09-13 23:50:00,10360.5472773,10438.3805574,594743,3,174743,12.5,17934300.0,185809163035.2814,True
9/14/19,2019-09-14 23:50:00,10358.0491621,10418.023018,594897,3,174897,12.5,17936225.0,185784300332.48706,True
9/15/19,2019-09-15 23:50:00,10347.7129074,10386.944071,595046,3,175046,12.5,17938087.5,185618179557.82062,True
9/16/19,2019-09-16 23:50:00,10276.7935649,10383.5703773,595209,3,175209,12.5,17940125.0,184366961153.5016,True
9/17/19,2019-09-17 23:50:00,10241.2721545,10289.3161948,595356,3,175356,12.5,17941962.5,183748520948.33322,True
9/18/19,2019-09-18 23:50:00,10198.2484072,10273.3242642,595531,3,175531,12.5,17944150.0,182998899156.0579,True
9/19/19,2019-09-19 23:50:00,10266.4149694,10295.6689895,595678,3,175678,12.5,17945987.5,184240954710.66528,True
9/20/19,2019-09-20 23:50:00,10181.6413094,10277.8158407,595830,3,175830,12.5,17947887.5,182738952786.4639,True
9/21/19,2019-09-21 23:50:00,10019.7169101,10183.7335133,595994,3,175994,12.5,17949937.5,179853292303.98813,True
9/22/19,2019-09-22 23:50:00,10070.3921064,10073.8759643,596162,3,176162,12.5,17952037.5,180784056733.7968,True
9/23/19,2019-09-23 23:50:00,9729.32376435,10066.5529234,596272,3,176272,12.5,17953412.5,174674562887.42834,True
9/24/19,2019-09-24 23:50:00,8620.56642733,9802.17705014,596432,3,176432,12.5,17955412.5,154785826186.36145,True
9/25/19,2019-09-25 23:50:00,8486.99297206,8731.29507465,596588,3,176588,12.5,17957362.5,152404009334.2338,True
9/26/19,2019-09-26 23:50:00,8118.96756783,8494.95416869,596759,3,176759,12.5,17959500.0,145812598034.44287,True
9/27/19,2019-09-27 23:50:00,8251.84555744,8265.75775383,596891,3,176891,12.5,17961150.0,148212635834.01346,True
9/28/19,2019-09-28 23:50:00,8245.91515478,8279.83691558,597051,3,177051,12.5,17963150.0,148122610812.58633,True
9/29/19,2019-09-29 23:50:00,8104.18567564,8255.55167736,597186,3,177186,12.5,17964837.5,145590378732.70032,True
9/30/19,2019-09-30 23:50:00,8293.86774062,8306.40770388,597317,3,177317,12.5,17966475.0,149011567415.15573,True
10/1/19,2019-10-01 23:50:00,8343.2766814,8492.98653922,597458,3,177458,12.5,17968237.5,149913976939.60706,True
10/2/19,2019-10-02 23:50:00,8393.04164486,8393.04164486,597607,3,177607,12.5,17970100.0,150823797662.2987,True
10/3/19,2019-10-03 23:50:00,8259.99197863,8402.58977171,597754,3,177754,12.5,17971937.5,148448059590.4397,True
10/4/19,2019-10-04 23:50:00,8205.93924121,8247.94321977,597902,3,177902,12.5,17973787.5,147491808159.4198,True
10/5/19,2019-10-05 23:50:00,8151.50052921,8214.22323745,598058,3,178058,12.5,17975737.5,146529233744.19006,True
10/6/19,2019-10-06 23:50:00,7988.15595888,8161.41016074,598206,3,178206,12.5,17977587.5,143607772714.4116,True
10/7/19,2019-10-07 23:50:00,8245.622933,8305.10739174,598363,3,178363,12.5,17979550.0,148252589805.02017,True
10/8/19,2019-10-08 23:50:00,8228.7831528,8326.41509525,598524,3,178524,12.5,17981562.5,147966378561.02026,True
10/9/19,2019-10-09 23:50:00,8595.73981722,8626.14353946,598663,3,178663,12.5,17983300.0,154579767855.01242,True
10/10/19,2019-10-10 23:50:00,8583.1788414,8621.26665652,598825,3,178825,12.5,17985325.0,154371260995.70245,True
10/11/19,2019-10-11 23:50:00,8321.11873109,8714.5046001,598980,3,178980,12.5,17987262.5,149674146909.78275,True
10/12/19,2019-10-12 23:50:00,8342.69554698,8415.24222171,599114,3,179114,12.5,17988937.5,150076228776.15152,True
10/13/19,2019-10-13 23:50:00,8323.08261224,8470.92224631,599256,3,179256,12.5,17990712.5,149738186390.5588,True
10/14/19,2019-10-14 23:50:00,8371.9891356,8390.11614172,599389,3,179389,12.5,17992375.0,150631968023.64105,True
10/15/19,2019-10-15 23:50:00,8208.03348086,8407.25812225,599545,3,179545,12.5,17994325.0,147698022065.47614,True
10/16/19,2019-10-16 23:50:00,8057.29564754,8216.56097845,599686,3,179686,12.5,17996087.5,144999797486.499,True
10/17/19,2019-10-17 23:50:00,8102.95289694,8133.55393174,599836,3,179836,12.5,17997962.5,145836642378.3925,True
10/18/19,2019-10-18 23:50:00,7977.41883564,8136.56433075,599998,3,179998,12.5,17999987.5,143593439323.78455,True
10/19/19,2019-10-19 23:50:00,7990.31255402,8082.62930791,600140,3,180140,12.5,18001762.5,143839708898.23645,True
10/20/19,2019-10-20 23:50:00,8218.07286805,8274.54278167,600285,3,180285,12.5,18003575.0,147954691235.40326,True
10/21/19,2019-10-21 23:50:00,8236.27737182,8282.09303697,600444,3,180444,12.5,18005562.5,148298806985.64075,True
10/22/19,2019-10-22 23:50:00,8080.61566695,8294.23108234,600613,3,180613,12.5,18007675.0,145513100730.34384,True
10/23/19,2019-10-23 23:50:00,7506.16004227,8092.97497808,600779,3,180779,12.5,18009750.0,135184065821.27214,True
10/24/19,2019-10-24 23:50:00,7497.31006854,7532.86765606,600913,3,180913,12.5,18011425.0,135037238001.25308,True
10/25/19,2019-10-25 23:50:00,8656.17219802,8690.82759844,601052,3,181052,12.5,18013162.5,155925036430.91644,True
10/26/19,2019-10-26 23:50:00,9248.60509745,10015.5914045,601192,3,181192,12.5,18014912.5,166612811577.61572,True
10/27/19,2019-10-27 23:50:00,9559.52904735,9736.62784453,601307,3,181307,12.5,18016350.0,172227821152.22418,True
10/28/19,2019-10-28 23:50:00,9266.54148344,9751.45450626,601440,3,181440,12.5,18018012.5,166964660280.39047,True
10/29/19,2019-10-29 23:50:00,9429.56422378,9507.78722826,601574,3,181574,12.5,18019687.5,169917800573.69568,True
10/30/19,2019-10-30 23:50:00,9209.14008588,9418.88748684,601708,3,181708,12.5,18021362.5,165961251800.92462,True
10/31/19,2019-10-31 23:50:00,9190.15935841,9344.81289868,601840,3,181840,12.5,18023012.5,165634356993.6154,True
11/1/19,2019-11-01 23:50:00,9260.4172551,9266.36167101,601971,3,181971,12.5,18024650.0,166915779877.1382,True
11/2/19,2019-11-02 23:50:00,9324.92966758,9370.62475836,602105,3,182105,12.5,18026325.0,168094212789.93903,True
11/3/19,2019-11-03 23:50:00,9235.20529549,9377.68820498,602242,3,182242,12.5,18028037.5,166492627387.2923,True
11/4/19,2019-11-04 23:50:00,9414.27063268,9492.92543176,602373,3,182373,12.5,18029675.0,169736239869.26477,True
11/5/19,2019-11-05 23:50:00,9348.12927384,9453.63636499,602519,3,182519,12.5,18031500.0,168560793001.24597,True
11/6/19,2019-11-06 23:50:00,9357.01438149,9415.59981006,602651,3,182651,12.5,18033150.0,168736443893.5664,True
11/7/19,2019-11-07 23:50:00,9267.47944726,9362.50300458,602784,3,182784,12.5,18034812.5,167137254178.93774,True
11/8/19,2019-11-08 23:50:00,8816.95087372,9270.98366142,602914,3,182914,12.5,18036437.5,159026383374.42117,True
11/9/19,2019-11-09 23:50:00,8814.88268835,8891.18677394,603058,3,183058,12.5,18038237.5,159004947467.0958,True
11/10/19,2019-11-10 23:50:00,9058.22603921,9102.88315815,603223,3,183223,12.5,18040300.0,163413115215.16016,True
11/11/19,2019-11-11 23:50:00,8756.31731395,9081.27928096,603375,3,183375,12.5,18042200.0,157983228241.7487,True
11/12/19,2019-11-12 23:50:00,8812.71866317,8838.69644562,603509,3,183509,12.5,18043875.0,159015593968.4066,True
11/13/19,2019-11-13 23:50:00,8817.26151868,8831.60571652,603643,3,183643,12.5,18045550.0,159112333598.41586,True
11/14/19,2019-11-14 23:50:00,8710.28507816,8825.02678752,603814,3,183814,12.5,18047687.5,157200503126.54474,True
11/15/19,2019-11-15 23:50:00,8491.55733354,8721.17308305,603971,3,183971,12.5,18049650.0,153269637825.33026,True
11/16/19,2019-11-16 23:50:00,8546.7319707,8579.71817441,604119,3,184119,12.5,18051500.0,154281332169.09106,True
11/17/19,2019-11-17 23:50:00,8572.18503827,8714.32357956,604273,3,184273,12.5,18053425.0,154757299674.52957,True
11/18/19,2019-11-18 23:50:00,8311.81088865,8651.5396734,604414,3,184414,12.5,18055187.5,150071304059.11737,True
11/19/19,2019-11-19 23:50:00,8203.93739828,8406.70971108,604559,3,184559,12.5,18057000.0,148138497600.74197,True
11/20/19,2019-11-20 23:50:00,8027.77939437,8228.69145059,604703,3,184703,12.5,18058800.0,144972062527.04895,True
11/21/19,2019-11-21 23:50:00,7640.63676782,8109.90386538,604840,3,184840,12.5,18060512.5,137993815853.17273,True
11/22/19,2019-11-22 23:50:00,7304.96236288,7689.20132824,604970,3,184970,12.5,18062137.5,131943234630.66345,True
11/23/19,2019-11-23 23:50:00,7384.69785526,7388.29606776,605145,3,185145,12.5,18064325.0,133399582084.2196,True
11/24/19,2019-11-24 23:50:00,7046.14174647,7404.18793986,605276,3,185276,12.5,18065962.5,127295332561.41153,True
11/25/19,2019-11-25 23:50:00,7150.12871408,7312.77810936,605401,3,185401,12.5,18067525.0,129185129294.85825,True
11/26/19,2019-11-26 23:50:00,7223.03582563,7302.17772796,605522,3,185522,12.5,18069037.5,130513305197.15193,True
11/27/19,2019-11-27 23:50:00,7539.34651048,7607.20411013,605658,3,185658,12.5,18070737.5,136241551712.42508,True
11/28/19,2019-11-28 23:50:00,7465.22589107,7666.40631049,605825,3,185825,12.5,18072825.0,134917721114.77718,True
11/29/19,2019-11-29 23:50:00,7762.17959453,7776.47224028,605958,3,185958,12.5,18074487.5,140297418054.08755,True
11/30/19,2019-11-30 23:50:00,7567.97497695,7828.77059703,606087,3,186087,12.5,18076100.0,136799472480.8459,True
12/1/19,2019-12-01 23:50:00,7425.85766438,7565.54191586,606226,3,186226,12.5,18077837.5,134243448154.79117,True
12/2/19,2019-12-02 23:50:00,7325.33487256,7471.66226402,606371,3,186371,12.5,18079650.0,132439490628.6794,True
12/3/19,2019-12-03 23:50:00,7323.81210021,7410.13595734,606528,3,186528,12.5,18081612.5,132426332418.80838,True
12/4/19,2019-12-04 23:50:00,7260.10003443,7527.0825013,606691,3,186691,12.5,18083650.0,131289107987.62007,True
12/5/19,2019-12-05 23:50:00,7447.6673282,7527.0182877,606840,3,186840,12.5,18085512.5,134694880560.0027,True
12/6/19,2019-12-06 23:50:00,7544.37903416,7544.37903416,606984,3,186984,12.5,18087312.5,136457541209.3001,True
12/7/19,2019-12-07 23:50:00,7552.29963464,7588.2063022,607140,3,187140,12.5,18089262.5,136615530569.65704,True
12/8/19,2019-12-08 23:50:00,7566.18173083,7616.94236148,607287,3,187287,12.5,18091100.0,136880550310.6186,True
12/9/19,2019-12-09 23:50:00,7401.01158117,7606.31486713,607434,3,187434,12.5,18092937.5,133906039974.88498,True
12/10/19,2019-12-10 23:50:00,7274.46261839,7423.1715154,607583,3,187583,12.5,18094800.0,131629946187.24338,True
12/11/19,2019-12-11 23:50:00,7218.25648469,7323.97139723,607716,3,187716,12.5,18096462.5,130624907790.57442,True
12/12/19,2019-12-12 23:50:00,7244.48940003,7264.4540749,607850,3,187850,12.5,18098137.5,131111765279.03545,True
12/13/19,2019-12-13 23:50:00,7267.35915452,7293.56066067,608000,3,188000,12.5,18100012.5,131539291538.80142,True
12/14/19,2019-12-14 23:50:00,7130.35799572,7281.31514551,608153,3,188153,12.5,18101925.0,129073205661.67377,True
12/15/19,2019-12-15 23:50:00,7157.82998088,7179.01118105,608276,3,188276,12.5,18103462.5,129581506640.2368,True
12/16/19,2019-12-16 23:50:00,6930.50585768,7168.49785977,608434,3,188434,12.5,18105437.5,125479840649.60913,True
12/17/19,2019-12-17 23:50:00,6611.51046846,6962.19156586,608574,3,188574,12.5,18107187.5,119715859710.61806,True
12/18/19,2019-12-18 23:50:00,7270.46966975,7298.49395103,608708,3,188708,12.5,18108862.5,131659935559.92317,True
12/19/19,2019-12-19 23:50:00,7204.0210376,7346.60239301,608866,3,188866,12.5,18110837.5,130470854358.555,True
12/20/19,2019-12-20 23:50:00,7217.26972298,7237.65924405,609021,3,189021,12.5,18112775.0,130724782606.64906,True
12/21/19,2019-12-21 23:50:00,7189.90636821,7219.46147766,609197,3,189197,12.5,18114975.0,130244974112.46495,True
12/22/19,2019-12-22 23:50:00,7512.80063541,7512.80063541,609365,3,189365,12.5,18117075.0,136109972571.77063,True
12/23/19,2019-12-23 23:50:00,7355.16830714,7649.80433055,609509,3,189509,12.5,18118875.0,133267375161.03127,True
12/24/19,2019-12-24 23:50:00,7309.21393158,7494.79485045,609635,3,189635,12.5,18120450.0,132446245586.49881,True
12/25/19,2019-12-25 23:50:00,7280.45240018,7350.539125,609762,3,189762,12.5,18122037.5,131936631413.02696,True
12/26/19,2019-12-26 23:50:00,7240.0270056,7386.17673522,609930,3,189930,12.5,18124137.5,131219244953.20767,True
12/27/19,2019-12-27 23:50:00,7295.60723294,7355.09243292,610073,3,190073,12.5,18125925.0,132239629533.72798,True
12/28/19,2019-12-28 23:50:00,7319.89084853,7389.38958336,610223,3,190223,12.5,18127800.0,132693517323.98213,True
12/29/19,2019-12-29 23:50:00,7419.17941527,7511.10650979,610379,3,190379,12.5,18129750.0,134507868003.99129,True
12/30/19,2019-12-30 23:50:00,7300.67426507,7450.91800769,610543,3,190543,12.5,18131800.0,132374365639.39622,True
12/31/19,2019-12-31 23:50:00,7197.52710917,7329.46677776,610690,3,190690,12.5,18133637.5,130517347494.1117,True
1/1/20,2020-01-01 23:50:00,7199.66110087,7251.88948986,610862,3,190862,12.5,18135787.5,130571523797.3944,True
1/2/20,2020-01-02 23:50:00,6985.65902257,7207.89292074,611005,3,191005,12.5,18137575.0,126702914446.29007,True
1/3/20,2020-01-03 23:50:00,7347.59737791,7406.15316829,611171,3,191171,12.5,18139650.0,133282844776.20514,True
1/4/20,2020-01-04 23:50:00,7415.20244546,7415.43656727,611341,3,191341,12.5,18141775.0,134524934344.98508,True
1/5/20,2020-01-05 23:50:00,7410.81254092,7541.89754499,611504,3,191504,12.5,18143812.5,134460393215.10106,True
1/6/20,2020-01-06 23:50:00,7770.52843473,7771.42776092,611640,3,191640,12.5,18145512.5,141000220843.99866,True
1/7/20,2020-01-07 23:50:00,8166.96310003,8167.16655363,611815,3,191815,12.5,18147700.0,148211596250.41443,True
1/8/20,2020-01-08 23:50:00,8082.95054727,8393.4548233,611956,3,191956,12.5,18149462.5,146701207847.03134,True
1/9/20,2020-01-09 23:50:00,7880.28824913,8062.23897232,612115,3,192115,12.5,18151450.0,143038658139.67075,True
1/10/20,2020-01-10 23:50:00,8164.65571526,8164.65571526,612263,3,192263,12.5,18153300.0,148215444595.82935,True
1/11/20,2020-01-11 23:50:00,8029.64210795,8216.04100476,612426,3,192426,12.5,18155337.5,145780862474.04367,True
1/12/20,2020-01-12 23:50:00,8185.64036985,8198.14528419,612577,3,192577,12.5,18157225.0,148628513964.44968,True
1/13/20,2020-01-13 23:50:00,8148.31886082,8191.33161477,612720,3,192720,12.5,18159012.5,147965424047.61615,True
1/14/20,2020-01-14 23:50:00,8827.76442606,8865.87993889,612865,3,192865,12.5,18160825.0,160319484882.9011,True
1/15/20,2020-01-15 23:50:00,8807.01027532,8876.94946658,613016,3,193016,12.5,18162712.5,159959195615.183,True
1/16/20,2020-01-16 23:50:00,8723.78576573,8830.51644456,613176,3,193176,12.5,18164712.5,158465060346.0778,True
1/17/20,2020-01-17 23:50:00,8929.0376776,8952.38372352,613334,3,193334,12.5,18166687.5,162211037164.68494,True
1/18/20,2020-01-18 23:50:00,8942.80890321,8962.03234193,613466,3,193466,12.5,18168337.5,162475970351.5241,True
1/19/20,2020-01-19 23:50:00,8706.24512993,9154.75179504,613616,3,193616,12.5,18170212.5,158194324087.91818,True
1/20/20,2020-01-20 23:50:00,8657.64293942,8735.18139453,613769,3,193769,12.5,18172125.0,157327769700.50766,True
1/21/20,2020-01-21 23:50:00,8745.89478833,8753.0899111,613920,3,193920,12.5,18174012.5,158948001206.79428,True
1/22/20,2020-01-22 23:50:00,8680.87604222,8789.49427521,614076,3,194076,12.5,18175962.5,157783277410.53912,True
1/23/20,2020-01-23 23:50:00,8406.5160678,8687.74708842,614236,3,194236,12.5,18177962.5,152813333836.11584,True
1/24/20,2020-01-24 23:50:00,8445.43428152,8510.44112145,614388,3,194388,12.5,18179862.5,153536833990.8199,True
1/25/20,2020-01-25 23:50:00,8367.84777344,8443.10107226,614550,3,194550,12.5,18181887.5,152143266833.81158,True
1/26/20,2020-01-26 23:50:00,8596.82983316,8599.82394338,614695,3,194695,12.5,18183700.0,156322174637.23148,True
1/27/20,2020-01-27 23:50:00,8909.81917753,8957.58511964,614825,3,194825,12.5,18185325.0,162027957434.61575,True
1/28/20,2020-01-28 23:50:00,9358.59031703,9358.59031703,614967,3,194967,12.5,18187100.0,170205617954.85632,True
1/29/20,2020-01-29 23:50:00,9316.62950445,9393.88872641,615126,3,195126,12.5,18189087.5,169460989261.5227,True
1/30/20,2020-01-30 23:50:00,9508.9935947,9549.69081281,615283,3,195283,12.5,18191050.0,172978577930.86743,True
1/31/20,2020-01-31 23:50:00,9350.52936518,9519.61136338,615426,3,195426,12.5,18192837.5,170112661279.6979,True
2/1/20,2020-02-01 23:50:00,9392.87536841,9436.07481638,615576,3,195576,12.5,18194712.5,170900666876.5515,True
2/2/20,2020-02-02 23:50:00,9344.36529292,9466.93876345,615720,3,195720,12.5,18196512.5,170034859857.18494,True
2/3/20,2020-02-03 23:50:00,9293.52108908,9534.57043128,615868,3,195868,12.5,18198362.5,169126865680.47266,True
2/4/20,2020-02-04 23:50:00,9180.9629665,9330.70462306,616000,3,196000,12.5,18200012.5,167093640752.33707,True
2/5/20,2020-02-05 23:50:00,9613.42428895,9695.46926507,616159,3,196159,12.5,18202000.0,174983548907.4679,True
2/6/20,2020-02-06 23:50:00,9729.80223149,9824.61926061,616294,3,196294,12.5,18203687.5,177118279258.84665,True
2/7/20,2020-02-07 23:50:00,9790.33384641,9834.71678972,616434,3,196434,12.5,18205437.5,178237310944.95184,True
2/8/20,2020-02-08 23:50:00,9866.50724373,9873.70857823,616572,3,196572,12.5,18207162.5,179641100694.01923,True
2/9/20,2020-02-09 23:50:00,10119.1248203,10122.2018072,616722,3,196722,12.5,18209037.5,184259523320.02347,True
2/10/20,2020-02-10 23:50:00,9865.59260896,10162.4149438,616847,3,196847,12.5,18210600.0,179658360764.72696,True
2/11/20,2020-02-11 23:50:00,10205.1323621,10208.6347921,616996,3,196996,12.5,18212462.5,185860590452.28265,True
2/12/20,2020-02-12 23:50:00,10322.7164894,10375.0236279,617138,3,197138,12.5,18214237.5,188020409783.09784,True
2/13/20,2020-02-13 23:50:00,10205.6192109,10457.6271997,617278,3,197278,12.5,18215987.5,185905431975.51428,True
2/14/20,2020-02-14 23:50:00,10300.0506266,10319.4997546,617412,3,197412,12.5,18217662.5,187642846048.31232,True
2/15/20,2020-02-15 23:50:00,9891.83650918,10338.6703663,617555,3,197555,12.5,18219450.0,180223820687.17957,True
2/16/20,2020-02-16 23:50:00,9943.25998095,10047.4985829,617698,3,197698,12.5,18221237.5,181178501637.13544,True
2/17/20,2020-02-17 23:50:00,9686.04920977,9929.54773635,617854,3,197854,12.5,18223187.5,176510690883.86557,True
2/18/20,2020-02-18 23:50:00,10147.0726363,10155.9694774,618004,3,198004,12.5,18225062.5,184931032988.60727,True
2/19/20,2020-02-19 23:50:00,9635.05008713,10188.5411972,618145,3,198145,12.5,18226825.0,175616371804.35324,True
2/20/20,2020-02-20 23:50:00,9618.25906453,9638.17425836,618271,3,198271,12.5,18228400.0,175325473531.87866,True
2/21/20,2020-02-21 23:50:00,9690.95528682,9717.20125702,618426,3,198426,12.5,18230337.5,176669385576.1379,True
2/22/20,2020-02-22 23:50:00,9660.91488832,9697.26921363,618572,3,198572,12.5,18232162.5,176139370142.5196,True
2/23/20,2020-02-23 23:50:00,9920.86796684,9925.81525609,618716,3,198716,12.5,18233962.5,180896734474.8118,True
2/24/20,2020-02-24 23:50:00,9645.39833042,9949.14022947,618855,3,198855,12.5,18235700.0,175890590334.03998,True
2/25/20,2020-02-25 23:50:00,9346.53346695,9651.72668132,619001,3,199001,12.5,18237525.0,170457637766.8373,True
2/26/20,2020-02-26 23:50:00,8824.33122732,9352.75384137,619137,3,199137,12.5,18239225.0,160948962729.61563,True
2/27/20,2020-02-27 23:50:00,8786.87893969,8930.56647405,619284,3,199284,12.5,18241062.5,160282007918.819,True
2/28/20,2020-02-28 23:50:00,8689.11524591,8885.98688984,619440,3,199440,12.5,18243012.5,158515638045.0767,True
2/29/20,2020-02-29 23:50:00,8615.22772355,8773.8232996,619580,3,199580,12.5,18244762.5,157182783699.58542,True
3/1/20,2020-03-01 23:50:00,8563.41168611,8719.63039983,619758,3,199758,12.5,18246987.5,156256465993.80307,True
3/2/20,2020-03-02 23:50:00,8865.83955705,8918.55093966,619907,3,199907,12.5,18248850.0,161791376200.67188,True
3/3/20,2020-03-03 23:50:00,8792.35171065,8896.63182471,620059,3,200059,12.5,18250750.0,160467012983.1455,True
3/4/20,2020-03-04 23:50:00,8742.61166128,8841.41917342,620224,3,200224,12.5,18252812.5,159577251413.65735,True
3/5/20,2020-03-05 23:50:00,9077.87946386,9140.57400281,620389,3,200389,12.5,18254875.0,165715554877.8313,True
3/6/20,2020-03-06 23:50:00,9120.74845437,9166.33952768,620541,3,200541,12.5,18256775.0,166515452363.03085,True
3/7/20,2020-03-07 23:50:00,8909.75828069,9141.42009169,620702,3,200702,12.5,18258787.5,162681383123.48407,True
3/8/20,2020-03-08 23:50:00,8110.25607808,8908.49789858,620859,3,200859,12.5,18260750.0,148099358677.79938,True
3/9/20,2020-03-09 23:50:00,7916.62214092,8174.02276735,621007,3,201007,12.5,18262600.0,144578103510.7656,True
3/10/20,2020-03-10 23:50:00,7915.61754792,8136.9452227,621141,3,201141,12.5,18264275.0,144573015690.03656,True
3/11/20,2020-03-11 23:50:00,7912.81530473,7946.24263308,621261,3,201261,12.5,18265775.0,144533703972.7546,True
3/12/20,2020-03-12 23:50:00,4860.35383012,7928.07450253,621411,3,201411,12.5,18267650.0,88787242644.79161,True
3/13/20,2020-03-13 23:50:00,5547.0651614,5830.37232156,621537,3,201537,12.5,18269225.0,101340581523.27791,True
3/14/20,2020-03-14 23:50:00,5195.85517452,5616.71665325,621665,3,201665,12.5,18270825.0,94932560618.99939,True
3/15/20,2020-03-15 23:50:00,5391.06024919,5814.88550052,621783,3,201783,12.5,18272300.0,98507070191.27443,True
3/16/20,2020-03-16 23:50:00,5014.86830377,5352.22312758,621901,3,201901,12.5,18273775.0,91640575037.72464,True
3/17/20,2020-03-17 23:50:00,5237.76209482,5343.68635143,622024,3,202024,12.5,18275312.5,95721739083.49013,True
3/18/20,2020-03-18 23:50:00,5237.91386092,5316.44235947,622125,3,202125,12.5,18276575.0,95731125522.64395,True
3/19/20,2020-03-19 23:50:00,6193.29577035,6329.73594838,622232,3,202232,12.5,18277912.5,113200518177.0774,True
3/20/20,2020-03-20 23:50:00,6186.21871982,6825.16997232,622342,3,202342,12.5,18279287.5,113079670517.47173,True
3/21/20,2020-03-21 23:50:00,6172.9672775,6365.68016334,622466,3,202466,12.5,18280837.5,112847011692.7949,True
3/22/20,2020-03-22 23:50:00,5833.51061024,6348.45705892,622593,3,202593,12.5,18282425.0,106650720218.41702,True
3/23/20,2020-03-23 23:50:00,6431.81003808,6435.09164471,622705,3,202705,12.5,18283825.0,117598089169.49805,True
3/24/20,2020-03-24 23:50:00,6732.65221467,6784.59514858,622836,3,202836,12.5,18285462.5,123109659596.89023,True
3/25/20,2020-03-25 23:50:00,6677.07432527,6884.35183936,622929,3,202929,12.5,18286625.0,122101154283.34052,True
3/26/20,2020-03-26 23:50:00,6718.96731486,6732.33971314,623088,3,203088,12.5,18288612.5,122880589621.64005,True
3/27/20,2020-03-27 23:50:00,6470.89335934,6788.76821345,623243,3,203243,12.5,18290550.0,118356198533.67624,True
3/28/20,2020-03-28 23:50:00,6241.56512496,6368.65773641,623378,3,203378,12.5,18292237.5,114172191637.48549,True
3/29/20,2020-03-29 23:50:00,5929.677884,6234.74455401,623528,3,203528,12.5,18294112.5,108478194298.65794,True
3/30/20,2020-03-30 23:50:00,6447.72579951,6505.82116778,623676,3,203676,12.5,18295962.5,117967349438.11748,True
3/31/20,2020-03-31 23:50:00,6443.31405026,6502.43498575,623835,3,203835,12.5,18297950.0,117899438325.95497,True
4/1/20,2020-04-01 23:50:00,6589.24919192,6589.24919192,623985,3,203985,12.5,18299825.0,120582107093.52742,True
4/2/20,2020-04-02 23:50:00,6795.04299179,7073.37043955,624138,3,204138,12.5,18301737.5,124361093136.95523,True
4/3/20,2020-04-03 23:50:00,6736.36381431,7003.22078432,624273,3,204273,12.5,18303425.0,123298529847.93701,True
4/4/20,2020-04-04 23:50:00,6858.69700969,6871.95962749,624431,3,204431,12.5,18305400.0,125551192241.17934,True
4/5/20,2020-04-05 23:50:00,6794.47452422,6874.01476807,624602,3,204602,12.5,18307537.5,124390097144.9523,True
4/6/20,2020-04-06 23:50:00,7248.72410192,7263.12658198,624734,3,204734,12.5,18309187.5,132718248717.82239,True
4/7/20,2020-04-07 23:50:00,7172.87828873,7416.5222111,624901,3,204901,12.5,18311275.0,131344546886.46443,True
4/8/20,2020-04-08 23:50:00,7335.36979909,7350.41009152,625045,3,205045,12.5,18313075.0,134333177283.47011,True
4/9/20,2020-04-09 23:50:00,7301.01277516,7337.52257253,625200,3,205200,12.5,18315012.5,133718140239.71509,True
4/10/20,2020-04-10 23:50:00,6862.78799691,7298.13656953,625362,3,205362,12.5,18317037.5,125705945093.95036,True
4/11/20,2020-04-11 23:50:00,6852.50192071,6926.0696338,625522,3,205522,12.5,18319037.5,125531239654.30852,True
4/12/20,2020-04-12 23:50:00,6998.39400574,7113.69102744,625674,3,205674,12.5,18320937.5,128217139179.53717,True
4/13/20,2020-04-13 23:50:00,6845.09526906,6930.18038093,625846,3,205846,12.5,18323087.5,125423279560.82242,True
4/14/20,2020-04-14 23:50:00,6841.27304616,6957.9806158,626013,3,206013,12.5,18325175.0,125367525793.66508,True
4/15/20,2020-04-15 23:50:00,6643.97961617,6926.94721625,626182,3,206182,12.5,18327287.5,121766124569.68723,True
4/16/20,2020-04-16 23:50:00,7106.09484684,7124.38727757,626336,3,206336,12.5,18329212.5,130249122492.88531,True
4/17/20,2020-04-17 23:50:00,7098.68627482,7164.94361412,626461,3,206461,12.5,18330775.0,130124420899.31358,True
4/18/20,2020-04-18 23:50:00,7259.90292944,7266.91048389,626621,3,206621,12.5,18332775.0,133094166927.26439,True
4/19/20,2020-04-19 23:50:00,7191.11311495,7274.94479687,626774,3,206774,12.5,18334687.5,131846811739.75983,True
4/20/20,2020-04-20 23:50:00,6882.34018581,7240.29059686,626933,3,206933,12.5,18336675.0,126199235226.63757,True
4/21/20,2020-04-21 23:50:00,6878.03773926,6930.0747151,627084,3,207084,12.5,18338562.5,126133324958.77821,True
4/22/20,2020-04-22 23:50:00,7118.68335661,7145.86574462,627214,3,207214,12.5,18340187.5,130557987513.35677,True
4/23/20,2020-04-23 23:50:00,7430.16504043,7485.29426521,627355,3,207355,12.5,18341950.0,136283715663.31503,True
4/24/20,2020-04-24 23:50:00,7549.13338764,7571.55293036,627501,3,207501,12.5,18343775.0,138479604307.85596,True
4/25/20,2020-04-25 23:50:00,7569.23791751,7623.08841427,627636,3,207636,12.5,18345462.5,138861170369.2578,True
4/26/20,2020-04-26 23:50:00,7680.48287014,7695.7847417,627773,3,207773,12.5,18347175.0,140915163302.96085,True
4/27/20,2020-04-27 23:50:00,7794.71391216,7794.71391216,627914,3,207914,12.5,18348937.5,143024718404.60434,True
4/28/20,2020-04-28 23:50:00,7807.29683833,7809.8403392,628068,3,208068,12.5,18350862.5,143270630776.87857,True
4/29/20,2020-04-29 23:50:00,8801.03776688,8871.75372738,628212,3,208212,12.5,18352662.5,161522475785.3023,True
4/30/20,2020-04-30 23:50:00,8657.1939924,9420.22812255,628348,3,208348,12.5,18354362.5,158897276769.33185,True
5/1/20,2020-05-01 23:50:00,8855.32022959,9029.74421964,628488,3,208488,12.5,18356112.5,162549254357.87985,True
5/2/20,2020-05-02 23:50:00,8985.17081572,9001.35937467,628636,3,208636,12.5,18357962.5,164949428891.08215,True
5/3/20,2020-05-03 23:50:00,8898.12241256,9164.93126846,628805,3,208805,12.5,18360075.0,163370194853.78253,True
5/4/20,2020-05-04 23:50:00,8915.36266471,8951.35383846,628962,3,208962,12.5,18362037.5,163704223575.50497,True
5/5/20,2020-05-05 23:50:00,8987.61019034,9062.41456364,629120,3,209120,12.5,18364012.5,165048585880.53113,True
5/6/20,2020-05-06 23:50:00,9253.07620782,9400.8681395,629275,3,209275,12.5,18365950.0,169941534979.01175,True
5/7/20,2020-05-07 23:50:00,9982.3230001,9982.3230001,629423,3,209423,12.5,18367800.0,183353312401.23676,True
5/8/20,2020-05-08 23:50:00,9854.15920563,9994.18317351,629559,3,209559,12.5,18369500.0,181015977527.82028,True
5/9/20,2020-05-09 23:50:00,9590.06333149,9905.69893014,629695,3,209695,12.5,18371200.0,176180971475.4691,True
5/10/20,2020-05-10 23:50:00,8761.29974684,9561.08033466,629865,3,209865,12.5,18373325.0,160974207671.10907,True
5/11/20,2020-05-11 23:50:00,8599.78194656,9004.42880054,630022,4,22,6.25,18375143.75,158022229486.69482,True
5/12/20,2020-05-12 23:50:00,8800.72972155,8945.5413995,630167,4,167,6.25,18376050.0,161722649399.68887,True
5/13/20,2020-05-13 23:50:00,9274.85620315,9317.87855411,630287,4,287,6.25,18376800.0,170442177474.04694,True
5/14/20,2020-05-14 23:50:00,9742.73285277,9783.67377491,630402,4,402,6.25,18377518.75,179047255678.02164,True
5/15/20,2020-05-15 23:50:00,9324.74955892,9738.62152836,630525,4,525,6.25,18378287.5,171372928259.32996,True
5/16/20,2020-05-16 23:50:00,9378.12485501,9547.83223183,630653,4,653,6.25,18379087.5,172361377296.15363,True
5/17/20,2020-05-17 23:50:00,9670.02672308,9819.33025735,630752,4,752,6.25,18379706.25,177732250599.8605,True
5/18/20,2020-05-18 23:50:00,9729.46527585,9896.40089497,630882,4,882,6.25,18380518.75,178832618930.23483,True
5/19/20,2020-05-19 23:50:00,9723.31137903,9829.38555654,630996,4,996,6.25,18381231.25,178726434973.70682,True
5/20/20,2020-05-20 23:50:00,9522.46761378,9784.42556687,631111,4,1111,6.25,18381950.0,175041523553.12326,True
5/21/20,2020-05-21 23:50:00,9083.12738671,9552.12830311,631243,4,1243,6.25,18382775.0,166973087046.22794,True
5/22/20,2020-05-22 23:50:00,9182.63979906,9227.35635953,631354,4,1354,6.25,18383468.75,168808771788.5258,True
5/23/20,2020-05-23 23:50:00,9212.38362171,9302.50164919,631473,4,1473,6.25,18384212.5,169362418133.03625,True
5/24/20,2020-05-24 23:50:00,8792.95744169,9287.69324572,631590,4,1590,6.25,18384943.75,161658027961.61453,True
5/25/20,2020-05-25 23:50:00,8910.14065013,8947.71249557,631715,4,1715,6.25,18385725.0,163819395704.61142,True
5/26/20,2020-05-26 23:50:00,8830.00836771,8989.84096679,631836,4,1836,6.25,18386481.25,162352783290.243,True
5/27/20,2020-05-27 23:50:00,9178.8408253,9202.31024358,631977,4,1977,6.25,18387362.5,168774673584.59027,True
5/28/20,2020-05-28 23:50:00,9521.7710264,9538.29455444,632108,4,2108,6.25,18388181.25,175088051454.44174,True
5/29/20,2020-05-29 23:50:00,9440.88143521,9569.37109409,632234,4,2234,6.25,18388968.75,173608073684.53183,True
5/30/20,2020-05-30 23:50:00,9696.80790406,9700.12596085,632391,4,2391,6.25,18389950.0,178323812515.26822,True
5/31/20,2020-05-31 23:50:00,9452.45408509,9690.72177245,632541,4,2541,6.25,18390887.5,173839019677.8056,True
6/1/20,2020-06-01 23:50:00,10170.4099128,10190.2526209,632673,4,2673,6.25,18391712.5,187051255123.36768,True
6/2/20,2020-06-02 23:50:00,9532.18934947,10164.9045075,632804,4,2804,6.25,18392531.25,175321090491.04413,True
6/3/20,2020-06-03 23:50:00,9646.2557319,9651.12450024,632940,4,2940,6.25,18393381.25,177427259311.8345,True
6/4/20,2020-06-04 23:50:00,9803.70548499,9885.94987657,633092,4,3092,6.25,18394331.25,180332606168.34796,True
6/5/20,2020-06-05 23:50:00,9667.02313814,9867.34125976,633273,4,3273,6.25,18395462.5,177829361624.2867,True
6/6/20,2020-06-06 23:50:00,9650.37975164,9730.22306752,633468,4,3468,6.25,18396681.25,177534960232.37527,True
6/7/20,2020-06-07 23:50:00,9759.69521099,9763.27765045,633628,4,3628,6.25,18397681.25,179555761588.9455,True
6/8/20,2020-06-08 23:50:00,9770.65850938,9770.65850938,633789,4,3789,6.25,18398687.5,179767292583.29843,True
6/9/20,2020-06-09 23:50:00,9795.64961547,9818.41434566,633949,4,3949,6.25,18399687.5,180236891784.14316,True
6/10/20,2020-06-10 23:50:00,9870.78990303,9906.85741464,634113,4,4113,6.25,18400712.5,181629567153.5579,True
6/11/20,2020-06-11 23:50:00,9324.47584156,9934.52079146,634297,4,4297,6.25,18401862.5,171587722320.95892,True
6/12/20,2020-06-12 23:50:00,9481.74838924,9534.65910522,634459,4,4459,6.25,18402875.0,174491430388.63507,True
6/13/20,2020-06-13 23:50:00,9474.74192302,9488.00212011,634620,4,4620,6.25,18403881.25,174372025225.6567,True
6/14/20,2020-06-14 23:50:00,9386.78789214,9479.61928874,634788,4,4788,6.25,18404931.25,172763185813.16913,True
6/15/20,2020-06-15 23:50:00,9454.15015829,9499.35669278,634927,4,4927,6.25,18405800.0,174011196983.45407,True
6/16/20,2020-06-16 23:50:00,9540.67651404,9567.89860923,635078,4,5078,6.25,18406743.75,175612787795.57758,True
6/17/20,2020-06-17 23:50:00,9483.15268772,9538.54799565,635216,4,5216,6.25,18407606.25,174562140684.17896,True
6/18/20,2020-06-18 23:50:00,9412.43597382,9477.08419118,635339,4,5339,6.25,18408375.0,173267651069.56876,True
6/19/20,2020-06-19 23:50:00,9277.04516149,9436.77131074,635482,4,5482,6.25,18409268.75,170783617583.75656,True
6/20/20,2020-06-20 23:50:00,9335.17939289,9393.11484776,635617,4,5617,6.25,18410112.5,171861702830.78662,True
6/21/20,2020-06-21 23:50:00,9301.37004446,9391.78402407,635764,4,5764,6.25,18411031.25,171247814556.36694,True
6/22/20,2020-06-22 23:50:00,9649.2555242,9650.9343532,635906,4,5906,6.25,18411918.75,177661308709.55905,True
6/23/20,2020-06-23 23:50:00,9628.69403752,9667.24150339,636064,4,6064,6.25,18412906.25,177292240622.78973,True
6/24/20,2020-06-24 23:50:00,9308.97002161,9672.31752763,636204,4,6204,6.25,18413781.25,171413337640.73428,True
6/25/20,2020-06-25 23:50:00,9265.12255402,9339.88701254,636345,4,6345,6.25,18414662.5,170614104853.41632,True
6/26/20,2020-06-26 23:50:00,9165.46400925,9310.51638223,636509,4,6509,6.25,18415687.5,168788320986.8451,True
6/27/20,2020-06-27 23:50:00,9050.08021288,9206.11766985,636647,4,6647,6.25,18416550.0,166671254744.51517,True
6/28/20,2020-06-28 23:50:00,9155.73195906,9193.01038692,636797,4,6797,6.25,18417487.5,168625578909.33807,True
6/29/20,2020-06-29 23:50:00,9200.43803941,9221.74213461,636940,4,6940,6.25,18418381.25,169457175476.85593,True
6/30/20,2020-06-30 23:50:00,9138.25078146,9214.01958279,637090,4,7090,6.25,18419318.75,168320353961.14832,True
7/1/20,2020-07-01 23:50:00,9228.16289438,9299.6901774,637251,4,7251,6.25,18420325.0,169985759667.4203,True
7/2/20,2020-07-02 23:50:00,9123.41015432,9267.89714176,637416,4,7416,6.25,18421356.25,168065588667.5962,True
7/3/20,2020-07-03 23:50:00,9087.30391103,9155.70924618,637579,4,7579,6.25,18422375.0,167409720387.9613,True
7/4/20,2020-07-04 23:50:00,9116.09384322,9183.29558274,637736,4,7736,6.25,18423356.25,167949044482.0737,True
7/5/20,2020-07-05 23:50:00,9075.62293143,9154.99990493,637899,4,7899,6.25,18424375.0,167212680247.2656,True
7/6/20,2020-07-06 23:50:00,9294.80678854,9337.98122657,638052,4,8052,6.25,18425331.25,171259893983.5982,True
7/7/20,2020-07-07 23:50:00,9254.80043974,9358.54523981,638211,4,8211,6.25,18426325.0,170531960712.79214,True
7/8/20,2020-07-08 23:50:00,9425.36948916,9448.16123339,638365,4,8365,6.25,18427287.5,173683993370.47946,True
7/9/20,2020-07-09 23:50:00,9294.76603547,9430.19963647,638529,4,8529,6.25,18428312.5,171286853116.02725,True
7/10/20,2020-07-10 23:50:00,9278.8078672,9287.07503589,638688,4,8688,6.25,18429306.25,171001991819.53812,True
7/11/20,2020-07-11 23:50:00,9240.34632654,9293.53268075,638845,4,8845,6.25,18430287.5,170302239397.70108,True
7/12/20,2020-07-12 23:50:00,9276.49985018,9293.05286286,638998,4,8998,6.25,18431243.75,170977429885.50607,True
7/13/20,2020-07-13 23:50:00,9243.61385509,9305.30665879,639143,4,9143,6.25,18432150.0,170379677119.09714,True
7/14/20,2020-07-14 23:50:00,9243.21341642,9268.58947784,639288,4,9288,6.25,18433056.25,170380672835.62454,True
7/15/20,2020-07-15 23:50:00,9192.83736784,9256.76086565,639427,4,9427,6.25,18433925.0,169460074575.96,True
7/16/20,2020-07-16 23:50:00,9137.21825621,9202.94954647,639561,4,9561,6.25,18434762.5,168442448463.8955,True
7/17/20,2020-07-17 23:50:00,9149.9429538,9174.84782155,639680,4,9680,6.25,18435506.25,168683830511.92337,True
7/18/20,2020-07-18 23:50:00,9158.56462749,9230.79006936,639810,4,9810,6.25,18436318.75,168850216764.88065,True
7/19/20,2020-07-19 23:50:00,9185.45240342,9195.14649944,639942,4,9942,6.25,18437143.75,169353506370.63754,True
7/20/20,2020-07-20 23:50:00,9177.86448262,9201.99090326,640083,4,10083,6.25,18438025.0,169221694777.1596,True
7/21/20,2020-07-21 23:50:00,9374.78345925,9402.29706195,640208,4,10208,6.25,18438806.25,172859815840.81552,True
7/22/20,2020-07-22 23:50:00,9525.36344997,9525.59588785,640351,4,10351,6.25,18439700.0,175644844408.4118,True
7/23/20,2020-07-23 23:50:00,9579.97977007,9610.24712467,640487,4,10487,6.25,18440550.0,176660095948.96432,True
7/24/20,2020-07-24 23:50:00,9537.79707625,9617.75513341,640645,4,10645,6.25,18441537.5,175891642449.05475,True
7/25/20,2020-07-25 23:50:00,9677.11349729,9703.39651324,640790,4,10790,6.25,18442443.75,178469621336.1366,True
7/26/20,2020-07-26 23:50:00,9906.34519401,9998.42300758,640949,4,10949,6.25,18443437.5,182707058439.1488,True
7/27/20,2020-07-27 23:50:00,11023.434646,11280.3607957,641096,4,11096,6.25,18444356.25,203320155709.41663,True
7/28/20,2020-07-28 23:50:00,10909.9046958,11198.3203675,641243,4,11243,6.25,18445275.0,201236192337.82236,True
7/29/20,2020-07-29 23:50:00,11098.4100908,11296.0615999,641391,4,11391,6.25,18446200.0,204723492216.91495,True
7/30/20,2020-07-30 23:50:00,11121.1587554,11160.8046387,641526,4,11526,6.25,18447043.75,205152502111.55936,True
7/31/20,2020-07-31 23:50:00,11332.4012834,11414.6005765,641679,4,11679,6.25,18448000.0,209060138876.1632,True
8/1/20,2020-08-01 23:50:00,11766.9595624,11786.507248,641812,4,11812,6.25,18448831.25,217086651292.29144,True
8/2/20,2020-08-02 23:50:00,11059.3145305,11993.4804548,641955,4,11955,6.25,18449725.0,204041311776.2291,True
8/3/20,2020-08-03 23:50:00,11245.5240356,11453.0417733,642117,4,12117,6.25,18450737.5,207488212030.79623,True
8/4/20,2020-08-04 23:50:00,11207.6483786,11379.6645351,642262,4,12262,6.25,18451643.75,206799535157.19235,True
8/5/20,2020-08-05 23:50:00,11751.6655847,11786.6168994,642393,4,12393,6.25,18452462.5,216847168514.21732,True
8/6/20,2020-08-06 23:50:00,11785.14051,11894.2162583,642548,4,12548,6.25,18453431.25,217476280172.87494,True
8/7/20,2020-08-07 23:50:00,11595.3530615,11893.0314751,642700,4,12700,6.25,18454381.25,213985066125.2757,True
8/8/20,2020-08-08 23:50:00,11745.8403294,11797.3140593,642843,4,12843,6.25,18455275.0,216772713385.16757,True
8/9/20,2020-08-09 23:50:00,11672.4786076,11785.9076694,642999,4,12999,6.25,18456250.0,215430183301.5175,True
8/10/20,2020-08-10 23:50:00,11872.1227256,12037.4307788,643136,4,13136,6.25,18457106.25,219125030559.4388,True
8/11/20,2020-08-11 23:50:00,11412.1825511,11932.7111738,643289,4,13289,6.25,18458062.5,210646778789.61325,True
8/12/20,2020-08-12 23:50:00,11576.8771692,11653.3767887,643444,4,13444,6.25,18459031.25,213697937443.67432,True
8/13/20,2020-08-13 23:50:00,11796.3961941,11796.3961941,643593,4,13593,6.25,18459962.5,217761031378.22873,True
8/14/20,2020-08-14 23:50:00,11772.9732991,11848.9800838,643759,4,13759,6.25,18461000.0,217340860074.6851,True
8/15/20,2020-08-15 23:50:00,11864.5063121,11944.1115209,643917,4,13917,6.25,18461987.5,219042367227.66132,True
8/16/20,2020-08-16 23:50:00,11895.1527133,11917.4781513,644069,4,14069,6.25,18462937.5,219619461098.6133,True
8/17/20,2020-08-17 23:50:00,12250.136396,12347.9146962,644193,4,14193,6.25,18463712.5,226182996501.53015,True
8/18/20,2020-08-18 23:50:00,11988.7456259,12333.6938335,644332,4,14332,6.25,18464581.25,221367167695.01263,True
8/19/20,2020-08-19 23:50:00,11758.8645702,12025.4754806,644472,4,14472,6.25,18465456.25,217132799270.70316,True
8/20/20,2020-08-20 23:50:00,11881.7212215,11897.8997932,644617,4,14617,6.25,18466362.5,219412171200.1618,True
8/21/20,2020-08-21 23:50:00,11581.8887181,11887.0631459,644773,4,14773,6.25,18467337.5,213886647844.59503,True
8/22/20,2020-08-22 23:50:00,11689.4073895,11689.4073895,644909,4,14909,6.25,18468187.5,215882167433.17154,True
8/23/20,2020-08-23 23:50:00,11667.8605615,11710.3374517,645065,4,15065,6.25,18469162.5,215495612737.68472,True
8/24/20,2020-08-24 23:50:00,11778.4188516,11802.3218951,645215,4,15215,6.25,18470100.0,217548574030.93716,True
8/25/20,2020-08-25 23:50:00,11375.0539617,11776.0059159,645343,4,15343,6.25,18470900.0,210107484221.16452,True
8/26/20,2020-08-26 23:50:00,11487.5574841,11517.2794718,645484,4,15484,6.25,18471781.25,212195648943.09555,True
8/27/20,2020-08-27 23:50:00,11322.8535935,11553.9894205,645613,4,15613,6.25,18472587.5,209162403755.6182,True
8/28/20,2020-08-28 23:50:00,11539.83493,11542.178311,645777,4,15777,6.25,18473612.5,213182438810.78464,True
8/29/20,2020-08-29 23:50:00,11512.5428548,11580.2741762,645923,4,15923,6.25,18474525.0,212688760784.57397,True
8/30/20,2020-08-30 23:50:00,11711.5398306,11711.5398306,646048,4,16048,6.25,18475306.25,216374285029.40814,True
8/31/20,2020-08-31 23:50:00,11685.3448054,11767.8270355,646199,4,16199,6.25,18476250.0,215901351960.77176,True
9/1/20,2020-09-01 23:50:00,11968.9674207,12042.5953551,646354,4,16354,6.25,18477218.75,221153229243.8972,True
9/2/20,2020-09-02 23:50:00,11418.0179849,11958.245337,646498,4,16498,6.25,18478118.75,210983492214.6179,True
9/3/20,2020-09-03 23:50:00,10238.457762,11437.3894461,646627,4,16627,6.25,18478925.0,189195693099.66586,True
9/4/20,2020-09-04 23:50:00,10511.8138807,10663.9200452,646761,4,16761,6.25,18479762.5,194255823959.53934,True
9/5/20,2020-09-05 23:50:00,10169.567221,10580.8922559,646902,4,16902,6.25,18480643.75,187940148902.97852,True
9/6/20,2020-09-06 23:50:00,10280.3517032,10343.160911,647053,4,17053,6.25,18481587.5,189997219533.46484,True
9/7/20,2020-09-07 23:50:00,10369.5637386,10389.4370614,647225,4,17225,6.25,18482662.5,191657146852.782,True
9/8/20,2020-09-08 23:50:00,10131.5166457,10397.3710152,647382,4,17382,6.25,18483643.75,187267344326.31375,True
9/9/20,2020-09-09 23:50:00,10242.3477803,10347.6212141,647532,4,17532,6.25,18484581.25,189325509735.7125,True
9/10/20,2020-09-10 23:50:00,10363.1390401,10473.0039208,647688,4,17688,6.25,18485556.25,191568389652.33957,True
9/11/20,2020-09-11 23:50:00,10400.9146854,10417.8780711,647828,4,17828,6.25,18486431.25,192275794268.76245,True
9/12/20,2020-09-12 23:50:00,10442.1706031,10577.3888071,647997,4,17997,6.25,18487487.5,193049498497.6787,True
9/13/20,2020-09-13 23:50:00,10323.7557975,10569.9882593,648159,4,18159,6.25,18488500.0,190870759062.07874,True
9/14/20,2020-09-14 23:50:00,10680.8374328,10800.0110604,648333,4,18333,6.25,18489587.5,197484278287.03098,True
9/15/20,2020-09-15 23:50:00,10796.9509861,10931.5974081,648492,4,18492,6.25,18490581.25,199641899460.7497,True
9/16/20,2020-09-16 23:50:00,10974.9048915,11093.8696198,648646,4,18646,6.25,18491543.75,202942933953.26126,True
9/17/20,2020-09-17 23:50:00,10948.9899152,11030.9183467,648823,4,18823,6.25,18492650.0,202475838355.32327,True
9/18/20,2020-09-18 23:50:00,10944.5858045,11024.7067263,648990,4,18990,6.25,18493693.75,202405818089.0204,True
9/19/20,2020-09-19 23:50:00,11094.3462761,11117.6915429,649138,4,19138,6.25,18494618.75,205185704656.95172,True
9/20/20,2020-09-20 23:50:00,10938.2712894,11086.0313848,649281,4,19281,6.25,18495512.5,202308933361.4888,True
9/21/20,2020-09-21 23:50:00,10462.2596185,10984.4542397,649426,4,19426,6.25,18496418.75,193514334974.99124,True
9/22/20,2020-09-22 23:50:00,10538.4603213,10567.0999907,649554,4,19554,6.25,18497218.75,194932205851.28137,True
9/23/20,2020-09-23 23:50:00,10225.8639271,10554.7316346,649696,4,19696,6.25,18498106.25,189159117421.53806,True
9/24/20,2020-09-24 23:50:00,10745.5486217,10761.6002357,649834,4,19834,6.25,18498968.75,198781568154.43387,True
9/25/20,2020-09-25 23:50:00,10702.290491,10754.7665854,650002,4,20002,6.25,18500018.75,197992574751.44672,True
9/26/20,2020-09-26 23:50:00,10754.4375117,10774.9471436,650152,4,20152,6.25,18500956.25,198967377897.32056,True
9/27/20,2020-09-27 23:50:00,10774.4267558,10803.2776673,650305,4,20305,6.25,18501912.5,199347501073.47046,True
9/28/20,2020-09-28 23:50:00,10721.3270409,10946.3427897,650433,4,20433,6.25,18502712.5,198373631856.24844,True
9/29/20,2020-09-29 23:50:00,10848.8304873,10856.1086153,650574,4,20574,6.25,18503593.75,200742351999.61374,True
9/30/20,2020-09-30 23:50:00,10787.6178668,10850.1145187,650730,4,20730,6.25,18504568.75,199620216464.92892,True
10/1/20,2020-10-01 23:50:00,10623.3301247,10915.8440154,650854,4,20854,6.25,18505343.75,196588375727.30386,True
10/2/20,2020-10-02 23:50:00,10575.972665210369,10659.6579189,650991,4,20991,6.25,18506200.0,195721065336.91614,True
10/3/20,2020-10-03 23:50:00,10549.328899609458,10598.927198105193,651142,4,21142,6.25,18507143.75,195237946411.10156,True
10/4/20,2020-10-04 23:50:00,10668.427291917362,10685.35464071163,651300,4,21300,6.25,18508131.25,197452652549.8886,True
10/5/20,2020-10-05 23:50:00,10793.339427509689,10793.339427509689,651440,4,21440,6.25,18509006.25,199773986922.14825,True
10/6/20,2020-10-06 23:50:00,10604.372976655219,10797.489621149189,651569,4,21569,6.25,18509812.5,196284955477.955,True
10/7/20,2020-10-07 23:50:00,10669.002892309303,10680.504039530637,651721,4,21721,6.25,18510762.5,197491378651.3506,True
10/8/20,2020-10-08 23:50:00,10915.611170349574,10945.737033240006,651882,4,21882,6.25,18511768.75,202067269750.42816,True
10/9/20,2020-10-09 23:50:00,11064.457592443927,11100.677136703001,652022,4,22022,6.25,18512643.75,204832361695.8971,True
10/10/20,2020-10-10 23:50:00,11296.361428209482,11442.060975220249,652166,4,22166,6.25,18513543.75,209135681516.96872,True
10/11/20,2020-10-11 23:50:00,11384.210120673994,11423.006309865266,652306,4,22306,6.25,18514418.75,210772033312.14636,True
10/12/20,2020-10-12 23:50:00,11555.352382617039,11698.442901825807,652457,4,22457,6.25,18515362.5,213951538179.39316,True
10/13/20,2020-10-13 23:50:00,11425.899400698005,11543.955433178202,652622,4,22622,6.25,18516393.75,211566452251.2133,True
10/14/20,2020-10-14 23:50:00,11429.530525949574,11529.301601408046,652772,4,22772,6.25,18517331.25,211644402780.995,True
10/15/20,2020-10-15 23:50:00,11495.136250345737,11556.472548513864,652923,4,22923,6.25,18518275.0,212870094246.3712,True
10/16/20,2020-10-16 23:50:00,11322.122100253333,11539.946088413446,653078,4,23078,6.25,18519243.75,209677138941.85342,True
10/17/20,2020-10-17 23:50:00,11357.507699419104,11386.261571130499,653234,4,23234,6.25,18520218.75,210343527048.05106,True
10/18/20,2020-10-18 23:50:00,11483.347447046355,11483.347447046355,653355,4,23355,6.25,18520975.0,212682790983.05936,True
10/19/20,2020-10-19 23:50:00,11742.056464068413,11791.49047818413,653480,4,23480,6.25,18521756.25,217483507701.21204,True
10/20/20,2020-10-20 23:50:00,11916.334474515823,11987.823798913829,653622,4,23622,6.25,18522643.75,220722018277.30005,True
10/21/20,2020-10-21 23:50:00,12823.721613011157,13147.496521624995,653753,4,23753,6.25,18523462.5,237539726409.0517,True
10/22/20,2020-10-22 23:50:00,12965.938910967061,13155.786266146388,653890,4,23890,6.25,18524318.75,240185185279.7817,True
10/23/20,2020-10-23 23:50:00,12928.422292893309,13010.64366197185,654020,4,24020,6.25,18525131.25,239500719831.27448,True
10/24/20,2020-10-24 23:50:00,13112.518308892806,13139.486148661907,654173,4,24173,6.25,18526087.5,242923661535.90015,True
10/25/20,2020-10-25 23:50:00,13025.152726171285,13318.190589190126,654288,4,24288,6.25,18526806.25,241314480934.43472,True
10/26/20,2020-10-26 23:50:00,13072.25343050888,13209.648495549329,654401,4,24401,6.25,18527512.5,242196338836.92114,True
10/27/20,2020-10-27 23:50:00,13638.61347118853,13744.301586231923,654499,4,24499,6.25,18528125.0,252697935220.865,True
10/28/20,2020-10-28 23:50:00,13274.101551486901,13832.620149144715,654599,4,24599,6.25,18528750.0,245952509122.1129,True
10/29/20,2020-10-29 23:50:00,13449.310773172034,13612.048016575749,654705,4,24705,6.25,18529412.5,249207827156.79855,True
10/30/20,2020-10-30 23:50:00,13567.751090472695,13636.993735020553,654819,4,24819,6.25,18530125.0,251412123675.34534,True
10/31/20,2020-10-31 23:50:00,13779.026945510965,13937.82064535533,654930,4,24930,6.25,18530818.75,255336650878.62982,True
11/1/20,2020-11-01 23:50:00,13712.179226753678,13849.082396144488,655055,4,25055,6.25,18531600.0,254108620558.50845,True
11/2/20,2020-11-02 23:50:00,13558.759567504292,13807.538533259712,655150,4,25150,6.25,18532193.75,251273559314.65573,True
11/3/20,2020-11-03 23:50:00,13914.806921199463,13972.310976751849,655291,4,25291,6.25,18533075.0,257884160281.10873,True
11/4/20,2020-11-04 23:50:00,14127.434501432557,14211.42080148839,655451,4,25451,6.25,18534075.0,261838930607.1386,True
11/5/20,2020-11-05 23:50:00,15556.660674219534,15706.294204427159,655597,4,25597,6.25,18534987.5,288342511138.40063,True
11/6/20,2020-11-06 23:50:00,15552.789426236757,15902.977502865262,655749,4,25749,6.25,18535937.5,288285532755.3854,True
11/7/20,2020-11-07 23:50:00,14849.092332069495,15718.370066838641,655897,4,25897,6.25,18536862.5,275255582809.3766,True
11/8/20,2020-11-08 23:50:00,15486.128766242586,15637.320337875113,656035,4,26035,6.25,18537725.0,287077596383.19434,True
11/9/20,2020-11-09 23:50:00,15336.738597655203,15680.519983305114,656216,4,26216,6.25,18538856.25,284325592205.7564,True
11/10/20,2020-11-10 23:50:00,15289.794466324061,15422.066501643483,656365,4,26365,6.25,18539787.5,283469540324.324,True
11/11/20,2020-11-11 23:50:00,15693.906873452925,15897.545893842045,656513,4,26513,6.25,18540712.5,290976215342.46454,True
11/12/20,2020-11-12 23:50:00,16281.414511965559,16304.983801021912,656672,4,26672,6.25,18541706.25,301885205215.3525,True
11/13/20,2020-11-13 23:50:00,16311.513322639245,16462.7165484064,656812,4,26812,6.25,18542581.25,302457561095.49567,True
11/14/20,2020-11-14 23:50:00,16075.452733873577,16287.409802662723,656955,4,26955,6.25,18543475.0,298094755884.26636,True
11/15/20,2020-11-15 23:50:00,15962.09895156044,16113.37208835909,657105,4,27105,6.25,18544412.5,296007747323.5543,True
11/16/20,2020-11-16 23:50:00,16709.612283879444,16804.40914198469,657265,4,27265,6.25,18545412.5,309886652519.6114,True
11/17/20,2020-11-17 23:50:00,17667.381593434377,17764.488394381795,657422,4,27422,6.25,18546393.75,327666215563.33636,True
11/18/20,2020-11-18 23:50:00,17812.23323674995,18393.585252100722,657586,4,27586,6.25,18547418.75,330370948714.66925,True
11/19/20,2020-11-19 23:50:00,17797.55269185706,18102.563991722185,657726,4,27726,6.25,18548293.75,330114235359.668,True
11/20/20,2020-11-20 23:50:00,18624.912737033366,18772.92326413713,657894,4,27894,6.25,18549343.75,345479908672.9853,True
11/21/20,2020-11-21 23:50:00,18681.88473987622,18902.528810188593,658064,4,28064,6.25,18550406.25,346556551440.37946,True
11/22/20,2020-11-22 23:50:00,18406.836393857495,18667.39875303723,658239,4,28239,6.25,18551500.0,341474425360.64734,True
11/23/20,2020-11-23 23:50:00,18340.95092402201,18711.426730614538,658386,4,28386,6.25,18552418.75,340269001815.65576,True
11/24/20,2020-11-24 23:50:00,19081.11380920774,19345.07067041079,658521,4,28521,6.25,18553262.5,354016913294.60614,True
11/25/20,2020-11-25 23:50:00,18764.47654404935,19304.08068637422,658676,4,28676,6.25,18554231.25,348160437083.49243,True
11/26/20,2020-11-26 23:50:00,17106.29070146959,18859.140989390897,658827,4,28827,6.25,18555175.0,317410217566.641,True
11/27/20,2020-11-27 23:50:00,17096.724533063225,17439.32663545536,658981,4,28981,6.25,18556137.5,317249171235.1445,True
11/28/20,2020-11-28 23:50:00,17714.060585997013,17848.094118104986,659134,4,29134,6.25,18557093.75,328721482987.5265,True
11/29/20,2020-11-29 23:50:00,18147.63645981038,18280.71327981859,659283,4,29283,6.25,18558025.0,336784291112.0725,True
11/30/20,2020-11-30 23:50:00,19689.81054499716,19733.996478529585,659395,4,29395,6.25,18558725.0,365417779206.7024,True
12/1/20,2020-12-01 23:50:00,18863.78086086128,19837.436989346123,659550,4,29550,6.25,18559693.75,350105995744.6967,True
12/2/20,2020-12-02 23:50:00,19196.437039164783,19285.287732488137,659681,4,29681,6.25,18560512.5,356295709620.8809,True
12/3/20,2020-12-03 23:50:00,19437.08165850093,19562.79626940973,659836,4,29836,6.25,18561481.25,360781026758.98395,True
12/4/20,2020-12-04 23:50:00,18756.340876715585,19498.51255009411,659981,4,29981,6.25,18562387.5,348162467435.68445,True
12/5/20,2020-12-05 23:50:00,19137.370640297184,19150.060857200166,660125,4,30125,6.25,18563287.5,355252513189.8957,True
12/6/20,2020-12-06 23:50:00,19331.057919958297,19390.49989515353,660261,4,30261,6.25,18564137.5,358864417246.5698,True
12/7/20,2020-12-07 23:50:00,19198.32218907732,19411.827676314646,660410,4,30410,6.25,18565068.75,356418171324.871,True
12/8/20,2020-12-08 23:50:00,18327.694817576405,19264.883753495436,660554,4,30554,6.25,18565968.75,340271409242.66046,True
12/9/20,2020-12-09 23:50:00,18564.904366246454,18621.947904360775,660694,4,30694,6.25,18566843.75,344691678601.7907,True
12/10/20,2020-12-10 23:50:00,18272.716243561048,18522.56403982824,660821,4,30821,6.25,18567637.5,339281171350.8032,True
12/11/20,2020-12-11 23:50:00,18079.312133207175,18268.45284469928,660963,4,30963,6.25,18568525.0,335706159328.26074,True
12/12/20,2020-12-12 23:50:00,18799.9244382663,18911.89271400882,661095,4,31095,6.25,18569350.0,349102376867.7203,True
12/13/20,2020-12-13 23:50:00,19148.693456271252,19357.82631002193,661251,4,31251,6.25,18570325.0,355597460808.33044,True
12/14/20,2020-12-14 23:50:00,19246.47838730268,19290.531155626784,661394,4,31394,6.25,18571218.75,357430560297.7453,True
12/15/20,2020-12-15 23:50:00,19423.81741657513,19512.5267271921,661535,4,31535,6.25,18572100.0,360741079442.37494,True
12/16/20,2020-12-16 23:50:00,21344.961281247066,21379.868630681747,661675,4,31675,6.25,18572975.0,396439432252.5697,True
12/17/20,2020-12-17 23:50:00,22790.806538276374,23629.668667540278,661808,4,31808,6.25,18573806.25,423312024923.1786,True
12/18/20,2020-12-18 23:50:00,23078.763955584098,23207.708030581678,661965,4,31965,6.25,18574787.5,428683136237.63403,True
12/19/20,2020-12-19 23:50:00,23851.242514075984,24075.229852357108,662122,4,32122,6.25,18575768.75,443055165341.6441,True
12/20/20,2020-12-20 23:50:00,23549.781123366854,24157.634714688877,662274,4,32274,6.25,18576718.75,437477660552.8451,True
12/21/20,2020-12-21 23:50:00,22875.455699730974,24048.725240120602,662409,4,32409,6.25,18577562.5,424970207977.7334,True
12/22/20,2020-12-22 23:50:00,23758.933628169103,23758.933628169103,662551,4,32551,6.25,18578450.0,441404160464.2583,True
12/23/20,2020-12-23 23:50:00,23279.54929310205,23986.52099433714,662707,4,32707,6.25,18579425.0,432520640124.99255,True
12/24/20,2020-12-24 23:50:00,23764.75340487314,23764.75340487314,662832,4,32832,6.25,18580206.25,441554019742.9327,True
12/25/20,2020-12-25 23:50:00,24688.21152033385,24688.21152033385,662976,4,32976,6.25,18581106.25,458734281381.7973,True
12/26/20,2020-12-26 23:50:00,26440.24870020325,26682.22230843532,663114,4,33114,6.25,18581968.75,491311875089.4049,True
12/27/20,2020-12-27 23:50:00,26388.149455672108,28261.888449484297,663260,4,33260,6.25,18582881.25,490367847742.0069,True
12/28/20,2020-12-28 23:50:00,27098.952753928424,27331.516896321646,663421,4,33421,6.25,18583887.5,503603889346.82104,True
12/29/20,2020-12-29 23:50:00,27324.988106434248,27324.988106434248,663572,4,33572,6.25,18584831.25,507830292866.3375,True
12/30/20,2020-12-30 23:50:00,28827.007973579824,28925.502759164025,663745,4,33745,6.25,18585912.5,535776247833.75696,True
12/31/20,2020-12-31 23:50:00,28988.642493531017,29244.750457311442,663911,4,33911,6.25,18586950.0,538810448595.13635,True
1/1/21,2021-01-01 23:50:00,29354.310492680135,29578.49943279484,664059,4,34059,6.25,18587875.0,545634254149.1268,True
1/2/21,2021-01-02 23:50:00,32031.61971248076,33138.55131144833,664211,4,34211,6.25,18588825.0,595430173301.8551,True
1/3/21,2021-01-03 23:50:00,32939.057471683795,34550.7171433011,664370,4,34370,6.25,18589818.75,612331108194.435,True
1/4/21,2021-01-04 23:50:00,31930.83940605436,33371.974733220486,664541,4,34541,6.25,18590887.5,593622643178.5234,True
1/5/21,2021-01-05 23:50:00,34070.20033180983,34437.590591803695,664698,4,34698,6.25,18591868.75,633428692855.2148,True
1/6/21,2021-01-06 23:50:00,36850.14715350343,36850.14715350343,664877,4,34877,6.25,18592987.5,685154325398.2499,True
1/7/21,2021-01-07 23:50:00,39241.93637401782,39994.00006379788,665044,4,35044,6.25,18594031.25,729665791248.9991,True
1/8/21,2021-01-08 23:50:00,40771.75946402795,41880.5870543262,665192,4,35192,6.25,18594956.25,758149083469.1232,True
1/9/21,2021-01-09 23:50:00,40388.87363752308,41427.55484277812,665332,4,35332,6.25,18595831.25,751064678540.9529,True
1/10/21,2021-01-10 23:50:00,38474.29606929845,41362.023746932035,665490,4,35490,6.25,18596818.75,715499510534.5807,True
1/11/21,2021-01-11 23:50:00,35603.36377377936,38081.69796643741,665645,4,35645,6.25,18597787.5,662143793749.9467,True
1/12/21,2021-01-12 23:50:00,33879.45142976907,36501.41653661454,665792,4,35792,6.25,18598706.25,630113965053.4175,True
1/13/21,2021-01-13 23:50:00,37320.808100849805,37594.034577345155,665944,4,35944,6.25,18599656.25,694154201648.0217,True
1/14/21,2021-01-14 23:50:00,39192.56322801528,39966.405242409746,666090,4,36090,6.25,18600568.75,729003966811.4202,True
1/15/21,2021-01-15 23:50:00,36732.76292548016,39569.28097355389,666247,4,36247,6.25,18601550.0,683286326196.4655,True
1/16/21,2021-01-16 23:50:00,36206.743416714606,37855.80476246281,666394,4,36394,6.25,18602468.75,673534812948.7017,True
1/17/21,2021-01-17 23:50:00,35774.02336857131,36672.59778664833,666526,4,36526,6.25,18603293.75,665514665344.8966,True
1/18/21,2021-01-18 23:50:00,36642.53189467641,37299.28580604374,666669,4,36669,6.25,18604187.5,681704533843.2902,True
1/19/21,2021-01-19 23:50:00,36072.63455672601,37688.63877099805,666819,4,36819,6.25,18605125.0,671135875007.2069,True
1/20/21,2021-01-20 23:50:00,35553.550809646295,36354.5263553737,666962,4,36962,6.25,18606018.75,661510032993.3567,True
1/21/21,2021-01-21 23:50:00,30818.59900858709,35399.167209017665,667091,4,37091,6.25,18606825.0,573436278497.9535,True
1/22/21,2021-01-22 23:50:00,33004.723330040426,33792.0865494384,667232,4,37232,6.25,18607706.25,614142196587.9141,True
1/23/21,2021-01-23 23:50:00,32057.57127381432,33321.509648732084,667386,4,37386,6.25,18608668.75,596548724763.9263,True
1/24/21,2021-01-24 23:50:00,32293.27014680785,32944.008941954155,667526,4,37526,6.25,18609543.75,600963023627.5896,True
1/25/21,2021-01-25 23:50:00,32368.11499830086,34776.43299036101,667667,4,37667,6.25,18610425.0,602384376567.2533,True
1/26/21,2021-01-26 23:50:00,32571.321685764407,32769.60140700591,667828,4,37828,6.25,18611431.25,606198914276.2384,True
1/27/21,2021-01-27 23:50:00,30438.367004209395,32325.865997117584,667968,4,37968,6.25,18612306.25,566528208432.2402,True
1/28/21,2021-01-28 23:50:00,33459.35125206922,33840.34840151445,668115,4,38115,6.25,18613225.0,622786433208.796,True
1/29/21,2021-01-29 23:50:00,34318.52819983214,38406.260964717745,668264,4,38264,6.25,18614156.25,638810446181.7067,True
1/30/21,2021-01-30 23:50:00,34258.12290596416,34834.70830093816,668402,4,38402,6.25,18615018.75,637715600234.3274,True
1/31/21,2021-01-31 23:50:00,33108.29665129587,34273.00080846009,668546,4,38546,6.25,18615918.75,616341360411.4209,True
2/1/21,2021-02-01 23:50:00,33543.85974350085,34624.49247736299,668666,4,38666,6.25,18616668.75,624474925441.2152,True
2/2/21,2021-02-02 23:50:00,35524.119952273206,35851.48273623023,668818,4,38818,6.25,18617618.75,661374521700.6908,True
2/3/21,2021-02-03 23:50:00,37451.367472916325,37456.33874191112,668967,4,38967,6.25,18618550.0,697290157862.8662,True
2/4/21,2021-02-04 23:50:00,36924.74200585988,38533.24730990356,669127,4,39127,6.25,18619550.0,687522080015.2084,True
2/5/21,2021-02-05 23:50:00,38123.15354014715,38192.94717347667,669298,4,39298,6.25,18620618.75,709876707618.7928,True
2/6/21,2021-02-06 23:50:00,39271.99676818323,40822.46673710171,669456,4,39456,6.25,18621606.25,731307660468.3806,True
2/7/21,2021-02-07 23:50:00,38904.21414938871,39557.868720962375,669611,4,39611,6.25,18622575.0,724496645813.0525,True
2/8/21,2021-02-08 23:50:00,45981.864589684476,46036.94882633672,669775,4,39775,6.25,18623600.0,856347853372.4478,True
2/9/21,2021-02-09 23:50:00,46506.134809077426,47899.078723420804,669916,4,39916,6.25,18624481.25,866152635761.6349,True
2/10/21,2021-02-10 23:50:00,44886.381099679624,47121.36181243526,670061,4,40061,6.25,18625387.5,836026241454.2091,True
2/11/21,2021-02-11 23:50:00,47812.53533389692,48447.695340995706,670189,4,40189,6.25,18626187.5,890565247979.5392,True
2/12/21,2021-02-12 23:50:00,47482.86135240913,48700.082693441764,670331,4,40331,6.25,18627075.0,884466819625.9263,True
2/13/21,2021-02-13 23:50:00,47067.939135262444,47980.18319843375,670488,4,40488,6.25,18628056.25,876784217783.2451,True
2/14/21,2021-02-14 23:50:00,48747.45244155483,49450.49053524839,670637,4,40637,6.25,18628987.5,908115682190.5695,True
2/15/21,2021-02-15 23:50:00,47984.954753679056,48845.8473812547,670788,4,40788,6.25,18629931.25,893956408095.4015,True
2/16/21,2021-02-16 23:50:00,49175.90051592181,50335.71618308319,670908,4,40908,6.25,18630681.25,916180527693.8497,True
2/17/21,2021-02-17 23:50:00,52138.04498768492,52476.9063988643,671048,4,41048,6.25,18631556.25,971412917953.0822,True
2/18/21,2021-02-18 23:50:00,51649.57543629381,52472.16330065121,671185,4,41185,6.25,18632412.5,962356194978.8937,True
2/19/21,2021-02-19 23:50:00,55776.18881251338,55971.57629986965,671337,4,41337,6.25,18633362.5,1039297945012.0063,True
2/20/21,2021-02-20 23:50:00,56134.54415202914,57420.927321472416,671482,4,41482,6.25,18634268.75,1046026181887.6519,True
2/21/21,2021-02-21 23:50:00,57487.03807408455,58317.21845890304,671625,4,41625,6.25,18635162.5,1071280296154.2527,True
2/22/21,2021-02-22 23:50:00,54092.68879988714,57532.312313361384,671758,4,41758,6.25,18635993.75,1008071010395.3917,True
2/23/21,2021-02-23 23:50:00,48548.9572135791,53895.9778134711,671884,4,41884,6.25,18636781.25,904796295505.0833,True
2/24/21,2021-02-24 23:50:00,49652.01003172871,51225.07905595051,672043,4,42043,6.25,18637775.0,925402991269.1025,True
2/25/21,2021-02-25 23:50:00,47209.544068730516,51927.276023973434,672198,4,42198,6.25,18638743.75,879926594451.4005,True
2/26/21,2021-02-26 23:50:00,46243.95205410501,48370.785259758704,672338,4,42338,6.25,18639618.75,861969635781.7968,True
2/27/21,2021-02-27 23:50:00,46319.696393610844,48201.00633893261,672495,4,42495,6.25,18640600.0,863426932594.7423,True
2/28/21,2021-02-28 23:50:00,45119.12569768188,46716.43099301506,672626,4,42626,6.25,18641418.75,841084515764.3738,True
3/1/21,2021-03-01 23:50:00,49768.16035012147,49768.16035012147,672755,4,42755,6.25,18642225.0,927789243083.0432,True
3/2/21,2021-03-02 23:50:00,48401.732978524866,50127.5098838278,672897,4,42897,6.25,18643112.5,902358953113.5991,True
3/3/21,2021-03-03 23:50:00,50698.56833524798,52420.905491263424,673051,4,43051,6.25,18644075.0,945227910434.9885,True
3/4/21,2021-03-04 23:50:00,48515.770213777236,51660.78581468406,673179,4,43179,6.25,18644875.0,904570471164.5999,True
3/5/21,2021-03-05 23:50:00,48915.789594568705,49396.43086209414,673328,4,43328,6.25,18645806.25,912074335346.0941,True
3/6/21,2021-03-06 23:50:00,48905.87987030982,49126.37569618784,673481,4,43481,6.25,18646762.5,911936326795.198,True
3/7/21,2021-03-07 23:50:00,51282.11369865597,51282.11369865597,673625,4,43625,6.25,18647662.5,956291548539.1633,True
3/8/21,2021-03-08 23:50:00,52307.860713183174,52307.860713183174,673780,4,43780,6.25,18648631.25,975470005916.515,True
3/9/21,2021-03-09 23:50:00,54696.82182220556,54814.669673250384,673922,4,43922,6.25,18649518.75,1020069404138.6317,True
3/10/21,2021-03-10 23:50:00,56128.767227455,57231.299286999354,674071,4,44071,6.25,18650450.0,1046826766737.2881,True
3/11/21,2021-03-11 23:50:00,57800.36671419076,58037.59913747704,674203,4,44203,6.25,18651275.0,1078050534687.2183,True
3/12/21,2021-03-12 23:50:00,57372.32951283427,57957.297967584556,674353,4,44353,6.25,18652212.5,1070120881693.4064,True
3/13/21,2021-03-13 23:50:00,61217.050879895614,61683.86401412094,674495,4,44495,6.25,18653100.0,1141887771767.781,True
3/14/21,2021-03-14 23:50:00,59728.59392893374,61542.381391246076,674653,4,44653,6.25,18654087.5,1114182417402.2988,True
3/15/21,2021-03-15 23:50:00,55813.8936028549,60530.19597044824,674800,4,44800,6.25,18655006.25,1041208533998.0931,True
3/16/21,2021-03-16 23:50:00,56488.62247040071,56786.92663968548,674950,4,44950,6.25,18655943.75,1053848563322.7817,True
3/17/21,2021-03-17 23:50:00,58748.92354285633,58937.45155945296,675085,4,45085,6.25,18656787.5,1096066182392.8177,True
3/18/21,2021-03-18 23:50:00,57887.8812431903,59902.311874431216,675238,4,45238,6.25,18657743.75,1080057254465.876,True
3/19/21,2021-03-19 23:50:00,58374.206863912295,59337.5780297121,675384,4,45384,6.25,18658656.25,1089184259740.13,True
3/20/21,2021-03-20 23:50:00,58443.52143446477,59978.645029979445,675539,4,45539,6.25,18659625.0,1090534193646.5747,True
3/21/21,2021-03-21 23:50:00,57521.45671319987,58762.21615724124,675696,4,45696,6.25,18660606.25,1073385254651.4419,True
3/22/21,2021-03-22 23:50:00,54608.25914921329,58268.12503501239,675847,4,45847,6.25,18661550.0,1019074758526.0013,True
3/23/21,2021-03-23 23:50:00,54888.85537030697,55950.624548593245,676005,4,46005,6.25,18662537.5,1024365321680.4302,True
3/24/21,2021-03-24 23:50:00,52774.26369049241,57255.88815079073,676156,4,46156,6.25,18663481.25,984951480870.0608,True
3/25/21,2021-03-25 23:50:00,51704.16192519879,53368.36839424509,676314,4,46314,6.25,18664468.75,965030714497.8126,True
3/26/21,2021-03-26 23:50:00,55137.31372577932,55137.31372577932,676449,4,46449,6.25,18665312.5,1029155191102.2103,True
3/27/21,2021-03-27 23:50:00,56067.945548474745,56545.42662502776,676606,4,46606,6.25,18666293.75,1046580741566.8345,True
3/28/21,2021-03-28 23:50:00,55991.20119647779,56604.11902118629,676766,4,46766,6.25,18667293.75,1045204200150.0024,True
3/29/21,2021-03-29 23:50:00,57769.14012066299,58326.22596429072,676919,4,46919,6.25,18668250.0,1078448750057.5669,True
3/30/21,2021-03-30 23:50:00,58937.638886814275,59357.36863831654,677063,4,47063,6.25,18669150.0,1100315621023.7688,True
3/31/21,2021-03-31 23:50:00,58954.497008149716,59915.9679897843,677220,4,47220,6.25,18670131.25,1100688196919.8875,True
4/1/21,2021-04-01 23:50:00,59118.97407768802,59499.555147926614,677366,4,47366,6.25,18671043.75,1103812951459.629,True
4/2/21,2021-04-02 23:50:00,59392.14948112517,60214.815776878815,677506,4,47506,6.25,18671918.75,1108965389499.4238,True
4/3/21,2021-04-03 23:50:00,57642.97095819078,60110.26846076259,677638,4,47638,6.25,18672743.75,1076352425690.9884,True
4/4/21,2021-04-04 23:50:00,58752.80659415484,58906.16483412305,677783,4,47783,6.25,18673650.0,1097129346856.9396,True
4/5/21,2021-04-05 23:50:00,58898.76589833386,59871.55186197132,677939,4,47939,6.25,18674625.0,1099912366114.173,True
4/6/21,2021-04-06 23:50:00,58243.4539402529,59424.7284205247,678083,4,48083,6.25,18675525.0,1087727080147.5415,True
4/7/21,2021-04-07 23:50:00,56219.39629880624,58661.01290303136,678240,4,48240,6.25,18676506.25,1049981906345.8816,True
4/8/21,2021-04-08 23:50:00,58321.10713544663,58321.10713544663,678375,4,48375,6.25,18677350.0,1089283730356.2341,True
4/9/21,2021-04-09 23:50:00,58245.00300108353,58895.439393891305,678526,4,48526,6.25,18678293.75,1087917275523.8698,True
4/10/21,2021-04-10 23:50:00,59793.23541009381,61117.44805484623,678684,4,48684,6.25,18679281.25,1116894661072.6013,True
4/11/21,2021-04-11 23:50:00,60226.42360963432,60720.91509486643,678827,4,48827,6.25,18680175.0,1125040132652.1008,True
4/12/21,2021-04-12 23:50:00,59915.46446523154,61180.641565999016,678972,4,48972,6.25,18681081.25,1119285659806.4783,True
4/13/21,2021-04-13 23:50:00,63603.70817233695,63603.70817233695,679115,4,49115,6.25,18681975.0,1188242885982.8945,True
4/14/21,2021-04-14 23:50:00,62922.213180229075,64716.59006496912,679248,4,49248,6.25,18682806.25,1175563517667.4163,True
4/15/21,2021-04-15 23:50:00,63285.56727067338,63728.788755876754,679421,4,49421,6.25,18683887.5,1182420419258.9436,True
4/16/21,2021-04-16 23:50:00,61611.99680584272,63522.53030814143,679524,4,49524,6.25,18684531.25,1151191279693.6685,True
4/17/21,2021-04-17 23:50:00,60803.84653163625,62531.22033818043,679614,4,49614,6.25,18685093.75,1136125572804.2356,True
4/18/21,2021-04-18 23:50:00,56163.105403277135,61019.4826683183,679740,4,49740,6.25,18685881.25,1049457118196.8699,True
4/19/21,2021-04-19 23:50:00,55657.83923174755,57425.649033052156,679837,4,49837,6.25,18686487.5,1040049517081.0602,True
4/20/21,2021-04-20 23:50:00,56379.21247716248,56992.4462219785,679964,4,49964,6.25,18687281.25,1053574200214.2445,True
4/21/21,2021-04-21 23:50:00,53861.436959475745,56725.539479708335,680065,4,50065,6.25,18687912.5,1006557821022.9487,True
4/22/21,2021-04-22 23:50:00,51826.89354372698,55358.35068275881,680209,4,50209,6.25,18688812.5,968583095896.1742,True
4/23/21,2021-04-23 23:50:00,51027.733327861744,51992.02940381633,680343,4,50343,6.25,18689650.0,953690476191.0713,True
4/24/21,2021-04-24 23:50:00,50020.15342145914,50953.38534590838,680486,4,50486,6.25,18690543.75,934903865905.4941,True
4/25/21,2021-04-25 23:50:00,49039.862341498076,50438.512545635596,680630,4,50630,6.25,18691443.75,916625828463.8546,True
4/26/21,2021-04-26 23:50:00,54006.25201262605,54273.61277521354,680744,4,50744,6.25,18692156.25,1009493301096.883,True
4/27/21,2021-04-27 23:50:00,54981.4799948714,55339.42924889731,680886,4,50886,6.25,18693043.75,1027771210983.8809,True
4/28/21,2021-04-28 23:50:00,54793.39452980505,56227.205648093426,681028,4,51028,6.25,18693931.25,1024303950294.3018,True
4/29/21,2021-04-29 23:50:00,53558.66206906318,55036.7007803366,681149,4,51149,6.25,18694687.5,1001262450299.2396,True
4/30/21,2021-04-30 23:50:00,57775.27815155285,57820.88959230066,681295,4,51295,6.25,18695600.0,1080143490210.1714,True
5/1/21,2021-05-01 23:50:00,57811.517527593925,58396.479340799204,681433,4,51433,6.25,18696462.5,1080870869522.7526,True
5/2/21,2021-05-02 23:50:00,56613.20264847865,57777.47635669103,681617,4,51617,6.25,18697612.5,1058531725505.2274,True
5/3/21,2021-05-03 23:50:00,57200.29122289164,58902.59506173514,681795,4,51795,6.25,18698725.0,1069572515496.7645,True
5/4/21,2021-05-04 23:50:00,53333.53775274298,56817.48767647069,681975,4,51975,6.25,18699850.0,997329155945.6309,True
5/5/21,2021-05-05 23:50:00,57424.005948133796,57626.56512846733,682133,4,52133,6.25,18700837.5,1073877003835.0835,True
5/6/21,2021-05-06 23:50:00,56485.701296946165,58257.59140991049,682302,4,52302,6.25,18701893.75,1056389584049.7244,True
5/7/21,2021-05-07 23:50:00,57369.55799873567,58516.49941823472,682475,4,52475,6.25,18702975.0,1072981409011.4032,True
5/8/21,2021-05-08 23:50:00,58766.58487466966,59454.684236560126,682647,4,52647,6.25,18704050.0,1099173141825.0651,True
5/9/21,2021-05-09 23:50:00,58218.56607679752,59210.88178941727,682832,4,52832,6.25,18705206.25,1088990286045.751,True
5/10/21,2021-05-10 23:50:00,55824.86166666395,59463.95058466406,683012,4,53012,6.25,18706331.25,1044278354322.043,True
5/11/21,2021-05-11 23:50:00,56714.088910232254,56841.43743443953,683185,4,53185,6.25,18707412.5,1060973855805.3903,True
5/12/21,2021-05-12 23:50:00,49916.49449913513,57864.12196565971,683354,4,53354,6.25,18708468.75,933861177446.6165,True
5/13/21,2021-05-13 23:50:00,49729.30250032533,51231.57262017345,683517,4,53517,6.25,18709487.5,930409763513.5554,True
5/14/21,2021-05-14 23:50:00,49873.68639240858,51394.74432303983,683652,4,53652,6.25,18710331.25,933153193060.5819,True
5/15/21,2021-05-15 23:50:00,46803.830522483644,50503.28472204225,683772,4,53772,6.25,18711081.25,875750275717.4214,True
5/16/21,2021-05-16 23:50:00,46406.33154419618,49681.371184856136,683905,4,53905,6.25,18711912.5,868351215300.9889,True
5/17/21,2021-05-17 23:50:00,43382.14785916692,46304.7711743373,684028,4,54028,6.25,18712681.25,811796304828.9604,True
5/18/21,2021-05-18 23:50:00,42985.843096399796,45683.80267396585,684128,4,54128,6.25,18713306.25,804407246277.3777,True
5/19/21,2021-05-19 23:50:00,37151.95393552557,43411.9336612907,684253,4,54253,6.25,18714087.5,695264916745.3949,True
5/20/21,2021-05-20 23:50:00,40512.11108015661,42243.73680361134,684365,4,54365,6.25,18714787.5,758175550041.5264,True
5/21/21,2021-05-21 23:50:00,37273.44235496146,42086.17357881632,684475,4,54475,6.25,18715475.0,697590178558.2223,True
5/22/21,2021-05-22 23:50:00,37645.72214685647,38831.05443914335,684588,4,54588,6.25,18716181.25,704584158987.7047,True
5/23/21,2021-05-23 23:50:00,34888.67831280685,38252.37539432502,684710,4,54710,6.25,18716943.75,653009429492.6508,True
5/24/21,2021-05-24 23:50:00,38669.0184494052,39772.241344445494,684836,4,54836,6.25,18717731.25,723796295037.2583,True
5/25/21,2021-05-25 23:50:00,38211.78552190482,39757.6513493549,684958,4,54958,6.25,18718493.75,715267068468.1158,True
5/26/21,2021-05-26 23:50:00,39266.35535111086,40757.083542456305,685081,4,55081,6.25,18719262.5,735037213235.7239,True
5/27/21,2021-05-27 23:50:00,38530.1395731867,40200.864778131894,685198,4,55198,6.25,18719993.75,721283971996.6827,True
5/28/21,2021-05-28 23:50:00,35690.74355653414,38802.17256075511,685317,4,55317,6.25,18720737.5,668157041301.692,True
5/29/21,2021-05-29 23:50:00,34613.06385325806,37059.05075877222,685432,4,55432,6.25,18721456.25,648006960607.2273,True
5/30/21,2021-05-30 23:50:00,35639.981454563684,36253.963203400875,685577,4,55577,6.25,18722362.5,667264652285.6185,True
5/31/21,2021-05-31 23:50:00,37317.276797389924,37441.24993794711,685718,4,55718,6.25,18723243.75,698700469563.751,True
6/1/21,2021-06-01 23:50:00,36642.32959185035,37774.14729875218,685859,4,55859,6.25,18724125.0,686095559569.0049,True
6/2/21,2021-06-02 23:50:00,37659.80709526973,38144.364009141646,686026,4,56026,6.25,18725168.75,705186242951.373,True
6/3/21,2021-06-03 23:50:00,39173.79329215054,39415.20865400059,686173,4,56173,6.25,18726087.5,733571880895.7241,True
6/4/21,2021-06-04 23:50:00,36975.00656850563,39088.70126406424,686301,4,56301,6.25,18726887.5,692426788320.166,True
6/5/21,2021-06-05 23:50:00,35533.74658759773,37903.0705641638,686434,4,56434,6.25,18727718.75,665466012226.3025,True
6/6/21,2021-06-06 23:50:00,35797.42238993168,36414.632958038594,686584,4,56584,6.25,18728656.25,670437618577.0839,True
6/7/21,2021-06-07 23:50:00,33577.694225233514,36744.22203925278,686717,4,56717,6.25,18729487.5,628893004270.3333,True
6/8/21,2021-06-08 23:50:00,33452.00225490226,34017.3879785938,686865,4,56865,6.25,18730412.5,626569801185.2495,True
6/9/21,2021-06-09 23:50:00,37290.99177617837,37495.52790952097,686993,4,56993,6.25,18731212.5,698505491295.3495,True
6/10/21,2021-06-10 23:50:00,36744.73930845569,38231.9675123469,687110,4,57110,6.25,18731943.75,688300389834.4059,True
6/11/21,2021-06-11 23:50:00,37242.88691336585,37536.91287668851,687215,4,57215,6.25,18732600.0,697656103393.3171,True
6/12/21,2021-06-12 23:50:00,35512.90011452891,37293.4536933927,687346,4,57346,6.25,18733418.75,665278028872.393,True
6/13/21,2021-06-13 23:50:00,39019.88742092465,39151.09753627003,687478,4,57478,6.25,18734243.75,731008082041.1613,True
6/14/21,2021-06-14 23:50:00,40536.096186703144,40879.502717485266,687615,4,57615,6.25,18735100.0,759447815667.5021,True
6/15/21,2021-06-15 23:50:00,40239.188062720765,41295.26857449296,687745,4,57745,6.25,18735912.5,753917906614.1808,True
6/16/21,2021-06-16 23:50:00,38287.525924097135,40451.48858714006,687867,4,57867,6.25,18736675.0,717380929793.8827,True
6/17/21,2021-06-17 23:50:00,38109.19708064974,39486.11214307462,687997,4,57997,6.25,18737487.5,714070603933.711,True
6/18/21,2021-06-18 23:50:00,35713.84377788781,38156.17734814479,688123,4,58123,6.25,18738275.0,669215826017.1006,True
6/19/21,2021-06-19 23:50:00,35668.695876869904,36342.74866986256,688225,4,58225,6.25,18738912.5,668392571025.7759,True
6/20/21,2021-06-20 23:50:00,35704.62085788758,35945.193321169834,688330,4,58330,6.25,18739568.75,669089197259.0684,True
6/21/21,2021-06-21 23:50:00,31586.754526998815,35687.860962114304,688436,4,58436,6.25,18740231.25,591943084272.9421,True
6/22/21,2021-06-22 23:50:00,32477.421130990322,33171.27596645672,688527,4,58527,6.25,18740800.0,608652853931.6635,True
6/23/21,2021-06-23 23:50:00,33652.92415463683,34668.49810636159,688627,4,58627,6.25,18741425.0,630703754074.8146,True
6/24/21,2021-06-24 23:50:00,34629.99104463987,35088.18860585352,688732,4,58732,6.25,18742081.25,649038105845.4128,True
6/25/21,2021-06-25 23:50:00,31670.672544371268,35487.248003497145,688843,4,58843,6.25,18742775.0,593596289597.8281,True
6/26/21,2021-06-26 23:50:00,31982.57003176423,32572.296443080922,688930,4,58930,6.25,18743318.75,599459504549.5546,True
6/27/21,2021-06-27 23:50:00,34607.288973134804,34607.288973134804,688990,4,58990,6.25,18743693.75,648668426030.1908,True
6/28/21,2021-06-28 23:50:00,34408.64609236688,35212.122992047094,689077,4,59077,6.25,18744237.5,644963834408.7717,True
6/29/21,2021-06-29 23:50:00,35900.15433447891,36449.25298188638,689167,4,59167,6.25,18744800.0,672941212968.9403,True
6/30/21,2021-06-30 23:50:00,35024.606828788485,36041.04999741165,689256,4,59256,6.25,18745356.25,656548732521.8229,True
7/1/21,2021-07-01 23:50:00,33568.58643061468,34986.54721921013,689352,4,59352,6.25,18745956.25,629275252602.6465,True
7/2/21,2021-07-02 23:50:00,33933.60148407786,33933.60148407786,689442,4,59442,6.25,18746518.75,636136896476.2935,True
7/3/21,2021-07-03 23:50:00,34674.53246619413,34895.048376443076,689568,4,59568,6.25,18747306.25,650054079219.3091,True
7/4/21,2021-07-04 23:50:00,35285.09656628057,35937.56714724345,689684,4,59684,6.25,18748031.25,661526093083.8958,True
7/5/21,2021-07-05 23:50:00,33821.80911722237,35004.406843192555,689815,4,59815,6.25,18748850.0,634120025867.4347,True
7/6/21,2021-07-06 23:50:00,34158.92122381347,34945.812978697424,689957,4,59957,6.25,18749737.5,640470806229.6814,True
7/7/21,2021-07-07 23:50:00,33850.91409077919,34974.943359721474,690080,4,60080,6.25,18750506.25,634721776227.3683,True
7/8/21,2021-07-08 23:50:00,32847.39678991275,33845.51736846679,690220,4,60220,6.25,18751381.25,615934060277.6802,True
7/9/21,2021-07-09 23:50:00,33878.23686193274,34013.19442972885,690349,4,60349,6.25,18752187.5,635291049804.3744,True
7/10/21,2021-07-10 23:50:00,33517.87334009401,34186.76376778192,690511,4,60511,6.25,18753200.0,628567382321.451,True
7/11/21,2021-07-11 23:50:00,34242.67250669811,34535.22769151196,690637,4,60637,6.25,18753987.5,642186652157.21,True
7/12/21,2021-07-12 23:50:00,33186.37684498091,34539.65885259225,690760,4,60760,6.25,18754756.25,622402408548.261,True
7/13/21,2021-07-13 23:50:00,32616.020911028223,33286.44977866559,690898,4,60898,6.25,18755618.75,611733653349.2731,True
7/14/21,2021-07-14 23:50:00,32808.31518654271,33007.58012485572,691066,4,61066,6.25,18756668.75,615374700199.5762,True
7/15/21,2021-07-15 23:50:00,31671.443053709256,33106.30679308324,691196,4,61196,6.25,18757481.25,594076499240.3942,True
7/16/21,2021-07-16 23:50:00,31426.89947869541,32180.856348001584,691347,4,61347,6.25,18758425.0,589519136853.647,True
7/17/21,2021-07-17 23:50:00,31548.922957613315,31918.036728461084,691490,4,61490,6.25,18759318.75,591836301981.0609,True
7/18/21,2021-07-18 23:50:00,31814.34827840592,32329.231923359748,691633,4,61633,6.25,18760212.5,596843934251.9042,True
7/19/21,2021-07-19 23:50:00,30834.368390233183,31854.419597831187,691802,4,61802,6.25,18761268.75,578491872105.6697,True
7/20/21,2021-07-20 23:50:00,29783.01141710609,30985.16512263149,691926,4,61926,6.25,18762043.75,558790163214.4939,True
7/21/21,2021-07-21 23:50:00,32131.635486882926,32701.083920816116,692071,4,62071,6.25,18762950.0,602884270058.61,True
7/22/21,2021-07-22 23:50:00,32328.209838049966,32453.288678065015,692221,4,62221,6.25,18763887.5,606602892477.5627,True
7/23/21,2021-07-23 23:50:00,33498.822498185575,33498.822498185575,692357,4,62357,6.25,18764737.5,628596610737.5465,True
7/24/21,2021-07-24 23:50:00,34265.55624474202,34455.95096185917,692511,4,62511,6.25,18765700.0,643017148821.9554,True
7/25/21,2021-07-25 23:50:00,35242.6443568511,35242.6443568511,692665,4,62665,6.25,18766662.5,661386812252.5542,True
7/26/21,2021-07-26 23:50:00,37401.18874998933,40375.636335035066,692815,4,62815,6.25,18767600.0,701930549984.2997,True
7/27/21,2021-07-27 23:50:00,39315.132254921446,39315.132254921446,692985,4,62985,6.25,18768662.5,737892448435.4846,True
7/28/21,2021-07-28 23:50:00,40021.27288558416,40789.96724469255,693142,4,63142,6.25,18769643.75,751185034483.9492,True
7/29/21,2021-07-29 23:50:00,40037.52162230717,40464.15252622536,693301,4,63301,6.25,18770637.5,751529804770.7397,True
7/30/21,2021-07-30 23:50:00,42080.75491077187,42080.75491077187,693468,4,63468,6.25,18771681.25,789926517944.3818,True
7/31/21,2021-07-31 23:50:00,41692.75732333602,42127.00156785641,693626,4,63626,6.25,18772668.75,782684322505.1238,True
8/1/21,2021-08-01 23:50:00,40135.33200074718,42388.190386671726,693781,4,63781,6.25,18773637.5,753486173924.1772,True
8/2/21,2021-08-02 23:50:00,39183.67244883457,40292.87420412265,693923,4,63923,6.25,18774525.0,735654837982.4559,True
8/3/21,2021-08-03 23:50:00,38160.716653116004,39750.030905504216,694093,4,64093,6.25,18775587.5,716489874583.2866,True
8/4/21,2021-08-04 23:50:00,39799.303765271405,39926.332164743035,694227,4,64227,6.25,18776425.0,747288642200.8362,True
8/5/21,2021-08-05 23:50:00,40854.599720736376,41338.3054450523,694389,4,64389,6.25,18777437.5,767144692843.6448,True
8/6/21,2021-08-06 23:50:00,42826.8312632613,43203.45982177748,694546,4,64546,6.25,18778418.75,804220171197.1122,True
8/7/21,2021-08-07 23:50:00,44689.86095932558,44689.86095932558,694714,4,64714,6.25,18779468.75,839251847327.4998,True
8/8/21,2021-08-08 23:50:00,43785.48181939978,45215.443125658174,694870,4,64870,6.25,18780443.75,822310778375.8851,True
8/9/21,2021-08-09 23:50:00,46284.97398221619,46415.402621088426,695025,4,65025,6.25,18781412.5,869297188911.7699,True
8/10/21,2021-08-10 23:50:00,45594.07627236636,46583.84831563575,695190,4,65190,6.25,18782443.75,856368172918.9308,True
8/11/21,2021-08-11 23:50:00,45593.63593070519,46696.98513536593,695335,4,65335,6.25,18783350.0,856401221459.0114,True
8/12/21,2021-08-12 23:50:00,44428.288466806436,46202.14234153518,695486,4,65486,6.25,18784293.75,834554021370.2292,True
8/13/21,2021-08-13 23:50:00,47831.97604291269,47831.97604291269,695629,4,65629,6.25,18785187.5,898532638461.6229,True
8/14/21,2021-08-14 23:50:00,47096.94566198037,47749.18473897818,695794,4,65794,6.25,18786218.75,884773523662.8268,True
8/15/21,2021-08-15 23:50:00,47064.63037062539,47314.7751729148,695974,4,65974,6.25,18787343.75,884219389239.6292,True
8/16/21,2021-08-16 23:50:00,46004.484078602196,47982.38263720507,696135,4,66135,6.25,18788350.0,864348348438.2056,True
8/17/21,2021-08-17 23:50:00,44695.35761921304,47005.31109645284,696309,4,66309,6.25,18789437.5,839800628526.3523,True
8/18/21,2021-08-18 23:50:00,44801.18871714413,45888.99413677647,696444,4,66444,6.25,18790281.25,841826936329.4648,True
8/19/21,2021-08-19 23:50:00,46717.578745203784,46718.03863874707,696598,4,66598,6.25,18791243.75,877881409610.9435,True
8/20/21,2021-08-20 23:50:00,49339.17603687802,49339.17603687802,696756,4,66756,6.25,18792231.25,927193205769.4703,True
8/21/21,2021-08-21 23:50:00,48905.49058554897,49669.06500905479,696927,4,66927,6.25,18793300.0,919095556221.3975,True
8/22/21,2021-08-22 23:50:00,49321.65404941213,49438.58671382486,697089,4,67089,6.25,18794312.5,926966579221.542,True
8/23/21,2021-08-23 23:50:00,49546.147707289056,50430.15555567046,697289,4,67289,6.25,18795562.5,931247715866.5831,True
8/24/21,2021-08-24 23:50:00,47756.00188106575,49860.95714961957,697441,4,67441,6.25,18796512.5,897646286307.4758,True
8/25/21,2021-08-25 23:50:00,48961.76778660005,49079.5627660962,697601,4,67601,6.25,18797512.5,920359441990.7118,True
8/26/21,2021-08-26 23:50:00,46940.70765177846,49256.47134929076,697749,4,67749,6.25,18798437.5,882411958997.7291,True
8/27/21,2021-08-27 23:50:00,49024.03094495386,49108.14361512954,697893,4,67893,6.25,18799337.5,921619303344.6316,True
8/28/21,2021-08-28 23:50:00,48883.29014045116,49214.54346248404,698035,4,68035,6.25,18800225.0,919016853380.7633,True
8/29/21,2021-08-29 23:50:00,48947.258970319264,49576.811877309294,698191,4,68191,6.25,18801200.0,920267205352.7666,True
8/30/21,2021-08-30 23:50:00,47093.88091858282,48870.295906043466,698326,4,68326,6.25,18802043.75,885461209388.4844,True
8/31/21,2021-08-31 23:50:00,47238.2268323822,48146.4134303925,698471,4,68471,6.25,18802950.0,888218017217.9409,True
9/1/21,2021-09-01 23:50:00,48763.85643533685,48865.712352761046,698605,4,68605,6.25,18803787.5,916945194090.5817,True
9/2/21,2021-09-02 23:50:00,49341.853804627746,50232.356964386796,698756,4,68756,6.25,18804731.25,927860300172.8148,True
9/3/21,2021-09-03 23:50:00,50011.34681209545,50879.77899341004,698904,4,68904,6.25,18805656.25,940496196747.8004,True
9/4/21,2021-09-04 23:50:00,49951.92415055585,50482.774617248244,699060,4,69060,6.25,18806631.25,939427417727.4734,True
9/5/21,2021-09-05 23:50:00,51741.55077722714,51838.402662961875,699223,4,69223,6.25,18807650.0,973136977475.3159,True
9/6/21,2021-09-06 23:50:00,52610.5411520828,52664.295230881035,699394,4,69394,6.25,18808718.75,989536871814.8263,True
9/7/21,2021-09-07 23:50:00,46795.20910754369,52791.34676728047,699549,4,69549,6.25,18809687.5,880203259810.0508,True
9/8/21,2021-09-08 23:50:00,46039.08212736113,47308.486828063564,699691,4,69691,6.25,18810575.0,866021607287.8861,True
9/9/21,2021-09-09 23:50:00,46377.168738477005,47220.243336833155,699827,4,69827,6.25,18811425.0,872420631436.2048,True
9/10/21,2021-09-10 23:50:00,44888.12370523385,46976.87759090298,699964,4,69964,6.25,18812281.25,844448007927.6512,True
9/11/21,2021-09-11 23:50:00,45147.44035889953,45898.39987410094,700112,4,70112,6.25,18813206.25,849368107131.5508,True
9/12/21,2021-09-12 23:50:00,46082.23150321188,46323.41691044233,700259,4,70259,6.25,18814125.0,866996863780.3662,True
9/13/21,2021-09-13 23:50:00,45004.701974221185,46590.212286517584,700415,4,70415,6.25,18815100.0,846767968115.1691,True
9/14/21,2021-09-14 23:50:00,47031.16732364414,47213.51859372544,700584,4,70584,6.25,18816156.25,884945792981.5825,True
9/15/21,2021-09-15 23:50:00,48143.03744946416,48420.14100896387,700727,4,70727,6.25,18817050.0,905909942838.4396,True
9/16/21,2021-09-16 23:50:00,47799.18503883096,48462.699741814125,700862,4,70862,6.25,18817893.75,899479985397.3107,True
9/17/21,2021-09-17 23:50:00,47204.66266010661,48128.81887163652,701010,4,71010,6.25,18818818.75,888335990755.4391,True
9/18/21,2021-09-18 23:50:00,48234.21547366776,48735.179566915314,701166,4,71166,6.25,18819793.75,907757986907.4858,True
9/19/21,2021-09-19 23:50:00,47257.2870422188,48268.78428466977,701325,4,71325,6.25,18820787.5,889419357248.1035,True
9/20/21,2021-09-20 23:50:00,42907.065767455875,47265.04973205322,701487,4,71487,6.25,18821800.0,807588210461.901,True
9/21/21,2021-09-21 23:50:00,40633.9343353387,43505.85253430615,701611,4,71611,6.25,18822575.0,764835276571.9878,True
9/22/21,2021-09-22 23:50:00,43569.17620056878,43914.27224088964,701747,4,71747,6.25,18823425.0,820121120523.1914,True
9/23/21,2021-09-23 23:50:00,44890.04746964758,44924.69547313718,701912,4,71912,6.25,18824456.25,845030734652.8041,True
9/24/21,2021-09-24 23:50:00,42796.24321532524,45080.49106253164,702059,4,72059,6.25,18825375.0,805655327119.7034,True
9/25/21,2021-09-25 23:50:00,42746.97922403371,42949.94878876226,702203,4,72203,6.25,18826275.0,804766386290.9453,True
9/26/21,2021-09-26 23:50:00,43247.456876465236,43728.332642842484,702342,4,72342,6.25,18827143.75,814226087435.137,True
9/27/21,2021-09-27 23:50:00,42248.01771773999,44258.67214441821,702498,4,72498,6.25,18828118.75,795450694541.7125,True
9/28/21,2021-09-28 23:50:00,41032.26192917951,42740.03423224173,702647,4,72647,6.25,18829050.0,772598511477.6176,True
9/29/21,2021-09-29 23:50:00,41538.282988017854,42495.31165818561,702778,4,72778,6.25,18829868.75,782160416764.734,True
9/30/21,2021-09-30 23:50:00,43750.871798624525,43985.74094105001,702949,4,72949,6.25,18830937.5,823869932410.411,True
10/1/21,2021-10-01 23:50:00,48118.17770595206,48391.600300849736,703090,4,73090,6.25,18831818.75,906152801138.78,True
10/2/21,2021-10-02 23:50:00,47756.25428303739,48257.58396329426,703279,4,73279,6.25,18833000.0,899393536912.4432,True
10/3/21,2021-10-03 23:50:00,48220.65303746762,49044.01625337841,703429,4,73429,6.25,18833937.5,908184765516.8503,True
10/4/21,2021-10-04 23:50:00,49080.66909231698,49454.95689059655,703585,4,73585,6.25,18834912.5,924430107795.2448,True
10/5/21,2021-10-05 23:50:00,51559.362044222966,51726.744079826116,703749,4,73749,6.25,18835937.5,971168921004.8561,True
10/6/21,2021-10-06 23:50:00,55431.02700201357,55568.46354624718,703880,4,73880,6.25,18836756.25,1044140744324.0979,True
10/7/21,2021-10-07 23:50:00,53776.5428709291,55227.23238771941,704021,4,74021,6.25,18837637.5,1013023020605.7717,True
10/8/21,2021-10-08 23:50:00,53884.290533191845,55825.339836948144,704140,4,74140,6.25,18838381.25,1015092808450.0337,True
10/9/21,2021-10-09 23:50:00,55068.64354562132,55284.42973221289,704287,4,74287,6.25,18839300.0,1037454696349.0238,True
10/10/21,2021-10-10 23:50:00,54675.093215311404,56008.56137205678,704450,4,74450,6.25,18840318.75,1030096183862.4292,True
10/11/21,2021-10-11 23:50:00,57434.24099023865,57742.37280065599,704595,4,74595,6.25,18841225.0,1082131457201.3092,True
10/12/21,2021-10-12 23:50:00,56064.76997697855,57592.80312180871,704729,4,74729,6.25,18842062.5,1056375899954.3534,True
10/13/21,2021-10-13 23:50:00,57377.79917693812,57613.03417209089,704898,4,74898,6.25,18843118.75,1081176683504.6973,True
10/14/21,2021-10-14 23:50:00,57354.32086331414,58412.3024983027,705035,4,75035,6.25,18843975.0,1080783388490.27,True
10/15/21,2021-10-15 23:50:00,61571.094905218495,62330.099354910446,705177,4,75177,6.25,18844862.5,1160298817463.293,True
10/16/21,2021-10-16 23:50:00,60890.14283083667,62169.73270078696,705310,4,75310,6.25,18845693.75,1147516984183.7058,True
10/17/21,2021-10-17 23:50:00,61640.37510539247,61640.37510539247,705470,4,75470,6.25,18846693.75,1161717272246.4558,True
10/18/21,2021-10-18 23:50:00,61975.54697314697,62614.65904694762,705618,4,75618,6.25,18847618.75,1168091481172.5906,True
10/19/21,2021-10-19 23:50:00,64238.27110780218,64433.777432501,705771,4,75771,6.25,18848575.0,1210799870845.7424,True
10/20/21,2021-10-20 23:50:00,65996.5661678894,66928.67150387449,705921,4,75921,6.25,18849512.5,1244003098938.7083,True
10/21/21,2021-10-21 23:50:00,62385.16707125176,66600.54680827727,706069,4,76069,6.25,18850437.5,1175987692803.6892,True
10/22/21,2021-10-22 23:50:00,60703.42954102141,63715.021682356724,706227,4,76227,6.25,18851425.0,1144346149235.3496,True
10/23/21,2021-10-23 23:50:00,61342.90825481901,61722.60873681203,706373,4,76373,6.25,18852337.5,1156457209651.384,True
10/24/21,2021-10-24 23:50:00,60881.947564871894,61459.477946450315,706525,4,76525,6.25,18853287.5,1147824861000.4548,True
10/25/21,2021-10-25 23:50:00,62967.41302302343,63698.60948856404,706708,4,76708,6.25,18854431.25,1187214759832.95,True
10/26/21,2021-10-26 23:50:00,60449.35530260795,63228.59613770628,706857,4,76857,6.25,18855362.5,1139794507121.9702,True
10/27/21,2021-10-27 23:50:00,58639.68046139201,61388.745965597394,707014,4,77014,6.25,18856343.75,1105729972170.1663,True
10/28/21,2021-10-28 23:50:00,60572.27124397584,62128.63294631658,707167,4,77167,6.25,18857300.0,1142229490529.0256,True
10/29/21,2021-10-29 23:50:00,62234.031011430285,62897.85844774351,707339,4,77339,6.25,18858375.0,1173632694575.1816,True
10/30/21,2021-10-30 23:50:00,61735.370669844706,62184.708524694,707494,4,77494,6.25,18859343.75,1164288576996.269,True
10/31/21,2021-10-31 23:50:00,61366.99988156578,62368.7382987298,707633,4,77633,6.25,18860212.5,1157394658253.8054,True
11/1/21,2021-11-01 23:50:00,61058.22626537975,62307.21405581675,707779,4,77779,6.25,18861125.0,1151626837869.6106,True
11/2/21,2021-11-02 23:50:00,63176.571785319764,64200.04495881577,707938,4,77938,6.25,18862118.75,1191643999232.6008,True
11/3/21,2021-11-03 23:50:00,62999.122403911184,63474.521294693106,708100,4,78100,6.25,18863131.25,1188360714539.7922,True
11/4/21,2021-11-04 23:50:00,61434.63281689667,63091.32935624826,708242,4,78242,6.25,18864018.75,1158904065357.3042,True
11/5/21,2021-11-05 23:50:00,61121.31052072735,62464.772703176604,708397,4,78397,6.25,18864987.5,1153052758957.14,True
11/6/21,2021-11-06 23:50:00,61493.6638971142,61590.68242934496,708550,4,78550,6.25,18865943.75,1160136004064.3623,True
11/7/21,2021-11-07 23:50:00,63252.42476178271,63252.42476178271,708703,4,78703,6.25,18866900.0,1193377172738.0784,True
11/8/21,2021-11-08 23:50:00,67589.00657928495,67673.73912296213,708839,4,78839,6.25,18867750.0,1275252478886.3037,True
11/9/21,2021-11-09 23:50:00,66945.69883396852,68419.36738878318,708992,4,78992,6.25,18868706.25,1263178725999.1196,True
11/10/21,2021-11-10 23:50:00,64818.21602921305,68683.27391531247,709140,4,79140,6.25,18869631.25,1223095834754.0896,True
11/11/21,2021-11-11 23:50:00,64816.13453056888,65478.073541883125,709298,4,79298,6.25,18870618.75,1223120563575.0757,True
11/12/21,2021-11-12 23:50:00,64282.438060508306,65460.81498300306,709441,4,79441,6.25,18871512.5,1213106833389.3582,True
11/13/21,2021-11-13 23:50:00,64468.22210883111,64829.688206722036,709593,4,79593,6.25,18872462.5,1216674104190.5862,True
11/14/21,2021-11-14 23:50:00,65342.41990215841,65342.41990215841,709749,4,79749,6.25,18873437.5,1233236078122.1428,True
11/15/21,2021-11-15 23:50:00,63743.399959489085,66281.56971124028,709902,4,79902,6.25,18874393.75,1203118029799.131,True
11/16/21,2021-11-16 23:50:00,60312.902355847786,63113.62110175266,710052,4,80052,6.25,18875331.25,1138426010615.5322,True
11/17/21,2021-11-17 23:50:00,60357.17150473297,60677.18054738765,710201,4,80201,6.25,18876262.5,1139317813080.8596,True
11/18/21,2021-11-18 23:50:00,56875.86578270761,60889.791738592416,710345,4,80345,6.25,18877162.5,1073654960708.3612,True
11/19/21,2021-11-19 23:50:00,58130.998447175196,58308.50156446157,710480,4,80480,6.25,18878006.25,1097397352004.5137,True
11/20/21,2021-11-20 23:50:00,59767.49239601791,59767.49239601791,710626,4,80626,6.25,18878918.75,1128345632835.6648,True
11/21/21,2021-11-21 23:50:00,58653.93706354738,59934.197850402656,710756,4,80756,6.25,18879731.25,1107370568514.1887,True
11/22/21,2021-11-22 23:50:00,56345.421342238486,59030.88711542876,710900,4,80900,6.25,18880631.25,1063837122988.6849,True
11/23/21,2021-11-23 23:50:00,57599.536234919666,57832.47921786725,711031,4,81031,6.25,18881450.0,1087562763442.824,True
11/24/21,2021-11-24 23:50:00,57185.986384863936,57722.70129871118,711187,4,81187,6.25,18882425.0,1079810098963.2144,True
11/25/21,2021-11-25 23:50:00,58927.890687830026,59339.10745279243,711318,4,81318,6.25,18883243.75,1112749723531.6497,True
11/26/21,2021-11-26 23:50:00,53761.70172458773,59102.156863284305,711449,4,81449,6.25,18884062.5,1015239335473.4724,True
11/27/21,2021-11-27 23:50:00,54542.06360428747,55286.65262790293,711591,4,81591,6.25,18884950.0,1030024144063.7886,True
11/28/21,2021-11-28 23:50:00,57201.70801545579,57393.84375116775,711731,4,81731,6.25,18885825.0,1080301447280.9954,True
11/29/21,2021-11-29 23:50:00,57816.06529203574,58745.73727640176,711876,4,81876,6.25,18886731.25,1091956487103.1317,True
11/30/21,2021-11-30 23:50:00,56915.51221084483,58975.639925582764,712010,4,82010,6.25,18887568.75,1074995649823.7961,True
12/1/21,2021-12-01 23:50:00,57182.67601379536,58983.431996972286,712146,4,82146,6.25,18888418.75,1080090329794.1476,True
12/2/21,2021-12-02 23:50:00,56448.44868071566,57349.23497932623,712300,4,82300,6.25,18889381.25,1066276268101.0975,True
12/3/21,2021-12-03 23:50:00,53765.79648309126,57482.16926596985,712470,4,82470,6.25,18890443.75,1015659754137.7833,True
12/4/21,2021-12-04 23:50:00,48962.920993272506,53858.253917122616,712622,4,82622,6.25,18891393.75,924977819634.052,True
12/5/21,2021-12-05 23:50:00,49174.902908060714,49768.14897629845,712791,4,82791,6.25,18892450.0,929034394445.3916,True
12/6/21,2021-12-06 23:50:00,50492.43559639025,50863.04297711098,712962,4,82962,6.25,18893518.75,953979778673.5667,True
12/7/21,2021-12-07 23:50:00,50592.088497950775,51900.33436979042,713117,4,83117,6.25,18894487.5,955911583723.4247,True
12/8/21,2021-12-08 23:50:00,50521.23639994827,51171.37531040532,713285,4,83285,6.25,18895537.5,954625916941.5875,True
12/9/21,2021-12-09 23:50:00,47911.076404276886,50760.40381440877,713448,4,83448,6.25,18896556.25,905354350271.466,True
12/10/21,2021-12-10 23:50:00,47262.23744299545,49803.63325914321,713602,4,83602,6.25,18897518.75,893139018245.9586,True
12/11/21,2021-12-11 23:50:00,49354.08716867792,49441.027005769705,713754,4,83754,6.25,18898468.75,932716674042.0356,True
12/12/21,2021-12-12 23:50:00,50118.920959284056,50724.86573999367,713895,4,83895,6.25,18899350.0,947215028831.8451,True
12/13/21,2021-12-13 23:50:00,46762.482528056156,50186.66802721073,714034,4,84034,6.25,18900218.75,883821149073.3143,True
12/14/21,2021-12-14 23:50:00,48413.70564738807,48413.70564738807,714184,4,84184,6.25,18901156.25,915075015082.7894,True
12/15/21,2021-12-15 23:50:00,48819.849347231386,49440.715226144566,714325,4,84325,6.25,18902037.5,922794623105.7181,True
12/16/21,2021-12-16 23:50:00,47695.28039490217,49425.57314325848,714440,4,84440,6.25,18902756.25,901572259580.2395,True
12/17/21,2021-12-17 23:50:00,46326.91959569937,47997.607306134065,714589,4,84589,6.25,18903687.5,875749610874.7273,True
12/18/21,2021-12-18 23:50:00,46962.91334059254,47267.143017174814,714715,4,84715,6.25,18904475.0,887809221174.3981,True
12/19/21,2021-12-19 23:50:00,46791.896055954865,47981.577512069096,714863,4,84863,6.25,18905400.0,884619511696.2491,True
12/20/21,2021-12-20 23:50:00,46853.71063454527,47293.427536427946,715009,4,85009,6.25,18906312.5,885830895041.2861,True
12/21/21,2021-12-21 23:50:00,48957.19391098451,49260.98734196136,715170,4,85170,6.25,18907318.75,925649270380.5433,True
12/22/21,2021-12-22 23:50:00,48646.43337566828,49536.39781561185,715318,4,85318,6.25,18908243.75,919818619835.2712,True
12/23/21,2021-12-23 23:50:00,50770.61418965044,51170.137974036,715471,4,85471,6.25,18909200.0,960031697834.9381,True
12/24/21,2021-12-24 23:50:00,50864.328952351185,51693.51106227913,715620,4,85620,6.25,18910131.25,961851136432.1359,True
12/25/21,2021-12-25 23:50:00,50649.92614866225,51138.73187234975,715767,4,85767,6.25,18911050.0,957843285893.6592,True
12/26/21,2021-12-26 23:50:00,50806.442175331875,51126.23029465343,715902,4,85902,6.25,18911893.75,960846036235.3953,True
12/27/21,2021-12-27 23:50:00,50610.956802940294,51944.555800477676,716050,4,86050,6.25,18912818.75,957195852778.0892,True
12/28/21,2021-12-28 23:50:00,47669.740372077125,50669.0117130933,716183,4,86183,6.25,18913650.0,901608784988.3365,True
12/29/21,2021-12-29 23:50:00,46407.595489642925,48110.85198709102,716328,4,86328,6.25,18914556.25,877779075316.0974,True
12/30/21,2021-12-30 23:50:00,47188.3205500879,47862.10768258174,716448,4,86448,6.25,18915306.25,892581534628.081,True
12/31/21,2021-12-31 23:50:00,46328.94313808985,48460.332477472606,716596,4,86596,6.25,18916231.25,876369001968.2084,True
1/1/22,2022-01-01 23:50:00,47620.42381093365,47798.28648774303,716770,4,86770,6.25,18917318.75,900850736241.5216,True
1/2/22,2022-01-02 23:50:00,47344.843409743444,47875.169416441655,716926,4,86926,6.25,18918293.75,895683655173.2781,True
1/3/22,2022-01-03 23:50:00,46467.61579525452,47480.669283986696,717066,4,87066,6.25,18919168.75,879128664640.5857,True
1/4/22,2022-01-04 23:50:00,45926.76178657015,47401.43000840687,717215,4,87215,6.25,18920100.0,868938925678.0858,True
1/5/22,2022-01-05 23:50:00,43589.355683071975,46882.5637382283,717365,4,87365,6.25,18921037.5,824755833480.2429,True
1/6/22,2022-01-06 23:50:00,43154.45522485052,43714.071786357345,717510,4,87510,6.25,18921943.75,816566174326.5151,True
1/7/22,2022-01-07 23:50:00,41564.23901043853,43124.57627210003,717650,4,87650,6.25,18922818.75,786512561276.2076,True
1/8/22,2022-01-08 23:50:00,41744.05783198559,42186.33861567254,717795,4,87795,6.25,18923725.0,789953070796.5916,True
1/9/22,2022-01-09 23:50:00,41910.512267790305,42632.66751573502,717935,4,87935,6.25,18924600.0,793139680463.0244,True
1/10/22,2022-01-10 23:50:00,41820.01786922383,42190.37379499369,718078,4,88078,6.25,18925493.75,791464486808.884,True
1/11/22,2022-01-11 23:50:00,42721.69548372346,43001.15712132047,718236,4,88236,6.25,18926481.25,808571368540.9017,True
1/12/22,2022-01-12 23:50:00,43935.643984912276,44050.94767032133,718375,4,88375,6.25,18927350.0,831585311177.8293,True
1/13/22,2022-01-13 23:50:00,42596.12337643765,44243.23853100117,718551,4,88551,6.25,18928450.0,806278591524.7313,True
1/14/22,2022-01-14 23:50:00,43101.3359962645,43346.688565720644,718712,4,88712,6.25,18929456.25,815884854057.839,True
1/15/22,2022-01-15 23:50:00,43198.869861811894,43688.66854408888,718878,4,88878,6.25,18930493.75,817775935926.0934,True
1/16/22,2022-01-16 23:50:00,43122.787414431456,43405.21924857154,719052,4,89052,6.25,18931581.25,816382553662.7865,True
1/17/22,2022-01-17 23:50:00,42235.18484870354,43173.84715245934,719215,4,89215,6.25,18932600.0,799621860666.5646,True
1/18/22,2022-01-18 23:50:00,42372.55327339866,42521.38038977191,719350,4,89350,6.25,18933443.75,802258353945.772,True
1/19/22,2022-01-19 23:50:00,41731.94792084117,42464.03027471654,719523,4,89523,6.25,18934525.0,790174611205.8652,True
1/20/22,2022-01-20 23:50:00,40706.93154831686,43413.02394236423,719691,4,89691,6.25,18935575.0,770809155353.02,True
1/21/22,2022-01-21 23:50:00,36440.26576859994,41037.45680512814,719826,4,89826,6.25,18936418.75,690048131955.499,True
1/22/22,2022-01-22 23:50:00,35036.944736200094,36643.103286910955,719960,4,89960,6.25,18937256.25,663503600686.5099,True
1/23/22,2022-01-23 23:50:00,36254.87985724281,36389.51836131359,720102,4,90102,6.25,18938143.75,686600126375.4438,True
1/24/22,2022-01-24 23:50:00,36656.19382217229,37195.268758481194,720251,4,90251,6.25,18939075.0,694234404012.6576,True
1/25/22,2022-01-25 23:50:00,36946.23828321742,37429.34807118738,720404,4,90404,6.25,18940031.25,699762907654.0842,True
1/26/22,2022-01-26 23:50:00,36851.36987997062,38729.00904390926,720533,4,90533,6.25,18940837.5,697995808548.918,True
1/27/22,2022-01-27 23:50:00,37148.322279089225,37148.322279089225,720664,4,90664,6.25,18941656.25,703650750874.7246,True
1/28/22,2022-01-28 23:50:00,37789.47882001971,37896.405984576726,720819,4,90819,6.25,18942625.0,715831926233.0758,True
1/29/22,2022-01-29 23:50:00,38137.47269687042,38565.63549315633,720964,4,90964,6.25,18943531.25,722458405829.1865,True
1/30/22,2022-01-30 23:50:00,37936.32877743922,38254.99767851084,721114,4,91114,6.25,18944468.75,718683595013.9231,True
1/31/22,2022-01-31 23:50:00,38455.68966345568,38645.16732172325,721255,4,91255,6.25,18945350.0,728556500165.5502,True
2/1/22,2022-02-01 23:50:00,38784.50229870542,39112.310703948206,721409,4,91409,6.25,18946312.5,734823300708.2412,True
2/2/22,2022-02-02 23:50:00,36924.10239441575,38813.98959351855,721562,4,91562,6.25,18947268.75,699610891419.5137,True
2/3/22,2022-02-03 23:50:00,37018.587002679,37109.85386919648,721709,4,91709,6.25,18948187.5,701435127511.8247,True
2/4/22,2022-02-04 23:50:00,41516.07281915828,41516.07281915828,721840,4,91840,6.25,18949006.25,786688323325.6854,True
2/5/22,2022-02-05 23:50:00,41421.47643291107,41824.83856487485,721959,4,91959,6.25,18949750.0,784926623034.5565,True
2/6/22,2022-02-06 23:50:00,42411.10429027431,42411.10429027431,722114,4,92114,6.25,18950718.75,803720909281.9067,True
2/7/22,2022-02-07 23:50:00,43921.9643782471,44380.93257085004,722251,4,92251,6.25,18951575.0,832390402061.6783,True
2/8/22,2022-02-08 23:50:00,44110.316690606414,45214.858389876266,722404,4,92404,6.25,18952531.25,836002155526.1146,True
2/9/22,2022-02-09 23:50:00,44347.12092966353,44707.05657591906,722544,4,92544,6.25,18953406.25,840528998997.7905,True
2/10/22,2022-02-10 23:50:00,43548.071888708066,45558.50470445345,722692,4,92692,6.25,18954331.25,825424579877.3859,True
2/11/22,2022-02-11 23:50:00,42407.68766214749,43806.41870450749,722832,4,92832,6.25,18955206.25,803846466221.5859,True
2/12/22,2022-02-12 23:50:00,42198.751431602344,42958.54658739382,723020,4,93020,6.25,18956381.25,799935620411.4374,True
2/13/22,2022-02-13 23:50:00,42242.10014713128,42693.05285475678,723179,4,93179,6.25,18957375.0,800799333276.7228,True
2/14/22,2022-02-14 23:50:00,42601.715072115156,42745.95420669346,723333,4,93333,6.25,18958337.5,807657692415.996,True
2/15/22,2022-02-15 23:50:00,44600.784173821485,44645.45825159684,723508,4,93508,6.25,18959431.25,845605501239.6565,True
2/16/22,2022-02-16 23:50:00,43980.5145592428,44486.15239809378,723664,4,93664,6.25,18960406.25,833888423127.2832,True
2/17/22,2022-02-17 23:50:00,40548.839847068106,44099.72808759147,723821,4,93821,6.25,18961387.5,768862265015.6991,True
2/18/22,2022-02-18 23:50:00,40031.590538056174,40889.881745104474,723954,4,93954,6.25,18962218.75,759087776693.0514,True
2/19/22,2022-02-19 23:50:00,40127.36921662781,40418.879215173474,724104,4,94104,6.25,18963156.25,760941572356.3533,True
2/20/22,2022-02-20 23:50:00,38460.391217218545,40111.21139928089,724248,4,94248,6.25,18964056.25,729365022440.3385,True
2/21/22,2022-02-21 23:50:00,37012.56063944516,39336.94145773036,724371,4,94371,6.25,18964825.0,701936735328.9656,True
2/22/22,2022-02-22 23:50:00,38314.64973454055,38323.382700623966,724522,4,94522,6.25,18965768.75,726666786602.545,True
2/23/22,2022-02-23 23:50:00,37311.625612215976,39122.39390456852,724673,4,94673,6.25,18966712.5,707678875894.5369,True
2/24/22,2022-02-24 23:50:00,38305.92776288476,38761.16106065878,724804,4,94804,6.25,18967531.25,726568881902.7593,True
2/25/22,2022-02-25 23:50:00,39216.70043785011,39513.770978546854,724937,4,94937,6.25,18968362.5,743876589959.0496,True
2/26/22,2022-02-26 23:50:00,39048.12227487686,39917.32059570626,725064,4,95064,6.25,18969156.25,740709932701.2446,True
2/27/22,2022-02-27 23:50:00,37721.43341561039,39772.66876599016,725199,4,95199,6.25,18970000.0,715575591894.129,True
2/28/22,2022-02-28 23:50:00,43204.6016302955,43600.72067298487,725353,4,95353,6.25,18970962.5,819632877355.7749,True
3/1/22,2022-03-01 23:50:00,44348.19642695179,44700.895987257354,725514,4,95514,6.25,18971968.75,841372596730.9911,True
3/2/22,2022-03-02 23:50:00,43936.409710091975,45039.6571215959,725651,4,95651,6.25,18972825.0,833597812557.8757,True
3/3/22,2022-03-03 23:50:00,42459.603765909036,44002.32359608386,725800,4,95800,6.25,18973756.25,805618172325.9401,True
3/4/22,2022-03-04 23:50:00,39146.88446939763,42478.43605570931,725937,4,95937,6.25,18974612.5,742796963389.0881,True
3/5/22,2022-03-05 23:50:00,39416.46268753545,39562.99510123047,726061,4,96061,6.25,18975387.5,747942653375.2766,True
3/6/22,2022-03-06 23:50:00,38423.618936056046,39631.680435410526,726191,4,96191,6.25,18976200.0,729134277654.3867,True
3/7/22,2022-03-07 23:50:00,38018.649504925204,39365.22978783714,726341,4,96341,6.25,18977137.5,721485139219.2726,True
3/8/22,2022-03-08 23:50:00,38726.30210218777,39245.14818117788,726488,4,96488,6.25,18978056.25,734949939649.8127,True
3/9/22,2022-03-09 23:50:00,41977.383461872,42432.58779884518,726626,4,96626,6.25,18978918.75,796685350060.4624,True
3/10/22,2022-03-10 23:50:00,39455.231918722646,41974.581208413474,726771,4,96771,6.25,18979825.0,748853397151.77,True
3/11/22,2022-03-11 23:50:00,38811.49634111457,40035.65756766953,726909,4,96909,6.25,18980687.5,736668883458.0891,True
3/12/22,2022-03-12 23:50:00,38934.943562897264,39263.46198994093,727066,4,97066,6.25,18981668.75,739050201510.8607,True
3/13/22,2022-03-13 23:50:00,37835.34056652247,39201.80413506599,727215,4,97215,6.25,18982600.0,718213135838.0695,True
3/14/22,2022-03-14 23:50:00,39618.09329122494,39680.846279686564,727368,4,97368,6.25,18983556.25,752092302511.7163,True
3/15/22,2022-03-15 23:50:00,39322.548492400296,39773.12078701224,727509,4,97509,6.25,18984437.5,746516464194.6926,True
3/16/22,2022-03-16 23:50:00,41144.92683386696,41307.05844845491,727663,4,97663,6.25,18985400.0,781152893911.6978,True
3/17/22,2022-03-17 23:50:00,40948.66565644693,41259.87106299213,727821,4,97821,6.25,18986387.5,777467233761.2433,True
3/18/22,2022-03-18 23:50:00,41819.07160191575,42168.02948921047,727965,4,97965,6.25,18987287.5,794030735488.6599,True
3/19/22,2022-03-19 23:50:00,42189.93851884893,42304.21624516333,728119,4,98119,6.25,18988250.0,801113100080.5332,True
3/20/22,2022-03-20 23:50:00,41245.0600499595,42226.2757899717,728275,4,98275,6.25,18989225.0,783211725427.1923,True
3/21/22,2022-03-21 23:50:00,41080.71049313168,41414.47979076896,728426,4,98426,6.25,18990168.75,780129624634.4663,True
3/22/22,2022-03-22 23:50:00,42356.043586636035,43124.70806932684,728577,4,98577,6.25,18991112.5,804388388808.7085,True
3/23/22,2022-03-23 23:50:00,42893.50667956705,42893.50667956705,728720,4,98720,6.25,18992006.25,814633746942.7542,True
3/24/22,2022-03-24 23:50:00,43957.60834926645,44073.03568353374,728865,4,98865,6.25,18992912.5,834883009086.8871,True
3/25/22,2022-03-25 23:50:00,44383.25712701017,44989.696068694844,729019,4,99019,6.25,18993875.0,843010037963.2903,True
3/26/22,2022-03-26 23:50:00,44521.22390547208,44720.0340492928,729180,4,99180,6.25,18994881.25,845675361189.1034,True
3/27/22,2022-03-27 23:50:00,46823.671757069,46823.671757069,729312,4,99312,6.25,18995706.25,889448714243.7041,True
3/28/22,2022-03-28 23:50:00,47063.11400761026,48083.00832706527,729471,4,99471,6.25,18996700.0,894043857868.3699,True
3/29/22,2022-03-29 23:50:00,47488.167076256184,47958.73067060564,729623,4,99623,6.25,18997650.0,902163577256.2383,True
3/30/22,2022-03-30 23:50:00,47098.9030284521,47655.14942974676,729758,4,99758,6.25,18998493.75,894808214817.9033,True
3/31/22,2022-03-31 23:50:00,45558.26359492149,47488.53351653603,729895,4,99895,6.25,18999350.0,865577395432.1716,True
4/1/22,2022-04-01 23:50:00,46259.21355292148,46605.06349241935,730036,4,100036,6.25,19000231.25,878935754948.6422,True
4/2/22,2022-04-02 23:50:00,45892.87697835152,46984.80664476856,730172,4,100172,6.25,19001081.25,872014284261.9117,True
4/3/22,2022-04-03 23:50:00,46440.88788145864,47306.95497635384,730309,4,100309,6.25,19001937.5,882466848967.9845,True
4/4/22,2022-04-04 23:50:00,46617.08557999999,46791.08904515544,730469,4,100469,6.25,19002937.5,885861563708.8911,True
4/5/22,2022-04-05 23:50:00,45581.29363685984,47084.112876772735,730611,4,100611,6.25,19003825.0,866218927548.4979,True
4/6/22,2022-04-06 23:50:00,43200.531454831995,45491.652533616776,730764,4,100764,6.25,19004781.25,821016650182.8263,True
4/7/22,2022-04-07 23:50:00,43526.58280559332,43857.34520223897,730900,4,100900,6.25,19005631.25,827250182375.6971,True
4/8/22,2022-04-08 23:50:00,42307.70715376531,43893.53053138535,731035,4,101035,6.25,19006475.0,804120378325.3616,True
4/9/22,2022-04-09 23:50:00,42772.67059905884,42772.67059905884,731189,4,101189,6.25,19007437.5,812998863119.6984,True
4/10/22,2022-04-10 23:50:00,42268.733034196666,43376.380660251634,731329,4,101329,6.25,19008312.5,803457286493.0834,True
4/11/22,2022-04-11 23:50:00,39506.75336961831,42417.188507240215,731466,4,101466,6.25,19009168.75,750990541567.7056,True
4/12/22,2022-04-12 23:50:00,40168.556330824256,40613.81601243098,731618,4,101618,6.25,19010118.75,763609025865.0334,True
4/13/22,2022-04-13 23:50:00,41161.49873770926,41341.73390845951,731758,4,101758,6.25,19010993.75,782520995243.2236,True
4/14/22,2022-04-14 23:50:00,39919.97210059123,41422.98365153628,731896,4,101896,6.25,19011856.25,758952771080.4509,True
4/15/22,2022-04-15 23:50:00,40546.2846225431,40566.71171668083,732054,4,102054,6.25,19012843.75,770900174171.4397,True
4/16/22,2022-04-16 23:50:00,40424.48329332248,40618.836411635064,732184,4,102184,6.25,19013656.25,768617229423.1016,True
4/17/22,2022-04-17 23:50:00,39722.81541401445,40565.80588638021,732350,4,102350,6.25,19014693.75,755317169985.2642,True
4/18/22,2022-04-18 23:50:00,40830.99198417304,40956.77189305199,732488,4,102488,6.25,19015556.25,776424024818.3416,True
4/19/22,2022-04-19 23:50:00,41502.28247948957,41611.58252991806,732611,4,102611,6.25,19016325.0,789220891871.7795,True
4/20/22,2022-04-20 23:50:00,41374.37820120313,42119.33839249507,732772,4,102772,6.25,19017331.25,786830255515.0591,True
4/21/22,2022-04-21 23:50:00,40527.36408353853,42893.58020438128,732940,4,102940,6.25,19018381.25,770764861198.2926,True
4/22/22,2022-04-22 23:50:00,39740.3198538771,40777.758643666486,733075,4,103075,6.25,19019225.0,755830084872.8557,True
4/23/22,2022-04-23 23:50:00,39486.728711324504,39934.22341606827,733239,4,103239,6.25,19020250.0,751047451771.57,True
4/24/22,2022-04-24 23:50:00,39485.89575200251,39845.377118828066,733408,4,103408,6.25,19021306.25,751073315654.4137,True
4/25/22,2022-04-25 23:50:00,40480.77421078146,40501.39852158849,733570,4,103570,6.25,19022318.75,770038190284.2646,True
4/26/22,2022-04-26 23:50:00,38069.26542510226,40704.92605074186,733710,4,103710,6.25,19023193.75,724199012101.8965,True
4/27/22,2022-04-27 23:50:00,39240.46981342193,39362.216098539204,733881,4,103881,6.25,19024262.5,746520998353.8647,True
4/28/22,2022-04-28 23:50:00,39755.269132457004,40252.802397302614,734012,4,104012,6.25,19025081.25,756347225360.6116,True
4/29/22,2022-04-29 23:50:00,38600.15334653246,39874.730846815066,734164,4,104164,6.25,19026031.25,734407723825.9187,True
4/30/22,2022-04-30 23:50:00,37716.88447570866,38747.7812560117,734313,4,104313,6.25,19026962.5,717637746536.1409,True
5/1/22,2022-05-01 23:50:00,38480.583526462186,38619.542619216336,734481,4,104481,6.25,19028012.5,732209024348.8165,True
5/2/22,2022-05-02 23:50:00,38531.468718772856,39033.81619137906,734637,4,104637,6.25,19028987.5,733214836606.1697,True
5/3/22,2022-05-03 23:50:00,37751.445816108404,38617.72542139361,734791,4,104791,6.25,19029950.0,718408126308.2521,True
5/4/22,2022-05-04 23:50:00,39693.11146084015,39867.63512445106,734936,4,104936,6.25,19030856.25,755393898326.4763,True
5/5/22,2022-05-05 23:50:00,36566.416494445504,39770.898826652476,735092,4,105092,6.25,19031831.25,695925868139.5034,True
5/6/22,2022-05-06 23:50:00,36054.160120902285,36571.34869281882,735233,4,105233,6.25,19032712.5,686208464010.0984,True
5/7/22,2022-05-07 23:50:00,35542.908406590104,36110.260480074685,735378,4,105378,6.25,19033618.75,676510167877.206,True
5/8/22,2022-05-08 23:50:00,33987.64136065116,35464.0050195392,735533,4,105533,6.25,19034587.5,646940733397.9336,True
5/9/22,2022-05-09 23:50:00,30384.579816402456,34186.96757197206,735687,4,105687,6.25,19035550.0,578387188324.1198,True
5/10/22,2022-05-10 23:50:00,31007.75508938427,32596.30783592046,735841,4,105841,6.25,19036512.5,590279517356.0023,True
5/11/22,2022-05-11 23:50:00,28900.18388178579,32013.401492754638,735985,4,105985,6.25,19037412.5,550184721883.4073,True
5/12/22,2022-05-12 23:50:00,29100.432458341842,29984.916102557057,736121,4,106121,6.25,19038262.5,554021672005.4323,True
5/13/22,2022-05-13 23:50:00,29260.857127744304,30901.01187479855,736273,4,106273,6.25,19039212.5,557103676787.2634,True
5/14/22,2022-05-14 23:50:00,30100.30606294746,30175.58006071642,736412,4,106412,6.25,19040081.25,573112273088.3872,True
5/15/22,2022-05-15 23:50:00,31300.556130751156,31300.556130751156,736535,4,106535,6.25,19040850.0,595989194202.2131,True
5/16/22,2022-05-16 23:50:00,29872.995474244934,31199.191541144104,736701,4,106701,6.25,19041887.5,568838219108.5812,True
5/17/22,2022-05-17 23:50:00,30440.96499625081,30694.490950877018,736846,4,106846,6.25,19042793.75,579681017974.5736,True
5/18/22,2022-05-18 23:50:00,28762.383964256107,30605.948931720905,736982,4,106982,6.25,19043643.75,547740593616.00604,True
5/19/22,2022-05-19 23:50:00,30339.662183305405,30376.5745675054,737104,4,107104,6.25,19044406.25,577800852106.6301,True
5/20/22,2022-05-20 23:50:00,29214.74441852466,30629.44885043781,737231,4,107231,6.25,19045200.0,556400650399.6859,True
5/21/22,2022-05-21 23:50:00,29423.897190124913,29568.220588682907,737366,4,107366,6.25,19046043.75,560408833178.6212,True
5/22/22,2022-05-22 23:50:00,30340.59826685322,30376.360104556537,737487,4,107487,6.25,19046800.0,577891307069.0999,True
5/23/22,2022-05-23 23:50:00,29113.477498262575,30584.871576340236,737648,4,107648,6.25,19047806.25,554547878650.6403,True
5/24/22,2022-05-24 23:50:00,29659.86374083428,29730.441506471794,737767,4,107767,6.25,19048550.0,564977397460.4689,True
5/25/22,2022-05-25 23:50:00,29571.57167099086,30155.91297993421,737911,4,107911,6.25,19049450.0,563322175967.9568,True
5/26/22,2022-05-26 23:50:00,29337.480184648204,29829.485954356212,738053,4,108053,6.25,19050337.5,558888898917.1106,True
5/27/22,2022-05-27 23:50:00,28607.080774661168,29334.083307877907,738191,4,108191,6.25,19051200.0,544999217254.22485,True
5/28/22,2022-05-28 23:50:00,29030.561174001778,29111.09258734439,738340,4,108340,6.25,19052131.25,553094061748.236,True
5/29/22,2022-05-29 23:50:00,29424.7278790451,29464.51999146892,738489,4,108489,6.25,19053062.5,560631179324.9387,True
5/30/22,2022-05-30 23:50:00,31703.036055187767,31900.07602029076,738642,4,108642,6.25,19054018.75,604070243427.4738,True
5/31/22,2022-05-31 23:50:00,31835.105083041748,32249.8639341789,738788,4,108788,6.25,19054931.25,606615738693.8861,True
6/1/22,2022-06-01 23:50:00,29791.517810438825,31928.965863482143,738924,4,108924,6.25,19055781.25,567700646501.2012,True
6/2/22,2022-06-02 23:50:00,30467.90705585703,30590.457845919802,739048,4,109048,6.25,19056556.25,580613384629.7114,True
6/3/22,2022-06-03 23:50:00,29715.661422085002,30617.811573917767,739191,4,109191,6.25,19057450.0,566304731768.3138,True
6/4/22,2022-06-04 23:50:00,29828.900897983014,29930.56394690468,739332,4,109332,6.25,19058331.25,568489074137.1827,True
6/5/22,2022-06-05 23:50:00,29902.225848888178,30086.269521040063,739478,4,109478,6.25,19059243.75,569913811121.5105,True
6/6/22,2022-06-06 23:50:00,31372.190936767518,31693.290111480805,739626,4,109626,6.25,19060168.75,597959253312.0095,True
6/7/22,2022-06-07 23:50:00,31164.901109324943,31489.68325235748,739786,4,109786,6.25,19061168.75,594039439121.9049,True
6/8/22,2022-06-08 23:50:00,30217.64285592475,31218.274710533376,739968,4,109968,6.25,19062306.25,576017962272.7622,True
6/9/22,2022-06-09 23:50:00,30112.46852410158,30609.310488057887,740114,4,110114,6.25,19063218.75,574040574577.4381,True
6/10/22,2022-06-10 23:50:00,29082.150028149434,30232.053688452423,740260,4,110260,6.25,19064131.25,554425925168.832,True
6/11/22,2022-06-11 23:50:00,28359.078867995013,29381.20582750684,740414,4,110414,6.25,19065093.75,540668497281.9688,True
6/12/22,2022-06-12 23:50:00,26773.588380931466,28493.337677919306,740542,4,110542,6.25,19065893.75,510462391377.07385,True
6/13/22,2022-06-13 23:50:00,22499.379928266026,26792.27129283321,740673,4,110673,6.25,19066712.5,428989208520.5189,True
6/14/22,2022-06-14 23:50:00,22202.80373035947,23007.40898868948,740820,4,110820,6.25,19067631.25,423354874246.6188,True
6/15/22,2022-06-15 23:50:00,22567.626204135697,22584.075338032977,740984,4,110984,6.25,19068656.25,430334306465.15594,True
6/16/22,2022-06-16 23:50:00,20368.602765294407,22841.55880576001,741105,4,111105,6.25,19069412.5,388417288180.03973,True
6/17/22,2022-06-17 23:50:00,20468.644712732967,21212.149977461548,741213,4,111213,6.25,19070087.5,390338845678.23004,True
6/18/22,2022-06-18 23:50:00,19021.819037789017,20726.03418046553,741366,4,111366,6.25,19071043.75,362765943074.25726,True
6/19/22,2022-06-19 23:50:00,20526.50952900035,20657.533200903814,741500,4,111500,6.25,19071881.25,391479152214.0881,True
6/20/22,2022-06-20 23:50:00,20642.670082731303,20893.414547567325,741634,4,111634,6.25,19072718.75,393711840736.9734,True
6/21/22,2022-06-21 23:50:00,20722.602939599212,21584.609521004284,741784,4,111784,6.25,19073656.25,395255805075.1549,True
6/22/22,2022-06-22 23:50:00,19984.716873026868,20830.392714811005,741912,4,111912,6.25,19074456.25,381197607663.1878,True
6/23/22,2022-06-23 23:50:00,21080.30984958121,21107.97747292431,742063,4,112063,6.25,19075400.0,402115342504.70135,True
6/24/22,2022-06-24 23:50:00,21266.22773041428,21403.547665573657,742192,4,112192,6.25,19076206.25,405678946344.85223,True
6/25/22,2022-06-25 23:50:00,21481.2629610279,21520.914637649694,742342,4,112342,6.25,19077143.75,409801141439.0799,True
6/26/22,2022-06-26 23:50:00,21037.04513372802,21783.724765832852,742482,4,112482,6.25,19078018.75,401345141505.85944,True
6/27/22,2022-06-27 23:50:00,20739.18434332764,21464.767964613216,742617,4,112617,6.25,19078862.5,395680046448.50085,True
6/28/22,2022-06-28 23:50:00,20281.265089953085,21151.79841283571,742765,4,112765,6.25,19079787.5,386962228147.47327,True
6/29/22,2022-06-29 23:50:00,20089.31869066755,20360.75717279194,742915,4,112915,6.25,19080725.0,383318765373.9876,True
6/30/22,2022-06-30 23:50:00,19763.695277436553,20139.922312254534,743087,4,113087,6.25,19081800.0,377126880544.98883,True
7/1/22,2022-07-01 23:50:00,19329.323524347074,20585.973446757915,743221,4,113221,6.25,19082637.5,368854473935.33765,True
7/2/22,2022-07-02 23:50:00,19241.92810316329,19346.131412899485,743359,4,113359,6.25,19083500.0,367203334956.7166,True
7/3/22,2022-07-03 23:50:00,19298.575155335348,19529.08606373385,743512,4,113512,6.25,19084456.25,368302813239.3344,True
7/4/22,2022-07-04 23:50:00,20251.369453773485,20251.369453773485,743657,4,113657,6.25,19085362.5,386504727146.694,True
7/5/22,2022-07-05 23:50:00,20176.558871836114,20605.46850542943,743775,4,113775,6.25,19086100.0,385091820283.7513,True
7/6/22,2022-07-06 23:50:00,20561.936326142866,20587.181785067758,743901,4,113901,6.25,19086887.5,392463365439.2522,True
7/7/22,2022-07-07 23:50:00,21645.87168703984,21712.628562790196,744059,4,114059,6.25,19087875.0,413173693028.25555,True
7/8/22,2022-07-08 23:50:00,21822.087776400476,22230.89462555824,744207,4,114207,6.25,19088800.0,416557469146.1534,True
7/9/22,2022-07-09 23:50:00,21588.65287199158,21874.12863694381,744338,4,114338,6.25,19089618.75,412119152652.4118,True
7/10/22,2022-07-10 23:50:00,20856.264413347573,21589.588850267148,744494,4,114494,6.25,19090593.75,398158471057.8006,True
7/11/22,2022-07-11 23:50:00,19991.53678385885,20807.86116268476,744616,4,114616,6.25,19091356.25,381665550725.62854,True
7/12/22,2022-07-12 23:50:00,19321.7059522949,20035.1430779249,744768,4,114768,6.25,19092306.25,368895927313.6621,True
7/13/22,2022-07-13 23:50:00,20196.930717454707,20213.650922115445,744878,4,114878,6.25,19092993.75,385619871957.5457,True
7/14/22,2022-07-14 23:50:00,20573.824807352277,20752.173440997074,744999,4,114999,6.25,19093750.0,392831467415.38257,True
7/15/22,2022-07-15 23:50:00,20828.23129932541,21129.799751415,745143,4,115143,6.25,19094650.0,397707786779.66394,True
7/16/22,2022-07-16 23:50:00,21196.973531006144,21503.58435819917,745291,4,115291,6.25,19095575.0,404768397834.34265,True
7/17/22,2022-07-17 23:50:00,20824.42194398994,21596.74717925123,745415,4,115415,6.25,19096350.0,397670449990.11224,True
7/18/22,2022-07-18 23:50:00,22390.399829502956,22597.402843020474,745547,4,115547,6.25,19097175.0,427593383863.9881,True
7/19/22,2022-07-19 23:50:00,23396.615518247112,23640.05955873565,745685,4,115685,6.25,19098037.5,446829440540.5653,True
7/20/22,2022-07-20 23:50:00,23318.160458877563,24172.98480246347,745809,4,115809,6.25,19098812.5,445349174449.01654,True
7/21/22,2022-07-21 23:50:00,23157.536312165128,23343.565302891388,745949,4,115949,6.25,19099687.5,442301706832.2564,True
7/22/22,2022-07-22 23:50:00,22716.563626122297,23660.56618382379,746081,4,116081,6.25,19100512.5,433898007497.79425,True
7/23/22,2022-07-23 23:50:00,22479.522933800858,22973.67121459569,746234,4,116234,6.25,19101468.75,429391904834.9054,True
7/24/22,2022-07-24 23:50:00,22625.680262281858,22944.701071495536,746392,4,116392,6.25,19102456.25,432206067336.7277,True
7/25/22,2022-07-25 23:50:00,21387.866601532147,22618.259928076255,746535,4,116535,6.25,19103350.0,408579901442.37915,True
7/26/22,2022-07-26 23:50:00,21214.412254926883,21301.39748375699,746694,4,116694,6.25,19104343.75,405287424172.3358,True
7/27/22,2022-07-27 23:50:00,22905.32014678014,22905.32014678014,746859,4,116859,6.25,19105375.0,437614730899.2896,True
7/28/22,2022-07-28 23:50:00,23839.51203387143,24096.327816557172,747001,4,117001,6.25,19106262.5,455483974791.0564,True
7/29/22,2022-07-29 23:50:00,23813.793505656096,24263.777540050753,747144,4,117144,6.25,19107156.25,455013873417.8063,True
7/30/22,2022-07-30 23:50:00,23657.61728929146,24568.568166330304,747273,4,117273,6.25,19107962.5,452048864003.1328,True
7/31/22,2022-07-31 23:50:00,23341.207845733727,24102.94509048243,747428,4,117428,6.25,19108931.25,446025536016.08636,True
8/1/22,2022-08-01 23:50:00,23318.6741289877,23458.03486342771,747564,4,117564,6.25,19109781.25,445614761644.9892,True
8/2/22,2022-08-02 23:50:00,22981.640631825696,23415.04132917102,747719,4,117719,6.25,19110750.0,439196388704.6629,True
8/3/22,2022-08-03 23:50:00,22852.694401739096,23560.058800512783,747862,4,117862,6.25,19111643.75,436752554133.657,True
8/4/22,2022-08-04 23:50:00,22640.395589148175,23198.01010723992,747996,4,117996,6.25,19112481.25,432714136190.1772,True
8/5/22,2022-08-05 23:50:00,23248.453926312846,23421.92391162178,748146,4,118146,6.25,19113418.75,444357435183.6991,True
8/6/22,2022-08-06 23:50:00,22968.076008948778,23300.620012983738,748306,4,118306,6.25,19114418.75,439021422716.8757,True
8/7/22,2022-08-07 23:50:00,23172.967968987487,23348.80669382956,748466,4,118466,6.25,19115418.75,442960986407.53284,True
8/8/22,2022-08-08 23:50:00,23801.349751106758,24188.919796363913,748608,4,118608,6.25,19116306.25,454993891005.51807,True
8/9/22,2022-08-09 23:50:00,23173.138371556353,23894.366676786678,748752,4,118752,6.25,19117206.25,443005665708.832,True
8/10/22,2022-08-10 23:50:00,23933.801912690622,24109.919216752478,748901,4,118901,6.25,19118137.5,457569715864.5823,True
8/11/22,2022-08-11 23:50:00,23958.28242853316,24809.278824308134,749041,4,119041,6.25,19119012.5,458058701229.6558,True
8/12/22,2022-08-12 23:50:00,24404.61607193963,24404.61607193963,749193,4,119193,6.25,19119962.5,466615344122.383,True
8/13/22,2022-08-13 23:50:00,24431.26867136331,24826.944310256757,749333,4,119333,6.25,19120837.5,467146318183.9787,True
8/14/22,2022-08-14 23:50:00,24325.84052361464,24956.956455582716,749466,4,119466,6.25,19121668.75,465150664557.8857,True
8/15/22,2022-08-15 23:50:00,24147.30782454935,25064.133297048807,749612,4,119612,6.25,19122581.25,461758855843.7057,True
8/16/22,2022-08-16 23:50:00,23892.484439590542,24228.415611524542,749760,4,119760,6.25,19123506.25,456908075508.5375,True
8/17/22,2022-08-17 23:50:00,23318.944335455068,24395.186590442634,749887,4,119887,6.25,19124300.0,445958487154.54333,True
8/18/22,2022-08-18 23:50:00,23217.33129464767,23562.039171964316,750033,4,120033,6.25,19125212.5,444036394693.0368,True
8/19/22,2022-08-19 23:50:00,20882.650706712266,23179.060773753357,750209,4,120209,6.25,19126312.5,399408103244.9246,True
8/20/22,2022-08-20 23:50:00,21169.07667228611,21334.641203548934,750360,4,120360,6.25,19127256.25,404906354086.71375,True
8/21/22,2022-08-21 23:50:00,21541.531833365298,21667.894500806022,750506,4,120506,6.25,19128168.75,412050056042.1083,True
8/22/22,2022-08-22 23:50:00,21371.39526322777,21510.545626810323,750649,4,120649,6.25,19129062.5,408814755702.4879,True
8/23/22,2022-08-23 23:50:00,21526.16649593973,21628.767523992905,750822,4,120822,6.25,19130143.75,411798659453.76086,True
8/24/22,2022-08-24 23:50:00,21399.62537870256,21781.860171709413,750968,4,120968,6.25,19131056.25,409397436848.8862,True
8/25/22,2022-08-25 23:50:00,21604.064567061592,21780.606355653745,751127,4,121127,6.25,19132050.0,413330043500.25073,True
8/26/22,2022-08-26 23:50:00,20233.205290858477,21761.39242399864,751304,4,121304,6.25,19133156.25,387125078268.32196,True
8/27/22,2022-08-27 23:50:00,20059.369459056717,20330.740782784713,751449,4,121449,6.25,19134062.5,383817228940.18243,True
8/28/22,2022-08-28 23:50:00,19649.719186255137,20123.96118117457,751608,4,121608,6.25,19135056.25,375998481925.6963,True
8/29/22,2022-08-29 23:50:00,20284.900681060197,20353.51274172057,751766,4,121766,6.25,19136043.75,388172746897.1727,True
8/30/22,2022-08-30 23:50:00,19790.327948931073,20541.113084285105,751927,4,121927,6.25,19137050.0,378728495475.0914,True
8/31/22,2022-08-31 23:50:00,20044.007643010933,20417.985421158734,752075,4,122075,6.25,19137975.0,383601717171.75214,True
9/1/22,2022-09-01 23:50:00,20114.411403902308,20189.625836018007,752211,4,122211,6.25,19138825.0,384966199837.2906,True
9/2/22,2022-09-02 23:50:00,19945.951742263733,20401.56763327601,752341,4,122341,6.25,19139637.5,381758285939.42126,True
9/3/22,2022-09-03 23:50:00,19815.049541111643,20033.98546022837,752487,4,122487,6.25,19140550.0,379270946494.12445,True
9/4/22,2022-09-04 23:50:00,19978.806659898455,19996.726551540556,752657,4,122657,6.25,19141612.5,382426575296.1955,True
9/5/22,2022-09-05 23:50:00,19832.617272901698,20031.160251574245,752809,4,122809,6.25,19142562.5,379647115685.1003,True
9/6/22,2022-09-06 23:50:00,18849.675355597625,20155.268716860086,752951,4,122951,6.25,19143450.0,360847817686.11536,True
9/7/22,2022-09-07 23:50:00,19290.038203884116,19426.403495272567,753097,4,123097,6.25,19144362.5,369295484014.0064,True
9/8/22,2022-09-08 23:50:00,19328.261130636736,19417.35159322524,753225,4,123225,6.25,19145162.5,370042700188.47406,True
9/9/22,2022-09-09 23:50:00,21366.23149989915,21423.530351368823,753372,4,123372,6.25,19146081.25,409079604303.3785,True
9/10/22,2022-09-10 23:50:00,21678.07543481021,21758.83887684751,753528,4,123528,6.25,19147056.25,415071329742.05426,True
9/11/22,2022-09-11 23:50:00,21766.32741685076,21766.32741685076,753711,4,123711,6.25,19148200.0,416785990643.34174,True
9/12/22,2022-09-12 23:50:00,22334.58242338902,22433.300916974804,753865,4,123865,6.25,19149162.5,427688548195.1201,True
9/13/22,2022-09-13 23:50:00,20189.698956371427,22643.567280368465,754002,4,124002,6.25,19150018.75,386633113571.3683,True
9/14/22,2022-09-14 23:50:00,20253.946038549326,20441.727196184882,754127,4,124127,6.25,19150800.0,387879269795.0504,True
9/15/22,2022-09-15 23:50:00,19713.198530982874,20316.538053995348,754276,4,124276,6.25,19151731.25,377541880343.2788,True
9/16/22,2022-09-16 23:50:00,19755.130499405703,19861.63575653702,754403,4,124403,6.25,19152525.0,378360630768.1302,True
9/17/22,2022-09-17 23:50:00,20132.063025997544,20147.631690618677,754571,4,124571,6.25,19153575.0,385600979073.1709,True
9/18/22,2022-09-18 23:50:00,19415.1877230739,20110.437698606955,754727,4,124727,6.25,19154550.0,371889184001.0052,True
9/19/22,2022-09-19 23:50:00,19562.55262957902,19610.613739734476,754856,4,124856,6.25,19155356.25,374727664778.9604,True
9/20/22,2022-09-20 23:50:00,18883.718622870616,19550.455963951947,755009,4,125009,6.25,19156312.5,361742415101.7792,True
9/21/22,2022-09-21 23:50:00,18536.027129914833,19619.224408356946,755150,4,125150,6.25,19157193.75,355098263083.0349,True
9/22/22,2022-09-22 23:50:00,19419.039989088684,19436.099311409103,755277,4,125277,6.25,19157987.5,372029725372.9611,True
9/23/22,2022-09-23 23:50:00,19305.21772159943,19452.166762818404,755412,4,125412,6.25,19158831.25,369865408572.633,True
9/24/22,2022-09-24 23:50:00,18945.014357508022,19302.50479619242,755559,4,125559,6.25,19159750.0,362981738836.26434,True
9/25/22,2022-09-25 23:50:00,18794.861261685764,19134.293334513666,755706,4,125706,6.25,19160668.75,360122110837.368,True
9/26/22,2022-09-26 23:50:00,19204.721621491597,19263.724924503145,755857,4,125857,6.25,19161612.5,367993433881.3937,True
9/27/22,2022-09-27 23:50:00,19114.07327902847,20336.41139165833,755986,4,125986,6.25,19162418.75,366271876190.92914,True
9/28/22,2022-09-28 23:50:00,19429.814118028236,19681.32679839778,756136,4,126136,6.25,19163356.25,372340449815.0546,True
9/29/22,2022-09-29 23:50:00,19542.477991447384,19585.098952063698,756278,4,126278,6.25,19164243.75,374516811707.1081,True
9/30/22,2022-09-30 23:50:00,19451.411178051847,20109.85030130757,756447,4,126447,6.25,19165300.0,372792130650.71704,True
10/1/22,2022-10-01 23:50:00,19309.761423934586,19467.848065284295,756627,4,126627,6.25,19166425.0,370099094099.7354,True
10/2/22,2022-10-02 23:50:00,19047.29313787495,19367.034090026755,756786,4,126786,6.25,19167418.75,365087443627.65063,True
10/3/22,2022-10-03 23:50:00,19623.384251089832,19649.910859872096,756939,4,126939,6.25,19168375.0,376148388093.9841,True
10/4/22,2022-10-04 23:50:00,20336.30525179335,20359.671473649345,757103,4,127103,6.25,19169400.0,389834769893.7274,True
10/5/22,2022-10-05 23:50:00,20166.13187675746,20341.39588274092,757278,4,127278,6.25,19170493.75,386594705105.0546,True
10/6/22,2022-10-06 23:50:00,19952.078905905397,20395.823235183507,757435,4,127435,6.25,19171475.0,382510781942.59265,True
10/7/22,2022-10-07 23:50:00,19545.95094878133,20035.42455768578,757607,4,127607,6.25,19172550.0,374745721863.0575,True
10/8/22,2022-10-08 23:50:00,19412.58427765209,19599.962683264894,757783,4,127783,6.25,19173650.0,372210096535.20404,True
10/9/22,2022-10-09 23:50:00,19443.80179746376,19542.538653542095,757941,4,127941,6.25,19174637.5,372827851088.216,True
10/10/22,2022-10-10 23:50:00,19141.06149373096,19515.467287660194,758105,4,128105,6.25,19175662.5,367042535095.5307,True
10/11/22,2022-10-11 23:50:00,19049.863257946294,19234.868410373165,758266,4,128266,6.25,19176668.75,365312917430.4319,True
10/12/22,2022-10-12 23:50:00,19157.540765846337,19199.678731537537,758401,4,128401,6.25,19177512.5,367393977506.2777,True
10/13/22,2022-10-13 23:50:00,19385.411267196836,19435.262802704732,758544,4,128544,6.25,19178406.25,371781292605.62823,True
10/14/22,2022-10-14 23:50:00,19186.282344027924,19855.5654124526,758701,4,128701,6.25,19179387.5,367981143760.5199,True
10/15/22,2022-10-15 23:50:00,19066.577628242096,19210.612722708665,758852,4,128852,6.25,19180331.25,365703274713.52277,True
10/16/22,2022-10-16 23:50:00,19266.889583766584,19388.67987637262,758998,4,128998,6.25,19181243.75,369562905410.56287,True
10/17/22,2022-10-17 23:50:00,19552.725505162634,19622.12583198312,759147,4,129147,6.25,19182175.0,375063802366.99304,True
10/18/22,2022-10-18 23:50:00,19338.522771006774,19662.365288598045,759289,4,129289,6.25,19183062.5,370972090973.8961,True
10/19/22,2022-10-19 23:50:00,19137.395191910455,19348.416809620576,759440,4,129440,6.25,19184006.25,367131908970.33014,True
10/20/22,2022-10-20 23:50:00,19050.92296687311,19305.896138734803,759586,4,129586,6.25,19184918.75,365490409231.96954,True
10/21/22,2022-10-21 23:50:00,19175.577943532553,19232.2581059834,759739,4,129739,6.25,19185875.0,367900241477.3726,True
10/22/22,2022-10-22 23:50:00,19207.513247208608,19247.317977068324,759876,4,129876,6.25,19186731.25,368529394655.00635,True
10/23/22,2022-10-23 23:50:00,19569.500491810795,19645.53833862467,760031,4,130031,6.25,19187700.0,375493704586.718,True
10/24/22,2022-10-24 23:50:00,19342.95049774379,19582.631389906383,760168,4,130168,6.25,19188556.25,371163293666.92224,True
10/25/22,2022-10-25 23:50:00,20100.359604506957,20348.41158417784,760291,4,130291,6.25,19189325.0,385712333067.7555,True
10/26/22,2022-10-26 23:50:00,20777.237874509534,20928.53612173011,760445,4,130445,6.25,19190287.5,398721168267.72687,True
10/27/22,2022-10-27 23:50:00,20285.275882113376,20849.102202774287,760581,4,130581,6.25,19191137.5,389297518679.0716,True
10/28/22,2022-10-28 23:50:00,20601.858817695433,20718.197640596492,760738,4,130738,6.25,19192118.75,395393320899.9454,True
10/29/22,2022-10-29 23:50:00,20817.57063369631,20953.272089930444,760881,4,130881,6.25,19193012.5,399551893392.1662,True
10/30/22,2022-10-30 23:50:00,20632.63217707936,20912.06997103694,761017,4,131017,6.25,19193862.5,396019905019.9368,True
10/31/22,2022-10-31 23:50:00,20499.21976983443,20791.630193628785,761187,4,131187,6.25,19194925.0,393480986040.4892,True
11/1/22,2022-11-01 23:50:00,20481.88036857486,20637.01008169576,761333,4,131333,6.25,19195837.5,393166847249.60315,True
11/2/22,2022-11-02 23:50:00,20162.89323579758,20726.23739446272,761457,4,131457,6.25,19196612.5,387059248326.47723,True
11/3/22,2022-11-03 23:50:00,20204.764508071905,20382.084533754478,761621,4,131621,6.25,19197637.5,387883744798.83026,True
11/4/22,2022-11-04 23:50:00,21149.027552061092,21208.20348825017,761748,4,131748,6.25,19198431.25,406028151462.60065,True
11/5/22,2022-11-05 23:50:00,21276.101571165622,21443.025695830776,761899,4,131899,6.25,19199375.0,408487852602.89795,True
11/6/22,2022-11-06 23:50:00,20932.95670949809,21338.80009499328,762038,4,132038,6.25,19200243.75,401917871230.5612,True
11/7/22,2022-11-07 23:50:00,20593.726758404704,21047.19565868985,762181,4,132181,6.25,19201137.5,395422979125.558,True
11/8/22,2022-11-08 23:50:00,18534.268954303996,20663.223048871896,762345,4,132345,6.25,19202162.5,355898044279.2504,True
11/9/22,2022-11-09 23:50:00,15863.344442053849,18590.459569580897,762492,4,132492,6.25,19203081.25,304625092217.496,True
11/10/22,2022-11-10 23:50:00,17571.845599107495,17971.91867706007,762641,4,132641,6.25,19204012.5,337449942533.3303,True
11/11/22,2022-11-11 23:50:00,17008.58460348133,17630.250294764803,762774,4,132774,6.25,19204843.75,326647209718.51465,True
11/12/22,2022-11-12 23:50:00,16798.10588757484,17066.675491252296,762942,4,132942,6.25,19205893.75,322622636878.0118,True
11/13/22,2022-11-13 23:50:00,16346.559408915966,16919.00531926883,763070,4,133070,6.25,19206693.75,313963360433.23,True
11/14/22,2022-11-14 23:50:00,16634.915116692307,17095.194180469658,763194,4,133194,6.25,19207468.75,319514612262.7701,True
11/15/22,2022-11-15 23:50:00,16867.778753046132,17036.8171258178,763349,4,133349,6.25,19208437.5,324003673941.71454,True
11/16/22,2022-11-16 23:50:00,16663.07851199409,16960.29517836233,763498,4,133498,6.25,19209368.75,320087219647.09576,True
11/17/22,2022-11-17 23:50:00,16686.21577138809,16722.8536460281,763637,4,133637,6.25,19210237.5,320546167944.61096,True
11/18/22,2022-11-18 23:50:00,16695.351767196946,16947.05840111188,763775,4,133775,6.25,19211100.0,320736072334.79724,True
11/19/22,2022-11-19 23:50:00,16717.710302660806,16781.59203258655,763923,4,133923,6.25,19212025.0,321181068277.477,True
11/20/22,2022-11-20 23:50:00,16287.915327506316,16737.384873805215,764072,4,134072,6.25,19212956.25,312939004591.08325,True
11/21/22,2022-11-21 23:50:00,15797.530616084778,16267.258819490824,764199,4,134199,6.25,19213750.0,303529803874.7989,True
11/22/22,2022-11-22 23:50:00,16178.883701742954,16253.047746702146,764327,4,134327,6.25,19214550.0,310869969831.3251,True
11/23/22,2022-11-23 23:50:00,16622.307375772878,16622.307375772878,764467,4,134467,6.25,19215425.0,319404700706.11053,True
11/24/22,2022-11-24 23:50:00,16589.331962069104,16771.47524317893,764596,4,134596,6.25,19216231.25,318784439266.1361,True
11/25/22,2022-11-25 23:50:00,16526.632319993307,16593.094796781283,764719,4,134719,6.25,19217000.0,317592293293.3114,True
11/26/22,2022-11-26 23:50:00,16470.60789995506,16655.18684272064,764827,4,134827,6.25,19217675.0,316526789673.76886,True
11/27/22,2022-11-27 23:50:00,16449.99694972861,16590.79782735575,764964,4,134964,6.25,19218531.25,316144780440.764,True
11/28/22,2022-11-28 23:50:00,16221.619747480898,16479.005405636224,765104,4,135104,6.25,19219406.25,311769899959.8578,True
11/29/22,2022-11-29 23:50:00,16447.88398785202,16519.80340043531,765233,4,135233,6.25,19220212.5,316131825421.8632,True
11/30/22,2022-11-30 23:50:00,17178.315406927904,17178.315406927904,765373,4,135373,6.25,19221087.5,330185903539.15936,True
12/1/22,2022-12-01 23:50:00,16962.986404228788,17197.49725344472,765526,4,135526,6.25,19222043.75,326063266792.74097,True
12/2/22,2022-12-02 23:50:00,17076.29878343368,17076.29878343368,765651,4,135651,6.25,19222825.0,328254703161.6585,True
12/3/22,2022-12-03 23:50:00,16915.710104628237,17090.787214196265,765781,4,135781,6.25,19223637.5,325181479106.4603,True
12/4/22,2022-12-04 23:50:00,17137.597160609894,17145.400581262154,765920,4,135920,6.25,19224506.25,329461843724.12714,True
12/5/22,2022-12-05 23:50:00,16974.709589802966,17369.763332838727,766066,4,136066,6.25,19225418.75,326345900023.6027,True
12/6/22,2022-12-06 23:50:00,17085.275987679506,17085.275987679506,766201,4,136201,6.25,19226262.5,328486001024.07294,True
12/7/22,2022-12-07 23:50:00,16850.772515619134,17099.962606587636,766374,4,136374,6.25,19227343.75,323995595610.8613,True
12/8/22,2022-12-08 23:50:00,17243.517501740178,17267.91576301951,766541,4,136541,6.25,19228387.5,331565036386.49207,True
12/9/22,2022-12-09 23:50:00,17137.659171909483,17260.48628630621,766694,4,136694,6.25,19229343.75,329545939286.9878,True
12/10/22,2022-12-10 23:50:00,17124.015477820216,17211.59094986696,766847,4,136847,6.25,19230300.0,329299954843.1261,True
12/11/22,2022-12-11 23:50:00,17102.83939520771,17244.1013456267,766992,4,136992,6.25,19231206.25,328908231869.86475,True
12/12/22,2022-12-12 23:50:00,17211.814017390923,17211.814017390923,767138,4,137138,6.25,19232118.75,331019651085.37683,True
12/13/22,2022-12-13 23:50:00,17783.960092986246,17925.836729156174,767301,4,137301,6.25,19233137.5,342041349762.91724,True
12/14/22,2022-12-14 23:50:00,17827.323893486162,18302.02321340028,767451,4,137451,6.25,19234075.0,342892084816.60486,True
12/15/22,2022-12-15 23:50:00,17371.062381647283,17845.399277651803,767588,4,137588,6.25,19234931.25,334131190650.4468,True
12/16/22,2022-12-16 23:50:00,16626.236339648294,17505.5250524957,767718,4,137718,6.25,19235743.75,319818021756.41254,True
12/17/22,2022-12-17 23:50:00,16800.22994630168,16800.22994630168,767856,4,137856,6.25,19236606.25,323179408386.46405,True
12/18/22,2022-12-18 23:50:00,16777.875946924985,16812.876147590363,768001,4,138001,6.25,19237512.5,322764598252.41876,True
12/19/22,2022-12-19 23:50:00,16450.95417642902,16804.18694177554,768138,4,138138,6.25,19238368.75,316489522735.494,True
12/20/22,2022-12-20 23:50:00,16899.81654278975,16998.024968936006,768278,4,138278,6.25,19239243.75,325139689797.01434,True
12/21/22,2022-12-21 23:50:00,16810.931353941887,16915.801229885416,768421,4,138421,6.25,19240137.5,323444630752.9031,True
12/22/22,2022-12-22 23:50:00,16829.605383463084,16863.893867443374,768557,4,138557,6.25,19240987.5,323818226813.1459,True
12/23/22,2022-12-23 23:50:00,16795.752196334197,16884.32014304601,768688,4,138688,6.25,19241806.25,323180609584.8746,True
12/24/22,2022-12-24 23:50:00,16850.464096804895,16862.49276621357,768777,4,138777,6.25,19242362.5,324242738443.9549,True
12/25/22,2022-12-25 23:50:00,16838.620225324925,16860.553971121557,768916,4,138916,6.25,19243231.25,324029462926.8546,True
12/26/22,2022-12-26 23:50:00,16892.583089155054,16908.35219178152,769046,4,139046,6.25,19244043.75,325081608018.21,True
12/27/22,2022-12-27 23:50:00,16711.68712786828,16956.235111293467,769162,4,139162,6.25,19244768.75,321612554198.17676,True
12/28/22,2022-12-28 23:50:00,16547.566869596216,16754.429576323044,769331,4,139331,6.25,19245825.0,318471576148.0466,True
12/29/22,2022-12-29 23:50:00,16633.730496622004,16651.75666380368,769471,4,139471,6.25,19246700.0,320144420749.3347,True
12/30/22,2022-12-30 23:50:00,16605.92243616084,16642.33509867497,769630,4,139630,6.25,19247693.75,319625709487.4778,True
12/31/22,2022-12-31 23:50:00,16553.336986575105,16625.673665136997,769786,4,139786,6.25,19248668.75,318629700361.7074,True
1/1/23,2023-01-01 23:50:00,16620.819926680455,16627.695896626272,769941,4,139941,6.25,19249637.5,319944758541.37537,True
1/2/23,2023-01-02 23:50:00,16693.930009097385,16755.079320182183,770096,4,140096,6.25,19250606.25,321368273370.1927,True
1/3/23,2023-01-03 23:50:00,16682.715885309375,16760.44746598456,770250,4,140250,6.25,19251568.75,321168451802.75055,True
1/4/23,2023-01-04 23:50:00,16865.15975485146,16959.38823373957,770393,4,140393,6.25,19252462.5,324695855736.78687,True
1/5/23,2023-01-05 23:50:00,16841.821595524252,16882.903170811544,770550,4,140550,6.25,19253443.75,324263064736.9614,True
1/6/23,2023-01-06 23:50:00,16961.05741131378,16979.28056556557,770729,4,140729,6.25,19254562.5,326577739992.22943,True
1/7/23,2023-01-07 23:50:00,16950.888235989467,16973.514633270945,770884,4,140884,6.25,19255531.25,326398358143.35254,True
1/8/23,2023-01-08 23:50:00,17057.224457919016,17057.224457919016,771038,4,141038,6.25,19256493.75,328462336166.26465,True
1/9/23,2023-01-09 23:50:00,17190.709689133,17386.379932253883,771190,4,141190,6.25,19257443.75,331049124861.0587,True
1/10/23,2023-01-10 23:50:00,17437.107150361127,17478.21449251721,771359,4,141359,6.25,19258500.0,335812528055.2298,True
1/11/23,2023-01-11 23:50:00,17915.65251524473,17915.65251524473,771506,4,141506,6.25,19259418.75,345045053970.589,True
1/12/23,2023-01-12 23:50:00,18869.857175796245,19023.20777813059,771656,4,141656,6.25,19260356.25,363440171592.4546,True
1/13/23,2023-01-13 23:50:00,19865.27358276288,19951.008999941158,771816,4,141816,6.25,19261356.25,382632111481.3097,True
1/14/23,2023-01-14 23:50:00,21020.72155064192,21046.56067280632,771983,4,141983,6.25,19262400.0,404909546797.0849,True
1/15/23,2023-01-15 23:50:00,20873.352880342638,20985.72023360872,772149,4,142149,6.25,19263437.5,402092528625.9254,True
1/16/23,2023-01-16 23:50:00,21171.400108633272,21339.383602491554,772296,4,142296,6.25,19264356.25,407853394004.00006,True
1/17/23,2023-01-17 23:50:00,21187.13555809042,21370.756204865636,772453,4,142453,6.25,19265337.5,408177317184.8628,True
1/18/23,2023-01-18 23:50:00,20722.71808503464,21564.502212963143,772591,4,142591,6.25,19266200.0,399248031169.8944,True
1/19/23,2023-01-19 23:50:00,21067.802828202995,21153.45733111202,772736,4,142736,6.25,19267106.25,405915595545.0376,True
1/20/23,2023-01-20 23:50:00,22664.23598547725,22692.35783082474,772869,4,142869,6.25,19267937.5,436693082453.4266,True
1/21/23,2023-01-21 23:50:00,22795.682534805237,23271.6312888947,773007,4,143007,6.25,19268800.0,439245447626.65515,True
1/22/23,2023-01-22 23:50:00,22715.780947987507,23044.25329269048,773159,4,143159,6.25,19269750.0,437727419922.48224,True
1/23/23,2023-01-23 23:50:00,22954.110863578117,23121.683555955206,773316,4,143316,6.25,19270731.25,442342501534.7193,True
1/24/23,2023-01-24 23:50:00,22625.995897502617,23132.184245259024,773446,4,143446,6.25,19271543.75,436037869826.0422,True
1/25/23,2023-01-25 23:50:00,23149.5513940547,23611.45705291615,773618,4,143618,6.25,19272618.75,446152478251.1472,True
1/26/23,2023-01-26 23:50:00,23023.944572856795,23226.157289736955,773775,4,143775,6.25,19273600.0,443754298119.4127,True
1/27/23,2023-01-27 23:50:00,23071.798990193765,23352.52006110504,773930,4,143930,6.25,19274568.75,444698975822.6703,True
1/28/23,2023-01-28 23:50:00,23015.461679885702,23157.43845731701,774098,4,144098,6.25,19275618.75,443637264696.71136,True
1/29/23,2023-01-29 23:50:00,23773.985940647322,23898.411631014347,774258,4,144258,6.25,19276618.75,458282063145.71857,True
1/30/23,2023-01-30 23:50:00,22813.37972271359,23786.36617365652,774397,4,144397,6.25,19277487.5,439784642437.36475,True
1/31/23,2023-01-31 23:50:00,23137.16102895742,23194.483556915566,774511,4,144511,6.25,19278200.0,446042817748.44696,True
2/1/23,2023-02-01 23:50:00,23711.52762911039,23762.004422607246,774649,4,144649,6.25,19279062.5,457136023132.09607,True
2/2/23,2023-02-02 23:50:00,23494.436388637838,24145.19165118739,774793,4,144793,6.25,19279962.5,452971852531.57294,True
2/3/23,2023-02-03 23:50:00,23459.953587940785,23669.54920027647,774924,4,144924,6.25,19280781.25,452326233264.2389,True
2/4/23,2023-02-04 23:50:00,23318.747995030815,23551.39420641779,775062,4,145062,6.25,19281643.75,449623791536.21094,True
2/5/23,2023-02-05 23:50:00,22965.072230637783,23423.435611538534,775212,4,145212,6.25,19282581.25,442825871199.3918,True
2/6/23,2023-02-06 23:50:00,22768.971773856076,23119.27995032012,775363,4,145363,6.25,19283525.0,439066036425.448,True
2/7/23,2023-02-07 23:50:00,23273.984336069887,23303.30470183479,775504,4,145504,6.25,19284406.25,448824968992.9082,True
2/8/23,2023-02-08 23:50:00,22945.945606612167,23351.05824464452,775643,4,145643,6.25,19285275.0,442518871158.5575,True
2/9/23,2023-02-09 23:50:00,21835.070474351407,22996.43751078374,775803,4,145803,6.25,19286275.0,421117173812.7217,True
2/10/23,2023-02-10 23:50:00,21641.69281260423,21927.448563763293,775950,4,145950,6.25,19287193.75,417407522354.68024,True
2/11/23,2023-02-11 23:50:00,21871.615072334112,21890.18095143049,776100,4,146100,6.25,19288131.25,421862582164.6586,True
2/12/23,2023-02-12 23:50:00,21768.024951463125,22053.716864708476,776262,4,146262,6.25,19289143.75,419886562442.359,True
2/13/23,2023-02-13 23:50:00,21816.4969923938,21890.592898679697,776417,4,146417,6.25,19290112.5,420842681339.18805,True
2/14/23,2023-02-14 23:50:00,22226.89579602301,22283.005002770224,776572,4,146572,6.25,19291081.25,428780852736.36334,True
2/15/23,2023-02-15 23:50:00,24295.78232684403,24295.78232684403,776732,4,146732,6.25,19292081.25,468716206681.78906,True
2/16/23,2023-02-16 23:50:00,23657.250699214906,25104.38919240721,776912,4,146912,6.25,19293206.25,456424217047.9099,True
2/17/23,2023-02-17 23:50:00,24577.916547537967,24906.66811078968,777078,4,147078,6.25,19294243.75,474212312735.356,True
2/18/23,2023-02-18 23:50:00,24636.182656897337,24756.93942863553,777244,4,147244,6.25,19295281.25,475362073291.20636,True
2/19/23,2023-02-19 23:50:00,24359.163469117113,25066.749844592374,777408,4,147408,6.25,19296306.25,470041878293.89624,True
2/20/23,2023-02-20 23:50:00,24801.82540365762,25000.784580085543,777555,4,147555,6.25,19297225.0,478606405225.0969,True
2/21/23,2023-02-21 23:50:00,24412.776676307418,25050.096468687603,777722,4,147722,6.25,19298268.75,471124325233.1123,True
2/22/23,2023-02-22 23:50:00,24190.5007953479,24467.090233402036,777862,4,147862,6.25,19299143.75,466855952233.90845,True
2/23/23,2023-02-23 23:50:00,23946.336654247774,24572.089421454446,778034,4,148034,6.25,19300218.75,462169535688.1252,True
2/24/23,2023-02-24 23:50:00,23203.82540474613,24080.912381455182,778167,4,148167,6.25,19301050.0,447858194328.2753,True
2/25/23,2023-02-25 23:50:00,23169.27307984902,23204.82012459231,778275,4,148275,6.25,19301725.0,447206937437.1488,True
2/26/23,2023-02-26 23:50:00,23540.451272020735,23648.365148766374,778442,4,148442,6.25,19302768.75,454395887174.4596,True
2/27/23,2023-02-27 23:50:00,23519.86397926934,23848.815234307523,778583,4,148583,6.25,19303650.0,454019222303.4226,True
2/28/23,2023-02-28 23:50:00,23159.353803700138,23553.439187350046,778721,4,148721,6.25,19304512.5,447080034995.45184,True
3/1/23,2023-03-01 23:50:00,23652.749773776173,23848.40752187367,778890,4,148890,6.25,19305568.75,456629786884.18286,True
3/2/23,2023-03-02 23:50:00,23479.32188706886,23736.849304453583,779034,4,149034,6.25,19306468.75,453302794283.886,True
3/3/23,2023-03-03 23:50:00,22359.217209688275,23474.39336015424,779198,4,149198,6.25,19307493.75,431700446530.9488,True
3/4/23,2023-03-04 23:50:00,22347.343924232096,22403.37148044033,779355,4,149355,6.25,19308475.0,431493131477.4373,True
3/5/23,2023-03-05 23:50:00,22442.474538898794,22606.900803820965,779510,4,149510,6.25,19309443.75,433351699719.67346,True
3/6/23,2023-03-06 23:50:00,22428.676393518344,22584.293808702274,779642,4,149642,6.25,19310268.75,433103768865.62,True
3/7/23,2023-03-07 23:50:00,22221.313226919403,22506.921859479517,779805,4,149805,6.25,19311287.5,429122168352.5933,True
3/8/23,2023-03-08 23:50:00,21723.276831259012,22266.969741796645,779940,4,149940,6.25,19312131.25,419522773345.35815,True
3/9/23,2023-03-09 23:50:00,20370.74661110651,21796.968982918395,780075,4,150075,6.25,19312975.0,393419720031.63477,True
3/10/23,2023-03-10 23:50:00,20176.78764593187,20353.157933375714,780209,4,150209,6.25,19313812.5,389690693445.8445,True
3/11/23,2023-03-11 23:50:00,20663.89719135908,20764.46194462475,780374,4,150374,6.25,19314843.75,399119945517.1645,True
3/12/23,2023-03-12 23:50:00,22123.742226945214,22123.742226945214,780537,4,150537,6.25,19315862.5,427339162841.11755,True
3/13/23,2023-03-13 23:50:00,24156.667897069296,24397.77094752603,780694,4,150694,6.25,19316843.75,466630579288.3287,True
3/14/23,2023-03-14 23:50:00,24781.78527959265,26312.497552768185,780840,4,150840,6.25,19317756.25,478728487471.00885,True
3/15/23,2023-03-15 23:50:00,24377.294010428475,25240.615818348535,780986,4,150986,6.25,19318668.75,470936868008.8268,True
3/16/23,2023-03-16 23:50:00,25050.149260649938,25098.817488814046,781119,4,151119,6.25,19319500.0,483956358641.12646,True
3/17/23,2023-03-17 23:50:00,27399.951852648937,27706.930679520814,781267,4,151267,6.25,19320425.0,529378714772.71484,True
3/18/23,2023-03-18 23:50:00,26954.365598303048,27665.9211048213,781429,4,151429,6.25,19321437.5,520797090259.76245,True
3/19/23,2023-03-19 23:50:00,28101.0152763422,28412.822988743465,781578,4,151578,6.25,19322368.75,542978179418.8672,True
3/20/23,2023-03-20 23:50:00,27716.68596411194,28446.955187242525,781730,4,151730,6.25,19323318.75,535578357578.1861,True
3/21/23,2023-03-21 23:50:00,28151.325120805166,28425.160529906527,781874,4,151874,6.25,19324218.75,544002364736.8092,True
3/22/23,2023-03-22 23:50:00,27328.397630955416,28758.37238820546,782035,4,152035,6.25,19325225.0,528127433107.68036,True
3/23/23,2023-03-23 23:50:00,28335.162072349918,28654.36095868326,782217,4,152217,6.25,19326362.5,547615613706.4857,True
3/24/23,2023-03-24 23:50:00,27446.942553907422,28379.048441553266,782379,4,152379,6.25,19327375.0,530477351342.8265,True
3/25/23,2023-03-25 23:50:00,27488.802455098434,27767.5197358028,782526,4,152526,6.25,19328293.75,531311648687.8637,True
3/26/23,2023-03-26 23:50:00,28013.827723292638,28144.639912599116,782670,4,152670,6.25,19329193.75,541484703742.6448,True
3/27/23,2023-03-27 23:50:00,27158.49930246268,28037.925860641368,782818,4,152818,6.25,19330118.75,524977016588.39575,True
3/28/23,2023-03-28 23:50:00,27270.262932972306,27450.510066164097,782951,4,152951,6.25,19330950.0,527160089244.141,True
3/29/23,2023-03-29 23:50:00,28349.63275109303,28552.497180181206,783095,4,153095,6.25,19331850.0,548050847899.21783,True
3/30/23,2023-03-30 23:50:00,28021.210388332405,29094.875984706134,783254,4,153254,6.25,19332843.75,541729682123.5072,True
3/31/23,2023-03-31 23:50:00,28479.228718902847,28592.562693938904,783394,4,153394,6.25,19333718.75,550609398268.1904,True
4/1/23,2023-04-01 23:50:00,28473.56837782141,28778.746034424712,783533,4,153533,6.25,19334587.5,550524699238.2212,True
4/2/23,2023-04-02 23:50:00,28194.102231885154,28491.2437541468,783682,4,153682,6.25,19335518.75,545147592344.0322,True
4/3/23,2023-04-03 23:50:00,27767.63785170151,28419.77311170945,783814,4,153814,6.25,19336343.75,536924590626.01196,True
4/4/23,2023-04-04 23:50:00,28167.697403943024,28346.289289297074,783977,4,153977,6.25,19337362.5,544688975490.35516,True
4/5/23,2023-04-05 23:50:00,28173.736291600682,28662.239517950547,784114,4,154114,6.25,19338218.75,544829875411.7878,True
4/6/23,2023-04-06 23:50:00,28041.19753100738,28161.20738690411,784275,4,154275,6.25,19339225.0,542295028321.5962,True
4/7/23,2023-04-07 23:50:00,27924.68058882831,28105.123202811224,784416,4,154416,6.25,19340106.25,540066289585.2521,True
4/8/23,2023-04-08 23:50:00,27942.767665628813,28144.66836356417,784564,4,154564,6.25,19341031.25,540441942632.41644,True
4/9/23,2023-04-09 23:50:00,28340.416853780815,28483.880486296894,784710,4,154710,6.25,19341943.75,548158748637.3805,True
4/10/23,2023-04-10 23:50:00,29628.54437551461,29771.463928909954,784833,4,154833,6.25,19342712.5,573096415649.0712,True
4/11/23,2023-04-11 23:50:00,30254.021967481985,30426.2477932194,784986,4,154986,6.25,19343668.75,585223779294.1948,True
4/12/23,2023-04-12 23:50:00,29887.199958781384,30462.480941487043,785148,4,155148,6.25,19344681.25,578158356657.639,True
4/13/23,2023-04-13 23:50:00,30391.673895501157,30539.846481282515,785289,4,155289,6.25,19345562.5,587944026825.0361,True
4/14/23,2023-04-14 23:50:00,30476.95173862477,30974.457432524876,785428,4,155428,6.25,19346431.25,589620251520.8721,True
4/15/23,2023-04-15 23:50:00,30311.345451635145,30524.696471413696,785587,4,155587,6.25,19347425.0,586446482774.602,True
4/16/23,2023-04-16 23:50:00,30307.756522115076,30555.53763344086,785712,4,155712,6.25,19348206.25,586400724164.6652,True
4/17/23,2023-04-17 23:50:00,29459.37964860508,30316.49843552163,785867,4,155867,6.25,19349175.0,570014692212.2982,True
4/18/23,2023-04-18 23:50:00,30374.50558723556,30456.63890378114,786033,4,156033,6.25,19350212.5,587753137695.4453,True
4/19/23,2023-04-19 23:50:00,28787.57627508887,30363.355881735726,786171,4,156171,6.25,19351075.0,557070547567.4653,True
4/20/23,2023-04-20 23:50:00,28262.494090942444,29028.51205411484,786304,4,156304,6.25,19351906.25,546933136039.09717,True
4/21/23,2023-04-21 23:50:00,27284.58168883573,28337.9043578861,786450,4,156450,6.25,19352818.75,528033564093.60675,True
4/22/23,2023-04-22 23:50:00,27809.96300881529,27857.3943720319,786599,4,156599,6.25,19353750.0,538227071581.85895,True
4/23/23,2023-04-23 23:50:00,27598.759708663023,27803.26388822032,786743,4,156743,6.25,19354650.0,534164334595.2748,True
4/24/23,2023-04-24 23:50:00,27524.767020567222,27892.964291222816,786887,4,156887,6.25,19355550.0,532757004304.9399,True
4/25/23,2023-04-25 23:50:00,28336.037969616555,28371.077696197786,787010,4,157010,6.25,19356318.75,548481383052.00085,True
4/26/23,2023-04-26 23:50:00,28377.978077009207,29937.44356719153,787141,4,157141,6.25,19357137.5,549316423608.65283,True
4/27/23,2023-04-27 23:50:00,29474.46553214314,29870.505660646464,787272,4,157272,6.25,19357956.25,570565414263.3599,True
4/28/23,2023-04-28 23:50:00,29357.33431409007,29559.382346834063,787419,4,157419,6.25,19358875.0,568324965319.6804,True
4/29/23,2023-04-29 23:50:00,29231.586577884973,29430.12902255473,787556,4,157556,6.25,19359731.25,565915660158.9603,True
4/30/23,2023-04-30 23:50:00,29325.839942609797,29901.483469749368,787702,4,157702,6.25,19360643.75,567767139798.3887,True
5/1/23,2023-05-01 23:50:00,28095.04191635984,29325.674079411394,787885,4,157885,6.25,19361787.5,543970231388.15204,True
5/2/23,2023-05-02 23:50:00,28648.368858135924,28852.991734865343,788015,4,158015,6.25,19362600.0,554706906852.5426,True
5/3/23,2023-05-03 23:50:00,29007.545886281336,29231.215625852445,788156,4,158156,6.25,19363481.25,561687070877.5233,True
5/4/23,2023-05-04 23:50:00,28844.32301675311,29283.040930365798,788301,4,158301,6.25,19364387.5,558552648071.5763,True
5/5/23,2023-05-05 23:50:00,29524.609260071302,29668.90767712088,788421,4,158421,6.25,19365137.5,571748117955.0541,True
5/6/23,2023-05-06 23:50:00,28917.360787434176,29743.822966107593,788570,4,158570,6.25,19366068.75,560015597078.0044,True
5/7/23,2023-05-07 23:50:00,28441.368038323788,29100.553863979367,788707,4,158707,6.25,19366925.0,550821841695.6139,True
5/8/23,2023-05-08 23:50:00,27716.36726269018,28634.169636164323,788844,4,158844,6.25,19367781.25,536804538188.44464,True
5/9/23,2023-05-09 23:50:00,27652.946629825146,27810.028078143798,788997,4,158997,6.25,19368737.5,535602664374.59296,True
5/10/23,2023-05-10 23:50:00,27611.858126547642,28305.16798456583,789166,4,159166,6.25,19369793.75,534835996965.48926,True
5/11/23,2023-05-11 23:50:00,27002.493000172744,27621.072665214302,789317,4,159317,6.25,19370737.5,523058203751.9337,True
5/12/23,2023-05-12 23:50:00,26817.235476950114,27052.50244847088,789457,4,159457,6.25,19371612.5,519493093980.7303,True
5/13/23,2023-05-13 23:50:00,26803.493662934154,26988.27384620525,789604,4,159604,6.25,19372531.25,519251518594.36884,True
5/14/23,2023-05-14 23:50:00,26916.442275472484,27115.129557399585,789776,4,159776,6.25,19373606.25,521468554295.8579,True
5/15/23,2023-05-15 23:50:00,27197.153592811548,27624.657003175264,789925,4,159925,6.25,19374537.5,526932272177.1871,True
5/16/23,2023-05-16 23:50:00,27028.621511356065,27283.80716575438,790077,4,160077,6.25,19375487.5,523692718235.51056,True
5/17/23,2023-05-17 23:50:00,27402.01958000473,27435.475220987355,790236,4,160236,6.25,19376481.25,530954718604.09454,True
5/18/23,2023-05-18 23:50:00,26834.61274945016,27441.4142013646,790379,4,160379,6.25,19377375.0,519984354225.8768,True
5/19/23,2023-05-19 23:50:00,26876.99632127679,27108.85084577589,790528,4,160528,6.25,19378306.25,520830665793.825,True
5/20/23,2023-05-20 23:50:00,27123.23025846794,27155.159026372767,790659,4,160659,6.25,19379125.0,525624469582.6325,True
5/21/23,2023-05-21 23:50:00,26754.833172103663,27231.420492366113,790811,4,160811,6.25,19380075.0,518510673487.8569,True
5/22/23,2023-05-22 23:50:00,26854.945819255605,27038.256464998914,790950,4,160950,6.25,19380943.75,520474194332.2905,True
5/23/23,2023-05-23 23:50:00,27222.424868350903,27423.56026562288,791109,4,161109,6.25,19381937.5,527623337396.82294,True
5/24/23,2023-05-24 23:50:00,26342.006519090177,27213.925193554613,791250,4,161250,6.25,19382818.75,510582337870.8433,True
5/25/23,2023-05-25 23:50:00,26477.09720314349,26547.970822437183,791399,4,161399,6.25,19383750.0,513225432911.4326,True
5/26/23,2023-05-26 23:50:00,26719.11654816123,26888.73373442147,791553,4,161553,6.25,19384712.5,517942392540.09784,True
5/27/23,2023-05-27 23:50:00,26868.22841128472,26871.905861830903,791698,4,161698,6.25,19385618.75,520857232469.08374,True
5/28/23,2023-05-28 23:50:00,28107.05501166292,28193.44853283095,791857,4,161857,6.25,19386612.5,544900584027.292,True
5/29/23,2023-05-29 23:50:00,27753.18340888466,28373.21317161022,792019,4,162019,6.25,19387625.0,538068312487.6774,True
5/30/23,2023-05-30 23:50:00,27705.13798975791,28029.85712280074,792174,4,162174,6.25,19388593.75,537163665271.1078,True
5/31/23,2023-05-31 23:50:00,27228.568804595274,27831.67780370857,792316,4,162316,6.25,19389481.25,527947824301.035,True
6/1/23,2023-06-01 23:50:00,26816.713027740294,27326.25604000455,792448,4,162448,6.25,19390306.25,519984278226.249,True
6/2/23,2023-06-02 23:50:00,27247.550684674574,27290.26056918976,792612,4,162612,6.25,19391331.25,528366281077.68896,True
6/3/23,2023-06-03 23:50:00,27066.7495139147,27311.921170967456,792742,4,162742,6.25,19392143.75,524882297419.0765,True
6/4/23,2023-06-04 23:50:00,27100.67253528046,27354.397488917926,792889,4,162889,6.25,19393062.5,525565036268.7274,True
6/5/23,2023-06-05 23:50:00,25770.957102030523,27122.646968409503,793026,4,163026,6.25,19393918.75,499799848146.51544,True
6/6/23,2023-06-06 23:50:00,27208.730403482336,27232.71082982786,793179,4,163179,6.25,19394875.0,527709925084.23944,True
6/7/23,2023-06-07 23:50:00,26354.280004989407,27295.960836498936,793312,4,163312,6.25,19395706.25,511159873407.0231,True
6/8/23,2023-06-08 23:50:00,26518.652024648498,26797.51278671825,793467,4,163467,6.25,19396675.0,514373674760.1989,True
6/9/23,2023-06-09 23:50:00,26488.60896191271,26767.84603786317,793636,4,163636,6.25,19397731.25,513818917829.52423,True
6/10/23,2023-06-10 23:50:00,25862.006390844374,26512.933453884536,793788,4,163788,6.25,19398681.25,501688818461.45294,True
6/11/23,2023-06-11 23:50:00,25917.197734457386,26166.53242069526,793953,4,163953,6.25,19399712.5,502786184854.12463,True
6/12/23,2023-06-12 23:50:00,25898.42298195509,26062.172163082556,794109,4,164109,6.25,19400687.5,502447211015.7288,True
6/13/23,2023-06-13 23:50:00,25897.153585558786,26298.999717411814,794256,4,164256,6.25,19401606.25,502446376862.78723,True
6/14/23,2023-06-14 23:50:00,25122.962560064232,26033.730167863778,794378,4,164378,6.25,19402368.75,487444983682.81024,True
6/15/23,2023-06-15 23:50:00,25565.913416730844,25735.308541637325,794527,4,164527,6.25,19403300.0,496063087798.8536,True
6/16/23,2023-06-16 23:50:00,26322.863966129666,26415.217458063384,794678,4,164678,6.25,19404243.75,510775268596.87177,True
6/17/23,2023-06-17 23:50:00,26517.594549064645,26753.896780060608,794820,4,164820,6.25,19405131.25,514577402658.884,True
6/18/23,2023-06-18 23:50:00,26325.890181020062,26637.933611400935,794970,4,164970,6.25,19406068.75,510882034757.82526,True
6/19/23,2023-06-19 23:50:00,26783.247196944085,26949.26425127045,795112,4,165112,6.25,19406956.25,519781306584.029,True
6/20/23,2023-06-20 23:50:00,28363.135028314235,28363.135028314235,795248,4,165248,6.25,19407806.25,550466229272.111,True
6/21/23,2023-06-21 23:50:00,30038.519709239063,30559.92566070799,795368,4,165368,6.25,19408556.25,583004299443.5,True
6/22/23,2023-06-22 23:50:00,29915.44030512156,30456.295833601605,795507,4,165507,6.25,19409425.0,580641494944.234,True
6/23/23,2023-06-23 23:50:00,30622.93364729128,31318.403334496154,795632,4,165632,6.25,19410206.25,594397458073.9885,True
6/24/23,2023-06-24 23:50:00,30542.42425169211,30803.200219051032,795777,4,165777,6.25,19411112.5,592862433172.3239,True
6/25/23,2023-06-25 23:50:00,30464.376844249182,30958.014887268244,795931,4,165931,6.25,19412075.0,591376768128.8285,True
6/26/23,2023-06-26 23:50:00,30286.01992715319,30575.6112759338,796075,4,166075,6.25,19412975.0,587941747695.3267,True
6/27/23,2023-06-27 23:50:00,30725.454353484343,30822.060480781467,796216,4,166216,6.25,19413856.25,596499554034.4817,True
6/28/23,2023-06-28 23:50:00,30091.639756842567,30682.47720118215,796324,4,166324,6.25,19414531.25,584215080422.9624,True
6/29/23,2023-06-29 23:50:00,30458.25082527999,30741.105733856188,796469,4,166469,6.25,19415437.5,591360265257.547,True
6/30/23,2023-06-30 23:50:00,30490.79151531946,31210.041235079665,796628,4,166628,6.25,19416431.25,592022357215.2836,True
7/1/23,2023-07-01 23:50:00,30586.162609388637,30632.40985537017,796761,4,166761,6.25,19417262.5,593899548254.1841,True
7/2/23,2023-07-02 23:50:00,30622.236997230142,30742.43754613819,796932,4,166932,6.25,19418331.25,594632741628.2202,True
7/3/23,2023-07-03 23:50:00,31152.71345099531,31364.318347981018,797070,4,167070,6.25,19419193.75,604960578343.109,True
7/4/23,2023-07-04 23:50:00,30791.354325502583,31325.198166376776,797211,4,167211,6.25,19420075.0,597970410352.8346,True
7/5/23,2023-07-05 23:50:00,30501.977712828342,30877.32925104366,797367,4,167367,6.25,19421050.0,592380434259.7249,True
7/6/23,2023-07-06 23:50:00,29995.78929501398,31399.246060001235,797506,4,167506,6.25,19421918.75,582575782529.8813,True
7/7/23,2023-07-07 23:50:00,30321.16437340287,30433.51466269229,797678,4,167678,6.25,19422993.75,588927786117.3265,True
7/8/23,2023-07-08 23:50:00,30270.047123742435,30374.436525061985,797859,4,167859,6.25,19424125.0,587969179087.4635,True
7/9/23,2023-07-09 23:50:00,30177.561426355973,30403.625252466703,798027,4,168027,6.25,19425175.0,586204411780.2144,True
7/10/23,2023-07-10 23:50:00,30399.567625261745,30974.646610970547,798181,4,168181,6.25,19426137.5,590546180628.8832,True
7/11/23,2023-07-11 23:50:00,30625.232132437995,30677.279717487967,798317,4,168317,6.25,19426987.5,594956001821.4713,True
7/12/23,2023-07-12 23:50:00,30386.18488430355,30892.65560003403,798459,4,168459,6.25,19427875.0,590339001659.1389,True
7/13/23,2023-07-13 23:50:00,31454.38545802463,31719.69087215118,798578,4,168578,6.25,19428618.75,611115263079.5046,True
7/14/23,2023-07-14 23:50:00,30326.141483997275,31533.13632709402,798719,4,168719,6.25,19429500.0,589221765963.3251,True
7/15/23,2023-07-15 23:50:00,30291.10855315059,30386.134058280706,798856,4,168856,6.25,19430356.25,588567030395.138,True
7/16/23,2023-07-16 23:50:00,30232.865942206074,30431.49457846931,799012,4,169012,6.25,19431331.25,587464832759.8496,True
7/17/23,2023-07-17 23:50:00,30160.64713176639,30329.36511695286,799147,4,169147,6.25,19432175.0,586086973177.7325,True
7/18/23,2023-07-18 23:50:00,29854.16162945489,30222.762455889275,799306,4,169306,6.25,19433168.75,580160960834.9719,True
7/19/23,2023-07-19 23:50:00,29928.062633779253,30178.965159669857,799458,4,169458,6.25,19434118.75,581625523182.3037,True
7/20/23,2023-07-20 23:50:00,29795.75093290666,30395.868250822954,799586,4,169586,6.25,19434918.75,579077998476.2776,True
7/21/23,2023-07-21 23:50:00,29918.062245160505,30023.37549751166,799696,4,169696,6.25,19435606.25,581475677559.9305,True
7/22/23,2023-07-22 23:50:00,29748.925990767475,29979.1840147096,799832,4,169832,6.25,19436456.25,578213698504.0399,True
7/23/23,2023-07-23 23:50:00,30058.58125631577,30303.405549837866,799978,4,169978,6.25,19437368.75,584259727980.8479,True
7/24/23,2023-07-24 23:50:00,29181.39279934082,30083.72899910384,800128,4,170128,6.25,19438306.25,567236850035.1317,True
7/25/23,2023-07-25 23:50:00,29242.270071832383,29314.989503493784,800264,4,170264,6.25,19439156.25,568445057031.0485,True
7/26/23,2023-07-26 23:50:00,29339.2283738779,29675.552617399644,800411,4,170411,6.25,19440075.0,570356800030.3145,True
7/27/23,2023-07-27 23:50:00,29204.350222111545,29550.633808835402,800547,4,170547,6.25,19440925.0,567759582341.8038,True
7/28/23,2023-07-28 23:50:00,29320.936348486426,29500.465514889765,800689,4,170689,6.25,19441812.5,570052146811.7078,True
7/29/23,2023-07-29 23:50:00,29359.272680810667,29396.84375418112,800821,4,170821,6.25,19442637.5,570821695996.655,True
7/30/23,2023-07-30 23:50:00,29275.10910622398,29434.295971152307,800987,4,170987,6.25,19443675.0,569215707050.9595,True
7/31/23,2023-07-31 23:50:00,29229.676628312478,29479.030400325344,801130,4,171130,6.25,19444568.75,568358456739.4902,True
8/1/23,2023-08-01 23:50:00,29668.578113968357,29668.578113968357,801266,4,171266,6.25,19445418.75,576917925143.2,True
8/2/23,2023-08-02 23:50:00,29150.178200398568,29958.3080494626,801423,4,171423,6.25,19446400.0,566866025356.2307,True
8/3/23,2023-08-03 23:50:00,29175.816355589963,29338.527600096615,801574,4,171574,6.25,19447343.75,567392129854.0303,True
8/4/23,2023-08-04 23:50:00,29074.55254832058,29279.730682166195,801695,4,171695,6.25,19448100.0,565444805414.9934,True
8/5/23,2023-08-05 23:50:00,29045.616254230372,29097.662045713878,801849,4,171849,6.25,19449062.5,564910005879.5424,True
8/6/23,2023-08-06 23:50:00,29042.04802116779,29146.051797833716,802013,4,172013,6.25,19450087.5,564870375190.9154,True
8/7/23,2023-08-07 23:50:00,29179.454872828293,29216.428473965767,802158,4,172158,6.25,19450993.75,567569394359.7902,True
8/8/23,2023-08-08 23:50:00,29763.239718571713,30041.835965179485,802284,4,172284,6.25,19451781.25,578948028296.9685,True
8/9/23,2023-08-09 23:50:00,29578.60473505506,30009.47961086703,802446,4,172446,6.25,19452793.75,575386497323.7996,True
8/10/23,2023-08-10 23:50:00,29437.842638449863,29663.355288426723,802572,4,172572,6.25,19453581.25,572671463591.7988,True
8/11/23,2023-08-11 23:50:00,29401.40285882531,29506.83430441001,802723,4,172723,6.25,19454525.0,571990326952.0885,True
8/12/23,2023-08-12 23:50:00,29416.320952191803,29465.052281731627,802890,4,172890,6.25,19455568.75,572311254657.4331,True
8/13/23,2023-08-13 23:50:00,29283.43307637891,29438.39354558523,803025,4,173025,6.25,19456412.5,569750553350.1721,True
8/14/23,2023-08-14 23:50:00,29412.662963212904,29642.28422194514,803196,4,173196,6.25,19457481.25,572296338119.2845,True
8/15/23,2023-08-15 23:50:00,29168.939310289417,29422.634299275698,803367,4,173367,6.25,19458550.0,567585264016.2322,True
8/16/23,2023-08-16 23:50:00,28716.95567567704,29218.97901683848,803529,4,173529,6.25,19459562.5,558819393780.5671,True
8/17/23,2023-08-17 23:50:00,26641.149017583273,28735.380797416725,803686,4,173686,6.25,19460543.75,518451246006.9488,True
8/18/23,2023-08-18 23:50:00,26047.655701857013,26786.03575305348,803823,4,173823,6.25,19461400.0,506923846676.12006,True
8/19/23,2023-08-19 23:50:00,26087.668151379323,26212.342566095722,803964,4,173964,6.25,19462281.25,507725534718.81195,True
8/20/23,2023-08-20 23:50:00,26188.294015057727,26241.76481401671,804128,4,174128,6.25,19463306.25,509710786580.11066,True
8/21/23,2023-08-21 23:50:00,26119.686599780398,26202.507675887136,804291,4,174291,6.25,19464325.0,508402068876.27057,True
8/22/23,2023-08-22 23:50:00,26023.458488996606,26129.527914995546,804434,4,174434,6.25,19465218.75,506552312119.8634,True
8/23/23,2023-08-23 23:50:00,26424.425885267043,26741.517985912677,804577,4,174577,6.25,19466112.5,514380847030.5203,True
8/24/23,2023-08-24 23:50:00,26139.04009454925,26512.855740245013,804717,4,174717,6.25,19466987.5,508848366782.5891,True
8/25/23,2023-08-25 23:50:00,26051.027696278252,26201.736179121326,804852,4,174852,6.25,19467831.25,507157011080.22125,True
8/26/23,2023-08-26 23:50:00,26006.671536422888,26107.384290580063,804988,4,174988,6.25,19468681.25,506315598516.06494,True
8/27/23,2023-08-27 23:50:00,26087.225224087328,26159.132680679868,805105,4,175105,6.25,19469412.5,507902948868.16113,True
8/28/23,2023-08-28 23:50:00,26108.558274788975,26196.493942587946,805223,4,175223,6.25,19470150.0,508337545893.88257,True
8/29/23,2023-08-29 23:50:00,27722.85715062194,28018.384756049036,805381,4,175381,6.25,19471137.5,539795563472.61804,True
8/30/23,2023-08-30 23:50:00,27301.802992845187,27742.95581854067,805506,4,175506,6.25,19471918.75,531618489605.1883,True
8/31/23,2023-08-31 23:50:00,25929.8273633107,27440.72971736552,805650,4,175650,6.25,19472818.75,504926828464.5396,True
9/1/23,2023-09-01 23:50:00,25802.67758142681,26085.86070696,805801,4,175801,6.25,19473762.5,502475215084.78015,True
9/2/23,2023-09-02 23:50:00,25862.66214030542,25938.19012839267,805954,4,175954,6.25,19474718.75,503668071308.72107,True
9/3/23,2023-09-03 23:50:00,25971.119276963313,26040.999178616294,806111,4,176111,6.25,19475700.0,505805727702.3544,True
9/4/23,2023-09-04 23:50:00,25818.20041658717,26038.306658749218,806261,4,176261,6.25,19476637.5,502851730416.2173,True
9/5/23,2023-09-05 23:50:00,25776.093195492627,25823.569805054718,806385,4,176385,6.25,19477412.5,502051599807.05304,True
9/6/23,2023-09-06 23:50:00,25755.84492577595,25919.783217812357,806519,4,176519,6.25,19478250.0,501678786425.49536,True
9/7/23,2023-09-07 23:50:00,26215.697676473963,26378.6101772436,806665,4,176665,6.25,19479162.5,510659835090.90875,True
9/8/23,2023-09-08 23:50:00,25903.455817156737,26384.600744859505,806798,4,176798,6.25,19479993.75,504599157421.6144,True
9/9/23,2023-09-09 23:50:00,25894.371678926407,25910.117061946657,806950,4,176950,6.25,19480943.75,504446798118.7584,True
9/10/23,2023-09-10 23:50:00,25841.89153717815,25973.11307935871,807096,4,177096,6.25,19481856.25,503448016155.3963,True
9/11/23,2023-09-11 23:50:00,25131.853610748836,25865.64269961423,807256,4,177256,6.25,19482856.25,489640291194.263,True
9/12/23,2023-09-12 23:50:00,25851.238275387826,26406.071228827892,807396,4,177396,6.25,19483731.25,503678579037.3699,True
9/13/23,2023-09-13 23:50:00,26230.41129600612,26346.532314039283,807543,4,177543,6.25,19484650.0,511090383458.72565,True
9/14/23,2023-09-14 23:50:00,26536.08220778043,26737.55510174068,807706,4,177706,6.25,19485668.75,517073307823.5781,True
9/15/23,2023-09-15 23:50:00,26647.223409797887,26790.945232945745,807893,4,177893,6.25,19486837.5,519270112412.9273,True
9/16/23,2023-09-16 23:50:00,26560.681826478944,26711.641133712143,808049,4,178049,6.25,19487812.5,517609587306.57916,True
9/17/23,2023-09-17 23:50:00,26527.935573605875,26615.202435496394,808197,4,178197,6.25,19488737.5,516995972810.9168,True
9/18/23,2023-09-18 23:50:00,26750.830658687613,27414.73425925601,808354,4,178354,6.25,19489718.75,521366165866.69885,True
9/19/23,2023-09-19 23:50:00,27225.165288012224,27475.690834659534,808493,4,178493,6.25,19490587.5,530634466247.96497,True
9/20/23,2023-09-20 23:50:00,27130.319893611046,27338.421897658045,808638,4,178638,6.25,19491493.75,528810460641.8204,True
9/21/23,2023-09-21 23:50:00,26565.444330587725,27130.959928434855,808777,4,178777,6.25,19492362.5,517823270865.38574,True
9/22/23,2023-09-22 23:50:00,26580.948241165996,26724.039568515836,808904,4,178904,6.25,19493156.25,518146577338.2114,True
9/23/23,2023-09-23 23:50:00,26579.711860935837,26628.14157509014,809062,4,179062,6.25,19494143.75,518148723850.6632,True
9/24/23,2023-09-24 23:50:00,26251.94000126036,26698.31629354615,809208,4,179208,6.25,19495056.25,511783046996.19574,True
9/25/23,2023-09-25 23:50:00,26301.84780924953,26405.82965302966,809351,4,179351,6.25,19495950.0,512779509796.7384,True
9/26/23,2023-09-26 23:50:00,26207.098840276893,26389.597110896553,809489,4,179489,6.25,19496812.5,510954892257.846,True
9/27/23,2023-09-27 23:50:00,26351.923799727545,26798.163820582347,809646,4,179646,6.25,19497793.75,513804375162.80396,True
9/28/23,2023-09-28 23:50:00,27020.0201195083,27228.75001090585,809792,4,179792,6.25,19498706.25,526855435179.3822,True
9/29/23,2023-09-29 23:50:00,26918.04725949445,27177.68029085836,809938,4,179938,6.25,19499618.75,524891659054.62415,True
9/30/23,2023-09-30 23:50:00,26969.662422276026,27083.597534885626,810077,4,180077,6.25,19500487.5,525921564944.81335,True
10/1/23,2023-10-01 23:50:00,27971.720079662788,28047.237710026937,810218,4,180218,6.25,19501368.75,545486827845.2834,True
10/2/23,2023-10-02 23:50:00,27615.810922283403,28434.846629019885,810373,4,180373,6.25,19502337.5,538572864942.5572,True
10/3/23,2023-10-03 23:50:00,27442.04846351269,27662.29448576295,810538,4,180538,6.25,19503368.75,535212390439.2589,True
10/4/23,2023-10-04 23:50:00,27793.835595991313,27793.835595991313,810668,4,180668,6.25,19504181.25,542096007096.9163,True
10/5/23,2023-10-05 23:50:00,27435.1378448644,28060.24400765099,810808,4,180808,6.25,19505056.25,535123906890.58386,True
10/6/23,2023-10-06 23:50:00,27945.923371919063,28165.457743062223,810970,4,180970,6.25,19506068.75,545115102574.8851,True
10/7/23,2023-10-07 23:50:00,27972.86168328721,28024.12647576078,811141,4,181141,6.25,19507137.5,545670459124.36505,True
10/8/23,2023-10-08 23:50:00,27946.940819119573,28102.17039092581,811288,4,181288,6.25,19508056.25,545190493514.8057,True
10/9/23,2023-10-09 23:50:00,27589.872528307096,27985.169283666008,811445,4,181445,6.25,19509037.5,538251857774.96295,True
10/10/23,2023-10-10 23:50:00,27391.340515995755,27707.64463612188,811607,4,181607,6.25,19510050.0,534406423034.10297,True
10/11/23,2023-10-11 23:50:00,26839.4634565126,27464.050125049143,811767,4,181767,6.25,19511050.0,523666113473.1902,True
10/12/23,2023-10-12 23:50:00,26740.622279190473,26911.187391428648,811933,4,181933,6.25,19512087.5,521765361716.0139,True
10/13/23,2023-10-13 23:50:00,26846.408960513527,27053.826407248136,812070,4,182070,6.25,19512943.75,523852467935.9964,True
10/14/23,2023-10-14 23:50:00,26863.172256085036,26962.991520659485,812214,4,182214,6.25,19513843.75,524203746034.57837,True
10/15/23,2023-10-15 23:50:00,27147.722756725423,27272.219347705966,812383,4,182383,6.25,19514900.0,529785094825.22095,True
10/16/23,2023-10-16 23:50:00,28525.712165863904,29253.310451765014,812524,4,182524,6.25,19515781.25,556701558629.4636,True
10/17/23,2023-10-17 23:50:00,28418.949444907274,28592.49974829291,812685,4,182685,6.25,19516787.5,554646597289.4982,True
10/18/23,2023-10-18 23:50:00,28329.06095625457,28769.934382207208,812832,4,182832,6.25,19517706.25,552918290082.5208,True
10/19/23,2023-10-19 23:50:00,28706.162829946654,28830.38695077045,812972,4,182972,6.25,19518581.25,560303571572.0437,True
10/20/23,2023-10-20 23:50:00,29681.53100155717,30035.548874577173,813106,4,183106,6.25,19519418.75,579366232760.5013,True
10/21/23,2023-10-21 23:50:00,29910.698211552164,30197.744553310895,813254,4,183254,6.25,19520343.75,583867110892.0084,True
10/22/23,2023-10-22 23:50:00,29976.48140937994,30193.31966117353,813407,4,183407,6.25,19521300.0,585179886536.9286,True
10/23/23,2023-10-23 23:50:00,32960.903130020706,34029.765685041064,813566,4,183566,6.25,19522293.75,643472433169.5587,True
10/24/23,2023-10-24 23:50:00,33832.92156782277,34942.38567674463,813692,4,183692,6.25,19523081.25,660522876693.4813,True
10/25/23,2023-10-25 23:50:00,34470.46130563398,35003.90497658592,813834,4,183834,6.25,19523968.75,673000209329.282,True
10/26/23,2023-10-26 23:50:00,34168.19923008328,34832.90854019843,813985,4,183985,6.25,19524912.5,667131100249.9434,True
10/27/23,2023-10-27 23:50:00,33916.76423685646,34197.915304233895,814139,4,184139,6.25,19525875.0,662254498893.3297,True
10/28/23,2023-10-28 23:50:00,34097.529089996075,34359.89681016345,814299,4,184299,6.25,19526875.0,665818188349.217,True
10/29/23,2023-10-29 23:50:00,34551.36503872739,34741.09063535101,814436,4,184436,6.25,19527731.25,674709770796.9143,True
10/30/23,2023-10-30 23:50:00,34497.30370524424,34843.93549965057,814592,4,184592,6.25,19528706.25,673687710476.7513,True
10/31/23,2023-10-31 23:50:00,34653.68427295294,34695.45806398707,814745,4,184745,6.25,19529662.5,676774758232.3287,True
11/1/23,2023-11-01 23:50:00,35421.13090383127,35478.06343710264,814897,4,184897,6.25,19530612.5,691796381994.5033,True
11/2/23,2023-11-02 23:50:00,34934.74168206966,35847.390513317456,815040,4,185040,6.25,19531506.25,682328125505.4791,True
11/3/23,2023-11-03 23:50:00,34740.1173306426,34883.42923112487,815175,4,185175,6.25,19532350.0,678556130743.177,True
11/4/23,2023-11-04 23:50:00,35070.047845688896,35237.2306388123,815344,4,185344,6.25,19533406.25,685037491776.7786,True
11/5/23,2023-11-05 23:50:00,35053.76045609004,35284.486444915485,815508,4,185508,6.25,19534431.25,684755273683.4596,True
11/6/23,2023-11-06 23:50:00,35032.64532058074,35271.55527735669,815634,4,185634,6.25,19535218.75,684370389728.7086,True
11/7/23,2023-11-07 23:50:00,35448.2806676018,35878.26095786184,815768,4,185768,6.25,19536056.25,692519605088.0563,True
11/8/23,2023-11-08 23:50:00,35708.93657636417,35988.99537930815,815917,4,185917,6.25,19536987.5,697645047530.7196,True
11/9/23,2023-11-09 23:50:00,36718.29996585175,37856.52612422071,816058,4,186058,6.25,19537868.75,717397325455.941,True
11/10/23,2023-11-10 23:50:00,37327.71400679534,37492.1887925388,816213,4,186213,6.25,19538837.5,729340138225.2479,True
11/11/23,2023-11-11 23:50:00,37128.810888320564,37398.318114195725,816374,4,186374,6.25,19539843.75,725491163381.0825,True
11/12/23,2023-11-12 23:50:00,37057.80007585649,37204.57057061491,816534,4,186534,6.25,19540843.75,724140681001.0498,True
11/13/23,2023-11-13 23:50:00,36534.6332410215,37405.115299504556,816655,4,186655,6.25,19541600.0,713945188942.7458,True
11/14/23,2023-11-14 23:50:00,35534.1172334461,36750.54851563192,816792,4,186792,6.25,19542456.25,694423931416.9915,True
11/15/23,2023-11-15 23:50:00,37964.89283231469,37964.89283231469,816942,4,186942,6.25,19543393.75,741962849298.4788,True
11/16/23,2023-11-16 23:50:00,36208.80073710577,37934.625198058966,817089,4,187089,6.25,19544312.5,707676116856.2255,True
11/17/23,2023-11-17 23:50:00,36549.8505906689,36620.09524016367,817240,4,187240,6.25,19545256.25,714376195693.8375,True
11/18/23,2023-11-18 23:50:00,36580.419891496276,36789.07785827393,817387,4,187387,6.25,19546175.0,715007288772.6672,True
11/19/23,2023-11-19 23:50:00,37420.24400937347,37478.38802368863,817559,4,187559,6.25,19547250.0,731462864712.2256,True
11/20/23,2023-11-20 23:50:00,37485.769025447844,37747.58919170329,817724,4,187724,6.25,19548281.25,732782355781.9929,True
11/21/23,2023-11-21 23:50:00,35969.24717751081,37604.78894826025,817874,4,187874,6.25,19549218.75,703170681345.979,True
11/22/23,2023-11-22 23:50:00,37459.03158130383,37788.91382056121,818018,4,188018,6.25,19550118.75,732328515674.4902,True
11/23/23,2023-11-23 23:50:00,37289.77650556166,37609.791778748586,818166,4,188166,6.25,19551043.75,729054051887.9581,True
11/24/23,2023-11-24 23:50:00,37727.33702846596,38317.40366379691,818331,4,188331,6.25,19552075.0,737647723130.8436,True
11/25/23,2023-11-25 23:50:00,37803.473211033124,37892.429965573516,818492,4,188492,6.25,19553081.25,739174383227.529,True
11/26/23,2023-11-26 23:50:00,37484.80355503841,37820.30134246359,818639,4,188639,6.25,19554000.0,732977848715.2211,True
11/27/23,2023-11-27 23:50:00,37269.400987279856,37537.71840555084,818769,4,188769,6.25,19554812.5,728796148293.5725,True
11/28/23,2023-11-28 23:50:00,37793.216542398746,38254.54098597428,818916,4,188916,6.25,19555731.25,739073985776.2041,True
11/29/23,2023-11-29 23:50:00,37827.18414956041,38305.28337097557,819050,4,189050,6.25,19556568.75,739769927439.7885,True
11/30/23,2023-11-30 23:50:00,37714.61032287171,38140.8228686471,819184,4,189184,6.25,19557406.25,737599955644.8457,True
12/1/23,2023-12-01 23:50:00,38670.53035776816,38950.394825503,819354,4,189354,6.25,19558468.75,756336359548.335,True
12/2/23,2023-12-02 23:50:00,39476.85929972383,39629.310713083054,819479,4,189479,6.25,19559250.0,772137760258.1233,True
12/3/23,2023-12-03 23:50:00,39944.90905195962,40117.87180497038,819644,4,189644,6.25,19560281.25,781333655562.0011,True
12/4/23,2023-12-04 23:50:00,41968.89957669015,42277.712984356614,819802,4,189802,6.25,19561268.75,820964923761.3972,True
12/5/23,2023-12-05 23:50:00,44139.714609322225,44330.04701044532,819940,4,189940,6.25,19562131.25,863466890525.1039,True
12/6/23,2023-12-06 23:50:00,43728.436862968534,44257.6561747012,820076,4,190076,6.25,19562981.25,855458590442.0623,True
12/7/23,2023-12-07 23:50:00,43268.438483372134,44031.08752305221,820191,4,190191,6.25,19563700.0,846490749957.1475,True
12/8/23,2023-12-08 23:50:00,44191.71400394974,44654.52871228331,820325,4,190325,6.25,19564537.5,864590445819.5498,True
12/9/23,2023-12-09 23:50:00,43723.69223698158,44326.38912172693,820481,4,190481,6.25,19565512.5,855476447008.816,True
12/10/23,2023-12-10 23:50:00,43764.581031140384,43999.97533957697,820621,4,190621,6.25,19566387.5,856314751230.4423,True
12/11/23,2023-12-11 23:50:00,41195.11550031206,43800.39071305475,820778,4,190778,6.25,19567368.75,806080015693.4468,True
12/12/23,2023-12-12 23:50:00,41507.450692868144,42028.80464070288,820925,4,190925,6.25,19568287.5,812229728550.118,True
12/13/23,2023-12-13 23:50:00,42910.62699406455,43362.0681920412,821074,4,191074,6.25,19569218.75,839727446346.5042,True
12/14/23,2023-12-14 23:50:00,43038.879007224794,43305.12374840029,821220,4,191220,6.25,19570131.25,842276511024.2589,True
12/15/23,2023-12-15 23:50:00,41949.32730077563,43043.93130857585,821381,4,191381,6.25,19571137.5,820996052635.9836,True
12/16/23,2023-12-16 23:50:00,42222.382849870126,42664.94513555632,821534,4,191534,6.25,19572093.75,826380435486.0503,True
12/17/23,2023-12-17 23:50:00,41413.098228374394,42359.49611908532,821681,4,191681,6.25,19573012.5,810579089287.6998,True
12/18/23,2023-12-18 23:50:00,42679.42154111001,42681.41502948701,821851,4,191851,6.25,19574075.0,835410198202.3029,True
12/19/23,2023-12-19 23:50:00,42266.919591360835,43253.92868961798,822015,4,192015,6.25,19575100.0,827379177692.8475,True
12/20/23,2023-12-20 23:50:00,43629.831486497875,44206.313678525556,822159,4,192159,6.25,19576000.0,854097581179.6824,True
12/21/23,2023-12-21 23:50:00,43879.58748413267,44240.66912781174,822306,4,192306,6.25,19576918.75,859027118960.3822,True
12/22/23,2023-12-22 23:50:00,44026.9012829493,44342.51793402463,822469,4,192469,6.25,19577937.5,861955921636.2512,True
12/23/23,2023-12-23 23:50:00,43751.546442881096,43983.99001244179,822634,4,192634,6.25,19578968.75,856610160569.3427,True
12/24/23,2023-12-24 23:50:00,43047.90684478947,43942.21759930062,822804,4,192804,6.25,19580031.25,842879361268.0667,True
12/25/23,2023-12-25 23:50:00,43624.10331637578,43719.215936671644,822944,4,192944,6.25,19580906.25,854199477278.2683,True
12/26/23,2023-12-26 23:50:00,42529.022984375064,43589.95011113721,823082,4,193082,6.25,19581768.75,832793493243.4674,True
12/27/23,2023-12-27 23:50:00,43414.9531275116,43631.722248330836,823212,4,193212,6.25,19582581.25,850176847084.4376,True
12/28/23,2023-12-28 23:50:00,42624.57666725408,43723.352530980446,823332,4,193332,6.25,19583331.25,834731204265.8577,True
12/29/23,2023-12-29 23:50:00,42077.0305270328,43065.52407608227,823484,4,193484,6.25,19584281.25,824048400006.2461,True
12/30/23,2023-12-30 23:50:00,42215.290922134845,42577.1221391675,823629,4,193629,6.25,19585187.5,826794388077.0588,True
12/31/23,2023-12-31 23:50:00,42225.16979763498,42795.09312523625,823785,4,193785,6.25,19586162.5,827029037246.5709,True
1/1/24,2024-01-01 23:50:00,44152.226904436706,44152.226904436706,823940,4,193940,6.25,19587131.25,864815463356.9829,True
1/2/24,2024-01-02 23:50:00,44977.03809117667,45853.964619615464,824070,4,194070,6.25,19587943.75,881007692171.5759,True
1/3/24,2024-01-03 23:50:00,42830.90420516804,45426.90316208524,824226,4,194226,6.25,19588918.75,839011102464.0701,True
1/4/24,2024-01-04 23:50:00,44230.16258401395,44687.488011397094,824398,4,194398,6.25,19589993.75,866468608582.3171,True
1/5/24,2024-01-05 23:50:00,44144.451255434375,44262.38157714137,824535,4,194535,6.25,19590850.0,864827322877.5265,True
1/6/24,2024-01-06 23:50:00,43951.96306364309,44177.04714372318,824677,4,194677,6.25,19591737.5,861095322952.5912,True
1/7/24,2024-01-07 23:50:00,43903.64941542597,44463.68199790196,824794,4,194794,6.25,19592468.75,860180879182.6891,True
1/8/24,2024-01-08 23:50:00,46944.001216868666,47209.609443214256,824917,4,194917,6.25,19593237.5,919784965042.3967,True
1/9/24,2024-01-09 23:50:00,46088.418790322816,47127.71206592802,825070,4,195070,6.25,19594193.75,903065407408.7258,True
1/10/24,2024-01-10 23:50:00,46608.18980758818,47486.99945511296,825202,4,195202,6.25,19595018.75,913288353183.2494,True
1/11/24,2024-01-11 23:50:00,46393.10014658561,48813.400200713986,825376,4,195376,6.25,19596106.25,909124119739.3822,True
1/12/24,2024-01-12 23:50:00,42897.85848045561,46443.80022917575,825544,4,195544,6.25,19597156.25,840676035431.8761,True
1/13/24,2024-01-13 23:50:00,42838.73596987404,43215.62439835295,825702,4,195702,6.25,19598143.75,839559705605.8871,True
1/14/24,2024-01-14 23:50:00,41769.43933665277,43033.58571366524,825831,4,195831,6.25,19598950.0,818637153087.0908,True
1/15/24,2024-01-15 23:50:00,42582.921531398526,43300.25870150701,825942,4,195942,6.25,19599643.75,834610091849.6156,True
1/16/24,2024-01-16 23:50:00,43152.49342662568,43547.96243796392,826070,4,196070,6.25,19600443.75,845808020080.8214,True
1/17/24,2024-01-17 23:50:00,42730.92623338343,43180.40627063167,826191,4,196191,6.25,19601200.0,837577431285.7952,True
1/18/24,2024-01-18 23:50:00,41261.24249519073,42865.041843761544,826331,4,196331,6.25,19602075.0,808805969983.9159,True
1/19/24,2024-01-19 23:50:00,41609.56250778722,42078.65421014722,826465,4,196465,6.25,19602912.5,815668613003.4333,True
1/20/24,2024-01-20 23:50:00,41648.71864578855,41828.85094259473,826607,4,196607,6.25,19603800.0,816473150588.3096,True
1/21/24,2024-01-21 23:50:00,41535.75916314732,41855.36872140593,826748,4,196748,6.25,19604681.25,814295318870.2699,True
1/22/24,2024-01-22 23:50:00,39450.40187133021,41648.91111453759,826907,4,196907,6.25,19605675.0,773451757708.6919,True
1/23/24,2024-01-23 23:50:00,39827.34939619788,40127.35342734341,827060,4,197060,6.25,19606631.25,780880153276.162,True
1/24/24,2024-01-24 23:50:00,40110.3806221753,40343.72639143326,827210,4,197210,6.25,19607568.75,786467045637.9698,True
1/25/24,2024-01-25 23:50:00,39928.14467734016,40242.99292161201,827393,4,197393,6.25,19608712.5,782939509636.3685,True
1/26/24,2024-01-26 23:50:00,41874.34393455977,42182.69632818465,827544,4,197544,6.25,19609656.25,821141490250.9896,True
1/27/24,2024-01-27 23:50:00,42115.223478639076,42174.892307523005,827716,4,197716,6.25,19610731.25,825910329173.281,True
1/28/24,2024-01-28 23:50:00,42023.43720200737,42731.749411378485,827875,4,197875,6.25,19611725.0,824152093960.538,True
1/29/24,2024-01-29 23:50:00,43260.518364565825,43270.43809630806,828032,4,198032,6.25,19612706.25,848455838906.96,True
1/30/24,2024-01-30 23:50:00,42911.953177663134,43748.349321609465,828172,4,198172,6.25,19613581.25,841657080246.2915,True
1/31/24,2024-01-31 23:50:00,42585.02506743466,43634.217552868526,828307,4,198307,6.25,19614425.0,835280780308.3171,True
2/1/24,2024-02-01 23:50:00,43049.060500137675,43215.293435248335,828460,4,198460,6.25,19615381.25,844423734164.5162,True
2/2/24,2024-02-02 23:50:00,43163.942721844,43380.48194154968,828648,4,198648,6.25,19616556.25,846727910374.8309,True
2/3/24,2024-02-03 23:50:00,42978.42812586093,43309.417653150944,828799,4,198799,6.25,19617500.0,843129313759.0769,True
2/4/24,2024-02-04 23:50:00,42597.652842411044,43077.67492764707,828954,4,198954,6.25,19618468.75,835700721112.1897,True
2/5/24,2024-02-05 23:50:00,42660.52223439984,43425.73681823569,829108,4,199108,6.25,19619431.25,836975183066.904,True
2/6/24,2024-02-06 23:50:00,43100.80183361348,43342.64163996116,829279,4,199279,6.25,19620500.0,845659282376.4132,True
2/7/24,2024-02-07 23:50:00,44243.073358111855,44301.6204257082,829440,4,199440,6.25,19621506.25,868115740415.4003,True
2/8/24,2024-02-08 23:50:00,45330.38151855335,45486.929897439695,829578,4,199578,6.25,19622368.75,889489461735.2389,True
2/9/24,2024-02-09 23:50:00,47132.70022822099,47934.4247564065,829743,4,199743,6.25,19623400.0,924903829658.4717,True
2/10/24,2024-02-10 23:50:00,47778.30304073163,48069.65937654158,829895,4,199895,6.25,19624350.0,937618141277.3818,True
2/11/24,2024-02-11 23:50:00,48254.94409132965,48453.615643290505,830033,4,200033,6.25,19625212.5,947013531967.9637,True
2/12/24,2024-02-12 23:50:00,49971.508918197025,50225.39547154703,830210,4,200210,6.25,19626318.75,980756762447.0024,True
2/13/24,2024-02-13 23:50:00,49757.69965167232,50284.950444964816,830345,4,200345,6.25,19627162.5,976602456689.566,True
2/14/24,2024-02-14 23:50:00,51819.51461911969,52021.37077870941,830485,4,200485,6.25,19628037.5,1017115376175.8795,True
2/15/24,2024-02-15 23:50:00,51932.744115201516,52720.60406124539,830641,4,200641,6.25,19629012.5,1019388483396.592,True
2/16/24,2024-02-16 23:50:00,52182.30523643026,52422.442020987095,830775,4,200775,6.25,19629850.0,1024330824445.3405,True
2/17/24,2024-02-17 23:50:00,51665.38478447679,52188.52634215414,830925,4,200925,6.25,19630787.5,1014232189809.7971,True
2/18/24,2024-02-18 23:50:00,52122.545455589316,52335.37243515695,831046,4,201046,6.25,19631543.75,1023246031472.7654,True
2/19/24,2024-02-19 23:50:00,51770.63461692279,52467.05077391503,831183,4,201183,6.25,19632400.0,1016381807053.275,True
2/20/24,2024-02-20 23:50:00,52300.93374582081,52844.89819095147,831324,4,201324,6.25,19633281.25,1026838941869.3159,True
2/21/24,2024-02-21 23:50:00,51847.05828695659,52312.854015413526,831463,4,201463,6.25,19634150.0,1017972919464.8488,True
2/22/24,2024-02-22 23:50:00,51321.394587837734,52002.84576439635,831598,4,201598,6.25,19634993.75,1007695261973.4778,True
2/23/24,2024-02-23 23:50:00,50723.74776329093,51497.70042093716,831756,4,201756,6.25,19635981.25,996010560009.7101,True
2/24/24,2024-02-24 23:50:00,51569.852896552395,51650.3583627193,831893,4,201893,6.25,19636837.5,1012668821228.5037,True
2/25/24,2024-02-25 23:50:00,51730.16571220854,51943.39972601363,832057,4,202057,6.25,19637862.5,1015869881358.5658,True
2/26/24,2024-02-26 23:50:00,54521.831888333836,54885.551209022626,832190,4,202190,6.25,19638693.75,1070737559143.9724,True
2/27/24,2024-02-27 23:50:00,57040.002844995666,57514.61112060761,832320,4,202320,6.25,19639506.25,1120237492374.31,True
2/28/24,2024-02-28 23:50:00,62547.6812033348,63913.13181357741,832466,4,202466,6.25,19640418.75,1228462650674.9995,True
2/29/24,2024-02-29 23:50:00,61296.28783919828,63544.92094347734,832602,4,202602,6.25,19641268.75,1203936862827.0503,True
3/1/24,2024-03-01 23:50:00,62486.38913275429,62920.948221710794,832755,4,202755,6.25,19642225.0,1227371714783.1145,True
3/2/24,2024-03-02 23:50:00,62022.12807711209,62458.69852236295,832883,4,202883,6.25,19643025.0,1218302212371.9146,True
3/3/24,2024-03-03 23:50:00,63119.390901245846,63212.91992119515,833038,4,203038,6.25,19643993.75,1239916920367.8804,True
3/4/24,2024-03-04 23:50:00,68365.42639097848,68396.45746444722,833166,4,203166,6.25,19644793.75,1343024701081.579,True
3/5/24,2024-03-05 23:50:00,63889.51842693471,68803.50326537907,833333,4,203333,6.25,19645837.5,1255163096968.815,True
3/6/24,2024-03-06 23:50:00,66125.97716824335,67519.96243620892,833473,4,203473,6.25,19646712.5,1299158062206.0413,True
3/7/24,2024-03-07 23:50:00,66996.43550696514,67996.88384866242,833650,4,203650,6.25,19647818.75,1316333821736.9153,True
3/8/24,2024-03-08 23:50:00,68350.04413064609,69359.26772528466,833807,4,203807,6.25,19648800.0,1342996347114.2388,True
3/9/24,2024-03-09 23:50:00,68511.18707639222,68647.7096863821,833971,4,203971,6.25,19649825.0,1346232836593.3687,True
3/10/24,2024-03-10 23:50:00,68989.04103917917,69986.44410547116,834113,4,204113,6.25,19650712.5,1355683811111.611,True
3/11/24,2024-03-11 23:50:00,72106.09190897494,72682.42917973589,834284,4,204284,6.25,19651781.25,1417013144987.5703,True
3/12/24,2024-03-12 23:50:00,71455.53510572789,72825.65737054772,834424,4,204424,6.25,19652656.25,1404291068592.6777,True
3/13/24,2024-03-13 23:50:00,73104.5022761031,73590.89073641905,834583,4,204583,6.25,19653650.0,1436770301158.7336,True
3/14/24,2024-03-14 23:50:00,71401.28095361925,73742.6900834058,834722,4,204722,6.25,19654518.75,1403357815276.9275,True
3/15/24,2024-03-15 23:50:00,69522.72820350363,72339.5444427673,834851,4,204851,6.25,19655325.0,1366491817726.53,True
3/16/24,2024-03-16 23:50:00,65222.44086567228,69933.50594031205,834996,4,204996,6.25,19656231.25,1282027380345.1045,True
3/17/24,2024-03-17 23:50:00,68550.5518606481,68760.97556553138,835142,4,205142,6.25,19657143.75,1347508052066.5898,True
3/18/24,2024-03-18 23:50:00,67725.64608349965,68880.98388940426,835287,4,205287,6.25,19658050.0,1331354136991.7405,True
3/19/24,2024-03-19 23:50:00,61860.497272942885,67872.98341254369,835444,4,205444,6.25,19659031.25,1216117449029.324,True
3/20/24,2024-03-20 23:50:00,67880.97212392565,68041.05928213726,835592,4,205592,6.25,19659956.25,1334536942163.848,True
3/21/24,2024-03-21 23:50:00,65471.572577690014,67926.54369745338,835712,4,205712,6.25,19660706.25,1287217356175.5188,True
3/22/24,2024-03-22 23:50:00,63582.344461741835,66518.47397258504,835847,4,205847,6.25,19661550.0,1250127444751.7603,True
3/23/24,2024-03-23 23:50:00,64015.462395880066,65847.94596593647,836002,4,206002,6.25,19662518.75,1258705229648.9116,True
3/24/24,2024-03-24 23:50:00,67255.20335053414,67390.652189586,836174,4,206174,6.25,19663593.75,1322478996258.5422,True
3/25/24,2024-03-25 23:50:00,69962.14171966423,71013.86437810668,836303,4,206303,6.25,19664400.0,1375763539632.1653,True
3/26/24,2024-03-26 23:50:00,70007.28641487475,71375.35862790934,836439,4,206439,6.25,19665250.0,1376710789170.1157,True
3/27/24,2024-03-27 23:50:00,69478.68964281777,71356.68931592544,836573,4,206573,6.25,19666087.5,1366373989900.998,True
3/28/24,2024-03-28 23:50:00,70747.30476773762,71436.12846626114,836727,4,206727,6.25,19667050.0,1391390780232.334,True
3/29/24,2024-03-29 23:50:00,69898.04850404928,70886.94438377274,836871,4,206871,6.25,19667950.0,1374751323075.216,True
3/30/24,2024-03-30 23:50:00,69661.22972139201,70342.19563192096,837026,4,207026,6.25,19668918.75,1370161067415.1445,True
3/31/24,2024-03-31 23:50:00,71354.85087466771,71354.85087466771,837164,4,207164,6.25,19669781.25,1403534307831.085,True
4/1/24,2024-04-01 23:50:00,69704.08885361027,71186.42664798698,837313,4,207313,6.25,19670712.5,1371129091913.8223,True
4/2/24,2024-04-02 23:50:00,65458.84823298128,69570.8947212463,837462,4,207462,6.25,19671643.75,1287683142724.525,True
4/3/24,2024-04-03 23:50:00,66041.84638252274,66767.93214736086,837603,4,207603,6.25,19672525.0,1299209874006.3381,True
4/4/24,2024-04-04 23:50:00,68539.45602108122,69123.29797314806,837739,4,207739,6.25,19673375.0,1348402420598.7388,True
4/5/24,2024-04-05 23:50:00,67887.10700078699,68689.28980991409,837887,4,207887,6.25,19674300.0,1335631309265.5835,True
4/6/24,2024-04-06 23:50:00,68960.28535495602,69436.11158319797,838044,4,208044,6.25,19675281.25,1356813009439.0159,True
4/7/24,2024-04-07 23:50:00,69374.90042085954,70186.77492358042,838215,4,208215,6.25,19676350.0,1365044821895.9797,True
4/8/24,2024-04-08 23:50:00,71634.15423038145,72522.88752656852,838371,4,208371,6.25,19677325.0,1409568533891.3406,True
4/9/24,2024-04-09 23:50:00,69148.7225107242,71737.39535985036,838518,4,208518,6.25,19678243.75,1360725416567.1428,True
4/10/24,2024-04-10 23:50:00,70514.28371120086,70893.52939809927,838669,4,208669,6.25,19679187.5,1387663810580.9175,True
4/11/24,2024-04-11 23:50:00,70090.10010874529,71173.78973549852,838802,4,208802,6.25,19680018.75,1379374484329.4844,True
4/12/24,2024-04-12 23:50:00,67246.1811739544,71210.9030030716,838937,4,208937,6.25,19680862.5,1323462845334.6853,True
4/13/24,2024-04-13 23:50:00,64459.339491542734,67836.08769612126,839102,4,209102,6.25,19681893.75,1268681871067.7231,True
4/14/24,2024-04-14 23:50:00,65771.22528599312,65771.22528599312,839259,4,209259,6.25,19682875.0,1294566805901.0417,True
4/15/24,2024-04-15 23:50:00,63488.451171049936,66845.78694661235,839400,4,209400,6.25,19683756.25,1249691197540.9739,True
4/16/24,2024-04-16 23:50:00,63749.04751670838,64190.51297504639,839561,4,209561,6.25,19684762.5,1254884859967.6191,True
4/17/24,2024-04-17 23:50:00,61331.6803360844,64273.13600027851,839702,4,209702,6.25,19685643.75,1207353609685.0378,True
4/18/24,2024-04-18 23:50:00,63521.500028711096,64040.12472514604,839847,4,209847,6.25,19686550.0,1250519186390.2224,True
4/19/24,2024-04-19 23:50:00,64013.440650011675,65462.7920606042,839996,4,209996,6.25,19687481.25,1260263412545.0928,True
4/20/24,2024-04-20 23:50:00,64900.55033938684,65335.717894520814,840128,5,128,3.125,19687903.125,1277755747841.034,True
4/21/24,2024-04-21 23:50:00,64949.46071605513,65648.13993803436,840267,5,267,3.125,19688337.5,1278746903020.685,True
4/22/24,2024-04-22 23:50:00,66857.5356562364,67193.29250947839,840415,5,415,3.125,19688800.0,1316344648028.5073,True
4/23/24,2024-04-23 23:50:00,66403.1484328433,67182.27755549272,840587,5,587,3.125,19689337.5,1307434000556.848,True
4/24/24,2024-04-24 23:50:00,64267.784807425625,67001.62176700252,840742,5,742,3.125,19689821.875,1265421235159.0417,True
4/25/24,2024-04-25 23:50:00,64509.80033896809,65116.47224313707,840886,5,886,3.125,19690271.875,1270215507276.2488,True
4/26/24,2024-04-26 23:50:00,63787.11946301585,64714.03911931058,841018,5,1018,3.125,19690684.375,1256012036536.6646,True
4/27/24,2024-04-27 23:50:00,63486.509332613685,63894.98909420423,841157,5,1157,3.125,19691118.75,1250120394291.4792,True
4/28/24,2024-04-28 23:50:00,63054.53910677473,64266.42049813416,841299,5,1299,3.125,19691562.5,1241642397729.7488,True
4/29/24,2024-04-29 23:50:00,63830.83144851215,64020.39405799733,841429,5,1429,3.125,19691968.75,1256954738170.6184,True
4/30/24,2024-04-30 23:50:00,60734.71301640639,64613.56892190629,841570,5,1570,3.125,19692409.375,1196012831992.2158,True
5/1/24,2024-05-01 23:50:00,58295.17616105241,60644.64441847592,841701,5,1701,3.125,19692818.75,1147996338138.926,True
5/2/24,2024-05-02 23:50:00,59132.39907534907,59422.97996721277,841848,5,1848,3.125,19693278.125,1164510781189.342,True
5/3/24,2024-05-03 23:50:00,62880.9316945143,63141.921122312306,841977,5,1977,3.125,19693681.25,1238357025494.787,True
5/4/24,2024-05-04 23:50:00,63892.454987449404,64314.880100998,842118,5,2118,3.125,19694121.875,1258305795415.7803,True
5/5/24,2024-05-05 23:50:00,64044.04745645259,64546.356050691655,842256,5,2256,3.125,19694553.125,1261318894971.1267,True
5/6/24,2024-05-06 23:50:00,63165.90748546369,65402.7109942361,842377,5,2377,3.125,19694931.25,1244048205270.0679,True
5/7/24,2024-05-07 23:50:00,62364.82072933595,64336.313385993315,842499,5,2499,3.125,19695312.5,1228294633270.7495,True
5/8/24,2024-05-08 23:50:00,61158.57647176613,62920.325283299404,842627,5,2627,3.125,19695712.5,1204561739097.1702,True
5/9/24,2024-05-09 23:50:00,63046.764714503515,63319.20440089109,842771,5,2771,3.125,19696162.5,1241779322916.1274,True
5/10/24,2024-05-10 23:50:00,60784.67096824597,63315.54908317136,842917,5,2917,3.125,19696618.75,1197252489905.7341,True
5/11/24,2024-05-11 23:50:00,60777.849157629746,61370.87509690952,843076,5,3076,3.125,19697115.625,1197148322296.6418,True
5/12/24,2024-05-12 23:50:00,61478.16353132309,61741.251078494,843209,5,3209,3.125,19697531.25,1210968047350.847,True
5/13/24,2024-05-13 23:50:00,62894.269218947535,63417.033771903625,843355,5,3355,3.125,19697987.5,1238890528896.4634,True
5/14/24,2024-05-14 23:50:00,61574.30573314524,63032.21588934404,843492,5,3492,3.125,19698415.625,1212916266152.3152,True
5/15/24,2024-05-15 23:50:00,66226.02714541563,66442.30629253497,843631,5,3631,3.125,19698850.0,1304576574833.4707,True
5/16/24,2024-05-16 23:50:00,65259.43310639857,66458.90193057651,843775,5,3775,3.125,19699300.0,1285565150592.8772,True
5/17/24,2024-05-17 23:50:00,67021.33035845091,67430.32684795218,843930,5,3930,3.125,19699784.375,1320305756587.1245,True
5/18/24,2024-05-18 23:50:00,66935.46093854148,67326.36274006829,844058,5,4058,3.125,19700184.375,1318640921714.8777,True
5/19/24,2024-05-19 23:50:00,66309.34380026271,67567.77602833093,844212,5,4212,3.125,19700665.625,1306338210022.1423,True
5/20/24,2024-05-20 23:50:00,71409.6796868195,71409.6796868195,844367,5,4367,3.125,19701150.0,1406852810961.984,True
5/21/24,2024-05-21 23:50:00,70157.41284601412,71557.15398016843,844505,5,4505,3.125,19701581.25,1382211969475.541,True
5/22/24,2024-05-22 23:50:00,69173.29954215219,70591.69947040363,844658,5,4658,3.125,19702059.375,1362856454744.1428,True
5/23/24,2024-05-23 23:50:00,67901.10680650045,69939.98896125772,844826,5,4826,3.125,19702584.375,1337827286010.962,True
5/24/24,2024-05-24 23:50:00,68529.72023454972,69104.36907591237,844988,5,4988,3.125,19703090.625,1350247288287.2295,True
5/25/24,2024-05-25 23:50:00,69279.52637138467,69523.61572314607,845148,5,5148,3.125,19703590.625,1365055426315.6553,True
5/26/24,2024-05-26 23:50:00,68518.4773050655,69455.21271901479,845315,5,5315,3.125,19704112.5,1350095785147.7075,True
5/27/24,2024-05-27 23:50:00,69385.73672562964,70501.55047987182,845439,5,5439,3.125,19704500.0,1367211249310.1692,True
5/28/24,2024-05-28 23:50:00,68280.59426435464,69443.92978272178,845573,5,5573,3.125,19704918.75,1345463562180.8242,True
5/29/24,2024-05-29 23:50:00,67573.78972130302,68824.23334972942,845708,5,5708,3.125,19705340.625,1331564543780.4,True
5/30/24,2024-05-30 23:50:00,68378.32320553702,69489.82190983019,845833,5,5833,3.125,19705731.25,1347444860413.951,True
5/31/24,2024-05-31 23:50:00,67488.32417024332,68900.48310997782,845981,5,5981,3.125,19706193.75,1329937991961.6228,True
6/1/24,2024-06-01 23:50:00,67705.14871616491,67795.63526225564,846122,5,6122,3.125,19706634.375,1334240611054.4626,True
6/2/24,2024-06-02 23:50:00,67753.80985707564,68352.34585952281,846262,5,6262,3.125,19707071.875,1335229200658.4731,True
6/3/24,2024-06-03 23:50:00,68808.69959745751,70184.690170119,846419,5,6419,3.125,19707562.5,1356051747860.6187,True
6/4/24,2024-06-04 23:50:00,70619.76594760151,70980.6923834966,846553,5,6553,3.125,19707981.25,1391773023174.719,True
6/5/24,2024-06-05 23:50:00,71114.46347087465,71696.28962063981,846675,5,6675,3.125,19708362.5,1401549625077.0056,True
6/6/24,2024-06-06 23:50:00,70799.08271358031,71501.32416572399,846809,5,6809,3.125,19708781.25,1395363633902.6108,True
6/7/24,2024-06-07 23:50:00,69343.5217611093,71907.8489829092,846950,5,6950,3.125,19709221.875,1366706855983.5938,True
6/8/24,2024-06-08 23:50:00,69307.35232829291,69520.87394185652,847123,5,7123,3.125,19709762.5,1366031453894.4753,True
6/9/24,2024-06-09 23:50:00,69646.02740206437,69793.40083040648,847276,5,7276,3.125,19710240.625,1372739958670.0325,True
6/10/24,2024-06-10 23:50:00,69482.52340832476,70115.37818110864,847415,5,7415,3.125,19710675.0,1369547437081.3816,True
6/11/24,2024-06-11 23:50:00,67329.08602109464,69532.37943213352,847537,5,7537,3.125,19711056.25,1327127401822.8853,True
6/12/24,2024-06-12 23:50:00,68237.54074402753,69931.54553131231,847682,5,7682,3.125,19711509.375,1345064924102.843,True
6/13/24,2024-06-13 23:50:00,66751.05848137726,68338.84883191226,847826,5,7826,3.125,19711959.375,1315794153023.1577,True
6/14/24,2024-06-14 23:50:00,66010.3307548423,67233.71526581112,847957,5,7957,3.125,19712368.75,1301219981148.9172,True
6/15/24,2024-06-15 23:50:00,66188.60983396665,66363.57382567732,848091,5,8091,3.125,19712787.5,1304762000577.3948,True
6/16/24,2024-06-16 23:50:00,66625.38252501369,66829.79995183222,848253,5,8253,3.125,19713293.75,1313405736921.7114,True
6/17/24,2024-06-17 23:50:00,66492.79817934972,67177.69437726708,848394,5,8394,3.125,19713734.375,1310821361158.1838,True
6/18/24,2024-06-18 23:50:00,65160.12415372169,66523.27933194037,848545,5,8545,3.125,19714206.25,1284580126842.0762,True
6/19/24,2024-06-19 23:50:00,64929.80450336612,65692.51337847966,848682,5,8682,3.125,19714634.375,1280067355824.0916,True
6/20/24,2024-06-20 23:50:00,64855.253992402555,66425.34177914115,848814,5,8814,3.125,19715046.875,1278624372550.2473,True
6/21/24,2024-06-21 23:50:00,64066.10516192014,64992.28061266151,848954,5,8954,3.125,19715484.375,1263094295286.9434,True
6/22/24,2024-06-22 23:50:00,64259.33012541279,64474.7435451551,849106,5,9106,3.125,19715959.375,1266934342217.352,True
6/23/24,2024-06-23 23:50:00,63216.66424396606,64487.16886556331,849216,5,9216,3.125,19716303.125,1246398914785.3838,True
6/24/24,2024-06-24 23:50:00,60318.180447384606,63245.69842653075,849370,5,9370,3.125,19716784.375,1189280557773.4233,True
6/25/24,2024-06-25 23:50:00,61802.37023043007,62221.31863490831,849495,5,9495,3.125,19717175.0,1218568149248.18,True
6/26/24,2024-06-26 23:50:00,60778.06531776231,62380.679717242696,849617,5,9617,3.125,19717556.25,1198394921669.1526,True
6/27/24,2024-06-27 23:50:00,61588.17699551594,62248.74868023109,849745,5,9745,3.125,19717956.25,1214392979514.8398,True
6/28/24,2024-06-28 23:50:00,60301.98189503706,62045.8023324017,849882,5,9882,3.125,19718384.375,1189057657580.6316,True
6/29/24,2024-06-29 23:50:00,60871.08684403626,61054.73860399007,850036,5,10036,3.125,19718865.625,1200308781925.2563,True
6/30/24,2024-06-30 23:50:00,62754.31036085512,62839.81055335764,850158,5,10158,3.125,19719246.875,1237467738476.0725,True
7/1/24,2024-07-01 23:50:00,62833.06706734281,63700.45211259117,850301,5,10301,3.125,19719693.75,1239048839941.211,True
7/2/24,2024-07-02 23:50:00,62024.394515203814,63159.306100222806,850448,5,10448,3.125,19720153.125,1223130557325.2292,True
7/3/24,2024-07-03 23:50:00,60232.047441225994,62179.35105946284,850593,5,10593,3.125,19720606.25,1187812491219.7378,True
7/4/24,2024-07-04 23:50:00,57170.33824918639,60382.24708109151,850733,5,10733,3.125,19721043.75,1127458741814.5032,True
7/5/24,2024-07-05 23:50:00,56740.66900761379,57320.035818851815,850854,5,10854,3.125,19721421.875,1119006670968.8892,True
7/6/24,2024-07-06 23:50:00,58208.97853862018,58402.860667020315,851019,5,11019,3.125,19721937.5,1147993836677.5085,True
7/7/24,2024-07-07 23:50:00,55884.88145343433,58343.902342823174,851159,5,11159,3.125,19722375.0,1102182588855.177,True
7/8/24,2024-07-08 23:50:00,56650.62117229776,57864.228031614715,851319,5,11319,3.125,19722875.0,1117313120053.5823,True
7/9/24,2024-07-09 23:50:00,58021.534037779216,58102.48979408238,851473,5,11473,3.125,19723356.25,1144379385998.6204,True
7/10/24,2024-07-10 23:50:00,57720.30081057975,59330.69490810018,851610,5,11610,3.125,19723784.375,1138462767248.0127,True
7/11/24,2024-07-11 23:50:00,57369.02621388974,59299.43428624372,851749,5,11749,3.125,19724218.75,1131559222517.2454,True
7/12/24,2024-07-12 23:50:00,57907.28272750807,58479.774573263356,851899,5,11899,3.125,19724687.5,1142203055774.2444,True
7/13/24,2024-07-13 23:50:00,59225.00122748089,59758.98742299517,852051,5,12051,3.125,19725162.5,1168222773274.76,True
7/14/24,2024-07-14 23:50:00,60748.80782384253,61182.83092485411,852218,5,12218,3.125,19725684.375,1198311809290.6484,True
7/15/24,2024-07-15 23:50:00,64816.93993186202,64816.93993186202,852372,5,12372,3.125,19726165.625,1278589692401.5864,True
7/16/24,2024-07-16 23:50:00,65172.116484995255,65172.116484995255,852520,5,12520,3.125,19726628.125,1285626106018.6836,True
7/17/24,2024-07-17 23:50:00,64120.92026283931,65978.33332213546,852679,5,12679,3.125,19727125.0,1264921409140.064,True
7/18/24,2024-07-18 23:50:00,63959.43004776685,65016.614096757425,852808,5,12808,3.125,19727528.125,1261761455126.2908,True
7/19/24,2024-07-19 23:50:00,66707.06780882782,67377.6932883931,852955,5,12955,3.125,19727987.5,1315996199894.2078,True
7/20/24,2024-07-20 23:50:00,67204.95148327693,67537.56433185234,853119,5,13119,3.125,19728500.0,1325852885337.829,True
7/21/24,2024-07-21 23:50:00,68077.26588801136,68282.25179697377,853290,5,13290,3.125,19729034.375,1343098718860.591,True
7/22/24,2024-07-22 23:50:00,67614.90743512612,68356.57618008008,853467,5,13467,3.125,19729587.5,1334014232545.7214,True
7/23/24,2024-07-23 23:50:00,65929.59089767156,67674.26817148467,853637,5,13637,3.125,19730118.75,1300798657549.979,True
7/24/24,2024-07-24 23:50:00,65399.019272727106,67044.72869972026,853778,5,13778,3.125,19730559.375,1290359232827.3115,True
7/25/24,2024-07-25 23:50:00,65726.34477302867,65972.09476780679,853940,5,13940,3.125,19731065.625,1296850822008.0044,True
7/26/24,2024-07-26 23:50:00,67896.87874151561,68045.87220338928,854101,5,14101,3.125,19731568.75,1339711930798.6287,True
7/27/24,2024-07-27 23:50:00,68069.82457818405,69371.4797894984,854255,5,14255,3.125,19732050.0,1343157182067.9565,True
7/28/24,2024-07-28 23:50:00,68222.7149148794,68258.06518030257,854403,5,14403,3.125,19732512.5,1346205574841.7942,True
7/29/24,2024-07-29 23:50:00,66805.98547582807,69865.11348446037,854580,5,14580,3.125,19733065.625,1318286895537.3123,True
7/30/24,2024-07-30 23:50:00,66225.46961918261,66947.35013170619,854731,5,14731,3.125,19733537.5,1306862788185.2507,True
7/31/24,2024-07-31 23:50:00,64687.83744332441,66763.75996796471,854871,5,14871,3.125,19733975.0,1276548166910.628,True
8/1/24,2024-08-01 23:50:00,65361.28985661052,65444.769106773805,855012,5,15012,3.125,19734415.625,1289866859816.4487,True
8/2/24,2024-08-02 23:50:00,61414.670390351836,65411.7997588729,855137,5,15137,3.125,19734806.25,1212006621061.2053,True
8/3/24,2024-08-03 23:50:00,60692.74655132834,62122.94031821151,855272,5,15272,3.125,19735228.125,1197785198723.2717,True
8/4/24,2024-08-04 23:50:00,58008.06048706078,61025.39670259631,855413,5,15413,3.125,19735668.75,1144827866602.5952,True
8/5/24,2024-08-05 23:50:00,54017.787525387546,58144.99788910209,855571,5,15571,3.125,19736162.5,1066103832491.5215,True
8/6/24,2024-08-06 23:50:00,56002.98786390631,57052.43473972481,855711,5,15711,3.125,19736600.0,1105308570274.7732,True
8/7/24,2024-08-07 23:50:00,55041.60392364597,57622.984313198096,855832,5,15832,3.125,19736978.125,1086354932605.9147,True
8/8/24,2024-08-08 23:50:00,61784.68076729787,62451.21539078783,855960,5,15960,3.125,19737378.125,1219467606636.5732,True
8/9/24,2024-08-09 23:50:00,60925.357310865016,61663.61911959888,856092,5,16092,3.125,19737790.625,1202531946355.1667,True
8/10/24,2024-08-10 23:50:00,60879.10477851424,61168.35486225549,856221,5,16221,3.125,19738193.75,1201643565444.8647,True
8/11/24,2024-08-11 23:50:00,58757.773428524335,61485.47560419204,856382,5,16382,3.125,19738696.875,1159801878755.5713,True
8/12/24,2024-08-12 23:50:00,59342.120678938976,60291.21606673412,856519,5,16519,3.125,19739125.0,1171361537846.6614,True
8/13/24,2024-08-13 23:50:00,60595.34819049493,61364.150934642894,856668,5,16668,3.125,19739590.625,1196127367059.7043,True
8/14/24,2024-08-14 23:50:00,58732.33657573327,61469.3956899115,856798,5,16798,3.125,19739996.875,1159376140466.423,True
8/15/24,2024-08-15 23:50:00,57619.46498654645,59776.422797667285,856959,5,16959,3.125,19740500.0,1137437048566.9202,True
8/16/24,2024-08-16 23:50:00,58921.33608236188,59791.698636613386,857100,5,17100,3.125,19740940.625,1163162597147.576,True
8/17/24,2024-08-17 23:50:00,59446.2624508841,59643.3962970537,857250,5,17250,3.125,19741409.375,1173553002856.594,True
8/18/24,2024-08-18 23:50:00,58482.74531725411,60262.7170016644,857407,5,17407,3.125,19741900.0,1154560509778.699,True
8/19/24,2024-08-19 23:50:00,59569.72294939524,59569.72294939524,857537,5,17537,3.125,19742306.25,1176043713694.614,True
8/20/24,2024-08-20 23:50:00,59051.27748698387,61265.06078989144,857686,5,17686,3.125,19742771.875,1165835900352.8457,True
8/21/24,2024-08-21 23:50:00,61164.694416757906,61606.142820027766,857834,5,17834,3.125,19743234.375,1207588897345.3052,True
8/22/24,2024-08-22 23:50:00,60388.15339234167,61364.35290285619,857991,5,17991,3.125,19743725.0,1192287093836.2112,True
8/23/24,2024-08-23 23:50:00,64033.18995774379,64728.25199120969,858157,5,18157,3.125,19744243.75,1264286910615.7456,True
8/24/24,2024-08-24 23:50:00,64120.173232814515,64407.28879945657,858311,5,18311,3.125,19744725.0,1266035187434.2837,True
8/25/24,2024-08-25 23:50:00,64308.38316617404,64860.13057454808,858443,5,18443,3.125,19745137.5,1269777868018.7917,True
8/26/24,2024-08-26 23:50:00,62929.60786265167,64392.14610305992,858577,5,18577,3.125,19745556.25,1242580111842.431,True
8/27/24,2024-08-27 23:50:00,59545.84053510911,63196.899767586,858718,5,18718,3.125,19745996.875,1175791981125.513,True
8/28/24,2024-08-28 23:50:00,59024.8230392339,60142.57722572582,858880,5,18880,3.125,19746503.125,1165533852596.8042,True
8/29/24,2024-08-29 23:50:00,59352.72903311219,61128.072659089994,859012,5,19012,3.125,19746915.625,1172033332330.3542,True
8/30/24,2024-08-30 23:50:00,59145.629964946354,59781.67236582662,859151,5,19151,3.125,19747350.0,1167969455888.2834,True
8/31/24,2024-08-31 23:50:00,58971.65433649913,59401.18515880558,859302,5,19302,3.125,19747821.875,1164561725511.256,True
9/1/24,2024-09-01 23:50:00,57319.94854396987,59029.869501316156,859443,5,19443,3.125,19748262.5,1131969390332.8098,True
9/2/24,2024-09-02 23:50:00,59099.379977351666,59262.97335148622,859611,5,19611,3.125,19748787.5,1167141096554.473,True
9/3/24,2024-09-03 23:50:00,57469.42269851668,59764.688334716964,859759,5,19759,3.125,19749250.0,1134977996228.6807,True
9/4/24,2024-09-04 23:50:00,57982.587216100044,58492.21384413063,859909,5,19909,3.125,19749718.75,1145139789915.3213,True
9/5/24,2024-09-05 23:50:00,56163.84947799361,58196.441487314485,860064,5,20064,3.125,19750203.125,1109247435472.299,True
9/6/24,2024-09-06 23:50:00,53914.8198573214,56902.66351238862,860210,5,20210,3.125,19750659.375,1064853242266.4412,True
9/7/24,2024-09-07 23:50:00,54174.6012164995,54801.7271300947,860369,5,20369,3.125,19751156.25,1070011013408.5216,True
9/8/24,2024-09-08 23:50:00,54796.31107072654,55207.56487890837,860535,5,20535,3.125,19751675.0,1082318927467.8926,True
9/9/24,2024-09-09 23:50:00,57106.04884717565,57657.31231742306,860681,5,20681,3.125,19752131.25,1127966171998.3245,True
9/10/24,2024-09-10 23:50:00,57626.38294112928,57936.868452492956,860816,5,20816,3.125,19752553.125,1138268190446.25,True
9/11/24,2024-09-11 23:50:00,57388.93978316275,57976.938024611074,860924,5,20924,3.125,19752890.625,1133597450621.525,True
9/12/24,2024-09-12 23:50:00,58121.31825597563,58506.21397399878,861077,5,21077,3.125,19753368.75,1148091831746.3936,True
9/13/24,2024-09-13 23:50:00,60637.8903086522,60637.8903086522,861200,5,21200,3.125,19753753.125,1197825915177.9456,True
9/14/24,2024-09-14 23:50:00,60001.45441498172,60594.99554190339,861340,5,21340,3.125,19754190.625,1185280168290.7969,True
9/15/24,2024-09-15 23:50:00,59207.19110176031,60377.877548782875,861489,5,21489,3.125,19754656.25,1169617707743.3337,True
9/16/24,2024-09-16 23:50:00,58232.17974645846,59192.50406405662,861615,5,21615,3.125,19755050.0,1150379622500.2742,True
9/17/24,2024-09-17 23:50:00,60304.89128411122,61180.89982585749,861766,5,21766,3.125,19755521.875,1191354598932.756,True
9/18/24,2024-09-18 23:50:00,61321.144118524906,61321.144118524906,861904,5,21904,3.125,19755953.125,1211457648776.9475,True
9/19/24,2024-09-19 23:50:00,62967.547022798564,63805.47402201493,862026,5,22026,3.125,19756334.375,1244007913755.944,True
9/20/24,2024-09-20 23:50:00,63122.17999859899,64028.52171202032,862170,5,22170,3.125,19756784.375,1247091299512.258,True
9/21/24,2024-09-21 23:50:00,63486.442219854885,63486.442219854885,862305,5,22305,3.125,19757206.25,1254314733016.3809,True
9/22/24,2024-09-22 23:50:00,63567.37010727487,63919.10312882669,862442,5,22442,3.125,19757634.375,1255940856759.8416,True
9/23/24,2024-09-23 23:50:00,63322.55139068968,64555.846209746654,862587,5,22587,3.125,19758087.5,1251132511100.4934,True
9/24/24,2024-09-24 23:50:00,64338.71249997447,64609.07960227079,862733,5,22733,3.125,19758543.75,1271239265749.4175,True
9/25/24,2024-09-25 23:50:00,63078.05080154701,64649.404393004435,862873,5,22873,3.125,19758981.25,1246358023074.315,True
9/26/24,2024-09-26 23:50:00,65134.20923808443,65633.70930652635,863007,5,23007,3.125,19759400.0,1287012894019.0056,True
9/27/24,2024-09-27 23:50:00,65767.3370500298,66428.70489276627,863143,5,23143,3.125,19759825.0,1299551070824.6052,True
9/28/24,2024-09-28 23:50:00,65920.33716840837,66194.98562067804,863272,5,23272,3.125,19760228.125,1302600900524.666,True
9/29/24,2024-09-29 23:50:00,65673.00463949695,65985.10536585323,863425,5,23425,3.125,19760706.25,1297744953235.9866,True
9/30/24,2024-09-30 23:50:00,63245.67488637346,65542.8803021667,863564,5,23564,3.125,19761140.625,1249806675352.6567,True
10/1/24,2024-10-01 23:50:00,60895.04034291223,64082.849479941586,863722,5,23722,3.125,19761634.375,1203385522507.506,True
10/2/24,2024-10-02 23:50:00,60649.18689501157,62243.12186972997,863876,5,23876,3.125,19762115.625,1198556243981.4534,True
10/3/24,2024-10-03 23:50:00,60740.512269372426,61420.01791339623,864033,5,24033,3.125,19762606.25,1200390827402.9011,True
10/4/24,2024-10-04 23:50:00,62104.674280311265,62434.02958736104,864204,5,24204,3.125,19763140.625,1227383411271.6123,True
10/5/24,2024-10-05 23:50:00,62075.343850140736,62344.48416969492,864354,5,24354,3.125,19763609.375,1226832847672.99,True
10/6/24,2024-10-06 23:50:00,62824.62368955884,62861.37956216983,864505,5,24505,3.125,19764081.25,1241670967101.1157,True
10/7/24,2024-10-07 23:50:00,62306.874634228996,64358.976413948556,864661,5,24661,3.125,19764568.75,1231468507305.85,True
10/8/24,2024-10-08 23:50:00,62184.59412909599,63082.70025039572,864828,5,24828,3.125,19765090.625,1229084138440.4253,True
10/9/24,2024-10-09 23:50:00,60591.1857899384,62488.49867793437,864955,5,24955,3.125,19765487.5,1197614325341.205,True
10/10/24,2024-10-10 23:50:00,60232.825862985264,61226.74878783966,865110,5,25110,3.125,19765971.875,1190560341959.5393,True
10/11/24,2024-10-11 23:50:00,62401.4271592908,63372.81880592807,865251,5,25251,3.125,19766412.5,1233452349819.245,True
10/12/24,2024-10-12 23:50:00,63185.402645996015,63420.26495093065,865393,5,25393,3.125,19766856.25,1248976771201.773,True
10/13/24,2024-10-13 23:50:00,62799.2082591529,63263.383521045886,865531,5,25531,3.125,19767287.5,1241370004431.05,True
10/14/24,2024-10-14 23:50:00,66058.75896604046,66358.44213651831,865670,5,25670,3.125,19767721.875,1305831174648.3503,True
10/15/24,2024-10-15 23:50:00,67025.20275302984,67546.3404395116,865827,5,25827,3.125,19768212.5,1324968450877.4788,True
10/16/24,2024-10-16 23:50:00,67642.15174768808,68257.14960214437,865968,5,25968,3.125,19768653.125,1337194234528.6582,True
10/17/24,2024-10-17 23:50:00,67316.26328916375,67873.8527496159,866125,5,26125,3.125,19769143.75,1330784885676.326,True
10/18/24,2024-10-18 23:50:00,68446.84003451427,68935.26059490921,866260,5,26260,3.125,19769565.625,1353164295886.2073,True
10/19/24,2024-10-19 23:50:00,68369.9047054396,68586.27534827184,866433,5,26433,3.125,19770106.25,1351680280328.916,True
10/20/24,2024-10-20 23:50:00,68937.60773716363,69289.53453545576,866606,5,26606,3.125,19770646.875,1362941098978.73,True
10/21/24,2024-10-21 23:50:00,67409.96019324688,69409.10253597591,866776,5,26776,3.125,19771178.125,1332774330379.8435,True
10/22/24,2024-10-22 23:50:00,67346.73406074244,67737.04890897872,866916,5,26916,3.125,19771615.625,1331553739448.095,True
10/23/24,2024-10-23 23:50:00,66678.70706327811,67327.75351082058,867067,5,27067,3.125,19772087.5,1318377230442.003,True
10/24/24,2024-10-24 23:50:00,68170.20984258495,68628.89444610929,867210,5,27210,3.125,19772534.375,1347897817463.4744,True
10/25/24,2024-10-25 23:50:00,66501.35095598946,68602.93859258849,867367,5,27367,3.125,19773025.0,1314932874986.5535,True
10/26/24,2024-10-26 23:50:00,67018.1550845578,67258.97212155414,867512,5,27512,3.125,19773478.125,1325182023542.3613,True
10/27/24,2024-10-27 23:50:00,67943.96759945866,68180.19454979213,867672,5,27672,3.125,19773978.125,1343522529037.4043,True
10/28/24,2024-10-28 23:50:00,69842.8951779753,70013.98945773455,867841,5,27841,3.125,19774506.25,1381108767214.9673,True
10/29/24,2024-10-29 23:50:00,72737.4266476475,73544.75818818076,867999,5,27999,3.125,19775000.0,1438382611957.2292,True
10/30/24,2024-10-30 23:50:00,72331.83093268512,72831.3601740177,868168,5,28168,3.125,19775528.125,1430400156942.0596,True
10/31/24,2024-10-31 23:50:00,70251.01966183445,72607.25584298758,868325,5,28325,3.125,19776018.75,1389285482039.0566,True
11/1/24,2024-11-01 23:50:00,69513.1578978095,71400.24788089131,868479,5,28479,3.125,19776500.0,1374726967166.0298,True
11/2/24,2024-11-02 23:50:00,69293.20514225149,69850.28621146233,868620,5,28620,3.125,19776940.625,1370407603814.2524,True
11/3/24,2024-11-03 23:50:00,68823.93585139522,69338.15181191388,868750,5,28750,3.125,19777346.875,1361154852635.7917,True
11/4/24,2024-11-04 23:50:00,67762.77762825153,69324.90317365652,868903,5,28903,3.125,19777825.0,1340200357445.4736,True
11/5/24,2024-11-05 23:50:00,69372.35710894185,70415.79058292643,869042,5,29042,3.125,19778259.375,1372064472355.777,True
11/6/24,2024-11-06 23:50:00,75638.9896651287,76154.29154489448,869194,5,29194,3.125,19778734.375,1496043484979.9507,True
11/7/24,2024-11-07 23:50:00,75958.46348126252,76795.73908977164,869351,5,29351,3.125,19779225.0,1502399539850.1746,True
11/8/24,2024-11-08 23:50:00,76544.7567005686,77131.9080395871,869492,5,29492,3.125,19779665.625,1514029692884.225,True
11/9/24,2024-11-09 23:50:00,76707.99806089245,76928.93102730782,869631,5,29631,3.125,19780100.0,1517291872444.2588,True
11/10/24,2024-11-10 23:50:00,80424.63181659808,81170.72544845569,869779,5,29779,3.125,19780562.5,1590844456187.7068,True
11/11/24,2024-11-11 23:50:00,88766.33587988174,89557.70956571323,869916,5,29916,3.125,19780990.625,1755886057855.5417,True
11/12/24,2024-11-12 23:50:00,88223.58920371576,89891.76855263469,870062,5,30062,3.125,19781446.875,1745190242955.127,True
11/13/24,2024-11-13 23:50:00,90445.53527526742,93409.02316126453,870196,5,30196,3.125,19781865.625,1789181425196.5376,True
11/14/24,2024-11-14 23:50:00,87369.35520452945,91679.71135744626,870326,5,30326,3.125,19782271.875,1728364338199.4478,True
11/15/24,2024-11-15 23:50:00,90932.81263441448,91720.05413745732,870477,5,30477,3.125,19782743.75,1798900530813.3843,True
11/16/24,2024-11-16 23:50:00,90562.41890709508,91758.81619788444,870631,5,30631,3.125,19783225.0,1791616709783.3162,True
11/17/24,2024-11-17 23:50:00,89804.7894210569,91291.69478089834,870783,5,30783,3.125,19783700.0,1776671012469.3635,True
11/18/24,2024-11-18 23:50:00,90553.76577366957,92453.82208134103,870938,5,30938,3.125,19784184.375,1791532397916.8433,True
11/19/24,2024-11-19 23:50:00,92238.19162229066,93907.05152608104,871115,5,31115,3.125,19784737.5,1824908408721.7197,True
11/20/24,2024-11-20 23:50:00,94193.78083387877,94854.01376292986,871261,5,31261,3.125,19785193.75,1863642203843.3281,True
11/21/24,2024-11-21 23:50:00,98514.52741115143,98805.63786082888,871405,5,31405,3.125,19785643.75,1949173343556.6519,True
11/22/24,2024-11-22 23:50:00,98978.12401605131,99611.00476533234,871549,5,31549,3.125,19786093.75,1958390440980.7178,True
11/23/24,2024-11-23 23:50:00,97658.10158317744,98892.52137920831,871686,5,31686,3.125,19786521.875,1932314163246.5127,True
11/24/24,2024-11-24 23:50:00,97933.81557432354,98594.41264652328,871821,5,31821,3.125,19786943.75,1937810899992.014,True
11/25/24,2024-11-25 23:50:00,93049.01593785587,98838.40587350688,871990,5,31990,3.125,19787471.875,1841204785866.7498,True
11/26/24,2024-11-26 23:50:00,91957.6723228167,94903.69976760344,872128,5,32128,3.125,19787903.125,1819649511524.3904,True
11/27/24,2024-11-27 23:50:00,95981.58055424393,97297.57546156258,872262,5,32262,3.125,19788321.875,1899314410078.6199,True
11/28/24,2024-11-28 23:50:00,95651.19644955784,96535.05171584917,872404,5,32404,3.125,19788765.625,1892819108291.1323,True
11/29/24,2024-11-29 23:50:00,97447.13236798394,98569.769272481,872524,5,32524,3.125,19789140.625,1928395005933.0234,True
11/30/24,2024-11-30 23:50:00,96514.05270971672,97384.1396746672,872688,5,32688,3.125,19789653.125,1909979624813.2603,True
12/1/24,2024-12-01 23:50:00,97311.45523787529,97856.2137764856,872845,5,32845,3.125,19790143.75,1925807687679.2424,True
12/2/24,2024-12-02 23:50:00,95842.79759068145,97995.29259239198,872974,5,32974,3.125,19790546.875,1896781378349.5183,True
12/3/24,2024-12-03 23:50:00,96000.78135073867,96243.35769385484,873130,5,33130,3.125,19791034.375,1899954763739.3281,True
12/4/24,2024-12-04 23:50:00,98862.25954845478,99189.26270303871,873277,5,33277,3.125,19791493.75,1956631791964.1206,True
12/5/24,2024-12-05 23:50:00,97124.85571884968,103551.74426355734,873431,5,33431,3.125,19791975.0,1922292716266.0798,True
12/6/24,2024-12-06 23:50:00,99945.31709726728,101936.96200153838,873569,5,33569,3.125,19792406.25,1978158318774.1848,True
12/7/24,2024-12-07 23:50:00,99805.30541165882,100499.8203776315,873711,5,33711,3.125,19792850.0,1975431439217.1511,True
12/8/24,2024-12-08 23:50:00,101267.82287720391,101267.82287720391,873856,5,33856,3.125,19793303.125,2004424715017.3066,True
12/9/24,2024-12-09 23:50:00,97465.93783115543,100977.99771647631,874024,5,34024,3.125,19793828.125,1929224021471.826,True
12/10/24,2024-12-10 23:50:00,96715.57247792449,98049.87708990835,874175,5,34175,3.125,19794300.0,1914417056299.7808,True
12/11/24,2024-12-11 23:50:00,101175.22826357752,101762.48927746022,874320,5,34320,3.125,19794753.125,2002738665843.0393,True
12/12/24,2024-12-12 23:50:00,100042.5938470034,102483.63477286533,874466,5,34466,3.125,19795209.375,1980364091619.519,True
12/13/24,2024-12-13 23:50:00,101369.2707038183,101864.8309583842,874635,5,34635,3.125,19795737.5,2006679473419.2273,True
12/14/24,2024-12-14 23:50:00,101358.96186487323,102473.13197457216,874797,5,34797,3.125,19796243.75,2006526715323.985,True
12/15/24,2024-12-15 23:50:00,104597.59050026,104693.91494208197,874934,5,34934,3.125,19796671.875,2070684178049.2644,True
12/16/24,2024-12-16 23:50:00,105984.74308957036,107646.46756070179,875080,5,35080,3.125,19797128.125,2098193538239.4326,True
12/17/24,2024-12-17 23:50:00,106102.91595976563,108028.60273499547,875217,5,35217,3.125,19797556.25,2100578447002.4827,True
12/18/24,2024-12-18 23:50:00,100121.47275150687,106440.53824812453,875362,5,35362,3.125,19798009.375,1982205856173.14,True
12/19/24,2024-12-19 23:50:00,97622.69150911392,102576.63079437352,875506,5,35506,3.125,19798459.375,1932778891921.3494,True
12/20/24,2024-12-20 23:50:00,97749.94032356501,97968.66026469988,875657,5,35657,3.125,19798931.25,1935344348157.8665,True
12/21/24,2024-12-21 23:50:00,97204.05092142406,99437.58045217302,875803,5,35803,3.125,19799387.5,1924580670763.007,True
12/22/24,2024-12-22 23:50:00,95087.00635015262,97300.53686490991,875957,5,35957,3.125,19799868.75,1882710245563.4382,True
12/23/24,2024-12-23 23:50:00,94707.54975058367,96290.3600156168,876097,5,36097,3.125,19800306.25,1875238489248.6677,True
12/24/24,2024-12-24 23:50:00,98744.59504894268,99315.15869369672,876229,5,36229,3.125,19800718.75,1955213954646.7563,True
12/25/24,2024-12-25 23:50:00,99475.42518745258,99475.42518745258,876380,5,36380,3.125,19801190.625,1969731856639.6748,True
12/26/24,2024-12-26 23:50:00,95708.51979049973,99682.94340028038,876508,5,36508,3.125,19801590.625,1895180928216.1865,True
12/27/24,2024-12-27 23:50:00,94305.78677961134,96978.40601038591,876669,5,36669,3.125,19802093.75,1867452030977.3745,True
12/28/24,2024-12-28 23:50:00,95203.75052849884,95232.86442723661,876809,5,36809,3.125,19802531.25,1885275244957.8025,True
12/29/24,2024-12-29 23:50:00,93620.0832300121,95093.10695383731,876969,5,36969,3.125,19803031.25,1853961433831.5305,True
12/30/24,2024-12-30 23:50:00,92652.48417425028,94819.90811158976,877128,5,37128,3.125,19803528.125,1834846076195.8828,True
12/31/24,2024-12-31 23:50:00,93460.42552711534,95727.77894391098,877256,5,37256,3.125,19803928.125,1850883549670.9075,True
1/1/25,2025-01-01 23:50:00,94397.1460817957,94780.50985775575,877393,5,37393,3.125,19804356.25,1869474709987.1736,True
1/2/25,2025-01-02 23:50:00,96861.96531975128,97647.08155795603,877564,5,37564,3.125,19804890.625,1918340628880.2173,True
1/3/25,2025-01-03 23:50:00,98085.45367359831,98813.99774404858,877705,5,37705,3.125,19805331.25,1942614900812.144,True
1/4/25,2025-01-04 23:50:00,98271.5847665466,98725.25025294516,877856,5,37856,3.125,19805803.125,1946347660667.971,True
1/5/25,2025-01-05 23:50:00,98374.9555651139,98734.11282712432,878012,5,38012,3.125,19806290.625,1948442960144.107,True
1/6/25,2025-01-06 23:50:00,102236.72731234768,102425.94230904999,878142,5,38142,3.125,19806696.875,2024971867367.7039,True
1/7/25,2025-01-07 23:50:00,96921.55692524034,102674.32509524518,878277,5,38277,3.125,19807118.75,1919736787453.12,True
1/8/25,2025-01-08 23:50:00,95019.71879970259,97190.75375921029,878402,5,38402,3.125,19807509.375,1882103970934.973,True
1/9/25,2025-01-09 23:50:00,92423.14050789371,95314.75357092479,878554,5,38554,3.125,19807984.375,1830716123068.788,True
1/10/25,2025-01-10 23:50:00,94744.92736432921,95559.95814369994,878697,5,38697,3.125,19808431.25,1876748379982.5588,True
1/11/25,2025-01-11 23:50:00,94570.96421586441,94945.51346672633,878836,5,38836,3.125,19808865.625,1873343522178.7417,True
1/12/25,2025-01-12 23:50:00,94458.17483173967,95195.71333652613,879008,5,39008,3.125,19809403.125,1871160063693.6602,True
1/13/25,2025-01-13 23:50:00,94398.41426967924,95717.82972482852,879135,5,39135,3.125,19809800.0,1870013706999.4917,True
1/14/25,2025-01-14 23:50:00,96579.2708869885,97247.50907107655,879289,5,39289,3.125,19810281.25,1913262519191.179,True
1/15/25,2025-01-15 23:50:00,100362.37324973244,100465.90747198358,879428,5,39428,3.125,19810715.625,1988250435900.5564,True
1/16/25,2025-01-16 23:50:00,100033.45627035569,100730.34167992714,879557,5,39557,3.125,19811118.75,1981774681144.9487,True
1/17/25,2025-01-17 23:50:00,104167.92470206751,105842.21405234539,879707,5,39707,3.125,19811587.5,2063731954928.4219,True
1/18/25,2025-01-18 23:50:00,104325.92436943318,104871.76207557795,879837,5,39837,3.125,19811993.75,2066904561570.1829,True
1/19/25,2025-01-19 23:50:00,101672.76903058708,106177.31817783297,879985,5,39985,3.125,19812456.25,2014387288234.8613,True
1/20/25,2025-01-20 23:50:00,101944.41994650115,108899.92621319077,880138,5,40138,3.125,19812934.375,2019818102297.4683,True
1/21/25,2025-01-21 23:50:00,106159.1582011072,107045.52998232642,880271,5,40271,3.125,19813350.0,2103368557143.9075,True
1/22/25,2025-01-22 23:50:00,103725.79779359649,106128.24224487151,880422,5,40422,3.125,19813821.875,2055204481324.5889,True
1/23/25,2025-01-23 23:50:00,104070.07359391633,106494.5126655985,880557,5,40557,3.125,19814243.75,2062069805270.2966,True
1/24/25,2025-01-24 23:50:00,104746.02595606775,106938.65224052321,880698,5,40698,3.125,19814684.375,2075509443855.04,True
1/25/25,2025-01-25 23:50:00,104801.64333158864,105197.69183990653,880825,5,40825,3.125,19815081.25,2076653077748.9495,True
1/26/25,2025-01-26 23:50:00,102597.01367576832,105275.45506408645,880961,5,40961,3.125,19815506.25,2033011765723.5227,True
1/27/25,2025-01-27 23:50:00,101909.24320346572,102943.18470708132,881117,5,41117,3.125,19815993.75,2019432926387.1067,True
1/28/25,2025-01-28 23:50:00,101270.98686447469,103497.89456056907,881267,5,41267,3.125,19816462.5,2006832713537.8552,True
1/29/25,2025-01-29 23:50:00,103749.31030578529,104695.56141592884,881419,5,41419,3.125,19816937.5,2055993597997.8528,True
1/30/25,2025-01-30 23:50:00,104823.21154650228,106219.69157556795,881564,5,41564,3.125,19817390.625,2077322529784.0461,True
1/31/25,2025-01-31 23:50:00,102378.83981752634,105863.76963486905,881692,5,41692,3.125,19817790.625,2028922411934.1501,True
2/1/25,2025-02-01 23:50:00,100644.20631497854,102734.64814855436,881874,5,41874,3.125,19818359.375,1994603049761.8892,True
2/2/25,2025-02-02 23:50:00,97468.7,101357.60521770654,882047,5,42047,3.125,19818900.0,1931722418430.0,True
2/3/25,2025-02-03 23:50:00,101578.0,102220.0,882199,5,42199,3.125,19819375.0,2013212473750.0,True
2/4/25,2025-02-04 23:50:00,97926.3,101715.0,882331,5,42331,3.125,19819787.5,1940878456661.25,True
2/5/25,2025-02-05 23:50:00,96518.8,98907.3,882474,5,42474,3.125,19820234.375,1913025237593.75,True
2/6/25,2025-02-06 23:50:00,96419.8,99105.5,882619,5,42619,3.125,19820687.5,1911106724612.5,True
2/7/25,2025-02-07 23:50:00,96475.8,100016.0,882792,5,42792,3.125,19821228.125,1912268840341.875,True
2/8/25,2025-02-08 23:50:00,96617.7,96831.3,882952,5,42952,3.125,19821728.125,1915129781462.8125,True
2/9/25,2025-02-09 23:50:00,96400.5,97289.7,883096,5,43096,3.125,19822178.125,1910867882339.0625,True
2/10/25,2025-02-10 23:50:00,97347.3,98144.0,883235,5,43235,3.125,19822612.5,1929677805821.25,True
2/11/25,2025-02-11 23:50:00,95830.3,98453.3,883357,5,43357,3.125,19822993.75,1899643437960.625,True
2/12/25,2025-02-12 23:50:00,97672.7,98033.2,883492,5,43492,3.125,19823415.625,1936206527315.9375,True
2/13/25,2025-02-13 23:50:00,96567.8,98028.3,883646,5,43646,3.125,19823896.875,1914350108645.625,True
2/14/25,2025-02-14 23:50:00,97439.8,98566.0,883799,5,43799,3.125,19824375.0,1931683135125.0,True
2/15/25,2025-02-15 23:50:00,97572.4,97922.2,883961,5,43961,3.125,19824881.25,1934361243277.5,True
2/16/25,2025-02-16 23:50:00,96152.4,97719.2,884113,5,44113,3.125,19825356.25,1906255584292.5,True
2/17/25,2025-02-17 23:50:00,95762.5,96888.6,884249,5,44249,3.125,19825781.25,1898566376953.125,True
2/18/25,2025-02-18 23:50:00,95342.7,96496.5,884389,5,44389,3.125,19826218.75,1890285226415.625,True
2/19/25,2025-02-19 23:50:00,96592.2,96725.2,884516,5,44516,3.125,19826615.625,1915096421773.125,True
2/20/25,2025-02-20 23:50:00,98408.2,98685.7,884645,5,44645,3.125,19827018.75,1951141226553.75,True
2/21/25,2025-02-21 23:50:00,96144.6,99477.8,884774,5,44774,3.125,19827421.875,1906299545203.125,True
2/22/25,2025-02-22 23:50:00,96603.4,96858.2,884914,5,44914,3.125,19827859.375,1915438630346.875,True
2/23/25,2025-02-23 23:50:00,96076.7,96647.8,885043,5,45043,3.125,19828262.5,1905034027733.75,True
2/24/25,2025-02-24 23:50:00,91780.5,96414.6,885172,5,45172,3.125,19828665.625,1819884845395.3125,True
2/25/25,2025-02-25 23:50:00,88754.6,92441.2,885318,5,45318,3.125,19829121.875,1759925780366.875,True
2/26/25,2025-02-26 23:50:00,83882.8,89274.6,885475,5,45475,3.125,19829612.5,1663363419415.0,True
2/27/25,2025-02-27 23:50:00,84625.2,86915.3,885627,5,45627,3.125,19830087.5,1678125120705.0,True
2/28/25,2025-02-28 23:50:00,84438.5,84706.7,885782,5,45782,3.125,19830571.875,1674463743267.1875,True
3/1/25,2025-03-01 23:50:00,85841.8,86303.5,885924,5,45924,3.125,19831015.625,1702330077078.125,True
3/2/25,2025-03-02 23:50:00,94286.7,94764.3,886053,5,46053,3.125,19831418.75,1869839030255.625,True
3/3/25,2025-03-03 23:50:00,86384.8,94274.4,886203,5,46203,3.125,19831887.5,1713173635310.0,True
3/4/25,2025-03-04 23:50:00,87334.8,88649.0,886347,5,46347,3.125,19832337.5,1732053229095.0,True
3/5/25,2025-03-05 23:50:00,90825.3,90825.3,886483,5,46483,3.125,19832762.5,1801316603891.25,True
3/6/25,2025-03-06 23:50:00,90036.2,92734.0,886652,5,46652,3.125,19833290.625,1785714121370.625,True
3/7/25,2025-03-07 23:50:00,86671.3,90692.3,886792,5,46792,3.125,19833728.125,1719015000440.3125,True
3/8/25,2025-03-08 23:50:00,86089.5,86807.2,886931,5,46931,3.125,19834162.5,1707513132543.75,True
3/9/25,2025-03-09 23:50:00,80467.4,86426.8,887090,5,47090,3.125,19834659.375,1596043469791.875,True
3/10/25,2025-03-10 23:50:00,78926.0,83469.6,887244,5,47244,3.125,19835140.625,1565508308968.75,True
3/11/25,2025-03-11 23:50:00,82667.3,83352.6,887381,5,47381,3.125,19835568.75,1639752912526.875,True
3/12/25,2025-03-12 23:50:00,83688.5,83988.5,887536,5,47536,3.125,19836053.125,1660049531951.5625,True
3/13/25,2025-03-13 23:50:00,81126.7,84143.0,887694,5,47694,3.125,19836546.875,1609273587364.0625,True
3/14/25,2025-03-14 23:50:00,84055.2,85165.2,887837,5,47837,3.125,19836993.75,1667402477055.0,True
3/15/25,2025-03-15 23:50:00,84375.0,84644.0,887969,5,47969,3.125,19837406.25,1673781152343.75,True
3/16/25,2025-03-16 23:50:00,82593.2,84406.2,888114,5,48114,3.125,19837859.375,1638472286931.25,True
3/17/25,2025-03-17 23:50:00,84110.0,84684.0,888254,5,48254,3.125,19838296.875,1668599150156.25,True
3/18/25,2025-03-18 23:50:00,82673.8,84047.7,888396,5,48396,3.125,19838740.625,1640144074683.125,True
3/19/25,2025-03-19 23:50:00,86859.7,86859.7,888547,5,48547,3.125,19839212.5,1723228045986.25,True
3/20/25,2025-03-20 23:50:00,84207.8,87372.5,888688,5,48688,3.125,19839653.125,1670653542419.375,True
3/21/25,2025-03-21 23:50:00,84046.6,84753.2,888834,5,48834,3.125,19840109.375,1667493736596.875,True
3/22/25,2025-03-22 23:50:00,83767.2,84428.8,888984,5,48984,3.125,19840578.125,1661989675912.5,True
3/23/25,2025-03-23 23:50:00,85687.8,85725.0,889141,5,49141,3.125,19841068.75,1700137530836.25,True
3/24/25,2025-03-24 23:50:00,87259.2,88665.8,889292,5,49292,3.125,19841540.625,1731356961705.0,True
3/25/25,2025-03-25 23:50:00,87404.7,88466.0,889441,5,49441,3.125,19842006.25,1734284603679.375,True
3/26/25,2025-03-26 23:50:00,86879.2,88257.0,889596,5,49596,3.125,19842490.625,1723899711507.5,True
3/27/25,2025-03-27 23:50:00,87157.7,87723.7,889742,5,49742,3.125,19842946.875,1729465610847.1875,True
3/28/25,2025-03-28 23:50:00,84338.7,87409.0,889897,5,49897,3.125,19843431.25,1673569195164.375,True
3/29/25,2025-03-29 23:50:00,82494.3,84523.8,890038,5,50038,3.125,19843871.875,1637006319617.8125,True
3/30/25,2025-03-30 23:50:00,82290.5,83495.2,890176,5,50176,3.125,19844303.125,1632997626307.8125,True
3/31/25,2025-03-31 23:50:00,82416.7,83724.0,890324,5,50324,3.125,19844765.625,1635540095085.9375,True
4/1/25,2025-04-01 23:50:00,85166.0,85368.0,890457,5,50457,3.125,19845181.25,1690134706337.5,True
4/2/25,2025-04-02 23:50:00,82554.8,87907.6,890630,5,50630,3.125,19845721.875,1638359600246.25,True
4/3/25,2025-04-03 23:50:00,83112.7,83808.2,890782,5,50782,3.125,19846196.875,1649471007012.8125,True
4/4/25,2025-04-04 23:50:00,83846.5,84614.2,890963,5,50963,3.125,19846762.5,1664081571956.25,True
4/5/25,2025-04-05 23:50:00,83262.8,84176.0,891126,5,51126,3.125,19847271.875,1652539428673.75,True
4/6/25,2025-04-06 23:50:00,78443.5,83607.7,891272,5,51272,3.125,19847728.125,1556925261173.4375,True
4/7/25,2025-04-07 23:50:00,79333.0,80256.0,891417,5,51417,3.125,19848181.25,1574615763106.25,True
4/8/25,2025-04-08 23:50:00,76386.5,80651.3,891568,5,51568,3.125,19848653.125,1516169141932.8125,True
4/9/25,2025-04-09 23:50:00,82677.0,83409.0,891700,5,51700,3.125,19849065.625,1641061198678.125,True
4/10/25,2025-04-10 23:50:00,79634.8,82589.8,891843,5,51843,3.125,19849512.5,1580711958035.0,True
4/11/25,2025-04-11 23:50:00,83389.0,83969.2,891992,5,51992,3.125,19849978.125,1655269825865.625,True
4/12/25,2025-04-12 23:50:00,85327.3,85633.5,892135,5,52135,3.125,19850425.0,1693783169102.5,True
4/13/25,2025-04-13 23:50:00,83521.5,85737.2,892308,5,52308,3.125,19850965.625,1657982425448.4375,True
4/14/25,2025-04-14 23:50:00,84505.8,85660.0,892457,5,52457,3.125,19851431.25,1677561078926.25,True
4/15/25,2025-04-15 23:50:00,83654.2,86269.5,892601,5,52601,3.125,19851881.25,1660693244463.75,True
4/16/25,2025-04-16 23:50:00,84157.4,85320.7,892749,5,52749,3.125,19852343.75,1670721633906.25,True
4/17/25,2025-04-17 23:50:00,84914.0,85415.5,892901,5,52901,3.125,19852818.75,1685782251337.5,True
4/18/25,2025-04-18 23:50:00,84447.8,85070.0,893039,5,53039,3.125,19853250.0,1676563285350.0,True
4/19/25,2025-04-19 23:50:00,85129.5,85457.8,893176,5,53176,3.125,19853678.125,1690133691942.1875,True
4/20/25,2025-04-20 23:50:00,85068.5,85286.3,893299,5,53299,3.125,19854062.5,1688955315781.25,True
4/21/25,2025-04-21 23:50:00,87337.3,88333.2,893427,5,53427,3.125,19854462.5,1734035147701.25,True
4/22/25,2025-04-22 23:50:00,93620.2,93718.7,893581,5,53581,3.125,19854943.75,1858823804863.75,True
4/23/25,2025-04-23 23:50:00,93629.0,94361.0,893695,5,53695,3.125,19855300.0,1859031883700.0,True
4/24/25,2025-04-24 23:50:00,93913.7,93913.7,893835,5,53835,3.125,19855737.5,1864725774853.75,True
4/25/25,2025-04-25 23:50:00,94788.8,95548.8,893979,5,53979,3.125,19856187.5,1882144185700.0,True
4/26/25,2025-04-26 23:50:00,94663.5,95177.2,894114,5,54114,3.125,19856609.375,1879696141570.3125,True
4/27/25,2025-04-27 23:50:00,93780.5,94942.5,894247,5,54247,3.125,19857025.0,1862201733012.5,True
4/28/25,2025-04-28 23:50:00,95039.7,95479.7,894389,5,54389,3.125,19857468.75,1887247872759.375,True
4/29/25,2025-04-29 23:50:00,94220.2,95452.2,894536,5,54536,3.125,19857928.125,1871017959523.125,True
4/30/25,2025-04-30 23:50:00,94227.3,95201.0,894667,5,54667,3.125,19858337.5,1871197525113.75,True
5/1/25,2025-05-01 23:50:00,96403.2,97354.7,894803,5,54803,3.125,19858762.5,1914448253040.0,True
5/2/25,2025-05-02 23:50:00,96853.8,97762.2,894962,5,54962,3.125,19859259.375,1923444735654.375,True
5/3/25,2025-05-03 23:50:00,95934.2,96907.0,895123,5,55123,3.125,19859762.5,1905230427627.5,True
5/4/25,2025-05-04 23:50:00,94265.3,96224.8,895265,5,55265,3.125,19860206.25,1872128300218.125,True
5/5/25,2025-05-05 23:50:00,94824.8,95083.0,895438,5,55438,3.125,19860746.875,1883291350272.5,True
5/6/25,2025-05-06 23:50:00,96840.0,96840.0,895578,5,55578,3.125,19861184.375,1923357094875.0,True
5/7/25,2025-05-07 23:50:00,97005.7,97497.7,895727,5,55727,3.125,19861650.0,1926693261405.0,True
5/8/25,2025-05-08 23:50:00,103112.0,103380.0,895888,5,55888,3.125,19862153.125,2048026333025.0,True
5/9/25,2025-05-09 23:50:00,102954.0,104056.0,896024,5,56024,3.125,19862578.125,2044931868281.25,True
5/10/25,2025-05-10 23:50:00,104561.0,104738.0,896178,5,56178,3.125,19863059.375,2076901351309.375,True
5/11/25,2025-05-11 23:50:00,103987.0,104829.0,896326,5,56326,3.125,19863521.875,2065548049215.625,True
5/12/25,2025-05-12 23:50:00,102949.0,105451.0,896472,5,56472,3.125,19863978.125,2044976683990.625,True
5/13/25,2025-05-13 23:50:00,104220.0,104904.0,896601,5,56601,3.125,19864381.25,2070265813875.0,True
5/14/25,2025-05-14 23:50:00,103597.0,104181.0,896745,5,56745,3.125,19864831.25,2057936923006.25,True
5/15/25,2025-05-15 23:50:00,103755.0,104024.0,896889,5,56889,3.125,19865281.25,2061122256093.75,True
5/16/25,2025-05-16 23:50:00,103545.0,104330.0,897027,5,57027,3.125,19865712.5,2056995200812.5,True
5/17/25,2025-05-17 23:50:00,103214.0,103647.0,897170,5,57170,3.125,19866159.375,2050465773731.25,True
5/18/25,2025-05-18 23:50:00,105884.0,105884.0,897332,5,57332,3.125,19866665.625,2103562023037.5,True
5/19/25,2025-05-19 23:50:00,105631.0,106702.0,897474,5,57474,3.125,19867109.375,2098582630390.625,True
5/20/25,2025-05-20 23:50:00,106892.0,107093.0,897619,5,57619,3.125,19867562.5,2123683490750.0,True
5/21/25,2025-05-21 23:50:00,109697.0,109712.0,897765,5,57765,3.125,19868018.75,2179462052818.75,True
5/22/25,2025-05-22 23:50:00,111518.0,111896.0,897916,5,57916,3.125,19868490.625,2215694337518.75,True
5/23/25,2025-05-23 23:50:00,107198.0,111673.0,898070,5,58070,3.125,19868971.875,2129914047056.25,True
5/24/25,2025-05-24 23:50:00,107847.0,109409.0,898211,5,58211,3.125,19869412.5,2142856529887.5,True
5/25/25,2025-05-25 23:50:00,108889.0,109084.0,898362,5,58362,3.125,19869884.375,2163611839709.375,True
5/26/25,2025-05-26 23:50:00,109394.0,110237.0,898514,5,58514,3.125,19870359.375,2173698093468.75,True
5/27/25,2025-05-27 23:50:00,109109.0,110496.0,898656,5,58656,3.125,19870803.125,2168083458165.625,True
5/28/25,2025-05-28 23:50:00,107842.0,109164.0,898819,5,58819,3.125,19871312.5,2142962082625.0,True
5/29/25,2025-05-29 23:50:00,105612.0,108878.0,898978,5,58978,3.125,19871809.375,2098701531712.5,True
5/30/25,2025-05-30 23:50:00,104038.0,106273.0,899133,5,59133,3.125,19872293.75,2067473697162.5,True
5/31/25,2025-05-31 23:50:00,104710.0,104896.0,899295,5,59295,3.125,19872800.0,2080880888000.0,True
6/1/25,2025-06-01 23:50:00,105750.0,105826.0,899428,5,59428,3.125,19873215.625,2101592552343.75,True
6/2/25,2025-06-02 23:50:00,105914.0,105914.0,899562,5,59562,3.125,19873634.375,2104896111193.75,True
6/3/25,2025-06-03 23:50:00,105432.0,106784.0,899705,5,59705,3.125,19874081.25,2095364134350.0,True
6/4/25,2025-06-04 23:50:00,104815.0,105952.0,899830,5,59830,3.125,19874471.875,2083142769578.125,True
6/5/25,2025-06-05 23:50:00,101660.0,105898.0,899964,5,59964,3.125,19874890.625,2020481380937.5,True
6/6/25,2025-06-06 23:50:00,104430.0,105177.0,900098,5,60098,3.125,19875309.375,2075578558031.25,True
6/7/25,2025-06-07 23:50:00,105683.0,105920.0,900243,5,60243,3.125,19875762.5,2100530208287.5,True
6/8/25,2025-06-08 23:50:00,105706.0,106382.0,900395,5,60395,3.125,19876237.5,2101037561175.0,True
6/9/25,2025-06-09 23:50:00,110227.0,110258.0,900536,5,60536,3.125,19876678.125,2190946599684.375,True
6/10/25,2025-06-10 23:50:00,110148.0,110298.0,900703,5,60703,3.125,19877200.0,2189433825600.0,True
6/11/25,2025-06-11 23:50:00,108642.0,110275.0,900845,5,60845,3.125,19877643.75,2159546972287.5,True
6/12/25,2025-06-12 23:50:00,106044.0,108723.0,900994,5,60994,3.125,19878109.375,2107954230562.5,True
6/13/25,2025-06-13 23:50:00,106104.0,106104.0,901138,5,61138,3.125,19878559.375,2109194663925.0,True
6/14/25,2025-06-14 23:50:00,105495.0,106100.0,901289,5,61289,3.125,19879031.25,2097138401718.75,True
6/15/25,2025-06-15 23:50:00,105573.0,106075.0,901426,5,61426,3.125,19879459.375,2098734164596.875,True
6/16/25,2025-06-16 23:50:00,107124.0,108809.0,901571,5,61571,3.125,19879912.5,2129615746650.0,True
6/17/25,2025-06-17 23:50:00,104710.0,107654.0,901690,5,61690,3.125,19880284.375,2081664576906.25,True
6/18/25,2025-06-18 23:50:00,104742.0,105516.0,901830,5,61830,3.125,19880721.875,2082346570631.25,True
6/19/25,2025-06-19 23:50:00,104715.0,105203.0,901956,5,61956,3.125,19881115.625,2081851022671.875,True
6/20/25,2025-06-20 23:50:00,103301.0,106455.0,902108,5,62108,3.125,19881590.625,2053788193153.125,True
6/21/25,2025-06-21 23:50:00,101451.0,103968.0,902247,5,62247,3.125,19882025.0,2017051318275.0,True
6/22/25,2025-06-22 23:50:00,100836.0,102932.0,902356,5,62356,3.125,19882365.625,2004858220162.5,True
6/23/25,2025-06-23 23:50:00,105467.51,106027.29,902462,5,62462,3.125,19882696.875,2096978531491.0312,True
6/24/25,2025-06-24 23:50:00,105962.0,106173.0,902578,5,62578,3.125,19883059.375,2106848737493.75,True
6/25/25,2025-06-25 23:50:00,107244.0,108127.0,902723,5,62723,3.125,19883512.5,2132387414550.0,True
6/26/25,2025-06-26 23:50:00,106983.0,108116.0,902879,5,62879,3.125,19884000.0,2127249972000.0,True
6/27/25,2025-06-27 23:50:00,107071.0,107611.0,902995,5,62995,3.125,19884362.5,2129038577237.5,True
6/28/25,2025-06-28 23:50:00,107340.0,107518.0,903140,5,63140,3.125,19884815.625,2134436109187.5,True
6/29/25,2025-06-29 23:50:00,108389.0,108439.0,903308,5,63308,3.125,19885340.625,2155352185003.125,True
6/30/25,2025-06-30 23:50:00,107152.0,108771.0,903452,5,63452,3.125,19885790.625,2130802237050.0,True
7/1/25,2025-07-01 23:50:00,105590.0,107487.0,903588,5,63588,3.125,19886215.625,2099785507843.75,True
7/2/25,2025-07-02 23:50:00,108860.0,109662.0,903740,5,63740,3.125,19886690.625,2164865141437.5,True
7/3/25,2025-07-03 23:50:00,109604.0,110318.0,903891,5,63891,3.125,19887162.5,2179712558650.0,True
7/4/25,2025-07-04 23:50:00,108068.0,109686.0,904051,5,64051,3.125,19887662.5,2149219911050.0,True
7/5/25,2025-07-05 23:50:00,108239.0,108303.0,904205,5,64205,3.125,19888143.75,2152672791356.25,True
7/6/25,2025-07-06 23:50:00,109177.0,109502.0,904366,5,64366,3.125,19888646.875,2171382799871.875,True
7/7/25,2025-07-07 23:50:00,108264.0,109588.0,904518,5,64518,3.125,19889121.875,2153275890675.0,True
7/8/25,2025-07-08 23:50:00,108991.29,109138.0,904660,5,64660,3.125,19889565.625,2167789415008.406,True
7/9/25,2025-07-09 23:50:00,111403.36,112045.73,904825,5,64825,3.125,19890081.25,2215821881923.0,True
7/10/25,2025-07-10 23:50:00,115865.39,116969.16,904995,5,64995,3.125,19890612.5,2304633574651.375,True
7/11/25,2025-07-11 23:50:00,117589.0,118825.79,905146,5,65146,3.125,19891084.375,2338972720571.875,True
7/12/25,2025-07-12 23:50:00,117393.0,118186.0,905293,5,65293,3.125,19891543.75,2335127995443.75,True
7/13/25,2025-07-13 23:50:00,118910.0,119268.0,905432,5,65432,3.125,19891978.125,2365355118843.75,True
7/14/25,2025-07-14 23:50:00,119861.0,122815.0,905577,5,65577,3.125,19892431.25,2384326702056.25,True
7/15/25,2025-07-15 23:50:00,117725.0,119858.0,905741,5,65741,3.125,19892943.75,2341896802968.75,True
7/16/25,2025-07-16 23:50:00,118843.0,119998.0,905871,5,65871,3.125,19893350.0,2364185394050.0,True
7/17/25,2025-07-17 23:50:00,119497.0,120799.0,906008,5,66008,3.125,19893778.125,2377246804603.125,True
7/18/25,2025-07-18 23:50:00,117994.0,120648.0,906152,5,66152,3.125,19894228.125,2347399553381.25,True
7/19/25,2025-07-19 23:50:00,117903.0,118503.0,906293,5,66293,3.125,19894668.75,2345641129631.25,True
7/20/25,2025-07-20 23:50:00,117319.0,118734.0,906442,5,66442,3.125,19895134.375,2334077269740.625,True
7/21/25,2025-07-21 23:50:00,117457.0,119565.0,906592,5,66592,3.125,19895603.125,2336877856253.125,True
7/22/25,2025-07-22 23:50:00,120047.0,120241.0,906743,5,66743,3.125,19896075.0,2388464115525.0,True
7/23/25,2025-07-23 23:50:00,118598.0,119995.0,906883,5,66883,3.125,19896512.5,2359686589475.0,True
7/24/25,2025-07-24 23:50:00,118358.0,119460.0,907027,5,67027,3.125,19896962.5,2354964687575.0,True
7/25/25,2025-07-25 23:50:00,117576.0,118362.0,907190,5,67190,3.125,19897471.875,2339465153175.0,True
7/26/25,2025-07-26 23:50:00,117950.0,118278.0,907343,5,67343,3.125,19897950.0,2346963202500.0,True
7/27/25,2025-07-27 23:50:00,119412.0,119760.0,907478,5,67478,3.125,19898371.875,2376104382337.5,True
7/28/25,2025-07-28 23:50:00,118095.0,119661.0,907625,5,67625,3.125,19898831.25,2349952476468.75,True
7/29/25,2025-07-29 23:50:00,117809.0,119066.0,907737,5,67737,3.125,19899181.25,2344302643881.25,True
7/30/25,2025-07-30 23:50:00,117829.0,118612.0,907874,5,67874,3.125,19899609.375,2344751073046.875,True
7/31/25,2025-07-31 23:50:00,115762.0,118845.0,908027,5,68027,3.125,19900087.5,2303673929175.0,True
8/1/25,2025-08-01 23:50:00,113274.0,116006.0,908177,5,68177,3.125,19900556.25,2254215608662.5,True
8/2/25,2025-08-02 23:50:00,112686.0,113996.0,908324,5,68324,3.125,19901015.625,2242565846718.75,True
8/3/25,2025-08-03 23:50:00,114213.0,114660.0,908478,5,68478,3.125,19901496.875,2273009662584.375,True
8/4/25,2025-08-04 23:50:00,115152.0,115582.0,908649,5,68649,3.125,19902031.25,2291758702500.0,True
8/5/25,2025-08-05 23:50:00,114143.0,115083.0,908787,5,68787,3.125,19902462.5,2271726777137.5,True
8/6/25,2025-08-06 23:50:00,115019.0,115676.0,908931,5,68931,3.125,19902912.5,2289213092837.5,True
8/7/25,2025-08-07 23:50:00,117462.0,117604.0,909093,5,69093,3.125,19903418.75,2337895373212.5,True
8/8/25,2025-08-08 23:50:00,116709.0,117564.0,909230,5,69230,3.125,19903846.875,2322958064934.375,True
8/9/25,2025-08-09 23:50:00,116507.0,117770.0,909343,5,69343,3.125,19904200.0,2318978629400.0,True
8/10/25,2025-08-10 23:50:00,119284.0,119284.0,909479,5,69479,3.125,19904625.0,2374303288500.0,True
8/11/25,2025-08-11 23:50:00,118778.0,122252.0,909628,5,69628,3.125,19905090.625,2364286854256.25,True
8/12/25,2025-08-12 23:50:00,120219.0,120219.0,909763,5,69763,3.125,19905512.5,2393020807237.5,True
8/13/25,2025-08-13 23:50:00,123566.0,123578.0,909919,5,69919,3.125,19906000.0,2459704796000.0,True
8/14/25,2025-08-14 23:50:00,118568.0,124105.0,910081,5,70081,3.125,19906506.25,2360274633050.0,True
8/15/25,2025-08-15 23:50:00,117270.0,119280.0,910214,5,70214,3.125,19906921.875,2334484728281.25,True
8/16/25,2025-08-16 23:50:00,117486.0,117928.0,910368,5,70368,3.125,19907403.125,2338841163543.75,True
8/17/25,2025-08-17 23:50:00,117592.0,118488.0,910517,5,70517,3.125,19907868.75,2341006102050.0,True
8/18/25,2025-08-18 23:50:00,116200.0,117557.0,910675,5,70675,3.125,19908362.5,2313351722500.0,True
8/19/25,2025-08-19 23:50:00,112838.0,116631.0,910809,5,70809,3.125,19908781.25,2246467058687.5,True
8/20/25,2025-08-20 23:50:00,114271.0,114606.0,910948,5,70948,3.125,19909215.625,2275045978684.375,True
8/21/25,2025-08-21 23:50:00,112289.0,114658.0,911098,5,71098,3.125,19909684.375,2235638548784.375,True
8/22/25,2025-08-22 23:50:00,116860.0,117181.0,911244,5,71244,3.125,19910140.625,2326699033437.5,True
8/23/25,2025-08-23 23:50:00,115271.0,116901.0,911394,5,71394,3.125,19910609.375,2295115853265.625,True
8/24/25,2025-08-24 23:50:00,113540.0,115556.0,911559,5,71559,3.125,19911125.0,2260709132500.0,True
8/25/25,2025-08-25 23:50:00,110175.0,113543.0,911701,5,71701,3.125,19911568.75,2193757087031.25,True
8/26/25,2025-08-26 23:50:00,111787.0,112217.0,911852,5,71852,3.125,19912040.625,2225907285346.875,True
8/27/25,2025-08-27 23:50:00,111178.0,112494.0,912001,5,72001,3.125,19912506.25,2213832619862.5,True
8/28/25,2025-08-28 23:50:00,112508.0,113274.0,912160,5,72160,3.125,19913003.125,2240372155587.5,True
8/29/25,2025-08-29 23:50:00,108516.0,112572.0,912325,5,72325,3.125,19913518.75,2160935400675.0,True
8/30/25,2025-08-30 23:50:00,108780.0,108910.0,912484,5,72484,3.125,19914015.625,2166246619687.5,True
8/31/25,2025-08-31 23:50:00,108318.0,109454.0,912616,5,72616,3.125,19914428.125,2157091025643.75,True
9/1/25,2025-09-01 23:50:00,109194.0,109736.0,912776,5,72776,3.125,19914928.125,2174590661681.25,True
9/2/25,2025-09-02 23:50:00,111110.0,111540.0,912940,5,72940,3.125,19915440.625,2212804607843.75,True
9/3/25,2025-09-03 23:50:00,111743.0,112523.0,913074,5,73074,3.125,19915859.375,2225457874140.625,True
9/4/25,2025-09-04 23:50:00,110737.0,112157.0,913216,5,73216,3.125,19916303.125,2205471659153.125,True
9/5/25,2025-09-05 23:50:00,110654.0,113224.0,913359,5,73359,3.125,19916750.0,2203868054500.0,True
9/6/25,2025-09-06 23:50:00,110243.0,111270.0,913499,5,73499,3.125,19917187.5,2195730501562.5,True
9/7/25,2025-09-07 23:50:00,111291.0,111468.0,913651,5,73651,3.125,19917662.5,2216656577287.5,True
9/8/25,2025-09-08 23:50:00,112056.76,112839.0,913814,5,73814,3.125,19918171.875,2231965805435.625,True
9/9/25,2025-09-09 23:50:00,111522.0,113226.0,913981,5,73981,3.125,19918693.75,2221372564387.5,True
9/10/25,2025-09-10 23:50:00,113994.0,114235.0,914149,5,74149,3.125,19919218.75,2270671422187.5,True
9/11/25,2025-09-11 23:50:00,115473.0,115473.0,914300,5,74300,3.125,19919690.625,2300186435540.625,True
9/12/25,2025-09-12 23:50:00,116189.0,116750.0,914421,5,74421,3.125,19920068.75,2314492867993.75,True
9/13/25,2025-09-13 23:50:00,115951.0,116316.0,914561,5,74561,3.125,19920506.25,2309802620193.75,True
9/14/25,2025-09-14 23:50:00,115269.0,116188.0,914714,5,74714,3.125,19920984.375,2296271947921.875,True
9/15/25,2025-09-15 23:50:00,115354.0,116697.0,914876,5,74876,3.125,19921490.625,2298023629556.25,True
9/16/25,2025-09-16 23:50:00,116724.0,116972.0,915038,5,75038,3.125,19921996.875,2325375163237.5,True
9/17/25,2025-09-17 23:50:00,116529.85,117286.0,915162,5,75162,3.125,19922384.375,2321552462861.0938,True
9/18/25,2025-09-18 23:50:00,117127.0,117910.0,915323,5,75323,3.125,19922887.5,2333508044212.5,True
9/19/25,2025-09-19 23:50:00,115620.0,117448.0,915490,5,75490,3.125,19923409.375,2303544591937.5,True
9/20/25,2025-09-20 23:50:00,115722.0,116169.0,915643,5,75643,3.125,19923887.5,2305632109275.0,True
9/21/25,2025-09-21 23:50:00,115309.0,115869.0,915806,5,75806,3.125,19924396.875,2297462279259.375,True
9/22/25,2025-09-22 23:50:00,112762.0,115361.0,915956,5,75956,3.125,19924865.625,2246767697606.25,True
9/23/25,2025-09-23 23:50:00,112098.0,113270.0,916100,5,76100,3.125,19925315.625,2233588030931.25,True
9/24/25,2025-09-24 23:50:00,113306.0,113960.0,916249,5,76249,3.125,19925781.25,2257710570312.5,True
9/25/25,2025-09-25 23:50:00,109028.0,113492.0,916395,5,76395,3.125,19926237.5,2172517822150.0,True
9/26/25,2025-09-26 23:50:00,109706.0,110272.0,916527,5,76527,3.125,19926650.0,2186073064900.0,True
9/27/25,2025-09-27 23:50:00,109660.0,109744.0,916682,5,76682,3.125,19927134.375,2185209555562.5,True
9/28/25,2025-09-28 23:50:00,112232.0,112353.0,916846,5,76846,3.125,19927646.875,2236519664075.0,True
9/29/25,2025-09-29 23:50:00,114322.0,114401.0,916987,5,76987,3.125,19928087.5,2278218819175.0,True
9/30/25,2025-09-30 23:50:00,113978.0,114749.0,917147,5,77147,3.125,19928587.5,2271420546075.0,True
10/1/25,2025-10-01 23:50:00,118416.0,118416.0,917299,5,77299,3.125,19929062.5,2359919865000.0,True
10/2/25,2025-10-02 23:50:00,120401.0,121015.0,917434,5,77434,3.125,19929484.375,2399529848234.375,True
10/3/25,2025-10-03 23:50:00,122324.0,123834.0,917553,5,77553,3.125,19929856.25,2437899735925.0,True
10/4/25,2025-10-04 23:50:00,122432.0,122798.0,917686,5,77686,3.125,19930271.875,2440103046200.0,True
10/5/25,2025-10-05 23:50:00,123546.0,125376.0,917834,5,77834,3.125,19930734.375,2462362509093.75,True
10/6/25,2025-10-06 23:50:00,124821.0,126094.0,917958,5,77958,3.125,19931121.875,2487822563559.375,True
10/7/25,2025-10-07 23:50:00,121471.0,125023.0,918097,5,78097,3.125,19931556.25,2421106069243.75,True
10/8/25,2025-10-08 23:50:00,123382.0,124100.0,918243,5,78243,3.125,19932012.5,2459251566275.0,True
10/9/25,2025-10-09 23:50:00,121591.0,123626.0,918365,5,78365,3.125,19932393.75,2423599688456.25,True
10/10/25,2025-10-10 23:50:00,113970.0,122348.0,918496,5,78496,3.125,19932803.125,2271741572156.25,True
10/11/25,2025-10-11 23:50:00,110931.0,113321.0,918643,5,78643,3.125,19933262.5,2211216742387.5,True
10/12/25,2025-10-12 23:50:00,115208.0,115534.0,918789,5,78789,3.125,19933718.75,2296523869750.0,True
10/13/25,2025-10-13 23:50:00,115168.0,115896.0,918941,5,78941,3.125,19934193.75,2295781225800.0,True
10/14/25,2025-10-14 23:50:00,113333.0,115396.0,919110,5,79110,3.125,19934721.875,2259261834259.375,True
10/15/25,2025-10-15 23:50:00,110818.0,113485.0,919253,5,79253,3.125,19935168.75,2209175530537.5,True
10/16/25,2025-10-16 23:50:00,108039.0,111791.0,919406,5,79406,3.125,19935646.875,2153827352728.125,True
10/17/25,2025-10-17 23:50:00,106621.0,109186.0,919565,5,79565,3.125,19936143.75,2125611582768.75,True
10/18/25,2025-10-18 23:50:00,107149.0,107325.0,919731,5,79731,3.125,19936662.5,2136193450212.5,True
10/19/25,2025-10-19 23:50:00,108547.0,109443.0,919869,5,79869,3.125,19937093.75,2164111715281.25,True
10/20/25,2025-10-20 23:50:00,110648.0,111561.0,920018,5,80018,3.125,19937559.375,2206051069725.0,True
10/21/25,2025-10-21 23:50:00,108534.0,113826.0,920168,5,80168,3.125,19938028.125,2163953944518.75,True
10/22/25,2025-10-22 23:50:00,107640.0,108834.0,920322,5,80322,3.125,19938509.375,2146181149125.0,True
10/23/25,2025-10-23 23:50:00,110064.0,111262.0,920463,5,80463,3.125,19938950.0,2194560592800.0,True
10/24/25,2025-10-24 23:50:00,111004.0,111484.0,920639,5,80639,3.125,19939500.0,2213364258000.0,True
10/25/25,2025-10-25 23:50:00,111585.0,111929.0,920801,5,80801,3.125,19940006.25,2225005597406.25,True
10/26/25,2025-10-26 23:50:00,114569.0,114714.0,920950,5,80950,3.125,19940471.875,2284559922246.875,True
10/27/25,2025-10-27 23:50:00,114162.0,116013.0,921097,5,81097,3.125,19940931.25,2276496593362.5,True
10/28/25,2025-10-28 23:50:00,113044.0,115922.0,921259,5,81259,3.125,19941437.5,2254259860750.0,True
10/29/25,2025-10-29 23:50:00,109965.0,113573.0,921381,5,81381,3.125,19941818.75,2192902098843.75,True
10/30/25,2025-10-30 23:50:00,108161.0,111514.0,921541,5,81541,3.125,19942318.75,2156981138318.75,True
10/31/25,2025-10-31 23:50:00,109604.0,110798.0,921681,5,81681,3.125,19942756.25,2185805856025.0,True
11/1/25,2025-11-01 23:50:00,110001.0,110432.0,921819,5,81819,3.125,19943187.5,2193770568187.5,True
11/2/25,2025-11-02 23:50:00,110369.0,111124.0,921974,5,81974,3.125,19943671.875,2201163121171.875,True
11/3/25,2025-11-03 23:50:00,106507.0,110687.0,922116,5,82116,3.125,19944115.625,2124187922871.875,True
11/4/25,2025-11-04 23:50:00,101523.0,107153.0,922248,5,82248,3.125,19944528.125,2024828328834.375,True
11/5/25,2025-11-05 23:50:00,103995.0,104375.0,922385,5,82385,3.125,19944956.25,2074175725218.75,True
11/6/25,2025-11-06 23:50:00,101239.0,104090.0,922526,5,82526,3.125,19945396.875,2019252034228.125,True
11/7/25,2025-11-07 23:50:00,103400.0,103954.0,922667,5,82667,3.125,19945837.5,2062399597500.0,True
11/8/25,2025-11-08 23:50:00,102341.0,103314.0,922788,5,82788,3.125,19946215.625,2041315653278.125,True
11/9/25,2025-11-09 23:50:00,104535.0,105015.0,922929,5,82929,3.125,19946656.25,2085123711093.75,True
11/10/25,2025-11-10 23:50:00,106173.0,106520.0,923068,5,83068,3.125,19947090.625,2117842452928.125,True
11/11/25,2025-11-11 23:50:00,102965.0,106966.0,923220,5,83220,3.125,19947565.625,2053901094578.125,True
11/12/25,2025-11-12 23:50:00,101572.0,105166.0,923362,5,83362,3.125,19948009.375,2026159208237.5,True
11/13/25,2025-11-13 23:50:00,100071.0,103891.0,923513,5,83513,3.125,19948481.25,1996264467168.75,True
11/14/25,2025-11-14 23:50:00,94778.2,99765.2,923657,5,83657,3.125,19948931.25,1890723795798.75,True
11/15/25,2025-11-15 23:50:00,95542.0,96622.3,923799,5,83799,3.125,19949375.0,1906003186250.0,True
11/16/25,2025-11-16 23:50:00,94324.2,96488.8,923956,5,83956,3.125,19949865.625,1881755115185.625,True
11/17/25,2025-11-17 23:50:00,91946.0,95812.7,924081,5,84081,3.125,19950256.25,1834346261162.5,True
11/18/25,2025-11-18 23:50:00,92747.0,93627.3,924216,5,84216,3.125,19950678.125,1850365544059.375,True
11/19/25,2025-11-19 23:50:00,91231.0,92936.4,924352,5,84352,3.125,19951103.125,1820159089196.875,True
11/20/25,2025-11-20 23:50:00,86804.2,92931.5,924483,5,84483,3.125,19951512.5,1731875081352.5,True
11/21/25,2025-11-21 23:50:00,85139.8,87214.3,924635,5,84635,3.125,19951987.5,1698708225352.5,True
11/22/25,2025-11-22 23:50:00,84757.2,85306.0,924777,5,84777,3.125,19952431.25,1691112205942.5,True
11/23/25,2025-11-23 23:50:00,86808.2,87960.2,924919,5,84919,3.125,19952875.0,1732073163575.0,True
11/24/25,2025-11-24 23:50:00,88307.2,89124.8,925062,5,85062,3.125,19953321.875,1762021985480.0,True
11/25/25,2025-11-25 23:50:00,87421.8,88334.4,925178,5,85178,3.125,19953684.375,1744387004694.375,True
11/26/25,2025-11-26 23:50:00,90524.5,90524.5,925342,5,85342,3.125,19954196.875,1806343695010.9375,True
11/27/25,2025-11-27 23:50:00,91295.4,91824.4,925485,5,85485,3.125,19954643.75,1821767183013.75,True
11/28/25,2025-11-28 23:50:00,90960.7,92942.2,925635,5,85635,3.125,19955112.5,1815131001578.75,True
11/29/25,2025-11-29 23:50:00,90817.8,91088.8,925772,5,85772,3.125,19955540.625,1812318297373.125,True
11/30/25,2025-11-30 23:50:00,90654.2,91853.8,925938,5,85938,3.125,19956059.375,1809100597793.125,True
12/1/25,2025-12-01 23:50:00,86437.5,90386.0,926070,5,86070,3.125,19956471.875,1724987537695.3125,True
12/2/25,2025-12-02 23:50:00,91441.0,92250.0,926198,5,86198,3.125,19956871.875,1824876321121.875,True
12/3/25,2025-12-03 23:50:00,93596.5,94024.8,926330,5,86330,3.125,19957284.375,1867931967004.6875,True
12/4/25,2025-12-04 23:50:00,92155.2,94016.5,926462,5,86462,3.125,19957696.875,1839205547055.0,True
12/5/25,2025-12-05 23:50:00,89310.48,92672.4,926580,5,86580,3.125,19958065.625,1782464420840.25,True
12/6/25,2025-12-06 23:50:00,89223.4,90121.8,926745,5,86745,3.125,19958581.25,1780772478301.25,True
12/7/25,2025-12-07 23:50:00,90100.0,91576.2,926904,5,86904,3.125,19959078.125,1798312939062.5,True
12/8/25,2025-12-08 23:50:00,90612.0,92200.0,927053,5,87053,3.125,19959543.75,1808574178275.0,True
12/9/25,2025-12-09 23:50:00,92856.8,94454.0,927182,5,87182,3.125,19959946.875,1853416794982.5,True
12/10/25,2025-12-10 23:50:00,91993.8,93935.0,927336,5,87336,3.125,19960428.125,1836235632845.625,True
12/11/25,2025-12-11 23:50:00,92653.3,93032.5,927496,5,87496,3.125,19960928.125,1849445861844.0625,True
12/12/25,2025-12-12 23:50:00,90335.0,92646.8,927641,5,87641,3.125,19961381.25,1803211375218.75,True
12/13/25,2025-12-13 23:50:00,90268.4,90594.8,927783,5,87783,3.125,19961825.0,1801922003830.0,True
12/14/25,2025-12-14 23:50:00,88156.3,90443.6,927911,5,87911,3.125,19962225.0,1759795895767.5,True
12/15/25,2025-12-15 23:50:00,86397.7,89899.2,928045,5,88045,3.125,19962643.75,1724726505919.375,True
12/16/25,2025-12-16 23:50:00,87759.3,87948.0,928194,5,88194,3.125,19963109.375,1751948504573.4375,True
12/17/25,2025-12-17 23:50:00,86117.0,89911.5,928332,5,88332,3.125,19963540.625,1719200228003.125,True
12/18/25,2025-12-18 23:50:00,85360.6,89226.6,928476,5,88476,3.125,19963990.625,1704138218144.375,True
12/19/25,2025-12-19 23:50:00,88167.0,88595.6,928621,5,88621,3.125,19964443.75,1760205112106.25,True
12/20/25,2025-12-20 23:50:00,88298.4,88451.5,928767,5,88767,3.125,19964900.0,1762868726160.0,True
12/21/25,2025-12-21 23:50:00,88507.0,88886.7,928906,5,88906,3.125,19965334.375,1767071849528.125,True
12/22/25,2025-12-22 23:50:00,88410.5,90231.3,929045,5,89045,3.125,19965768.75,1765183598071.875,True
12/23/25,2025-12-23 23:50:00,87433.7,88848.0,929189,5,89189,3.125,19966218.75,1745720380321.875,True
12/24/25,2025-12-24 23:50:00,87613.8,87933.3,929347,5,89347,3.125,19966712.5,1749359555632.5,True
12/25/25,2025-12-25 23:50:00,87065.0,88360.2,929485,5,89485,3.125,19967143.75,1738439370593.75,True
12/26/25,2025-12-26 23:50:00,87283.7,89370.8,929643,5,89643,3.125,19967637.5,1742849281258.75,True
12/27/25,2025-12-27 23:50:00,87765.8,87765.8,929777,5,89777,3.125,19968056.25,1752512431226.25,True
12/28/25,2025-12-28 23:50:00,87794.6,87941.2,929934,5,89934,3.125,19968546.875,1753130585471.875,True
12/29/25,2025-12-29 23:50:00,87111.0,90222.8,930086,5,90086,3.125,19969021.875,1739521464553.125,True
12/30/25,2025-12-30 23:50:00,88437.0,89132.7,930205,5,90205,3.125,19969393.75,1766033275068.75,True
12/31/25,2025-12-31 23:50:00,87546.0,88969.7,930337,5,90337,3.125,19969806.25,1748276657962.5,True
1/1/26,2026-01-01 23:50:00,88687.8,88687.8,930490,5,90490,3.125,19970284.375,1771120586593.125,True
1/2/26,2026-01-02 23:50:00,89893.8,90833.5,930635,5,90635,3.125,19970737.5,1795245482677.5,True
1/3/26,2026-01-03 23:50:00,90589.2,90635.2,930788,5,90788,3.125,19971215.625,1809176446496.25,True
1/4/26,2026-01-04 23:50:00,91297.3,91651.0,930933,5,90933,3.125,19971668.75,1823359433369.375,True
1/5/26,2026-01-05 23:50:00,93952.0,94726.0,931067,5,91067,3.125,19972087.5,1876417564800.0,True
1/6/26,2026-01-06 23:50:00,93594.8,94283.0,931197,5,91197,3.125,19972493.75,1869321558032.5,True
1/7/26,2026-01-07 23:50:00,91244.96,93660.0,931342,5,91342,3.125,19972946.875,1822430738691.5002,True
1/8/26,2026-01-08 23:50:00,91064.2,91478.16,931475,5,91475,3.125,19973362.5,1818858277372.5,True
1/9/26,2026-01-09 23:50:00,90549.3,91539.6,931618,5,91618,3.125,19973809.375,1808614457239.6875,True
1/10/26,2026-01-10 23:50:00,90423.0,90697.8,931780,5,91780,3.125,19974315.625,1806137541759.375,True
1/11/26,2026-01-11 23:50:00,90750.0,91026.0,931900,5,91900,3.125,19974690.625,1812703174218.75,True
1/12/26,2026-01-12 23:50:00,91124.8,92334.0,932044,5,92044,3.125,19975140.625,1820230694425.0,True
1/13/26,2026-01-13 23:50:00,95074.6,95727.8,932179,5,92179,3.125,19975562.5,1899168614462.5,True
1/14/26,2026-01-14 23:50:00,97044.2,97675.0,932302,5,92302,3.125,19975946.875,1938549783726.875,True
1/15/26,2026-01-15 23:50:00,95570.0,97030.5,932442,5,92442,3.125,19976384.375,1909143054718.75,True
1/16/26,2026-01-16 23:50:00,95492.8,95757.7,932572,5,92572,3.125,19976790.625,1907639671795.0,True
1/17/26,2026-01-17 23:50:00,95099.5,95534.0,932720,5,92720,3.125,19977253.125,1899826783560.9375,True
1/18/26,2026-01-18 23:50:00,93837.4,95458.4,932861,5,92861,3.125,19977693.75,1874654839496.25,True
1/19/26,2026-01-19 23:50:00,92610.7,93634.4,933008,5,93008,3.125,19978153.125,1850190745613.4375,True
1/20/26,2026-01-20 23:50:00,88285.2,92777.7,933144,5,93144,3.125,19978578.125,1763812765481.25,True
1/21/26,2026-01-21 23:50:00,89357.5,90354.5,933280,5,93280,3.125,19979003.125,1785273771742.1875,True
1/22/26,2026-01-22 23:50:00,89441.2,90191.2,933440,5,93440,3.125,19979503.125,1786990734903.75,True
1/23/26,2026-01-23 23:50:00,89416.6,90818.4,933579,5,93579,3.125,19979937.5,1786538079462.5,True
1/24/26,2026-01-24 23:50:00,89187.3,89759.0,933680,5,93680,3.125,19980253.125,1781984829535.3125,True
1/25/26,2026-01-25 23:50:00,86586.0,89156.3,933788,5,93788,3.125,19980590.625,1730039419856.25,True
1/26/26,2026-01-26 23:50:00,88423.0,88619.2,933912,5,93912,3.125,19980978.125,1766778028746.875,True
1/27/26,2026-01-27 23:50:00,89334.5,89382.5,934033,5,94033,3.125,19981356.25,1785024469915.625,True
1/28/26,2026-01-28 23:50:00,89170.4,90240.0,934143,5,94143,3.125,19981700.0,1781776181680.0,True
1/29/26,2026-01-29 23:50:00,84561.0,89166.2,934272,5,94272,3.125,19982103.125,1689706622353.125,True
1/30/26,2026-01-30 23:50:00,84129.5,84551.0,934402,5,94402,3.125,19982509.375,1681118522464.0625,True
1/31/26,2026-01-31 23:50:00,78680.0,84123.7,934538,5,94538,3.125,19982934.375,1572257276625.0,True
2/1/26,2026-02-01 23:50:00,76918.2,79224.0,934660,5,94660,3.125,19983315.625,1537080667906.875,True
2/2/26,2026-02-02 23:50:00,78775.2,79143.4,934778,5,94778,3.125,19983684.375,1574218733377.5,True
2/3/26,2026-02-03 23:50:00,75560.8,78986.7,934907,5,94907,3.125,19984087.5,1510013638770.0,True
2/4/26,2026-02-04 23:50:00,73301.8,76739.6,935051,5,95051,3.125,19984537.5,1464902570917.5,True
2/5/26,2026-02-05 23:50:00,63329.0,73068.4,935179,5,95179,3.125,19984937.5,1265626106937.5,True
2/6/26,2026-02-06 23:50:00,70640.0,71387.8,935324,5,95324,3.125,19985390.625,1411767993750.0,True
2/7/26,2026-02-07 23:50:00,69316.8,71280.8,935490,5,95490,3.125,19985909.375,1385359282965.0,True
2/8/26,2026-02-08 23:50:00,70537.0,71863.0,935657,5,95657,3.125,19986431.25,1409782901081.25,True
2/9/26,2026-02-09 23:50:00,70186.6,71250.2,935823,5,95823,3.125,19986950.0,1402816064870.0,True
2/10/26,2026-02-10 23:50:00,68775.7,70383.2,935966,5,95966,3.125,19987396.875,1374647211255.9375,True
2/11/26,2026-02-11 23:50:00,66915.0,69167.7,936124,5,96124,3.125,19987890.625,1337489701171.875,True
2/12/26,2026-02-12 23:50:00,66170.8,68264.2,936297,5,96297,3.125,19988431.25,1322650486557.5,True
2/13/26,2026-02-13 23:50:00,68876.3,69264.8,936451,5,96451,3.125,19988912.5,1376762334023.75,True
2/14/26,2026-02-14 23:50:00,69814.2,70452.4,936617,5,96617,3.125,19989431.25,1395546151173.75,True
2/15/26,2026-02-15 23:50:00,68653.2,70892.4,936815,5,96815,3.125,19990050.0,1372380900660.0,True
2/16/26,2026-02-16 23:50:00,68836.4,69776.2,936989,5,96989,3.125,19990593.75,1376080507612.5,True
2/17/26,2026-02-17 23:50:00,67488.4,69003.3,937153,5,97153,3.125,19991106.25,1349167775042.5,True
2/18/26,2026-02-18 23:50:00,66436.5,68307.2,937307,5,97307,3.125,19991587.5,1328171102943.75,True
2/19/26,2026-02-19 23:50:00,66947.8,67193.7,937465,5,97465,3.125,19992081.25,1338425857108.75,True
2/20/26,2026-02-20 23:50:00,67952.7,68244.4,937604,5,97604,3.125,19992515.625,1358545416510.9375,True
2/21/26,2026-02-21 23:50:00,67987.5,68638.2,937723,5,97723,3.125,19992887.5,1359266438906.25,True
2/22/26,2026-02-22 23:50:00,67536.2,68206.7,937884,5,97884,3.125,19993390.625,1350277627928.125,True
2/23/26,2026-02-23 23:50:00,64594.04722222223,67618.0,938035,5,98035,3.125,19993862.5,1291484498479.6182,True
2/24/26,2026-02-24 23:50:00,64081.655249999996,64948.722375,938199,5,98199,3.125,19994375.0,1281272645689.2188,True
2/25/26,2026-02-25 23:50:00,67742.7,69429.26925,938355,5,98355,3.125,19994862.5,1354505971878.75,True
2/26/26,2026-02-26 23:50:00,67497.7,68730.7,938495,5,98495,3.125,19995300.0,1349636760810.0,True
2/27/26,2026-02-27 23:50:00,65871.4,68115.4,938637,5,98637,3.125,19995743.75,1317147634853.75,True
2/28/26,2026-02-28 23:50:00,67028.2,67539.0,938780,5,98780,3.125,19996190.625,1340308664450.625,True
3/1/26,2026-03-01 23:50:00,65798.0,67859.3,938928,5,98928,3.125,19996653.125,1315739782318.75,True
3/2/26,2026-03-02 23:50:00,68919.4,69875.5,939064,5,99064,3.125,19997078.125,1378186626128.125,True
3/3/26,2026-03-03 23:50:00,68425.4,69093.2,939199,5,99199,3.125,19997500.0,1368336936500.0,True
3/4/26,2026-03-04 23:50:00,72742.0,73934.7,939329,5,99329,3.125,19997906.25,1454687696437.5,True
3/5/26,2026-03-05 23:50:00,70882.2,73424.3,939495,5,99495,3.125,19998425.0,1417532360535.0,True
3/6/26,2026-03-06 23:50:00,68214.2,71314.4,939641,5,99641,3.125,19998881.25,1364207685363.75,True
3/7/26,2026-03-07 23:50:00,67280.8,68366.3,939771,5,99771,3.125,19999287.5,1345568062430.0,True
3/8/26,2026-03-08 23:50:00,66120.7,68071.8,939906,5,99906,3.125,19999709.375,1322394783671.5625,True
3/9/26,2026-03-09 23:50:00,68543.8,69367.6,940044,5,100044,3.125,20000140.625,1370885638971.875,True
3/10/26,2026-03-10 23:50:00,69891.49,71445.8,940183,5,100183,3.125,20000575.0,1397869987606.75,True
3/11/26,2026-03-11 23:50:00,70211.8,71268.0,940321,5,100321,3.125,20001006.25,1404306650623.75,True
3/12/26,2026-03-12 23:50:00,70579.4,70647.2,940451,5,100451,3.125,20001412.5,1411687693402.5,True
3/13/26,2026-03-13 23:50:00,70956.5,73789.0,940571,5,100571,3.125,20001787.5,1419256834743.75,True
3/14/26,2026-03-14 23:50:00,71165.8,71286.8,940699,5,100699,3.125,20002187.5,1423471675187.5,True
3/15/26,2026-03-15 23:50:00,72694.7,72975.5,940825,5,100825,3.125,20002581.25,1454081643194.375,True
3/16/26,2026-03-16 23:50:00,74838.2,74881.6,940950,5,100950,3.125,20002971.875,1496986409775.625,True
3/17/26,2026-03-17 23:50:00,74055.3,75923.8,941074,5,101074,3.125,20003359.375,1481354779523.4375,True
3/18/26,2026-03-18 23:50:00,71330.8,74565.0,941214,5,101214,3.125,20003796.875,1426886834131.25,True
3/19/26,2026-03-19 23:50:00,69858.8,71502.8,941347,5,101347,3.125,20004212.5,1397470280195.0,True
3/20/26,2026-03-20 23:50:00,70514.0,71259.7,941484,5,101484,3.125,20004640.625,1410607229031.25,True
3/21/26,2026-03-21 23:50:00,69647.7,71004.0,941622,5,101622,3.125,20005071.875,1393307244428.4375,True
3/22/26,2026-03-22 23:50:00,67997.8,69440.2,941784,5,101784,3.125,20005578.125,1360335300228.125,True
3/23/26,2026-03-23 23:50:00,70753.5,71648.7,941941,5,101941,3.125,20006068.75,1415499385303.125,True
3/24/26,2026-03-24 23:50:00,70609.2,71302.8,942069,5,102069,3.125,20006468.75,1412640753262.5,True
3/25/26,2026-03-25 23:50:00,71211.8,71912.8,942221,5,102221,3.125,20006943.75,1424730476936.25,True
3/26/26,2026-03-26 23:50:00,68725.8,71356.7,942385,5,102385,3.125,20007456.25,1375028436746.25,True
3/27/26,2026-03-27 23:50:00,66312.5,69043.5,942539,5,102539,3.125,20007937.5,1326776355468.75,True
3/28/26,2026-03-28 23:50:00,66318.7,67029.0,942711,5,102711,3.125,20008475.0,1326936050982.5,True
3/29/26,2026-03-29 23:50:00,66008.2,66995.8,942856,5,102856,3.125,20008928.125,1320753329460.625,True
3/30/26,2026-03-30 23:50:00,66681.3,67934.0,942992,5,102992,3.125,20009353.125,1334249678534.0625,True
3/31/26,2026-03-31 23:50:00,68174.8,68284.8,943129,5,103129,3.125,20009781.25,1364162834762.5,True
4/1/26,2026-04-01 23:50:00,68141.7,69165.5,943291,5,103291,3.125,20010287.5,1363535007738.75,True
4/2/26,2026-04-02 23:50:00,66875.5,68591.5,943436,5,103436,3.125,20010740.625,1338228284667.1875,True
4/3/26,2026-04-03 23:50:00,66906.3,67223.3,943567,5,103567,3.125,20011150.0,1338872005245.0,True
4/4/26,2026-04-04 23:50:00,67276.8,67467.6,943685,5,103685,3.125,20011518.75,1346310944640.0,True
4/5/26,2026-04-05 23:50:00,68939.0,68988.7,943847,5,103847,3.125,20012025.0,1379608991475.0,True
4/6/26,2026-04-06 23:50:00,68797.5,70239.6,943974,5,103974,3.125,20012421.875,1376804593945.3125,True
4/7/26,2026-04-07 23:50:00,72171.8,72488.0,944111,5,104111,3.125,20012850.0,1444363407630.0,True
4/8/26,2026-04-08 23:50:00,71121.5,72601.8,944259,5,104259,3.125,20013312.5,1423376804968.75,True
4/9/26,2026-04-09 23:50:00,71776.0,72842.5,944403,5,104403,3.125,20013762.5,1436507817200.0,True
4/10/26,2026-04-10 23:50:00,72966.7,73386.8,944530,5,104530,3.125,20014159.375,1460367162867.8125,True
4/11/26,2026-04-11 23:50:00,73124.7,73702.7,944650,5,104650,3.125,20014534.375,1463556821811.5625,True
4/12/26,2026-04-12 23:50:00,70621.2,73102.2,944807,5,104807,3.125,20015025.0,1413485083530.0,True
4/13/26,2026-04-13 23:50:00,74546.3,74757.3,944955,5,104955,3.125,20015487.5,1492080535821.25,True
4/14/26,2026-04-14 23:50:00,74232.2,75865.5,945117,5,105117,3.125,20015993.75,1485831251248.75,True
4/15/26,2026-04-15 23:50:00,74761.8,75233.2,945245,5,105245,3.125,20016393.75,1496461626258.75,True
4/16/26,2026-04-16 23:50:00,75093.2,75379.0,945397,5,105397,3.125,20016868.75,1503130728417.5,True
4/17/26,2026-04-17 23:50:00,77154.4,78219.7,945537,5,105537,3.125,20017306.25,1544423253335.0,True
4/18/26,2026-04-18 23:50:00,75781.7,77384.0,945690,5,105690,3.125,20017784.375,1516981730170.9375,True
4/19/26,2026-04-19 23:50:00,73927.3,76132.8,945848,5,105848,3.125,20018278.125,1479897252430.3125,True
4/20/26,2026-04-20 23:50:00,75894.5,76479.5,945978,5,105978,3.125,20018684.375,1519308041298.4375,True
4/21/26,2026-04-21 23:50:00,76353.0,76785.6,946112,5,106112,3.125,20019103.125,1528518580903.125,True
4/22/26,2026-04-22 23:50:00,78303.4,79346.8,946242,5,106242,3.125,20019509.375,1567595650394.375,True
4/23/26,2026-04-23 23:50:00,78280.0,78547.3,946365,5,106365,3.125,20019893.75,1567157282750.0,True
4/24/26,2026-04-24 23:50:00,77447.2,78486.4,946513,5,106513,3.125,20020356.25,1550520534565.0,True
4/25/26,2026-04-25 23:50:00,77622.2,77868.2,946655,5,106655,3.125,20020800.0,1554058541760.0,True
4/26/26,2026-04-26 23:50:00,78753.5,78753.5,946804,5,106804,3.125,20021265.625,1576744742398.4375,True
4/27/26,2026-04-27 23:50:00,77325.5,79346.4,946942,5,106942,3.125,20021696.875,1548187721707.8125,True
4/28/26,2026-04-28 23:50:00,76315.2,77418.7,947081,5,107081,3.125,20022131.25,1527992950770.0,True
4/29/26,2026-04-29 23:50:00,75787.0,77848.8,947208,5,107208,3.125,20022528.125,1517447339009.375,True
4/30/26,2026-04-30 23:50:00,76305.3,76512.0,947347,5,107347,3.125,20022962.5,1527858160451.25,True
5/1/26,2026-05-01 23:50:00,78138.8,78715.8,947506,5,107506,3.125,20023459.375,1564609087411.25,True
5/2/26,2026-05-02 23:50:00,78674.3,78901.2,947640,5,107640,3.125,20023878.125,1575364594769.6875,True
5/3/26,2026-05-03 23:50:00,78560.8,79321.0,947794,5,107794,3.125,20024359.375,1573129691987.5,True
5/4/26,2026-05-04 23:50:00,79777.7,80500.8,947943,5,107943,3.125,20024825.0,1597534481402.5,True
5/5/26,2026-05-05 23:50:00,80926.4,81664.0,948093,5,108093,3.125,20025293.75,1620574932130.0,True
5/6/26,2026-05-06 23:50:00,81347.5,82702.5,948234,5,108234,3.125,20025734.375,1629043427070.3125,True
5/7/26,2026-05-07 23:50:00,80020.2,81624.3,948375,5,108375,3.125,20026175.0,1602498528735.0,True
5/8/26,2026-05-08 23:50:00,80168.3,80352.2,948523,5,108523,3.125,20026637.5,1605501483091.25,True
5/9/26,2026-05-09 23:50:00,80667.0,81020.8,948689,5,108689,3.125,20027156.25,1615530613218.75,True
5/10/26,2026-05-10 23:50:00,82314.7,82354.4,948844,5,108844,3.125,20027640.625,1648569229754.6875,True
5/11/26,2026-05-11 23:50:00,81739.5,82174.3,949009,5,109009,3.125,20028156.25,1637091477796.875,True
5/12/26,2026-05-12 23:50:00,80457.8,81729.0,949142,5,109142,3.125,20028571.875,1611454830204.375,True
5/13/26,2026-05-13 23:50:00,79264.5,81255.4,949282,5,109282,3.125,20029009.375,1587589413604.6875,True
5/14/26,2026-05-14 23:50:00,81078.6,81963.0,949432,5,109432,3.125,20029478.125,1623962045105.625,True
5/15/26,2026-05-15 23:50:00,79078.8,81545.8,949577,5,109577,3.125,20029931.25,1583942927332.5,True
5/16/26,2026-05-16 23:50:00,78173.0,79168.2,949729,5,109729,3.125,20030406.25,1565836947781.25,True
5/17/26,2026-05-17 23:50:00,77204.8,78506.4,949869,5,109869,3.125,20030843.75,1546477285550.0,True
5/18/26,2026-05-18 23:50:00,76970.8,77660.2,950008,5,110008,3.125,20031278.125,1541823502303.75,True
5/19/26,2026-05-19 23:50:00,76819.7,77200.2,950150,5,110150,3.125,20031721.875,1538830864920.9375,True
5/20/26,2026-05-20 23:50:00,77458.0,77663.0,950303,5,110303,3.125,20032200.0,1551654147600.0,True
5/21/26,2026-05-21 23:50:00,77637.3,78002.0,950428,5,110428,3.125,20032590.625,1555276248130.3125,True
5/22/26,2026-05-22 23:50:00,75407.2,77787.8,950585,5,110585,3.125,20033081.25,1510638564435.0,True
5/23/26,2026-05-23 23:50:00,76633.0,77120.2,950748,5,110748,3.125,20033590.625,1535234150365.625,True
5/24/26,2026-05-24 23:50:00,77070.0,77197.7,950879,5,110879,3.125,20034000.0,1544020380000.0,True
5/25/26,2026-05-25 17:00:00,77667.2,77680.3,950981,5,110981,3.125,20034318.75,1556009441220.0,False
