timestamp,extranonce,patoshi
1231469665,4,1
1231469744,11,1
1231470173,14,1
1231470988,26,1
1231471428,32,1
1231471789,35,1
1231472369,43,1
1231472743,44,1
1231473279,52,1
1231473952,54,1
1231474360,59,1
1231474888,12,0
1231475020,60,1
1231475589,62,1
1231562746,10,1
1231562758,11,1
1231563791,13,1
1231564334,18,1
1231564974,22,1
1231565995,32,1
1231566553,37,1
1231567467,48,1
1231567611,49,1
1231568277,63,1
1231568646,65,1
1231570450,5,0
1231570573,16,0
1231601457,9,1
1231601503,13,1
1231602122,33,1
1231602736,41,1
1231603171,54,1
1231603939,56,1
1231604338,71,1
1231605153,77,1
1231605789,80,1
1231606762,87,1
1231607488,7,1
1231607511,9,1
1231608208,14,1
1231608903,18,1
1231609153,21,1
1231609477,22,1
1231610361,30,1
1231611068,33,1
1231611793,36,1
1231612888,48,1
1231613140,55,1
1231613802,58,1
1231614698,63,1
1231615503,68,1
1231616363,86,1
1231617190,97,1
1231617386,98,1
1231618509,115,1
1231618848,116,1
1231619676,122,1
1231620564,130,1
1231620928,131,1
1231621959,140,1
1231622445,146,1
1231623224,148,1
1231623880,159,1
1231624107,6,0
1231624503,161,1
1231625020,167,1
1231626072,173,1
1231626618,180,1
1231626979,181,1
1231627646,188,1
1231628459,198,1
1231629194,199,1
1231630288,1,1
1231631189,3,1
1231631822,4,1
1231632554,11,1
1231633184,14,1
1231635654,15,0
1231645607,3,1
1231646077,4,1
1231646456,5,1
1231647491,11,1
1231648583,16,1
1231649497,21,1
1231650483,25,1
1231650986,26,1
1231651888,32,1
1231652408,33,1
1231653209,34,1
1231653550,35,1
1231654229,42,1
1231654561,47,1
1231655037,48,1
1231655581,50,1
1231656204,55,1
1231657185,58,1
1231658068,62,1
1231659133,67,1
1231660146,69,1
1231660825,77,1
1231661741,78,1
1231662670,84,1
1231663467,85,1
1231664009,111,1
1231664567,121,1
1231665565,122,1
1231666285,135,1
1231667222,138,1
1231667774,143,1
1231668739,164,1
1231669673,167,1
1231670137,170,1
1231670975,171,1
1231671619,174,1
1231671963,175,1
1231672548,177,1
1231673147,184,1
1231673484,191,1
1231674557,196,1
1231675623,204,1
1231676281,209,1
1231676873,218,1
1231677823,223,1
1231678278,233,1
1231679255,237,1
1231679899,244,1
1231681965,6,1
1231682091,9,1
1231683160,12,1
1231684125,21,1
1231684725,10,0
1231685008,32,1
1231685667,33,1
1231686121,35,1
1231686376,36,1
1231686868,39,1
1231687155,41,1
1231687693,44,1
1231688158,45,1
1231689563,77,1
1231690260,78,1
1231691038,83,1
1231692104,92,1
1231693144,114,1
1231693700,135,1
1231694075,136,1
1231695120,138,1
1231695528,140,1
1231696366,145,1
1231696944,166,1
1231697621,174,1
1231698309,183,1
1231699081,185,1
1231700008,189,1
1231700434,196,1
1231700980,203,1
1231701538,210,1
1231702357,212,1
1231702618,213,1
1231703466,214,1
1231704197,217,1
1231704464,219,1
1231714917,12,0
1231715347,8,0
1231716245,1,0
1231716329,1,0
1231716711,4,0
1231717181,3,0
1231730523,1,0
1231731025,2,1
1231731401,14,1
1231731853,6,0
1231732245,21,1
1231732861,19,0
1231733876,7,1
1231735142,18,1
1231736557,22,1
1231737131,5,1
1231738005,22,1
1231739452,31,1
1231740133,40,1
1231740736,41,1
1231742062,42,1
1231742949,2,1
1231743578,17,1
1231743669,2,0
1231744600,26,1
1231744937,3,0
1231745189,11,0
1231745501,10,0
1231745534,33,1
1231747164,13,1
1231747455,15,1
1231747844,17,1
1231749225,26,1
1231750046,28,1
1231751312,31,1
1231752161,36,1
1231752757,48,1
1231753120,56,1
1231753837,59,1
1231754944,60,1
1231756296,68,1
1231756638,13,0
1231757171,70,1
1231757577,14,0
1231757909,84,1
1231758547,88,1
1231759316,90,1
1231759513,18,0
1231760107,91,1
1231760777,92,1
1231762221,103,1
1231762662,109,1
1231763114,118,1
1231764594,131,1
1231766029,133,1
1231766966,148,1
1231767990,150,1
1231768665,154,1
1231770060,158,1
1231770653,161,1
1231771213,163,1
1231771689,172,1
1231773076,177,1
1231773794,189,1
1231774735,197,1
1231775125,199,1
1231775577,201,1
1231776531,202,1
1231777403,212,1
1231778080,214,1
1231779468,216,1
1231780094,220,1
1231780771,9,0
1231781159,7,0
1231781185,221,1
1231782035,226,1
1231783052,227,1
1231783494,11,0
1231784201,228,1
1231785773,245,1
1231786898,252,1
1231787524,253,1
1231788397,254,1
1231788910,256,1
1231789563,261,1
1231790660,266,1
1231791095,277,1
1231792456,279,1
1231793759,281,1
1231795114,286,1
1231795882,290,1
1231796561,297,1
1231797290,304,1
1231798073,306,1
1231799163,310,1
1231800349,317,1
1231801541,334,1
1231802728,342,1
1231803223,344,1
1231803947,349,1
1231805421,354,1
1231805980,361,1
1231806051,36,0
1231806170,37,0
1231806964,38,0
1231807132,14,0
1231807293,369,1
1231808778,376,1
1231809900,378,1
1231810641,381,1
1231811219,392,1
1231811622,393,1
1231812926,397,1
1231813196,2,1
1231815025,7,1
1231815925,48,0
1231816169,8,1
1231817139,9,1
1231817659,13,1
1231818395,17,1
1231819157,23,1
1231820141,28,1
1231821417,43,1
1231822498,51,0
1231822967,59,1
1231823695,61,1
1231824272,63,1
1231825046,67,1
1231825707,73,1
1231826633,79,1
1231827489,82,1
1231828541,90,1
1231829183,93,1
1231829684,38,0
1231829772,94,1
1231830791,96,1
1231831694,100,1
1231832435,106,1
1231833175,111,1
1231833861,112,1
1231835108,122,1
1231835642,130,1
1231836755,136,1
1231837946,148,1
1231838493,160,1
1231839461,166,1
1231839504,36,0
1231840002,168,1
1231840140,53,0
1231841124,176,1
1231841699,177,1
1231842444,186,1
1231843597,189,1
1231844245,200,1
1231844715,128,0
1231845101,212,1
1231846048,216,1
1231846218,87,0
1231846990,218,1
1231847669,221,1
1231848372,222,1
1231849416,227,1
1231849987,243,1
1231850712,246,1
1231851531,283,1
1231851944,284,1
1231852306,96,0
1231853108,298,1
1231854172,299,1
1231854604,308,1
1231855081,312,1
1231855781,78,0
1231856031,313,1
1231856644,319,1
1231857108,326,1
1231857528,330,1
1231857859,332,1
1231858635,335,1
1231859159,343,1
1231860068,346,1
1231860987,347,1
1231861522,354,1
1231861893,357,1
1231862299,359,1
1231863290,366,1
1231864090,368,1
1231864857,372,1
1231865478,376,1
1231866358,401,1
1231866858,402,1
1231867963,403,1
1231868549,405,1
1231869577,418,1
1231870655,424,1
1231870808,124,0
1231871671,430,1
1231872516,433,1
1231872582,75,0
1231873025,12,0
1231873610,437,1
1231874201,445,1
1231875152,453,1
1231875837,459,1
1231876609,461,1
1231877248,462,1
1231878378,465,1
1231879535,471,1
1231879977,480,1
1231880431,481,1
1231880620,23,0
1231880887,482,1
1231881668,498,1
1231882823,503,1
1231883994,509,1
1231884950,513,1
1231885847,522,1
1231886424,524,1
1231886972,526,1
1231887806,533,1
1231888319,535,1
1231889357,545,1
1231890178,547,1
1231890970,560,1
1231891966,569,1
1231892936,571,1
1231893644,572,1
1231894426,574,1
1231895654,591,1
1231896614,599,1
1231897053,601,1
1231897603,609,1
1231897970,9,0
1231898331,610,1
1231898751,615,1
1231899618,617,1
1231900415,623,1
1231901339,627,1
1231902179,629,1
1231902868,636,1
1231903283,638,1
1231903835,641,1
1231904592,643,1
1231905679,672,1
1231906883,690,1
1231907580,22,0
1231907948,699,1
1231908863,702,1
1231909577,709,1
1231910433,710,1
1231910935,716,1
1231911838,64,0
1231912058,738,1
1231912565,739,1
1231912942,740,1
1231913658,132,0
1231914025,748,1
1231914168,70,0
1231914994,749,1
1231915415,43,0
1231915840,750,1
1231916533,760,1
1231917703,763,1
1231918065,767,1
1231919092,773,1
1231920354,793,1
1231920924,807,1
1231922041,820,1
1231922852,822,1
1231923141,146,0
1231923277,831,1
1231924258,48,0
1231924394,847,1
1231925298,857,1
1231926247,859,1
1231927300,866,1
1231927782,876,1
1231928740,54,0
1231928776,878,1
1231929745,886,1
1231930435,157,0
1231930862,890,1
1231931549,898,1
1231932001,903,1
1231932921,905,1
1231933666,907,1
1231934513,908,1
1231935119,920,1
1231936030,165,0
1231936485,943,1
1231937405,948,1
1231938459,952,1
1231939525,953,1
1231940169,955,1
1231941022,967,1
1231942187,975,1
1231942726,977,1
1231943274,979,1
1231943631,980,1
1231943876,76,0
1231944234,982,1
1231944562,190,0
1231944640,984,1
1231944968,80,0
1231945725,990,1
1231946092,991,1
1231947213,1001,1
1231948092,1013,1
1231948637,1017,1
1231949596,1019,1
1231950232,1023,1
1231950272,88,0
1231950841,1026,1
1231951310,1035,1
1231952108,1039,1
1231953157,1042,1
1231953545,1043,1
1231954777,1054,1
1231955305,1060,1
1231956588,1073,1
1231957046,1074,1
1231958131,1075,1
1231958892,1077,1
1231958995,17,0
1231959366,1080,1
1231959983,1101,1
1231961090,1102,1
1231962187,1114,1
1231962298,133,0
1231962666,1117,1
1231963006,1119,1
1231963103,108,0
1231963503,1120,1
1231964596,1122,1
1231965655,1134,1
1231966316,1137,1
1231966976,1138,1
1231967680,1142,1
1231968449,1145,1
1231969111,6,0
1231969575,1146,1
1231970693,1154,1
1231971788,1160,1
1231972858,1167,1
1231973609,11,0
1231973656,1176,1
1231974724,1179,1
1231975112,125,0
1231975169,1182,1
1231975547,1187,1
1231975750,240,0
1231976547,1196,1
1231977072,1199,1
1231978202,1201,1
1231979190,1210,1
1231979559,1211,1
1231980679,1221,1
1231981816,1229,1
1231982359,1242,1
1231982645,137,0
1231983047,1271,1
1231983513,1274,1
1231983986,1275,1
1231984996,1276,1
1231985645,1277,1
1231986079,1284,1
1231986958,173,0
1231987028,1294,1
1231988141,1314,1
1231989040,1315,1
1231989398,1319,1
1231989852,1324,1
1231991091,1361,1
1231991724,1366,1
1231992546,1367,1
1231992912,1369,1
1231993954,1374,1
1231994794,1383,1
1231995328,1384,1
1231995747,158,0
1231995860,1385,1
1231996652,1388,1
1231997349,1399,1
1231998512,1404,1
1231999700,1425,1
1232000330,1426,1
1232001087,1433,1
1232002235,1435,1
1232002581,1439,1
1232003453,1444,1
1232004122,1451,1
1232005462,1473,1
1232006385,1474,1
1232007119,1478,1
1232008124,1488,1
1232008622,1494,1
1232009292,1501,1
1232010280,1511,1
1232010874,1512,1
1232011955,1514,1
1232012146,183,0
1232012402,296,0
1232012460,1515,1
1232013560,1516,1
1232014595,1531,1
1232014906,110,0
1232015450,1538,1
1232015762,1539,1
1232016648,1542,1
1232017034,1543,1
1232018217,1552,1
1232018781,1553,1
1232019144,1554,1
1232020171,308,0
1232020303,1563,1
1232021565,1586,1
1232022521,1590,1
1232023318,1594,1
1232024017,1599,1
1232024561,1601,1
1232025374,1602,1
1232026445,1606,1
1232027566,1612,1
1232028405,1618,1
1232029520,1629,1
1232030354,1659,1
1232031265,1665,1
1232032416,1666,1
1232032931,1672,1
1232033622,214,0
1232033858,1675,1
1232034716,1676,1
1232035463,1691,1
1232036324,1695,1
1232036500,12,0
1232036790,1699,1
1232037121,334,0
1232038030,1709,1
1232038747,1711,1
1232039247,1713,1
1232040312,1721,1
1232041314,1734,1
1232041344,22,0
1232041720,1739,1
1232042240,1747,1
1232042393,15,0
1232043026,1749,1
1232043349,1750,1
1232044039,1757,1
1232044594,1758,1
1232045313,1761,1
1232045372,30,0
1232045504,350,0
1232046290,1764,1
1232046839,1767,1
1232047418,1770,1
1232048357,1781,1
1232049139,1782,1
1232050140,1790,1
1232050537,1791,1
1232051001,1792,1
1232051797,1799,1
1232052697,1,0
1232052762,1800,1
1232053261,1805,1
1232054174,1814,1
1232054999,1815,1
1232055703,1818,1
1232056478,1820,1
1232057250,1821,1
1232057835,1829,1
1232058216,1833,1
1232058407,51,0
1232059171,1834,1
1232060248,1839,1
1232060865,1849,1
1232061462,1855,1
1232062277,1859,1
1232063044,1860,1
1232064028,1862,1
1232064487,1866,1
1232064985,1867,1
1232065311,59,0
1232065648,1874,1
1232066137,1882,1
1232066628,1887,1
1232067816,1902,1
1232068634,1905,1
1232069443,1920,1
1232070406,21,0
1232070480,1929,1
1232070880,1934,1
1232071761,1946,1
1232072093,1947,1
1232072812,1958,1
1232073815,1975,1
1232073893,394,0
1232074147,1977,1
1232074673,7,1
1232075360,13,1
1232076911,20,1
1232077965,21,1
1232078396,25,1
1232078458,80,0
1232079036,43,0
1232079598,35,1
1232080611,36,1
1232081542,41,1
1232083261,61,1
1232084566,69,1
1232085703,72,1
1232086216,88,0
1232087115,75,1
1232088311,87,1
1232089660,90,1
1232090447,97,1
1232091328,98,1
1232092225,103,1
1232092650,104,1
1232093273,107,1
1232094155,116,1
1232095430,118,1
1232096885,128,1
1232097041,55,0
1232098329,145,1
1232098386,16,0
1232098802,152,1
1232099502,170,1
1232100266,171,1
1232100803,173,1
1232101972,181,1
1232103320,192,1
1232103990,197,1
1232104729,233,1
1232106114,248,1
1232107288,254,1
1232107813,257,1
1232108064,28,0
1232108688,265,1
1232109864,279,1
1232110073,31,0
1232110280,281,1
1232111152,285,1
1232111780,289,1
1232112566,291,1
1232113906,78,0
1232114037,292,1
1232115216,312,1
1232116727,314,1
1232118179,317,1
1232119286,5,1
1232119341,36,0
1232119917,9,1
1232120951,11,1
1232122161,12,1
1232122736,15,1
1232124164,16,1
1232125432,18,1
1232125633,91,0
1232126326,33,1
1232127258,46,1
1232128717,47,1
1232129602,49,1
1232131033,51,1
1232132250,56,0
1232132515,53,1
1232133515,100,0
1232133558,57,1
1232134449,16,0
1232134905,65,1
1232135969,67,1
1232136547,72,1
1232137444,73,1
1232138546,79,1
1232139204,83,1
1232139727,86,1
1232140366,90,1
1232141054,33,0
1232141960,131,0
1232142119,121,1
1232143308,126,1
1232144951,139,1
1232146460,140,1
1232147265,148,1
1232148780,150,1
1232150041,158,1
1232150102,40,0
1232151146,159,1
1232152343,160,1
1232152910,162,1
1232153225,124,0
1232153864,165,1
1232154634,170,1
1232155719,179,1
1232156539,182,1
1232156739,43,0
1232157221,185,1
1232158170,195,1
1232158840,151,0
1232159437,196,1
1232160698,198,1
1232161744,199,1
1232162276,201,1
1232163166,213,1
1232164242,220,1
1232164279,53,0
1232165677,225,1
1232166977,240,1
1232168140,241,1
1232168513,244,1
1232168636,66,0
1232169303,59,0
1232169696,251,1
1232171060,255,1
1232171865,257,1
1232171948,149,0
1232172535,278,1
1232173741,287,1
1232174964,288,1
1232175823,289,1
1232177092,113,0
1232177364,293,1
1232179003,317,1
1232180282,321,1
1232180428,117,0
1232180879,111,0
1232180896,112,0
1232181334,323,1
1232182083,324,1
1232183635,329,1
1232184950,341,1
1232186294,343,1
1232187625,347,1
1232188579,360,1
1232189223,367,1
1232190699,372,1
1232192234,382,1
1232193674,383,1
1232194705,387,1
1232195440,394,1
1232195855,395,1
1232196066,175,0
1232196222,397,1
1232196637,403,1
1232198028,412,1
1232198652,415,1
1232199450,423,1
1232199992,95,0
1232200390,435,1
1232201404,180,0
1232201792,448,1
1232201977,20,0
1232202799,100,0
1232203123,456,1
1232204591,458,1
1232205957,459,1
1232206467,465,1
1232206702,191,0
1232207788,474,1
1232208241,10,0
1232208484,475,1
1232209980,481,1
1232210734,110,0
1232211036,484,1
1232211605,486,1
1232212551,487,1
1232213029,114,0
1232213194,491,1
1232213554,199,0
1232214634,494,1
1232215545,507,1
1232216501,512,1
1232217508,544,1
1232218747,549,1
1232219534,550,1
1232219953,552,1
1232220551,554,1
1232221146,557,1
1232222636,571,1
1232223492,573,1
1232223930,214,0
1232224123,582,1
1232224537,212,0
1232224643,588,1
1232225685,596,1
1232226781,602,1
1232227629,613,1
1232228695,625,1
1232229891,37,0
1232230156,633,1
1232230602,635,1
1232231701,642,1
1232233355,656,1
1232234595,657,1
1232235821,662,1
1232236630,663,1
1232237414,226,0
1232238172,672,1
1232239516,677,1
1232240418,684,1
1232241151,687,1
1232242395,696,1
1232243472,714,1
1232243873,719,1
1232244658,234,0
1232244991,722,1
1232246210,727,1
1232247229,241,0
1232247477,746,1
1232249078,757,1
1232250005,771,1
1232250742,783,1
1232252254,785,1
1232252663,789,1
1232253850,791,1
1232254751,798,1
1232256159,804,1
1232257224,817,1
1232258441,836,1
1232259101,848,1
1232260301,849,1
1232261425,856,1
1232261799,858,1
1232262359,177,0
1232262719,861,1
1232262926,250,0
1232263401,862,1
1232264942,866,1
1232266126,887,1
1232267105,890,1
1232268076,893,1
1232269231,901,1
1232270118,918,1
1232271496,922,1
1232272930,928,1
1232273473,930,1
1232274205,932,1
1232275311,262,0
1232275729,938,1
1232277180,939,1
1232278193,941,1
1232279463,953,1
1232280145,959,1
1232280459,112,0
1232281585,972,1
1232281621,270,0
1232282025,973,1
1232282850,974,1
1232284184,978,1
1232285076,979,1
1232286406,982,1
1232286892,120,0
1232287750,985,1
1232288629,276,0
1232288674,986,1
1232289711,992,1
1232290270,995,1
1232290924,1003,1
1232291413,1004,1
1232292231,1007,1
1232293348,1012,1
1232294096,110,0
1232294687,1020,1
1232295430,1024,1
1232296490,1028,1
1232296937,116,0
1232298030,1032,1
1232298650,1040,1
1232299798,1044,1
1232301208,1049,1
1232301593,1055,1
1232302140,1060,1
1232303074,1063,1
1232303210,221,0
1232303636,1065,1
1232304668,1070,1
1232306174,1073,1
1232306686,1084,1
1232306853,226,0
1232307189,302,0
1232307944,1087,1
1232308979,1089,1
1232309501,1093,1
1232309637,232,0
1232309875,1097,1
1232311132,1098,1
1232312064,1106,1
1232312474,236,0
1232313148,1108,1
1232313891,1113,1
1232315215,1118,1
1232315776,1126,1
1232316261,1130,1
1232316437,157,0
1232316957,164,0
1232317580,1137,1
1232317818,306,0
1232318024,246,0
1232319062,1148,1
1232319910,1149,1
1232321408,1157,1
1232321869,1158,1
1232322800,165,0
1232323275,1160,1
1232323703,314,0
1232323869,1176,1
1232325165,1184,1
1232325821,1194,1
1232326840,1197,1
1232327230,1198,1
1232328352,1199,1
1232329010,1205,1
1232329529,1222,1
1232330208,1225,1
1232331030,1226,1
1232332553,1229,1
1232333325,1230,1
1232334078,178,0
1232334867,1237,1
1232335733,1241,1
1232336991,1246,1
1232338277,1247,1
1232338844,42,0
1232339172,1251,1
1232339501,176,0
1232340412,1253,1
1232340645,347,0
1232341883,1257,1
1232342619,1259,1
1232343383,1264,1
1232343956,279,0
1232344227,349,0
1232344489,193,0
1232344831,1272,1
1232345150,195,0
1232345400,1274,1
1232345881,56,0
1232346443,286,0
1232346882,1277,1
1232347786,1279,1
1232348906,1305,1
1232349972,290,0
1232350152,1306,1
1232351523,1314,1
1232352703,1325,1
1232353666,1332,1
1232354420,1333,1
1232355137,1342,1
1232355307,207,0
1232356168,1343,1
1232357462,1344,1
1232358388,1346,1
1232359280,222,0
1232359489,1353,1
1232360852,1360,1
1232361382,1379,1
1232361706,366,0
1232363330,1421,1
1232364571,1423,1
1232365709,1430,1
1232366060,1431,1
1232366096,378,0
1232367378,1439,1
1232367968,373,0
1232368368,1440,1
1232368720,223,0
1232369020,383,0
1232369217,1441,1
1232370113,1445,1
1232370432,89,0
1232371508,1446,1
1232372928,1447,1
1232373619,1457,1
1232374825,1459,1
1232376067,1463,1
1232376733,1465,1
1232377504,1470,1
1232378244,1474,1
1232379081,1500,1
1232380221,1512,1
1232380348,390,0
1232381185,1514,1
1232382527,1519,1
1232383834,1520,1
1232384317,1524,1
1232385004,1531,1
1232385556,1535,1
1232386339,1536,1
1232387586,1538,1
1232388432,1546,1
1232388789,1548,1
1232389749,1549,1
1232390294,1552,1
1232391642,1554,1
1232392372,1562,1
1232393819,1564,1
1232394221,1569,1
1232395609,1582,1
1232395715,414,0
1232396552,415,0
1232396840,1599,1
1232397012,413,0
1232397730,1606,1
1232398150,419,0
1232398573,1616,1
1232399182,1617,1
1232399947,261,0
1232399994,1620,1
1232401220,1631,1
1232402234,1636,1
1232402972,1643,1
1232403570,1654,1
1232404725,1657,1
1232404884,285,0
1232406007,1670,1
1232406728,1695,1
1232407662,1696,1
1232408570,1713,1
1232409668,1717,1
1232410217,1727,1
1232410784,1734,1
1232411392,66,0
1232411662,1736,1
1232412891,1737,1
1232413730,1742,1
1232414993,1743,1
1232415023,279,0
1232415903,1763,1
1232416696,1764,1
1232417465,301,0
1232417578,1775,1
1232418698,437,0
1232418765,444,0
1232419059,1793,1
1232419724,385,0
1232420523,1796,1
1232421724,1813,1
1232423197,1817,1
1232424389,1825,1
1232425169,1827,1
1232425368,290,0
1232425891,1832,1
1232426395,1833,1
1232427022,449,0
1232427360,1842,1
1232427447,457,0
1232427802,1843,1
1232428878,1845,1
1232429699,1848,1
1232431122,1850,1
1232431779,1851,1
1232431889,323,0
1232432828,174,0
1232432915,1858,1
1232434247,460,0
1232434318,1870,1
1232434771,1873,1
1232435075,408,0
1232436132,1878,1
1232436493,1881,1
1232437702,1885,1
1232437709,306,0
1232438477,1887,1
1232439045,414,0
1232439599,1891,1
1232440636,1893,1
1232441857,1902,1
1232443220,1904,1
1232443888,1908,1
1232444353,1911,1
1232445128,1917,1
1232446711,1927,1
1232448076,1934,1
1232448994,195,0
1232449155,196,0
1232449624,1941,1
1232450639,1945,1
1232451465,428,0
1232452108,1949,1
1232453184,1963,1
1232454225,1964,1
1232454851,493,0
1232455094,433,0
1232455240,1974,1
1232456479,1983,1
1232457025,1987,1
1232458200,1992,1
1232459287,1998,1
1232459495,328,0
1232460645,2000,1
1232461912,2002,1
1232462603,503,0
1232463379,2005,1
1232463836,2008,1
1232465269,2025,1
1232466217,2032,1
1232466915,2037,1
1232467760,2041,1
1232467835,470,0
1232468329,2043,1
1232469448,2045,1
1232469804,2046,1
1232470806,2047,1
1232472056,2059,1
1232473286,2063,1
1232474035,2064,1
1232474926,2067,1
1232476054,2069,1
1232476860,2083,1
1232477955,2089,1
1232478569,482,0
1232479216,2093,1
1232480358,2095,1
1232481678,2096,1
1232482818,2113,1
1232483653,2120,1
1232483950,387,0
1232484296,489,0
1232484648,2122,1
1232485760,2132,1
1232486925,2136,1
1232487639,2138,1
1232488392,2141,1
1232489051,2150,1
1232489717,2168,1
1232490443,2173,1
1232490969,2177,1
1232492251,2179,1
1232493570,2188,1
1232494808,2191,1
1232495125,13,0
1232495699,2195,1
1232496082,2199,1
1232496380,546,0
1232497364,2201,1
1232497626,505,0
1232498519,2203,1
1232498953,2209,1
1232500435,2215,1
1232501684,2225,1
1232502483,2227,1
1232503773,2232,1
1232504229,2234,1
1232505060,2237,1
1232505102,267,0
1232505800,2238,1
1232506171,15,0
1232506968,2243,1
1232507902,2244,1
1232509364,2255,1
1232510363,2262,1
1232510782,2270,1
1232511863,566,0
1232512266,2273,1
1232512290,524,0
1232513029,428,0
1232513643,379,0
1232514395,430,0
1232515122,2287,1
1232515789,2289,1
1232517300,2291,1
1232518399,2297,1
1232519561,2304,1
1232520307,2317,1
1232521228,2319,1
1232521768,388,0
1232521905,2320,1
1232522562,2324,1
1232523624,2335,1
1232524332,2341,1
1232525373,2343,1
1232526312,585,0
1232526531,2344,1
1232527002,2345,1
1232528367,2350,1
1232529202,2353,1
1232530568,2356,1
1232530978,2364,1
1232531092,62,0
1232532040,2378,1
1232533088,400,0
1232533191,2383,1
1232534263,2390,1
1232534559,597,0
1232534903,2396,1
1232536053,2401,1
1232537103,406,0
1232537608,2413,1
1232538338,2414,1
1232539161,2417,1
1232540048,2421,1
1232541482,2428,1
1232541682,465,0
1232542450,48,0
1232542744,2430,1
1232543180,2433,1
1232544393,2456,1
1232544902,2468,1
1232544961,418,0
1232546133,2472,1
1232547461,2480,1
1232548009,554,0
1232548606,2486,1
1232550102,2487,1
1232550879,2490,1
1232551290,478,0
1232551405,2502,1
1232551496,331,0
1232551580,6,0
1232552428,2522,1
1232553288,2524,1
1232553971,2528,1
1232554909,2546,1
1232555808,2550,1
1232556771,487,0
1232557240,2551,1
1232558225,2552,1
1232558706,2556,1
1232560088,2557,1
1232560551,2558,1
1232561773,2563,1
1232562833,2564,1
1232563152,19,0
1232563860,20,0
1232564096,2572,1
1232564683,2576,1
1232566050,2590,1
1232566646,24,0
1232566708,2591,1
1232567652,2602,1
1232568080,2607,1
1232569600,2610,1
1232570736,2612,1
1232571438,2614,1
1232582734,119,0
1232587968,585,0
1232591800,32,0
1232592232,122,0
1232594123,16,1
1232594915,17,1
1232595648,42,1
1232596362,43,1
1232597716,47,1
1232598859,56,1
1232599853,59,1
1232600439,70,1
1232601901,74,1
1232602728,521,0
1232603229,78,1
1232604290,79,1
1232605860,86,1
1232606990,90,1
1232607419,92,1
1232608332,95,1
1232609442,669,0
1232609747,105,1
1232610329,106,1
1232611761,121,1
1232612478,130,1
1232613826,136,1
1232615288,149,1
1232615832,150,1
1232617333,156,1
1232618740,159,1
1232619577,164,1
1232620132,166,1
1232620874,181,1
1232621997,185,1
1232623267,192,1
1232623960,195,1
1232625123,196,1
1232626023,156,0
1232626632,199,1
1232627210,214,1
1232628826,237,1
1232629728,238,1
1232631018,254,1
1232631547,258,1
1232632496,259,1
1232633711,262,1
1232633898,165,0
1232634666,268,1
1232635880,272,1
1232637235,273,1
1232638301,276,1
1232639155,278,1
1232640471,281,1
1232641365,291,1
1232641950,301,1
1232642922,304,1
1232643036,85,0
1232643990,316,1
1232645196,320,1
1232646520,328,1
1232647460,334,1
1232648310,335,1
1232649772,337,1
1232650273,339,1
1232650833,342,1
1232652104,348,1
1232652455,350,1
1232653621,373,1
1232654110,375,1
1232654654,376,1
1232655076,377,1
1232655600,378,1
1232656107,388,1
1232657552,390,1
1232658776,392,1
1232659717,2,0
1232660232,394,1
1232661715,402,1
1232662125,409,1
1232663126,424,1
1232663205,729,0
1232664261,435,1
1232664345,109,0
1232665064,445,1
1232666052,447,1
1232666501,451,1
1232667108,469,1
1232667399,206,0
1232668013,475,1
1232668039,16,0
1232668740,478,1
1232669186,18,0
1232673973,600,0
1232682580,602,0
1232696035,214,0
1232696915,604,0
1232697911,12,0
1232698876,13,0
1232703311,607,0
1232707975,6,0
1232708727,220,0
1232709019,221,0
1232721688,222,0
1232723624,223,0
1232726353,7,1
1232726498,20,1
1232726853,21,1
1232727181,15,1
1232728212,19,1
1232728278,25,1
1232728810,30,1
1232728843,40,1
1232729089,25,0
1232729315,199,0
1232729603,63,1
1232729636,47,1
1232730677,29,0
1232730965,73,1
1232731121,78,1
1232731481,83,1
1232732329,83,1
1232732444,630,0
1232732779,86,1
1232732834,87,1
1232733269,89,1
1232733831,90,1
1232734008,87,1
1232734485,88,1
1232735014,91,1
1232735260,779,0
1232735393,97,1
1232736096,100,1
1232736460,105,1
1232736691,93,1
1232737826,112,1
1232738035,98,1
1232738782,113,1
1232739170,105,1
1232739702,114,1
1232740288,106,1
1232741127,119,1
1232741180,118,1
1232741593,124,1
1232741710,120,1
1232742205,794,0
1232742800,125,1
1232742894,125,1
1232743265,129,1
1232743750,130,1
1232743852,130,1
1232744713,137,1
1232745465,152,1
1232745880,156,1
1232746252,149,1
1232746600,160,1
1232747439,156,1
1232747990,176,1
1232748088,158,1
1232748657,167,1
1232749060,178,1
1232749475,179,1
1232749987,182,1
1232750164,169,1
1232750857,174,1
1232751181,222,1
1232751868,184,1
1232752262,187,1
1232752553,229,1
1232752933,188,1
1232753217,230,1
1232753594,196,1
1232753723,235,1
1232754681,208,1
1232754989,238,1
1232755162,216,1
1232755796,826,0
1232755814,239,1
1232756228,227,1
1232756930,240,1
1232757381,229,1
1232757937,234,1
1232758347,241,1
1232758586,236,1
1232759135,834,0
1232759222,246,1
1232759294,237,1
1232760507,245,1
1232760541,259,1
1232761479,257,1
1232761623,262,1
1232761985,841,0
1232762084,101,0
1232762360,270,1
1232762404,268,1
1232763131,272,1
1232763740,273,1
1232763992,284,1
1232764687,276,1
1232765208,295,1
1232765401,287,1
1232766170,300,1
1232766818,290,1
1232767188,302,1
1232767809,293,1
1232768195,300,1
1232768255,303,1
1232769322,308,1
1232769467,304,1
1232770617,310,1
1232770666,312,1
1232771110,311,1
1232771304,721,0
1232771489,312,1
1232771864,315,1
1232772755,314,1
1232772878,316,1
1232773213,317,1
1232773342,338,0
1232773505,34,0
1232773859,330,1
1232774370,335,1
1232774634,318,1
1232775734,337,1
1232775905,320,1
1232776000,345,0
1232776139,130,0
1232776178,42,0
1232776660,326,1
1232777194,338,1
1232777689,880,0
1232778050,344,1
1232778415,341,1
1232778966,359,1
1232779033,366,1
1232780414,369,1
1232780448,362,1
1232781335,378,1
1232781835,372,1
1232781891,393,1
1232782275,400,1
1232782688,374,1
1232783207,405,1
1232783391,375,1
1232783826,379,1
1232784389,381,1
1232784479,408,1
1232785180,386,1
1232785470,409,1
1232786182,399,1
1232786571,417,1
1232787191,412,1
1232787575,761,0
1232787707,420,1
1232788103,416,1
1232789228,423,1
1232789366,419,1
1232790057,428,1
1232790640,432,1
1232790785,427,1
1232791374,432,1
1232792026,435,1
1232792285,447,1
1232793306,436,1
1232793809,460,1
1232793929,442,1
1232794965,471,1
1232795437,444,1
1232796127,473,1
1232796149,450,1
1232796353,920,0
1232796676,463,1
1232797254,475,1
1232797567,173,0
1232797851,486,1
1232797921,466,1
1232798540,785,0
1232798648,487,1
1232799318,471,1
1232799566,493,1
1232800033,478,1
1232800443,401,0
1232800567,506,1
1232801442,482,1
1232801781,404,0
1232801868,507,1
1232802907,488,1
1232803272,509,1
1232803931,511,1
1232804026,489,1
1232804667,512,1
1232805403,490,1
1232805920,514,1
1232806753,493,1
1232807150,520,1
1232807280,500,1
1232807458,417,0
1232808014,515,1
1232808373,523,1
1232809000,516,1
1232809391,524,1
1232810343,519,1
1232810554,525,1
1232810846,424,0
1232811054,532,1
1232811403,536,1
1232811837,542,1
1232811911,529,1
1232812543,533,1
1232812933,544,1
1232813503,539,1
1232813902,547,1
1232814046,26,0
1232814699,541,1
1232815318,568,1
1232816026,576,1
1232816202,547,1
1232816384,578,1
1232816840,549,1
1232817138,970,0
1232817462,583,1
1232818104,553,1
1232818591,587,1
1232819209,554,1
1232819555,596,1
1232820029,555,1
1232820444,447,0
1232820620,610,1
1232820953,569,1
1232821124,614,1
1232821811,615,1
1232821979,570,1
1232822428,572,1
1232823104,579,1
1232823489,633,1
1232824248,634,1
1232824557,52,0
1232824705,591,1
1232825250,636,1
1232825531,596,1
1232825619,638,1
1232826987,603,1
1232827014,640,1
1232827973,605,1
1232828475,644,1
1232829097,606,1
1232829764,650,1
1232829787,612,1
1232830642,618,1
1232830901,655,1
1232831327,642,1
1232831854,666,1
1232832150,666,1
1232832723,670,1
1232833428,668,1
1232833559,12,0
1232833881,677,1
1232834181,69,0
1232834269,681,1
1232835124,687,1
1232835381,678,1
1232835785,691,1
1232836202,699,1
1232836677,683,1
1232836905,74,0
1232836928,706,1
1232837279,707,1
1232837484,687,1
1232837961,712,1
1232838415,26,0
1232838553,718,1
1232838737,689,1
1232839007,724,1
1232839574,725,1
1232839762,690,1
1232840964,733,1
1232841371,710,1
1232841849,711,1
1232841922,35,0
1232842109,192,0
1232842441,739,1
1232842734,712,1
1232842943,740,1
1232842995,469,0
1232843673,730,1
1232844161,757,1
1232844253,733,1
1232845258,759,1
1232845577,734,1
1232845992,739,1
1232846597,752,1
1232846619,770,1
1232847495,774,1
1232847539,765,1
1232848378,766,1
1232848484,780,1
1232849444,785,1
1232849688,767,1
1232850182,770,1
1232850362,792,1
1232850896,775,1
1232851095,793,1
1232852058,782,1
1232852525,783,1
1232852609,799,1
1232853066,785,1
1232853740,17,0
1232854048,800,1
1232854459,789,1
1232854493,812,1
1232855270,816,1
1232855600,799,1
1232856560,824,1
1232856752,804,1
1232857245,830,1
1232857303,805,1
1232858001,843,1
1232858168,814,1
1232858396,539,0
1232858509,847,1
1232858543,816,1
1232858639,131,0
1232858888,848,1
1232859938,819,1
1232860046,849,1
1232860318,546,0
1232860485,820,1
1232861276,822,1
1232861562,851,1
1232862066,857,1
1232862513,824,1
1232862892,858,1
1232863386,827,1
1232863843,861,1
1232864255,862,1
1232864396,828,1
1232865177,868,1
1232865328,839,1
1232866247,869,1
1232866719,841,1
1232867061,561,0
1232867239,874,1
1232867752,875,1
1232868076,846,1
1232868962,879,1
1232869567,848,1
1232870333,882,1
1232871091,854,1
1232871155,569,0
1232871305,891,1
1232872523,862,1
1232872780,904,1
1232873510,878,1
1232874053,911,1
1232874314,880,1
1232874427,913,1
1232875103,930,1
1232875621,100,0
1232875638,885,1
1232876353,888,1
1232876386,946,1
1232877332,898,1
1232877629,948,1
1232878590,106,0
1232878712,904,1
1232878822,953,1
1232879365,109,0
1232879731,955,1
1232880259,916,1
1232880599,963,1
1232881342,966,1
1232881769,917,1
1232882841,971,1
1232883142,923,1
1232883495,925,1
1232883618,975,1
1232884310,980,1
1232884421,927,1
1232885095,10,0
1232885293,988,1
1232885768,939,1
1232886407,944,1
1232886578,989,1
1232887213,957,1
1232887868,996,1
1232888092,17,0
1232888375,961,1
1232889114,997,1
1232889417,970,1
1232889706,1003,1
1232890344,973,1
1232890993,1009,1
1232891366,981,1
1232891596,1011,1
1232892359,983,1
1232892878,984,1
1232893003,1013,1
1232893362,991,1
1232894461,1038,1
1232894821,1039,1
1232895832,1008,1
1232896069,1047,1
1232896695,1017,1
1232897146,1049,1
1232898124,1054,1
1232898170,1020,1
1232899409,1024,1
1232899717,1068,1
1232900291,1075,1
1232900700,1044,1
1232901704,1063,1
1232901798,1078,1
1232902463,1070,1
1232903032,1073,1
1232903268,1089,1
1232903973,1080,1
1232904796,1093,1
1232905381,1082,1
1232905818,1099,1
1232906742,1083,1
1232907213,1106,1
1232907302,1105,1
1232908333,1112,1
1232908821,1108,1
1232908937,1119,1
1232909136,1036,0
1232909239,1111,1
1232909279,81,0
1232909634,1114,1
1232909862,1121,1
1232910591,1115,1
1232911155,653,0
1232911376,1125,1
1232911850,1118,1
1232912933,1138,1
1232913022,1119,1
1232913846,1139,1
1232914343,1120,1
1232914637,1141,1
1232915500,1123,1
1232915701,1142,1
1232916282,663,0
1232916341,1145,1
1232917006,1125,1
1232917351,1129,1
1232917655,1148,1
1232917716,12,0
1232917812,1134,1
1232919013,1151,1
1232919338,1151,1
1232919999,1159,1
1232920337,1164,1
1232920737,1181,1
1232920843,1172,1
1232921243,1188,1
1232922081,1173,1
1232922677,1195,1
1232923424,1178,1
1232923646,1196,1
1232923798,1179,1
1232924068,1200,1
1232924487,1184,1
1232924933,1186,1
1232925274,1202,1
1232925824,1195,1
1232925868,1211,1
1232927244,1215,1
1232927475,1213,1
1232928199,1225,1
1232928363,121,0
1232928841,1230,1
1232929063,1224,1
1232929492,1238,1
1232929570,1234,1
1232930881,1247,1
1232930957,1238,1
1232931441,287,0
1232931571,1241,1
1232931726,1259,1
1232932639,1276,1
1232932913,1247,1
1232933626,1281,1
1232934047,1283,1
1232934385,1255,1
1232934584,1285,1
1232935690,1256,1
1232936052,1292,1
1232936568,1293,1
1232937232,1266,1
1232938161,1305,1
1232938715,1273,1
1232938776,1307,1
1232939796,1308,1
1232940072,1278,1
1232940382,1312,1
1232940695,1286,1
1232940769,1318,1
1232941430,1292,1
1232941928,1321,1
1232942118,1303,1
1232942668,1304,1
1232943270,1311,1
1232943420,1325,1
1232944634,1338,1
1232944679,1318,1
1232944937,727,0
1232945096,1320,1
1232946035,1361,1
1232946068,1346,1
1232946143,731,0
1232947277,1352,1
1232947417,1364,1
1232948565,1359,1
1232948917,1375,1
1232948973,164,0
1232949913,1403,1
1232950013,1386,1
1232950123,28,0
1232950298,1408,1
1232950822,1410,1
1232951326,1418,1
1232960632,332,0
1232972398,1,0
1232974414,2,0
1232976840,334,0
1232979519,4,0
1232982699,5,1
1232983925,7,1
1232984571,338,0
1232985359,8,1
1232986001,15,1
1232986974,38,1
1232987968,42,1
1232989459,44,1
1232990915,162,0
1232990956,55,1
1232991559,66,1
1232993005,67,1
1232994159,85,1
1232995642,96,1
1232996097,9,0
1232996393,1149,0
1232996999,100,1
1232997468,764,0
1232998139,105,1
1232998843,112,1
1232999321,118,1
1233000704,119,1
1233001397,120,1
1233002751,127,1
1233004161,130,1
1233004797,132,1
1233005690,181,0
1233005789,137,1
1233007101,139,1
1233007640,141,1
1233008892,143,1
1233009315,154,1
1233010123,163,1
1233010905,165,1
1233011449,168,1
1233012526,169,1
1233013503,174,1
1233014006,177,1
1233015153,187,1
1233016590,189,1
1233018069,199,1
1233018927,235,1
1233019380,236,1
1233019411,12,0
1233020036,240,1
1233021443,243,1
1233021449,2,0
1233022673,252,1
1233023875,18,0
1233023940,255,1
1233024771,22,0
1233025028,257,1
1233025446,258,1
1233026468,259,1
1233027026,274,1
1233027974,282,1
1233028543,286,1
1233029092,29,0
1233029617,288,1
1233030130,293,1
1233030521,299,1
1233030995,306,1
1233031902,307,1
1233032710,316,1
1233033868,318,1
1233034738,319,1
1233036022,338,1
1233036778,346,1
1233037179,350,1
1233037928,356,1
1233038572,358,1
1233040087,365,1
1233040455,370,1
1233041720,382,1
1233042909,384,1
1233043745,824,0
1233044368,386,1
1233044877,397,1
1233046339,407,1
1233046715,411,1
1233047861,423,1
1233049009,436,1
1233049321,48,0
1233050243,439,1
1233051397,445,1
1233051777,452,1
1233052325,453,1
1233053576,456,1
1233055146,466,1
1233056326,469,1
1233057128,485,1
1233058577,500,1
1233060081,505,1
1233061610,508,1
1233061996,510,1
1233063531,514,1
1233064909,519,1
1233065969,522,1
1233067200,523,1
1233067896,524,1
1233069492,533,1
1233070577,550,1
1233071124,558,1
1233071846,571,1
1233072349,260,0
1233072736,576,1
1233073401,577,1
1233074381,578,1
1233075396,588,1
1233076194,598,1
1233076902,66,0
1233077647,621,1
1233077691,84,0
1233079177,631,1
1233079704,632,1
1233080449,635,1
1233081411,637,1
1233082090,866,0
1233082787,640,1
1233083496,641,1
1233084760,645,1
1233086256,649,1
1233087451,653,1
1233088782,655,1
1233090084,658,1
1233090420,661,1
1233091616,662,1
1233092834,666,1
1233094197,670,1
1233094970,680,1
1233096784,714,1
1233097264,715,1
1233098300,727,1
1233099762,728,1
1233100473,741,1
1233101195,744,1
1233101789,750,1
1233103080,752,1
1233104457,759,1
1233105973,762,1
1233106479,769,1
1233106632,13,0
1233107385,771,1
1233108319,785,1
1233109856,792,1
1233111222,794,1
1233112769,814,1
1233113945,816,1
1233114626,820,1
1233114740,49,0
1233115662,831,1
1233116687,832,1
1233117486,835,1
1233118271,837,1
1233118992,847,1
1233120156,849,1
1233121259,861,1
1233122293,906,0
1233122770,866,1
1233123994,875,1
1233124789,878,1
1233125385,882,1
1233126722,883,1
1233127451,884,1
1233127813,120,0
1233127920,888,1
1233128242,59,0
1233128367,901,1
1233128620,61,0
1233129201,903,1
1233130235,904,1
1233131690,907,1
1233132655,912,1
1233133172,917,1
1233133818,918,1
1233134558,921,1
1233135169,923,1
1233136510,929,1
1233136693,41,0
1233136967,22,0
1233137736,933,1
1233138292,44,0
1233138860,942,1
1233138968,54,0
1233139393,945,1
1233140826,952,1
1233142232,953,1
1233142955,936,0
1233143102,958,1
1233144297,966,1
1233145769,973,1
1233146515,976,1
1233147840,980,1
1233148853,8,0
1233149308,981,1
1233149370,944,0
1233149937,86,0
1233150472,985,1
1233150956,13,0
1233151346,986,1
1233151723,987,1
1233152466,989,1
1233153416,1017,1
1233154299,1021,1
1233155233,1032,1
1233155676,1036,1
1233156053,955,0
1233157885,1,1
1233158639,18,1
1233159248,24,0
1233159589,41,1
1233161093,6,1
1233161650,9,1
1233162493,17,1
1233163997,19,1
1233164141,58,0
1233165291,22,1
1233166253,23,1
1233166970,27,1
1233168441,34,1
1233169885,40,1
1233170232,42,1
1233171142,54,1
1233171952,88,1
1233172816,95,1
1233173885,99,1
1233174154,59,0
1233174253,93,0
1233174913,121,1
1233175845,125,1
1233176191,128,1
1233177534,46,0
1233177747,137,1
1233177935,982,0
1233178111,138,1
1233179117,141,1
1233180432,142,1
1233180845,51,0
1233181411,147,1
1233182051,162,1
1233182212,111,0
1233183087,165,1
1233183709,235,0
1233184687,178,1
1233184909,115,0
1233185499,188,1
1233187130,201,1
1233187661,213,1
1233188285,220,1
1233189587,222,1
1233190781,228,1
1233192518,11,0
1233193724,4,1
1233194849,7,1
1233195288,8,1
1233195905,88,0
1233196058,9,1
1233197315,90,0
1233197335,11,1
1233198715,12,1
1233200051,14,1
1233201115,15,1
1233202433,20,1
1233202869,96,0
1233203788,23,1
1233204480,77,0
1233205135,28,1
1233206473,30,1
1233207532,224,0
1233207720,81,0
1233207804,39,1
1233208978,40,1
1233209561,50,1
1233209937,52,1
1233211327,61,1
1233212106,63,1
1233213283,88,0
1233213742,84,1
1233214942,85,1
1233215459,98,1
1233216865,99,1
1233217662,111,1
1233217787,154,0
1233218305,117,1
1233219365,96,0
1233219428,119,1
1233219856,124,1
1233221099,133,1
1233222060,43,0
1233222165,135,1
1233222492,58,0
1233222520,33,0
1233223216,140,1
1233223458,105,0
1233223603,143,1
1233224434,145,1
1233225567,152,1
1233227044,156,1
1233227246,1047,0
1233228427,172,1
1233228873,174,1
1233229465,177,1
1233229961,185,1
1233229987,296,0
1233230467,186,1
1233231341,187,1
1233232637,189,1
1233234130,9,0
1233234173,193,1
1233235063,181,0
1233235340,200,1
1233235713,203,1
1233236546,209,1
1233236815,18,0
1233237180,210,1
1233237603,212,1
1233238084,218,1
1233238400,219,1
1233239252,222,1
1233240494,232,1
1233241398,233,1
1233242823,235,1
1233242933,27,0
1233244418,255,1
1233244812,92,0
1233245079,262,1
1233245164,94,0
1233246251,266,1
1233246870,83,0
1233246986,34,0
1233247146,275,1
1233247374,99,0
1233248119,87,0
1233248343,276,1
1233248715,13,0
1233248908,279,1
1233250299,280,1
1233251285,283,1
1233251693,79,0
1233252794,288,1
1233253128,37,0
1233253190,290,1
1233254057,296,1
1233255392,301,1
1233256199,305,1
1233257424,1094,0
1233257635,309,1
1233258943,310,1
1233259348,53,0
1233259788,342,0
1233260303,313,1
1233261250,106,0
1233261848,320,1
1233262711,321,1
1233262774,51,0
1233263841,325,1
1233264990,328,1
1233265782,352,1
1233266839,38,0
1233266962,358,1
1233268037,361,1
1233268548,366,1
1233269700,372,1
1233269891,320,0
1233270775,382,1
1233271777,383,1
1233272316,389,1
1233273125,21,0
1233273883,397,1
1233274333,1119,0
1233274670,401,1
1233274769,51,0
1233275497,407,1
1233275907,409,1
1233277239,413,1
1233277280,29,0
1233277983,333,0
1233277937,424,1
1233278545,429,1
1233279118,83,0
1233280035,432,1
1233280383,433,1
1233281887,436,1
1233283051,41,0
1233283066,437,1
1233283614,443,1
1233283986,445,1
1233285293,446,1
1233285837,448,1
1233287416,469,1
1233288050,470,1
1233289492,472,1
1233290104,1142,0
1233290818,476,1
1233291214,479,1
1233291610,483,1
1233292771,485,1
1233294034,534,1
1233294675,392,0
1233295202,544,1
1233295681,545,1
1233296767,560,1
1233296826,158,0
1233297246,561,1
1233298610,566,1
1233299299,569,1
1233300285,400,0
1233300515,573,1
1233301019,586,1
1233301391,89,0
1233302359,587,1
1233302764,596,1
1233304178,598,1
1233304331,407,0
1233304941,605,1
1233306504,616,1
1233307475,620,1
1233308258,97,0
1233308687,412,0
1233308894,628,1
1233310222,650,1
1233310882,652,1
1233310956,4,0
1233312251,658,1
1233313208,665,1
1233314376,668,1
1233315226,672,1
1233315661,673,1
1233316553,701,1
1233317259,702,1
1233318079,424,0
1233318413,703,1
1233318546,1182,0
1233319769,704,1
1233320064,203,0
1233320510,710,1
1233320648,13,0
1233321007,711,1
1233321637,1188,0
1233321795,1189,0
1233322450,714,1
1233322797,22,0
1233323810,715,1
1233324226,720,1
1233324849,725,1
1233325272,726,1
1233325675,440,0
1233326806,734,1
1233328326,745,1
1233328994,753,1
1233330317,755,1
1233331961,771,1
1233332825,775,1
1233333720,778,1
1233334939,787,1
1233335502,790,1
1233336378,802,1
1233337616,804,1
1233337915,1208,0
1233338546,817,1
1233339250,835,1
1233340229,845,1
1233340696,847,1
1233341638,861,1
1233342970,864,1
1233343630,874,1
1233344206,423,0
1233344703,876,1
1233345496,883,1
1233346275,463,0
1233347106,903,1
1233347828,920,1
1233348439,928,1
1233349155,933,1
1233350210,948,1
1233350963,952,1
1233352257,956,1
1233355442,6,1
1233355774,7,1
1233355850,248,0
1233355986,249,0
1233356505,8,1
1233357411,12,1
1233358899,14,1
1233359337,26,1
1233360098,28,1
1233360910,1236,0
1233361131,19,0
1233361358,44,1
1233362307,45,1
1233362855,46,1
1233363475,47,1
1233364566,50,1
1233366107,54,1
1233367250,61,1
1233367995,6,1
1233368704,10,1
1233369028,11,1
1233369789,12,1
1233370144,17,1
1233370317,48,0
1233370992,495,0
1233371264,21,1
1233372587,29,1
1233373129,36,0
1233373489,35,1
1233374826,40,1
1233375387,50,1
1233376208,54,1
1233377400,55,1
1233378164,64,1
1233379552,65,1
1233380038,67,1
1233380497,68,1
1233381091,508,0
1233381760,79,1
1233383180,84,1
1233383847,89,1
1233385305,91,1
1233385844,1269,0
1233386287,97,1
1233386916,102,1
1233387696,106,1
1233388584,107,1
1233389217,108,1
1233389946,116,1
1233391044,58,0
1233391238,119,1
1233391651,120,1
1233392709,126,1
1233393762,134,1
1233394600,79,0
1233395159,142,1
1233395636,150,1
1233396353,303,0
1233396663,153,1
1233396932,530,0
1233397432,159,1
1233398636,160,1
1233399182,162,1
1233399927,169,1
1233400547,297,0
1233401176,171,1
1233401729,312,0
1233401748,174,1
1233401991,93,0
1233402657,176,1
1233402878,2,0
1233403799,180,1
1233404769,183,1
1233404813,82,0
1233405296,184,1
1233406073,192,1
1233406751,196,1
1233407138,86,0
1233407374,204,1
1233408365,205,1
1233409151,213,1
1233409932,225,1
1233410203,553,0
1233411180,227,1
1233411304,330,0
1233412537,233,1
1233412920,236,1
1233413501,238,1
1233413882,334,0
1233414452,239,1
1233414798,336,0
1233415407,525,0
1233415848,241,1
1233417115,244,1
1233417484,3,0
1233417537,566,0
1233418441,252,1
1233418917,253,1
1233419446,261,1
1233419998,275,1
1233420885,109,0
1233421196,287,1
1233421233,9,0
1233421620,10,0
1233421641,1331,0
1233421975,296,1
1233422559,15,0
1233422605,303,1
1233423161,341,0
1233423772,304,1
1233424184,307,1
1233424419,454,0
1233425571,321,1
1233426718,324,1
1233427056,1341,0
1233427047,22,0
1233427676,3,0
1233427791,325,1
1233428244,328,1
1233428358,1346,0
1233428912,555,0
1233429555,331,1
1233430684,335,1
1233431205,339,1
1233432030,340,1
1233432682,347,1
1233433093,350,1
1233434034,35,0
1233434357,352,1
1233435034,354,1
1233435545,367,1
1233436290,368,1
1233437080,369,1
1233437971,387,1
1233438589,393,1
1233440022,398,1
1233440429,401,1
1233441464,402,1
1233442026,1366,0
1233442096,403,1
1233442629,405,1
1233444068,408,1
1233444755,614,0
1233445356,578,0
1233445540,410,1
1233446375,431,1
1233446920,441,1
1233448111,450,1
1233449296,457,1
1233450262,465,1
1233451816,470,1
1233452942,471,1
1233453846,475,1
1233454707,483,1
1233456157,486,1
1233457527,496,1
1233458169,502,1
1233458518,506,1
1233458564,66,0
1233459347,631,0
1233459785,526,1
1233460511,540,1
1233461378,545,1
1233462555,560,1
1233463596,573,1
1233464326,576,1
1233465478,579,1
1233465512,8,0
1233466796,588,1
1233467474,592,1
1233467683,12,0
1233468945,609,1
1233470027,86,0
1233470463,617,1
1233471039,624,1
1233471972,629,1
1233473263,635,1
1233473816,649,0
1233474131,85,0
1233474503,651,0
1233476055,665,1
1233477316,666,1
1233477840,670,1
1233478612,655,0
1233479298,678,1
1233480544,685,1
1233481390,688,1
1233482482,694,1
1233483665,695,1
1233484318,696,1
1233484871,698,1
1233486497,716,1
1233487968,718,1
1233488617,34,0
1233488998,3,0
1233489325,720,1
1233490713,722,1
1233492101,730,1
1233493394,743,1
1233493514,8,0
1233494893,751,1
1233495354,89,0
1233495650,90,0
1233496260,756,1
1233496388,676,0
1233496990,771,1
1233497528,784,1
1233498453,796,1
1233499099,803,1
1233499481,681,0
1233499536,9,0
1233500653,812,1
1233501406,816,1
1233501853,219,0
1233502540,102,0
1233502760,825,1
1233503197,15,0
1233504057,831,1
1233505512,840,1
1233506144,848,1
1233506200,20,0
1233507653,860,1
1233508512,32,0
1233508607,1452,0
1233509224,867,1
1233509416,232,0
1233509865,868,1
1233510578,234,0
1233511208,871,1
1233512124,874,1
1233512251,88,0
1233512706,882,1
1233512811,239,0
1233513983,885,1
1233514203,44,0
1233515684,909,1
1233516014,94,0
1233516399,920,1
1233516676,48,0
1233517869,925,1
1233518352,927,1
1233519000,938,1
1233519880,951,1
1233520986,952,1
1233521499,968,1
1233522061,88,0
1233522513,253,0
1233522724,974,1
1233523407,975,1
1233523978,979,1
1233525380,986,1
1233526817,987,1
1233528344,1005,1
1233529248,63,0
1233529795,1012,1
1233530560,1014,1
1233530640,114,0
1233531399,1036,1
1233532287,173,0
1233532992,1045,1
1233533219,70,0
1233533236,150,0
1233534202,1046,1
1233535311,1060,1
1233535803,737,0
1233536428,1078,1
1233537086,109,0
1233537748,125,0
1233537869,1091,1
1233538781,1092,1
1233540280,1104,1
1233540804,80,0
1233541511,1105,1
1233542925,1107,1
1233543677,132,0
1233544083,1504,0
1233544160,1110,1
1233545310,1120,1
1233545370,79,0
1233546423,1127,1
1233547404,1134,1
1233547938,1140,1
1233549163,1141,1
1233550589,1153,1
1233551575,1157,1
1233552172,1158,1
1233552221,94,0
1233552536,145,0
1233552936,131,0
1233553358,1160,1
1233554263,763,0
1233554542,1166,1
1233554880,150,0
1233555604,1172,1
1233556092,1185,1
1233556270,102,0
1233557017,1192,1
1233557507,1196,1
1233557681,1527,0
1233558176,15,0
1233559016,307,0
1233559326,1209,1
1233560734,1220,1
1233562015,1221,1
1233562157,111,0
1233563268,1226,1
1233563982,1232,1
1233564705,1233,1
1233564822,223,0
1233565865,1234,1
1233567265,1237,1
1233568449,1238,1
1233569285,1239,1
1233570715,1252,1
1233572031,1253,1
1233573491,1259,1
1233574099,1260,1
1233574829,1265,1
1233574860,791,0
1233574954,208,0
1233575666,36,0
1233576204,1278,1
1233576661,1280,1
1233577502,1285,1
1233578799,1292,1
1233579324,1554,0
1233580063,1293,1
1233581000,1309,1
1233582135,1312,1
1233582954,17,0
1233583305,766,0
1233583314,1318,1
1233584247,1332,1
1233584634,806,0
1233585579,1343,1
1233585720,808,0
1233586931,1345,1
1233587483,53,0
1233587742,1354,1
1233588129,1355,1
1233588703,8,0
1233588909,1356,1
1233589478,10,0
1233589485,1357,1
1233590708,1360,1
1233591087,1363,1
1233591468,1367,1
1233592278,1378,1
1233593862,1386,1
1233595159,1387,1
1233595331,1579,0
1233595900,1406,1
1233596314,1411,1
1233596989,1415,1
1233597884,1416,1
1233598354,1423,1
1233598896,1427,1
1233598932,1587,0
1233599468,1428,1
1233600674,1431,1
1233602312,1465,1
1233602397,2,0
1233602636,51,0
1233603093,1466,1
1233604262,5,0
1233604406,1468,1
1233604691,803,0
1233605821,1471,1
1233606941,1473,1
1233608135,1481,1
1233608273,87,0
1233609350,1484,1
1233610582,1489,1
1233611136,217,0
1233611257,264,0
1233611980,1495,1
1233612836,1497,1
1233613227,267,0
1233613896,1514,1
1233615305,1515,1
1233615690,1517,1
1233616114,855,0
1233616675,1519,1
1233617835,1521,1
1233618209,228,0
1233618414,26,0
1233618919,1531,1
1233620088,1532,1
1233620634,1533,1
1233620939,863,0
1233621279,1538,1
1233622094,1546,1
1233622188,33,0
1233622925,1547,1
1233624139,1555,1
1233625316,1558,1
1233625675,870,0
1233625742,1563,1
1233626445,1564,1
1233627348,1565,1
1233627560,89,0
1233627898,1567,1
1233628495,18,0
1233628776,1568,1
1233629440,1570,1
1233630672,1573,1
1233631403,1574,1
1233631701,1637,0
1233631802,49,0
1233632766,50,0
1233632893,1588,1
1233634344,1591,1
1233634893,1593,1
1233635951,1599,1
1233636459,1600,1
1233636834,899,0
1233636916,1601,1
1233637083,43,0
1233637184,44,0
1233638202,1606,1
1233638709,150,0
1233639127,1615,1
1233639192,18,0
1233639427,910,0
1233640612,1617,1
1233641557,1624,1
1233642808,1627,1
1233642828,1670,0
1233643075,915,0
1233643227,916,0
1233643589,1641,1
1233644396,1656,1
1233645082,1668,1
1233645504,134,0
1233646074,1670,1
1233646712,1680,1
1233647223,1691,1
1233648172,1696,1
1233648778,1702,1
1233649286,1709,1
1233650820,1713,1
1233652167,1715,1
1233652620,1720,1
1233653970,1724,1
1233654999,1726,1
1233655385,348,0
1233655583,1729,1
1233656267,304,0
1233656722,1730,1
1233657223,1731,1
1233657702,47,0
1233657725,1733,1
1233658032,9,0
1233658146,1734,1
1233659353,1738,1
1233659437,312,0
1233660016,13,0
1233660553,1739,1
1233661341,1741,1
1233661964,946,0
1233662516,1757,1
1233663360,1771,1
1233664875,1773,1
1233665932,1775,1
1233666084,367,0
1233666967,1780,1
1233667989,1784,1
1233668501,121,0
1233669097,1790,1
1233669680,198,0
1233670521,1791,1
1233671315,1792,1
1233671549,28,0
1233672309,960,0
1233672495,961,0
1233673511,1797,1
1233673827,1798,1
1233674517,1799,1
1233675786,1804,1
1233676732,1809,1
1233677362,1825,1
1233677873,1828,1
1233678555,1832,1
1233679751,137,0
1233679888,1834,1
1233680354,139,0
1233680501,63,0
1233681014,1850,1
1233681331,1851,1
1233682275,1858,1
1233683611,1860,1
1233684700,1864,1
1233685532,1869,1
1233686355,222,0
1233686611,1875,1
1233686996,149,0
1233687668,1878,1
1233689051,984,0
1233689139,1879,1
1233690629,1880,1
1233691982,357,0
1233692120,1881,1
1233693317,1883,1
1233693445,990,0
1233693905,1886,1
1233695255,1889,1
1233695329,160,0
1233695381,994,0
1233695486,237,0
1233696595,1894,1
1233697110,1906,1
1233697905,1908,1
1233698506,1911,1
1233699151,1926,1
1233699846,1928,1
1233701033,1936,1
1233701758,1939,1
1233702292,1940,1
1233703275,1941,1
1233703467,378,0
1233704478,1956,1
1233704592,1766,0
1233704643,427,0
1233704807,382,0
1233704929,1014,0
1233705540,3,0
1233706586,8,1
1233707055,9,1
1233708027,22,1
1233708693,53,1
1233709520,59,1
1233710646,3,0
1233710874,60,1
1233711440,62,1
1233712565,66,1
1233713090,71,1
1233713948,1782,0
1233714592,81,1
1233715064,83,1
1233715573,86,1
1233715884,1030,0
1233717110,95,1
1233717911,1032,0
1233718562,109,1
1233719325,136,1
1233719791,40,0
1233720555,140,1
1233721457,144,1
1233721812,43,0
1233722935,147,1
1233724010,10,0
1233724391,149,1
1233725172,159,1
1233726421,165,1
1233726911,172,1
1233728416,173,1
1233729155,109,0
1233729920,175,1
1233730047,1804,0
1233731205,189,1
1233731640,1050,0
1233731884,421,0
1233732647,197,1
1233734037,198,1
1233735073,201,1
1233735407,425,0
1233735932,205,1
1233737391,209,1
1233738615,210,1
1233739076,1815,0
1233739643,212,1
1233740277,222,1
1233741343,225,1
1233742063,231,1
1233742726,239,1
1233743419,250,1
1233744348,254,1
1233745475,259,1
1233746777,266,1
1233747043,6,0
1233747450,486,0
1233747637,268,1
1233748129,271,1
1233748790,281,1
1233749788,288,1
1233750202,289,1
1233750665,13,0
1233751572,310,1
1233752104,448,0
1233752545,312,1
1233753128,315,1
1233753509,317,1
1233753984,19,0
1233754777,319,1
1233756316,333,1
1233756445,1085,0
1233756963,337,1
1233757102,503,0
1233758050,342,1
1233758727,343,1
1233759601,345,1
1233760999,365,1
1233761870,367,1
1233762657,368,1
1233763257,369,1
1233764480,375,1
1233765836,512,0
1233765972,379,1
1233766538,384,1
1233766955,1855,0
1233767738,396,1
1233768745,399,1
1233769134,39,0
1233769584,405,1
1233770281,409,1
1233771533,415,1
1233772277,1862,0
1233772986,418,1
1233773698,421,1
1233774371,45,0
1233774446,437,1
1233775785,438,1
1233776683,48,0
1233777104,442,1
1233777578,444,1
1233777957,531,0
1233778857,445,1
1233779690,449,1
1233780106,451,1
1233780660,457,1
1233781219,56,0
1233781644,463,1
1233782378,464,1
1233783103,467,1
1233783271,1124,0
1233783500,469,1
1233784407,470,1
1233785999,369,0
1233786054,370,0
1233786965,3,1
1233787449,1886,0
1233789413,6,1
1233790027,8,1
1233790750,17,1
1233791654,22,1
1233792501,27,1
1233792927,378,0
1233792939,33,1
1233793412,8,0
1233793609,34,1
1233794163,1140,0
1233795081,43,1
1233796564,44,1
1233797191,56,1
1233797956,58,1
1233798979,561,0
1233799208,64,1
1233799864,69,1
1233800403,1148,0
1233800425,19,0
1233800669,1150,0
1233800934,393,0
1233801803,95,1
1233802394,22,0
1233803378,104,1
1233803897,108,1
1233804371,110,1
1233804863,118,1
1233806009,119,1
1233807443,125,1
1233808468,126,1
1233808712,1161,0
1233809130,137,1
1233810083,151,1
1233810799,161,1
1233812264,172,1
1233813718,193,1
1233814545,198,1
1233815252,209,1
1233816522,213,1
1233816972,216,1
1233817506,37,0
1233817927,218,1
1233818492,231,1
1233819556,237,1
1233820392,240,1
1233821090,241,1
1233821835,242,1
1233822971,244,1
1233823926,247,1
1233825099,249,1
1233826570,261,1
1233826959,262,1
1233827180,48,0
1233828263,266,1
1233829150,267,1
1233830101,287,1
1233830687,557,0
1233831430,292,1
1233831876,295,1
1233832989,6,0
1233833383,296,1
1233833636,1192,0
1233834827,303,1
1233836303,313,1
1233837098,11,0
1233837695,322,1
1233839042,328,1
1233839523,14,0
1233839832,334,1
1233840717,337,1
1233841349,341,1
1233842808,350,1
1233843831,619,0
1233844268,352,1
1233844702,356,1
1233846172,358,1
1233846524,360,1
1233846956,1964,0
1233847151,625,0
1233847305,376,1
1233848375,453,0
1233848837,380,1
1233849585,1213,0
1233849949,382,1
1233850733,385,1
1233851160,586,0
1233851256,396,1
1233852048,34,0
1233852159,409,1
1233852470,590,0
1233852888,410,1
1233854290,420,1
1233855810,432,1
1233856444,594,0
1233856991,434,1
1233857734,435,1
1233859128,439,1
1233859519,470,0
1233860045,444,1
1233860585,46,0
1233860653,449,1
1233861837,456,1
1233862550,49,0
1233862631,37,0
1233862678,467,1
1233863795,468,1
1233864577,471,1
1233865417,54,0
1233865495,42,0
1233865542,19,0
1233866152,497,1
1233867744,513,1
1233868025,1999,0
1233868588,522,1
1233869322,523,1
1233869554,62,0
1233869854,525,1
1233870655,526,1
1233871603,531,1
1233872544,2006,0
1233872974,493,0
1233873296,2008,0
1233873749,555,1
1233874520,557,1
1233875721,560,1
1233875778,72,0
1233876388,36,0
1233877200,562,1
1233877789,501,0
1233878327,566,1
1233879455,571,1
1233880255,2018,0
1233880288,633,0
1233880658,576,1
1233881498,584,1
1233882016,1266,0
1233882832,589,1
1233883878,597,1
1233884272,600,1
1233885494,603,1
1233885941,28,0
1233886267,604,1
1233887452,607,1
1233887562,6,0
1233888302,610,1
1233889195,623,1
1233890082,629,1
1233890328,3,0
1233890974,642,1
1233891352,647,1
1233891611,2037,0
1233892376,650,1
1233892781,655,1
1233893476,16,0
1233894298,659,1
1233894615,18,0
1233895767,662,1
1233896460,676,1
1233897351,679,1
1233898905,688,1
1233899869,691,1
1233901171,702,1
1233902189,704,1
1233902612,73,0
1233903069,1295,0
1233903539,727,1
1233904572,22,0
1233904675,732,1
1233905546,737,1
1233905627,32,0
1233906655,740,1
1233907438,747,1
1233908427,748,1
1233909676,749,1
1233911128,753,1
1233911507,757,1
1233912192,32,0
1233912335,758,1
1233913528,775,1
1233914225,776,1
1233915228,777,1
1233915473,554,0
1233916520,780,1
1233917324,796,1
1233917637,94,0
1233917678,798,1
1233917703,1317,0
1233918385,1318,0
1233918902,802,1
1233919549,804,1
1233920518,813,1
1233920701,18,0
1233921395,814,1
1233922488,818,1
1233923070,819,1
1233923672,821,1
1233925185,824,1
1233925796,834,1
1233927008,835,1
1233928115,838,1
1233928835,839,1
1233928888,574,0
1233929188,842,1
1233930464,843,1
1233931849,844,1
1233932412,61,0
1233933150,848,1
1233934521,849,1
1233935520,868,1
1233936064,13,0
1233936462,876,1
1233936543,1342,0
1233937243,885,1
1233937671,886,1
1233938502,889,1
1233938789,23,0
1233939004,892,1
1233939949,899,1
1233940010,26,0
1233940354,906,1
1233941936,919,1
1233942683,924,1
1233943475,2109,0
1233943588,935,1
1233944227,940,1
1233944994,944,1
1233945737,958,1
1233945891,35,0
1233946487,961,1
1233947616,56,0
1233947985,966,1
1233949215,967,1
1233950059,968,1
1233951365,977,1
1233951999,990,1
1233952877,1002,1
1233952899,44,0
1233953514,100,0
1233953938,1003,1
1233954419,1006,1
1233955523,1009,1
1233956115,151,0
1233956252,1013,1
1233956776,1014,1
1233958257,1015,1
1233959670,1022,1
1233960614,1024,1
1233961976,1025,1
1233962857,1037,1
1233963799,105,0
1233964135,1043,1
1233964566,1049,1
1233965480,1055,1
1233965983,1060,1
1233966217,110,0
1233966537,628,0
1233966571,10,0
1233966740,1063,1
1233967632,1069,1
1233967835,13,0
1233968260,1070,1
1233969746,1083,1
1233970379,1087,1
1233970751,1088,1
1233970781,72,0
1233971360,1094,1
1233972552,1121,1
1233972824,177,0
1233973867,77,0
1233973980,1129,1
1233975266,1130,1
1233975890,1131,1
1233976337,1138,1
1233976892,1144,1
1233977534,1147,1
1233977962,1156,1
1233978446,1411,0
1233979158,1165,1
1233980151,1172,1
1233980753,4,0
1233980997,1176,1
1233981520,1181,1
1233981903,1186,1
1233982300,1190,1
1233982705,37,0
1233983298,1191,1
1233983729,1198,1
1233984314,12,0
1233984904,1208,1
1233984947,101,0
1233986407,1212,1
1233987408,1231,1
1233987689,2170,0
1233988038,1235,1
1233988845,1236,1
1233988858,209,0
1233990024,1241,1
1233990302,109,0
1233991463,1244,1
1233992830,1255,1
1233993319,1258,1
1233994917,1269,1
1233995847,1271,1
1233997155,1272,1
1233998376,1273,1
1233999807,1279,1
1234000874,1284,1
1234001243,2185,0
1234002336,1286,1
1234002674,57,0
1234003092,1288,1
1234003232,171,0
1234004212,1296,1
1234005680,1303,1
1234006253,1309,1
1234006992,1312,1
1234007997,1318,1
1234008148,10,0
1234008261,178,0
1234008525,1336,1
1234009664,1341,1
1234009927,2199,0
1234010382,2200,0
1234011206,1349,1
1234011604,1357,1
1234012935,1359,1
1234013649,186,0
1234014434,1366,1
1234015625,1375,1
1234015656,706,0
1234016153,1380,1
1234017542,1386,1
1234017797,25,0
1234017992,1387,1
1234019099,1393,1
1234019250,71,0
1234019775,1394,1
1234020165,1472,0
1234020735,1397,1
1234022135,1411,1
1234023109,1415,1
1234024313,1416,1
1234024416,154,0
1234025243,1421,1
1234025504,18,0
1234025801,1422,1
1234027307,1427,1
1234028640,1430,1
1234028771,2226,0
1234029306,1431,1
1234030794,1434,1
1234031681,265,0
1234031925,45,0
1234032303,1435,1
1234032954,1439,1
1234033726,1445,1
1234035271,1450,1
1234036115,217,0
1234036286,1493,0
1234036352,33,0
1234036786,91,0
1234038283,1465,1
1234039326,1467,1
1234039911,1468,1
1234041211,1469,1
1234041270,101,0
1234042299,1470,1
1234042544,744,0
1234042584,282,0
1234043250,1479,1
1234044169,43,0
1234044272,1484,1
1234045561,1487,1
1234046127,1488,1
1234047166,110,0
1234047565,1491,1
1234048593,1493,1
1234048878,1512,0
1234049963,1509,1
1234050608,110,0
1234050787,73,0
1234051435,1517,1
1234052640,1519,1
1234053705,1527,1
1234054634,1528,1
1234055575,1530,1
1234055792,1521,0
1234056386,247,0
1234056810,1542,1
1234057001,61,0
1234057626,1543,1
1234058155,1546,1
1234059037,1550,1
1234059805,1557,1
1234060781,1561,1
1234062168,1563,1
1234062658,89,0
1234063155,1564,1
1234064586,1566,1
1234065689,92,0
1234065983,212,0
1234066082,1577,1
1234066802,1583,1
1234067213,96,0
1234068241,1591,1
1234068713,98,0
1234068814,1592,1
1234069174,1593,1
1234069729,1607,1
1234070482,1611,1
1234070906,1613,1
1234071253,271,0
1234071409,81,0
1234072021,1615,1
1234073323,1619,1
1234073911,1627,1
1234074608,1629,1
1234075580,2295,0
1234075693,1635,1
1234075719,231,0
1234076483,1661,1
1234077135,1669,1
1234077488,1557,0
1234078159,337,0
1234078555,1670,1
1234080012,1671,1
1234080529,1677,1
1234081022,1562,0
1234081352,1681,1
1234082192,1682,1
1234082450,242,0
1234083538,1690,1
1234084678,1697,1
1234084826,2311,0
1234085033,1569,0
1234085129,1706,1
1234085861,1710,1
1234086664,129,0
1234087395,1714,1
1234087641,299,0
1234088581,1716,1
1234089031,1576,0
1234089157,242,0
1234089591,1724,1
1234089843,1579,0
1234089997,1726,1
1234091124,1731,1
1234092157,1734,1
1234093640,1736,1
1234093654,10,0
1234094072,11,0
1234094615,1747,1
1234095924,1766,1
1234097275,1767,1
1234098065,1777,1
1234098963,1778,1
1234099534,1788,1
1234100891,1803,1
1234101537,318,0
1234101893,1808,1
1234102381,1812,1
1234103440,1815,1
1234104282,1820,1
1234104867,210,0
1234104943,2342,0
1234104963,265,0
1234105211,1825,1
1234106521,381,0
1234106725,1848,1
1234107610,2347,0
1234108024,31,0
1234108300,1855,1
1234109209,1864,1
1234110185,1873,1
1234110234,36,0
1234110878,36,0
1234111569,1890,1
1234112159,1899,1
1234113634,1905,1
1234114634,280,0
1234115019,1907,1
1234116293,1909,1
1234116784,217,0
1234116894,1919,1
1234117510,45,0
1234118046,1925,1
1234119644,1940,1
1234120063,1945,1
1234121167,1958,1
1234122197,1971,1
1234123643,1980,1
1234124126,406,0
1234124185,1983,1
1234124751,1,0
1234124868,56,0
1234125544,1990,1
1234126435,151,0
1234126537,2376,0
1234126921,1993,1
1234127399,2001,1
1234127716,1636,0
1234127873,2014,1
1234129242,2019,1
1234130741,2024,1
1234131189,2028,1
1234131768,13,0
1234132152,2029,1
1234132927,69,0
1234133866,2032,1
1234135307,2033,1
1234136210,425,0
1234136728,2038,1
1234137358,2391,0
1234137874,2048,1
1234138581,2050,1
1234139695,2051,1
1234140576,2062,1
1234141107,2063,1
1234141933,170,0
1234142329,2066,1
1234143737,2073,1
1234144587,2075,1
1234145909,174,0
1234146067,2077,1
1234146328,2403,0
1234146489,2087,1
1234146892,387,0
1234147346,2094,1
1234147856,2095,1
1234147895,91,0
1234148935,2104,1
1234150204,2114,1
1234151065,2127,1
1234152162,2130,1
1234152354,449,0
1234153617,2131,1
1234154084,2132,1
1234155459,2135,1
1234156105,2136,1
1234156706,2139,1
1234158080,2143,1
1234158701,2146,1
1234159211,193,0
1234159802,2149,1
1234160668,2151,1
1234161871,2154,1
1234162941,2161,1
1234163342,2165,1
1234163837,2167,1
1234164819,2168,1
1234165722,1686,0
1234165781,2176,1
1234166192,2177,1
1234167580,2179,1
1234168375,2180,1
1234168938,2187,1
1234169895,2196,1
1234169928,292,0
1234170745,2203,1
1234171099,119,0
1234171205,2207,1
1234172560,2210,1
1234173337,2212,1
1234173989,298,0
1234174030,2231,1
1234174753,16,0
1234175423,2232,1
1234176404,2234,1
1234176730,429,0
1234177640,2239,1
1234178479,383,0
1234178692,2241,1
1234179939,2244,1
1234180528,81,0
1234181013,2245,1
1234181150,3,0
1234181704,2259,1
1234183217,2265,1
1234183274,439,0
1234183855,2267,1
1234183909,1716,0
1234184052,1717,0
1234185310,2273,1
1234186442,2277,1
1234186721,445,0
1234187662,398,0
1234188020,2285,1
1234188727,2289,1
1234188887,149,0
1234189903,150,0
1234190066,451,0
1234190161,2298,1
1234191613,2304,1
1234192369,21,0
1234192747,19,0
1234192768,2308,1
1234193986,2312,1
1234194840,158,0
1234195065,2317,1
1234195171,334,0
1234195969,2327,1
1234196370,2332,1
1234197024,2339,1
1234198445,2346,1
1234199506,2349,1
1234199771,520,0
1234200634,2352,1
1234201024,2353,1
1234201541,2360,1
1234201959,35,0
1234202599,118,0
1234202984,2361,1
1234203989,38,0
1234204426,39,0
1234204529,2367,1
1234205715,477,0
1234205994,2372,1
1234206136,43,0
1234206417,1755,0
1234206631,2384,1
1234207599,2387,1
1234207671,47,0
1234208336,2410,1
1234208880,485,0
1234209949,2420,1
1234210499,2424,1
1234210831,542,0
1234211328,2426,1
1234212277,2428,1
1234213216,2429,1
1234213495,492,0
1234213815,139,0
1234214646,2431,1
1234215256,62,0
1234215924,2445,1
1234217016,2447,1
1234218159,2468,1
1234219423,2471,1
1234219902,2481,1
1234220756,2503,1
1234220920,26,0
1234221701,2512,1
1234222318,2515,1
1234222985,72,0
1234223383,1781,0
1234223646,2516,1
1234223938,1783,0
1234224307,76,0
1234224492,2519,1
1234224760,511,0
1234225373,2520,1
1234226277,2523,1
1234227476,2526,1
1234228238,1790,0
1234228587,2533,1
1234229170,2540,1
1234230250,518,0
1234230298,2541,1
1234230683,1795,0
1234231799,2545,1
1234232735,2557,1
1234232960,21,0
1234233492,1799,0
1234233649,2560,1
1234234024,2566,1
1234234476,2573,1
1234235886,2575,1
1234236217,2576,1
1234237551,2583,1
1234238073,2592,1
1234239313,2602,1
1234239774,2606,1
1234240347,2615,1
1234240581,33,0
1234241834,3,1
1234242242,4,1
1234242915,7,1
1234243285,539,0
1234244211,14,1
1234245202,17,1
1234246629,21,1
1234247138,25,1
1234248131,42,0
1234248464,26,1
1234249578,34,1
1234250040,45,1
1234251356,46,1
1234251984,47,1
1234252472,51,1
1234253118,54,1
1234253602,57,1
1234254324,64,1
1234255855,77,1
1234256314,201,0
1234257108,79,1
1234257619,85,1
1234258049,92,1
1234259354,259,0
1234259518,100,1
1234260744,109,1
1234261618,129,0
1234261774,116,1
1234262812,118,1
1234263314,119,1
1234264404,133,0
1234264807,121,1
1234266213,130,1
1234266869,147,1
1234268012,148,1
1234269025,151,1
1234270439,160,1
1234271230,165,1
1234272095,171,1
1234273347,180,1
1234273858,576,0
1234274248,181,1
1234275407,190,1
1234276708,196,1
1234277044,198,1
1234277860,12,0
1234278010,1857,0
1234278196,203,1
1234278873,213,1
1234279306,16,0
1234280045,215,1
1234281392,219,1
1234282038,220,1
1234282813,1864,0
1234283550,222,1
1234284895,31,0
1234284985,223,1
1234286334,227,1
1234286914,239,1
1234287167,162,0
1234287468,6,0
1234287614,28,0
1234288347,241,1
1234288977,248,1
1234289398,253,1
1234290892,2,0
1234290923,256,1
1234291754,257,1
1234293260,262,1
1234294070,266,1
1234295154,271,1
1234295207,1882,0
1234295500,608,0
1234296171,272,1
1234296792,277,1
1234297193,65,0
1234297752,284,1
1234299095,291,1
1234300250,294,1
1234301727,306,1
1234302639,317,1
1234303295,318,1
1234303902,329,1
1234304861,333,1
1234305092,60,0
1234305485,335,1
1234306965,36,0
1234307016,345,1
1234307354,348,1
1234308663,350,1
1234309233,351,1
1234309553,81,0
1234310003,628,0
1234310592,357,1
1234311554,359,1
1234312442,362,1
1234313036,86,0
1234313385,333,0
1234313422,74,0
1234313624,365,1
1234314035,203,0
1234314217,91,0
1234314237,366,1
1234314876,373,1
1234315237,207,0
1234315907,383,1
1234316901,388,1
1234317405,391,1
1234317678,58,0
1234317873,212,0
1234318530,394,1
1234319719,397,1
1234320757,169,0
1234320919,401,1
1234321729,433,1
1234322028,5,0
1234322431,438,1
1234322820,439,1
1234324218,443,1
1234325106,448,1
1234326126,23,0
1234326232,449,1
1234326868,456,1
1234326968,73,0
1234327274,457,1
1234327639,459,1
1234328155,1937,0
1234328425,464,1
1234329415,467,1
1234329924,475,1
1234330648,485,1
1234330803,21,0
1234331205,24,0
1234332142,486,1
1234332710,487,1
1234333482,492,1
1234334004,126,0
1234334166,506,1
1234334602,1949,0
1234334848,508,1
1234335250,509,1
1234335799,511,1
1234336421,513,1
1234337928,521,1
1234338414,522,1
1234338553,95,0
1234339244,524,1
1234339646,37,0
1234340546,1959,0
1234340781,530,1
1234340912,140,0
1234341465,531,1
1234342968,534,1
1234343465,536,1
1234344038,544,1
1234344569,545,1
1234344997,692,0
1234345998,548,1
1234346207,108,0
1234346829,554,1
1234347747,560,1
1234348533,570,1
1234349425,572,1
1234350473,575,1
1234351910,577,1
1234352809,580,1
1234352956,348,0
1234354241,581,1
1234354781,10,0
1234355269,58,0
1234355314,586,1
1234356537,588,1
1234357206,1984,0
1234357505,589,1
1234358283,711,0
1234358444,608,1
1234359997,632,1
1234360887,633,1
1234362172,642,1
1234363571,647,1
1234363815,23,0
1234364055,653,1
1234365278,656,1
1234366302,673,1
1234367353,679,1
1234367805,289,0
1234368024,683,1
1234369073,684,1
1234369466,688,1
1234370831,689,1
1234371537,33,0
1234372144,9,0
1234372268,690,1
1234373650,698,1
1234375379,719,1
1234376012,732,1
1234376630,733,0
1234377553,746,1
1234377912,747,1
1234378508,749,1
1234380035,770,1
1234380941,778,1
1234382502,785,1
1234383723,786,1
1234384265,788,1
1234384953,2017,0
1234385639,800,1
1234386247,812,1
1234386686,815,1
1234387628,823,1
1234388170,827,1
1234388265,2023,0
1234389278,828,1
1234389907,830,1
1234390908,841,1
1234391149,2027,0
1234391796,842,1
1234392210,850,1
1234393319,855,1
1234393786,856,1
1234394030,278,0
1234394692,279,0
1234395040,7,0
1234395168,858,1
1234396409,859,1
1234396457,12,0
1234397933,863,1
1234398817,867,1
1234400254,870,1
1234400928,288,0
1234401068,881,1
1234402402,894,1
1234402671,416,0
1234402889,909,1
1234403995,912,1
1234404508,917,1
1234404674,114,0
1234405729,919,1
1234406413,921,1
1234407388,925,1
1234407691,12,0
1234408919,928,1
1234409490,2055,0
1234410175,934,1
1234411535,936,1
1234411673,20,0
1234412337,942,1
1234413035,944,1
1234413555,307,0
1234413854,946,1
1234415293,953,1
1234416299,959,1
1234416656,436,0
1234417426,968,1
1234417856,969,1
1234418748,981,1
1234419303,982,1
1234420330,987,1
1234420359,317,0
1234421520,1000,1
1234422167,365,0
1234423027,1002,1
1234423375,1003,1
1234424186,1014,1
1234425095,1018,1
1234426529,1020,1
1234427334,1026,1
1234427531,54,0
1234428351,1031,1
1234428906,1043,1
1234430044,1047,1
1234430570,1048,1
1234431623,2085,0
1234431775,1049,1
1234431868,458,0
1234432142,1053,1
1234432765,1055,1
1234433672,1060,1
1234434028,1062,1
1234434248,7,0
1234434615,1065,1
1234434919,26,0
1234435662,1079,1
1234436131,1082,1
1234436640,2097,0
1234436894,1092,1
1234437875,1102,1
1234438726,1103,1
1234439247,1107,1
1234440447,348,0
1234440716,1117,1
1234440990,396,0
1234442017,1122,1
1234442756,1128,1
1234443549,1129,1
1234444710,1136,1
1234445477,1143,1
1234446914,1145,1
1234448240,1150,1
1234449783,1159,1
1234450447,1161,1
1234451490,485,0
1234451809,1168,1
1234452520,1173,1
1234453553,409,0
1234454006,1174,1
1234454732,1175,1
1234455492,1183,1
1234456119,1200,1
1234457427,1202,1
1234459919,1208,1
1234461463,1218,1
1234462024,57,0
1234462028,851,0
1234462546,1221,1
1234464101,1226,1
1234464589,61,0
1234465035,422,0
1234465122,46,0
1234466190,1246,1
1234467519,2133,0
1234467576,1264,1
1234468779,1266,1
1234469801,1268,1
1234470475,52,0
1234470630,1273,1
1234470866,71,0
1234471234,72,0
1234471535,1278,1
1234472420,1287,1
1234472872,2143,0
1234473335,1311,1
1234474356,1314,1
1234474703,61,0
1234475676,1321,1
1234475759,63,0
1234476922,2149,0
1234477000,1323,1
1234478208,1338,1
1234479005,1340,1
1234479542,1346,1
1234480942,1349,1
1234481310,87,0
1234481879,1350,1
1234482320,1352,1
1234483269,1373,1
1234483368,7,0
1234483832,2160,0
1234484398,1374,1
1234485819,887,0
1234487375,1388,1
1234488195,1394,1
1234488978,1408,1
1234489440,2166,0
1234490086,413,0
1234490164,1410,1
1234490992,894,0
1234491130,1411,1
1234491511,1413,1
1234492555,1424,1
1234492829,2173,0
1234493759,420,0
1234493839,17,0
1234494035,1425,1
1234494623,109,0
1234494998,1433,1
1234495974,1435,1
1234496705,426,0
1234497039,1439,1
1234498704,1456,1
1234499269,1468,1
1234500010,1471,1
1234500839,1472,1
1234502391,1486,1
1234502881,119,0
1234503464,1487,1
1234504872,1488,1
1234505878,1493,1
1234507372,1494,1
1234507665,41,0
1234507941,564,0
1234507939,1497,1
1234508552,1498,1
1234509841,1499,1
1234511110,1509,1
1234512060,1513,1
1234513057,2199,0
1234513398,1517,1
1234514779,1520,1
1234515730,1524,1
1234516704,1529,1
1234517010,127,0
1234517405,1539,1
1234517975,1548,1
1234518712,1550,1
1234519800,579,0
1234519818,1552,1
1234520622,2210,0
1234521029,1555,1
1234522355,1557,1
1234522872,55,0
1234523321,1573,1
1234523551,586,0
1234524504,1581,1
1234525337,140,0
1234525524,1584,1
1234526028,151,0
1234526578,1585,1
1234528036,1586,1
1234528385,513,0
1234528673,1600,1
1234529643,1603,1
1234529987,157,0
1234530227,75,0
1234530312,1604,1
1234531288,1614,1
1234532506,1618,1
1234533935,1619,1
1234534932,1623,1
1234535464,1629,1
1234536776,1630,1
1234537242,157,0
1234537511,1632,1
1234538603,1633,1
1234539225,1635,1
1234539579,1637,1
1234540921,2239,0
1234541134,1644,1
1234542588,1651,1
1234543961,1655,1
1234545284,489,0
1234545349,1665,1
1234545380,491,0
1234546589,1668,1
1234547462,1675,1
1234547946,1676,1
1234548574,1681,1
1234548683,31,0
1234549560,1682,1
1234550803,1683,1
1234551371,1687,1
1234551737,1690,1
1234551798,501,0
1234552082,2256,0
1234552370,1691,1
1234553782,1696,1
1234554027,40,0
1234554169,192,0
1234554372,1697,1
1234555659,1701,1
1234556795,1709,1
1234556849,187,0
1234557383,1711,1
1234557726,2266,0
1234558852,1713,1
1234559525,1714,1
1234560285,28,0
1234560462,1718,1
1234561378,642,0
1234561849,1722,1
1234562775,1724,1
1234563370,1725,1
1234563851,1739,1
1234565369,1741,1
1234566572,1756,1
1234567429,1758,1
1234568661,1769,1
1234569308,1770,1
1234569585,14,0
1234570030,15,0
1234570342,1774,1
1234570516,8,0
1234570762,9,0
1234571053,45,0
1234571327,1776,1
1234571913,1779,1
1234572699,535,0
1234573034,14,0
1234573094,1788,1
1234573975,1797,1
1234574072,17,0
1234574522,1798,1
1234575950,541,0
1234575989,1809,1
1234576974,1816,1
1234577427,230,0
1234578358,1828,1
1234578775,1830,1
1234579558,1834,1
1234580940,1835,1
1234582080,1850,1
1234582475,48,0
1234582658,1854,1
1234582872,2306,0
1234583277,1856,1
1234584685,1859,1
1234585388,1861,1
1234585844,1865,1
1234586268,1868,1
1234586910,1876,1
1234587479,1878,1
1234588146,1885,1
1234588162,561,0
1234589599,1894,1
1234589926,563,0
1234591114,1915,1
1234592492,1924,1
1234593513,1935,1
1234593697,2321,0
1234594018,1949,1
1234594361,47,0
1234594558,1951,1
1234594973,1953,1
1234595512,258,0
1234595987,1965,1
1234596968,251,0
1234597021,1967,1
1234597985,1971,1
1234599133,1975,1
1234599488,1979,1
1234600781,1986,1
1234601399,1988,1
1234601767,1993,1
1234602314,582,0
1234603056,1998,1
1234604442,709,0
1234604480,2006,1
1234605658,63,0
1234605696,2007,1
1234606824,2008,1
1234608165,589,0
1234608236,2013,1
1234608671,2014,1
1234609547,2023,1
1234610195,2347,0
1234610316,2024,1
1234610673,2029,1
1234610714,282,0
1234611336,283,0
1234611716,275,0
1234612026,2034,1
1234612474,2036,1
1234612948,78,0
1234613260,2037,1
1234614246,2047,1
1234614955,2052,1
1234615708,2076,1
1234616039,39,0
1234616816,2084,1
1234617500,2091,1
1234618344,2097,1
1234619105,2099,1
1234619214,297,0
1234619462,298,0
1234619656,10,0
1234620502,2117,1
1234621959,2122,1
1234621995,60,0
1234622628,2134,1
1234623292,2372,0
1234623651,2151,1
1234624567,2152,1
1234625944,2158,1
1234627285,99,0
1234627350,2163,1
1234627936,310,0
1234628156,2379,0
1234628314,2166,1
1234629506,2168,1
1234629901,94,0
1234630328,73,0
1234630361,316,0
1234630413,2172,1
1234631916,2183,1
1234633014,2184,1
1234633485,2192,1
1234633898,2389,0
1234634145,2390,0
1234634371,2196,1
1234635309,2201,1
1234635787,639,0
1234636361,2203,1
1234636822,2212,1
1234637694,2220,1
1234638967,2225,1
1234640459,2228,1
1234641687,2231,1
1234642585,2233,1
1234643912,2236,1
1234644308,10,0
1234645057,2403,0
1234645551,1,1
1234646141,128,0
1234646337,2,1
1234646765,4,1
1234647525,5,1
1234648215,6,1
1234649092,7,1
1234650135,10,1
1234650764,11,1
1234652062,17,1
1234653530,31,1
1234653685,661,0
1234654850,42,1
1234655738,48,1
1234656419,51,1
1234657026,790,0
1234657736,52,1
1234658540,59,1
1234659836,64,1
1234661085,66,1
1234662507,67,1
1234662587,357,0
1234663518,72,1
1234664098,73,1
1234664325,2428,0
1234665274,152,0
1234665293,74,1
1234666301,82,1
1234667164,176,0
1234667444,83,1
1234667989,142,0
1234668258,84,1
1234669397,85,1
1234670494,11,0
1234670528,182,0
1234670655,86,1
1234670900,2440,0
1234672196,2441,0
1234672269,97,1
1234673061,107,1
1234673967,111,1
1234674369,2445,0
1234675344,117,1
1234675481,370,0
1234676539,123,1
1234676902,126,1
1234677126,696,0
1234678025,130,1
1234678478,135,1
1234679529,136,1
1234680426,140,1
1234680580,192,0
1234681086,146,1
1234681655,149,1
1234681965,704,0
1234682005,150,1
1234682899,153,1
1234683828,81,0
1234683908,708,0
1234684146,161,1
1234684374,187,0
1234685252,168,1
1234686253,175,1
1234686815,176,1
1234687678,179,1
1234688093,2469,0
1234688600,180,1
1234690005,183,1
1234691045,185,1
1234692301,191,1
1234693307,194,1
1234693994,213,1
1234694787,223,1
1234695545,225,1
1234695692,849,0
1234696001,227,1
1234697586,235,1
1234698782,236,1
1234699262,728,0
1234699754,249,1
1234700225,195,0
1234700790,259,1
1234701993,261,1
1234702624,262,1
1234703594,267,1
1234704431,280,1
1234704883,281,1
1234705646,2491,0
1234705742,299,1
1234706463,43,0
1234706557,300,1
1234707931,328,1
1234708839,330,1
1234710049,344,1
1234711085,349,1
1234712422,352,1
1234712572,2500,0
1234713545,355,1
1234714274,356,1
1234715751,359,1
1234716007,750,0
1234716165,55,0
1234716812,2507,0
1234717130,362,1
1234717650,372,1
1234718841,373,1
1234718977,884,0
1234719315,377,1
1234720572,381,1
1234721702,389,1
1234723046,391,1
1234723456,764,0
1234724053,393,1
1234724732,396,1
1234725414,401,1
1234726396,402,1
1234727665,894,0
1234727683,410,1
1234729070,415,1
1234730511,418,1
1234730924,424,1
1234731797,425,1
1234732761,2529,0
1234733349,430,1
1234734106,25,0
1234734299,431,1
1234734979,434,1
1234736203,457,0
1234736527,440,1
1234737605,444,1
1234737965,460,0
1234738239,32,0
1234738693,452,1
1234739029,453,1
1234739229,35,0
1234739274,264,0
1234739609,455,1
1234739756,2544,0
1234740050,26,0
1234740304,39,0
1234740837,458,1
1234742213,466,1
1234742924,30,0
1234743508,483,1
1234744458,490,1
1234744649,798,0
1234745469,500,1
1234745953,505,1
1234747589,524,1
1234747932,526,1
1234748653,528,1
1234749185,532,1
1234750516,541,1
1234751663,547,1
1234752883,554,1
1234753880,2562,0
1234753933,555,1
1234754625,559,1
1234755202,562,1
1234755652,566,1
1234756413,568,1
1234757333,569,1
1234758042,815,0
1234758526,579,1
1234759349,583,1
1234759449,495,0
1234759776,294,0
1234759878,2574,0
1234760127,587,1
1234761535,22,0
1234761615,593,1
1234762068,2578,0
1234762424,601,1
1234763049,605,1
1234764118,607,1
1234765314,624,1
1234766582,627,1
1234767220,635,1
1234767317,66,0
1234768043,832,0
1234768775,640,1
1234769880,2588,0
1234770138,652,1
1234770590,654,1
1234771206,669,1
1234772214,687,1
1234773743,691,1
1234774387,694,1
1234774831,697,1
1234775807,705,1
1234777016,708,1
1234777235,844,0
1234777370,319,0
1234777601,710,1
1234779129,715,1
1234779470,2602,0
1234780195,720,1
1234780685,6,0
1234780805,724,1
1234782347,736,1
1234783431,739,1
1234784890,740,1
1234785703,748,1
1234786103,749,1
1234786333,330,0
1234787200,753,1
1234788123,755,1
1234789558,767,1
1234789905,769,1
1234790578,6,0
1234790621,19,0
1234791327,774,1
1234792187,775,1
1234793498,782,1
1234793993,784,1
1234794664,789,1
1234795400,794,1
1234796150,547,0
1234796257,797,1
1234796312,107,0
1234796806,805,1
1234798152,806,1
1234799124,811,1
1234800567,812,1
1234801029,825,1
1234802016,826,1
1234803201,841,1
1234804100,848,1
1234805559,853,1
1234806893,3,0
1234807020,855,1
1234807418,5,0
1234807449,861,1
1234808158,863,1
1234808820,865,1
1234809846,868,1
1234810654,880,1
1234811961,901,1
1234812456,902,1
1234813146,14,0
1234813356,129,0
1234813652,906,1
1234814380,923,1
1234816552,132,0
1234816907,26,1
1234817425,30,1
1234818352,31,1
1234818767,32,1
1234819160,37,1
1234819537,39,1
1234820162,52,1
1234820711,55,1
1234821082,150,0
1234822043,67,1
1234823496,74,1
1234824812,909,0
1234824948,80,1
1234825653,159,0
1234826566,101,1
1234827009,103,1
1234827148,914,0
1234827629,108,1
1234828126,110,1
1234828632,112,1
1234828987,918,0
1234830075,114,1
1234830252,40,0
1234831437,116,1
1234832564,132,1
1234833710,133,1
1234833919,166,0
1234834590,146,1
1234835154,147,1
1234836603,148,1
1234837865,155,1
1234839197,156,1
1234840689,158,1
1234841941,166,1
1234843273,168,1
1234843791,174,1
1234844534,169,0
1234844715,190,1
1234845832,191,1
1234846312,937,0
1234846360,173,0
1234846853,195,1
1234847761,198,1
1234848416,199,1
1234849062,2696,0
1234849459,44,0
1234849736,203,1
1234850897,207,1
1234851252,946,0
1234851927,209,1
1234852542,212,1
1234852885,69,0
1234854020,217,1
1234854354,218,1
1234855562,219,1
1234855732,18,0
1234856746,222,1
1234858434,239,1
1234858876,242,1
1234859034,2711,0
1234859259,243,1
1234859899,250,1
1234860038,80,0
1234861297,251,1
1234862213,197,0
1234862561,257,1
1234863776,259,1
1234865196,267,1
1234866650,272,1
1234867699,87,0
1234868498,282,1
1234869472,290,1
1234870108,292,1
1234870754,315,1
1234871624,316,1
1234872765,319,1
1234872977,94,0
1234874067,217,0
1234874105,322,1
1234874489,329,1
1234875438,2732,0
1234875912,333,1
1234877000,980,0
1234877273,337,1
1234877653,2736,0
1234878448,338,1
1234879329,342,1
1234879683,345,1
1234880801,349,1
1234881318,107,0
1234882340,356,1
1234883155,368,1
1234884186,374,1
1234884626,375,1
1234885265,381,1
1234885908,388,1
1234887068,402,1
1234887755,405,1
1234888445,410,1
1234889395,414,1
1234890107,415,1
1234891203,430,1
1234891361,677,0
1234891688,432,1
1234892807,443,1
1234893772,451,1
1234894172,452,1
1234894819,459,1
1234895226,468,1
1234895868,473,1
1234896348,243,0
1234896406,1009,0
1234896906,483,1
1234898031,22,0
1234898121,496,1
1234898718,497,1
1234900137,501,1
1234901306,502,1
1234901745,251,0
1234902708,512,1
1234904234,521,1
1234904449,2773,0
1234905146,545,1
1234906132,550,1
1234906682,699,0
1234907370,551,1
1234908893,555,1
1234910265,556,1
1234910967,561,1
1234911948,563,1
1234912099,8,0
1234912377,2783,0
1234912457,566,1
1234912963,569,1
1234914326,571,1
1234914391,710,0
1234915176,154,0
1234915431,579,1
1234915851,580,1
1234917084,587,1
1234918409,591,1
1234919795,601,1
1234920128,2794,0
1234920861,605,1
1234922012,22,0
1234922287,614,1
1234922994,623,1
1234924331,626,1
1234925184,630,1
1234926416,638,1
1234927136,639,1
1234927877,642,1
1234928506,643,1
1234929755,649,1
1234930195,651,1
1234931131,655,1
1234932202,664,1
1234932525,2809,0
1234932735,2810,0
1234932887,666,1
1234933382,673,1
1234933711,674,1
1234934820,688,1
1234935301,1061,0
1234936358,692,1
1234936569,1063,0
1234936778,697,1
1234937758,699,1
1234938132,700,1
1234938751,703,1
1234939718,706,1
1234940345,709,1
1234940922,711,1
1234941904,718,1
1234942260,719,1
1234943330,722,1
1234944694,724,1
1234946167,730,1
1234946492,2830,0
1234947125,731,1
1234947460,732,1
1234947983,59,0
1234948766,60,0
1234949025,739,1
1234949903,744,1
1234950771,757,1
1234951481,758,1
1234952832,760,1
1234953759,781,1
1234954250,786,1
1234954934,788,1
1234955471,791,1
1234955660,208,0
1234956433,792,1
1234957768,799,1
1234958652,803,1
1234959640,804,1
1234960077,812,1
1234961083,815,1
1234961249,215,0
1234961719,826,1
1234963001,828,1
1234963501,844,1
1234963946,81,0
1234965092,853,1
1234965787,854,1
1234966865,84,0
1234966937,859,1
1234967216,224,0
1234967502,860,1
1234969053,866,1
1234969624,870,1
1234970314,1110,0
1234970522,880,1
1234970946,886,1
1234971570,890,1
1234972599,893,1
1234973546,895,1
1234973984,898,1
1234974038,794,0
1234974736,2872,0
1234975412,904,1
1234975803,11,0
1234975906,906,1
1234976877,907,1
1234977362,241,0
1234978040,915,1
1234978577,918,1
1234978721,1126,0
1234979519,927,1
1234980166,928,1
1234981017,940,1
1234982300,943,1
1234983454,950,1
1234983505,112,0
1234984766,953,1
1234985380,966,1
1234987042,1001,1
1234987601,1011,1
1234989009,1015,1
1234990411,1018,1
1234991229,1027,1
1234992684,1056,1
1234994203,1061,1
1234994718,1072,1
1234995122,1074,1
1234995558,2898,0
1234996030,263,0
1234996105,1076,1
1234996767,1097,1
1234997995,1098,1
1234998518,1099,1
1234999980,1117,1
1235000467,2905,0
1235001167,1126,1
1235001685,1140,1
1235002919,2908,0
1235003056,1142,1
1235004137,1145,1
1235004874,1147,1
1235005096,276,0
1235005468,1151,1
1235005865,1159,1
1235006684,1168,1
1235007431,1169,1
1235007916,1170,1
1235009228,1172,1
1235009766,145,0
1235010237,1173,1
1235010794,1174,1
1235011847,845,0
1235012231,1175,1
1235013581,1179,1
1235014015,1183,1
1235015088,290,0
1235015146,1185,1
1235016081,1192,1
1235016179,852,0
1235016844,1196,1
1235017523,1198,1
1235018159,1201,1
1235019163,1202,1
1235019747,1180,0
1235019776,1181,0
1235020190,1204,1
1235020944,1211,1
1235022310,1218,1
1235023969,1243,1
1235025546,1252,1
1235026878,1256,1
1235028025,1270,1
1235028842,1272,1
1235029030,1190,0
1235030362,1277,1
1235031824,1283,1
1235032179,870,0
1235032590,1285,1
1235033943,1289,1
1235035278,1292,1
1235036187,1297,1
1235036748,875,0
1235037231,876,0
1235037688,1305,1
1235038672,181,0
1235038972,2956,0
1235039018,1309,1
1235040114,2958,0
1235040504,1311,1
1235041630,2960,0
1235041904,1314,1
1235043245,1318,1
1235043395,2963,0
1235043909,1325,1
1235045332,1332,1
1235046306,1337,1
1235046985,1352,1
1235047107,194,0
1235047209,333,0
1235048128,1353,1
1235048920,1357,1
1235050196,1363,1
1235050646,52,0
1235051097,1365,1
1235051751,201,0
1235052589,1367,1
1235053758,1370,1
1235054490,204,0
1235054917,1380,1
1235055858,1382,1
1235056471,1388,1
1235056897,1393,1
1235057493,2983,0
1235057708,1398,1
1235058292,1399,1
1235059309,1400,1
1235060251,910,0
1235060461,1401,1
1235061263,1405,1
1235061283,1236,0
1235062197,1415,1
1235062536,1238,0
1235063761,1421,1
1235063817,2994,0
1235064423,1425,1
1235065108,16,0
1235065325,1243,0
1235065915,1426,1
1235067300,1428,1
1235068585,1430,1
1235068741,924,0
1235068903,1248,0
1235069314,1436,1
1235069935,1442,1
1235070897,1443,1
1235071321,1447,1
1235072248,1448,1
1235073313,3008,0
1235073691,1450,1
1235075241,1457,1
1235076404,1464,1
1235076449,3012,0
1235076794,81,0
1235077785,1473,1
1235078327,1479,1
1235079156,3016,0
1235079810,1481,1
1235080489,1490,1
1235081335,1492,1
1235082002,1504,1
1235082403,1506,1
1235082721,1268,0
1235083317,1523,1
1235083877,1530,1
1235084892,2,0
1235085011,1533,1
1235085517,1534,1
1235086022,12,0
1235086346,1541,1
1235087435,1543,1
1235088162,1555,1
1235089204,1562,1
1235090642,1565,1
1235090852,958,0
1235091313,1566,1
1235092302,98,0
1235092428,1583,1
1235093638,1584,1
1235093940,963,0
1235094478,1592,1
1235095086,1593,1
1235095454,1595,1
1235096665,1596,1
1235097416,1597,1
1235097798,969,0
1235098243,1600,1
1235099128,1610,1
1235100139,1615,1
1235100232,1296,0
1235101300,1617,1
1235102470,1622,1
1235103608,1627,1
1235104283,1628,1
1235104422,39,0
1235104764,1634,1
1235106182,980,0
1235106306,1638,1
1235107341,1653,1
1235108008,3060,0
1235108359,1659,1
1235109943,1670,1
1235111102,1671,1
1235111554,41,0
1235111834,1678,1
1235112225,43,0
1235112726,1681,1
1235114005,3068,0
1235114221,1684,1
1235114948,1688,1
1235116162,33,0
1235116259,1693,1
1235117064,1698,1
1235118307,1702,1
1235119456,3075,0
1235119462,1705,1
1235120096,1707,1
1235121487,1711,1
1235122280,1713,1
1235122731,57,0
1235123709,1714,1
1235123825,1328,0
1235125201,1716,1
1235125987,3084,0
1235126444,1720,1
1235127083,1723,1
1235128382,1724,1
1235129423,1742,1
1235129952,3089,0
1235130254,1747,1
1235130482,75,0
1235130690,1751,1
1235131175,1763,1
1235131193,78,0
1235131840,1764,1
1235132300,58,0
1235132549,81,0
1235132709,1766,1
1235132889,6,0
1235133137,3100,0
1235134092,1777,1
1235134464,1780,1
1235134590,80,0
1235134923,21,0
1235135895,1789,1
1235136619,1792,1
1235137929,1800,1
1235138767,1809,1
1235139872,1811,1
1235140786,94,0
1235141226,1815,1
1235141256,16,0
1235141516,1359,0
1235141896,1824,1
1235142354,1832,1
1235143026,1834,1
1235144239,1845,1
1235144741,95,0
1235145406,1848,1
1235146361,24,0
1235146778,1850,1
1235148109,1851,1
1235148826,1852,1
1235149164,101,0
1235150388,1861,1
1235151065,1869,1
1235151874,1870,1
1235152876,1871,1
1235154011,1911,1
1235154781,1914,1
1235155874,1916,1
1235157244,1921,1
1235158694,1929,1
1235159246,1936,1
1235159381,1381,0
1235159947,1942,1
1235161354,1944,1
1235162127,1947,1
1235163107,3139,0
1235163233,1386,0
1235163338,1955,1
1235164276,1967,1
1235165592,1968,1
1235166744,1970,1
1235167107,1971,1
1235167728,1975,1
1235168994,1977,1
1235170352,1979,1
1235170733,1982,1
1235172047,1994,1
1235172565,1995,1
1235173714,2003,1
1235174137,2004,1
1235174875,2009,1
1235175239,2013,1
1235176561,2017,1
1235177785,2018,1
1235179338,2031,1
1235179889,2035,1
1235180761,2036,1
1235181959,2039,1
1235182686,2046,1
1235183432,1086,0
1235183552,2054,1
1235184086,2062,1
1235184459,2063,1
1235185575,2078,1
1235187145,2085,1
1235188223,2089,1
1235189093,1093,0
1235189487,2094,1
1235190826,1095,0
1235191143,2110,1
1235192333,2114,1
1235193510,2115,1
1235194028,2130,1
1235195062,7,0
1235195103,2131,1
1235195999,2134,1
1235197695,156,0
1235198119,2157,1
1235199390,3182,0
1235199574,2171,1
1235200832,2173,1
1235201352,2180,1
1235202627,2193,1
1235203820,2210,1
1235204314,2214,1
1235204548,14,0
1235205790,2217,1
1235206141,2220,1
1235206714,2222,1
1235207976,2242,1
1235208575,2246,1
1235209112,2248,1
1235209929,3196,0
1235210109,2262,1
1235210704,2271,1
1235211658,2278,1
1235212952,2279,1
1235213899,175,0
1235214086,2282,1
1235215214,2286,1
1235215413,3204,0
1235216369,2300,1
1235217470,2301,1
1235218285,2318,1
1235219818,2334,1
1235220446,2337,1
1235221114,697,0
1235221798,2339,1
1235223169,2341,1
1235223658,187,0
1235223740,2349,1
1235224053,2350,1
1235224884,2351,1
1235225893,191,0
1235226241,2354,1
1235226857,2372,1
1235227359,2374,1
1235228859,2380,1
1235229751,2383,1
1235230526,2384,1
1235231205,2395,1
1235232137,7,0
1235232338,3226,0
1235232659,2400,1
1235232997,2402,1
1235233563,2404,1
1235234025,2411,1
1235235259,2421,1
1235236702,1478,0
1235236732,2423,1
1235237464,2425,1
1235237744,12,0
1235237875,210,0
1235237884,2426,1
1235238929,2465,1
1235240432,2466,1
1235240793,3240,0
1235241691,2472,1
1235242369,2481,1
1235243626,2484,1
1235244052,1167,0
1235245084,2501,1
1235245510,2504,1
1235245943,2506,1
1235247250,2508,1
1235248338,2509,1
1235249548,2512,1
1235249807,1497,0
1235250889,2514,1
1235251745,2517,1
1235252633,3254,0
1235253395,2534,1
1235254218,2536,1
1235254468,1503,0
1235254919,2544,1
1235255678,2555,1
1235256474,234,0
1235256814,2563,1
1235258092,2574,1
1235258639,2578,1
1235258951,2579,1
1235259294,3265,0
1235259410,2580,1
1235260453,2583,1
1235261103,2602,1
1235261651,2603,1
1235262262,2607,1
1235262568,10,0
1235263336,2609,1
1235264083,2614,1
1235264240,13,0
1235266897,3275,0
1235267013,15,0
1235267380,16,0
1235268374,9,1
1235268418,61,0
1235269595,10,1
1235270850,13,1
1235271178,18,1
1235271659,22,1
1235272790,44,1
1235273304,3285,0
1235274011,52,1
1235274673,60,1
1235275059,65,1
1235275532,72,1
1235276036,73,1
1235276883,79,1
1235277775,83,1
1235278434,90,1
1235278698,3294,0
1235279913,96,1
1235280367,1542,0
1235280829,100,1
1235282195,127,1
1235283263,37,0
1235283713,131,1
1235284996,134,1
1235286304,148,1
1235286859,156,1
1235287378,1550,0
1235287575,34,0
1235287621,35,0
1235288001,36,0
1235288229,164,1
1235289074,168,1
1235289320,1556,0
1235290125,172,1
1235291206,179,1
1235291645,3313,0
1235292305,183,1
1235292748,184,1
1235292929,1239,0
1235293457,185,1
1235293602,1564,0
1235294721,190,1
1235295357,58,0
1235295534,194,1
1235298745,197,1
1235299292,198,1
1235299853,1574,0
1235300472,204,1
1235301940,208,1
1235302968,209,1
1235303661,211,1
1235304172,212,1
1235305236,226,1
1235306676,227,1
1235308020,231,1
1235308130,1583,0
1235308480,236,1
1235309396,237,1
1235310527,248,1
1235310993,250,1
1235311556,259,1
1235311961,18,0
1235312383,264,1
1235313020,83,0
1235313666,265,1
1235314820,85,0
1235315054,266,1
1235315745,23,0
1235315768,269,1
1235317022,273,1
1235318179,284,1
1235318527,285,1
1235319348,287,1
1235320321,29,0
1235320389,294,1
1235321342,1603,0
1235321437,296,1
1235322586,301,1
1235323831,306,1
1235324712,328,1
1235326140,339,1
1235326364,1609,0
1235326898,348,1
1235327608,355,1
1235328469,360,1
1235329148,105,0
1235329919,367,1
1235330535,9,0
1235331058,368,1
1235331412,11,0
1235331803,372,1
1235333254,376,1
1235333696,14,0
1235334404,386,1
1235335298,387,1
1235336540,389,1
1235337419,395,1
1235338410,399,1
1235339880,412,1
1235340514,414,1
1235340607,22,0
1235341081,427,1
1235341904,429,1
1235342636,436,1
1235343403,441,1
1235343474,1310,0
1235343970,446,1
1235344964,450,1
1235345724,453,1
1235346031,129,0
1235346823,461,1
1235348198,469,1
1235348562,470,1
1235349846,133,0
1235349903,474,1
1235350314,135,0
1235351406,479,1
1235352724,485,1
1235353976,486,1
1235355102,497,1
1235356303,498,1
1235357417,500,1
1235357681,3404,0
1235358205,507,1
1235359585,514,1
1235361006,521,1
1235362403,524,1
1235363590,532,1
1235364233,540,1
1235365081,541,1
1235366576,545,1
1235367134,550,1
1235367525,90,0
1235367588,1661,0
1235367732,551,1
1235369187,558,1
1235370611,559,1
1235372033,563,1
1235372829,1666,0
1235373184,565,1
1235374491,579,1
1235375868,581,1
1235376791,594,1
1235377967,597,1
1235378731,598,1
1235379059,599,1
1235379073,165,0
1235379296,1352,0
1235379792,602,1
1235380227,603,1
1235380865,169,0
1235381428,612,1
1235382797,614,1
1235383515,618,0
1235383957,628,1
1235384895,633,1
1235385830,634,1
1235386886,635,1
1235388168,638,1
1235388675,644,1
1235390071,645,1
1235391276,657,1
1235391604,658,1
1235392961,665,1
1235394187,669,1
1235395389,670,1
1235395518,3448,0
1235396199,680,1
1235396655,187,0
1235396879,684,1
1235397531,701,1
1235397963,711,1
1235399280,716,1
1235399945,722,1
1235400896,724,1
1235402127,727,1
1235403016,736,1
1235404398,740,1
1235404597,3460,0
1235405486,750,1
1235406410,752,1
1235406923,753,1
1235407886,761,1
1235408138,141,0
1235408742,768,1
1235409695,775,1
1235410283,777,1
1235411583,779,1
1235412617,787,1
1235413196,790,1
1235413579,794,1
1235414272,800,1
1235415149,808,1
1235415695,151,0
1235415906,819,1
1235416245,1723,0
1235416708,821,1
1235417179,822,1
1235417774,217,0
1235417902,218,0
1235418407,829,1
1235419876,840,1
1235420195,221,0
1235420744,843,1
1235422034,845,1
1235423094,847,1
1235423621,164,0
1235423756,858,1
1235423844,1736,0
1235425115,863,1
1235425768,864,1
1235426108,865,1
1235427257,872,1
1235428564,875,1
1235429612,876,1
1235430749,881,1
1235431719,886,1
1235432692,174,0
1235432910,893,1
1235434328,897,1
1235435963,913,1
1235436335,914,1
1235436886,918,1
1235438340,919,1
1235438913,925,1
1235439394,930,1
1235440525,931,1
1235441214,933,1
1235441982,1756,0
1235442006,942,1
1235443472,947,1
1235443615,249,0
1235443934,953,1
1235444400,1438,0
1235444541,956,1
1235446073,961,1
1235446406,963,1
1235447475,968,1
1235447904,20,0
1235448932,970,1
1235450046,257,0
1235450304,974,1
1235451715,975,1
1235452255,980,1
1235453733,995,1
1235454719,27,0
1235454929,1774,0
1235455057,1007,1
1235456544,1013,1
1235457203,1024,1
1235457904,1028,1
1235459324,1029,1
1235460584,1036,1
1235461712,1038,1
1235462536,1043,1
1235462912,1460,0
1235463444,1052,1
1235464406,1068,1
1235464909,1070,1
1235465735,1076,1
1235467193,1084,1
1235467824,1088,1
1235468537,1094,1
1235469822,1097,1
1235470761,1108,1
1235471978,1110,1
1235473346,1125,1
1235474247,1143,1
1235475051,1147,1
1235475523,1148,1
1235476889,1154,1
1235477553,1158,1
1235479070,1161,1
1235479615,1164,1
1235480609,1175,1
1235481916,1186,1
1235483110,1196,1
1235483873,1199,1
1235484796,1218,1
1235485427,24,0
1235485816,1220,1
1235486429,1230,1
1235487324,1233,1
1235487880,1235,1
1235489117,1243,1
1235490715,1252,1
1235491375,2,0
1235492293,1260,1
1235492527,4,0
1235493370,1269,1
1235494007,305,0
1235494185,1280,1
1235494225,307,0
1235495251,1283,1
1235495989,1285,1
1235496424,1290,1
1235497344,12,0
1235497396,1291,1
1235498127,1303,1
1235498878,1305,1
1235500181,1306,1
1235501126,1307,1
1235501826,1309,1
1235502110,318,0
1235502354,1312,1
1235502545,1833,0
1235503543,1332,1
1235504236,322,0
1235504543,323,0
1235504628,1335,1
1235505261,1346,1
1235506480,1362,1
1235507965,1368,1
1235508500,29,0
1235509447,1370,1
1235510398,1372,1
1235511291,1373,1
1235512795,1377,1
1235514250,1382,1
1235514970,1384,1
1235515854,1395,1
1235516607,1404,1
1235517949,1414,1
1235519062,1417,1
1235519551,1424,1
1235520309,1443,1
1235521699,1444,1
1235522439,1445,1
1235523130,4,0
1235523922,1450,1
1235524503,1452,1
1235525154,1454,1
1235525729,1459,1
1235525915,13,0
1235526867,1462,1
1235527766,1479,1
1235528727,1480,1
1235529891,1492,1
1235530448,1497,1
1235531059,1502,1
1235532281,1505,1
1235532737,20,0
1235533080,1526,1
1235534659,1536,1
1235534915,23,0
1235535735,1540,1
1235536322,68,0
1235536697,1552,1
1235537296,70,0
1235538083,1554,1
1235539348,1562,1
1235540500,1563,1
1235540898,27,0
1235541837,1568,1
1235542611,1577,1
1235544101,1580,1
1235544441,1581,1
1235544821,1582,1
1235544945,1886,0
1235545779,1595,1
1235546406,1602,1
1235547230,1606,1
1235548599,1615,1
1235549517,1622,1
1235550657,1624,1
1235551145,1633,1
1235552472,1635,1
1235553643,1637,1
1235554673,1642,1
1235555005,48,0
1235556090,1646,1
1235557275,1664,1
1235558568,1665,1
1235558815,52,0
1235559779,1668,1
1235560270,1903,0
1235561167,1673,1
1235562181,1682,1
1235563277,1686,1
1235564138,1689,1
1235565297,1691,1
1235566394,1702,1
1235567207,98,0
1235567328,1707,1
1235569580,1716,1
1235570026,1718,1
1235570572,1720,1
1235571270,109,0
1235571910,1750,1
1235572287,111,0
1235572735,1756,1
1235573986,1764,1
1235575171,1770,1
1235575711,1775,1
1235576214,116,0
1235576718,1780,1
1235577131,1924,0
1235577945,1925,0
1235578225,1788,1
1235580066,1830,1
1235580436,1835,1
1235581808,1837,1
1235582444,15,0
1235583073,1843,1
1235583894,1845,1
1235584789,1849,1
1235585398,1851,1
1235585841,1860,1
1235586818,1873,1
1235587417,1937,0
1235587757,1878,1
1235588295,1880,1
1235588877,1885,1
1235589315,1889,1
1235589647,1890,1
1235590557,1894,1
1235591270,1905,1
1235591918,1908,1
1235593352,1912,1
1235594800,1918,1
1235595390,1925,1
1235597039,1941,1
1235597708,1945,1
1235599001,1947,1
1235600226,1950,1
1235600615,1951,1
1235601917,1953,1
1235603390,1958,1
1235604860,1965,1
1235605358,1966,1
1235606600,1971,1
1235607906,1975,1
1235608666,1976,1
1235608974,1961,0
1235610192,1984,1
1235610781,1985,1
1235611188,1986,1
1235611957,1992,1
1235613053,1997,1
1235614125,2006,1
1235614683,139,0
1235615695,2027,1
1235616676,2037,1
1235617182,2046,1
1235618526,2052,1
1235619134,2062,1
1235620539,2064,1
1235621425,2068,1
1235622006,2071,1
1235623464,2076,1
1235624068,2081,1
1235624454,2083,1
1235625865,2090,1
1235626360,2091,1
1235627675,2092,1
1235628166,154,0
1235628437,2093,1
1235629708,2106,1
1235630670,2114,1
1235631973,2127,1
1235633497,2142,1
1235634560,160,0
1235634594,2143,1
1235635125,2149,1
1235635619,2154,1
1235635669,40,0
1235636915,2158,1
1235638230,2162,1
1235638876,2165,1
1235639413,2171,1
1235640637,2175,1
1235641426,2177,1
1235642416,2181,1
1235643922,2208,1
1235645333,2215,1
1235646651,2218,1
1235647438,2222,1
1235648291,2223,1
1235648630,2225,1
1235649750,2227,1
1235650327,2230,1
1235651519,2236,1
1235652423,2244,1
1235653503,2252,1
1235654910,2254,1
1235656031,2257,1
1235657195,2265,1
1235657709,2266,1
1235658945,2268,1
1235660454,2275,1
1235661371,2281,1
1235662306,58,0
1235662374,191,0
1235662817,2282,1
1235664033,2283,1
1235664937,2287,1
1235665647,2288,1
1235666102,2290,1
1235666810,2292,1
1235668082,2294,1
1235669461,2304,1
1235670492,2313,1
1235670865,2316,1
1235672295,2322,1
1235672675,2327,1
1235673125,204,0
1235673470,2331,1
1235674168,2336,1
1235674521,2337,1
1235674770,2037,0
1235675337,2341,1
1235676289,2342,1
1235676304,188,0
1235676920,2345,1
1235677841,2352,1
1235678910,2356,1
1235679855,2368,1
1235680509,2370,1
1235680994,2378,1
1235681317,2380,1
1235681816,2393,1
1235682246,2394,1
1235682826,2397,1
1235683066,198,0
1235684224,2406,1
1235684557,200,0
1235684594,2409,1
1235685058,2417,1
1235685943,2420,1
1235686841,9,0
1235687259,2421,1
1235688872,2440,1
1235690124,2441,1
1235690619,2447,1
1235691651,2451,1
1235692121,2452,1
1235692680,16,0
1235693661,2458,1
1235694218,2459,1
1235694919,2465,1
1235695314,87,0
1235696011,2470,1
1235696665,2476,1
1235697877,2483,1
1235698460,2497,1
1235699424,2503,1
1235700493,2504,1
1235700997,222,0
1235701608,28,0
1235701755,2508,1
1235702436,125,0
1235702521,31,0
1235702596,2511,1
1235703118,2517,1
1235703902,2525,1
1235705453,2535,1
1235705786,2537,1
1235707026,2543,1
1235707429,2545,1
1235708949,2547,1
1235709006,104,0
1235710252,2552,1
1235710587,137,0
1235710763,138,0
1235711462,2571,1
1235712243,2575,1
1235713253,2581,1
1235713915,2592,1
1235714946,2596,1
1235715720,2599,1
1235716006,244,0
1235716549,2603,1
1235717698,2608,1
1235718892,2613,1
1235719965,2102,0
1235721203,2103,0
1235722810,9,1
1235724273,11,1
1235725399,58,0
1235725673,13,1
1235726136,155,0
1235726503,20,1
1235727224,30,1
1235728431,63,0
1235728613,32,1
1235729367,33,1
1235730535,43,1
1235731249,2115,0
1235731465,45,1
1235732018,48,1
1235732198,2118,0
1235732741,53,1
1235733597,54,1
1235734827,59,1
1235735507,61,1
1235737042,69,1
1235737408,270,0
1235737714,81,1
1235739043,84,1
1235739268,273,0
1235739419,85,1
1235740137,90,1
1235741288,94,1
1235742203,105,1
1235742608,2132,0
1235743360,278,0
1235743433,118,1
1235744731,119,1
1235745838,120,1
1235746420,122,1
1235747745,123,1
1235749053,130,1
1235749426,133,1
1235750087,136,1
1235751087,137,1
1235751169,190,0
1235752284,142,1
1235752691,143,1
1235753616,291,0
1235754101,150,1
1235754723,293,0
1235755317,153,1
1235756315,156,1
1235757451,198,0
1235757639,165,1
1235758145,152,0
1235759017,169,1
1235759543,180,1
1235760024,188,1
1235760135,301,0
1235760608,192,1
1235761274,303,0
1235762191,203,1
1235763151,207,1
1235764143,208,1
1235764934,229,1
1235765624,230,1
1235767024,233,1
1235767819,235,1
1235768372,239,1
1235769199,244,1
1235770665,245,1
1235771501,259,1
1235772546,219,0
1235772939,261,1
1235773844,279,1
1235774420,284,1
1235775083,319,0
1235775577,289,1
1235776258,307,1
1235777384,317,1
1235778671,319,1
1235779371,332,1
1235779712,334,1
1235780824,344,1
1235782208,347,1
1235783381,352,1
1235784142,328,0
1235784519,358,1
1235785207,360,1
1235786223,367,1
1235787150,332,0
1235787603,368,1
1235788769,372,1
1235790260,375,1
1235790996,378,1
1235792371,384,1
1235793000,385,1
1235793852,391,1
1235794684,396,1
1235794841,341,0
1235795282,399,1
1235795615,401,1
1235796937,410,1
1235798619,428,1
1235800014,430,1
1235800827,460,1
1235802204,481,1
1235802601,482,1
1235803518,486,1
1235803935,491,1
1235804441,500,1
1235805957,517,1
1235806975,518,1
1235807663,520,1
1235808195,534,1
1235808992,540,1
1235809486,551,1
1235810203,558,1
1235810816,559,1
1235811261,561,1
1235811884,362,0
1235812336,566,1
1235813639,572,1
1235814785,581,1
1235816269,583,1
1235817380,599,1
1235818940,607,1
1235820396,624,1
1235821125,639,1
1235821691,644,1
1235822957,654,1
1235823574,673,1
1235824650,674,1
1235825235,676,1
1235826212,677,1
1235827097,679,1
1235828355,682,1
1235828842,685,1
1235829316,204,0
1235830266,690,1
1235831278,694,1
1235832520,696,1
1235833206,707,1
1235833892,382,0
1235833976,708,1
1235834321,709,1
1235835759,712,1
1235836461,714,1
1235836945,719,1
1235837540,736,1
1235838969,748,1
1235839181,298,0
1235839933,752,1
1235841423,757,1
1235842666,759,1
1235843413,768,1
1235844652,774,1
1235844982,775,1
1235845930,779,1
1235847397,781,1
1235847897,786,1
1235848851,445,0
1235848964,309,0
1235849287,794,1
1235849838,800,1
1235850333,802,1
1235851570,805,1
1235852329,819,1
1235853726,821,1
1235854694,836,1
1235855382,846,1
1235856400,849,1
1235857689,850,1
1235859214,863,1
1235860147,871,1
1235860503,873,1
1235861993,889,1
1235862867,897,1
1235864313,898,1
1235865487,904,1
1235866515,919,1
1235867324,923,1
1235868165,929,1
1235868640,930,1
1235868973,4,0
1235870027,933,1
1235871496,937,1
1235871926,939,1
1235873174,942,1
1235874483,948,1
1235875095,972,1
1235876548,974,1
1235877474,2293,0
1235878007,976,1
1235879648,989,1
1235879740,480,0
1235880674,990,1
1235881670,991,1
1235882167,994,1
1235883599,995,1
1235883950,2301,0
1235884872,437,0
1235885082,1001,1
1235885917,1005,1
1235887207,1014,1
1235888199,1017,1
1235888724,1022,1
1235889234,1025,1
1235889775,1040,1
1235890233,494,0
1235890624,1041,1
1235891808,1049,1
1235892868,1052,1
1235893910,1058,1
1235894723,1070,1
1235895803,1073,1
1235897200,1083,1
1235897323,2318,0
1235898091,1084,1
1235898554,1086,1
1235899332,1092,1
1235900722,1093,1
1235901734,2323,0
1235901943,1107,1
1235903055,1116,1
1235904106,1117,1
1235904684,1118,1
1235905588,1119,1
1235906033,1120,1
1235906670,1126,1
1235907276,2331,0
1235907726,1134,1
1235908681,1142,1
1235909597,1150,1
1235910318,1155,1
1235910696,1157,1
1235911385,1167,1
1235912536,1174,1
1235913200,1175,1
1235914652,1176,1
1235915612,1179,1
1235916422,1198,1
1235917022,2343,0
1235917907,1203,1
1235919223,1205,1
1235920039,1207,1
1235920590,1212,1
1235920981,1216,1
1235922008,76,0
1235922316,1239,1
1235922966,1243,1
1235924549,1255,1
1235925065,1258,1
1235925558,488,0
1235926399,1260,1
1235927060,490,0
1235927934,1273,1
1235928384,1276,1
1235928907,1279,1
1235929212,2360,0
1235929435,494,0
1235930393,1283,1
1235930903,1291,1
1235931315,101,0
1235931665,1292,1
1235932177,1298,1
1235933574,1300,1
1235934927,1304,1
1235935667,1311,1
1235936457,1320,1
1235937810,1325,1
1235938374,1327,1
1235939819,1332,1
1235940153,1333,1
1235941505,1338,1
1235943012,1342,1
1235944295,1351,1
1235945452,1363,1
1235945882,116,0
1235946954,1376,1
1235948356,1377,1
1235949587,1381,1
1235950584,1384,1
1235950787,65,0
1235951359,1388,1
1235952055,1401,1
1235953638,1409,1
1235954147,1416,1
1235954735,1435,1
1235956132,1436,1
1235956537,1437,1
1235957365,1438,1
1235957599,2393,0
1235957883,1439,1
1235958073,579,0
1235959224,1445,1
1235960123,530,0
1235960494,1449,1
1235961624,1452,1
1235962069,1459,1
1235962981,1463,1
1235963338,1465,1
1235964669,1476,1
1235965467,1487,1
1235966513,132,0
1235966712,1489,1
1235967220,1490,1
1235968337,1497,1
1235968946,1501,1
1235970292,1503,1
1235971353,1504,1
1235972691,1513,1
1235974015,1516,1
1235975088,12,0
1235975190,1518,1
1235976469,1525,1
1235977213,1532,1
1235977772,1546,1
1235978869,552,0
1235979049,1550,1
1235980012,1566,1
1235980780,149,0
1235980883,1574,1
1235981736,1575,1
1235982333,1587,1
1235983569,1588,1
1235984061,1599,1
1235985076,1604,1
1235985530,1605,1
1235986539,1609,1
1235987212,1610,1
1235988407,1611,1
1235989773,1618,1
1235991247,1627,1
1235991722,162,0
1235992389,1633,1
1235993189,1636,1
1235993958,622,0
1235994722,1642,1
1235995280,1647,1
1235996056,1658,1
1235997210,1663,1
1235997629,1669,1
1235998584,1674,1
1235999179,1675,1
1235999933,1693,1
1236000063,2447,0
1236000467,1696,1
1236001063,1697,1
1236002612,1708,1
1236003090,1709,1
1236003836,1710,1
1236005138,1712,1
1236006485,1716,1
1236007332,1720,1
1236008627,1723,1
1236009327,1734,1
1236010778,1740,1
1236011249,1749,1
1236011708,28,0
1236012643,1750,1
1236012666,30,0
1236013210,1753,1
1236014318,1757,1
1236014724,1761,1
1236016102,1767,1
1236016719,1775,1
1236017832,1790,1
1236017896,196,0
1236018702,1794,1
1236020073,1799,1
1236021434,1800,1
1236022379,2473,0
1236022618,1801,1
1236023389,1804,1
1236025066,1828,1
1236025662,1837,1
1236026825,1846,1
1236027168,61,0
1236027483,207,0
1236027979,1853,1
1236029189,1854,1
1236029724,1865,1
1236029858,2484,0
1236030633,1867,1
1236031126,1881,1
1236031802,1883,1
1236033080,1886,1
1236033786,1891,1
1236034939,1896,1
1236036279,1898,1
1236036955,1909,1
1236037669,1913,1
1236038538,1918,1
1236039227,1921,1
1236040591,1924,1
1236041712,1931,1
1236043318,1943,1
1236043402,76,0
1236044101,1951,1
1236044793,1953,1
1236045721,1956,1
1236046503,69,0
1236046596,2504,0
1236046678,1957,1
1236047478,1958,1
1236048089,1961,1
1236048510,1963,1
1236050028,1970,1
1236051554,1973,1
1236052447,1980,1
1236052881,1982,1
1236054265,1985,1
1236055509,1986,1
1236056345,1988,1
1236057350,1990,1
1236058735,1993,1
1236060185,1994,1
1236060730,2521,0
1236061464,1997,1
1236062389,1998,1
1236063344,2003,1
1236064741,2004,1
1236065319,2009,1
1236066356,2010,1
1236067026,2031,1
1236068089,2032,1
1236068688,2036,1
1236069614,2040,1
1236070137,2049,1
1236070420,2533,0
1236071354,2060,1
1236071791,2065,1
1236072198,2066,1
1236073549,2075,1
1236074846,2087,1
1236075010,2539,0
1236076196,2094,1
1236077670,2100,1
1236078728,2104,1
1236078813,2543,0
1236080034,2113,1
1236080990,2116,1
1236081809,2124,1
1236082934,2127,1
1236083460,2130,1
1236083606,108,0
1236084224,2131,1
1236084449,2551,0
1236084986,2552,0
1236085253,112,0
1236085472,2134,1
1236086995,2139,1
1236088518,2143,1
1236089244,2144,1
1236090117,2159,1
1236091245,2160,1
1236092187,2178,1
1236093101,2187,1
1236094020,2194,1
1236095499,2196,1
1236095564,2564,0
1236096411,2198,1
1236097127,51,0
1236097458,2201,1
1236098797,2210,1
1236099755,2214,1
1236100892,2223,1
1236101705,2225,1
1236102767,2229,1
1236103391,132,0
1236103647,2241,1
1236104014,73,0
1236104474,2247,1
1236105158,2255,1
1236106666,2257,1
1236107132,2261,1
1236107632,2265,1
1236108836,2279,1
1236109437,2286,1
1236110973,2303,1
1236112264,2304,1
1236112631,2308,1
1236113905,2311,1
1236114374,2325,1
1236114909,2328,1
1236115865,2340,1
1236116866,2343,1
1236118415,2348,1
1236119307,2350,1
1236119645,152,0
1236120746,2356,1
1236121578,2363,1
1236122165,2368,1
1236123193,2369,1
1236123657,2383,1
1236123672,84,0
1236124054,85,0
1236124908,2384,1
1236125887,2405,1
1236126865,2409,1
1236128034,2414,1
1236128601,2421,1
1236130062,2428,1
1236130357,2607,0
1236130570,2433,1
1236131677,2440,1
1236132911,2456,1
1236133345,2458,1
1236134511,2461,1
1236135322,2466,1
1236136347,2475,1
1236137444,2482,1
1236138988,2488,1
1236139675,115,0
1236140341,2497,1
1236141814,2501,1
1236143068,2507,1
1236143489,119,0
1236144569,2516,1
1236145269,179,0
1236146014,2527,1
1236146701,110,0
1236147368,2626,0
1236147476,2536,1
1236148684,13,0
1236148821,2538,1
1236149680,186,0
1236149786,2631,0
1236149917,2539,1
1236151091,2543,1
1236151607,2546,1
1236151731,121,0
1236152408,2551,1
1236153248,2555,1
1236153318,822,0
1236153823,2556,1
1236155205,2567,1
1236156320,139,0
1236156578,2579,1
1236157297,2581,1
1236158810,2584,1
1236159970,2587,1
1236160766,2592,1
1236161226,2596,1
1236161986,2648,0
1236162323,2606,1
1236163546,2610,1
1236164431,2611,1
1236165495,2614,1
1236165740,151,0
1236169278,10,1
1236170034,153,0
1236170639,23,1
1236171511,31,1
1236172726,32,1
1236173055,33,1
1236173810,35,1
1236174973,45,1
1236175313,2662,0
1236175882,49,1
1236176352,56,1
1236176777,57,1
1236177370,216,0
1236178199,70,1
1236178764,72,1
1236179691,77,1
1236180038,220,0
1236180341,78,1
1236181581,82,1
1236183052,91,1
1236183799,102,1
1236183771,2675,0
1236184542,104,1
1236185990,105,1
1236187288,109,1
1236188241,117,1
1236189624,119,1
1236190429,120,1
1236190969,122,1
1236192314,123,1
1236193758,124,1
1236194386,126,1
1236194891,128,1
1236195264,132,1
1236196229,134,1
1236197378,136,1
1236198047,175,0
1236198494,140,1
1236199715,143,1
1236200884,149,1
1236201884,238,0
1236202428,155,1
1236203405,161,1
1236203924,2698,0
1236204307,166,1
1236205669,170,1
1236206583,174,1
1236208159,183,1
1236209362,184,1
1236210099,191,1
1236211015,195,1
1236212297,198,1
1236213787,204,1
1236215214,205,1
1236216362,217,1
1236217608,225,1
1236218604,231,1
1236219625,239,1
1236220274,242,1
1236221453,252,1
1236222884,253,1
1236223770,254,1
1236224398,255,1
1236225823,265,1
1236226227,273,1
1236226312,2721,0
1236227579,277,1
1236227630,907,0
1236228468,281,1
1236229140,288,1
1236230708,299,1
1236231122,43,0
1236231550,320,1
1236232241,2,0
1236232057,322,1
1236232821,326,1
1236234087,327,1
1236235343,334,1
1236235893,335,1
1236236976,341,1
1236238085,342,1
1236239492,344,1
1236240393,359,1
1236241310,360,1
1236242030,368,1
1236242433,376,1
1236242908,380,1
1236243483,393,1
1236244350,394,1
1236244823,395,1
1236245173,930,0
1236245455,397,1
1236245917,232,0
1236246326,399,1
1236247991,414,1
1236248694,2751,0
1236248827,416,1
1236249525,417,1
1236250283,292,0
1236251098,430,1
1236252392,437,1
1236252944,444,1
1236253728,449,1
1236254163,452,1
1236254910,462,1
1236255817,463,1
1236256616,2762,0
1236256783,479,1
1236258240,481,1
1236258833,487,1
1236258886,2766,0
1236259405,497,1
1236260495,505,1
1236262010,512,1
1236262942,520,1
1236263655,523,1
1236264997,528,1
1236265930,535,1
1236267026,538,1
1236267887,540,1
1236268122,2776,0
1236268729,546,1
1236268970,2778,0
1236269230,548,1
1236270012,562,1
1236270577,565,1
1236270913,34,0
1236271748,567,1
1236272469,571,1
1236274000,589,1
1236274876,591,1
1236275904,60,0
1236275504,598,1
1236276029,2789,0
1236277020,604,1
1236277991,605,1
1236279164,607,1
1236280071,611,1
1236281062,613,1
1236281593,615,1
1236282972,619,1
1236283097,39,0
1236284217,71,0
1236284102,620,1
1236284815,622,1
1236285581,624,1
1236286141,627,1
1236287001,634,1
1236288323,120,0
1236288526,637,1
1236290101,644,1
1236290428,38,0
1236291260,645,1
1236292433,2,0
1236292807,663,1
1236293857,670,1
1236294581,5,0
1236295064,672,1
1236295597,678,1
1236296065,8,0
1236296339,1000,0
1236297007,683,1
1236297407,687,1
1236298982,697,1
1236299722,712,1
1236300664,714,1
1236300838,54,0
1236301882,16,0
1236301906,17,0
1236302091,2826,0
1236302558,58,0
1236303344,716,1
1236304653,717,1
1236305759,721,1
1236306517,724,1
1236307561,725,1
1236308258,728,1
1236309290,732,1
1236309333,26,0
1236310302,736,1
1236310889,740,1
1236312004,743,1
1236313198,753,1
1236314151,71,0
1236314911,785,1
1236315363,789,1
1236316866,2843,0
1236317018,807,1
1236318335,810,1
1236318955,1030,0
1236319672,829,1
1236320696,121,0
1236320251,845,1
1236320740,846,1
1236321437,853,1
1236321952,855,1
1236322741,876,1
1236324113,885,1
1236325162,902,1
1236326225,913,1
1236327372,914,1
1236328713,925,1
1236329262,927,1
1236330160,932,1
1236330388,2861,0
1236330950,346,0
1236331266,950,1
1236332431,952,1
1236333096,957,1
1236334526,960,1
1236334938,2867,0
1236335161,983,1
1236335301,353,0
1236335591,101,0
1236335700,1055,0
1236336614,989,1
1236337315,994,1
1236338152,998,1
1236338373,1059,0
1236338568,999,1
1236339221,1005,1
1236340249,1006,1
1236340402,1063,0
1236340902,1007,1
1236341814,1014,1
1236342949,1024,1
1236343525,1031,1
1236343980,1036,1
1236345485,1039,1
1236346477,1043,1
1236347841,1046,1
1236348946,1050,1
1236349029,2889,0
1236349389,1056,1
1236350477,164,0
1236350336,1058,1
1236351303,80,0
1236351531,1059,1
1236352799,1060,1
1236353828,1062,1
1236354780,1068,1
1236355856,1070,1
1236356758,1073,1
1236357533,1082,1
1236358395,2901,0
1236358869,1085,1
1236359451,1087,1
1236360057,1088,1
1236360843,1089,1
1236361428,1091,1
1236361637,2907,0
1236362304,1098,1
1236363377,1100,1
1236363962,1103,1
1236365055,1110,1
1236365089,396,0
1236366377,1113,1
1236366950,398,0
1236367404,146,0
1236367666,1133,1
1236368730,1144,1
1236369522,1149,1
1236371026,1150,1
1236372425,1154,1
1236372952,1159,1
1236374181,1165,1
1236374614,407,0
1236374678,2924,0
1236375512,1169,1
1236376267,1177,1
1236376530,2927,0
1236376764,412,0
1236377257,1181,1
1236377419,161,0
1236378722,1187,1
1236379130,1189,1
1236379848,1198,1
1236380956,1199,1
1236381721,1200,1
1236383089,1202,1
1236384336,1207,1
1236385039,254,0
1236385772,1212,1
1236386225,1213,1
1236386844,1219,1
1236388073,1221,1
1236389551,1228,1
1236391160,216,0
1236390715,1237,1
1236391626,1240,1
1236391975,126,0
1236392964,1241,1
1236394331,1248,1
1236395445,1253,1
1236396439,1269,1
1236396722,1135,0
1236397779,1272,1
1236398967,1285,1
1236399706,1290,1
1236399818,134,0
1236400677,1291,1
1236401774,1295,1
1236403127,1301,1
1236404569,1310,1
1236405449,1312,1
1236406309,2962,0
1236406548,1313,1
1236407266,1318,1
1236407671,2965,0
1236408433,1323,1
1236409547,1331,1
1236409836,146,0
1236410399,1352,1
1236410750,1354,1
1236411714,1355,1
1236412283,288,0
1236412790,1357,1
1236412845,1157,0
1236413363,1158,0
1236414238,1374,1
1236415280,1375,1
1236416032,1378,1
1236416418,1380,1
1236417488,1392,1
1236418406,1403,1
1236418799,160,0
1236419366,1404,1
1236420368,162,0
1236420422,163,0
1236421103,1430,1
1236422582,1431,1
1236422937,1433,1
1236423294,2989,0
1236423976,1446,1
1236425322,1448,1
1236426440,1449,1
1236427112,1460,1
1236428246,1464,1
1236428933,1479,1
1236430019,1480,1
1236430918,2997,0
1236431542,1483,1
1236432808,1492,1
1236433947,1494,1
1236435116,1512,1
1236436485,1513,1
1236437789,1516,1
1236438519,1525,1
1236440026,1531,1
1236440774,1540,1
1236441385,1190,0
1236442200,1541,1
1236442646,68,0
1236442928,1546,1
1236444467,1553,1
1236445658,1555,1
1236446330,1559,1
1236447105,1568,1
1236447493,1572,1
1236448351,1577,1
1236448814,1588,1
1236449027,502,0
1236449311,78,0
1236449909,1592,1
1236450577,1596,1
1236451668,1602,1
1236452019,1603,1
1236452498,1614,1
1236453426,1619,1
1236454903,1625,1
1236456033,1627,1
1236456633,1630,1
1236457109,1637,1
1236457953,1641,1
1236458787,1643,1
1236459632,1644,1
1236461020,1646,1
1236462468,1652,1
1236463588,1655,1
1236463945,520,0
1236464442,1220,0
1236464875,214,0
1236465167,1664,1
1236466568,1678,1
1236466648,525,0
1236467988,1691,1
1236468790,1693,1
1236469184,528,0
1236469692,1701,1
1236470846,1708,1
1236471618,1713,1
1236472653,1717,1
1236473337,1731,1
1236473952,1734,1
1236475314,1738,1
1236476609,1739,1
1236477505,1743,1
1236477911,15,0
1236478524,1238,0
1236478580,1744,1
1236479311,329,0
1236479337,1746,1
1236480112,1751,1
1236481752,1764,1
1236482716,1770,1
1236483530,1794,1
1236483592,20,0
1236484936,1803,1
1236485289,1806,1
1236486212,1818,1
1236486604,1820,1
1236487772,1840,1
1236488227,1845,1
1236488724,1851,1
1236490046,1852,1
1236490282,3072,0
1236490583,1855,1
1236491531,1857,1
1236492057,1864,1
1236492548,1865,1
1236493835,1866,1
1236494683,1871,1
1236495084,1873,1
1236496575,1881,1
1236498019,1882,1
1236498394,1884,1
1236498586,399,0
1236498993,7,0
1236499069,1885,1
1236500247,1912,1
1236501575,403,0
1236501729,1917,1
1236501799,11,0
1236502041,12,0
1236502731,1923,1
1236503812,1947,1
1236505032,1976,1
1236505853,1983,1
1236506241,1984,1
1236507308,1986,1
1236507342,270,0
1236508540,1988,1
1236509604,2016,1
1236510098,2032,1
1236510693,2038,1
1236511830,2045,1
1236513173,2047,1
1236513414,6,0
1236513876,2048,1
1236514681,2059,1
1236515671,2060,1
1236516599,2061,1
1236517836,2062,1
1236518329,2065,1
1236518990,2071,1
1236520037,2077,1
1236521265,2078,1
1236522272,2081,1
1236523412,2083,1
1236523469,18,0
1236524433,2086,1
1236524849,2095,1
1236526238,2097,1
1236526828,2101,1
1236528077,2112,1
1236529252,2121,1
1236530299,607,0
1236530689,2128,1
1236531994,2129,1
1236532492,2130,1
1236533458,2134,1
1236534402,28,0
1236534467,2137,1
1236535670,3132,0
1236535869,2139,1
1236536889,2141,1
1236537793,407,0
1236538110,2146,1
1236539162,2157,1
1236540229,2162,1
1236540821,2168,1
1236541444,7,0
1236541718,2176,1
1236542169,2180,1
1236543280,2183,1
1236544197,2190,1
1236545144,2192,1
1236546630,2195,1
1236547622,2204,1
1236547998,46,0
1236548382,2211,1
1236549563,2212,1
1236550334,3151,0
1236550481,2223,1
1236550601,3153,0
1236551547,2228,1
1236551979,2238,1
1236552348,2239,1
1236553024,2245,1
1236553939,2287,1
1236554921,3159,0
1236555030,2303,1
1236555784,2304,1
1236556715,59,0
1236556921,2306,1
1236557941,2310,1
1236558810,2311,1
1236559263,2323,1
1236560074,2325,1
1236561458,42,0
1236561500,2326,1
1236562052,66,0
1236562421,2337,1
1236562946,2342,1
1236563743,3173,0
1236564434,2345,1
1236564674,49,0
1236564874,3176,0
1236564981,2360,1
1236566175,2365,1
1236566557,2366,1
1236567395,2368,1
1236568929,2377,1
1236569466,2379,1
1236570224,2380,1
1236571591,2381,1
1236572155,2382,1
1236572868,2385,1
1236573753,2386,1
1236575145,2393,1
1236576426,2394,1
1236577521,2400,1
1236577991,2403,1
1236578742,2408,1
1236578925,3193,0
1236579930,2411,1
1236580536,2412,1
1236581243,2417,1
1236581408,91,0
1236581566,3198,0
1236582369,2424,1
1236583151,1383,0
1236583905,2428,1
1236584770,2438,1
1236585852,2439,1
1236586202,98,0
1236586529,2441,1
1236587348,2442,1
1236588855,2444,1
1236592774,34,0
1236589268,2448,1
1236590744,2454,1
1236592051,83,0
1236592086,2458,1
1236593584,2467,1
1236594080,2476,1
1236595086,2477,1
1236596232,2480,1
1236597486,2482,1
1236598074,1401,0
1236598541,2507,1
1236599993,2508,1
1236600600,2515,1
1236604237,47,0
1236601810,2522,1
1236602171,118,0
1236603335,2531,1
1236603463,97,0
1236604441,2533,1
1236605049,122,0
1236605651,3229,0
1236605947,2546,1
1236606417,2551,1
1236607230,2565,1
1236607955,2567,1
1236608383,2573,1
1236609176,2583,1
1236610667,2586,1
1236611757,2592,1
1236612785,2593,1
1236614046,2594,1
1236615217,2595,1
1236616012,2597,1
1236617470,2608,1
1236618275,2611,1
1236618474,116,0
1236619432,2615,1
1236622295,2,1
1236623191,4,1
1236624577,9,1
1236625184,119,0
1236625925,14,1
1236626466,29,1
1236627692,30,1
1236628238,31,1
1236629162,33,1
1236629715,37,1
1236631249,51,1
1236632471,61,1
1236632463,150,0
1236633071,3258,0
1236634007,71,1
1236634488,74,1
1236635546,77,1
1236636314,79,1
1236637017,90,1
1236637658,118,1
1236639201,133,1
1236639650,140,1
1236640874,145,1
1236641477,23,0
1236641749,148,1
1236643998,152,1
1236644532,164,0
1236645592,162,1
1236645846,3273,0
1236646355,166,1
1236647573,168,1
1236648375,174,1
1236649001,175,1
1236649523,171,0
1236650200,178,1
1236650442,173,0
1236651452,180,1
1236652124,183,1
1236652317,3283,0
1236653242,1467,0
1236653482,205,1
1236654178,206,1
1236655597,209,1
1236656332,210,1
1236658030,229,1
1236659226,239,1
1236659775,241,1
1236660785,244,1
1236661334,309,0
1236662314,248,1
1236663235,249,1
1236664810,261,1
1236665297,265,1
1236666130,278,1
1236666428,3299,0
1236666999,282,1
1236668210,291,1
1236669204,292,1
1236669737,304,1
1236671140,309,1
1236672035,311,1
1236673272,313,1
1236674742,321,1
1236675989,322,1
1236676779,327,1
1236678060,333,1
1236679263,334,1
1236679434,328,0
1236680134,3313,0
1236680785,348,1
1236681251,354,1
1236682346,355,1
1236683703,364,1
1236684319,189,0
1236684586,366,1
1236685925,378,1
1236686272,382,1
1236687021,395,1
1236687450,194,0
1236688340,398,1
1236688816,3325,0
1236689439,342,0
1236690280,408,1
1236690721,411,1
1236691314,414,1
1236692301,418,1
1236692744,202,0
1236693063,420,1
1236694141,81,0
1236694188,440,1
1236695290,57,0
1236695576,453,1
1236696394,1520,0
1236696646,454,1
1236697614,458,1
1236698142,468,1
1236698575,471,1
1236699757,473,1
1236701305,485,1
1236701974,489,1
1236702428,497,1
1236703808,498,1
1236705144,499,1
1236705889,509,1
1236707243,515,1
1236708253,517,1
1236709150,528,1
1236709875,531,1
1236711228,537,1
1236711301,247,0
1236712257,225,0
1236712617,545,1
1236713210,551,1
1236714082,555,1
1236715636,567,1
1236716332,573,1
1236716675,100,0
1236717394,575,1
1236717839,576,1
1236718823,580,1
1236719952,599,1
1236721121,602,1
1236721524,608,1
1236722070,617,1
1236722910,620,1
1236723587,622,1
1236724665,629,1
1236726051,636,1
1236726582,646,1
1236727419,650,1
1236727726,268,0
1236728669,658,1
1236729628,666,1
1236729825,177,0
1236730806,673,1
1236731177,678,1
1236732190,682,1
1236733177,705,1
1236734019,708,1
1236734448,710,1
1236734925,1565,0
1236735699,713,1
1236736771,716,1
1236738132,722,1
1236738834,1569,0
1236739038,727,1
1236739187,3388,0
1236739372,729,1
1236740223,730,1
1236741010,736,1
1236742160,738,1
1236743605,741,1
1236743902,109,0
1236744705,754,1
1236745551,755,1
1236746130,759,1
1236746995,760,1
1236747546,284,0
1236747700,762,1
1236748977,770,1
1236749959,774,1
1236751152,776,1
1236752455,790,1
1236753364,791,1
1236754999,796,1
1236755775,797,1
1236756476,4,0
1236757094,801,1
1236758297,803,1
1236759474,806,1
1236760221,811,1
1236760388,298,0
1236760623,812,1
1236760767,300,0
1236761751,12,0
1236762053,13,0
1236762121,818,1
1236763076,823,1
1236764338,829,1
1236765847,837,1
1236766367,838,1
1236767770,840,1
1236767840,309,0
1236769178,842,1
1236770779,855,1
1236771534,312,0
1236771799,857,1
1236772240,860,1
1236772940,863,1
1236773364,139,0
1236773839,869,1
1236774780,28,0
1236774833,870,1
1236775243,878,1
1236776299,890,1
1236777455,905,1
1236778555,916,1
1236779199,919,1
1236780229,941,1
1236780894,944,1
1236782333,946,1
1236782852,80,0
1236783837,953,1
1236785536,962,1
1236785941,967,1
1236787338,971,1
1236787661,3447,0
1236788846,977,1
1236789690,984,1
1236791239,991,1
1236792275,992,1
1236793558,996,1
1236794785,998,1
1236795148,999,1
1236796183,1638,0
1236796286,48,0
1236796379,49,0
1236796664,1002,1
1236797719,3459,0
1236797847,3460,0
1236798170,1007,1
1236798900,1013,1
1236800214,1015,1
1236800760,56,0
1236801772,1025,1
1236802826,1030,1
1236804211,1041,1
1236804929,60,0
1236805653,1054,1
1236806079,1065,1
1236807549,1068,1
1236807915,3472,0
1236808188,1075,1
1236809452,1076,1
1236809502,46,0
1236810203,3476,0
1236810293,21,0
1236810552,1077,1
1236810934,1078,1
1236812044,70,0
1236812496,1091,1
1236813090,1092,1
1236814295,1093,1
1236814684,1101,1
1236815266,1108,1
1236815944,1117,1
1236816460,1124,1
1236816971,38,0
1236817091,1134,1
1236818777,1153,1
1236819294,128,0
1236819393,377,0
1236819598,378,0
1236821174,1193,1
1236822354,1194,1
1236823103,1195,1
1236824275,1209,1
1236825290,1681,0
1236826031,1233,1
1236827200,1235,1
1236828693,1244,1
1236829777,1245,1
1236830336,1247,1
1236831701,1250,1
1236833065,1251,1
1236833999,1253,1
1236834392,1257,1
1236835826,1260,1
1236836240,101,0
1236837019,1264,1
1236837115,101,0
1236837985,1267,1
1236838194,103,0
1236838418,1271,1
1236838922,1272,1
1236839544,1290,1
1236840345,1700,0
1236840630,1293,1
1236841927,1296,1
1236842310,405,0
1236842481,1297,1
1236843256,1298,1
1236844246,1305,1
1236845521,1308,1
1236846569,1320,1
1236846778,97,0
1236847763,1322,1
1236847894,165,0
1236848303,1341,1
1236848839,1351,1
1236850382,1355,1
1236851370,1360,1
1236852016,1363,1
1236853400,1366,1
1236853973,126,0
1236854095,1372,1
1236854934,1375,1
1236855597,1385,1
1236856503,615,0
1236856935,1386,1
1236858206,1393,1
1236858767,3543,0
1236859196,115,0
1236859508,136,0
1236859644,1394,1
1236860584,1396,1
1236861112,1397,1
1236862311,1399,1
1236863469,1405,1
1236863937,3551,0
1236864206,1408,1
1236864572,144,0
1236864895,3554,0
1236865020,1416,1
1236866232,1418,1
1236867576,1421,1
1236868963,1447,1
1236870162,1460,1
1236870305,3560,0
1236871284,1467,1
1236872620,1470,1
1236873359,1471,1
1236873515,135,0
1236874296,1472,1
1236874499,137,0
1236875911,1483,1
1236876874,1487,1
1236878290,1493,1
1236879547,1500,1
1236880702,1754,0
1236880777,1502,1
1236881631,1505,1
1236881994,1509,1
1236882570,166,0
1236882878,121,0
1236883381,1515,1
1236884680,1517,1
1236885543,1521,1
1236886030,1528,1
1236886482,1529,1
1236887337,1544,1
1236888516,1547,1
1236888879,1548,1
1236889116,470,0
1236890383,1561,1
1236890477,63,0
1236891607,1564,1
1236891954,1565,1
1236893217,475,0
1236893532,1579,1
1236893569,183,0
1236893955,1582,1
1236894784,1583,1
1236895515,3595,0
1236895836,187,0
1236896156,1585,1
1236896885,1588,1
1236897879,1591,1
1236898533,1598,1
1236899061,146,0
1236899722,1608,1
1236900550,1615,1
1236900569,21,0
1236901849,1627,1
1236902489,1632,1
1236903677,1639,1
1236905088,1644,1
1236906214,1647,1
1236906620,1653,1
1236908029,1656,1
1236909268,1667,1
1236910557,1669,1
1236910882,1671,1
1236912218,1687,1
1236912561,1689,1
1236914139,1697,1
1236915211,1703,1
1236915849,1704,1
1236916825,1710,1
1236917197,1711,1
1236918729,98,0
1236919831,508,0
1236919845,1722,1
1236920555,1729,1
1236921512,1732,1
1236922459,1737,1
1236923060,219,0
1236923121,1748,1
1236923895,1754,1
1236924330,1759,1
1236924771,1761,1
1236925488,1767,1
1236926239,1770,1
1236927524,1777,1
1236928953,1778,1
1236929521,1820,0
1236930000,1784,1
1236930810,1788,1
1236931117,231,0
1236932266,1791,1
1236933090,1797,1
1236934646,1805,1
1236936183,1809,1
1236936747,1813,1
1236937834,1814,1
1236938415,1836,1
1236939172,1842,1
1236940529,1850,1
1236941463,1857,1
1236942562,1864,1
1236942908,1867,1
1236943699,1873,1
1236944258,1893,1
1236945040,1902,1
1236946552,1906,1
1236947434,1918,1
1236948158,1924,1
1236948700,36,0
1236948776,1938,1
1236949514,1941,1
1236950297,1845,0
1236950397,1950,1
1236951264,1956,1
1236951761,1959,1
1236952094,257,0
1236952181,1960,1
1236953016,1961,1
1236954375,47,0
1236954555,1974,1
1236956079,1988,1
1236956707,244,0
1236957167,1990,1
1236958532,1995,1
1236959851,2001,1
1236960287,2005,1
1236961147,268,0
1236961236,2010,1
1236961662,11,0
1236962389,2016,1
1236962812,2019,1
1236963027,758,0
1236964266,2044,1
1236964659,2046,1
1236965483,2049,1
1236966198,2057,1
1236967087,2058,1
1236968157,2063,1
1236969536,2067,1
1236970733,2088,1
1236971189,2090,1
1236972243,2098,1
1236973004,2113,1
1236973719,158,0
1236973699,286,0
1236974184,2120,1
1236975313,2124,1
1236975756,2127,1
1236976882,2129,1
1236977252,2134,1
1236977966,2135,1
1236978766,2139,1
1236978856,34,0
1236979449,2151,1
1236979937,2158,1
1236980400,2160,1
1236981466,2163,1
1236982707,2165,1
1236983183,2172,1
1236983795,2174,1
1236984156,2177,1
1236984961,2181,1
1236986151,86,0
1236986277,2182,1
1236986867,2189,1
1236987099,89,0
1236988151,2201,1
1236988640,91,0
1236989594,2211,1
1236989963,2216,1
1236990024,293,0
1236991500,2247,1
1236992781,2252,1
1236993660,2254,1
1236995020,2258,1
1236995048,612,0
1236996224,2259,1
1236996456,614,0
1236997673,2263,1
1236997915,1914,0
1236998383,2266,1
1236999172,2268,1
1237000471,2269,1
1237001087,2273,1
1237002361,2278,1
1237002808,2280,1
1237004352,2293,1
1237004832,111,0
1237004994,330,0
1237006009,2311,1
1237006716,2314,1
1237007418,333,0
1237007580,2316,1
1237009093,2319,1
1237009685,317,0
1237009805,2326,1
1237011107,2331,1
1237012227,2336,1
1237012932,2342,1
1237013824,2344,1
1237015198,2347,1
1237016632,2352,1
1237017665,1937,0
1237017708,2353,1
1237019058,2360,1
1237019815,2365,1
1237020796,2392,1
1237022242,2395,1
1237023435,2402,1
1237024362,2424,1
1237024427,78,0
1237025058,1946,0
1237025304,2425,1
1237025726,2427,1
1237027204,2428,1
1237028437,2429,1
1237029282,2453,1
1237029691,2454,1
1237030234,2457,1
1237030594,2462,1
1237031738,2464,1
1237032513,363,0
1237032659,2470,1
1237033702,2475,1
1237034193,2476,1
1237034778,2484,1
1237036166,2499,1
1237036522,2500,1
1237037943,2502,1
1237038682,2506,1
1237039104,372,0
1237040183,2507,1
1237040943,2509,1
1237041055,375,0
1237041509,2524,1
1237042181,2528,1
1237043565,2540,1
1237044433,2548,1
1237044876,1973,0
1237045148,676,0
1237045845,2552,1
1237047347,2575,1
1237048279,2576,1
1237048776,2584,1
1237049576,2587,1
1237050772,2589,1
1237050969,683,0
1237051760,684,0
1237052326,2595,1
1237053142,2597,1
1237053254,392,0
1237053689,12,0
1237053971,2607,1
1237057527,8,1
1237058026,14,1
1237058727,18,1
1237059535,24,1
1237060444,29,1
1237061647,35,1
1237062209,696,0
1237062885,40,1
1237063800,43,1
1237065291,46,1
1237066758,53,1
1237066703,406,0
1237067318,55,1
1237068092,67,1
1237068715,70,1
1237069334,71,1
1237070346,87,1
1237070896,2005,0
1237071542,99,1
1237072290,100,1
1237072834,415,0
1237073337,105,1
1237073678,902,0
1237074191,106,1
1237074910,113,1
1237076159,125,1
1237076750,130,1
1237077111,135,1
1237077704,141,1
1237078112,424,0
1237078791,145,1
1237079508,152,1
1237080284,167,0
1237080364,408,0
1237080722,156,1
1237081690,160,1
1237082254,161,1
1237082600,162,1
1237083327,163,1
1237084197,307,0
1237084438,171,1
1237084855,174,1
1237086244,179,1
1237086515,57,0
1237087359,182,1
1237088257,186,1
1237089357,199,1
1237090741,205,1
1237091890,207,1
1237092317,212,1
1237092857,740,0
1237093357,225,1
1237094759,230,1
1237095895,232,1
1237096575,744,0
1237096900,243,1
1237098418,245,1
1237099030,247,1
1237099300,72,0
1237099552,249,1
1237099997,250,1
1237101078,252,1
1237101647,265,1
1237101895,753,0
1237102142,2052,0
1237102817,281,1
1237103802,290,1
1237104696,458,0
1237105265,295,1
1237106406,460,0
1237106440,760,0
1237106671,301,1
1237108155,306,1
1237109192,309,1
1237109947,313,1
1237111008,315,1
1237111542,327,1
1237112873,332,1
1237113739,334,1
1237113741,769,0
1237114633,348,1
1237115970,358,1
1237116554,367,1
1237117996,372,1
1237119287,373,1
1237120937,389,1
1237122315,404,1
1237122907,405,1
1237124000,409,1
1237124941,464,0
1237124967,411,1
1237125391,482,0
1237126026,413,1
1237126612,420,1
1237127460,424,1
1237127467,975,0
1237127842,427,1
1237129268,429,1
1237130411,436,1
1237131407,439,1
1237132390,453,1
1237132840,115,0
1237133162,470,1
1237133934,471,1
1237134444,483,1
1237135050,488,1
1237136575,493,1
1237137033,502,1
1237138109,505,1
1237139383,799,0
1237140343,508,1
1237141192,510,1
1237141477,802,0
1237142619,515,1
1237143010,522,1
1237144078,525,1
1237144519,528,1
1237144968,228,0
1237145314,529,1
1237146029,539,1
1237147530,546,1
1237147711,135,0
1237147764,233,0
1237148238,551,1
1237148534,814,0
1237148700,500,0
1237149068,558,1
1237149230,817,0
1237149632,559,1
1237149849,264,0
1237150155,562,1
1237150200,242,0
1237151420,584,1
1237152012,588,1
1237153366,509,0
1237153512,589,1
1237154244,511,0
1237154626,594,1
1237154724,529,0
1237154924,250,0
1237155166,605,1
1237156253,613,1
1237157579,615,1
1237158074,617,1
1237158260,255,0
1237159004,618,1
1237160336,624,1
1237161358,626,1
1237161891,627,1
1237163116,628,1
1237163638,639,1
1237164464,648,1
1237165386,660,1
1237166903,664,1
1237167751,666,1
1237168551,668,1
1237169025,676,1
1237169495,171,0
1237170500,684,1
1237171294,685,1
1237172016,689,1
1237172486,692,1
1237173614,700,1
1237174229,177,0
1237174587,713,1
1237174843,19,0
1237174891,856,0
1237176001,715,1
1237176562,22,0
1237176856,717,1
1237177530,24,0
1237178183,718,1
1237179642,727,1
1237180212,738,1
1237180437,563,0
1237180807,739,1
1237182071,753,1
1237183496,757,1
1237184224,868,0
1237184989,758,1
1237185950,768,1
1237186815,195,0
1237187426,317,0
1237187650,197,0
1237188611,874,0
1237188774,771,1
1237189736,774,1
1237189890,201,0
1237190787,775,1
1237190786,879,0
1237191687,777,1
1237192305,778,1
1237192401,567,0
1237193007,780,1
1237193995,783,1
1237194816,784,1
1237195276,791,1
1237196597,795,1
1237197365,797,1
1237198087,2187,0
1237198503,805,1
1237199022,810,1
1237199853,814,1
1237200953,820,1
1237202060,825,1
1237202314,2193,0
1237203112,830,1
1237203246,342,0
1237203381,596,0
1237203782,851,1
1237204990,2198,0
1237205253,852,1
1237206664,867,1
1237208041,875,1
1237209139,884,1
1237209725,889,1
1237210399,351,0
1237210787,894,1
1237211211,904,1
1237212611,909,0
1237212707,907,1
1237213762,908,1
1237214259,911,1
1237215020,912,1
1237215767,327,0
1237216178,921,1
1237216823,922,1
1237218258,929,1
1237218777,937,1
1237219829,938,1
1237220071,333,0
1237220808,619,0
1237221186,955,1
1237221615,957,1
1237222503,959,1
1237223569,963,1
1237224103,965,1
1237224519,626,0
1237224731,974,1
1237225646,976,1
1237226778,983,1
1237227390,991,1
1237228584,995,1
1237229098,998,1
1237229799,1000,1
1237230876,1005,1
1237232392,1011,1
1237233253,1017,1
1237234340,1030,1
1237235380,1047,1
1237236218,1049,1
1237236559,1132,0
1237237474,1050,1
1237237569,944,0
1237237959,1051,1
1237238422,1056,1
1237239228,1059,1
1237240500,36,0
1237240784,1069,1
1237241447,950,0
1237241996,1070,1
1237242849,1085,1
1237243158,355,0
1237243347,954,0
1237243874,1103,1
1237244337,654,0
1237244515,1105,1
1237246037,1109,1
1237247227,1126,1
1237248648,1129,1
1237249527,1138,1
1237250834,1145,1
1237251241,2261,0
1237251986,1147,1
1237253163,1154,1
1237253459,2264,0
1237253632,1164,1
1237254030,1165,1
1237255550,1168,1
1237256020,1174,1
1237256036,2269,0
1237257484,1177,1
1237258169,1178,1
1237258695,2272,0
1237258887,1188,1
1237260272,1198,1
1237260932,1201,1
1237262497,1214,1
1237263537,1221,1
1237264195,1225,1
1237264800,1231,1
1237266087,1232,1
1237266141,71,0
1237267445,1233,1
1237268033,1235,1
1237268995,1237,1
1237270470,1254,1
1237270938,1256,1
1237271838,1261,1
1237272704,1266,1
1237273273,1269,1
1237273820,677,0
1237273911,1270,1
1237275120,1287,1
1237275248,1185,0
1237276544,1294,1
1237277163,1300,1
1237277655,86,0
1237277951,1301,1
1237278516,1304,1
1237279019,1307,1
1237280173,1311,1
1237280570,1003,0
1237280798,1314,1
1237281188,1315,1
1237282602,1317,1
1237283848,1318,1
1237285075,1319,1
1237285593,1322,1
1237287085,1325,1
1237287881,1327,1
1237289041,1328,1
1237289885,1356,1
1237290571,1358,1
1237291116,1365,1
1237292127,1366,1
1237292993,1367,1
1237294335,1018,0
1237294395,1019,0
1237294513,1370,1
1237294768,1021,0
1237295437,1371,1
1237295601,2321,0
1237296120,1374,1
1237297051,1375,1
1237297700,1394,1
1237298369,1400,1
1237298756,1402,1
1237299491,1408,1
1237300745,1422,1
1237301536,476,0
1237301722,2330,0
1237302231,1427,1
1237302684,122,0
1237302788,1431,1
1237303328,1434,1
1237303745,125,0
1237304817,1438,1
1237306278,1440,1
1237307800,1456,1
1237309062,1458,1
1237309572,1467,1
1237310041,1482,1
1237311113,1489,1
1237311626,1491,1
1237313260,1505,1
1237313789,1506,1
1237314158,2346,0
1237315289,1508,1
1237315696,1515,1
1237316061,748,0
1237316368,1527,1
1237317681,1541,1
1237318558,142,0
1237318927,1542,1
1237319685,1563,1
1237320827,1564,1
1237320961,454,0
1237322302,1575,1
1237323185,505,0
1237323675,2359,0
1237323845,1580,1
1237325058,1583,1
1237326560,1590,1
1237327880,1598,1
1237328880,763,0
1237329988,764,0
1237330157,1606,1
1237330489,1607,1
1237331367,1608,1
1237332658,1615,1
1237333200,1617,1
1237334123,1621,1
1237335423,1626,1
1237335756,760,0
1237335972,1631,1
1237336418,1634,1
1237336742,13,0
1237337229,1636,1
1237337842,1646,1
1237338534,1648,1
1237339225,1653,1
1237340506,1654,1
1237341969,1660,1
1237342854,1664,1
1237343523,1666,1
1237343952,1671,1
1237345285,1672,1
1237346771,1686,1
1237347241,786,0
1237347983,536,0
1237348102,1695,1
1237348572,1704,1
1237349054,1716,1
1237349605,1726,1
1237350058,1727,1
1237351050,1732,1
1237351435,1736,1
1237351788,34,0
1237351949,1740,1
1237353473,1744,1
1237354767,1745,1
1237355248,1751,1
1237356343,1754,1
1237356799,1760,1
1237357455,1766,1
1237358782,1767,1
1237359245,1769,1
1237360568,1774,1
1237361920,1776,1
1237362504,1784,1
1237363177,1788,1
1237364286,1791,1
1237365547,1797,1
1237365984,1798,1
1237367109,801,0
1237367207,1799,1
1237368366,1806,1
1237369759,1807,1
1237370853,1811,1
1237372330,1812,1
1237373359,1814,1
1237374743,1819,1
1237375553,212,0
1237375660,1820,1
1237376784,1821,1
1237378068,1833,1
1237378208,813,0
1237379007,1840,1
1237380526,1846,1
1237380767,2429,0
1237381143,577,0
1237381737,221,0
1237381881,1853,1
1237382190,47,0
1237382831,1855,1
1237383602,1861,1
1237384458,50,0
1237384854,1863,1
1237386116,1879,1
1237387303,1886,1
1237387799,1888,1
1237388643,1889,1
1237389815,1894,1
1237390299,1900,1
1237390668,1903,1
1237391631,1906,1
1237392124,1912,1
1237393451,1913,1
1237394873,1914,1
1237396069,1928,1
1237397016,1932,1
1237397432,1933,1
1237399063,1948,1
1237399256,19,0
1237400082,1958,1
1237400693,1964,1
1237401898,1965,1
1237401943,247,0
1237402249,1967,1
1237403216,1968,1
1237403387,847,0
1237403680,27,0
1237404317,1970,1
1237405433,1985,1
1237406421,1997,1
1237406967,1999,1
1237408582,2019,1
1237409243,2020,1
1237409582,82,0
1237410288,2033,1
1237410756,2040,1
1237412019,2050,1
1237413491,2058,1
1237414322,85,0
1237414481,2080,1
1237414506,265,0
1237414851,2082,1
1237414996,43,0
1237415494,2108,1
1237416090,45,0
1237416421,2111,1
1237417527,2121,1
1237418121,2124,1
1237419019,2132,1
1237419496,2133,1
1237420540,2136,1
1237421298,2140,1
1237422088,2142,1
1237422408,5,0
1237423549,2143,1
1237423733,282,0
1237423952,8,0
1237424491,2151,1
1237425914,2153,1
1237425950,62,0
1237427295,2167,1
1237428319,2174,1
1237428473,111,0
1237429268,2175,1
1237429842,2177,1
1237430903,2178,1
1237431578,2182,1
1237431932,2185,1
1237432294,2189,1
1237433787,2196,1
1237434604,2206,1
1237435230,2219,1
1237436715,2220,1
1237436909,899,0
1237437011,900,0
1237437257,2237,1
1237438421,2239,1
1237438973,2244,1
1237440451,2248,1
1237441615,2254,1
1237441990,307,0
1237442500,2264,1
1237443203,2279,1
1237443991,2289,1
1237444992,2293,1
1237445557,2301,1
1237445649,313,0
1237445941,913,0
1237446439,2525,0
1237447027,2302,1
1237447605,2310,1
1237448211,2319,1
1237449142,2327,1
1237450145,2334,1
1237450610,2341,1
1237451454,2345,1
1237452527,2347,1
1237453754,2353,1
1237454309,2360,1
1237454419,139,0
1237455683,2361,1
1237457185,2387,1
1237457997,2396,1
1237458590,2401,1
1237459871,2405,1
1237459978,5,0
1237460784,146,0
1237460868,147,0
1237461111,2407,1
1237461110,149,0
1237461258,10,0
1237461630,2412,1
1237462770,67,0
1237463154,153,0
1237463240,2427,1
1237464535,2432,1
1237464782,16,0
1237465488,2437,1
1237466350,2445,1
1237466596,19,0
1237467901,2458,1
1237469010,2468,1
1237470700,2488,1
1237471985,2494,1
1237472319,2497,1
1237473642,2503,1
1237474979,2507,1
1237475002,2564,0
1237475633,2511,1
1237475917,132,0
1237476808,2512,1
1237477510,2517,1
1237478831,2521,1
1237479360,2530,1
1237480546,2538,1
1237480753,362,0
1237481978,2540,1
1237483362,2545,1
1237483905,176,0
1237484346,142,0
1237484890,2551,1
1237486244,2555,1
1237486650,2556,1
1237487462,2560,1
1237487835,43,0
1237488527,2561,1
1237489177,2566,1
1237489443,46,0
1237489622,2577,1
1237490088,2584,1
1237490056,2587,0
1237490206,189,0
1237490718,2605,1
1237491335,2612,1
1237492008,2614,1
1237492406,382,0
1237493103,55,0
1237495440,6,1
1237496715,10,1
1237497338,12,1
1237498026,29,1
1237498787,164,0
1237498836,30,1
1237500524,65,1
1237501238,68,1
1237501989,72,1
1237503079,73,1
1237503789,88,1
1237505139,100,1
1237505533,102,1
1237505984,109,1
1237506125,70,0
1237506696,130,1
1237507400,139,1
1237508786,159,1
1237509198,165,1
1237510095,75,0
1237510277,167,1
1237511766,170,1
1237512280,173,1
1237512837,189,1
1237513405,192,1
1237513675,80,0
1237514086,194,1
1237514165,187,0
1237514300,2622,0
1237514510,196,1
1237515179,414,0
1237515828,197,1
1237516442,199,1
1237517048,201,1
1237517771,89,0
1237518329,206,1
1237519789,212,1
1237520166,218,1
1237520548,220,1
1237520677,199,0
1237521615,225,1
1237522329,150,0
1237522927,1023,0
1237522951,237,1
1237524426,245,1
1237525774,246,1
1237526777,247,1
1237527524,257,1
1237528388,1532,0
1237528536,273,1
1237529116,280,1
1237529559,106,0
1237530425,282,1
1237531841,283,1
1237532923,295,1
1237533786,110,0
1237533945,304,1
1237535106,316,1
1237535743,317,1
1237536094,318,1
1237537344,319,1
1237537357,116,0
1237538067,325,1
1237539081,329,1
1237539463,330,1
1237539858,331,1
1237540531,226,0
1237541073,336,1
1237541235,123,0
1237542025,342,1
1237543446,343,1
1237544868,346,1
1237546450,356,1
1237547472,358,1
1237547800,2668,0
1237548874,359,1
1237549560,364,1
1237550176,387,1
1237551718,398,1
1237552348,407,1
1237553510,417,1
1237553648,1565,0
1237554306,242,0
1237555020,418,1
1237555586,425,1
1237556273,426,1
1237557348,435,1
1237558433,438,1
1237559507,442,1
1237560792,451,1
1237561411,458,1
1237562104,475,0
1237562656,459,1
1237563913,466,1
1237565193,467,1
1237566564,470,1
1237567953,476,1
1237568809,478,1
1237569108,483,0
1237569631,483,1
1237571092,489,1
1237572248,504,1
1237572805,509,1
1237574048,511,1
1237574767,22,0
1237574905,519,1
1237575475,162,0
1237575723,520,1
1237576178,523,1
1237576328,27,0
1237577090,530,1
1237577592,541,1
1237578083,222,0
1237578402,557,1
1237579124,558,1
1237580446,577,1
1237580846,579,1
1237581649,583,1
1237583103,591,1
1237583761,175,0
1237584291,595,1
1237585578,506,0
1237585625,610,1
1237586514,618,1
1237587086,620,1
1237587138,41,0
1237587318,42,0
1237588249,623,1
1237588855,638,1
1237590312,642,1
1237590923,1112,0
1237591522,665,1
1237592073,188,0
1237592618,677,1
1237593962,680,1
1237594363,686,1
1237595136,2731,0
1237595396,522,0
1237595442,687,1
1237596610,688,1
1237597185,196,0
1237597599,691,1
1237598702,1627,0
1237598869,698,1
1237599789,699,1
1237600863,201,0
1237601038,2741,0
1237601169,704,1
1237602179,705,1
1237603427,709,1
1237604556,714,1
1237605024,716,1
1237605808,1637,0
1237606174,718,1
1237606827,719,1
1237607336,725,1
1237607859,1138,0
1237608445,728,1
1237608936,268,0
1237609217,75,0
1237609292,729,1
1237610181,730,1
1237611598,732,1
1237611952,735,1
1237623395,220,0
1237624436,550,0
1237625491,222,0
1237627594,2762,0
1237628258,84,0
1237633258,85,0
1237634024,26,0
1237634142,227,0
1237636847,28,0
1237638899,558,0
1237639653,230,0
1237640366,1157,0
1237646787,561,0
1237646887,287,0
1237647071,563,0
1237657580,235,0
1237663763,96,0
1237664432,237,0
1237669430,1164,0
1237670411,1165,0
1237683291,100,0
1237684227,832,1
1237685587,840,1
1237687002,844,1
1237687241,22,0
1237687832,245,0
1237688416,851,1
1237689122,576,0
1237689727,860,1
1237689723,49,0
1237690877,863,1
1237691467,865,1
1237691974,112,0
1237692012,866,1
1237692191,1180,0
1237693162,877,1
1237694692,885,1
1237695965,891,1
1237696791,894,1
1237698040,901,1
1237698145,259,0
1237698826,590,0
1237699519,904,1
1237699937,908,1
1237700289,42,0
1237701116,43,0
1237701347,914,1
1237701983,918,1
1237703036,923,1
1237704472,925,1
1237704882,926,1
1237706308,927,1
1237707037,929,1
1237707499,938,1
1237708652,939,1
1237709596,940,1
1237710806,946,1
1237711624,947,1
1237712466,970,1
1237713823,978,1
1237714277,979,1
1237714661,335,0
1237714854,986,1
1237715514,128,0
1237716347,989,1
1237716828,339,0
1237717640,993,1
1237718246,997,1
1237718215,62,0
1237719015,1004,1
1237719811,1014,1
1237720501,65,0
1237720678,1016,1
1237721645,1019,1
1237721908,68,0
1237722132,1023,1
1237723000,1027,1
1237724013,626,0
1237724072,1028,1
1237724240,1,0
1237724458,298,0
1237724839,355,0
1237724936,1033,1
1237726488,1048,1
1237727257,6,0
1237727656,1057,1
1237728629,304,0
1237728756,1058,1
1237729841,637,0
1237730069,1063,1
1237730902,639,0
1237731384,1068,1
1237731860,1070,1
1237733245,1077,1
1237733282,312,0
1237734285,1078,1
1237735421,1081,1
1237735545,91,0
1237735884,1083,1
1237736630,1095,1
1237737028,1096,1
1237737805,1102,1
1237737936,651,0
1237738682,1105,1
1237739482,171,0
1237739784,1113,1
1237740266,657,0
1237741179,1114,1
1237742554,1121,1
1237743597,1123,1
1237744453,1125,1
1237745716,1130,1
1237746756,331,0
1237746966,1142,1
1237748530,1152,1
1237749091,2,0
1237750066,1172,1
1237751334,14,0
1237751606,1183,1
1237752696,1193,1
1237753847,1196,1
1237754626,1199,1
1237755439,9,0
1237755664,1202,1
1237756363,1211,1
1237757271,1215,1
1237758783,1219,1
1237758776,51,0
1237758875,52,0
1237759194,1225,1
1237759823,54,0
1237759931,1235,1
1237760405,1247,1
1237761362,1250,1
1237762329,1260,1
1237762919,1262,1
1237763466,1279,1
1237764203,1280,1
1237765679,1287,1
1237766777,1292,1
1237767710,2901,0
1237768336,1299,1
1237769887,1307,1
1237771346,1310,1
1237771947,1331,1
1237772179,696,0
1237772145,365,0
1237772159,366,0
1237772804,1333,1
1237773655,1343,1
1237774023,1346,1
1237775281,1351,1
1237775444,1300,0
1237776427,1355,1
1237777832,1359,1
1237778447,1362,1
1237778740,43,0
1237779385,376,0
1237779545,1375,1
1237779797,378,0
1237780095,57,0
1237780245,1376,1
1237780592,1378,1
1237781620,1387,1
1237782052,1392,1
1237783082,1396,1
1237784124,1399,1
1237784824,1404,1
1237786183,1411,1
1237786586,1414,1
1237787540,1415,1
1237789039,1418,1
1237789101,11,0
1237790027,1419,1
1237790544,1427,1
1237791134,1447,1
1237792410,1476,1
1237793192,1481,1
1237794097,1491,1
1237795123,18,0
1237795438,1496,1
1237795554,68,0
1237796108,1498,1
1237796542,1499,1
1237797117,1507,1
1237798261,1518,1
1237798644,1334,0
1237798699,1520,1
1237799185,1521,1
1237799678,1533,1
1237799866,77,0
1237800192,742,0
1237800687,1543,1
1237801283,1549,1
1237801958,1553,1
1237802792,1561,1
1237803518,1575,1
1237804507,1576,1
1237805372,1580,1
1237806749,1583,1
1237807245,1600,1
1237807851,1608,1
1237809089,420,0
1237809363,421,0
1237810435,1352,0
1237810532,1613,1
1237810696,757,0
1237811312,1618,1
1237811783,1625,1
1237812180,1629,1
1237812760,1642,1
1237813348,1654,1
1237813723,430,0
1237814216,1670,1
1237814416,432,0
1237814521,1363,0
1237815425,434,0
1237815453,1673,1
1237817001,1678,1
1237817015,437,0
1237817560,1685,1
1237819101,1693,1
1237819474,37,0
1237820246,1695,1
1237821292,1698,1
1237822173,1701,1
1237822488,444,0
1237822742,1706,1
1237824167,1709,1
1237824803,1712,1
1237825345,1713,1
1237825742,1714,1
1237826305,783,0
1237826465,1721,1
1237826929,1725,1
1237827730,50,0
1237828302,1729,1
1237828393,52,0
1237829306,1732,1
1237829665,1735,1
1237829680,458,0
1237830809,1739,1
1237832099,1741,1
1237832772,1742,1
1237833660,1753,1
1237834073,1757,1
1237835104,1758,1
1237835173,62,0
1237835783,1762,1
1237837306,1770,1
1237838182,1778,1
1237839170,1784,1
1237840358,1791,1
1237840768,1794,1
1237841771,1798,1
1237842233,1805,1
1237843155,1806,1
1237843528,1812,1
1237845109,1825,1
1237846073,1829,1
1237846560,1830,1
1237847070,479,0
1237847186,1832,1
1237848045,1837,1
1237849029,1849,1
1237849489,1851,1
1237850832,1853,1
1237851528,1854,1
1237852768,1857,1
1237854152,1876,1
1237854780,1885,1
1237855987,1886,1
1237857537,1891,1
1237857951,1895,1
1237859444,1908,1
1237860139,1909,1
1237860632,1922,1
1237860864,3035,0
1237861872,1927,1
1237863291,1932,1
1237864286,1946,1
1237865187,1956,1
1237865928,3040,0
1237866649,1960,1
1237867816,1963,1
1237869220,1970,1
1237870514,1972,1
1237871634,1973,1
1237872281,1985,1
1237872782,1993,1
1237873559,2006,1
1237874197,2008,1
1237874973,2012,1
1237875150,511,0
1237875660,3052,0
1237876002,2013,1
1237877180,2016,1
1237878633,2018,1
1237879233,833,0
1237880088,2022,1
1237880589,2029,1
1237880974,2034,1
1237881518,2035,1
1237881898,2039,1
1237883427,2043,1
1237883742,2044,1
1237884617,524,0
1237885255,2052,1
1237886549,2054,1
1237888070,2069,1
1237889576,2072,1
1237890311,2074,1
1237891152,2082,1
1237892248,2083,1
1237892636,2084,1
1237893530,2086,1
1237894457,2089,1
1237895792,2109,1
1237896244,215,0
1237896909,216,0
1237897246,2118,1
1237897786,218,0
1237897914,540,0
1237898418,2125,1
1237899041,2136,1
1237899652,2141,1
1237900804,2168,1
1237901233,2171,1
1237901809,2172,1
1237902870,2178,1
1237903797,2181,1
1237905237,2182,1
1237906593,2185,1
1237907688,2204,1
1237908528,552,0
1237909207,2216,1
1237909996,2222,1
1237910614,2224,1
1237911411,2227,1
1237911985,2238,1
1237913235,2251,1
1237914368,2256,1
1237915394,2258,1
1237916571,29,0
1237916721,2260,1
1237917220,2261,1
1237917778,2271,1
1237918310,2278,1
1237919540,2296,1
1237919918,2298,1
1237920500,2300,1
1237920852,886,0
1237920905,2305,1
1237922444,2310,1
1237923515,2315,1
1237924731,2319,1
1237925245,2324,1
1237925868,892,0
1237926249,2328,1
1237927038,2330,1
1237928021,2331,1
1237928069,3,0
1237929201,2332,1
1237930128,2335,1
1237931184,2351,1
1237932000,2353,1
1237933547,2362,1
1237933945,584,0
1237934100,2363,1
1237935073,2369,1
1237936057,2370,1
1237937300,2380,1
1237938471,2392,1
1237938731,590,0
1237939311,2398,1
1237939764,2399,1
1237940352,593,0
1237941269,2402,1
1237941598,2404,1
1237943116,2411,1
1237944511,2413,1
1237945408,2414,1
1237946907,2416,1
1237946957,600,0
1237947708,601,0
1237947959,2417,1
1237948208,603,0
1237948877,2418,1
1237949538,2422,1
1237950437,2423,1
1237951921,2432,1
1237951980,1689,0
1237952941,2439,1
1237953285,610,0
1237953356,2441,1
1237953842,2449,1
1237954727,2451,1
1237955637,2462,1
1237956321,2464,1
1237956667,2467,1
1237957434,935,0
1237958006,2475,1
1237958956,2476,1
1237959374,2478,1
1237959793,939,0
1237960199,2479,1
1237961205,2489,1
1237961822,2498,1
1237962904,2507,1
1237963794,3167,0
1237964234,2534,1
1237965079,2539,1
1237965731,25,0
1237966225,2543,1
1237966838,2549,1
1237966807,312,0
1237967434,313,0
1237967600,2553,1
1237968741,2556,1
1237969449,2561,1
1237969934,2563,1
1237970391,2568,1
1237970877,638,0
1237971144,2574,1
1237972411,2576,1
1237973774,2584,1
1237974029,961,0
1237974753,2585,1
1237975364,2590,1
1237976389,2598,1
1237977223,2604,1
1237978133,2605,1
1237979006,2612,1
1237980377,2616,1
1237982260,1576,0
1237982526,651,0
1237982655,1734,0
1237983315,123,0
1237985293,8,1
1237986732,13,1
1237987491,3198,0
1237987658,16,1
1237988293,17,1
1237989049,1585,0
1237989227,22,1
1237990046,30,1
1237990585,37,1
1237991226,41,1
1237992715,43,1
1237992915,665,0
1237993880,54,1
1237994476,667,0
1237995045,61,1
1237996122,70,1
1237996830,77,1
1237997770,670,0
1237997806,80,1
1237998313,82,1
1237999477,89,1
1237999789,90,1
1238000393,92,1
1238001640,99,1
1238002943,102,1
1238004216,115,1
1238005531,124,1
1238006918,149,1
1238007956,150,1
1238008852,151,1
1238009668,154,1
1238010903,155,1
1238012255,160,1
1238012632,161,1
1238014066,163,1
1238014449,1769,0
1238014788,166,1
1238015797,178,1
1238016482,25,0
1238016947,179,1
1238017120,693,0
1238017636,184,1
1238018661,189,1
1238019169,1016,0
1238019699,190,1
1238020420,212,1
1238021032,213,1
1238021404,214,1
1238022344,222,1
1238023221,3245,0
1238023377,228,1
1238024020,3247,0
1238024424,234,1
1238025948,242,1
1238026927,707,0
1238027193,245,1
1238028385,249,1
1238028957,252,1
1238029382,260,1
1238029743,3255,0
1238029866,1640,0
1238031092,279,1
1238031348,715,0
1238031712,283,1
1238032042,284,1
1238032558,1038,0
1238033030,296,1
1238033991,54,0
1238034519,1041,0
1238034647,319,1
1238035732,326,1
1238036686,327,1
1238037780,3268,0
1238038021,334,1
1238038413,727,0
1238038950,336,1
1238039754,340,1
1238040439,344,1
1238040875,731,0
1238041500,350,1
1238043051,361,1
1238043477,363,1
1238043594,69,0
1238044461,366,1
1238045914,369,1
1238046556,377,1
1238048027,378,1
1238049083,387,1
1238049598,391,1
1238050084,401,1
1238051153,408,1
1238051590,412,1
1238052356,79,0
1238052500,413,1
1238053765,415,1
1238055095,421,1
1238055642,424,1
1238056755,436,1
1238057278,437,1
1238058573,445,1
1238059420,446,1
1238059548,753,0
1238059802,448,1
1238060850,455,1
1238062108,456,1
1238063567,457,1
1238064868,465,1
1238065349,479,1
1238066320,482,1
1238067470,483,1
1238068902,486,1
1238070172,488,1
1238071408,495,1
1238071859,503,1
1238073203,512,1
1238073316,1695,0
1238073963,767,0
1238074290,513,1
1238075080,769,0
1238075709,515,1
1238076139,518,1
1238076845,523,1
1238077929,527,1
1238078532,533,1
1238079222,542,1
1238080223,544,1
1238080902,553,1
1238082267,554,1
1238082679,561,1
1238084120,562,1
1238085165,570,1
1238085936,100,0
1238086250,575,1
1238086859,102,0
1238087560,593,1
1238088263,1109,0
1238088828,595,1
1238089519,596,1
1238090637,604,1
1238091315,608,1
1238092673,625,1
1238094281,636,1
1238095245,643,1
1238095955,670,1
1238096438,679,1
1238096872,797,0
1238097128,680,1
1238097650,685,1
1238098510,692,1
1238099102,698,1
1238099934,711,1
1238100809,716,1
1238101726,720,1
1238102377,721,1
1238103017,725,1
1238103647,726,1
1238103928,808,0
1238104624,731,1
1238105744,732,1
1238106104,1740,0
1238106210,739,1
1238107107,748,1
1238107701,750,1
1238108513,759,1
1238109293,760,1
1238109388,817,0
1238110476,775,1
1238111209,783,1
1238111292,1142,0
1238111852,788,1
1238113135,822,0
1238113259,789,1
1238113739,791,1
1238114272,807,1
1238115353,811,1
1238116344,819,1
1238116822,827,1
1238117302,832,1
1238117281,147,0
1238117707,833,1
1238118587,836,1
1238119417,841,1
1238120705,843,1
1238121747,851,1
1238122686,853,1
1238124115,854,1
1238125654,878,1
1238126703,886,1
1238127725,888,1
1238127922,65,0
1238128824,893,1
1238130228,895,1
1238130263,1166,0
1238131746,902,1
1238132730,906,1
1238133373,912,1
1238133559,1170,0
1238134797,913,1
1238136261,914,1
1238136892,916,1
1238137188,76,0
1238137654,919,1
1238138936,920,1
1238139476,921,1
1238140103,924,1
1238140259,174,0
1238140648,928,1
1238141379,929,1
1238142125,930,1
1238142870,861,0
1238143136,934,1
1238144021,936,1
1238145047,944,1
1238146060,967,1
1238147581,974,1
1238147922,1189,0
1238148467,92,0
1238148817,985,1
1238149298,1192,0
1238149778,986,1
1238149845,1801,0
1238151233,991,1
1238151961,999,1
1238152651,1001,1
1238153774,1013,1
1238155253,1014,1
1238156748,1020,1
1238157298,1026,1
1238158611,1041,1
1238159102,1042,1
1238160514,1043,1
1238161079,1044,1
1238162169,1048,1
1238163166,1067,1
1238164367,1068,1
1238164820,1069,1
1238165811,1070,1
1238166414,1083,1
1238167953,1087,1
1238169221,1089,1
1238169860,1090,1
1238170461,1091,1
1238171101,1101,1
1238171134,11,0
1238172531,1102,1
1238173962,1103,1
1238174584,1105,1
1238175386,1110,1
1238176666,1113,1
1238178107,1130,1
1238178609,1224,0
1238178692,1136,1
1238180061,1139,1
1238181609,1149,1
1238182244,1835,0
1238182711,1150,1
1238183033,1230,0
1238183790,1179,1
1238184363,1187,1
1238185820,1233,0
1238186196,912,0
1238186807,1209,1
1238187609,1217,1
1238188017,1220,1
1238189202,1237,1
1238190351,1240,1
1238191632,1241,1
1238192929,1252,1
1238194093,1280,1
1238194620,2,0
1238195411,1283,1
1238195552,2005,0
1238196269,1246,0
1238196451,3470,0
1238196643,1288,1
1238197326,1297,1
1238198472,1306,1
1238198988,1307,1
1238200285,1310,1
1238200299,1253,0
1238201051,1316,1
1238201932,1321,1
1238202929,1326,1
1238202951,1864,0
1238203873,1330,1
1238204368,937,0
1238204491,938,0
1238204898,1337,1
1238206350,1352,1
1238207596,941,0
1238207921,1360,1
1238209043,1362,1
1238209076,18,0
1238210239,1367,1
1238211250,1371,1
1238212621,1383,1
1238213429,1385,1
1238214515,1386,1
1238215662,1387,1
1238216178,1389,1
1238217762,1397,1
1238217929,953,0
1238218746,1400,1
1238218845,3500,0
1238219385,1410,1
1238220813,957,0
1238220984,1419,1
1238221901,1427,1
1238222397,1435,1
1238223539,42,0
1238223926,1451,1
1238224958,1457,1
1238225332,1458,1
1238226634,1479,1
1238227733,1488,1
1238228866,1289,0
1238229074,1492,1
1238229581,1499,1
1238229943,1899,0
1238231005,1900,0
1238231150,1506,1
1238231416,1902,0
1238231786,1525,1
1238232614,1526,1
1238233272,1543,1
1238234202,1546,1
1238235496,1550,1
1238235968,1558,1
1238236670,1560,1
1238237385,1569,1
1238237943,1570,1
1238238241,1305,0
1238239339,1571,1
1238240371,59,0
1238240718,1572,1
1238240990,68,0
1238241207,1576,1
1238242613,1580,1
1238243974,1583,1
1238244866,1586,1
1238245399,1314,0
1238245579,1587,1
1238245931,1589,1
1238246876,1317,0
1238247282,1601,1
1238248659,1603,1
1238249149,1927,0
1238249352,1615,1
1238250056,1616,1
1238250563,1619,1
1238252140,1629,1
1238252710,1638,1
1238253365,1642,1
1238253540,86,0
1238254245,3551,0
1238254717,1644,1
1238255644,1654,1
1238256409,25,0
1238256638,1663,1
1238257133,1668,1
1238258296,1682,1
1238258613,1016,0
1238258740,1684,1
1238259535,1687,1
1238260454,1689,1
1238261932,1690,1
1238263191,1695,1
1238263697,1699,1
1238264521,1345,0
1238264808,1703,1
1238265302,2100,0
1238266212,1704,1
1238267241,1720,1
1238268366,1726,1
1238269210,1731,1
1238270104,1959,0
1238270263,1734,1
1238271603,1961,0
1238271705,1745,1
1238272155,1751,1
1238272814,1755,1
1238273739,1766,1
1238274964,1768,1
1238275524,1771,1
1238276072,1776,1
1238277051,1778,1
1238277771,1779,1
1238278245,1788,1
1238279159,1797,1
1238280592,1799,1
1238281469,1800,1
1238282396,1811,1
1238283120,1827,1
1238283736,2123,0
1238283999,1828,1
1238284996,1840,1
1238285073,1051,0
1238285650,1841,1
1238286976,1846,1
1238287373,1848,1
1238292007,1850,1
1238293434,1855,1
1238294395,1861,1
1238295845,3603,0
1238295965,1887,1
1238297504,1893,1
1238297948,1895,1
1238298813,1897,1
1238299391,1898,1
1238300745,1905,1
1238301874,1911,1
1238302492,55,0
1238302716,1924,1
1238303935,1928,1
1238304937,1931,1
1238305670,1939,1
1238306763,1943,1
1238307972,1947,1
1238308383,1951,1
1238309553,1953,1
1238310477,1972,1
1238311490,1980,1
1238312138,1993,1
1238312654,1997,1
1238313536,1998,1
1238313958,2000,1
1238314347,2001,1
1238315240,2013,1
1238315215,164,0
1238315716,2015,1
1238316178,2020,1
1238317265,2036,1
1238317883,2050,1
1238318750,2051,1
1238319297,2061,1
1238320117,2063,1
1238321165,2068,1
1238321432,173,0
1238322049,2070,1
1238323449,2073,1
1238324508,2075,1
1238325148,2082,1
1238325255,1390,0
1238326219,2090,1
1238326852,2094,1
1238327264,1070,0
1238327396,2107,1
1238328150,2108,1
1238328548,2111,1
1238328753,114,0
1238329077,2114,1
1238329657,2121,1
1238330801,2127,1
1238332079,2131,1
1238332208,2038,0
1238333332,2161,1
1238334405,2162,1
1238335083,2165,1
1238336481,2171,1
1238337136,2172,1
1238337287,196,0
1238338127,2175,1
1238338436,3662,0
1238338538,108,0
1238338597,2177,1
1238339272,2180,1
1238340199,2198,1
1238341204,2201,1
1238341685,109,0
1238342577,2204,1
1238343795,2233,1
1238344377,2247,1
1238345035,1097,0
1238345830,1421,0
1238345872,2253,1
1238346984,2256,1
1238347064,1101,0
1238347397,2261,1
1238348904,2265,1
1238350279,2270,1
1238351387,2298,1
1238352798,2299,1
1238352947,1107,0
1238354174,2303,1
1238355375,2310,1
1238355510,221,0
1238356265,2314,1
1238357376,2315,1
1238358236,2319,1
1238358873,2322,1
1238360231,2324,1
1238361690,2333,1
1238362583,2343,1
1238363143,1118,0
1238363405,2356,1
1238364051,2360,1
1238364216,2080,0
1238364705,141,0
1238364973,2363,1
1238366026,2374,1
1238366484,2384,1
1238367306,2391,1
1238368062,2411,1
1238368119,239,0
1238368736,2423,1
1238369385,2424,1
1238369437,2090,0
1238369661,1455,0
1238369825,2092,0
1238370187,2093,0
1238370609,2433,1
1238371353,1136,0
1238372121,2443,1
1238372495,2446,1
1238373286,2461,1
1238374809,2472,1
1238375124,2473,1
1238376393,2474,1
1238377241,2475,1
1238377971,2477,1
1238378997,2482,1
1238379585,1146,0
1238380252,2489,1
1238380586,2492,1
1238381604,2494,1
1238382736,2497,1
1238383491,2505,1
1238383984,1152,0
1238384840,1153,0
1238384959,1154,0
1238385017,2520,1
1238385877,2522,1
1238386691,2533,1
1238387982,2543,1
1238389274,1482,0
1238389504,2547,1
1238390758,2564,1
1238391098,2121,0
1238391775,2572,1
1238392220,2580,1
1238393211,2582,1
1238393476,277,0
1238393645,1490,0
1238393741,2588,1
1238394231,2590,1
1238395240,2592,1
1238396211,2594,1
1238396414,1172,0
1238396611,192,0
1238397714,2596,1
1238397746,1175,0
1238398315,2601,1
1238399521,2603,1
1238400373,2606,1
1238401561,2611,1
1238402224,1503,0
1238402431,2612,1
1238403460,1505,0
1238406974,7,1
1238408100,16,1
1238408754,18,1
1238409894,19,1
1238409957,3762,0
1238410355,2147,0
1238410512,20,1
1238411720,1190,0
1238412093,42,1
1238412924,44,1
1238413539,3768,0
1238414125,53,1
1238415697,72,1
1238415862,1519,0
1238416292,1197,0
1238416554,100,1
1238417342,101,1
1238417661,1523,0
1238417721,105,1
1238418355,113,1
1238418834,115,1
1238419224,1527,0
1238420111,139,1
1238420478,43,0
1238421601,149,1
1238421953,151,1
1238422089,1532,0
1238422701,1533,0
1238422747,3786,0
1238423430,158,1
1238424405,166,1
1238425919,173,1
1238426361,176,1
1238426427,53,0
1238427010,178,1
1238428505,193,1
1238429446,234,0
1238429655,203,1
1238430803,221,1
1238432180,232,1
1238432830,3798,0
1238433342,238,1
1238433754,240,1
1238434886,244,1
1238435695,2186,0
1238435760,245,1
1238436831,250,1
1238437413,260,1
1238437697,30,0
1238437916,263,1
1238439140,265,1
1238440328,268,1
1238441226,269,1
1238441658,272,1
1238442840,1560,0
1238443030,274,1
1238444034,276,1
1238445216,279,1
1238446092,287,1
1238446980,298,1
1238448374,309,1
1238449248,318,1
1238449812,44,0
1238450478,322,1
1238451697,331,1
1238451798,1571,0
1238452823,333,1
1238453652,1573,0
1238454106,334,1
1238455354,335,1
1238455980,343,1
1238456703,347,1
1238456718,1578,0
1238457673,362,1
1238458758,363,1
1238459615,378,1
1238460502,380,1
1238461507,382,1
1238462407,60,0
1238463188,399,1
1238463765,400,1
1238465212,403,1
1238466235,405,1
1238466937,410,1
1238468022,411,1
1238468737,414,1
1238469279,417,1
1238470452,419,1
1238471500,427,1
1238472095,71,0
1238472973,429,1
1238473296,430,1
1238474508,432,1
1238474595,1276,0
1238475617,439,1
1238476531,1278,0
1238477271,456,1
1238477647,462,1
1238479116,467,1
1238479287,81,0
1238479509,470,1
1238480514,58,0
1238484105,1608,0
1238480915,471,1
1238482209,482,1
1238483644,484,1
1238484299,495,1
1238484934,507,1
1238485629,523,1
1238486235,91,0
1238487447,2380,0
1238487130,529,1
1238487917,537,1
1238489102,549,1
1238489575,550,1
1238493276,1621,0
1238490881,560,1
1238492099,566,1
1238492899,568,1
1238493226,569,1
1238494351,570,1
1238495528,579,1
1238500188,1628,0
1238496930,584,1
1238497937,591,1
1238498682,607,1
1238499365,611,1
1238500025,619,1
1238500479,621,1
1238501094,622,1
1238501708,632,1
1238501782,1309,0
1238503233,636,1
1238507159,37,0
1238504173,642,1
1238508573,1641,0
1238505623,646,1
1238506977,650,1
1238507434,660,1
1238508100,662,1
1238508675,667,1
1238509874,671,1
1238510640,676,1
1238511283,679,1
1238512551,680,1
1238513344,681,1
1238513987,682,1
1238514389,687,1
1238515237,688,1
1238516480,689,1
1238517203,2421,0
1238516753,1330,0
1238517908,1331,0
1238518093,707,1
1238518746,710,1
1238519804,712,1
1238520354,720,1
1238521539,2428,0
1238522020,724,1
1238523261,727,1
1238523991,730,1
1238524427,735,1
1238524762,738,1
1238525274,1341,0
1238525391,746,1
1238526672,750,1
1238527629,751,1
1238528587,760,1
1238529731,785,1
1238530798,804,1
1238531909,808,1
1238532605,825,1
1238533671,829,1
1238534450,840,1
1238535072,851,1
1238536462,853,1
1238537493,854,1
1238538524,855,1
1238539190,866,1
1238540066,871,1
1238541218,873,1
1238541962,876,1
1238542962,883,1
1238544381,885,1
1238544961,886,1
1238545400,887,1
1238546842,900,1
1238547380,901,1
1238548023,903,1
1238549090,914,1
1238550026,934,1
1238550491,1369,0
1238551076,935,1
1238552393,936,1
1238553719,946,1
1238554664,956,1
1238555549,1374,0
1238556138,962,1
1238556761,963,1
1238560820,95,0
1238558248,964,1
1238559851,976,1
1238560229,977,1
1238561130,983,1
1238562137,989,1
1238562698,49,0
1238563307,992,1
1238564347,999,1
1238564727,1003,1
1238565354,1010,1
1238566287,1011,1
1238566819,1013,1
1238568293,1014,1
1238568641,1017,1
1238569490,1018,1
1238570028,1020,1
1238570501,1021,1
1238570827,61,0
1238571661,1029,1
1238572623,1034,1
1238573218,3979,0
1238574077,1047,1
1238575531,1053,1
1238576917,1057,1
1238577476,1069,1
1238578470,1090,1
1238579203,1100,1
1238580250,1106,1
1238581506,1111,1
1238581763,73,0
1238582347,1116,1
1238583725,75,0
1238583845,1128,1
1238585328,1133,1
1238585497,3993,0
1238585880,56,0
1238587016,1150,1
1238587430,1157,1
1238587918,1160,1
1238588452,1161,1
1238589748,1163,1
1238590641,1167,1
1238591143,86,0
1238592164,1172,1
1238596788,122,0
1238593723,1179,1
1238594742,1183,1
1238595886,1189,1
1238595922,38,0
1238597497,1200,1
1238598302,1201,1
1238598749,1204,1
1238599322,73,0
1238599706,1205,1
1238600742,1207,1
1238601437,45,0
1238601565,1208,1
1238602266,2528,0
1238602542,1210,1
1238602790,48,0
1238603782,2531,0
1238603848,1221,1
1238604881,1232,1
1238606324,1239,1
1238607826,1241,1
1238607745,86,0
1238608559,1242,1
1238609830,88,0
1238610109,1247,1
1238611087,1262,1
1238612818,1284,1
1238613344,1288,1
1238613952,1291,1
1238614620,1298,1
1238615471,1309,1
1238616469,1311,1
1238616834,1313,1
1238618130,1325,1
1238618915,1332,1
1238619857,1350,1
1238623539,1787,0
1238620598,1352,1
1238621203,1355,1
1238621625,1359,1
1238622163,1361,1
1238623030,1362,1
1238623511,1377,1
1238624728,1383,1
1238624646,77,0
1238625668,4048,0
1238626118,1385,1
1238627089,1387,1
1238627566,1388,1
1238628202,15,0
1238628803,1389,1
1238629658,1395,1
1238630379,1396,1
1238631827,1397,1
1238632350,29,0
1238632732,1401,1
1238632660,90,0
1238633418,1403,1
1238634552,1404,1
1238635044,1405,1
1238639017,1811,0
1238639224,1812,0
1238636508,1412,1
1238637580,1418,1
1238638628,1424,1
1238638939,40,0
1238639359,1428,1
1238640911,1436,1
1238640866,101,0
1238644796,1820,0
1238642133,1446,1
1238642827,1449,1
1238642748,105,0
1238647245,1824,0
1238643871,107,0
1238644194,1453,1
1238645454,1457,1
1238645497,52,0
1238646203,1475,1
1238646573,4082,0
1238647020,1481,1
1238648146,1493,1
1238648787,57,0
1238648901,116,0
1238649578,1498,1
1238649834,4088,0
1238650900,1502,1
1238652109,1505,1
1238652709,121,0
1238653142,1508,1
1238654655,1515,1
1238655342,1516,1
1238655841,1529,1
1238657024,1534,1
1238658396,1539,1
1238659263,1543,1
1238660698,1544,1
1238661618,1545,1
1238662381,1546,1
1238662777,1549,1
1238664123,1563,1
1238665638,1574,1
1238665735,136,0
1238666136,1583,1
1238666277,138,0
1238666724,71,0
1238667563,1590,1
1238668311,1593,1
1238668674,4111,0
1238669393,1602,1
1238670713,1609,1
1238671744,1610,1
1238672244,1611,1
1238673578,1618,1
1238674161,1625,1
1238678252,1866,0
1238675538,1640,1
1238676896,1644,1
1238676951,175,0
1238678319,1678,1
1238678717,1679,1
1238679887,1684,1
1238679964,97,0
1238680820,1685,1
1238681628,1689,1
1238685363,1876,0
1238682029,1693,1
1238682384,1695,1
1238683823,1698,1
1238684730,1702,1
1238685227,1706,1
1238686051,1709,1
1238687038,1718,1
1238687811,1731,1
1238688642,1736,1
1238689596,1744,1
1238693631,1887,0
1238690515,1748,1
1238691402,1754,1
1238692839,1756,1
1238694149,1760,1
1238694723,1771,1
1238695894,1779,1
1238696302,1784,1
1238696692,1785,1
1238697270,1801,1
1238698085,1802,1
1238698983,1804,1
1238700202,1809,1
1238700831,1813,1
1238701671,1816,1
1238702608,1820,1
1238703494,1830,1
1238704800,1841,1
1238705173,112,0
1238705340,1842,1
1238706159,1844,1
1238706633,1846,1
1238707480,1857,1
1238708124,1866,1
1238709378,1867,1
1238709955,1869,1
1238711135,1870,1
1238712325,1874,1
1238712887,1877,1
1238714394,1885,1
1238715630,1886,1
1238716773,1888,1
1238717219,1890,1
1238718614,1891,1
1238719220,1894,1
1238719576,179,0
1238719793,180,0
1238720579,1900,1
1238720968,183,0
1238721630,1901,1
1238722717,1908,1
1238723535,135,0
1238723820,1919,1
1238724714,1925,1
1238726207,1929,1
1238726352,139,0
1238727190,1930,1
1238727931,1931,1
1238728556,193,0
1238729130,1938,1
1238730366,1940,1
1238730736,1941,1
1238731916,1942,1
1238731928,196,0
1238732829,197,0
1238733267,1945,1
1238734651,1948,1
1238735829,1949,1
1238736956,1961,1
1238738089,1964,1
1238738393,33,0
1238738899,1965,1
1238739660,1971,1
1238740883,1973,1
1238741743,1979,1
1238742900,1983,1
1238743789,1984,1
1238744700,1992,1
1238745277,1994,1
1238745577,4208,0
1238745805,164,0
1238746026,1995,1
1238746054,45,0
1238746376,1997,1
1238747636,1999,1
1238748219,2002,1
1238749456,2003,1
1238750568,2005,1
1238751058,2011,1
1238751573,272,0
1238752208,2012,1
1238752768,2018,1
1238754022,2029,1
1238754660,276,0
1238755503,2031,1
1238756067,2035,1
1238757395,2037,1
1238758698,2038,1
1238759568,2048,1
1238759915,4228,0
1238760857,2056,1
1238762394,2060,1
1238762806,186,0
1238763639,2070,1
1238764731,2075,1
1238765565,2078,1
1238766691,2080,1
1238767060,2081,1
1238768010,2087,1
1238769178,2096,1
1238769985,2106,1
1238770202,14,0
1238770498,174,0
1238770977,2108,1
1238771474,2109,1
1238772359,2111,1
1238772372,299,0
1238773028,2125,1
1238773811,180,0
1238774221,2134,1
1238775107,2136,1
1238776423,2142,1
1238776816,206,0
1238777920,2143,1
1238778097,186,0
1238778885,2157,1
1238779413,2166,1
1238780142,2170,1
1238781705,2182,1
1238782454,92,0
1238782982,2186,1
1238783457,215,0
1238784365,2192,1
1238785779,2197,1
1238786761,218,0
1238787133,2224,1
1238788319,2227,1
1238788679,198,0
1238789632,2237,1
1238790280,102,0
1238791228,2266,1
1238792556,2270,1
1238793276,325,0
1238793539,2274,1
1238794784,2276,1
1238795260,2280,1
1238796171,2281,1
1238797107,231,0
1238797361,2290,1
1238798321,2298,1
1238798368,113,0
1238798644,2300,1
1238799340,2309,1
1238800278,2319,1
1238800299,337,0
1238801354,2320,1
1238802445,2337,1
1238803073,2347,1
1238803266,121,0
1238804445,61,0
1238804543,2357,1
1238805054,2363,1
1238805277,4291,0
1238806054,2374,1
1238807042,2409,1
1238808578,2415,1
1238808609,250,0
1238810075,2419,1
1238810466,2424,1
1238811254,2430,1
1238812901,2448,1
1238813621,2449,1
1238814733,2458,1
1238815703,2464,1
1238817144,2480,1
1238818463,2492,1
1238818901,2500,1
1238819893,2513,1
1238820529,238,0
1238820932,2519,1
1238822574,2535,1
1238823376,2538,1
1238824446,2543,1
1238824592,4312,0
1238825814,2560,1
1238826752,2565,1
1238827785,2566,1
1238829129,2569,1
1238830317,2573,1
1238830671,2575,1
1238831224,2576,1
1238831987,2584,1
1238833048,2588,1
1238833685,4322,0
1238834174,2591,1
1238835416,2593,1
1238836468,2595,1
1238837447,2596,1
1238837529,30,0
1238837919,2602,1
1238838721,2603,1
1238839536,2608,1
1238841421,2843,0
1238843069,166,0
1238843909,4,1
1238845287,19,1
1238845986,23,1
1238846554,26,1
1238847071,29,1
1238847892,31,1
1238848728,173,0
1238848944,35,1
1238849363,4341,0
1238850105,38,1
1238851188,45,1
1238851325,299,0
1238852104,50,1
1238852816,52,1
1238853165,276,0
1238854097,61,1
1238854937,403,0
1238855134,4350,0
1238855346,63,1
1238856609,64,1
1238857174,67,1
1238858246,95,1
1238859762,102,1
1238859976,190,0
1238860190,312,0
1238860378,287,0
1238860711,314,0
1238860889,112,1
1238860923,195,0
1238861350,116,1
1238861425,13,0
1238862092,118,1
1238863488,121,1
1238863814,122,1
1238865363,134,1
1238866686,139,1
1238867160,19,0
1238867735,143,1
1238868208,146,1
1238869432,148,1
1238870123,155,1
1238870994,165,1
1238871471,166,1
1238872718,173,1
1238873375,188,1
1238874379,210,1
1238875284,218,1
1238875687,222,1
1238876382,435,0
1238876914,230,1
1238877555,245,1
1238878323,313,0
1238878880,250,1
1238879321,315,0
1238880060,251,1
1238880930,252,1
1238882064,253,1
1238882088,3,0
1238883232,254,1
1238883738,257,1
1238884289,263,1
1238885764,264,1
1238886757,8,0
1238887456,287,1
1238888211,290,1
1238888701,304,1
1238889104,307,1
1238889638,308,1
1238891127,315,1
1238892029,327,1
1238892789,328,1
1238894197,330,1
1238894967,4405,0
1238895059,334,1
1238896046,352,1
1238897271,221,0
1238897316,337,0
1238897423,355,1
1238897780,224,0
1238897813,357,1
1238898855,368,1
1238900104,378,1
1238901359,386,1
1238902634,387,1
1238903116,372,0
1238903584,408,1
1238904339,418,1
1238904436,233,0
1238905734,420,1
1238906032,235,0
1238907300,426,1
1238907298,74,0
1238907919,427,1
1238909082,433,1
1238909871,435,1
1238909966,383,0
1238910343,437,1
1238910586,385,0
1238911196,440,1
1238912017,446,1
1238912705,4433,0
1238913299,455,1
1238914222,463,1
1238914659,467,1
1238915375,469,1
1238915745,473,1
1238916731,252,0
1238917045,253,0
1238917169,485,1
1238917710,255,0
1238918082,496,1
1238918579,499,1
1238919545,373,0
1238919646,503,1
1238920518,504,1
1238921156,376,0
1238921691,404,0
1238921933,517,1
1238922266,519,1
1238923377,535,1
1238924233,4453,0
1238924587,542,1
1238925924,543,1
1238926035,4456,0
1238926278,270,0
1238926587,556,1
1238927012,108,0
1238927143,570,1
1238928541,572,1
1238928946,577,1
1238929580,581,1
1238930202,584,1
1238930646,585,1
1238931652,586,1
1238931792,422,0
1238932072,394,0
1238932777,587,1
1238933744,595,1
1238934448,397,0
1238934657,427,0
1238934860,597,1
1238935674,615,1
1238936256,617,1
1238937185,627,1
1238937981,628,1
1238938858,631,1
1238940017,632,1
1238941021,635,1
1238941705,638,1
1238942154,4481,0
1238942712,641,1
1238943188,645,1
1238944477,646,1
1238945137,650,1
1238945435,190,0
1238945548,654,1
1238945714,4488,0
1238946279,656,1
1238946965,658,1
1238947978,661,1
1238948143,142,0
1238948765,667,1
1238949200,421,0
1238950250,671,1
1238951292,673,1
1238951721,674,1
1238952608,675,1
1238954025,677,1
1238955328,679,1
1238956442,151,0
1238956706,681,1
1238958038,688,1
1238958858,695,1
1238959215,319,0
1238959821,698,1
1238960196,704,1
1238960754,709,1
1238961101,435,0
1238962186,714,1
1238962671,721,1
1238963276,735,1
1238964216,737,1
1238964883,740,1
1238966173,742,1
1238967054,743,1
1238967734,3032,0
1238968196,754,1
1238969445,760,1
1238970203,762,1
1238970771,763,1
1238971689,764,1
1238972385,771,1
1238972855,482,0
1238973164,774,1
1238973461,3041,0
1238974237,780,1
1238975673,786,1
1238976042,345,0
1238976226,346,0
1238976377,790,1
1238976852,3047,0
1238976882,491,0
1238976997,185,0
1238977292,797,1
1238978169,810,1
1238978867,812,1
1238980029,815,1
1238980376,466,0
1238981341,816,1
1238982027,822,1
1238983316,826,1
1238984001,501,0
1238984550,5,0
1238984702,842,1
1238985062,4548,0
1238985246,846,1
1238986707,864,1
1238987390,365,0
1238987491,876,1
1238988213,879,1
1238989442,883,1
1238990013,887,1
1238990738,894,1
1238991123,900,1
1238991796,901,1
1238992720,905,1
1238993407,516,0
1238994051,914,1
1238994736,917,1
1238995200,211,0
1238996135,919,1
1238997592,927,1
1238998290,938,1
1238999370,939,1
1238999947,493,0
1239000809,942,1
1239002446,960,1
1239003912,985,1
1239004584,986,1
1239005793,988,1
1239006711,991,1
1239007880,996,1
1239008443,1000,1
1239009314,1023,1
1239010473,1034,1
1239011975,1038,1
1239012916,1051,1
1239013782,1056,1
1239015305,1060,1
1239015699,1062,1
1239017138,1068,1
1239018561,1069,1
1239020040,1073,1
1239021216,1078,1
1239022696,1082,1
1239023667,1084,1
1239024141,1087,1
1239024213,78,0
1239024698,1088,1
1239025846,407,0
1239026114,1090,1
1239026843,1091,1
1239027835,1094,1
1239028526,1097,1
1239029995,1098,1
1239031199,1103,1
1239031799,1104,1
1239032996,1106,1
1239033550,558,0
1239033861,1110,1
1239034311,1111,1
1239034871,1113,1
1239035454,3119,0
1239035714,1121,1
1239036468,1153,1
1239036907,256,0
1239037083,257,0
1239037548,1154,1
1239038630,1161,1
1239039218,1173,1
1239040359,1174,1
1239041186,262,0
1239041365,1178,1
1239041912,1180,1
1239042584,1183,1
1239043176,1198,1
1239044183,1202,1
1239045596,1205,1
1239046905,1208,1
1239047778,1209,1
1239048256,270,0
1239048748,1211,1
1239049584,1219,1
1239050970,1222,1
1239051721,1224,1
1239052785,1239,1
1239053725,1242,1
1239053929,554,0
1239054978,1245,1
1239055463,1251,1
1239056844,1255,1
1239058247,1260,1
1239058994,1270,1
1239060024,1274,1
1239061070,1277,1
1239061807,1278,1
1239062496,1281,1
1239063343,1306,1
1239064296,1307,1
1239065656,1313,1
1239066154,1314,1
1239067056,1334,1
1239068016,460,0
1239068131,1343,1
1239069092,1348,1
1239070260,1359,1
1239071694,1365,1
1239072061,1366,1
1239072555,1379,1
1239073196,1381,1
1239074221,1384,1
1239075390,1386,1
1239076401,1394,1
1239076742,579,0
1239077099,1395,1
1239077752,1404,1
1239078167,7,0
1239078581,1409,1
1239079097,1411,1
1239079704,1412,1
1239080825,1415,1
1239081485,1417,1
1239082614,1418,1
1239083589,1423,1
1239084067,1424,1
1239085454,1431,1
1239086036,484,0
1239086227,1433,1
1239086916,1447,1
1239087478,1451,1
1239088308,1460,1
1239089758,1465,1
1239091129,1469,1
1239092248,1470,1
1239093358,1493,1
1239094294,601,0
1239094535,1505,1
1239095847,1507,1
1239096669,1512,1
1239097822,1520,1
1239098764,1525,1
1239099429,1532,1
1239100252,4685,0
1239100706,1533,1
1239101781,1538,1
1239102257,1543,1
1239103426,1553,1
1239103917,1554,1
1239105452,1559,1
1239106894,1562,1
1239108254,1572,1
1239109059,1585,1
1239109780,1590,1
1239110932,1593,1
1239111646,1595,1
1239113060,1603,1
1239114106,1617,1
1239115643,1623,1
1239116574,1626,1
1239117888,1632,1
1239119080,1638,1
1239120373,1647,1
1239121179,1654,1
1239122137,1657,1
1239123189,195,0
1239123688,1662,1
1239124142,1667,1
1239124987,1671,1
1239125750,526,0
1239125740,1681,1
1239126865,1686,1
1239127608,1691,1
1239128446,1693,1
1239129406,1698,1
1239130860,1699,1
1239131701,1702,1
1239132421,1706,1
1239133144,1716,1
1239133973,1719,1
1239134429,1723,1
1239134876,1726,1
1239135742,647,0
1239135855,1755,1
1239137000,1769,1
1239138250,1776,1
1239139150,1785,1
1239139954,1792,1
1239141411,1796,1
1239142240,1804,1
1239143219,1806,1
1239144675,1814,1
1239145392,1829,1
1239146290,1831,1
1239147259,1846,1
1239147731,1847,1
1239148372,1848,1
1239149073,1867,1
1239149161,663,0
1239149707,1868,1
1239150253,1875,1
1239151713,1889,1
1239152757,1893,1
1239153686,1903,1
1239154589,1905,1
1239155228,1907,1
1239155657,4748,0
1239156031,1909,1
1239156650,1913,1
1239157661,674,0
1239158100,1919,1
1239159551,1923,1
1239160403,1935,1
1239161757,1946,1
1239162627,1962,1
1239163608,1965,1
1239164986,1972,1
1239166180,1973,1
1239167419,1977,1
1239168856,1987,1
1239169040,577,0
1239169486,2000,1
1239169904,4764,0
1239169871,2001,1
1239170177,4766,0
1239170386,2010,1
1239170996,2013,1
1239171046,692,0
1239172090,2024,1
1239173622,2027,1
1239174236,2030,1
1239174832,2034,1
1239176281,2035,1
1239177178,2040,1
1239178337,2047,1
1239178396,261,0
1239179611,2052,1
1239180388,2054,1
1239181919,2065,1
1239182896,704,0
1239183255,2068,1
1239184203,2072,1
1239184878,2079,1
1239184950,708,0
1239185691,709,0
1239186115,2080,1
1239186796,2085,1
1239187334,2089,1
1239187902,2099,1
1239188892,714,0
1239188949,2103,1
1239190125,2106,1
1239191242,2118,1
1239191599,610,0
1239192163,719,0
1239192683,2126,1
1239193439,2128,1
1239194647,2136,1
1239195534,2137,1
1239197083,2142,1
1239198527,2144,1
1239199205,2150,1
1239200598,2160,1
1239201459,2167,1
1239202660,2170,1
1239203817,2177,1
1239204527,2183,1
1239205690,2195,1
1239206287,2207,1
1239207200,2211,1
1239207612,2212,1
1239208610,2215,1
1239209238,2220,1
1239210559,2223,1
1239211920,2224,1
1239213374,2228,1
1239214364,2234,1
1239215631,2236,1
1239216646,2237,1
1239217814,2238,1
1239218918,2250,1
1239219711,2253,1
1239220244,2257,1
1239220394,640,0
1239220762,2262,1
1239221818,2263,1
1239222701,2274,1
1239224323,2285,1
1239224491,645,0
1239224988,2295,1
1239225972,2296,1
1239226630,2301,1
1239227698,2306,1
1239228200,2312,1
1239229299,2318,1
1239230439,2326,1
1239231374,749,0
1239231619,2333,1
1239232658,2340,1
1239233590,2343,1
1239233784,657,0
1239235005,2345,1
1239236488,2346,1
1239237279,2349,1
1239238746,2350,1
1239239603,2357,1
1239240932,2361,1
1239241627,664,0
1239241942,2374,1
1239242879,2381,1
1239243778,2382,1
1239244321,2384,1
1239244807,2386,1
1239245620,2391,1
1239246147,2397,1
1239247160,2402,1
1239248334,2404,1
1239249845,2406,1
1239250991,2408,1
1239251873,2409,1
1239252875,2416,1
1239253088,678,0
1239253600,2422,1
1239254044,2426,1
1239255016,2441,1
1239255675,2445,1
1239256996,2448,1
1239257720,2449,1
1239257791,43,0
1239258529,2451,1
1239259968,2457,1
1239261201,2460,1
1239262674,2463,1
1239263800,2468,1
1239265266,2474,1
1239266389,2478,1
1239267472,2481,1
1239267983,2482,1
1239268848,2484,1
1239270009,2492,1
1239270759,2494,1
1239271148,2495,1
1239272596,368,0
1239272724,2502,1
1239273963,2504,1
1239275473,2525,1
1239276871,2538,1
1239277471,2552,1
1239278354,2570,1
1239279207,64,0
1239279689,2572,1
1239280134,2578,1
1239280874,2582,1
1239282366,2591,1
1239283296,2593,1
1239283616,2594,1
1239284818,2596,1
1239285967,2605,1
1239287499,2608,1
1239287530,716,0
1239288139,2610,1
1239288264,70,0
1239289331,2612,1
1239289729,2615,1
1239290224,811,0
1239290282,812,0
1239294829,4,1
1239295744,9,1
1239296633,394,0
1239297247,13,1
1239297328,727,0
1239298384,14,1
1239298768,17,1
1239298845,82,0
1239299657,21,1
1239300466,22,1
1239301336,816,0
1239301462,49,1
1239302698,64,1
1239303701,70,1
1239305138,76,1
1239305598,78,1
1239306879,85,1
1239307382,91,1
1239308838,824,0
1239309660,94,1
1239311127,95,1
1239312336,102,1
1239313238,113,1
1239313924,114,1
1239315184,747,0
1239315322,117,1
1239316166,123,1
1239316853,131,1
1239317555,132,1
1239318971,140,1
1239319688,836,0
1239320088,423,0
1239320168,151,1
1239320466,108,0
1239320939,155,1
1239322164,157,1
1239323251,164,1
1239324068,4945,0
1239324617,179,1
1239325889,193,1
1239326169,115,0
1239326955,204,1
1239328425,216,1
1239328864,228,1
1239329460,850,0
1239329890,232,1
1239330461,233,1
1239331834,237,1
1239332289,239,1
1239333421,246,1
1239334121,253,1
1239335497,266,1
1239336337,25,0
1239336939,270,1
1239338385,274,1
1239340096,294,1
1239340600,296,1
1239341266,449,0
1239341990,304,1
1239342764,316,1
1239344054,322,1
1239345462,331,1
1239346633,332,1
1239348054,334,1
1239348138,787,0
1239348247,788,0
1239348842,335,1
1239350216,353,1
1239351722,356,1
1239353270,361,1
1239353888,363,1
1239355463,379,1
1239356230,381,1
1239357250,384,1
1239358372,387,1
1239358803,391,1
1239359656,49,0
1239360317,393,1
1239361474,398,1
1239362823,400,1
1239363265,402,1
1239364656,4989,0
1239364667,405,1
1239365927,410,1
1239367413,4992,0
1239367391,414,1
1239367847,419,1
1239369139,421,1
1239370506,424,1
1239371333,428,1
1239371667,430,1
1239372966,434,1
1239373727,442,1
1239374746,447,1
1239375631,457,1
1239376547,463,1
1239377081,467,1
1239377155,903,0
1239378442,470,1
1239379495,3360,0
1239379856,476,1
1239379972,824,0
1239381120,908,0
1239381189,483,1
1239382672,492,1
1239383796,78,0
1239384006,494,1
1239384388,80,0
1239384606,511,1
1239385308,832,0
1239385824,513,1
1239387028,517,1
1239387080,85,0
1239387506,919,0
1239387815,521,1
1239388810,522,1
1239390193,524,1
1239390624,526,1
1239391703,527,1
1239392616,534,1
1239393772,536,1
1239394263,544,1
1239394980,549,1
1239395360,550,1
1239395718,551,1
1239396445,561,1
1239396802,565,1
1239397264,567,1
1239397969,934,0
1239398454,568,1
1239399507,584,1
1239400169,588,1
1239401125,606,1
1239402431,608,1
1239403391,619,1
1239404166,621,1
1239404345,5044,0
1239404874,622,1
1239406080,634,1
1239406587,636,1
1239407030,946,0
1239407486,639,1
1239407943,653,1
1239409119,655,1
1239410223,659,1
1239411479,2,0
1239411564,664,1
1239412164,666,1
1239413667,674,1
1239414114,5057,0
1239414861,676,1
1239415391,677,1
1239416219,682,1
1239416536,545,0
1239416705,5062,0
1239416623,684,1
1239417879,687,1
1239418956,711,1
1239419076,550,0
1239420137,713,1
1239421021,714,1
1239421205,18,0
1239421419,720,1
1239421527,969,0
1239422107,721,1
1239423336,971,0
1239423532,727,1
1239424195,730,1
1239424320,891,0
1239424723,742,1
1239425282,744,1
1239426003,749,1
1239426609,758,1
1239427003,979,0
1239427484,761,1
1239428927,775,1
1239430410,777,1
1239431426,781,1
1239432670,806,1
1239433833,812,1
1239434125,37,0
1239434782,819,1
1239435425,826,1
1239436916,827,1
1239438430,829,1
1239439150,991,0
1239440009,844,1
1239441327,849,1
1239442284,852,1
1239442482,995,0
1239443435,855,1
1239443647,997,0
1239444734,856,1
1239445363,858,1
1239446006,862,1
1239446114,1001,0
1239446679,863,1
1239447500,1003,0
1239448193,865,1
1239449427,868,1
1239449819,923,0
1239450009,593,0
1239450010,3463,0
1239450534,176,0
1239451795,61,0
1239452027,871,1
1239452535,876,1
1239453318,880,1
1239454820,888,1
1239455281,891,1
1239456435,183,0
1239456516,894,1
1239456884,900,1
1239458179,903,1
1239458662,904,1
1239459773,910,1
1239461160,917,1
1239461633,919,1
1239462057,942,0
1239462310,927,1
1239462931,194,0
1239462988,928,1
1239464241,196,0
1239464301,929,1
1239464997,934,1
1239465594,937,1
1239466948,946,1
1239467490,951,1
1239468758,955,1
1239469334,18,0
1239470213,961,1
1239470722,962,1
1239471150,963,1
1239472570,964,1
1239473398,965,1
1239473783,969,1
1239475099,986,1
1239475916,211,0
1239476304,987,1
1239477201,988,1
1239477729,992,1
1239478151,1000,1
1239478729,31,0
1239479087,1002,1
1239479487,1051,0
1239479524,1003,1
1239480450,1005,1
1239481700,1011,1
1239483208,1013,1
1239483501,36,0
1239483813,224,0
1239483912,1016,1
1239485272,1017,1
1239485815,1022,1
1239486800,1024,1
1239487535,1029,1
1239488451,1030,1
1239489056,1033,1
1239490228,1034,1
1239491136,1035,1
1239491564,1036,1
1239492207,1037,1
1239493216,1039,1
1239494402,237,0
1239494679,1043,1
1239495114,1045,1
1239495519,1046,1
1239496886,1047,1
1239497654,1056,1
1239498010,1058,1
1239498262,994,0
1239499042,1061,1
1239499947,1079,0
1239500562,1063,1
1239501562,1069,1
1239502101,1086,1
1239502862,1087,1
1239503464,1088,1
1239504440,1089,1
1239505178,1094,1
1239505887,254,0
1239506364,1098,1
1239507023,1101,1
1239507409,1102,1
1239508135,1105,1
1239508649,1107,1
1239510111,1110,1
1239510983,1119,1
1239511459,1095,0
1239512441,1120,1
1239512614,5,0
1239513017,1125,1
1239514490,1126,1
1239515123,1139,1
1239516086,1141,1
1239516927,1102,0
1239517518,1146,1
1239517905,1149,1
1239518603,1150,1
1239519733,1152,1
1239520818,1157,1
1239521226,275,0
1239521516,1161,1
1239521962,1164,1
1239522644,1165,1
1239523550,1166,1
1239525028,1168,1
1239526243,1186,1
1239526493,1115,0
1239526938,1190,1
1239528383,1198,1
1239529193,26,0
1239529691,1200,1
1239531176,1202,1
1239532398,1204,1
1239533820,1211,1
1239534965,1215,1
1239535658,1219,1
1239536359,1231,1
1239537551,1232,1
1239538374,1233,1
1239539104,108,0
1239539711,1235,1
1239540918,1239,1
1239542203,1241,1
1239543445,1248,1
1239543852,1250,1
1239544041,42,0
1239544362,15,0
1239544562,1253,1
1239545854,1263,1
1239546874,1269,1
1239547391,1271,1
1239548110,1285,1
1239548649,21,0
1239548864,1289,1
1239549535,1292,1
1239550521,1293,1
1239551942,1303,1
1239553214,1311,1
1239553531,1312,1
1239554248,1317,1
1239555035,1318,1
1239555662,1324,1
1239556166,1332,1
1239556565,1336,1
1239557120,33,0
1239557963,1346,1
1239558578,1354,1
1239559507,1356,1
1239560466,1372,1
1239561420,1377,1
1239561984,1381,1
1239563227,1382,1
1239564402,1384,1
1239564428,42,0
1239565617,1387,1
1239566129,1390,1
1239566996,1396,1
1239568272,1401,1
1239568894,1404,1
1239569321,1408,1
1239570002,1412,1
1239570286,1088,0
1239570400,9,0
1239570799,53,0
1239571027,1419,1
1239571781,1420,1
1239572512,1423,1
1239573777,1428,1
1239575034,5281,0
1239575021,1432,1
1239575266,3636,0
1239575552,1436,1
1239576155,1438,1
1239577196,64,0
1239577481,1440,1
1239578279,1448,1
1239579446,1104,0
1239579686,1450,1
1239580134,1454,1
1239581026,1458,1
1239582084,1472,1
1239583188,1473,1
1239584233,1485,1
1239585111,1500,1
1239585366,5297,0
1239585765,323,0
1239586139,1507,1
1239586596,1115,0
1239587497,1518,1
1239588023,1531,1
1239588780,328,0
1239589000,1532,1
1239589733,1533,1
1239590679,1549,1
1239591645,1556,1
1239592040,5308,0
1239593104,1560,1
1239594001,1563,1
1239594054,89,0
1239594942,1573,1
1239595641,1576,1
1239597052,1577,1
1239598292,1593,1
1239599356,1598,1
1239600005,1602,1
1239600373,96,0
1239600970,1614,1
1239601954,1617,1
1239602924,1641,1
1239603459,347,0
1239603948,1645,1
1239604996,1646,1
1239606421,1654,1
1239606780,1658,1
1239607192,352,0
1239608062,1672,1
1239608310,135,0
1239608598,1675,1
1239608941,1678,1
1239609754,1147,0
1239610250,1692,1
1239611100,1693,1
1239611617,1699,1
1239612323,1704,1
1239613892,1719,1
1239614194,116,0
1239615339,1727,1
1239615780,1734,1
1239616623,1736,1
1239617844,1755,1
1239618485,1759,1
1239618895,1768,1
1239619579,1778,1
1239621009,1782,1
1239621855,1785,1
1239623141,1793,1
1239623546,5350,0
1239624339,1794,1
1239625136,1802,1
1239625310,159,0
1239625916,1805,1
1239627068,1807,1
1239627725,1815,1
1239629127,1816,1
1239630470,1818,1
1239631781,1819,1
1239633152,1826,1
1239633540,1829,1
1239633614,240,0
1239634682,1830,1
1239635876,1848,1
1239636933,1850,1
1239637246,21,0
1239637887,1857,1
1239638853,23,0
1239639429,1863,1
1239640234,1864,1
1239641067,1869,1
1239642549,1880,1
1239643130,1890,1
1239643610,1895,1
1239644953,1899,1
1239646082,1903,1
1239646536,1906,1
1239646956,1912,1
1239647359,34,0
1239647734,1913,1
1239648593,406,0
1239648659,1921,1
1239649970,408,0
1239650138,1926,1
1239651458,1937,1
1239652312,1943,1
1239652958,1945,1
1239653635,1947,1
1239654213,195,0
1239654342,268,0
1239655084,1954,1
1239655151,47,0
1239655746,1956,1
1239657136,1964,1
1239658094,1970,1
1239658760,1974,1
1239659496,1976,1
1239659966,1978,1
1239661383,1980,1
1239661469,206,0
1239662364,1993,1
1239663366,1995,1
1239663984,2002,1
1239664738,2009,1
1239665135,2014,1
1239665587,61,0
1239666032,2022,1
1239667478,1223,0
1239667604,2031,1
1239668020,1225,0
1239668339,431,0
1239668986,2032,1
1239670316,2034,1
1239671576,2039,1
1239672438,2045,1
1239672640,5416,0
1239672936,72,0
1239673301,5418,0
1239673723,2051,1
1239675137,2061,1
1239675308,227,0
1239675384,228,0
1239675642,78,0
1239676559,2079,1
1239676970,2087,1
1239677708,2088,1
1239678327,2091,1
1239678929,2101,1
1239679567,2105,1
1239680932,2116,1
1239681332,2121,1
1239681743,238,0
1239681945,2134,1
1239682911,2137,1
1239683124,455,0
1239683444,2140,1
1239684615,2142,1
1239685886,2144,1
1239686375,94,0
1239686792,2147,1
1239687784,2148,1
1239688505,2156,1
1239689988,2160,1
1239690305,464,0
1239690601,2165,1
1239691310,2170,1
1239692676,2172,1
1239692939,468,0
1239693572,2178,1
1239694138,2179,1
1239695345,2189,1
1239696055,2190,1
1239696319,1268,0
1239696927,2199,1
1239697790,1270,0
1239698490,2207,1
1239699503,2209,1
1239700531,2210,1
1239700580,114,0
1239702130,2223,1
1239703376,2224,1
1239703727,2227,1
1239704057,118,0
1239704751,2234,1
1239704924,1280,0
1239705317,2235,1
1239706658,2238,1
1239708180,2241,1
1239709104,2246,1
1239709309,490,0
1239709984,2247,1
1239710932,2256,1
1239711954,2275,1
1239712725,2282,1
1239712899,495,0
1239713053,282,0
1239713497,2283,1
1239714114,133,0
1239714335,2284,1
1239715471,2286,1
1239716905,2287,1
1239718156,502,0
1239718282,2290,1
1239719590,2292,1
1239720097,2304,1
1239720150,1301,0
1239721197,3840,0
1239721420,2307,1
1239722804,2341,1
1239723491,2343,1
1239723532,511,0
1239723829,2344,1
1239725313,2347,1
1239725981,2354,1
1239726734,2359,1
1239727793,2360,1
1239728755,2362,1
1239728885,304,0
1239729340,2363,1
1239729685,2366,1
1239730225,2367,1
1239730978,2380,1
1239732839,2382,1
1239733445,2383,1
1239734986,2391,1
1239735776,2394,1
1239735868,160,0
1239736571,314,0
1239736812,2398,1
1239737438,2407,1
1239737986,2408,1
1239739157,2411,1
1239739901,3866,0
1239740553,2417,1
1239740964,168,0
1239742033,2422,1
1239743105,2424,1
1239743875,2431,1
1239745144,2436,1
1239746308,2439,1
1239747272,2440,1
1239748428,2450,1
1239748839,2457,1
1239749206,330,0
1239749715,2467,1
1239750848,5526,0
1239750813,2470,1
1239752000,2476,1
1239752502,2477,1
1239753006,19,0
1239753041,2481,1
1239753763,2485,1
1239754379,2487,1
1239755687,2491,1
1239756860,24,0
1239757077,2493,1
1239758220,2500,1
1239759288,2501,1
1239759965,345,0
1239760212,2504,1
1239761087,2505,1
1239762067,2512,1
1239762578,196,0
1239762864,2515,1
1239763772,2517,1
1239764165,35,0
1239765020,2522,1
1239765935,2525,1
1239767212,2528,1
1239768359,2536,1
1239768856,2542,1
1239769303,2549,1
1239770156,2557,1
1239770830,5554,0
1239771294,2562,1
1239771564,362,0
1239771936,2569,1
1239772748,2588,1
1239774165,2599,1
1239775125,2613,1
1239778206,214,0
1239778407,51,0
1239779559,8,1
1239780113,17,1
1239781534,22,1
1239782907,26,1
1239783798,28,1
1239784623,33,1
1239785150,35,1
1239786594,63,1
1239787683,380,0
1239787792,67,1
1239788716,69,1
1239788870,2750,0
1239790128,72,1
1239791391,73,1
1239791882,3930,0
1239792765,79,1
1239794057,80,1
1239794091,2756,0
1239794507,82,1
1239794928,83,1
1239796429,85,1
1239797093,89,1
1239798504,102,1
1239798883,232,0
1239798991,107,1
1239799991,112,1
1239801028,114,1
1239802558,127,1
1239803971,2767,0
1239804148,136,1
1239804397,82,0
1239804495,2770,0
1239804791,404,0
1239804886,138,1
1239805655,145,1
1239806331,147,1
1239806809,154,1
1239808354,159,1
1239808958,176,1
1239809436,91,0
1239810237,177,1
1239811382,181,1
1239812649,183,1
1239813916,194,1
1239814573,113,0
1239814710,195,1
1239814803,418,0
1239815405,201,1
1239816042,257,0
1239816814,216,1
1239817140,217,1
1239817841,2790,0
1239818450,219,1
1239819761,220,1
1239820823,221,1
1239821532,224,1
1239822969,247,1
1239823469,259,1
1239823918,2797,0
1239824459,275,1
1239824667,2799,0
1239824826,277,1
1239825625,278,1
1239826881,279,1
1239827355,282,1
1239828279,3981,0
1239828339,283,1
1239828914,287,1
1239829411,437,0
1239829887,291,1
1239830578,442,0
1239830983,297,1
1239832150,301,1
1239832427,445,0
1239833416,318,1
1239834311,319,1
1239835191,330,1
1239836456,332,1
1239837272,339,1
1239837624,343,1
1239839077,345,1
1239839502,450,0
1239840086,5645,0
1239840019,351,1
1239841248,352,1
1239841400,137,0
1239841759,354,1
1239842415,355,1
1239842452,7,0
1239843554,356,1
1239844022,370,1
1239844513,373,1
1239845693,382,1
1239846375,19,0
1239846738,391,1
1239846922,5658,0
1239847994,393,1
1239848454,396,1
1239848957,470,0
1239849889,399,1
1239850531,410,1
1239851257,27,0
1239851676,412,1
1239851866,472,0
1239852051,415,1
1239853095,419,1
1239853542,421,1
1239854299,431,1
1239855184,436,1
1239856323,438,1
1239857450,479,0
1239857673,441,1
1239858525,445,1
1239860004,453,1
1239861527,457,1
1239862018,461,1
1239863583,470,1
1239864960,487,1
1239865987,488,1
1239866355,493,1
1239866686,172,0
1239867555,515,1
1239867762,491,0
1239868344,517,1
1239869507,518,1
1239869704,5688,0
1239870689,520,1
1239870945,499,0
1239872025,523,1
1239872436,527,1
1239873020,5693,0
1239873872,533,1
1239874658,534,1
1239876199,543,1
1239877000,544,1
1239877565,504,0
1239877882,554,1
1239878974,557,1
1239880164,565,1
1239881207,567,1
1239881809,512,0
1239882558,571,1
1239883702,579,1
1239884037,5706,0
1239884482,20,0
1239884743,581,1
1239885723,198,0
1239885696,582,1
1239886446,583,1
1239886726,25,0
1239887098,12,0
1239887379,523,0
1239887468,585,1
1239888476,586,1
1239889138,596,1
1239889649,597,1
1239891025,604,1
1239891897,612,1
1239892079,5721,0
1239892332,618,1
1239893695,620,1
1239894444,625,1
1239895272,632,1
1239896299,639,1
1239897472,643,1
1239898638,648,1
1239899606,28,0
1239899636,651,1
1239900802,653,1
1239901361,656,1
1239901710,91,0
1239902727,662,1
1239903683,665,1
1239903847,225,0
1239904377,676,1
1239904895,677,1
1239905959,678,1
1239906398,39,0
1239906572,680,1
1239907486,231,0
1239907765,25,0
1239907854,682,1
1239909192,683,1
1239909730,28,0
1239909987,687,1
1239910848,699,1
1239911784,702,1
1239912774,4103,0
1239912897,711,1
1239913862,716,1
1239914811,719,1
1239916005,721,1
1239917550,727,1
1239918184,737,1
1239918880,738,1
1239919009,564,0
1239920439,744,1
1239921465,752,1
1239921853,43,0
1239922311,753,1
1239923314,758,1
1239924447,764,1
1239924993,78,0
1239925708,773,1
1239926230,775,1
1239926607,81,0
1239927369,578,0
1239927565,783,1
1239928862,785,1
1239929598,786,1
1239930525,86,0
1239930835,583,0
1239931121,791,1
1239931863,58,0
1239932058,802,1
1239933350,814,1
1239934626,839,1
1239935116,589,0
1239935336,842,1
1239936027,843,1
1239937133,846,1
1239937975,858,1
1239938080,67,0
1239938410,869,1
1239938728,870,1
1239939124,873,1
1239940311,874,1
1239941902,887,1
1239943298,892,1
1239944581,897,1
1239945977,899,1
1239946905,76,0
1239946992,907,1
1239947416,5796,0
1239948350,910,1
1239949079,80,0
1239949751,916,1
1239949964,82,0
1239950081,917,1
1239951605,926,1
1239952934,931,1
1239953995,933,1
1239955462,946,1
1239956783,957,1
1239957031,616,0
1239958285,959,1
1239958709,970,1
1239959671,976,1
1239961174,988,1
1239961454,9,0
1239961544,992,1
1239962316,96,0
1239962937,993,1
1239964445,1010,1
1239965217,1020,1
1239965797,1030,1
1239967011,1031,1
1239968004,102,0
1239968359,1035,1
1239969769,1043,1
1239970222,105,0
1239971121,106,0
1239971226,1046,1
1239971272,632,0
1239971706,1058,1
1239973156,1064,1
1239973967,1069,1
1239974692,1077,1
1239974999,637,0
1239975199,1082,1
1239975848,1085,1
1239976293,31,0
1239976654,644,0
1239977158,1098,1
1239978576,1102,1
1239978898,1103,1
1239980240,1112,1
1239981139,1114,1
1239981733,1118,1
1239983035,1125,1
1239983922,1127,1
1239984603,1129,1
1239985153,1133,1
1239985898,1134,1
1239986607,1136,1
1239986933,1137,1
1239987336,1142,1
1239988261,1150,1
1239989362,1155,1
1239990539,1159,1
1239991712,1166,1
1239992876,1173,1
1239993208,137,0
1239993640,138,0
1239994120,1190,1
1239995303,1192,1
1239995922,1198,1
1239996264,1199,1
1239996521,58,0
1239997747,1201,1
1239998781,1202,1
1239999837,1209,1
1240001099,1212,1
1240001416,27,0
1240002080,149,0
1240002186,1216,1
1240003677,1227,1
1240004948,1240,1
1240006345,1243,1
1240006856,1248,1
1240006988,70,0
1240007831,1273,1
1240009381,1284,1
1240010484,5876,0
1240010949,1291,1
1240011798,1292,1
1240012133,1295,1
1240013541,1306,1
1240013610,163,0
1240013999,1318,1
1240015067,1323,1
1240015551,1324,1
1240016934,4238,0
1240016930,1325,1
1240018155,1328,1
1240019041,1332,1
1240019921,1333,1
1240020584,1335,1
1240021889,1340,1
1240022329,1342,1
1240022624,54,0
1240023278,1346,1
1240024652,1352,1
1240025441,1354,1
1240026761,1369,1
1240027378,1371,1
1240027754,1376,1
1240028762,1377,1
1240029657,1379,1
1240029877,63,0
1240030086,1387,1
1240030884,1402,1
1240031827,1420,1
1240032563,1429,1
1240033853,1430,1
1240033952,190,0
1240035239,1446,1
1240035730,1454,1
1240036095,1455,1
1240037064,1462,1
1240038393,1465,1
1240038965,1470,1
1240039823,52,0
1240040175,1473,1
1240041053,1474,1
1240042240,1489,1
1240043776,1511,1
1240044379,109,0
1240045112,1526,1
1240045491,111,0
1240045759,1535,1
1240046142,206,0
1240046628,1538,1
1240047195,63,0
1240047579,88,0
1240047750,1547,1
1240048193,1550,1
1240048924,1554,1
1240049554,1565,1
1240049923,214,0
1240050011,1566,1
1240050296,216,0
1240051107,1568,1
1240051698,125,0
1240052175,1577,1
1240052621,75,0
1240052655,1579,1
1240053065,77,0
1240053374,5941,0
1240054258,1589,1
1240054927,1593,1
1240055551,1597,1
1240056684,1603,1
1240057649,83,0
1240057857,1611,1
1240058155,5948,0
1240058715,1612,1
1240059401,1626,1
1240060102,1633,1
1240061353,1634,1
1240062008,91,0
1240062364,304,0
1240062592,1637,1
1240063947,1646,1
1240064448,1649,1
1240065186,1650,1
1240066000,1657,1
1240067041,753,0
1240067179,1659,1
1240067288,124,0
1240068498,1662,1
1240070119,1676,1
1240071299,1678,1
1240071601,761,0
1240072570,158,0
1240074053,108,0
1240074134,1690,1
1240075494,1692,1
1240076598,1710,1
1240076718,4328,0
1240077348,1721,1
1240077947,1724,1
1240078271,1726,1
1240078617,1728,1
1240078974,1731,1
1240080095,1737,1
1240080788,1740,1
1240081225,1744,1
1240082161,1752,1
1240083267,1758,1
1240084174,779,0
1240084757,1769,1
1240085164,1771,1
1240085949,1778,1
1240086533,1779,1
1240087104,129,0
1240087142,1786,1
1240087847,1792,1
1240089087,1814,1
1240090093,1815,1
1240090126,789,0
1240090739,159,0
1240090780,187,0
1240090807,1825,1
1240092092,1826,1
1240092545,282,0
1240093279,795,0
1240093341,1832,1
1240094470,1835,1
1240095273,1841,1
1240095664,1846,1
1240097184,1849,1
1240098586,1858,1
1240099328,1860,1
1240100769,1867,1
1240101655,149,0
1240102479,1886,1
1240103512,1898,1
1240104124,1899,1
1240105539,1909,1
1240106395,1926,1
1240107472,1928,1
1240107978,1930,1
1240109293,1937,1
1240109405,208,0
1240110638,1939,1
1240111240,1952,1
1240112366,816,0
1240112532,1953,1
1240113118,4379,0
1240113280,1955,1
1240114862,1966,1
1240115761,166,0
1240115768,1967,1
1240116924,1970,1
1240117417,1975,1
1240118057,1979,1
1240118663,1984,1
1240119640,315,0
1240119856,1986,1
1240121227,1994,1
1240121485,318,0
1240121969,1995,1
1240123131,1997,1
1240124319,1999,1
1240124672,228,0
1240124958,2009,1
1240125194,324,0
1240125538,2010,1
1240126222,2013,1
1240126480,184,0
1240127663,2019,1
1240128231,186,0
1240128519,2026,1
1240129758,2030,1
1240130753,332,0
1240131163,2054,1
1240132803,2076,1
1240133888,2083,1
1240134692,2098,1
1240136067,2104,1
1240136626,2110,1
1240137360,196,0
1240137820,340,0
1240137837,853,0
1240138031,2112,1
1240139163,2115,1
1240140199,4417,0
1240140587,2130,1
1240141309,2134,1
1240142780,2142,1
1240143821,2147,1
1240144184,2151,1
1240145438,2155,1
1240146546,351,0
1240146794,2160,1
1240147495,2167,1
1240148053,2177,1
1240148551,2181,1
1240149966,2185,1
1240150220,6078,0
1240150619,2187,1
1240152018,2196,1
1240152440,6081,0
1240152839,219,0
1240152977,2204,1
1240154173,269,0
1240154315,2216,1
1240155354,2227,1
1240155884,2230,1
1240156056,225,0
1240156273,2233,1
1240157194,2236,1
1240157662,276,0
1240157916,2244,1
1240158960,2250,1
1240159463,2251,1
1240160376,2256,1
1240161241,2264,1
1240161907,2273,1
1240163038,2295,1
1240164289,2297,1
1240165353,2304,1
1240165751,2306,1
1240166460,2312,1
1240167661,2314,1
1240167977,384,0
1240168186,2322,1
1240168259,386,0
1240168874,2338,1
1240169003,245,0
1240169597,2339,1
1240170106,2345,1
1240170896,2352,1
1240172449,2361,1
1240172595,10,0
1240173959,2375,1
1240174977,2376,1
1240175273,908,0
1240175862,2383,1
1240176216,2385,1
1240177372,2391,1
1240178704,2392,1
1240179216,2396,1
1240180119,306,0
1240180349,2401,1
1240181522,2413,1
1240182023,2416,1
1240183200,2417,1
1240183953,2424,1
1240185167,2429,1
1240185486,26,0
1240186084,2434,1
1240186599,411,0
1240186703,2435,1
1240187640,2438,1
1240188157,2447,1
1240188219,415,0
1240188706,319,0
1240189480,2455,1
1240190570,2463,1
1240191050,2473,1
1240191844,277,0
1240192001,38,0
1240192540,2477,1
1240193681,2481,1
1240193860,41,0
1240194488,937,0
1240195119,2486,1
1240196499,2501,1
1240197708,2510,1
1240198366,2516,1
1240199446,2532,1
1240200369,2533,1
1240201420,2535,1
1240202301,2539,1
1240203445,2540,1
1240204136,293,0
1240204774,2541,1
1240205805,2542,1
1240206384,2544,1
1240207133,2546,1
1240208443,2547,1
1240209930,2549,1
1240211401,2553,1
1240211729,6164,0
1240212806,2556,1
1240213179,2561,1
1240214425,447,0
1240214434,448,0
1240214577,2566,1
1240214920,2567,1
1240216149,2577,1
1240216651,309,0
1240217249,2580,1
1240217592,71,0
1240218256,2582,1
1240218700,313,0
1240219212,2583,1
1240219356,458,0
1240220422,2587,1
1240221187,2588,1
1240221350,461,0
1240222668,2598,1
1240222790,362,0
1240224022,363,0
1240224890,2613,1
1240224976,109,0
1240225349,2614,1
1240225622,468,0
1240228398,469,0
1240229012,3,1
1240229794,9,1
1240231285,10,1
1240231660,11,1
1240232830,373,0
1240233179,24,1
1240233732,29,1
1240234872,36,1
1240235620,43,1
1240236559,479,0
1240237114,49,1
1240238158,379,0
1240238445,52,1
1240239400,61,1
1240239569,484,0
1240240755,64,1
1240242049,70,1
1240242653,75,1
1240243414,80,1
1240245003,93,1
1240245601,111,1
1240246117,114,1
1240246263,492,0
1240247093,118,1
1240247785,123,1
1240248681,125,1
1240249074,130,1
1240250114,132,1
1240251380,139,1
1240251621,1011,0
1240251634,357,0
1240252596,141,1
1240253275,142,1
1240253829,157,1
1240254538,165,1
1240255240,177,1
1240255799,180,1
1240257310,184,1
1240258772,189,1
1240259646,191,1
1240260093,197,1
1240260138,369,0
1240260823,6232,0
1240261360,200,1
1240262049,372,0
1240262316,201,1
1240263264,45,0
1240263633,203,1
1240264479,204,1
1240265469,1032,0
1240265822,206,1
1240265954,522,0
1240266691,213,1
1240267659,524,0
1240268071,224,1
1240268940,231,1
1240269270,144,0
1240270389,237,1
1240270572,6,0
1240271825,242,1
1240272667,531,0
1240272856,251,1
1240273208,4602,0
1240273806,252,1
1240274244,260,1
1240274747,272,1
1240275905,273,1
1240277207,279,1
1240277951,281,1
1240278728,282,1
1240280153,283,1
1240280412,8,0
1240280559,286,1
1240281089,293,1
1240282093,296,1
1240283607,307,1
1240284497,310,1
1240285442,272,0
1240285782,312,1
1240286493,313,1
1240287944,315,1
1240289423,316,1
1240289837,170,0
1240290501,332,1
1240291637,333,1
1240292787,334,1
1240293151,339,1
1240294029,340,1
1240294426,87,0
1240294717,26,0
1240295111,342,1
1240296040,348,1
1240297543,349,1
1240298604,351,1
1240299474,460,0
1240299504,377,1
1240300985,380,1
1240301735,292,0
1240301812,35,0
1240302125,381,1
1240302978,99,0
1240303271,385,1
1240304111,468,0
1240304434,387,1
1240305176,395,1
1240305560,398,1
1240305920,399,1
1240306481,405,1
1240307341,412,1
1240308752,57,0
1240308908,198,0
1240309707,59,0
1240309906,60,0
1240310123,419,1
1240311617,431,1
1240312302,434,1
1240312816,435,1
1240313547,436,1
1240314677,450,1
1240314740,207,0
1240316049,461,1
1240317117,6311,0
1240317285,473,1
1240317766,132,0
1240317955,488,0
1240318521,485,1
1240319552,495,1
1240320011,126,0
1240320790,499,1
1240321542,501,1
1240322638,505,1
1240323882,79,0
1240324098,510,1
1240324591,514,1
1240325965,528,1
1240327119,499,0
1240327471,533,1
1240328280,554,1
1240328768,558,1
1240330132,559,1
1240330204,88,0
1240331349,574,1
1240332650,507,0
1240332787,597,1
1240333627,82,0
1240333678,610,1
1240334066,611,1
1240334672,619,1
1240335445,86,0
1240336026,621,1
1240337099,633,1
1240337777,100,0
1240338085,637,1
1240339082,638,1
1240339576,643,1
1240340624,645,1
1240341572,660,1
1240342083,95,0
1240343116,666,1
1240343636,667,1
1240344241,669,1
1240344727,670,1
1240345064,671,1
1240345238,525,0
1240345464,102,0
1240346178,688,1
1240347462,692,1
1240348073,699,1
1240349313,702,1
1240349962,715,1
1240350233,108,0
1240350827,716,1
1240352092,717,1
1240352473,369,0
1240352717,718,1
1240352880,113,0
1240353276,114,0
1240354052,720,1
1240354504,723,1
1240355213,117,0
1240356079,731,1
1240356827,732,1
1240358089,733,1
1240359179,737,1
1240359664,738,1
1240360708,739,1
1240361082,741,1
1240362019,744,1
1240362843,753,1
1240363379,769,1
1240363608,128,0
1240364459,4669,0
1240364484,777,1
1240365729,782,1
1240366890,785,1
1240368165,790,1
1240368966,791,1
1240370358,800,1
1240371452,803,1
1240372263,807,1
1240372821,6391,0
1240373254,812,1
1240374194,853,1
1240374940,867,1
1240376252,875,1
1240376914,879,1
1240377537,888,1
1240378519,4685,0
1240379119,902,1
1240380296,913,1
1240381698,4688,0
1240381635,916,1
1240382071,207,0
1240382699,223,0
1240383018,926,1
1240383606,932,1
1240384213,939,1
1240384625,941,1
1240385309,943,1
1240385338,157,0
1240386359,945,1
1240387003,159,0
1240387256,963,1
1240387890,968,1
1240388462,972,1
1240389863,974,1
1240391347,989,1
1240392584,994,1
1240393832,1003,1
1240395165,1004,1
1240395850,1010,1
1240395879,169,0
1240396526,7,0
1240397395,1021,1
1240398342,1025,1
1240399330,1040,1
1240399806,1041,1
1240400231,1045,1
1240401406,327,0
1240401462,1046,1
1240402946,1048,1
1240403603,1065,1
1240405106,1077,1
1240406569,1085,1
1240407096,239,0
1240407482,1091,1
1240408079,1104,1
1240408667,1111,1
1240409029,6439,0
1240409287,22,0
1240409849,1116,1
1240410196,1120,1
1240411126,190,0
1240411346,1127,1
1240411504,249,0
1240412362,1128,1
1240413927,1136,1
1240414251,195,0
1240414527,268,0
1240414611,1154,1
1240415556,1163,1
1240417107,1170,1
1240417193,257,0
1240418308,273,0
1240418633,1174,1
1240419270,1175,1
1240420529,1177,1
1240421801,1183,1
1240422213,6459,0
1240422199,207,0
1240423013,1187,1
1240423746,1188,1
1240424189,1190,1
1240425555,1203,1
1240426823,284,0
1240426876,1215,1
1240427219,6467,0
1240428283,1224,1
1240428790,1237,1
1240428905,217,0
1240429277,1242,1
1240429754,1245,1
1240430955,1262,1
1240431560,221,0
1240431948,1265,1
1240432510,1281,1
1240433383,1288,1
1240434225,1294,1
1240435543,1297,1
1240436456,1303,1
1240438033,1315,1
1240438156,229,0
1240438821,1333,1
1240439692,53,0
1240440050,4772,0
1240440294,1334,1
1240441247,1335,1
1240441667,1338,1
1240442681,236,0
1240442968,1339,1
1240443115,36,0
1240443494,1342,1
1240444112,1348,1
1240444452,1351,1
1240445025,1354,1
1240445818,1355,1
1240446454,1356,1
1240447321,6498,0
1240447293,1374,1
1240447519,247,0
1240448579,1380,1
1240449230,1386,1
1240449905,1391,1
1240451104,1392,1
1240451822,1394,1
1240453138,1395,1
1240454286,1396,1
1240454655,1397,1
1240455199,1399,1
1240455957,1400,1
1240456650,330,0
1240457062,1408,1
1240457794,1417,1
1240458820,1422,1
1240459322,1426,1
1240460497,1431,1
1240461225,1450,1
1240462625,1457,1
1240463809,64,0
1240463920,1460,1
1240465129,1474,1
1240466390,1475,1
1240466743,1477,1
1240467644,1484,1
1240468219,1491,1
1240469012,1495,1
1240482438,7,0
1240484879,81,0
1240496093,9,0
1240498188,349,0
1240498394,1,1
1240499490,5,1
1240499969,13,1
1240500799,15,1
1240502249,25,1
1240502828,28,1
1240503979,29,1
1240505332,91,0
1240506158,358,0
1240507071,44,1
1240508595,47,1
1240509815,48,1
1240510991,56,1
1240512105,82,1
1240513381,86,1
1240513825,6,0
1240514721,93,1
1240515164,105,1
1240516383,134,1
1240516983,369,0
1240517480,154,1
1240518224,156,1
1240519009,162,1
1240519856,165,1
1240519961,108,0
1240520754,166,1
1240521226,171,1
1240521970,185,1
1240523155,188,1
1240524352,196,1
1240525630,200,1
1240526539,6562,0
1240527039,219,1
1240527306,117,0
1240528251,220,1
1240528842,232,1
1240529378,235,1
1240529671,48,0
1240530915,245,1
1240531894,248,1
1240532209,124,0
1240533283,249,1
1240534494,33,0
1240534759,254,1
1240536100,255,1
1240536547,258,1
1240537828,260,1
1240538766,261,1
1240539927,43,0
1240540203,269,1
1240540884,271,1
1240542334,284,1
1240543567,287,1
1240544795,291,1
1240545228,293,1
1240545889,294,1
1240546453,6585,0
1240546643,141,0
1240547345,305,1
1240548052,307,1
1240548814,51,0
1240549551,310,1
1240549554,57,0
1240550188,313,1
1240550522,6593,0
1240550710,6594,0
1240551679,323,1
1240552604,326,1
1240553299,418,0
1240553663,335,1
1240554978,349,1
1240555358,354,1
1240556555,367,1
1240557050,378,1
1240557698,380,1
1240558231,394,1
1240558607,396,1
1240559839,403,1
1240560688,408,1
1240561309,409,1
1240562086,6609,0
1240562535,410,1
1240563063,429,1
1240564075,431,1
1240565117,432,1
1240566318,433,1
1240567130,436,1
1240567995,443,1
1240568671,451,1
1240569191,460,1
1240569790,466,1
1240570504,52,0
1240570642,469,1
1240571963,472,1
1240572760,475,1
1240573890,495,1
1240574242,57,0
1240574871,511,1
1240576125,89,0
1240576283,517,1
1240577253,519,1
1240578747,530,1
1240579206,537,1
1240579685,543,1
1240579692,187,0
1240580859,545,1
1240582035,551,1
1240583413,556,1
1240584736,558,1
1240585764,563,1
1240586764,569,1
1240588147,570,1
1240589463,580,1
1240589911,587,1
1240590792,592,1
1240590888,198,0
1240591027,76,0
1240591284,594,1
1240592297,603,1
1240592858,604,1
1240593427,609,1
1240594023,616,1
1240594601,622,1
1240594641,206,0
1240596069,625,1
1240597380,628,1
1240598334,629,1
1240599092,631,1
1240599098,89,0
1240599880,634,1
1240601042,480,0
1240601310,641,1
1240602718,643,1
1240603450,656,1
1240604140,668,1
1240605206,677,1
1240605808,680,1
1240607120,681,1
1240607282,6667,0
1240607647,687,1
1240609037,699,1
1240610202,701,1
1240610792,225,0
1240610939,703,1
1240612405,704,1
1240613871,708,1
1240613859,12,0
1240614832,713,1
1240615356,716,1
1240615898,721,1
1240616369,722,1
1240616903,726,1
1240617132,502,0
1240617429,731,1
1240618056,734,1
1240618954,21,0
1240619892,746,1
1240620498,749,1
1240621838,754,1
1240621803,25,0
1240622591,756,1
1240623932,758,1
1240624287,123,0
1240624944,759,1
1240625874,761,1
1240627282,764,1
1240628414,774,1
1240628894,775,1
1240629912,776,1
1240630288,780,1
1240630690,36,0
1240631515,794,1
1240632349,32,0
1240633759,805,1
1240635281,808,1
1240635391,35,0
1240636807,811,1
1240637204,138,0
1240637806,819,1
1240638362,841,1
1240639165,846,1
1240640032,264,0
1240640428,854,1
1240641460,858,1
1240641782,859,1
1240642225,268,0
1240642630,868,1
1240643401,872,1
1240644391,876,1
1240645120,879,1
1240645111,56,0
1240646481,880,1
1240647533,886,1
1240647718,53,0
1240648056,887,1
1240649132,889,1
1240649900,62,0
1240650448,897,1
1240651477,6727,0
1240652042,907,1
1240652030,160,0
1240652966,911,1
1240653082,62,0
1240653579,919,1
1240654252,922,1
1240655462,924,1
1240656580,931,1
1240657356,944,1
1240657644,74,0
1240658107,945,1
1240659444,949,1
1240660598,954,1
1240661275,955,1
1240661914,962,1
1240661842,174,0
1240662482,968,1
1240663591,987,1
1240663763,83,0
1240664036,178,0
1240664572,989,1
1240664577,303,0
1240665315,990,1
1240666390,82,0
1240666577,573,0
1240666904,998,1
1240666944,308,0
1240667598,1000,1
1240668290,1013,1
1240669181,1019,1
1240670248,1021,1
1240670711,90,0
1240671207,1029,1
1240672260,1032,1
1240672848,6762,0
1240673590,1035,1
1240674205,1039,1
1240674793,1045,1
1240676275,1051,1
1240676459,98,0
1240677266,1053,1
1240678407,1082,1
1240679503,1098,1
1240680948,1115,1
1240681469,1116,1
1240682135,1120,1
1240682107,328,0
1240682791,1123,1
1240683552,1124,1
1240684132,1130,1
1240684760,1131,1
1240684889,211,0
1240686166,1142,1
1240686642,1145,1
1240687901,1158,1
1240689204,1162,1
1240690637,1164,1
1240691971,1166,1
1240692929,1169,1
1240694322,1171,1
1240694784,1173,1
1240696255,1175,1
1240697141,1184,1
1240697937,1187,1
1240699264,1189,1
1240700386,1190,1
1240700961,225,0
1240701091,227,0
1240701249,1193,1
1240701620,351,0
1240701885,1198,1
1240703038,1200,1
1240703735,18,0
1240704003,1211,1
1240704671,234,0
1240705066,1215,1
1240705978,1216,1
1240706862,1219,1
1240707692,1221,1
1240709021,1223,1
1240710535,1226,1
1240711313,1237,1
1240711610,242,0
1240711901,1243,1
1240712542,1245,1
1240713105,41,0
1240713251,1248,1
1240714104,1252,1
1240714237,370,0
1240715150,1267,1
1240716463,1268,1
1240716984,1274,1
1240717751,1282,1
1240718474,1287,1
1240719515,1289,1
1240720635,1290,1
1240721757,1291,1
1240722802,1295,1
1240723148,257,0
1240724139,1302,1
1240724692,1305,1
1240725046,1307,1
1240725877,1312,1
1240726289,5093,0
1240726917,1317,1
1240727914,1321,1
1240728684,265,0
1240729166,1329,1
1240729119,267,0
1240729766,1339,1
1240730320,1348,1
1240730304,392,0
1240731091,1356,1
1240731725,1366,1
1240732603,1372,1
1240733929,396,0
1240734136,1380,1
1240734202,63,0
1240734663,1387,1
1240735221,1392,1
1240736812,1412,1
1240737251,402,0
1240738216,1424,1
1240738730,1428,1
1240739264,1435,1
1240740627,1436,1
1240741880,1437,1
1240742314,1438,1
1240743227,1453,1
1240744700,1454,1
1240745360,1467,1
1240746628,1471,1
1240747547,291,0
1240748085,1474,1
1240748639,1478,1
1240750043,1481,1
1240750647,1486,1
1240751919,1492,1
1240753108,1498,1
1240753903,1504,1
1240754362,1507,1
1240755925,1515,1
1240757128,1521,1
1240758445,1525,1
1240758776,197,0
1240759940,1531,1
1240761385,1541,1
1240761990,200,0
1240762207,1545,1
1240762835,311,0
1240762992,1547,1
1240764459,1568,1
1240765986,1578,1
1240766804,1588,1
1240768463,1611,1
1240769562,1612,1
1240769549,317,0
1240770054,1613,1
1240771460,1615,1
1240772736,1634,1
1240773953,1636,1
1240775223,1654,1
1240775736,1659,1
1240776271,5155,0
1240776507,1660,1
1240777846,1670,1
1240778358,328,0
1240778492,31,0
1240779146,223,0
1240779257,1676,1
1240780369,1680,1
1240781067,1687,1
1240781584,333,0
1240781715,334,0
1240782328,1692,1
1240782745,11,0
1240783300,6906,0
1240783462,1697,1
1240784732,1706,1
1240786029,1711,1
1240787016,1715,1
1240788091,1716,1
1240788154,343,0
1240789416,1719,1
1240790285,1720,1
1240791373,1721,1
1240793328,1773,1
1240793919,1778,1
1240795177,1779,1
1240795798,1780,1
1240796494,1786,1
1240797727,1787,1
1240798233,1791,1
1240798883,1799,1
1240799349,1800,1
1240799816,5187,0
1240800408,1802,1
1240800592,5189,0
1240801745,1811,1
1240802320,1813,1
1240803302,1828,1
1240804125,1829,1
1240805626,1838,1
1240806641,1840,1
1240807813,1843,1
1240809258,1855,1
1240810410,1856,1
1240811121,1862,1
1240812331,1866,1
1240813310,1869,1
1240814583,1874,1
1240815210,1883,1
1240816394,1893,1
1240817457,1927,1
1240817899,1936,1
1240818909,1945,1
1240819686,1949,1
1240820459,1967,1
1240820836,350,0
1240821704,1969,1
1240823329,1988,1
1240824379,2001,1
1240824935,2002,1
1240826311,2014,1
1240827415,2032,1
1240827699,11,0
1240828552,2035,1
1240829734,2045,1
1240830569,2057,1
1240831481,2065,1
1240832445,2067,1
1240833592,2074,1
1240834847,2078,1
1240836026,2081,1
1240837140,7,0
1240837171,2089,1
1240837802,2093,1
1240838386,6967,0
1240838651,2098,1
1240839506,2102,1
1240840287,6970,0
1240840252,2107,1
1240841285,2108,1
1240841897,2109,1
1240842448,3,0
1240842660,2117,1
1240843497,2139,1
1240844356,2142,1
1240845658,2153,1
1240847064,2154,1
1240847684,2155,1
1240847818,17,0
1240848143,2162,1
1240849362,2175,1
1240850350,2181,1
1240850871,2182,1
1240851216,2183,1
1240851774,2196,1
1240853191,2209,1
1240853327,25,0
1240854474,2210,1
1240855240,2214,1
1240856589,2216,1
1240857286,36,0
1240857977,2222,1
1240858211,38,0
1240859326,2241,1
1240859699,33,0
1240860770,2243,1
1240861352,2253,1
1240861519,134,0
1240862569,2259,1
1240863884,2266,1
1240864236,2270,1
1240865178,40,0
1240865799,2276,1
1240866646,2278,1
1240867927,2281,1
1240869376,2283,1
1240870145,2284,1
1240870694,5272,0
1240871076,2287,1
1240871957,2289,1
1240872695,5,0
1240873360,2290,1
1240874138,2291,1
1240875513,52,0
1240875649,2293,1
1240876683,2295,1
1240877151,62,0
1240877793,2298,1
1240879346,2313,1
1240879698,125,0
1240880375,2323,1
1240881147,60,0
1240881511,2324,1
1240881750,428,0
1240883003,2325,1
1240884217,2326,1
1240885113,2327,1
1240886437,2329,1
1240887042,7031,0
1240887164,2335,1
1240887566,76,0
1240888541,2343,1
1240889738,2352,1
1240891257,2367,1
1240891973,139,0
1240892470,2373,1
1240892825,2376,1
1240894152,2377,1
1240895296,84,0
1240895626,2385,1
1240896682,2387,1
1240897355,2397,1
1240897507,51,0
1240898123,2398,1
1240899149,83,0
1240899624,2403,1
1240900460,2404,1
1240901905,2417,1
1240903134,2423,1
1240903816,2429,1
1240904360,2432,1
1240905340,2433,1
1240906149,2452,1
1240906919,62,0
1240907291,5319,0
1240907677,64,0
1240907700,2460,1
1240908750,2464,1
1240909086,2466,1
1240909355,98,0
1240910013,2478,1
1240911143,2496,1
1240911410,108,0
1240912430,5328,0
1240912504,2499,1
1240913002,2502,1
1240913312,112,0
1240913902,2504,1
1240914140,173,0
1240914757,2511,1
1240915583,2522,1
1240916448,2533,1
1240916890,118,0
1240917912,2535,1
1240919128,2545,1
1240919357,5340,0
1240919825,2560,1
1240920894,2561,1
1240921593,2569,1
1240922894,2570,1
1240922967,89,0
1240923409,2572,1
1240923517,187,0
1240924409,2575,1
1240925405,2576,1
1240925780,5350,0
1240926247,2581,1
1240926619,133,0
1240928224,134,0
1240930221,2,1
1240931480,3,1
1240933027,9,1
1240934288,138,0
1240934538,11,1
1240935917,15,1
1240936510,16,1
1240938081,33,1
1240939163,7100,0
1240939612,36,1
1240939920,204,0
1240940540,37,1
1240941050,40,1
1240941305,207,0
1240941613,44,1
1240941931,45,1
1240941963,210,0
1240942640,58,1
1240943123,71,1
1240944123,72,1
1240944550,78,1
1240945310,81,1
1240945434,216,0
1240945985,85,1
1240946373,518,0
1240946992,86,1
1240948296,88,1
1240949374,155,0
1240949510,98,1
1240950349,100,1
1240951547,109,1
1240953092,115,1
1240953252,33,0
1240953976,116,1
1240954246,162,0
1240955366,118,1
1240956031,121,1
1240957318,125,1
1240957992,128,1
1240959450,137,0
1240959485,130,1
1240960657,138,1
1240961419,147,1
1240962436,148,1
1240963206,157,1
1240963843,166,1
1240965056,172,1
1240965828,183,1
1240966654,186,1
1240966768,78,0
1240967108,188,1
1240967728,191,1
1240968246,7144,0
1240968869,195,1
1240969416,201,1
1240970338,203,1
1240971717,204,1
1240972204,210,1
1240973036,218,1
1240973696,7151,0
1240974529,223,1
1240976008,224,1
1240976993,236,1
1240977488,248,1
1240978066,162,0
1240978258,259,1
1240979271,266,1
1240980228,277,1
1240980813,282,1
1240981654,285,1
1240983048,299,1
1240984231,304,1
1240984572,307,1
1240985600,315,1
1240986873,318,1
1240987669,326,1
1240988653,333,1
1240989189,342,1
1240990001,348,1
1240991090,372,1
1240991745,380,1
1240992564,383,1
1240993740,385,1
1240995056,387,1
1240996325,392,1
1240997004,188,0
1240997207,184,0
1240997427,393,1
1240997951,395,1
1240999046,283,0
1240999058,398,1
1240999904,400,1
1241000875,409,1
1241001600,420,1
1241002278,425,1
1241002435,7187,0
1241002402,290,0
1241002805,428,1
1241002891,5452,0
1241003749,429,1
1241003883,198,0
1241003982,199,0
1241004547,435,1
1241005057,440,1
1241006475,441,1
1241007753,451,1
1241008288,460,1
1241009400,205,0
1241009748,302,0
1241009876,484,1
1241010038,304,0
1241010183,605,0
1241010539,5466,0
1241010875,485,1
1241012042,212,0
1241012254,502,1
1241012638,7208,0
1241013210,215,0
1241013746,513,1
1241014346,515,1
1241015842,522,1
1241016802,523,1
1241017391,527,1
1241017996,529,1
1241019203,318,0
1241019464,538,1
1241020817,539,1
1241021396,543,1
1241022003,549,1
1241022264,323,0
1241022873,624,0
1241023531,556,1
1241024265,557,1
1241024293,4,0
1241025836,579,1
1241026492,593,1
1241026636,330,0
1241027621,610,1
1241028345,612,1
1241028839,613,1
1241029367,634,0
1241029678,620,1
1241029912,245,0
1241030084,622,1
1241030765,247,0
1241030911,623,1
1241031730,629,1
1241033164,635,1
1241033601,646,1
1241034720,651,1
1241035652,653,1
1241035866,5506,0
1241036203,655,1
1241036894,658,1
1241037331,661,1
1241038327,668,1
1241039208,671,1
1241040651,672,1
1241041402,678,1
1241042227,263,0
1241042448,7253,0
1241042357,680,1
1241042457,357,0
1241043397,682,1
1241044061,694,1
1241044122,360,0
1241044824,700,1
1241045832,701,1
1241046771,709,1
1241046904,364,0
1241048156,720,1
1241048514,722,1
1241049884,724,1
1241050442,731,1
1241050856,732,1
1241051853,736,1
1241052284,747,1
1241053733,752,1
1241054241,754,1
1241054615,759,1
1241054904,375,0
1241055416,769,1
1241056479,773,1
1241056608,5,0
1241056830,379,0
1241057725,775,1
1241058555,784,1
1241059474,382,0
1241060045,786,1
1241060470,796,1
1241061102,797,1
1241061580,386,0
1241061788,802,1
1241062668,812,1
1241062921,16,0
1241064049,815,1
1241064893,819,1
1241065649,827,1
1241066094,828,1
1241066445,303,0
1241066978,299,0
1241067118,843,1
1241068186,850,1
1241069613,857,1
1241070269,399,0
1241070968,875,1
1241071991,401,0
1241072376,890,1
1241073229,403,0
1241073365,896,1
1241073804,897,1
1241075181,906,1
1241076596,407,0
1241076752,916,1
1241077114,919,1
1241078283,920,1
1241079196,922,1
1241080318,927,1
1241081179,317,0
1241081297,930,1
1241081831,319,0
1241081858,931,1
1241082514,417,0
1241083316,939,1
1241083474,719,0
1241083665,420,0
1241083738,941,1
1241085084,950,1
1241086293,958,1
1241087422,959,1
1241088378,970,1
1241089245,426,0
1241089651,336,0
1241089731,973,1
1241090145,975,1
1241090315,7328,0
1241090954,985,1
1241091773,987,1
1241092523,992,1
1241093538,343,0
1241093870,994,1
1241094623,436,0
1241094835,1005,1
1241095585,342,0
1241095727,1008,1
1241096317,1011,1
1241097569,345,0
1241097585,1019,1
1241098995,1028,1
1241099488,1029,1
1241099759,7343,0
1241100244,1036,1
1241100750,1040,1
1241101119,1041,1
1241101527,1042,1
1241102570,1052,1
1241103853,1056,1
1241104891,1060,1
1241105355,1067,1
1241106243,1080,1
1241106656,1084,1
1241107959,5616,0
1241108118,1086,1
1241109671,1097,1
1241110168,1099,1
1241110619,1100,1
1241111417,1101,1
1241111838,1104,1
1241112767,1117,1
1241113184,1119,1
1241113498,1120,1
1241114845,1123,1
1241115313,371,0
1241115756,57,0
1241115938,1124,1
1241116702,1126,1
1241117343,1131,1
1241117384,380,0
1241117853,1134,1
1241119248,1138,1
1241119982,1144,1
1241120970,1145,1
1241121818,1148,1
1241121908,382,0
1241122389,1150,1
1241122526,480,0
1241123200,1152,1
1241123829,386,0
1241123944,1157,1
1241124978,1158,1
1241126154,1184,1
1241126837,77,0
1241127653,1185,1
1241128160,1194,1
1241129117,1199,1
1241129348,79,0
1241129761,82,0
1241130020,1212,1
1241131012,1215,1
1241132387,1223,1
1241133555,1226,1
1241134161,1233,1
1241135617,1242,1
1241136855,1259,1
1241137054,14,0
1241138228,1266,1
1241138809,1274,1
1241139211,17,0
1241139819,338,0
1241140793,1287,1
1241142331,1300,1
1241142951,1327,1
1241143884,7405,0
1241143782,1339,1
1241144142,7407,0
1241144117,99,0
1241145131,1344,1
1241148551,1345,1
1241149072,1360,1
1241149525,1367,1
1241150151,21,0
1241150469,1369,1
1241151566,1375,1
1241152184,1376,1
1241153289,1378,1
1241154357,1388,1
1241154378,425,0
1241155023,1390,1
1241155924,431,0
1241156548,1396,1
1241158010,1399,1
1241158969,1404,1
1241160386,1413,1
1241161382,1415,1
1241162305,1420,1
1241162765,36,0
1241163366,1423,1
1241164046,1427,1
1241164592,1428,1
1241165148,1431,1
1241165680,1438,1
1241167085,1442,1
1241168549,1444,1
1241169909,1449,1
1241170669,1454,1
1241170760,128,0
1241170999,445,0
1241171673,7437,0
1241171834,1458,1
1241172802,1474,1
1241172831,130,0
1241173391,451,0
1241173796,1475,1
1241173905,453,0
1241174413,1477,1
1241175620,1484,1
1241176260,1489,1
1241176762,1497,1
1241177619,59,0
1241178220,1499,1
1241178578,7450,0
1241178786,1500,1
1241180045,1501,1
1241180563,1505,1
1241181564,1506,1
1241182239,1516,1
1241183226,1521,1
1241184394,1527,1
1241184786,1532,1
1241185700,1533,1
1241186655,1537,1
1241188042,1539,1
1241188683,1540,1
1241189308,472,0
1241189914,1559,1
1241191092,1568,1
1241191177,475,0
1241191211,157,0
1241192234,477,0
1241192538,1569,1
1241193992,1586,1
1241194566,1588,1
1241195073,1590,1
1241195796,1593,1
1241195810,85,0
1241195985,168,0
1241197285,1594,1
1241197868,1599,1
1241197992,15,0
1241198671,1601,1
1241199219,17,0
1241199996,1613,1
1241200684,93,0
1241200950,1617,1
1241201406,1619,1
1241201911,96,0
1241202673,1626,1
1241204032,1628,1
1241204254,99,0
1241204915,1629,1
1241205581,1630,1
1241206056,1631,1
1241207506,1633,1
1241208140,1638,1
1241209515,1641,1
1241209572,15,0
1241210335,1645,1
1241211615,1646,1
1241212153,1653,1
1241212977,1656,1
1241213187,20,0
1241214151,1659,1
1241214747,18,0
1241214944,512,0
1241215306,1661,1
1241216029,1665,1
1241216468,1672,1
1241217214,1675,1
1241218245,1687,1
1241219171,1693,1
1241219840,1697,1
1241220823,1718,1
1241221592,1724,1
1241222355,1736,1
1241223130,1739,1
1241223563,1748,1
1241223657,525,0
1241224798,1753,1
1241225261,1759,1
1241225747,1760,1
1241226202,40,0
1241226541,132,0
1241226766,923,0
1241227241,1762,1
1241227389,533,0
1241228150,1765,1
1241228856,1775,1
1241229993,1784,1
1241230446,929,0
1241231437,930,0
1241231461,1793,1
1241232939,1802,1
1241233757,222,0
1241234356,1809,1
1241235714,1825,1
1241236313,55,0
1241237224,1826,1
1241238158,57,0
1241238344,52,0
1241238576,229,0
1241238697,1837,1
1241238720,152,0
1241239222,1838,1
1241239740,944,0
1241240541,7544,0
1241240532,1855,1
1241241090,1871,1
1241242141,68,0
1241242597,1876,1
1241243177,1878,1
1241243667,560,0
1241243896,1887,1
1241244573,1889,1
1241245088,563,0
1241245719,1893,1
1241246075,1895,1
1241246828,71,0
1241247436,1900,1
1241247919,1907,1
1241248896,1909,1
1241249880,1912,1
1241251100,1923,1
1241252608,1930,1
1241253494,1933,1
1241254489,255,0
1241254796,1938,1
1241255075,87,0
1241255233,261,0
1241255398,1940,1
1241255687,181,0
1241256479,1942,1
1241257584,1952,1
1241258267,1956,1
1241259218,1961,1
1241260158,1966,1
1241261073,1968,1
1241261878,267,0
1241261959,1969,1
1241263419,1978,1
1241264480,1980,1
1241265283,1984,1
1241266246,2006,1
1241266933,2007,1
1241268281,2011,1
1241269199,2015,1
1241269762,2019,1
1241270235,2020,1
1241271737,2033,1
1241272832,279,0
1241273023,2042,1
1241273912,600,0
1241274276,2045,1
1241275100,2049,1
1241275684,2053,1
1241276951,2056,1
1241277700,289,0
1241278077,2057,1
1241279688,2074,1
1241280723,2076,1
1241281677,2085,1
1241282908,2095,1
1241283396,122,0
1241283566,123,0
1241283874,2115,1
1241285265,2116,1
1241286370,2117,1
1241287184,2128,1
1241287218,8,0
1241288141,2134,1
1241288579,2142,1
1241289065,2144,1
1241289689,2146,1
1241290909,2152,1
1241291553,2154,1
1241291586,309,0
1241291916,2159,1
1241292307,7617,0
1241292401,2162,1
1241293920,2166,1
1241294141,141,0
1241294994,2172,1
1241296358,313,0
1241296467,2173,1
1241296796,634,0
1241297665,2189,1
1241298482,320,0
1241298730,10,0
1241299143,2196,1
1241300128,2201,1
1241300692,2205,1
1241301696,2207,1
1241302835,2215,1
1241304217,2216,1
1241304770,2218,1
1241304808,156,0
1241305261,2229,1
1241306214,2238,1
1241307284,2243,1
1241307403,142,0
1241307765,2244,1
1241309138,335,0
1241309192,2250,1
1241310342,164,0
1241319154,2251,1
1241320305,2257,1
1241321238,2268,1
1241321815,2284,1
1241323201,2292,1
1241324636,2310,1
1241326162,2315,1
1241326415,154,0
1241327132,2317,1
1241327541,2326,1
1241328973,2331,1
1241329006,346,0
1241329844,2332,1
1241330328,2335,1
1241330783,2338,1
1241331344,2345,1
1241332442,2362,1
1241332964,2368,1
1241333307,2370,1
1241334011,2371,1
1241334442,17,0
1241334612,168,0
1241334947,19,0
1241335292,2373,1
1241335809,2376,1
1241336273,2377,1
1241337348,2379,1
1241338415,2387,1
1241339140,2395,1
1241339544,2396,1
1241340094,2397,1
1241340684,2402,1
1241341685,2404,1
1241341979,78,0
1241342188,2415,1
1241342461,370,0
1241342969,2434,1
1241343528,2440,1
1241344496,2441,1
1241345744,2449,1
1241346789,2450,1
1241346835,86,0
1241348097,2456,1
1241348518,2459,1
1241349636,2465,1
1241351159,2472,1
1241352231,381,0
1241352502,2477,1
1241352909,702,0
1241353302,47,0
1241353659,2479,1
1241354375,49,0
1241354970,2480,1
1241356069,707,0
1241357707,708,0
1241358758,188,0
1241359655,2519,1
1241360855,2520,1
1241362165,2523,1
1241363569,2528,1
1241364379,2534,1
1241364576,194,0
1241364963,2538,1
1241365450,108,0
1241366352,109,0
1241366518,719,0
1241366706,199,0
1241367612,2555,1
1241368462,113,0
1241368622,2557,1
1241369278,2567,1
1241369987,2568,1
1241370506,2571,1
1241371850,2572,1
1241372477,2573,1
1241373284,2587,1
1241373464,74,0
1241373883,75,0
1241374471,2597,1
1241375128,2599,1
1241375731,77,0
1241376570,2605,1
1241377020,417,0
1241377034,2609,1
1241382075,18,1
1241383182,423,0
1241383513,29,1
1241384498,35,1
1241384355,426,0
1241384926,36,1
1241386052,41,1
1241386394,44,1
1241386901,49,1
1241387994,51,1
1241389477,52,1
1241390245,63,1
1241391513,65,1
1241391722,97,0
1241392110,66,1
1241392502,440,0
1241392685,757,0
1241394075,71,1
1241394458,73,1
1241395293,76,1
1241395602,104,0
1241396447,81,1
1241397668,100,1
1241397885,107,0
1241398235,116,1
1241398442,7703,0
1241398733,118,1
1241399318,121,1
1241400141,123,1
1241400826,32,0
1241401351,243,0
1241401840,130,1
1241401699,773,0
1241402202,774,0
1241402644,119,0
1241403316,132,1
1241403715,136,1
1241405251,145,1
1241406831,153,1
1241407275,124,0
1241408191,158,1
1241409730,172,1
1241410976,177,1
1241411968,178,1
1241412373,257,0
1241413003,194,1
1241413862,202,1
1241413834,131,0
1241414237,208,1
1241415548,210,1
1241416164,134,0
1241416128,264,0
1241416684,211,1
1241417517,219,1
1241417423,267,0
1241418063,222,1
1241419600,246,1
1241420259,256,1
1241420819,257,1
1241422354,261,1
1241422784,262,1
1241423395,266,1
1241424272,275,1
1241425465,279,1
1241426651,282,1
1241427684,288,1
1241428086,292,1
1241428522,293,1
1241429811,294,1
1241430870,297,1
1241432209,305,1
1241433381,322,1
1241434763,324,1
1241435133,498,0
1241435894,328,1
1241437080,330,1
1241438423,342,1
1241438384,818,0
1241439049,346,1
1241439104,820,0
1241439651,212,0
1241439913,364,1
1241439868,823,0
1241441177,367,1
1241441701,380,1
1241441699,27,0
1241442989,383,1
1241443566,398,1
1241443633,510,0
1241444280,406,1
1241444134,53,0
1241445280,301,0
1241445669,408,1
1241446222,421,1
1241447034,426,1
1241447655,429,1
1241448292,430,1
1241449345,433,1
1241449435,61,0
1241449810,62,0
1241450291,435,1
1241450642,438,1
1241451157,445,1
1241452678,452,1
1241452755,845,0
1241452826,68,0
1241452927,48,0
1241453117,453,1
1241454289,458,1
1241454872,459,1
1241455476,466,1
1241455371,53,0
1241456263,470,1
1241457378,478,1
1241458588,489,1
1241460100,491,1
1241460512,498,1
1241461777,499,1
1241463224,506,1
1241463301,61,0
1241463987,510,1
1241465211,512,1
1241466431,518,1
1241467873,522,1
1241468131,7792,0
1241468227,866,0
1241468684,527,1
1241470016,540,1
1241470272,337,0
1241470452,261,0
1241471401,566,1
1241472005,263,0
1241472645,567,1
1241473372,570,1
1241473917,573,1
1241475275,574,1
1241475937,578,1
1241476565,581,1
1241477230,587,1
1241477685,588,1
1241478284,597,1
1241478327,9,0
1241479169,85,0
1241479483,600,1
1241480068,602,1
1241480737,607,1
1241481505,612,1
1241482413,616,1
1241483799,622,1
1241483995,113,0
1241484065,7,0
1241484462,623,1
1241484327,116,0
1241484393,10,0
1241485708,629,1
1241486865,641,1
1241487487,666,1
1241488698,678,1
1241488652,900,0
1241489265,687,1
1241490089,688,1
1241490898,689,1
1241491450,695,1
1241492431,706,1
1241492904,713,1
1241492750,42,0
1241493939,130,0
1241494184,715,1
1241495299,375,0
1241495724,720,1
1241496386,731,1
1241497150,735,1
1241498644,744,1
1241498648,137,0
1241499054,748,1
1241499203,139,0
1241499416,44,0
1241499707,45,0
1241500172,751,1
1241500338,7848,0
1241500478,57,0
1241501638,752,1
1241502318,754,1
1241503259,761,1
1241503724,7853,0
1241503854,149,0
1241504740,768,1
1241505738,787,1
1241506922,805,1
1241507532,809,1
1241507889,58,0
1241508702,827,1
1241508946,69,0
1241509057,326,0
1241509740,833,1
1241511241,834,1
1241511732,841,1
1241511882,140,0
1241512290,849,1
1241513021,850,1
1241513463,852,1
1241514988,862,1
1241515347,70,0
1241515592,868,1
1241516004,869,1
1241517350,870,1
1241518169,872,1
1241519126,84,0
1241519145,407,0
1241519646,876,1
1241520694,889,1
1241521191,892,1
1241522308,918,1
1241523283,80,0
1241523500,930,1
1241524810,940,1
1241525417,960,1
1241526750,975,1
1241526622,160,0
1241527345,5791,0
1241527457,979,1
1241527715,184,0
1241527761,354,0
1241528749,997,1
1241529568,1001,1
1241530169,1010,1
1241530739,1012,1
1241530893,426,0
1241531320,1025,1
1241531809,1028,1
1241532418,1031,1
1241532850,1039,1
1241533945,1040,1
1241534709,1041,1
1241535397,1045,1
1241535882,1053,1
1241537155,1054,1
1241537630,1057,1
1241538373,1061,1
1241539495,1067,1
1241540798,1069,1
1241541764,1073,1
1241543170,1078,1
1241544462,1092,1
1241545727,1094,1
1241546707,1095,1
1241546874,209,0
1241547080,210,0
1241547262,9,0
1241547709,1097,1
1241548060,1099,1
1241548802,1105,1
1241549105,451,0
1241549343,1109,1
1241549578,386,0
1241550725,1119,1
1241551076,1122,1
1241550975,18,0
1241551145,200,0
1241551157,458,0
1241551594,21,0
1241552469,1124,1
1241553418,225,0
1241553705,1125,1
1241555180,1139,1
1241555779,1140,1
1241557119,1157,1
1241558209,134,0
1241558526,1158,1
1241559516,7937,0
1241559570,402,0
1241560002,1159,1
1241559859,404,0
1241561022,1160,1
1241561603,1171,1
1241561877,407,0
1241562997,1177,1
1241563946,1182,1
1241564065,24,0
1241564824,1190,1
1241566279,1193,1
1241567046,1205,1
1241568488,1208,1
1241568953,416,0
1241569385,152,0
1241569756,1209,1
1241570742,1213,1
1241570861,486,0
1241571104,252,0
1241571681,157,0
1241572174,1224,1
1241572816,255,0
1241573535,1225,1
1241573675,426,0
1241574463,1230,1
1241574855,1232,1
1241576096,1265,1
1241576351,24,0
1241576757,166,0
1241577127,1276,1
1241577975,1278,1
1241578145,265,0
1241578389,245,0
1241579314,1279,1
1241580284,1284,1
1241580345,269,0
1241580832,7975,0
1241581108,1290,1
1241582002,1296,1
1241582815,1298,1
1241583777,1305,1
1241584962,1306,1
1241586229,1310,1
1241586777,1314,1
1241587839,1321,1
1241588603,183,0
1241589383,1329,1
1241590889,1331,1
1241591730,1332,1
1241592984,1333,1
1241592869,188,0
1241593795,1350,1
1241594594,1351,1
1241595336,520,0
1241595357,521,0
1241595634,1359,1
1241596868,1360,1
1241597191,1362,1
1241597330,292,0
1241598550,197,0
1241599527,1373,1
1241600023,1376,1
1241600500,1381,1
1241601372,1383,1
1241602564,1387,1
1241603972,1388,1
1241605307,1394,1
1241605751,1404,1
1241606477,1414,1
1241607162,472,0
1241607349,1421,1
1241608578,1425,1
1241609215,1427,1
1241610423,1436,1
1241610366,541,0
1241610558,213,0
1241611251,1456,1
1241611916,1466,1
1241612488,1469,1
1241613860,1474,1
1241613857,314,0
1241614984,1475,1
1241615184,220,0
1241615938,1476,1
1241616580,1478,1
1241617369,1479,1
1241617338,489,0
1241617343,321,0
1241618640,1481,1
1241619483,227,0
1241619844,1484,1
1241620784,1487,1
1241621644,1495,1
1241622451,306,0
1241622898,1497,1
1241624025,1504,1
1241624687,1516,1
1241625461,564,0
1241625943,565,0
1241626171,1523,1
1241626241,567,0
1241626467,314,0
1241627327,1530,1
1241627353,337,0
1241627420,101,0
1241628306,1540,1
1241628816,1544,1
1241628896,104,0
1241629995,1558,1
1241630485,1563,1
1241630575,248,0
1241631049,1564,1
1241630944,579,0
1241632521,1565,1
1241632995,1567,1
1241633568,1568,1
1241634893,1570,1
1241636007,1577,1
1241637040,1580,1
1241637758,1581,1
1241638158,258,0
1241638992,1585,1
1241639420,1587,1
1241639930,1589,1
1241640272,1591,1
1241641309,1593,1
1241641817,1597,1
1241642965,1598,1
1241644449,1610,1
1241645406,342,0
1241645938,1620,1
1241645863,128,0
1241646012,365,0
1241646614,1621,1
1241647485,347,0
1241647826,368,0
1241648044,1632,1
1241648180,275,0
1241648761,1634,1
1241649597,1638,1
1241651020,1641,1
1241651456,1642,1
1241652565,355,0
1241653063,356,0
1241654029,1650,1
1241653979,283,0
1241654215,284,0
1241654514,550,0
1241655413,1659,1
1241655822,1662,1
1241656074,363,0
1241656308,1675,1
1241656748,365,0
1241657842,1679,1
1241658605,1695,1
1241659126,1700,1
1241660050,1702,1
1241659907,370,0
1241661618,1710,1
1241662766,297,0
1241663123,1712,1
1241664230,1722,1
1241665127,1724,1
1241665546,1725,1
1241666599,395,0
1241666744,1726,1
1241668067,1727,1
1241668481,6010,0
1241669514,1730,1
1241670730,1731,1
1241671135,401,0
1241672176,1737,1
1241673224,1738,1
1241674585,1739,1
1241675892,1740,1
1241676031,313,0
1241676304,1741,1
1241676603,315,0
1241677762,1743,1
1241678592,1745,1
1241679264,1746,1
1241679968,1749,1
1241680015,413,0
1241681167,1756,1
1241682110,1760,1
1241682112,6028,0
1241683434,1769,1
1241684111,653,0
1241684882,1770,1
1241686363,1778,1
1241686883,1782,1
1241687779,1787,1
1241689060,1792,1
1241689856,1798,1
1241690138,425,0
1241690984,1802,1
1241691314,8135,0
1241692267,1807,1
1241692363,411,0
1241692522,337,0
1241693386,1810,1
1241694321,1815,1
1241694563,340,0
1241695640,1823,1
1241697007,1824,1
1241698031,1832,1
1241699403,1835,1
1241700136,610,0
1241700804,1838,1
1241701537,1839,1
1241702188,8149,0
1241702643,1847,1
1241703064,425,0
1241704074,1851,1
1241705386,1859,1
1241706343,353,0
1241706764,1860,1
1241707535,1861,1
1241709056,1876,1
1241710513,1893,1
1241711008,451,0
1241711422,1898,1
1241711808,1905,1
1241712061,436,0
1241712662,1910,1
1241713120,438,0
1241713397,457,0
1241713924,1917,1
1241714650,1924,1
1241715069,367,0
1241716112,1931,1
1241716315,634,0
1241716858,1933,1
1241717233,446,0
1241717555,1934,1
1241719152,1950,1
1241719823,1953,1
1241720782,1957,1
1241721292,1969,1
1241722087,377,0
1241722442,1970,1
1241723845,1994,1
1241724430,2000,1
1241725171,2002,1
1241726571,2009,1
1241727355,2010,1
1241728102,2014,1
1241728273,460,0
1241728741,461,0
1241729146,2024,1
1241729632,2029,1
1241729854,6094,0
1241731048,2036,1
1241731660,2037,1
1241733222,2045,1
1241734052,2046,1
1241735174,2051,1
1241735113,660,0
1241735618,489,0
1241736606,2054,1
1241736749,398,0
1241737119,2055,1
1241738005,2073,1
1241739150,2082,1
1241739825,8203,0
1241740226,8204,0
1241740443,2085,1
1241740737,498,0
1241740620,671,0
1241741351,2086,1
1241742433,673,0
1241743371,2104,1
1241744307,2105,1
1241744910,2109,1
1241745711,2118,1
1241746940,2121,1
1241748051,2122,1
1241748117,53,0
1241748661,2124,1
1241749801,2126,1
1241750293,8219,0
1241750348,2133,1
1241750218,734,0
1241751560,2135,1
1241752532,2142,1
1241752422,423,0
1241753156,2145,1
1241754578,2148,1
1241755316,2149,1
1241755767,2150,1
1241757070,2151,1
1241757134,694,0
1241758364,2158,1
1241758782,506,0
1241759722,2160,1
1241760068,2164,1
1241761588,2174,1
1241762692,2182,1
1241762844,436,0
1241763491,2191,1
1241764416,2205,1
1241765056,532,0
1241765891,2206,1
1241766610,2212,1
1241768013,2215,1
1241768401,2220,1
1241768716,709,0
1241769281,2221,1
1241769766,2231,1
1241770673,2232,1
1241770986,757,0
1241771288,2233,1
1241772230,525,0
1241772417,716,0
1241772636,545,0
1241772812,2253,1
1241773396,2258,1
1241774682,2267,1
1241775868,2274,1
1241776967,2275,1
1241777971,723,0
1241778016,2276,1
1241778133,769,0
1241779168,2284,1
1241780228,2286,1
1241780706,2293,1
1241781168,2294,1
1241782321,2306,1
1241783193,2,0
1241783477,3,0
1241783515,2317,1
1241784045,2324,1
1241785196,2330,1
1241785693,2332,1
1241787269,565,0
1241787302,2354,1
1241787706,2358,1
1241788402,2362,1
1241789405,2371,1
1241789911,2375,1
1241791225,2388,1
1241792540,572,0
1241792742,2402,1
1241793398,2409,1
1241794176,2414,1
1241795077,2424,1
1241795446,793,0
1241796108,2425,1
1241797122,2426,1
1241797894,2428,1
1241799104,2436,1
1241800096,2440,1
1241801549,2452,1
1241802082,27,0
1241803043,2455,1
1241803872,2456,1
1241804646,6,0
1241805160,2475,1
1241805757,2480,1
1241807309,2486,1
1241808035,2492,1
1241809571,2502,1
1241810901,2509,1
1241812214,2512,1
1241812705,595,0
1241812818,2517,1
1241814422,2528,1
1241815618,2531,1
1241816567,18,0
1241816716,2555,1
1241817602,2575,1
1241818988,2577,1
1241820278,2604,1
1241820334,1247,0
1241821626,2611,1
1241822077,2615,1
1241827558,2,1
1241828873,3,1
1241829416,22,1
1241830620,24,1
1241830824,30,0
1241831399,25,1
1241831474,32,0
1241832058,7,0
1241832802,26,1
1241833348,3468,0
1241833754,37,1
1241834903,47,1
1241836070,48,1
1241837352,49,1
1241838541,68,1
1241839238,76,1
1241839555,835,0
1241840520,83,1
1241841550,85,1
1241842300,13,0
1241843152,6,0
1241843285,24,0
1241843529,22,0
1241843854,9,0
1241844758,104,1
1241845257,108,1
1241847886,114,1
1241849019,121,1
1241849934,3487,0
1241850505,124,1
1241850375,23,0
1241851252,125,1
1241851845,128,1
1241851832,35,0
1241852293,139,1
1241853290,142,1
1241853703,3495,0
1241854389,161,1
1241855035,166,1
1241855243,24,0
1241857059,857,0
1241858267,858,0
1241858592,770,0
1241858847,173,1
1241860109,179,1
1241861197,182,1
1241862288,187,1
1241863001,197,1
1241863513,202,1
1241863963,209,1
1241865869,210,1
1241867794,224,1
1241868881,225,1
1241869563,231,1
1241870113,232,1
1241871325,236,1
1241872335,242,1
1241872707,7,0
1241872982,244,1
1241873349,247,1
1241874923,256,1
1241876405,263,1
1241877511,274,1
1241878713,277,1
1241879667,280,1
1241880737,281,1
1241881812,282,1
1241885094,15,0
1241885960,884,0
1241889994,885,0
1241890411,11,0
1241891253,1,0
1241891843,6,0
1241892179,21,0
1241894423,890,0
1241894437,16,0
1241897878,6,0
1241910410,1,0
1241913951,894,0
1241913994,81,0
1241920337,2,0
1241922581,22,0
1241926638,84,0
1241927861,811,0
1241932165,6,0
1241933190,87,0
1241944972,88,0
1241946512,296,1
1241947032,312,1
1241947642,315,1
1241948398,316,1
1241949057,317,1
1241948918,33,0
1241949983,325,1
1241950984,331,1
1241951898,345,1
1241953050,350,1
1241954492,356,1
1241955747,365,1
1241956482,371,1
1241956315,828,0
1241956549,42,0
1241956874,372,1
1241958036,375,1
1241958802,381,1
1241959709,394,1
1241960311,20,0
1241960787,396,1
1241961174,398,1
1241962253,418,1
1241963606,425,1
1241963779,25,0
1241964522,436,1
1241965865,441,1
1241965984,9,0
1241966592,925,0
1241966785,448,1
1241966865,31,0
1241967460,452,1
1241967868,14,0
1241968321,453,1
1241968641,454,1
1241969182,49,0
1241969848,456,1
1241970676,465,1
1241971424,469,1
1241972017,470,1
1241972583,484,1
1241974008,487,1
1241974475,489,1
1241975822,497,1
1241976265,506,1
1241977311,508,1
1241978492,13,0
1241978743,510,1
1241979118,516,1
1241980413,524,1
1241981816,531,1
1241982010,140,0
1241982689,557,1
1241983482,20,0
1241983716,567,1
1241984096,570,1
1241984471,572,1
1241985436,5,0
1241986145,589,1
1241987471,593,1
1241988566,604,1
1241989950,611,1
1241991179,616,1
1241991452,77,0
1241992393,617,1
1241992757,620,1
1241993638,622,1
1241993490,962,0
1241993639,230,0
1241994902,623,1
1241995525,637,1
1241996948,638,1
1241996982,39,0
1241998051,649,1
1241998787,2,0
1241999178,664,1
1242000127,672,1
1242000913,680,1
1242001564,973,0
1242002405,688,1
1242003773,692,1
1242005042,696,1
1242006719,713,1
1242007551,715,1
1242008703,98,0
1242009528,247,0
1242009916,738,1
1242010796,741,1
1242011634,744,1
1242011772,178,0
1242012161,748,1
1242013125,752,1
1242014284,760,1
1242014149,107,0
1242014966,761,1
1242015747,772,1
1242017114,776,1
1242018338,783,1
1242019446,261,0
1242019813,787,1
1242020337,792,1
1242020885,798,1
1242021424,808,1
1242021876,994,0
1242022429,811,1
1242023457,813,1
1242023930,268,0
1242024295,814,1
1242024645,998,0
1242024889,817,1
1242026073,820,1
1242026831,831,1
1242027465,12,0
1242028259,837,1
1242028412,1004,0
1242029208,1005,0
1242029606,849,1
1242030244,850,1
1242031460,85,0
1242032281,133,0
1242032856,870,1
1242033983,876,1
1242034726,881,1
1242034920,90,0
1242035131,889,1
1242036483,895,1
1242037429,898,1
1242038182,903,1
1242038990,904,1
1242039627,906,1
1242040063,97,0
1242041178,912,1
1242042677,915,1
1242043402,921,1
1242043835,930,1
1242044506,934,1
1242045573,938,1
1242045735,299,0
1242046347,953,0
1242046867,943,1
1242048005,944,1
1242049013,950,1
1242050210,955,1
1242050953,305,0
1242051071,959,1
1242051204,159,0
1242051898,960,1
1242052704,961,1
1242053911,1036,0
1242054094,970,1
1242054730,985,1
1242055717,559,0
1242056320,1002,1
1242057118,1006,1
1242058008,1008,1
1242059207,318,0
1242059310,320,0
1242059411,1045,0
1242059714,1019,1
1242060979,1020,1
1242061297,1021,1
1242061840,1032,1
1242062024,1050,0
1242062209,1033,1
1242062708,1035,1
1242063149,1039,1
1242063682,1042,1
1242065022,1044,1
1242066082,1047,1
1242066865,1053,1
1242067576,1057,1
1242068223,1061,1
1242068959,1065,1
1242069772,1072,1
1242071047,1081,1
1242071961,1095,1
1242072338,1097,1
1242072601,46,0
1242073559,1100,1
1242074092,1105,1
1242075098,372,0
1242075612,1107,1
1242076675,1113,1
1242077810,1127,1
1242077865,592,0
1242078810,1137,1
1242079234,594,0
1242079987,1143,1
1242080339,1147,1
1242081834,1150,1
1242082472,1151,1
1242082883,352,0
1242083125,1152,1
1242084204,1157,1
1242084676,1158,1
1242085192,1160,1
1242086758,1166,1
1242087205,1168,1
1242087441,606,0
1242088003,1181,1
1242089288,1193,1
1242090369,1197,1
1242091334,1198,1
1242092576,611,0
1242092596,1202,1
1242093732,613,0
1242094150,1222,1
1242095252,369,0
1242095360,1226,1
1242096428,1240,1
1242096662,178,0
1242096741,403,0
1242098000,1257,1
1242098425,1264,1
1242098661,69,0
1242099265,1278,1
1242100127,1279,1
1242101294,1280,1
1242102022,1288,1
1242102800,1290,1
1242103128,628,0
1242103712,1297,1
1242104678,1299,1
1242104988,1109,0
1242105708,1305,1
1242106411,1314,1
1242107576,1315,1
1242107781,82,0
1242108079,1317,1
1242109325,389,0
1242109395,1324,1
1242110192,199,0
1242110311,1327,1
1242110929,1336,1
1242111018,1020,0
1242111847,1337,1
1242113017,1351,1
1242113646,1356,1
1242114351,1382,1
1242114687,1125,0
1242114726,1383,1
1242115705,1389,1
1242116452,1390,1
1242117577,1396,1
1242117986,11,0
1242118648,1406,1
1242119418,1423,1
1242120218,405,0
1242120421,1426,1
1242121509,1427,1
1242122330,1437,1
1242122427,410,0
1242122554,410,0
1242123505,1440,1
1242124191,1448,1
1242125138,1457,1
1242125670,1138,0
1242126176,1468,1
1242126859,1482,1
1242127713,1483,1
1242128832,115,0
1242129337,1497,1
1242130786,1507,1
1242131367,1511,1
1242132313,1514,1
1242133338,1518,1
1242134419,1521,1
1242134634,122,0
1242135363,1522,1
1242135842,1523,1
1242136610,1536,1
1242137560,463,0
1242137946,464,0
1242138318,1550,1
1242139477,1558,1
1242140291,1559,1
1242141177,1151,0
1242141435,1564,1
1242142037,1571,1
1242142446,1574,1
1242142457,434,0
1242142933,1580,1
1242143539,20,0
1242143869,1604,1
1242144963,1610,1
1242146101,1611,1
1242146792,1614,1
1242147269,1623,1
1242148050,1624,1
1242148555,1625,1
1242148748,1076,0
1242149152,1627,1
1242149580,147,0
1242150003,1630,1
1242151476,1647,1
1242152547,1649,1
1242154107,1660,1
1242154771,1661,1
1242155516,1662,1
1242156343,1670,1
1242156749,38,0
1242157106,1671,1
1242158318,6255,0
1242158636,1674,1
1242159764,42,0
1242159847,1675,1
1242160015,6,0
1242160339,1681,1
1242160821,1686,1
1242161306,1695,1
1242161692,1700,1
1242163110,1702,1
1242164412,1706,1
1242165094,505,0
1242165879,1709,1
1242166314,1713,1
1242166791,171,0
1242166874,1715,1
1242167202,56,0
1242167646,1716,1
1242168170,1722,1
1242169028,1727,1
1242170110,1729,1
1242171187,1730,1
1242171556,179,0
1242172625,1732,1
1242173450,1734,1
1242174561,182,0
1242174873,1735,1
1242176201,521,0
1242176366,1736,1
1242177638,1738,1
1242178043,1745,1
1242178931,71,0
1242179042,1754,1
1242180453,1759,1
1242181081,1199,0
1242181300,1200,0
1242181338,1760,1
1242182715,1763,1
1242182938,485,0
1242184010,1769,1
1242184321,1205,0
1242184814,1773,1
1242185074,279,0
1242185373,1783,1
1242185848,1785,1
1242186764,1808,1
1242187170,203,0
1242187715,1812,1
1242189182,1818,1
1242190010,1820,1
1242191344,1824,1
1242192757,1829,1
1242193151,1830,1
1242193859,1846,1
1242194859,1850,1
1242195553,1860,1
1242196702,1221,0
1242196825,1862,1
1242197211,1865,1
1242197386,296,0
1242197843,1869,1
1242198686,1870,1
1242199063,1150,0
1242199117,300,0
1242199133,1873,1
1242200116,505,0
1242200497,1881,1
1242201917,1889,1
1242202893,1896,1
1242203803,1904,1
1242204868,6325,0
1242205439,1929,1
1242206306,1937,1
1242207444,1951,1
1242208225,1952,1
1242208656,514,0
1242209267,1957,1
1242210503,1961,1
1242211587,6333,0
1242212020,1974,1
1242212516,1984,1
1242213406,6336,0
1242213353,1998,1
1242213890,320,0
1242214362,2002,1
1242215388,2004,1
1242215869,2005,1
1242216187,7,0
1242216742,2012,1
1242217750,2017,1
1242217970,247,0
1242218076,585,0
1242219141,2028,1
1242220559,2063,1
1242222935,14,0
1242224377,15,0
1242227586,2,0
1242229530,1272,0
1242230587,2083,1
1242231592,2089,1
1242232498,2100,1
1242233452,2104,1
1242233499,1190,0
1242234700,2107,1
1242235600,261,0
1242236053,2112,1
1242236696,2123,1
1242237477,2130,1
1242238507,2133,1
1242239093,346,0
1242239333,30,0
1242239506,2137,1
1242240087,2143,1
1242241051,2145,1
1242241962,2149,1
1242242853,2153,1
1242243196,35,0
1242243479,2165,1
1242243570,612,0
1242244601,2169,1
1242246111,2184,1
1242247092,2195,1
1242248225,1267,0
1242249841,1270,0
1242250702,44,0
1242251486,2201,1
1242251634,1273,0
1242251747,286,0
1242252071,2205,1
1242252564,2207,1
1242253091,1221,0
1242253932,2211,1
1242256451,2217,1
1242257495,2229,1
1242258517,2233,1
1242259245,2234,1
1242260762,2240,1
1242261133,1283,0
1242262193,2244,1
1242262571,14,0
1242263552,2249,1
1242264709,2260,1
1242265956,2267,1
1242266354,2269,1
1242267079,2275,1
1242267486,23,0
1242267800,2293,1
1242268739,2296,1
1242269543,2297,1
1242270224,24,0
1242270503,2306,1
1242271456,2307,1
1242272324,311,0
1242272996,2314,1
1242273448,1299,0
1242273707,390,0
1242274224,2316,1
1242275342,2324,1
1242275721,33,0
1242275881,2325,1
1242275940,395,0
1242276373,320,0
1242276549,658,0
1242277240,2329,1
1242277911,1303,0
1242278581,2333,1
1242279408,2337,1
1242279940,2339,1
1242280421,2341,1
1242282032,2354,1
1242283383,2357,1
1242283413,330,0
1242283852,2361,1
1242284132,332,0
1242284641,2364,1
1242285290,2366,1
1242285848,2368,1
1242286655,2378,1
1242287898,2380,1
1242288856,2414,1
1242289828,2421,1
1242291316,2432,1
1242291896,2441,1
1242292585,2445,1
1242292646,97,0
1242293624,1319,0
1242293773,2446,1
1242293918,422,0
1242294990,2454,1
1242295484,425,0
1242296036,2456,1
1242297256,2462,1
1242298124,2471,1
1242298264,8,0
1242298366,430,0
1242299559,2476,1
1242299983,11,0
1242300365,2481,1
1242300856,1331,0
1242301274,2484,1
1242301734,10,0
1242302032,2491,1
1242303103,2497,1
1242304625,2506,1
1242305125,2508,1
1242305748,2524,1
1242306499,2532,1
1242307519,2540,1
1242307889,2541,1
1242308342,2545,1
1242308983,2553,1
1242309318,1340,0
1242309561,2556,1
1242309918,449,0
1242310044,450,0
1242310198,2566,1
1242310769,2567,1
1242311109,32,0
1242311514,2569,1
1242312810,2575,1
1242313573,456,0
1242313617,2582,1
1242314702,2583,1
1242314998,33,0
1242315364,138,0
1242315706,2584,1
1242316733,2586,1
1242317201,2589,1
1242318189,2592,1
1242318454,1349,0
1242318592,2596,1
1242318587,728,0
1242318923,2597,1
1242319037,48,0
1242319945,2614,1
1242321000,2616,1
1242321465,50,0
1242322217,46,0
1242322372,12,0
1242323619,399,0
1242323849,55,0
1242325443,1,1
1242325496,16,0
1242326008,2,1
1242326714,3,1
1242328176,5,1
1242329502,6,1
1242330261,10,1
1242331529,12,1
1242332587,14,1
1242332457,164,0
1242333376,66,0
1242333924,28,1
1242334059,68,0
1242335020,33,1
1242335081,169,0
1242335564,170,0
1242335767,35,1
1242335650,32,0
1242337055,40,1
1242338373,422,0
1242339196,63,1
1242339113,178,0
1242339861,67,1
1242340165,74,0
1242340268,427,0
1242341044,80,1
1242341462,85,1
1242342259,86,1
1242343124,92,1
1242343860,46,0
1242344146,93,1
1242345272,88,0
1242345589,96,1
1242346157,103,1
1242346397,191,0
1242346902,124,1
1242347601,93,0
1242348074,125,1
1242348247,195,0
1242349827,151,1
1242350168,152,1
1242350937,444,0
1242351142,156,1
1242351913,157,1
1242352180,784,0
1242352399,62,0
1242353146,158,1
1242353579,164,1
1242354155,167,1
1242355418,174,1
1242355454,22,0
1242355600,23,0
1242356431,175,1
1242356891,179,1
1242357309,71,0
1242357950,186,1
1242358707,192,1
1242360065,196,1
1242360348,215,0
1242361154,198,1
1242361583,203,1
1242362405,206,1
1242362636,1424,0
1242363313,211,1
1242364323,212,1
1242364353,82,0
1242365785,220,1
1242365765,124,0
1242366129,808,0
1242366802,223,1
1242367201,549,0
1242368285,233,1
1242368639,812,0
1242369307,234,1
1242370256,238,1
1242370708,241,1
1242371314,249,1
1242371649,251,1
1242372345,252,1
1242373108,259,1
1242373377,237,0
1242374000,262,1
1242374095,1444,0
1242375178,271,1
1242375802,276,1
1242375742,564,0
1242376362,826,0
1242377125,277,1
1242377391,105,0
1242378651,282,1
1242378741,147,0
1242378919,570,0
1242379247,287,1
1242379816,289,1
1242380128,497,0
1242380709,1457,0
1242380769,1458,0
1242381230,292,1
1242381756,294,1
1242382605,295,1
1242382663,157,0
1242384001,298,1
1242384302,159,0
1242384923,315,1
1242384872,507,0
1242385221,508,0
1242385541,1468,0
1242385737,316,1
1242386207,1470,0
1242386496,319,1
1242387187,326,1
1242388017,334,1
1242388802,336,1
1242389820,337,1
1242390589,343,1
1242391109,172,0
1242391404,345,1
1242392781,356,1
1242393575,360,1
1242394832,362,1
1242396135,363,1
1242396654,370,1
1242396850,179,0
1242397319,180,0
1242398062,378,1
1242398832,380,1
1242400233,384,1
1242400806,391,1
1242401287,868,0
1242402088,401,1
1242402677,416,1
1242403115,418,1
1242403960,872,0
1242404172,150,0
1242404682,428,1
1242405743,437,1
1242406704,438,1
1242407510,261,0
1242408054,441,1
1242409290,456,1
1242410186,460,1
1242411208,461,1
1242411197,1501,0
1242412128,462,1
1242413020,463,1
1242413143,885,0
1242413542,473,1
1242413921,477,1
1242414904,483,1
1242415907,487,1
1242417081,497,1
1242417894,507,1
1242418944,509,1
1242419661,511,1
1242420176,519,1
1242420677,520,1
1242421271,528,1
1242422110,534,1
1242422965,537,1
1242424163,549,1
1242425573,551,1
1242426306,552,1
1242427668,561,1
1242427695,181,0
1242428812,563,1
1242428761,7,0
1242429847,564,1
1242429917,571,0
1242431335,569,1
1242432287,570,1
1242433076,575,1
1242433000,13,0
1242434099,577,1
1242434853,584,1
1242435016,1533,0
1242435661,586,1
1242435992,588,1
1242436721,595,1
1242437252,19,0
1242437873,602,1
1242438067,584,0
1242438678,609,1
1242439620,200,0
1242440128,626,1
1242440743,633,1
1242441924,634,1
1242441861,927,0
1242442017,1546,0
1242442959,635,1
1242444008,637,1
1242444399,639,1
1242445212,655,1
1242445351,1551,0
1242445865,659,1
1242445842,1553,0
1242446181,660,1
1242446282,319,0
1242446743,666,1
1242446884,660,0
1242447992,675,1
1242448395,676,1
1242448723,677,1
1242450061,684,1
1242451263,699,1
1242451897,327,0
1242452408,722,1
1242453668,723,1
1242454599,751,1
1242454553,331,0
1242455924,754,1
1242457407,757,1
1242457807,6428,0
1242458517,764,1
1242458460,231,0
1242459505,767,1
1242459934,778,1
1242460869,779,1
1242461171,340,0
1242461254,959,0
1242462231,787,1
1242463376,794,1
1242463807,239,0
1242464388,798,1
1242464636,627,0
1242465693,801,1
1242466695,811,1
1242467562,820,1
1242468314,821,1
1242468882,822,1
1242469319,826,1
1242470295,840,1
1242470674,846,1
1242471204,74,0
1242472057,851,1
1242476790,852,1
1242477604,860,1
1242478967,861,1
1242479485,641,0
1242480322,872,1
1242481637,884,1
1242482274,888,1
1242483057,890,1
1242484036,893,1
1242484822,903,1
1242486365,911,1
1242487129,914,1
1242488174,916,1
1242489069,917,1
1242489951,925,1
1242490545,990,0
1242491171,927,1
1242492080,935,1
1242493530,940,1
1242494090,944,1
1242495011,956,1
1242496543,960,1
1242497621,963,1
1242498405,966,1
1242499656,968,1
1242500172,970,1
1242500230,102,0
1242500365,103,0
1242501223,973,1
1242502253,281,0
1242502778,980,1
1242502964,1591,0
1242503055,1592,0
1242503585,986,1
1242504008,991,1
1242504979,999,1
1242506178,1010,1
1242506961,1026,1
1242506837,1013,0
1242507819,1032,1
1242508412,1034,1
1242509334,1037,1
1242509430,294,0
1242510243,1039,1
1242510912,1050,1
1242511450,1053,1
1242512843,1065,1
1242513346,1067,1
1242514142,1082,1
1242515266,125,0
1242515342,745,0
1242515714,1093,1
1242517251,1100,1
1242517723,1105,1
1242518657,1107,1
1242519182,1108,1
1242519542,1111,1
1242520376,1117,1
1242520892,1121,1
1242521851,1128,1
1242522555,1619,0
1242523058,1135,1
1242523437,1141,1
1242524459,1159,1
1242525878,1167,1
1242527351,1178,1
1242527679,318,0
1242528111,1181,1
1242528681,1627,0
1242529584,1182,1
1242530318,1185,1
1242530683,1188,1
1242530815,40,0
1242531032,1189,1
1242532420,1190,1
1242533704,1192,1
1242534877,1209,1
1242535874,1220,1
1242536376,1221,1
1242537041,1226,1
1242537933,1232,1
1242538934,776,0
1242539219,1237,1
1242539624,1238,1
1242540240,1244,1
1242541456,1251,1
1242541988,1260,1
1242542842,1272,1
1242543564,1293,1
1242544449,1294,1
1242545115,1296,1
1242545053,729,0
1242546118,1302,1
1242547625,1303,1
1242547778,170,0
1242548460,1308,1
1242549319,1311,1
1242550590,1314,1
1242552224,1326,1
1242552609,794,0
1242553504,1333,1
1242554630,1350,1
1242555005,178,0
1242555609,1357,1
1242556960,1358,1
1242557577,357,0
1242557818,1359,1
1242558577,1362,1
1242559670,360,0
1242560023,1367,1
1242560683,186,0
1242561282,1370,1
1242561311,17,0
1242562586,1376,1
1242563270,1377,1
1242563660,1090,0
1242564016,1380,1
1242564742,1384,1
1242565605,1385,1
1242566034,1393,1
1242566136,25,0
1242566901,1399,1
1242567701,1402,1
1242568219,1409,1
1242568438,762,0
1242568657,1411,1
1242569661,764,0
1242569998,1416,1
1242571035,1419,1
1242572389,1422,1
1242573493,1428,1
1242573663,383,0
1242574795,1435,1
1242575780,1443,1
1242576292,1459,1
1242576775,1460,1
1242577751,1461,1
1242577952,1684,0
1242578669,1469,1
1242578960,777,0
1242579372,1472,1
1242580233,1476,1
1242580964,1486,1
1242581385,1488,1
1242582156,1493,1
1242582510,397,0
1242582665,1693,0
1242583320,1519,1
1242584283,1521,1
1242585081,1552,1
1242585341,1697,0
1242586282,1559,1
1242587052,1570,1
1242587448,1578,1
1242588362,1582,1
1242588743,1585,1
1242588585,794,0
1242589101,1586,1
1242590020,1705,0
1242590013,1134,0
1242590692,1592,1
1242591054,1593,1
1242592301,1599,1
1242593239,1605,1
1242593864,1608,1
1242594738,1612,1
1242596307,1619,1
1242596676,1620,1
1242597319,21,0
1242597982,1629,1
1242597915,246,0
1242598448,1631,1
1242599910,1632,1
1242601438,1635,1
1242601316,27,0
1242602167,1637,1
1242602792,1639,1
1242603575,1644,1
1242603783,1725,0
1242604218,1649,1
1242604618,1652,1
1242605204,1663,1
1242605844,1665,1
1242607081,1667,1
1242607897,1668,1
1242607893,1732,0
1242608911,1678,1
1242610198,1679,1
1242610269,1163,0
1242611279,1691,1
1242612146,1695,1
1242612185,1166,0
1242613513,1709,1
1242614722,1711,1
1242615411,1714,1
1242616133,1720,1
1242616452,834,0
1242617521,1725,1
1242618144,1730,1
1242618746,1744,1
1242620021,1757,1
1242620556,1769,1
1242621369,1772,1
1242622904,1780,1
1242623398,1786,1
1242624126,1787,1
1242624543,1752,0
1242625021,1800,1
1242625829,1802,1
1242626076,62,0
1242626700,1803,1
1242627595,1804,1
1242628086,1814,1
1242629257,1821,1
1242629778,1822,1
1242630961,1832,1
1242631723,1837,1
1242632321,1840,1
1242633868,1856,1
1242633904,857,0
1242634899,858,0
1242635897,1905,1
1242636900,1909,1
1242637673,1911,1
1242637969,300,0
1242638776,1925,1
1242640212,1930,1
1242640960,1932,1
1242641824,1936,1
1242642945,1938,1
1242643962,1950,1
1242643980,307,0
1242644637,1951,1
1242645416,1954,1
1242645350,6515,0
1242645888,1957,1
1242646998,1958,1
1242648566,1965,1
1242648782,314,0
1242649386,1967,1
1242649846,1980,1
1242650883,1982,1
1242650879,19,0
1242651685,1985,1
1242652158,882,0
1242652621,1986,1
1242653676,1997,1
1242653709,885,0
1242654485,2001,1
1242655356,2005,1
1242656723,2008,1
1242657663,2012,1
1242658379,2015,1
1242659591,2024,1
1242660662,2025,1
1242661882,2039,1
1242662445,508,0
1242662792,2043,1
1242663371,2056,1
1242664018,2059,1
1242664081,855,0
1242664627,44,0
1242665415,2062,1
1242666434,901,0
1242666824,2063,1
1242667122,48,0
1242667971,904,0
1242668419,2089,1
1242668464,45,0
1242668779,52,0
1242669198,2093,1
1242669791,2096,1
1242671133,2097,1
1242671491,56,0
1242671943,2112,1
1242672609,2118,1
1242674275,2134,1
1242674755,2135,1
1242676114,2136,1
1242677310,2137,1
1242677878,2145,1
1242678275,64,0
1242678525,59,0
1242678991,2155,1
1242679468,2161,1
1242680209,2166,1
1242681204,2167,1
1242682079,2170,1
1242682598,2177,1
1242683593,2179,1
1242684057,2187,1
1242685320,2190,1
1242685664,2191,1
1242686357,2200,1
1242687438,2202,1
1242688619,2209,1
1242689595,2223,1
1242690464,2224,1
1242690966,2239,1
1242691812,2242,1
1242692861,2250,1
1242692970,17,0
1242693311,2256,1
1242693239,889,0
1242694214,2265,1
1242694858,2272,1
1242695503,22,0
1242695974,2276,1
1242696715,2279,1
1242698130,2292,1
1242698492,2297,1
1242699510,27,0
1242699923,2302,1
1242700955,2303,1
1242702387,2307,1
1242702779,2312,1
1242703042,1291,0
1242703613,2316,1
1242704719,2321,1
1242705536,6600,0
1242705941,2324,1
1242707085,2325,1
1242707624,2332,1
1242707466,106,0
1242708482,2336,1
1242709305,2338,1
1242709361,1301,0
1242709974,2340,1
1242710651,2343,1
1242711063,1836,0
1242711071,1837,0
1242712047,2354,1
1242712391,2356,1
1242713764,2357,1
1242714427,2358,1
1242715463,2361,1
1242715979,119,0
1242716690,2364,1
1242716567,590,0
1242717975,2368,1
1242718680,2372,1
1242720149,2375,1
1242721268,2377,1
1242721893,2379,1
1242722695,2381,1
1242723426,2382,1
1242724061,2386,1
1242724572,2387,1
1242724912,2389,1
1242726271,2392,1
1242726687,2399,1
1242727673,2400,1
1242728952,2408,1
1242729935,2415,1
1242730569,14,0
1242730794,2417,1
1242731188,2423,1
1242731286,140,0
1242732155,913,0
1242732388,2424,1
1242732841,2428,1
1242733879,21,0
1242734126,2434,1
1242734163,1001,0
1242735007,24,0
1242735272,2466,1
1242736614,2469,1
1242737249,2476,1
1242738280,2480,1
1242739416,2488,1
1242740884,2492,1
1242741300,2494,1
1242766676,2496,1
1242767985,2503,1
1242769422,2506,1
1242770427,2507,1
1242770843,2508,1
1242771894,2517,1
1242772869,2534,1
1242773764,156,0
1242774151,2549,1
1242775464,2552,1
1242776565,2555,1
1242777490,99,0
1242777517,12,0
1242778044,2557,1
1242779255,2560,1
1242780717,2562,1
1242781235,2564,1
1242781964,2569,1
1242783484,2574,1
1242784572,107,0
1242785105,2587,1
1242785579,2593,1
1242786378,2596,1
1242787483,24,0
1242789008,112,0
1242790486,1373,0
1242790821,2,1
1242791704,10,1
1242792555,12,1
1242793765,16,1
1242794834,29,1
1242795945,30,1
1242796228,1380,0
1242796919,33,1
1242796976,122,0
1242797428,35,1
1242797295,124,0
1242798112,36,1
1242797986,187,0
1242798636,42,1
1242798849,41,0
1242799320,56,1
1242800122,191,0
1242800366,64,1
1242800881,65,1
1242801878,75,1
1242802697,195,0
1242803154,104,1
1242803338,1058,0
1242804015,108,1
1242804351,50,0
1242804892,52,0
1242805276,109,1
1242806609,112,1
1242807325,115,1
1242807886,124,1
1242808896,134,1
1242809681,142,1
1242810835,152,1
1242811381,159,1
1242812299,163,1
1242813152,165,1
1242813285,1915,0
1242814001,167,1
1242814660,177,1
1242815644,178,1
1242816700,192,1
1242817784,198,1
1242818620,201,1
1242820001,202,1
1242820786,205,1
1242821531,1081,0
1242822199,209,1
1242822714,221,1
1242823276,224,1
1242824173,226,1
1242824941,237,1
1242825973,252,1
1242826442,253,1
1242827869,254,1
1242829367,256,1
1242830055,260,1
1242830679,263,1
1242830992,171,0
1242831940,265,1
1242832466,274,1
1242833188,1926,0
1242833548,278,1
1242834910,284,1
1242835584,294,1
1242835957,295,1
1242836601,1439,0
1242837044,299,1
1242838187,301,1
1242838586,302,1
1242839594,310,1
1242839606,1444,0
1242839790,185,0
1242840149,1108,0
1242840963,312,1
1242841591,101,0
1242841927,1111,0
1242842446,315,1
1242842289,191,0
1242843543,320,1
1242843961,324,1
1242844386,327,1
1242844890,195,0
1242845398,328,1
1242846404,330,1
1242846366,111,0
1242847194,334,1
1242847900,113,0
1242849359,350,1
1242850621,367,1
1242851486,378,1
1242852051,1941,0
1242852365,383,1
1242852513,10,0
1242852647,207,0
1242853005,390,1
1242853427,209,0
1242854490,391,1
1242855719,396,1
1242857116,398,1
1242857619,408,1
1242859185,414,1
1242860517,423,1
1242860431,1952,0
1242861612,428,1
1242862327,429,1
1242863065,432,1
1242863676,434,1
1242864696,437,1
1242864561,26,0
1242866123,461,1
1242866954,462,1
1242867133,1961,0
1242867420,1148,0
1242868089,227,0
1242868382,464,1
1242869604,466,1
1242870196,467,1
1242870528,1967,0
1242871028,469,1
1242871289,233,0
1242872174,472,1
1242872848,474,1
1242874095,477,1
1242875068,486,1
1242875815,487,1
1242875982,152,0
1242876404,488,1
1242877369,1163,0
1242877646,489,1
1242878892,497,1
1242879487,505,1
1242881071,517,1
1242881579,246,0
1242882131,518,1
1242882282,1170,0
1242883331,527,1
1242884154,529,1
1242884771,1986,0
1242885573,532,1
1242885671,1513,0
1242886512,539,1
1242887712,541,1
1242889088,557,1
1242889586,565,1
1242890950,573,1
1242892213,576,1
1242893171,577,1
1242893535,579,1
1242900841,583,1
1242901342,585,1
1242901573,21,0
1242902079,586,1
1242902645,587,1
1242903086,589,1
1242914254,591,1
1242916417,595,1
1242922479,597,1
1242923700,603,1
1242925006,605,1
1242925496,606,1
1242926001,620,1
1242926435,1192,0
1242927192,627,1
1242927670,634,1
1242928263,635,1
1242929071,640,1
1242929086,56,0
1242929953,280,0
1242930382,643,1
1242931683,649,1
1242932628,650,1
1242934760,666,1
1242936176,667,1
1242937551,670,1
1242937693,2013,0
1242938774,683,1
1242940030,684,1
1242940956,687,1
1242942200,688,1
1242942614,689,1
1242943633,690,1
1242944003,692,1
1242945148,694,1
1242945485,696,1
1242946817,698,1
1242947350,699,1
1242947963,706,1
1242948522,708,1
1242949173,709,1
1242950448,712,1
1242951938,717,1
1242952400,719,1
1242952784,720,1
1242953504,721,1
1242953448,307,0
1242953777,2033,0
1242954798,733,1
1242956042,748,1
1242956850,756,1
1242957459,761,1
1242958560,763,1
1242959436,2037,0
1242960113,769,1
1242960473,770,1
1242961394,772,1
1242962843,777,1
1242963724,797,1
1242964329,798,1
1242965406,803,1
1242966432,322,0
1242966900,804,1
1242967659,812,1
1242968479,818,1
1242968760,103,0
1242969862,821,1
1242971070,824,1
1242971882,842,1
1242973102,846,1
1242973990,849,1
1242975049,855,1
1242976191,856,1
1242976654,858,1
1242977503,859,1
1242978748,866,1
1242979706,874,1
1242981203,879,1
1242981712,1257,0
1242982182,882,1
1242983426,902,1
1242984813,905,1
1242985914,916,1
1242985871,1262,0
1242986565,920,1
1242986951,921,1
1242988302,925,1
1242988668,927,1
1242989376,928,1
1242990339,929,1
1242990567,83,0
1242991244,352,0
1242991577,931,1
1242992804,947,1
1242993229,951,1
1242993753,967,1
1242994512,971,1
1242995472,2069,0
1242996220,983,1
1242997674,984,1
1242998492,989,1
1242999306,992,1
1243089838,993,1
1243090288,995,1
1243090612,996,1
1243091347,1003,1
1243092629,1008,1
1243093437,1012,1
1243094566,1038,1
1243103343,1042,1
1243103990,1043,1
1243105277,1045,1
1243105697,1050,1
1243106587,1054,1
1243107943,1055,1
1243109171,1058,1
1243109834,1063,1
1243110684,1070,1
1243111799,1073,1
1243112400,1080,1
1243113715,1082,1
1243114121,1084,1
1243114669,1085,1
1243116099,1090,1
1243117514,1094,1
1243118603,1097,1
1243119150,386,0
1243119965,1104,1
1243120854,1107,1
1243121076,167,0
1243121963,1112,1
1243122509,1119,1
1243122525,23,0
1243122925,24,0
1243123619,1121,1
1243123480,26,0
1243124403,1125,1
1243124910,1126,1
1243125437,1127,1
1243126297,1134,1
1243127023,1139,1
1243127041,401,0
1243127935,1145,1
1243128883,1146,1
1243130628,1184,1
1243131799,1191,1
1243133052,1195,1
1243133056,42,0
1243133993,1197,1
1243134448,187,0
1243135552,1203,1
1243135595,411,0
1243135926,1209,1
1243137129,1212,1
1243137762,1217,1
1243138087,2111,0
1243138947,2112,0
1243139266,1220,1
1243140162,1227,1
1243139993,54,0
1243140552,1231,1
1243141433,1235,1
1243142682,1238,1
1243143375,1239,1
1243143756,1243,1
1243144817,1251,1
1243145996,1254,1
1243146345,1255,1
1243147305,1260,1
1243147857,1264,1
1243149171,1272,1
1243150143,1278,1
1243150880,1279,1
1243151662,1283,1
1243151489,69,0
1243152443,1287,1
1243152770,1288,1
1243152725,72,0
1243154236,1298,1
1243155057,1300,1
1243155069,75,0
1243155150,441,0
1243155675,1301,1
1243156193,1303,1
1243157253,1308,1
1243157963,2141,0
1243158454,1312,1
1243159916,1313,1
1243161139,1321,1
1243161954,1322,1
1243162456,1323,1
1243163137,229,0
1243163582,87,0
1243163897,1335,1
1243165107,1346,1
1243166287,1353,1
1243166674,1354,1
1243167105,92,0
1243168126,1360,1
1243168110,237,0
1243169624,1366,1
1243170157,1367,1
1243187265,2159,0
1243188174,2160,0
1243188512,464,0
1243189123,1377,1
1243189996,1378,1
1243190519,1380,1
1243190464,102,0
1243191507,1407,1
1243192446,1412,1
1243192649,470,0
1243193679,1415,1
1243194120,1420,1
1243194829,1436,1
1243196353,1454,1
1243197004,1470,1
1243197998,1484,1
1243198521,2173,0
1243198916,255,0
1243199140,1487,1
1243200166,1497,1
1243201390,1510,1
1243202329,1522,1
1243203872,1530,1
1243204693,1539,1
1243205400,1540,1
1243206325,1545,1
1243206247,26,0
1243206708,1548,1
1243207221,1564,1
1243208524,1565,1
1243209104,1573,1
1243209529,1581,1
1243210388,1587,1
1243211212,1598,1
1243212423,1604,1
1243213657,1607,1
1243214150,1608,1
1243215563,1609,1
1243216637,1611,1
1243216519,2194,0
1243217182,1612,1
1243218366,1616,1
1243219682,1625,1
1243220737,1632,1
1243222023,1641,1
1243223208,1646,1
1243223923,1657,1
1243224943,1661,1
1243226102,1670,1
1243227678,1678,1
1243228161,1690,1
1243229456,1695,1
1243230952,1696,1
1243232164,1700,1
1243232106,2206,0
1243232649,1701,1
1243233914,1704,1
1243234801,1709,1
1243235681,1712,1
1243236535,520,0
1243236809,1714,1
1243237413,1715,1
1243238199,1719,1
1243239535,1721,1
1243240283,1732,1
1243241751,1733,1
1243242351,1740,1
1243243612,1745,1
1243245037,1750,1
1243245393,1751,1
1243245815,1753,1
1243247290,1756,1
1243247881,1758,1
1243248412,1759,1
1243248664,74,0
1243249325,1766,1
1243249406,537,0
1243250751,1769,1
1243251708,1787,1
1243252830,1788,1
1243253498,1789,1
1243254192,1792,1
1243254601,1793,1
1243255621,1800,1
1243256220,1808,1
1243257235,1816,1
1243258483,182,0
1243258774,1820,1
1243258667,549,0
1243260280,1821,1
1243261012,1851,1
1243262186,1872,1
1243262630,1874,1
1243263017,1876,1
1243263586,1883,1
1243264515,1887,1
1243264904,1888,1
1243265505,1906,1
1243266764,1908,1
1243267373,1909,1
1243267999,1913,1
1243267867,562,0
1243269449,1925,1
1243269746,37,0
1243269989,104,0
1243270304,105,0
1243270950,1927,1
1243271896,1930,1
1243272881,1936,1
1243272880,205,0
1243273602,1950,1
1243273986,2243,0
1243274502,1958,1
1243274858,300,0
1243275265,1959,1
1243276224,1962,1
1243276185,116,0
1243277487,1963,1
1243278916,1967,1
1243280103,1969,1
1243280684,1975,1
1243281108,308,0
1243281616,1977,1
1243281980,1978,1
1243282499,1991,1
1243283036,1993,1
1243284388,1995,1
1243285118,1996,1
1243285514,128,0
1243285809,2017,1
1243287350,2021,1
1243288384,2023,1
1243289746,2029,1
1243290452,2038,1
1243291638,2055,1
1243292642,2057,1
1243293832,2063,1
1243294501,2070,1
1243294655,234,0
1243294903,2071,1
1243294922,236,0
1243296016,2074,1
1243296682,2076,1
1243296624,239,0
1243296897,2273,0
1243297669,606,0
1243297940,2077,1
1243297904,608,0
1243299292,2082,1
1243300060,2087,1
1243301227,2091,1
1243302106,2102,1
1243303095,2110,1
1243303029,331,0
1243304066,2117,1
1243304410,2118,1
1243305507,2132,1
1243306827,2140,1
1243307716,2152,1
1243308955,2158,1
1243310090,2178,1
1243310903,2185,1
1243312392,2186,1
1243312937,624,0
1243313733,2188,1
1243315235,2199,1
1243315573,2202,1
1243316020,263,0
1243316697,2203,1
1243318011,2221,1
1243319078,2225,1
1243319484,2232,1
1243320336,2234,1
1243321028,2302,0
1243321857,2242,1
1243323034,2243,1
1243324207,2248,1
1243325736,2267,1
1243326334,2275,1
1243327030,2280,1
1243327050,17,0
1243327719,2286,1
1243328077,2287,1
1243328686,2302,1
1243329359,2309,1
1243330835,2312,1
1243331564,2323,1
1243332410,2325,1
1243332937,2332,1
1243333924,2333,1
1243334749,2340,1
1243336444,2363,1
1243337440,192,0
1243337796,2365,1
1243338683,2371,1
1243339400,2376,1
1243340723,2377,1
1243341521,2381,1
1243342732,35,0
1243342980,2384,1
1243344058,2385,1
1243344909,2388,1
1243345244,39,0
1243345637,2395,1
1243346204,2396,1
1243346820,18,0
1243347617,2401,1
1243348172,2402,1
1243348185,669,0
1243348357,22,0
1243349414,2405,1
1243350414,2406,1
1243351392,2413,1
1243352053,2416,1
1243352428,392,0
1243353058,2422,1
1243353838,2424,1
1243355029,2435,1
1243356323,2436,1
1243356241,397,0
1243357595,2437,1
1243358109,221,0
1243358524,2443,1
1243359325,2469,1
1243359216,402,0
1243359478,403,0
1243359972,2478,1
1243361292,2479,1
1243361725,2484,1
1243362545,325,0
1243363150,2486,1
1243363459,231,0
1243363583,328,0
1243364600,2489,1
1243365366,2495,1
1243366143,2506,1
1243366840,2507,1
1243366919,74,0
1243367358,75,0
1243367843,417,0
1243367894,418,0
1243368200,78,0
1243369074,2510,1
1243370358,2512,1
1243370201,81,0
1243370669,6756,0
1243371026,2516,1
1243371470,343,0
1243371894,2532,1
1243372421,2534,1
1243373309,2540,1
1243374034,2542,1
1243375494,2544,1
1243375955,2546,1
1243376077,91,0
1243376208,92,0
1243376857,2554,1
1243377154,435,0
1243377663,436,0
1243378224,2568,1
1243378856,2574,1
1243378753,722,0
1243379909,2577,1
1243381125,2580,1
1243381656,101,0
1243382339,2583,1
1243382816,2595,1
1243383173,2388,0
1243384045,2603,1
1243384597,2610,1
1243384671,107,0
1243384698,2392,0
1243386305,109,0
1243387336,110,0
1243388719,111,0
1243389364,1,1
1243390382,2397,0
1243391579,373,0
1243391910,17,1
1243393216,18,1
1243393767,458,0
1243394391,30,1
1243395047,460,0
1243395533,31,1
1243395966,41,1
1243396425,44,1
1243397791,48,1
1243398646,50,1
1243398769,125,0
1243400064,53,1
1243400989,2411,0
1243401572,56,1
1243402393,66,1
1243403333,754,0
1243403712,68,1
1243403586,295,0
1243404250,73,1
1243404226,393,0
1243404859,476,0
1243405569,74,1
1243406055,77,1
1243407472,79,1
1243408309,99,1
1243408921,101,1
1243409381,112,1
1243410895,114,1
1243411543,121,1
1243412232,131,1
1243412493,486,0
1243412739,136,1
1243413698,137,1
1243415176,144,1
1243416114,312,0
1243416705,147,1
1243417828,151,1
1243417752,315,0
1243418938,153,1
1243420011,163,1
1243420450,168,1
1243421325,173,1
1243422226,174,1
1243423219,184,1
1243424002,1,0
1243424489,200,1
1243424893,206,1
1243425669,216,1
1243426827,247,1
1243427640,253,1
1243428058,260,1
1243429133,264,1
1243430014,266,1
1243431352,268,1
1243432629,269,1
1243433728,429,0
1243434249,280,1
1243434851,282,1
1243436022,286,1
1243437311,294,1
1243437453,434,0
1243438447,313,1
1243438752,801,0
1243439065,314,1
1243439751,317,1
1243440139,323,1
1243440570,4,0
1243441171,324,1
1243441077,4,0
1243441970,330,1
1243442766,333,1
1243444280,336,1
1243445720,337,1
1243446986,341,1
1243447485,813,0
1243448351,348,1
1243448424,14,0
1243449000,352,1
1243449659,357,1
1243449661,521,0
1243450340,366,1
1243450364,455,0
1243451827,368,1
1243451758,21,0
1243452852,369,1
1243453225,459,0
1243454385,373,1
1243455182,376,1
1243456042,366,0
1243456562,379,1
1243456914,380,1
1243457922,381,1
1243458244,466,0
1243458723,371,0
1243459232,386,1
1243460266,389,1
1243461451,392,1
1243461731,836,0
1243462121,400,1
1243463315,408,1
1243463934,410,1
1243463923,475,0
1243464204,380,0
1243464803,415,1
1243466324,417,1
1243466960,383,0
1243467600,419,1
1243468849,427,1
1243469333,386,0
1243470231,438,1
1243470366,388,0
1243471637,444,1
1243473123,454,1
1243473494,459,1
1243474971,462,1
1243475824,466,1
1243483789,474,1
1243484357,485,1
1243484962,487,1
1243485291,3,0
1243485368,562,0
1243486157,495,1
1243486820,516,1
1243487920,520,1
1243489015,528,1
1243489527,530,1
1243490247,531,1
1243490784,534,1
1243491749,538,1
1243492213,546,1
1243493183,547,1
1243493982,550,1
1243494594,560,1
1243495402,565,1
1243496216,567,1
1243497636,589,1
1243499147,592,1
1243499499,593,1
1243500000,595,1
1243501284,601,1
1243501677,604,1
1243502407,614,1
1243503765,619,1
1243504597,625,1
1243506048,630,1
1243507242,631,1
1243508628,634,1
1243509435,639,1
1243509310,63,0
1243509810,13,0
1243510898,648,1
1243512175,651,1
1243513635,652,1
1243514337,656,1
1243515464,663,1
1243516256,665,1
1243516325,40,0
1243517474,669,1
1243517479,72,0
1243517868,670,1
1243518906,673,1
1243518756,899,0
1243519414,677,1
1243520707,684,1
1243521421,687,1
1243522311,688,1
1243523790,690,1
1243525017,691,1
1243525822,698,1
1243526914,707,1
1243527923,716,1
1243529420,722,1
1243530435,725,1
1243530864,17,0
1243531403,727,1
1243532533,732,1
1243532952,734,1
1243534278,747,1
1243535340,757,1
1243536306,63,0
1243536866,761,1
1243538196,762,1
1243538850,767,1
1243539652,67,0
1243539787,68,0
1243540582,772,1
1243541369,775,1
1243542047,31,0
1243542571,778,1
1243543290,779,1
1243544153,792,1
1243544978,796,1
1243546404,797,1
1243547160,802,1
1243548587,819,1
1243549187,821,1
1243550679,822,1
1243551518,825,1
1243552793,827,1
1243553672,828,1
1243554427,842,1
1243554668,10,0
1243555833,843,1
1243556127,87,0
1243556848,849,1
1243557464,854,1
1243557875,862,1
1243559190,863,1
1243560457,866,1
1243561417,867,1
1243562610,873,1
1243563192,879,1
1243564570,881,1
1243565904,883,1
1243566411,887,1
1243567687,889,1
1243569121,900,1
1243569514,907,1
1243569922,909,1
1243569998,101,0
1243571250,924,1
1243571211,109,0
1243572387,925,1
1243573109,929,1
1243574521,932,1
1243574933,32,0
1243575714,935,1
1243576449,945,1
1243577712,947,1
1243579140,951,1
1243579659,960,1
1243580958,976,1
1243581773,977,1
1243582447,981,1
1243583888,986,1
1243585357,988,1
1243585881,997,1
1243587043,999,1
1243587392,1003,1
1243588838,1007,1
1243589308,1008,1
1243589636,594,0
1243590780,1009,1
1243591718,1016,1
1243591594,597,0
1243592412,127,0
1243593219,1021,1
1243593629,1023,1
1243594437,1032,1
1243595199,1042,1
1243596112,1047,1
1243597297,1050,1
1243597758,1052,1
1243598847,1061,1
1243600006,1063,1
1243601497,1073,1
1243602017,1075,1
1243601893,139,0
1243602677,1078,1
1243603800,1084,1
1243605374,1096,1
1243605268,68,0
1243606965,1105,1
1243607338,1106,1
1243607984,146,0
1243608514,1122,1
1243609567,1141,1
1243610636,1147,1
1243610484,622,0
1243610900,623,0
1243611502,1157,1
1243611770,131,0
1243612024,1158,1
1243612892,133,0
1243613270,1164,1
1243614208,1171,1
1243615436,1177,1
1243616190,85,0
1243616727,1183,1
1243617266,1185,1
1243618417,1187,1
1243618860,1191,1
1243619547,90,0
1243619964,1192,1
1243620772,1197,1
1243622146,1198,1
1243623275,36,0
1243624812,1210,1
1243625619,1211,1
1243626386,1213,1
1243626810,1218,1
1243627284,1229,1
1243627774,1239,1
1243629326,1245,1
1243629786,1259,1
1243630975,1274,1
1243631667,1295,1
1243632272,1296,1
1243632604,106,0
1243633323,653,0
1243633429,156,0
1243633754,1297,1
1243634663,1301,1
1243636101,1302,1
1243636631,1309,1
1243637673,1316,1
1243638978,1324,1
1243640041,1329,1
1243643272,662,0
1243643957,33,0
1243644592,1,1
1243645774,10,1
1243646692,13,1
1243648127,18,1
1243648777,19,1
1243649509,21,1
1243650289,24,1
1243651337,31,1
1243651970,32,1
1243652524,36,1
1243653863,42,1
1243655469,52,1
1243656548,54,1
1243657567,58,1
1243658540,59,1
1243658982,133,0
1243659887,60,1
1243661242,67,1
1243662062,70,1
1243662690,75,1
1243663599,81,1
1243665009,89,1
1243666118,91,1
1243667249,94,1
1243667648,100,1
1243668076,103,1
1243669119,104,1
1243669837,145,0
1243670473,112,1
1243671635,114,1
1243672227,122,1
1243672894,131,1
1243674047,156,1
1243674547,158,1
1243674674,227,0
1243675569,162,1
1243676325,163,1
1243677316,168,1
1243678468,169,1
1243679116,185,1
1243680703,196,1
1243681371,203,1
1243682241,208,1
1243682748,213,1
1243683696,215,1
1243683865,200,0
1243684190,216,1
1243685609,218,1
1243686235,227,1
1243686977,228,1
1243687196,168,0
1243687607,236,1
1243688338,248,1
1243689305,251,1
1243689850,172,0
1243690790,263,1
1243692178,267,1
1243693371,268,1
1243694207,269,1
1243694821,177,0
1243695334,273,1
1243695817,278,1
1243696697,682,0
1243697104,281,1
1243698190,294,1
1243698101,6880,0
1243698914,299,1
1243700155,185,0
1243700419,300,1
1243700917,302,1
1243702190,306,1
1243702048,189,0
1243703510,318,1
1243703870,191,0
1243704755,108,0
1243705581,331,1
1243706058,333,1
1243706813,270,0
1243707543,344,1
1243708812,347,1
1243709733,352,1
1243711030,359,1
1243711589,368,1
1243712419,370,1
1243713527,382,1
1243714099,390,1
1243715014,394,1
1243716083,399,1
1243716525,403,1
1243717403,407,1
1243717910,417,1
1243718468,419,1
1243719346,426,1
1243719753,430,1
1243720210,434,1
1243721409,446,1
1243722603,447,1
1243722798,6912,0
1243723497,453,1
1243723998,133,0
1243724738,454,1
1243725033,135,0
1243725549,455,1
1243726441,462,1
1243726547,138,0
1243726798,466,1
1243727508,473,1
1243728445,477,1
1243728663,226,0
1243729637,483,1
1243730265,228,0
1243730776,495,1
1243732222,502,1
1243733630,507,1
1243734408,510,1
1243735798,514,1
1243737085,517,1
1243738449,521,1
1243738765,152,0
1243739745,524,1
1243739557,238,0
1243741023,527,1
1243741631,537,1
1243741977,538,1
1243742985,540,1
1243743937,543,1
1243744785,546,1
1243745291,554,1
1243745422,246,0
1243745519,163,0
1243746554,560,1
1243747974,561,1
1243749064,564,1
1243750445,565,1
1243751072,576,1
1243752459,577,1
1243752632,170,0
1243753776,596,1
1243755210,599,1
1243755857,173,0
1243756330,603,1
1243757315,606,1
1243757853,620,1
1243758089,261,0
1243758727,624,1
1243759540,626,1
1243759527,339,0
1243759625,181,0
1243760119,629,1
1243760707,630,1
1243761202,631,1
1243761806,344,0
1243762481,632,1
1243763301,640,1
1243763710,642,1
1243764611,649,1
1243765690,658,1
1243766161,666,1
1243766542,668,1
1243767666,673,1
1243768722,675,1
1243769259,679,1
1243770444,280,0
1243770561,693,1
1243771352,198,0
1243771831,696,1
1243772068,200,0
1243772261,360,0
1243772330,698,1
1243773249,203,0
1243773562,701,1
1243773970,364,0
1243774684,704,1
1243775638,291,0
1243775731,717,1
1243776719,721,1
1243778027,722,1
1243778479,732,1
1243779710,296,0
1243779892,735,1
1243780987,741,1
1243781766,750,1
1243782440,751,1
1243783599,754,1
1243784425,755,1
1243785946,761,1
1243786561,769,1
1243787085,770,1
1243787978,774,1
1243789434,777,1
1243790190,781,1
1243790904,225,0
1243791186,226,0
1243791602,787,1
1243792646,792,1
1243793295,229,0
1243793844,799,1
1243794619,800,1
1243795120,802,1
1243795754,809,1
1243796767,318,0
1243796798,814,1
1243798067,817,1
